locus	sample	haplotype	array	copy_index	copy_count	id	source_path	source_sha256	source_header	source_identifier	catalog_to_local_offset	slice_start0	slice_end0	length	sequence_sha256	type
10p12.1	HG03816	pat	HG03816_pat_hprc_r2_v1.0.1_HML-2_10p12.1_MULTI	1	2	HG03816_pat_hprc_r2_v1.0.1_HML-2_10p12.1_MULTI_part1	historical_source/Documents/HML2_project_data/processed_loci/HML-2_10p12.1/HG03816_pat_hprc_r2_v1.0.1_HML-2_10p12.1.fa	3bd6260082a1a01a54936ac353d162f5ea49f53f6f6a4d14155dd018586dc985	>HG03816_pat_hprc_r2_v1.0.1_HML-2_10p12.1_MULTI assembly_coords:HG03816#1#CM100031.1:26897203-26914794 genomic_strand:+	HG03816#1#CM100031.1:26897310-26906476	0	107	9274	9167	75d750d17ce412971a92f44446bc08a0438b0f7d9e80e4d5ff8b8e0d34625fca	type1
10p12.1	HG03816	pat	HG03816_pat_hprc_r2_v1.0.1_HML-2_10p12.1_MULTI	2	2	HG03816_pat_hprc_r2_v1.0.1_HML-2_10p12.1_MULTI_part2	historical_source/Documents/HML2_project_data/processed_loci/HML-2_10p12.1/HG03816_pat_hprc_r2_v1.0.1_HML-2_10p12.1.fa	3bd6260082a1a01a54936ac353d162f5ea49f53f6f6a4d14155dd018586dc985	>HG03816_pat_hprc_r2_v1.0.1_HML-2_10p12.1_MULTI assembly_coords:HG03816#1#CM100031.1:26897203-26914794 genomic_strand:+	HG03816#1#CM100031.1:26905522-26914688	0	8319	17486	9167	eb2426f73fd5705e01a14fcce5cd93c577107d16a148605a3cfbcba3f3844c13	type1
11q22.1	HG02647	mat	HG02647_mat_hprc_r2_v1.0.1_HML-2_11q22.1_MULTI	1	2	HG02647_mat_hprc_r2_v1.0.1_HML-2_11q22.1_MULTI_part1	historical_source/Documents/HML2_project_data/processed_loci/HML-2_11q22.1/HG02647_mat_hprc_r2_v1.0.1_HML-2_11q22.1.fa	b90fb18c8b98626f969dc6dca014728dc173353a9aa61b10a64655ef69fb6ad4	>HG02647_mat_hprc_r2_v1.0.1_HML-2_11q22.1_MULTI assembly_coords:HG02647#2#CM086577.1:101734472-101752647 genomic_strand:+	HG02647#2#CM086577.1:101734579-101744037	0	107	9566	9459	a38073d17a0ef93f1e7a2eb9f260c0862ba7facb7af3a3d8bdde8e5cb668553b	type2
11q22.1	HG02647	mat	HG02647_mat_hprc_r2_v1.0.1_HML-2_11q22.1_MULTI	2	2	HG02647_mat_hprc_r2_v1.0.1_HML-2_11q22.1_MULTI_part2	historical_source/Documents/HML2_project_data/processed_loci/HML-2_11q22.1/HG02647_mat_hprc_r2_v1.0.1_HML-2_11q22.1.fa	b90fb18c8b98626f969dc6dca014728dc173353a9aa61b10a64655ef69fb6ad4	>HG02647_mat_hprc_r2_v1.0.1_HML-2_11q22.1_MULTI assembly_coords:HG02647#2#CM086577.1:101734472-101752647 genomic_strand:+	HG02647#2#CM086577.1:101743083-101752541	0	8611	18070	9459	9bdd567e87ab355c08ac4180fc2d9baaf22aa5aee552840bd277f098fe02e975	type2
11q22.1	NA19331	h1	NA19331_h1_HML-2_11q22.1_graph_hgsvc3-2024-02-23-mc-chm13_MULTI	1	2	NA19331_h1_HML-2_11q22.1_graph_hgsvc3-2024-02-23-mc-chm13_MULTI_part1	historical_source/Documents/HML2_project_data/hgsvc3-2024-02-23-mc-chm13/HML-2_11q22.1/NA19331_h1_HML-2_11q22.1_graph_hgsvc3-2024-02-23-mc-chm13.fa	4072d1d69b02358d36916ee0da875d741467fda2d74fae33bb60eb16446a2467	>NA19331_h1_HML-2_11q22.1_graph_hgsvc3-2024-02-23-mc-chm13_MULTI|NA19331#1#haplotype1-0000030#0:36054123-36102205 genomic_strand:+	NA19331#1#haplotype1-0000030#0:36054730-36064188	500	107	9566	9459	fe4e9eb25cbd3c4d99a041f77156759218c60e397c59b614bb883ce43fac5192	type2
11q22.1	NA19331	h1	NA19331_h1_HML-2_11q22.1_graph_hgsvc3-2024-02-23-mc-chm13_MULTI	2	2	NA19331_h1_HML-2_11q22.1_graph_hgsvc3-2024-02-23-mc-chm13_MULTI_part2	historical_source/Documents/HML2_project_data/hgsvc3-2024-02-23-mc-chm13/HML-2_11q22.1/NA19331_h1_HML-2_11q22.1_graph_hgsvc3-2024-02-23-mc-chm13.fa	4072d1d69b02358d36916ee0da875d741467fda2d74fae33bb60eb16446a2467	>NA19331_h1_HML-2_11q22.1_graph_hgsvc3-2024-02-23-mc-chm13_MULTI|NA19331#1#haplotype1-0000030#0:36054123-36102205 genomic_strand:+	NA19331#1#haplotype1-0000030#0:36063234-36072692	500	8611	18070	9459	9bdd567e87ab355c08ac4180fc2d9baaf22aa5aee552840bd277f098fe02e975	type2
11q22.1	NA19338	h2	NA19338_hap2_hprc_r2_v1.0.1_HML-2_11q22.1_MULTI	1	2	NA19338_hap2_hprc_r2_v1.0.1_HML-2_11q22.1_MULTI_part1	historical_source/Documents/HML2_project_data/processed_loci/HML-2_11q22.1/NA19338_hap2_hprc_r2_v1.0.1_HML-2_11q22.1.fa	df81cfa860fec7d93ce56829aa1f6f21cb21cc1ab0e3e4557c286834024f25d9	>NA19338_hap2_hprc_r2_v1.0.1_HML-2_11q22.1_MULTI assembly_coords:NA19338#2#CM087780.1:101042821-101060996 genomic_strand:+	NA19338#2#CM087780.1:101042928-101052386	0	107	9566	9459	fe4e9eb25cbd3c4d99a041f77156759218c60e397c59b614bb883ce43fac5192	type2
11q22.1	NA19338	h2	NA19338_hap2_hprc_r2_v1.0.1_HML-2_11q22.1_MULTI	2	2	NA19338_hap2_hprc_r2_v1.0.1_HML-2_11q22.1_MULTI_part2	historical_source/Documents/HML2_project_data/processed_loci/HML-2_11q22.1/NA19338_hap2_hprc_r2_v1.0.1_HML-2_11q22.1.fa	df81cfa860fec7d93ce56829aa1f6f21cb21cc1ab0e3e4557c286834024f25d9	>NA19338_hap2_hprc_r2_v1.0.1_HML-2_11q22.1_MULTI assembly_coords:NA19338#2#CM087780.1:101042821-101060996 genomic_strand:+	NA19338#2#CM087780.1:101051432-101060890	0	8611	18070	9459	9bdd567e87ab355c08ac4180fc2d9baaf22aa5aee552840bd277f098fe02e975	type2
11q23.3	HG03704	mat	HG03704_mat_hprc_r2_v1.0.1_HML-2_11q23.3_MULTI	1	2	HG03704_mat_hprc_r2_v1.0.1_HML-2_11q23.3_MULTI_part1	historical_source/Documents/HML2_project_data/processed_loci/HML-2_11q23.3/HG03704_mat_hprc_r2_v1.0.1_HML-2_11q23.3.fa	ded6b4eeaf30a5b9266e7e63cb9e9ced3e9e3021b07d8b478fec8d7a8b4cdf16	>HG03704_mat_hprc_r2_v1.0.1_HML-2_11q23.3_MULTI assembly_coords:HG03704#2#CM086194.1:121055841-121073392 genomic_strand:-	HG03704#2#CM086194.1:121064154-121073285	0	107	9239	9132	8482971fd57aa0d0c937950ca1abd53fb78518d0d47a27bee2d901928b29dea7	type1
11q23.3	HG03704	mat	HG03704_mat_hprc_r2_v1.0.1_HML-2_11q23.3_MULTI	2	2	HG03704_mat_hprc_r2_v1.0.1_HML-2_11q23.3_MULTI_part2	historical_source/Documents/HML2_project_data/processed_loci/HML-2_11q23.3/HG03704_mat_hprc_r2_v1.0.1_HML-2_11q23.3.fa	ded6b4eeaf30a5b9266e7e63cb9e9ced3e9e3021b07d8b478fec8d7a8b4cdf16	>HG03704_mat_hprc_r2_v1.0.1_HML-2_11q23.3_MULTI assembly_coords:HG03704#2#CM086194.1:121055841-121073392 genomic_strand:-	HG03704#2#CM086194.1:121055962-121065093	0	8299	17431	9132	1e3bc2f23175b9f7af7aaf675ccc9ea914aebd827cf875191dd8ae90cb5d79b3	type1
12q13.2	HG00513	h2	HG00513_h2_HML-2_12q13.2_graph_hgsvc3-2024-02-23-mc-chm13_MULTI	1	2	HG00513_h2_HML-2_12q13.2_graph_hgsvc3-2024-02-23-mc-chm13_MULTI_part1	historical_source/Documents/HML2_project_data/hgsvc3-2024-02-23-mc-chm13/HML-2_12q13.2/HG00513_h2_HML-2_12q13.2_graph_hgsvc3-2024-02-23-mc-chm13.fa	8bda6af9e8e866fa31df5df6a97f94cdd29ca7f268f78f5141710f625be77248	>HG00513_h2_HML-2_12q13.2_graph_hgsvc3-2024-02-23-mc-chm13_MULTI|HG00513#2#haplotype2-0000098#0:78052879-78110427 genomic_strand:+	HG00513#2#haplotype2-0000098#0:78053486-78062653	500	107	9275	9168	67ac96bba86dd11b39b313f3993215b1a6af3a01605c205ff3ab67ee030d2d72	type1
12q13.2	HG00513	h2	HG00513_h2_HML-2_12q13.2_graph_hgsvc3-2024-02-23-mc-chm13_MULTI	2	2	HG00513_h2_HML-2_12q13.2_graph_hgsvc3-2024-02-23-mc-chm13_MULTI_part2	historical_source/Documents/HML2_project_data/hgsvc3-2024-02-23-mc-chm13/HML-2_12q13.2/HG00513_h2_HML-2_12q13.2_graph_hgsvc3-2024-02-23-mc-chm13.fa	8bda6af9e8e866fa31df5df6a97f94cdd29ca7f268f78f5141710f625be77248	>HG00513_h2_HML-2_12q13.2_graph_hgsvc3-2024-02-23-mc-chm13_MULTI|HG00513#2#haplotype2-0000098#0:78052879-78110427 genomic_strand:+	HG00513#2#haplotype2-0000098#0:78061698-78070854	500	8319	17476	9157	4876a85b6dc4c6706512ddaac7e85fecf6e82f34f594a3330725bccecbb4b1e2	type1
12q14.1	HG04157	pat	HG04157_pat_hprc_r2_v1.0.1_HML-2_12q14.1_MULTI	1	2	HG04157_pat_hprc_r2_v1.0.1_HML-2_12q14.1_MULTI_part1	historical_source/Documents/HML2_project_data/processed_loci/HML-2_12q14.1/HG04157_pat_hprc_r2_v1.0.1_HML-2_12q14.1.fa	3b2c319f7d91a409fd32305747d048f75ecc75092214ec246681a36783d3283d	>HG04157_pat_hprc_r2_v1.0.1_HML-2_12q14.1_MULTI assembly_coords:HG04157#1#CM088419.1:58120887-58139022 genomic_strand:-	HG04157#1#CM088419.1:58129477-58138915	0	107	9546	9439	6e2b6a2f6ed326b4fb35e59addf778fa432b8497e21b7b38a60167fd8c0326fb	type2
12q14.1	HG04157	pat	HG04157_pat_hprc_r2_v1.0.1_HML-2_12q14.1_MULTI	2	2	HG04157_pat_hprc_r2_v1.0.1_HML-2_12q14.1_MULTI_part2	historical_source/Documents/HML2_project_data/processed_loci/HML-2_12q14.1/HG04157_pat_hprc_r2_v1.0.1_HML-2_12q14.1.fa	3b2c319f7d91a409fd32305747d048f75ecc75092214ec246681a36783d3283d	>HG04157_pat_hprc_r2_v1.0.1_HML-2_12q14.1_MULTI assembly_coords:HG04157#1#CM088419.1:58120887-58139022 genomic_strand:-	HG04157#1#CM088419.1:58120993-58130431	0	8591	18030	9439	e2afb9c726c1cc56f578f8a4229eead29a959e79db11751c4d0a1baf948131e1	type2
12q24.33	HG00513	h1	HG00513_h1_HML-2_12q24.33_graph_hgsvc3-2024-02-23-mc-chm13_MULTI	1	2	HG00513_h1_HML-2_12q24.33_graph_hgsvc3-2024-02-23-mc-chm13_MULTI_part1	historical_source/Documents/HML2_project_data/hgsvc3-2024-02-23-mc-chm13/HML-2_12q24.33/HG00513_h1_HML-2_12q24.33_graph_hgsvc3-2024-02-23-mc-chm13.fa	3ce8615331521638f6da983a09094c36f7479efb21ff5b902678745faf9b5f92	>HG00513_h1_HML-2_12q24.33_graph_hgsvc3-2024-02-23-mc-chm13_MULTI|HG00513#1#haplotype1-0000012#0:172325-213398 genomic_strand:-	HG00513#1#haplotype1-0000012#0:206946-212467	500	431	5953	5522	ad36dea13b484d9622cc9a5dbf55ccc11068ea80058ce9cb805756b1921b4733	type2
12q24.33	HG00513	h1	HG00513_h1_HML-2_12q24.33_graph_hgsvc3-2024-02-23-mc-chm13_MULTI	2	2	HG00513_h1_HML-2_12q24.33_graph_hgsvc3-2024-02-23-mc-chm13_MULTI_part2	historical_source/Documents/HML2_project_data/hgsvc3-2024-02-23-mc-chm13/HML-2_12q24.33/HG00513_h1_HML-2_12q24.33_graph_hgsvc3-2024-02-23-mc-chm13.fa	3ce8615331521638f6da983a09094c36f7479efb21ff5b902678745faf9b5f92	>HG00513_h1_HML-2_12q24.33_graph_hgsvc3-2024-02-23-mc-chm13_MULTI|HG00513#1#haplotype1-0000012#0:172325-213398 genomic_strand:-	HG00513#1#haplotype1-0000012#0:202011-207532	500	5366	10888	5522	1bb06137196de4aa0d996686ddb31a8f5fe5f3c82b7a27d0b5e826a3598518f1	type2
12q24.33	HG00731	h1	HG00731_h1_HML-2_12q24.33_graph_hgsvc3-2024-02-23-mc-chm13_MULTI	1	2	HG00731_h1_HML-2_12q24.33_graph_hgsvc3-2024-02-23-mc-chm13_MULTI_part1	historical_source/Documents/HML2_project_data/hgsvc3-2024-02-23-mc-chm13/HML-2_12q24.33/HG00731_h1_HML-2_12q24.33_graph_hgsvc3-2024-02-23-mc-chm13.fa	af2975f3b024b3e5803aec1d50a3293c54e670d229b30853bfdbd4ef5bf2f0f8	>HG00731_h1_HML-2_12q24.33_graph_hgsvc3-2024-02-23-mc-chm13_MULTI|HG00731#1#haplotype1-0000022#0:133061860-133102937 genomic_strand:-	HG00731#1#haplotype1-0000022#0:133096486-133102006	500	431	5952	5521	c1678de0e271211830eff9144ff7dd5e3e3a2193833f6483ea76ed21a8e51d62	type2
12q24.33	HG00731	h1	HG00731_h1_HML-2_12q24.33_graph_hgsvc3-2024-02-23-mc-chm13_MULTI	2	2	HG00731_h1_HML-2_12q24.33_graph_hgsvc3-2024-02-23-mc-chm13_MULTI_part2	historical_source/Documents/HML2_project_data/hgsvc3-2024-02-23-mc-chm13/HML-2_12q24.33/HG00731_h1_HML-2_12q24.33_graph_hgsvc3-2024-02-23-mc-chm13.fa	af2975f3b024b3e5803aec1d50a3293c54e670d229b30853bfdbd4ef5bf2f0f8	>HG00731_h1_HML-2_12q24.33_graph_hgsvc3-2024-02-23-mc-chm13_MULTI|HG00731#1#haplotype1-0000022#0:133061860-133102937 genomic_strand:-	HG00731#1#haplotype1-0000022#0:133091552-133097073	500	5364	10886	5522	678f89c04e8db400b798eef6f266b25951341156e69ece2a9d645b4b61ad28bd	type2
12q24.33	HG01081	mat	HG01081_mat_hprc_r2_v1.0.1_HML-2_12q24.33_MULTI	1	2	HG01081_mat_hprc_r2_v1.0.1_HML-2_12q24.33_MULTI_part1	historical_source/Documents/HML2_project_data/processed_loci/HML-2_12q24.33/HG01081_mat_hprc_r2_v1.0.1_HML-2_12q24.33.fa	cc55f323334584ac38842ca7de253a043c0f8fdb9a74a64ef7a9d75ec1ff14d9	>HG01081_mat_hprc_r2_v1.0.1_HML-2_12q24.33_MULTI assembly_coords:HG01081#2#CM088589.1:133225380-133236440 genomic_strand:-	HG01081#2#CM088589.1:133230489-133236009	0	431	5952	5521	c1678de0e271211830eff9144ff7dd5e3e3a2193833f6483ea76ed21a8e51d62	type2
12q24.33	HG01081	mat	HG01081_mat_hprc_r2_v1.0.1_HML-2_12q24.33_MULTI	2	2	HG01081_mat_hprc_r2_v1.0.1_HML-2_12q24.33_MULTI_part2	historical_source/Documents/HML2_project_data/processed_loci/HML-2_12q24.33/HG01081_mat_hprc_r2_v1.0.1_HML-2_12q24.33.fa	cc55f323334584ac38842ca7de253a043c0f8fdb9a74a64ef7a9d75ec1ff14d9	>HG01081_mat_hprc_r2_v1.0.1_HML-2_12q24.33_MULTI assembly_coords:HG01081#2#CM088589.1:133225380-133236440 genomic_strand:-	HG01081#2#CM088589.1:133225555-133231076	0	5364	10886	5522	678f89c04e8db400b798eef6f266b25951341156e69ece2a9d645b4b61ad28bd	type2
12q24.33	HG01175	pat	HG01175_pat_hprc_r2_v1.0.1_HML-2_12q24.33_MULTI	1	2	HG01175_pat_hprc_r2_v1.0.1_HML-2_12q24.33_MULTI_part1	historical_source/Documents/HML2_project_data/processed_loci/HML-2_12q24.33/HG01175_pat_hprc_r2_v1.0.1_HML-2_12q24.33.fa	07947c841495f37d839f5ebc12199f983bef422f4fbc6e40cbfb25142bf68182	>HG01175_pat_hprc_r2_v1.0.1_HML-2_12q24.33_MULTI assembly_coords:HG01175#1#CM087931.1:133291483-133302542 genomic_strand:-	HG01175#1#CM087931.1:133296592-133302111	0	431	5951	5520	35260f41e615ad93b7b0b4a3f1319fc43737d76a63ddd7c3342d5f19ec24cfd1	type2
12q24.33	HG01175	pat	HG01175_pat_hprc_r2_v1.0.1_HML-2_12q24.33_MULTI	2	2	HG01175_pat_hprc_r2_v1.0.1_HML-2_12q24.33_MULTI_part2	historical_source/Documents/HML2_project_data/processed_loci/HML-2_12q24.33/HG01175_pat_hprc_r2_v1.0.1_HML-2_12q24.33.fa	07947c841495f37d839f5ebc12199f983bef422f4fbc6e40cbfb25142bf68182	>HG01175_pat_hprc_r2_v1.0.1_HML-2_12q24.33_MULTI assembly_coords:HG01175#1#CM087931.1:133291483-133302542 genomic_strand:-	HG01175#1#CM087931.1:133291658-133297178	0	5364	10885	5521	b9251c2d7a13d824a690d0db76467ef06f049febf4a4db29d9ff072c5a9e4566	type2
12q24.33	HG01255	mat	HG01255_mat_hprc_r2_v1.0.1_HML-2_12q24.33_MULTI	1	2	HG01255_mat_hprc_r2_v1.0.1_HML-2_12q24.33_MULTI_part1	historical_source/Documents/HML2_project_data/processed_loci/HML-2_12q24.33/HG01255_mat_hprc_r2_v1.0.1_HML-2_12q24.33.fa	376e8d13e8d124b2464e5463c384ca9b4d1be2b6f2af657fa6fd8077a937f5a1	>HG01255_mat_hprc_r2_v1.0.1_HML-2_12q24.33_MULTI assembly_coords:HG01255#2#CM086726.1:133312411-133323470 genomic_strand:-	HG01255#2#CM086726.1:133317520-133323039	0	431	5951	5520	79a3ea94d710f1cd3cb9342d6b8e9f8096348224757584c8624b5d0dac02da44	type2
12q24.33	HG01255	mat	HG01255_mat_hprc_r2_v1.0.1_HML-2_12q24.33_MULTI	2	2	HG01255_mat_hprc_r2_v1.0.1_HML-2_12q24.33_MULTI_part2	historical_source/Documents/HML2_project_data/processed_loci/HML-2_12q24.33/HG01255_mat_hprc_r2_v1.0.1_HML-2_12q24.33.fa	376e8d13e8d124b2464e5463c384ca9b4d1be2b6f2af657fa6fd8077a937f5a1	>HG01255_mat_hprc_r2_v1.0.1_HML-2_12q24.33_MULTI assembly_coords:HG01255#2#CM086726.1:133312411-133323470 genomic_strand:-	HG01255#2#CM086726.1:133312586-133318106	0	5364	10885	5521	a6e80c0b13de325668283f80f70b257ed195ede83da9c78bb01f70c785642da1	type2
12q24.33	HG02155	h2	HG02155_hap2_hprc_r2_v1.0.1_HML-2_12q24.33_MULTI	1	2	HG02155_hap2_hprc_r2_v1.0.1_HML-2_12q24.33_MULTI_part1	historical_source/Documents/HML2_project_data/processed_loci/HML-2_12q24.33/HG02155_hap2_hprc_r2_v1.0.1_HML-2_12q24.33.fa	9fa736d8dbcbbd66264d2c4a95b3c9194fff72b8dd99facd3e10392d5ebccd54	>HG02155_hap2_hprc_r2_v1.0.1_HML-2_12q24.33_MULTI assembly_coords:HG02155#2#JBIECC010000015.1:10446154-10457216 genomic_strand:-	HG02155#2#JBIECC010000015.1:10451264-10456785	0	431	5953	5522	c5a5b62f8b400122adb7a52723a84f7449d883cd630d1781265f91a58e36ce0f	type2
12q24.33	HG02155	h2	HG02155_hap2_hprc_r2_v1.0.1_HML-2_12q24.33_MULTI	2	2	HG02155_hap2_hprc_r2_v1.0.1_HML-2_12q24.33_MULTI_part2	historical_source/Documents/HML2_project_data/processed_loci/HML-2_12q24.33/HG02155_hap2_hprc_r2_v1.0.1_HML-2_12q24.33.fa	9fa736d8dbcbbd66264d2c4a95b3c9194fff72b8dd99facd3e10392d5ebccd54	>HG02155_hap2_hprc_r2_v1.0.1_HML-2_12q24.33_MULTI assembly_coords:HG02155#2#JBIECC010000015.1:10446154-10457216 genomic_strand:-	HG02155#2#JBIECC010000015.1:10446329-10451850	0	5366	10888	5522	fc5bbacebf65780b5d0fa26cab232c04eb14d044e14a36c35a694ae021ab99f7	type2
12q24.33	HG02818	pat	HG02818_pat_hprc_r2_v1.0.1_HML-2_12q24.33_MULTI	1	2	HG02818_pat_hprc_r2_v1.0.1_HML-2_12q24.33_MULTI_part1	historical_source/Documents/HML2_project_data/processed_loci/HML-2_12q24.33/HG02818_pat_hprc_r2_v1.0.1_HML-2_12q24.33.fa	94bcc22747b43b63e69d7d6eb230fcedf0ec36a7f67d9457660e2f0f2425f849	>HG02818_pat_hprc_r2_v1.0.1_HML-2_12q24.33_MULTI assembly_coords:HG02818#1#CM092003.1:133517136-133528198 genomic_strand:-	HG02818#1#CM092003.1:133522246-133527767	0	431	5953	5522	a01d5a180d71b32a7fba56de0fa26fc07ef4a1b63cc8aee138620ee7ae9e50fd	type2
12q24.33	HG02818	pat	HG02818_pat_hprc_r2_v1.0.1_HML-2_12q24.33_MULTI	2	2	HG02818_pat_hprc_r2_v1.0.1_HML-2_12q24.33_MULTI_part2	historical_source/Documents/HML2_project_data/processed_loci/HML-2_12q24.33/HG02818_pat_hprc_r2_v1.0.1_HML-2_12q24.33.fa	94bcc22747b43b63e69d7d6eb230fcedf0ec36a7f67d9457660e2f0f2425f849	>HG02818_pat_hprc_r2_v1.0.1_HML-2_12q24.33_MULTI assembly_coords:HG02818#1#CM092003.1:133517136-133528198 genomic_strand:-	HG02818#1#CM092003.1:133517311-133522832	0	5366	10888	5522	1a8390ac2a101cc4d70bc27196a15b548321ceb22bbf463b141ab53bf6e81579	type2
12q24.33	HG03248	h1	HG03248_h1_HML-2_12q24.33_graph_hgsvc3-2024-02-23-mc-chm13_MULTI	1	2	HG03248_h1_HML-2_12q24.33_graph_hgsvc3-2024-02-23-mc-chm13_MULTI_part1	historical_source/Documents/HML2_project_data/hgsvc3-2024-02-23-mc-chm13/HML-2_12q24.33/HG03248_h1_HML-2_12q24.33_graph_hgsvc3-2024-02-23-mc-chm13.fa	c9b9e9911868ebefa7b837c7f61bb7ef845ee817ccbecc324fc96f849ff27173	>HG03248_h1_HML-2_12q24.33_graph_hgsvc3-2024-02-23-mc-chm13_MULTI|HG03248#1#haplotype1-0000045#0:162717-203801 genomic_strand:-	HG03248#1#haplotype1-0000045#0:197349-202870	500	431	5953	5522	caf4d9fcdcf5b83e4e8f42d74b484b32e3de6b6dcc84e4b0483899144a65c9bd	type2
12q24.33	HG03248	h1	HG03248_h1_HML-2_12q24.33_graph_hgsvc3-2024-02-23-mc-chm13_MULTI	2	2	HG03248_h1_HML-2_12q24.33_graph_hgsvc3-2024-02-23-mc-chm13_MULTI_part2	historical_source/Documents/HML2_project_data/hgsvc3-2024-02-23-mc-chm13/HML-2_12q24.33/HG03248_h1_HML-2_12q24.33_graph_hgsvc3-2024-02-23-mc-chm13.fa	c9b9e9911868ebefa7b837c7f61bb7ef845ee817ccbecc324fc96f849ff27173	>HG03248_h1_HML-2_12q24.33_graph_hgsvc3-2024-02-23-mc-chm13_MULTI|HG03248#1#haplotype1-0000045#0:162717-203801 genomic_strand:-	HG03248#1#haplotype1-0000045#0:192414-197935	500	5366	10888	5522	ba139c5d24a1e850388c1f7cefe98bbd44ae8021ce770fa9d89c4886dc970fa7	type2
12q24.33	HG03470	h1	HG03470_hap1_hprc_r2_v1.0.1_HML-2_12q24.33_MULTI	1	4	HG03470_hap1_hprc_r2_v1.0.1_HML-2_12q24.33_MULTI_part1	historical_source/Documents/HML2_project_data/processed_loci/HML-2_12q24.33/HG03470_hap1_hprc_r2_v1.0.1_HML-2_12q24.33.fa	6881e376aba7ab90dd75c6f9f18241a25081d631908d21969e1943ae43ca10e3	>HG03470_hap1_hprc_r2_v1.0.1_HML-2_12q24.33_MULTI assembly_coords:HG03470#1#CM091828.1:133650225-133671157 genomic_strand:-	HG03470#1#CM091828.1:133665205-133670726	0	431	5953	5522	a8cdc34eeb281b1b7b415efd38b2aefa4f5e18914aa66000de7f3539deb37fbc	type2
12q24.33	HG03470	h1	HG03470_hap1_hprc_r2_v1.0.1_HML-2_12q24.33_MULTI	2	4	HG03470_hap1_hprc_r2_v1.0.1_HML-2_12q24.33_MULTI_part2	historical_source/Documents/HML2_project_data/processed_loci/HML-2_12q24.33/HG03470_hap1_hprc_r2_v1.0.1_HML-2_12q24.33.fa	6881e376aba7ab90dd75c6f9f18241a25081d631908d21969e1943ae43ca10e3	>HG03470_hap1_hprc_r2_v1.0.1_HML-2_12q24.33_MULTI assembly_coords:HG03470#1#CM091828.1:133650225-133671157 genomic_strand:-	HG03470#1#CM091828.1:133660270-133665791	0	5366	10888	5522	3f954d37d9e2ddb7bce31f900e8294db420a2f666c6961e2b7417545af4526b2	type2
12q24.33	HG03470	h1	HG03470_hap1_hprc_r2_v1.0.1_HML-2_12q24.33_MULTI	3	4	HG03470_hap1_hprc_r2_v1.0.1_HML-2_12q24.33_MULTI_part3	historical_source/Documents/HML2_project_data/processed_loci/HML-2_12q24.33/HG03470_hap1_hprc_r2_v1.0.1_HML-2_12q24.33.fa	6881e376aba7ab90dd75c6f9f18241a25081d631908d21969e1943ae43ca10e3	>HG03470_hap1_hprc_r2_v1.0.1_HML-2_12q24.33_MULTI assembly_coords:HG03470#1#CM091828.1:133650225-133671157 genomic_strand:-	HG03470#1#CM091828.1:133655335-133660856	0	10301	15823	5522	abb737bad4d184b7d510787be31223a538ea4dae3388a63937dbaf8106792346	type2
12q24.33	HG03470	h1	HG03470_hap1_hprc_r2_v1.0.1_HML-2_12q24.33_MULTI	4	4	HG03470_hap1_hprc_r2_v1.0.1_HML-2_12q24.33_MULTI_part4	historical_source/Documents/HML2_project_data/processed_loci/HML-2_12q24.33/HG03470_hap1_hprc_r2_v1.0.1_HML-2_12q24.33.fa	6881e376aba7ab90dd75c6f9f18241a25081d631908d21969e1943ae43ca10e3	>HG03470_hap1_hprc_r2_v1.0.1_HML-2_12q24.33_MULTI assembly_coords:HG03470#1#CM091828.1:133650225-133671157 genomic_strand:-	HG03470#1#CM091828.1:133650400-133655921	0	15236	20758	5522	2bc18fc5a96b52a33d5364d6dcbc45cd145d70b9c4f2ffb3f450db03cbde1a57	type2
12q24.33	NA19317	h1	NA19317_h1_HML-2_12q24.33_graph_hgsvc3-2024-02-23-mc-chm13_MULTI	1	2	NA19317_h1_HML-2_12q24.33_graph_hgsvc3-2024-02-23-mc-chm13_MULTI_part1	historical_source/Documents/HML2_project_data/hgsvc3-2024-02-23-mc-chm13/HML-2_12q24.33/NA19317_h1_HML-2_12q24.33_graph_hgsvc3-2024-02-23-mc-chm13.fa	4dac8994f681978408e280cac7244cc6aafe7d4bf82aed032133440cc591b520	>NA19317_h1_HML-2_12q24.33_graph_hgsvc3-2024-02-23-mc-chm13_MULTI|NA19317#1#haplotype1-0000015#0:133485428-133526503 genomic_strand:-	NA19317#1#haplotype1-0000015#0:133520051-133525572	500	431	5953	5522	f221cedcfc543d9096b75b533e742e6a39743ff3d472e5740229e6341b058554	type2
12q24.33	NA19317	h1	NA19317_h1_HML-2_12q24.33_graph_hgsvc3-2024-02-23-mc-chm13_MULTI	2	2	NA19317_h1_HML-2_12q24.33_graph_hgsvc3-2024-02-23-mc-chm13_MULTI_part2	historical_source/Documents/HML2_project_data/hgsvc3-2024-02-23-mc-chm13/HML-2_12q24.33/NA19317_h1_HML-2_12q24.33_graph_hgsvc3-2024-02-23-mc-chm13.fa	4dac8994f681978408e280cac7244cc6aafe7d4bf82aed032133440cc591b520	>NA19317_h1_HML-2_12q24.33_graph_hgsvc3-2024-02-23-mc-chm13_MULTI|NA19317#1#haplotype1-0000015#0:133485428-133526503 genomic_strand:-	NA19317#1#haplotype1-0000015#0:133515116-133520637	500	5366	10888	5522	9024494ced30f1cf8812b4ef4b1ee5021c33ee336e5b506c0fda788047db24a4	type2
12q24.33	NA19384	h2	NA19384_h2_HML-2_12q24.33_graph_hgsvc3-2024-02-23-mc-chm13_MULTI	1	2	NA19384_h2_HML-2_12q24.33_graph_hgsvc3-2024-02-23-mc-chm13_MULTI_part1	historical_source/Documents/HML2_project_data/hgsvc3-2024-02-23-mc-chm13/HML-2_12q24.33/NA19384_h2_HML-2_12q24.33_graph_hgsvc3-2024-02-23-mc-chm13.fa	41a8afa4d756fa83e0ccae668c3a99d238f538b19ed4896638dd34850593cef1	>NA19384_h2_HML-2_12q24.33_graph_hgsvc3-2024-02-23-mc-chm13_MULTI|NA19384#2#haplotype2-0000138#0:159553-200628 genomic_strand:-	NA19384#2#haplotype2-0000138#0:194176-199697	500	431	5953	5522	f221cedcfc543d9096b75b533e742e6a39743ff3d472e5740229e6341b058554	type2
12q24.33	NA19384	h2	NA19384_h2_HML-2_12q24.33_graph_hgsvc3-2024-02-23-mc-chm13_MULTI	2	2	NA19384_h2_HML-2_12q24.33_graph_hgsvc3-2024-02-23-mc-chm13_MULTI_part2	historical_source/Documents/HML2_project_data/hgsvc3-2024-02-23-mc-chm13/HML-2_12q24.33/NA19384_h2_HML-2_12q24.33_graph_hgsvc3-2024-02-23-mc-chm13.fa	41a8afa4d756fa83e0ccae668c3a99d238f538b19ed4896638dd34850593cef1	>NA19384_h2_HML-2_12q24.33_graph_hgsvc3-2024-02-23-mc-chm13_MULTI|NA19384#2#haplotype2-0000138#0:159553-200628 genomic_strand:-	NA19384#2#haplotype2-0000138#0:189241-194762	500	5366	10888	5522	9024494ced30f1cf8812b4ef4b1ee5021c33ee336e5b506c0fda788047db24a4	type2
12q24.33	NA19434	h2	NA19434_h2_HML-2_12q24.33_graph_hgsvc3-2024-02-23-mc-chm13_MULTI	1	2	NA19434_h2_HML-2_12q24.33_graph_hgsvc3-2024-02-23-mc-chm13_MULTI_part1	historical_source/Documents/HML2_project_data/hgsvc3-2024-02-23-mc-chm13/HML-2_12q24.33/NA19434_h2_HML-2_12q24.33_graph_hgsvc3-2024-02-23-mc-chm13.fa	cf04833a17c2cf8bb02647788aa47db919d870e3b902269d7e16129213b252ec	>NA19434_h2_HML-2_12q24.33_graph_hgsvc3-2024-02-23-mc-chm13_MULTI|NA19434#2#haplotype2-0000112#0:93032635-93073710 genomic_strand:-	NA19434#2#haplotype2-0000112#0:93067258-93072779	500	431	5953	5522	f221cedcfc543d9096b75b533e742e6a39743ff3d472e5740229e6341b058554	type2
12q24.33	NA19434	h2	NA19434_h2_HML-2_12q24.33_graph_hgsvc3-2024-02-23-mc-chm13_MULTI	2	2	NA19434_h2_HML-2_12q24.33_graph_hgsvc3-2024-02-23-mc-chm13_MULTI_part2	historical_source/Documents/HML2_project_data/hgsvc3-2024-02-23-mc-chm13/HML-2_12q24.33/NA19434_h2_HML-2_12q24.33_graph_hgsvc3-2024-02-23-mc-chm13.fa	cf04833a17c2cf8bb02647788aa47db919d870e3b902269d7e16129213b252ec	>NA19434_h2_HML-2_12q24.33_graph_hgsvc3-2024-02-23-mc-chm13_MULTI|NA19434#2#haplotype2-0000112#0:93032635-93073710 genomic_strand:-	NA19434#2#haplotype2-0000112#0:93062323-93067844	500	5366	10888	5522	9024494ced30f1cf8812b4ef4b1ee5021c33ee336e5b506c0fda788047db24a4	type2
12q24.33	NA20850	h2	NA20850_hap2_hprc_r2_v1.0.1_HML-2_12q24.33_MULTI	1	2	NA20850_hap2_hprc_r2_v1.0.1_HML-2_12q24.33_MULTI_part1	historical_source/Documents/HML2_project_data/processed_loci/HML-2_12q24.33/NA20850_hap2_hprc_r2_v1.0.1_HML-2_12q24.33.fa	2cedf16d64d3918f18ccb68a598d625770dea6fda3bce487463d99edc66b4ee4	>NA20850_hap2_hprc_r2_v1.0.1_HML-2_12q24.33_MULTI assembly_coords:NA20850#2#CM094311.1:133881439-133892497 genomic_strand:-	NA20850#2#CM094311.1:133886547-133892066	0	431	5951	5520	12da5bea22e2249aa065f9c2b5dcc311c21726413470603a8f1c10c113725be4	type2
12q24.33	NA20850	h2	NA20850_hap2_hprc_r2_v1.0.1_HML-2_12q24.33_MULTI	2	2	NA20850_hap2_hprc_r2_v1.0.1_HML-2_12q24.33_MULTI_part2	historical_source/Documents/HML2_project_data/processed_loci/HML-2_12q24.33/NA20850_hap2_hprc_r2_v1.0.1_HML-2_12q24.33.fa	2cedf16d64d3918f18ccb68a598d625770dea6fda3bce487463d99edc66b4ee4	>NA20850_hap2_hprc_r2_v1.0.1_HML-2_12q24.33_MULTI assembly_coords:NA20850#2#CM094311.1:133881439-133892497 genomic_strand:-	NA20850#2#CM094311.1:133881614-133887133	0	5364	10884	5520	57a008e3937b25e0fb1dd245b0dc6b6cc17690d7ba2f3b9368cd693bce143930	type2
1p31.1b	HG00329	h1	HG00329_hap1_hprc_r2_v1.0.1_HML-2_1p31.1b_MULTI	1	4	HG00329_hap1_hprc_r2_v1.0.1_HML-2_1p31.1b_MULTI_part1	historical_source/Documents/HML2_project_data/processed_loci/HML-2_1p31.1b/HG00329_hap1_hprc_r2_v1.0.1_HML-2_1p31.1b.fa	f6dbbfbe9ca2226c4bc860f0f0f8df61e41d5f55faf522ac9286e8a43dd1263f	>HG00329_hap1_hprc_r2_v1.0.1_HML-2_1p31.1b_MULTI assembly_coords:HG00329#1#JBIRDP010000002.1:75167507-75190294 genomic_strand:+	HG00329#1#JBIRDP010000002.1:75167614-75173973	0	107	6467	6360	176fd9982b130be4163674825fac94539d3269bd44d9c2c76ab798a54e69e8b1	type1
1p31.1b	HG00329	h1	HG00329_hap1_hprc_r2_v1.0.1_HML-2_1p31.1b_MULTI	2	4	HG00329_hap1_hprc_r2_v1.0.1_HML-2_1p31.1b_MULTI_part2	historical_source/Documents/HML2_project_data/processed_loci/HML-2_1p31.1b/HG00329_hap1_hprc_r2_v1.0.1_HML-2_1p31.1b.fa	f6dbbfbe9ca2226c4bc860f0f0f8df61e41d5f55faf522ac9286e8a43dd1263f	>HG00329_hap1_hprc_r2_v1.0.1_HML-2_1p31.1b_MULTI assembly_coords:HG00329#1#JBIRDP010000002.1:75167507-75190294 genomic_strand:+	HG00329#1#JBIRDP010000002.1:75173019-75179378	0	5512	11872	6360	176fd9982b130be4163674825fac94539d3269bd44d9c2c76ab798a54e69e8b1	type1
1p31.1b	HG00329	h1	HG00329_hap1_hprc_r2_v1.0.1_HML-2_1p31.1b_MULTI	3	4	HG00329_hap1_hprc_r2_v1.0.1_HML-2_1p31.1b_MULTI_part3	historical_source/Documents/HML2_project_data/processed_loci/HML-2_1p31.1b/HG00329_hap1_hprc_r2_v1.0.1_HML-2_1p31.1b.fa	f6dbbfbe9ca2226c4bc860f0f0f8df61e41d5f55faf522ac9286e8a43dd1263f	>HG00329_hap1_hprc_r2_v1.0.1_HML-2_1p31.1b_MULTI assembly_coords:HG00329#1#JBIRDP010000002.1:75167507-75190294 genomic_strand:+	HG00329#1#JBIRDP010000002.1:75178424-75184783	0	10917	17277	6360	176fd9982b130be4163674825fac94539d3269bd44d9c2c76ab798a54e69e8b1	type1
1p31.1b	HG00329	h1	HG00329_hap1_hprc_r2_v1.0.1_HML-2_1p31.1b_MULTI	4	4	HG00329_hap1_hprc_r2_v1.0.1_HML-2_1p31.1b_MULTI_part4	historical_source/Documents/HML2_project_data/processed_loci/HML-2_1p31.1b/HG00329_hap1_hprc_r2_v1.0.1_HML-2_1p31.1b.fa	f6dbbfbe9ca2226c4bc860f0f0f8df61e41d5f55faf522ac9286e8a43dd1263f	>HG00329_hap1_hprc_r2_v1.0.1_HML-2_1p31.1b_MULTI assembly_coords:HG00329#1#JBIRDP010000002.1:75167507-75190294 genomic_strand:+	HG00329#1#JBIRDP010000002.1:75183829-75190188	0	16322	22682	6360	176fd9982b130be4163674825fac94539d3269bd44d9c2c76ab798a54e69e8b1	type1
1p31.1b	HG01167	h2	HG01167_hap2_hprc_r2_v1.0.1_HML-2_1p31.1b_MULTI	1	3	HG01167_hap2_hprc_r2_v1.0.1_HML-2_1p31.1b_MULTI_part1	historical_source/Documents/HML2_project_data/processed_loci/HML-2_1p31.1b/HG01167_hap2_hprc_r2_v1.0.1_HML-2_1p31.1b.fa	a62b8038b93a62f54436c6d0b23642d9d30ae497e35b0f4bcb4dfae38f6de8f7	>HG01167_hap2_hprc_r2_v1.0.1_HML-2_1p31.1b_MULTI assembly_coords:HG01167#2#CM094538.1:75562292-75579674 genomic_strand:+	HG01167#2#CM094538.1:75562399-75568758	0	107	6467	6360	176fd9982b130be4163674825fac94539d3269bd44d9c2c76ab798a54e69e8b1	type1
1p31.1b	HG01167	h2	HG01167_hap2_hprc_r2_v1.0.1_HML-2_1p31.1b_MULTI	2	3	HG01167_hap2_hprc_r2_v1.0.1_HML-2_1p31.1b_MULTI_part2	historical_source/Documents/HML2_project_data/processed_loci/HML-2_1p31.1b/HG01167_hap2_hprc_r2_v1.0.1_HML-2_1p31.1b.fa	a62b8038b93a62f54436c6d0b23642d9d30ae497e35b0f4bcb4dfae38f6de8f7	>HG01167_hap2_hprc_r2_v1.0.1_HML-2_1p31.1b_MULTI assembly_coords:HG01167#2#CM094538.1:75562292-75579674 genomic_strand:+	HG01167#2#CM094538.1:75567804-75574163	0	5512	11872	6360	176fd9982b130be4163674825fac94539d3269bd44d9c2c76ab798a54e69e8b1	type1
1p31.1b	HG01167	h2	HG01167_hap2_hprc_r2_v1.0.1_HML-2_1p31.1b_MULTI	3	3	HG01167_hap2_hprc_r2_v1.0.1_HML-2_1p31.1b_MULTI_part3	historical_source/Documents/HML2_project_data/processed_loci/HML-2_1p31.1b/HG01167_hap2_hprc_r2_v1.0.1_HML-2_1p31.1b.fa	a62b8038b93a62f54436c6d0b23642d9d30ae497e35b0f4bcb4dfae38f6de8f7	>HG01167_hap2_hprc_r2_v1.0.1_HML-2_1p31.1b_MULTI assembly_coords:HG01167#2#CM094538.1:75562292-75579674 genomic_strand:+	HG01167#2#CM094538.1:75573209-75579568	0	10917	17277	6360	ec5d5176c349faa32ecae86f3b730ddd7063abd3ad2fa7320274e4420472ed9f	type1
1p31.1b	HG03009	h1	HG03009_h1_HML-2_1p31.1b_graph_hgsvc3-2024-02-23-mc-chm13_MULTI	1	3	HG03009_h1_HML-2_1p31.1b_graph_hgsvc3-2024-02-23-mc-chm13_MULTI_part1	historical_source/Documents/HML2_project_data/hgsvc3-2024-02-23-mc-chm13/HML-2_1p31.1b/HG03009_h1_HML-2_1p31.1b_graph_hgsvc3-2024-02-23-mc-chm13.fa	54ed2e94e8cbbbebcade7a7e9dd438b2ceb762dcbdb11332013fde561520c753	>HG03009_h1_HML-2_1p31.1b_graph_hgsvc3-2024-02-23-mc-chm13_MULTI|HG03009#1#haplotype1-0000009#0:179210841-179328521 genomic_strand:+	HG03009#1#haplotype1-0000009#0:179211448-179217807	500	107	6467	6360	176fd9982b130be4163674825fac94539d3269bd44d9c2c76ab798a54e69e8b1	type1
1p31.1b	HG03009	h1	HG03009_h1_HML-2_1p31.1b_graph_hgsvc3-2024-02-23-mc-chm13_MULTI	2	3	HG03009_h1_HML-2_1p31.1b_graph_hgsvc3-2024-02-23-mc-chm13_MULTI_part2	historical_source/Documents/HML2_project_data/hgsvc3-2024-02-23-mc-chm13/HML-2_1p31.1b/HG03009_h1_HML-2_1p31.1b_graph_hgsvc3-2024-02-23-mc-chm13.fa	54ed2e94e8cbbbebcade7a7e9dd438b2ceb762dcbdb11332013fde561520c753	>HG03009_h1_HML-2_1p31.1b_graph_hgsvc3-2024-02-23-mc-chm13_MULTI|HG03009#1#haplotype1-0000009#0:179210841-179328521 genomic_strand:+	HG03009#1#haplotype1-0000009#0:179216853-179223212	500	5512	11872	6360	176fd9982b130be4163674825fac94539d3269bd44d9c2c76ab798a54e69e8b1	type1
1p31.1b	HG03009	h1	HG03009_h1_HML-2_1p31.1b_graph_hgsvc3-2024-02-23-mc-chm13_MULTI	3	3	HG03009_h1_HML-2_1p31.1b_graph_hgsvc3-2024-02-23-mc-chm13_MULTI_part3	historical_source/Documents/HML2_project_data/hgsvc3-2024-02-23-mc-chm13/HML-2_1p31.1b/HG03009_h1_HML-2_1p31.1b_graph_hgsvc3-2024-02-23-mc-chm13.fa	54ed2e94e8cbbbebcade7a7e9dd438b2ceb762dcbdb11332013fde561520c753	>HG03009_h1_HML-2_1p31.1b_graph_hgsvc3-2024-02-23-mc-chm13_MULTI|HG03009#1#haplotype1-0000009#0:179210841-179328521 genomic_strand:+	HG03009#1#haplotype1-0000009#0:179222258-179228617	500	10917	17277	6360	ec5d5176c349faa32ecae86f3b730ddd7063abd3ad2fa7320274e4420472ed9f	type1
1p31.1b	HG03017	pat	HG03017_pat_hprc_r2_v1.0.1_HML-2_1p31.1b_MULTI	1	3	HG03017_pat_hprc_r2_v1.0.1_HML-2_1p31.1b_MULTI_part1	historical_source/Documents/HML2_project_data/processed_loci/HML-2_1p31.1b/HG03017_pat_hprc_r2_v1.0.1_HML-2_1p31.1b.fa	167f6c44694c94c98f3642fdbf483541f3cee34c82be94738500c33cda5e6567	>HG03017_pat_hprc_r2_v1.0.1_HML-2_1p31.1b_MULTI assembly_coords:HG03017#1#CM088908.1:75715090-75732472 genomic_strand:+	HG03017#1#CM088908.1:75715197-75721556	0	107	6467	6360	176fd9982b130be4163674825fac94539d3269bd44d9c2c76ab798a54e69e8b1	type1
1p31.1b	HG03017	pat	HG03017_pat_hprc_r2_v1.0.1_HML-2_1p31.1b_MULTI	2	3	HG03017_pat_hprc_r2_v1.0.1_HML-2_1p31.1b_MULTI_part2	historical_source/Documents/HML2_project_data/processed_loci/HML-2_1p31.1b/HG03017_pat_hprc_r2_v1.0.1_HML-2_1p31.1b.fa	167f6c44694c94c98f3642fdbf483541f3cee34c82be94738500c33cda5e6567	>HG03017_pat_hprc_r2_v1.0.1_HML-2_1p31.1b_MULTI assembly_coords:HG03017#1#CM088908.1:75715090-75732472 genomic_strand:+	HG03017#1#CM088908.1:75720602-75726961	0	5512	11872	6360	176fd9982b130be4163674825fac94539d3269bd44d9c2c76ab798a54e69e8b1	type1
1p31.1b	HG03017	pat	HG03017_pat_hprc_r2_v1.0.1_HML-2_1p31.1b_MULTI	3	3	HG03017_pat_hprc_r2_v1.0.1_HML-2_1p31.1b_MULTI_part3	historical_source/Documents/HML2_project_data/processed_loci/HML-2_1p31.1b/HG03017_pat_hprc_r2_v1.0.1_HML-2_1p31.1b.fa	167f6c44694c94c98f3642fdbf483541f3cee34c82be94738500c33cda5e6567	>HG03017_pat_hprc_r2_v1.0.1_HML-2_1p31.1b_MULTI assembly_coords:HG03017#1#CM088908.1:75715090-75732472 genomic_strand:+	HG03017#1#CM088908.1:75726007-75732366	0	10917	17277	6360	6075304438f3f1db08c84616bca24d8342874dfe4b5f789c553c937d13e66dfd	type1
1p31.1b	HG03470	h1	HG03470_hap1_hprc_r2_v1.0.1_HML-2_1p31.1b_MULTI	1	2	HG03470_hap1_hprc_r2_v1.0.1_HML-2_1p31.1b_MULTI_part1	historical_source/Documents/HML2_project_data/processed_loci/HML-2_1p31.1b/HG03470_hap1_hprc_r2_v1.0.1_HML-2_1p31.1b.fa	2b2c400db41182f089d617eed7104993e88a7ac3523af6284f347fb206ad9bd6	>HG03470_hap1_hprc_r2_v1.0.1_HML-2_1p31.1b_MULTI assembly_coords:HG03470#1#JBICSF010000011.1:75445028-75457005 genomic_strand:+	HG03470#1#JBICSF010000011.1:75445135-75451494	0	107	6467	6360	310e6fb01680ce086626c28fa75b3704840ab05a14160d6637d9fc1923ff8bb8	type1
1p31.1b	HG03470	h1	HG03470_hap1_hprc_r2_v1.0.1_HML-2_1p31.1b_MULTI	2	2	HG03470_hap1_hprc_r2_v1.0.1_HML-2_1p31.1b_MULTI_part2	historical_source/Documents/HML2_project_data/processed_loci/HML-2_1p31.1b/HG03470_hap1_hprc_r2_v1.0.1_HML-2_1p31.1b.fa	2b2c400db41182f089d617eed7104993e88a7ac3523af6284f347fb206ad9bd6	>HG03470_hap1_hprc_r2_v1.0.1_HML-2_1p31.1b_MULTI assembly_coords:HG03470#1#JBICSF010000011.1:75445028-75457005 genomic_strand:+	HG03470#1#JBICSF010000011.1:75450540-75456899	0	5512	11872	6360	be6d239279065d498462496b42454a8f0d56cbb702cdf73723dd75ab612d200c	type1
1p31.1b	HG03732	h2	HG03732_h2_HML-2_1p31.1b_graph_hgsvc3-2024-02-23-mc-chm13_MULTI	1	2	HG03732_h2_HML-2_1p31.1b_graph_hgsvc3-2024-02-23-mc-chm13_MULTI_part1	historical_source/Documents/HML2_project_data/hgsvc3-2024-02-23-mc-chm13/HML-2_1p31.1b/HG03732_h2_HML-2_1p31.1b_graph_hgsvc3-2024-02-23-mc-chm13.fa	8599ed16d71759e7193c096dd6cfafd511597dd21ad702822219b4cebb3f6fb0	>HG03732_h2_HML-2_1p31.1b_graph_hgsvc3-2024-02-23-mc-chm13_MULTI|HG03732#2#haplotype2-0000073#0:75584366-75696642 genomic_strand:+	HG03732#2#haplotype2-0000073#0:75584973-75591330	500	107	6465	6358	782b39a3c9221f278c09d86325acda00507160b9773ef451f5a6178c63a0243d	type1
1p31.1b	HG03732	h2	HG03732_h2_HML-2_1p31.1b_graph_hgsvc3-2024-02-23-mc-chm13_MULTI	2	2	HG03732_h2_HML-2_1p31.1b_graph_hgsvc3-2024-02-23-mc-chm13_MULTI_part2	historical_source/Documents/HML2_project_data/hgsvc3-2024-02-23-mc-chm13/HML-2_1p31.1b/HG03732_h2_HML-2_1p31.1b_graph_hgsvc3-2024-02-23-mc-chm13.fa	8599ed16d71759e7193c096dd6cfafd511597dd21ad702822219b4cebb3f6fb0	>HG03732_h2_HML-2_1p31.1b_graph_hgsvc3-2024-02-23-mc-chm13_MULTI|HG03732#2#haplotype2-0000073#0:75584366-75696642 genomic_strand:+	HG03732#2#haplotype2-0000073#0:75590376-75596735	500	5510	11870	6360	176fd9982b130be4163674825fac94539d3269bd44d9c2c76ab798a54e69e8b1	type1
1p31.1b	HG04115	pat	HG04115_pat_hprc_r2_v1.0.1_HML-2_1p31.1b_MULTI	1	3	HG04115_pat_hprc_r2_v1.0.1_HML-2_1p31.1b_MULTI_part1	historical_source/Documents/HML2_project_data/processed_loci/HML-2_1p31.1b/HG04115_pat_hprc_r2_v1.0.1_HML-2_1p31.1b.fa	e083d061890eef741c1afeaf9ce476e508e5829d328f427c97eb9fc56b0c4970	>HG04115_pat_hprc_r2_v1.0.1_HML-2_1p31.1b_MULTI assembly_coords:HG04115#1#JBHDTF010000060.1:74736800-74754182 genomic_strand:+	HG04115#1#JBHDTF010000060.1:74736907-74743266	0	107	6467	6360	2982ca349215a9d0e60264bef8313f3fe73171f236c6713ed579c644cc10c7c9	type1
1p31.1b	HG04115	pat	HG04115_pat_hprc_r2_v1.0.1_HML-2_1p31.1b_MULTI	2	3	HG04115_pat_hprc_r2_v1.0.1_HML-2_1p31.1b_MULTI_part2	historical_source/Documents/HML2_project_data/processed_loci/HML-2_1p31.1b/HG04115_pat_hprc_r2_v1.0.1_HML-2_1p31.1b.fa	e083d061890eef741c1afeaf9ce476e508e5829d328f427c97eb9fc56b0c4970	>HG04115_pat_hprc_r2_v1.0.1_HML-2_1p31.1b_MULTI assembly_coords:HG04115#1#JBHDTF010000060.1:74736800-74754182 genomic_strand:+	HG04115#1#JBHDTF010000060.1:74742312-74748671	0	5512	11872	6360	176fd9982b130be4163674825fac94539d3269bd44d9c2c76ab798a54e69e8b1	type1
1p31.1b	HG04115	pat	HG04115_pat_hprc_r2_v1.0.1_HML-2_1p31.1b_MULTI	3	3	HG04115_pat_hprc_r2_v1.0.1_HML-2_1p31.1b_MULTI_part3	historical_source/Documents/HML2_project_data/processed_loci/HML-2_1p31.1b/HG04115_pat_hprc_r2_v1.0.1_HML-2_1p31.1b.fa	e083d061890eef741c1afeaf9ce476e508e5829d328f427c97eb9fc56b0c4970	>HG04115_pat_hprc_r2_v1.0.1_HML-2_1p31.1b_MULTI assembly_coords:HG04115#1#JBHDTF010000060.1:74736800-74754182 genomic_strand:+	HG04115#1#JBHDTF010000060.1:74747717-74754076	0	10917	17277	6360	6075304438f3f1db08c84616bca24d8342874dfe4b5f789c553c937d13e66dfd	type1
1p31.1b	NA21093	h2	NA21093_hap2_hprc_r2_v1.0.1_HML-2_1p31.1b_MULTI	1	4	NA21093_hap2_hprc_r2_v1.0.1_HML-2_1p31.1b_MULTI_part1	historical_source/Documents/HML2_project_data/processed_loci/HML-2_1p31.1b/NA21093_hap2_hprc_r2_v1.0.1_HML-2_1p31.1b.fa	d3969c2a87a1c173c4ecef3da47ca102eafb1b855eef1fad00cf9851d8b2d730	>NA21093_hap2_hprc_r2_v1.0.1_HML-2_1p31.1b_MULTI assembly_coords:NA21093#2#CM089607.1:75558094-75580881 genomic_strand:+	NA21093#2#CM089607.1:75558201-75564560	0	107	6467	6360	176fd9982b130be4163674825fac94539d3269bd44d9c2c76ab798a54e69e8b1	type1
1p31.1b	NA21093	h2	NA21093_hap2_hprc_r2_v1.0.1_HML-2_1p31.1b_MULTI	2	4	NA21093_hap2_hprc_r2_v1.0.1_HML-2_1p31.1b_MULTI_part2	historical_source/Documents/HML2_project_data/processed_loci/HML-2_1p31.1b/NA21093_hap2_hprc_r2_v1.0.1_HML-2_1p31.1b.fa	d3969c2a87a1c173c4ecef3da47ca102eafb1b855eef1fad00cf9851d8b2d730	>NA21093_hap2_hprc_r2_v1.0.1_HML-2_1p31.1b_MULTI assembly_coords:NA21093#2#CM089607.1:75558094-75580881 genomic_strand:+	NA21093#2#CM089607.1:75563606-75569965	0	5512	11872	6360	176fd9982b130be4163674825fac94539d3269bd44d9c2c76ab798a54e69e8b1	type1
1p31.1b	NA21093	h2	NA21093_hap2_hprc_r2_v1.0.1_HML-2_1p31.1b_MULTI	3	4	NA21093_hap2_hprc_r2_v1.0.1_HML-2_1p31.1b_MULTI_part3	historical_source/Documents/HML2_project_data/processed_loci/HML-2_1p31.1b/NA21093_hap2_hprc_r2_v1.0.1_HML-2_1p31.1b.fa	d3969c2a87a1c173c4ecef3da47ca102eafb1b855eef1fad00cf9851d8b2d730	>NA21093_hap2_hprc_r2_v1.0.1_HML-2_1p31.1b_MULTI assembly_coords:NA21093#2#CM089607.1:75558094-75580881 genomic_strand:+	NA21093#2#CM089607.1:75569011-75575370	0	10917	17277	6360	176fd9982b130be4163674825fac94539d3269bd44d9c2c76ab798a54e69e8b1	type1
1p31.1b	NA21093	h2	NA21093_hap2_hprc_r2_v1.0.1_HML-2_1p31.1b_MULTI	4	4	NA21093_hap2_hprc_r2_v1.0.1_HML-2_1p31.1b_MULTI_part4	historical_source/Documents/HML2_project_data/processed_loci/HML-2_1p31.1b/NA21093_hap2_hprc_r2_v1.0.1_HML-2_1p31.1b.fa	d3969c2a87a1c173c4ecef3da47ca102eafb1b855eef1fad00cf9851d8b2d730	>NA21093_hap2_hprc_r2_v1.0.1_HML-2_1p31.1b_MULTI assembly_coords:NA21093#2#CM089607.1:75558094-75580881 genomic_strand:+	NA21093#2#CM089607.1:75574416-75580775	0	16322	22682	6360	6075304438f3f1db08c84616bca24d8342874dfe4b5f789c553c937d13e66dfd	type1
1p31.1b	NA21106	h2	NA21106_hap2_hprc_r2_v1.0.1_HML-2_1p31.1b_MULTI	1	4	NA21106_hap2_hprc_r2_v1.0.1_HML-2_1p31.1b_MULTI_part1	historical_source/Documents/HML2_project_data/processed_loci/HML-2_1p31.1b/NA21106_hap2_hprc_r2_v1.0.1_HML-2_1p31.1b.fa	134ed467688acd05fda9899ed0432bdba5fe455924936a199c10aeab718cf64f	>NA21106_hap2_hprc_r2_v1.0.1_HML-2_1p31.1b_MULTI assembly_coords:NA21106#2#CM089583.1:75559799-75582586 genomic_strand:+	NA21106#2#CM089583.1:75559906-75566265	0	107	6467	6360	176fd9982b130be4163674825fac94539d3269bd44d9c2c76ab798a54e69e8b1	type1
1p31.1b	NA21106	h2	NA21106_hap2_hprc_r2_v1.0.1_HML-2_1p31.1b_MULTI	2	4	NA21106_hap2_hprc_r2_v1.0.1_HML-2_1p31.1b_MULTI_part2	historical_source/Documents/HML2_project_data/processed_loci/HML-2_1p31.1b/NA21106_hap2_hprc_r2_v1.0.1_HML-2_1p31.1b.fa	134ed467688acd05fda9899ed0432bdba5fe455924936a199c10aeab718cf64f	>NA21106_hap2_hprc_r2_v1.0.1_HML-2_1p31.1b_MULTI assembly_coords:NA21106#2#CM089583.1:75559799-75582586 genomic_strand:+	NA21106#2#CM089583.1:75565311-75571670	0	5512	11872	6360	176fd9982b130be4163674825fac94539d3269bd44d9c2c76ab798a54e69e8b1	type1
1p31.1b	NA21106	h2	NA21106_hap2_hprc_r2_v1.0.1_HML-2_1p31.1b_MULTI	3	4	NA21106_hap2_hprc_r2_v1.0.1_HML-2_1p31.1b_MULTI_part3	historical_source/Documents/HML2_project_data/processed_loci/HML-2_1p31.1b/NA21106_hap2_hprc_r2_v1.0.1_HML-2_1p31.1b.fa	134ed467688acd05fda9899ed0432bdba5fe455924936a199c10aeab718cf64f	>NA21106_hap2_hprc_r2_v1.0.1_HML-2_1p31.1b_MULTI assembly_coords:NA21106#2#CM089583.1:75559799-75582586 genomic_strand:+	NA21106#2#CM089583.1:75570716-75577075	0	10917	17277	6360	176fd9982b130be4163674825fac94539d3269bd44d9c2c76ab798a54e69e8b1	type1
1p31.1b	NA21106	h2	NA21106_hap2_hprc_r2_v1.0.1_HML-2_1p31.1b_MULTI	4	4	NA21106_hap2_hprc_r2_v1.0.1_HML-2_1p31.1b_MULTI_part4	historical_source/Documents/HML2_project_data/processed_loci/HML-2_1p31.1b/NA21106_hap2_hprc_r2_v1.0.1_HML-2_1p31.1b.fa	134ed467688acd05fda9899ed0432bdba5fe455924936a199c10aeab718cf64f	>NA21106_hap2_hprc_r2_v1.0.1_HML-2_1p31.1b_MULTI assembly_coords:NA21106#2#CM089583.1:75559799-75582586 genomic_strand:+	NA21106#2#CM089583.1:75576121-75582480	0	16322	22682	6360	6075304438f3f1db08c84616bca24d8342874dfe4b5f789c553c937d13e66dfd	type1
3q13.2	HG02040	h2	HG02040_hap2_hprc_r2_v1.0.1_HML-2_3q13.2_MULTI	1	2	HG02040_hap2_hprc_r2_v1.0.1_HML-2_3q13.2_MULTI_part1	historical_source/Documents/HML2_project_data/processed_loci/HML-2_3q13.2/HG02040_hap2_hprc_r2_v1.0.1_HML-2_3q13.2.fa	becab3ec56c8d1a22f68b261220ba717f5b3544a83147bb8e30f3da941b9d9f5	>HG02040_hap2_hprc_r2_v1.0.1_HML-2_3q13.2_MULTI assembly_coords:HG02040#2#JBHDWT010000008.1:24082091-24099650 genomic_strand:-	HG02040#2#JBHDWT010000008.1:24090397-24099543	0	107	9254	9147	4f267b70c4d5273ab96d981592a3f1da4c8e5b6400900058007fbc3b217dc270	type1
3q13.2	HG02040	h2	HG02040_hap2_hprc_r2_v1.0.1_HML-2_3q13.2_MULTI	2	2	HG02040_hap2_hprc_r2_v1.0.1_HML-2_3q13.2_MULTI_part2	historical_source/Documents/HML2_project_data/processed_loci/HML-2_3q13.2/HG02040_hap2_hprc_r2_v1.0.1_HML-2_3q13.2.fa	becab3ec56c8d1a22f68b261220ba717f5b3544a83147bb8e30f3da941b9d9f5	>HG02040_hap2_hprc_r2_v1.0.1_HML-2_3q13.2_MULTI assembly_coords:HG02040#2#JBHDWT010000008.1:24082091-24099650 genomic_strand:-	HG02040#2#JBHDWT010000008.1:24082197-24091343	0	8307	17454	9147	4007f78c81b02b13851b2b0e5ccdbed3ede17e2a921c69df0eb6aae1f0764518	type1
3q13.2	HG02841	pat	HG02841_pat_hprc_r2_v1.0.1_HML-2_3q13.2_MULTI	1	2	HG02841_pat_hprc_r2_v1.0.1_HML-2_3q13.2_MULTI_part1	historical_source/Documents/HML2_project_data/processed_loci/HML-2_3q13.2/HG02841_pat_hprc_r2_v1.0.1_HML-2_3q13.2.fa	f0c3b793b7f06fe8aa76c1473285e70419c071035dc1d44eef12ce215bb6b177	>HG02841_pat_hprc_r2_v1.0.1_HML-2_3q13.2_MULTI assembly_coords:HG02841#1#CM098700.1:117732424-117749983 genomic_strand:-	HG02841#1#CM098700.1:117740730-117749876	0	107	9254	9147	1a216606ee7479034266df2f3e7c0eaec32d1ea7ca4bf356ed343a4af6c656ff	type1
3q13.2	HG02841	pat	HG02841_pat_hprc_r2_v1.0.1_HML-2_3q13.2_MULTI	2	2	HG02841_pat_hprc_r2_v1.0.1_HML-2_3q13.2_MULTI_part2	historical_source/Documents/HML2_project_data/processed_loci/HML-2_3q13.2/HG02841_pat_hprc_r2_v1.0.1_HML-2_3q13.2.fa	f0c3b793b7f06fe8aa76c1473285e70419c071035dc1d44eef12ce215bb6b177	>HG02841_pat_hprc_r2_v1.0.1_HML-2_3q13.2_MULTI assembly_coords:HG02841#1#CM098700.1:117732424-117749983 genomic_strand:-	HG02841#1#CM098700.1:117732530-117741676	0	8307	17454	9147	1a216606ee7479034266df2f3e7c0eaec32d1ea7ca4bf356ed343a4af6c656ff	type1
3q13.2	NA18970	h1	NA18970_hap1_hprc_r2_v1.0.1_HML-2_3q13.2_MULTI	1	2	NA18970_hap1_hprc_r2_v1.0.1_HML-2_3q13.2_MULTI_part1	historical_source/Documents/HML2_project_data/processed_loci/HML-2_3q13.2/NA18970_hap1_hprc_r2_v1.0.1_HML-2_3q13.2.fa	bbaa77a195f605534e2b2aedbfec70bf2ca77766353f20271db62f9c648e359d	>NA18970_hap1_hprc_r2_v1.0.1_HML-2_3q13.2_MULTI assembly_coords:NA18970#1#CM101467.1:114924577-114942136 genomic_strand:-	NA18970#1#CM101467.1:114932883-114942029	0	107	9254	9147	1a216606ee7479034266df2f3e7c0eaec32d1ea7ca4bf356ed343a4af6c656ff	type1
3q13.2	NA18970	h1	NA18970_hap1_hprc_r2_v1.0.1_HML-2_3q13.2_MULTI	2	2	NA18970_hap1_hprc_r2_v1.0.1_HML-2_3q13.2_MULTI_part2	historical_source/Documents/HML2_project_data/processed_loci/HML-2_3q13.2/NA18970_hap1_hprc_r2_v1.0.1_HML-2_3q13.2.fa	bbaa77a195f605534e2b2aedbfec70bf2ca77766353f20271db62f9c648e359d	>NA18970_hap1_hprc_r2_v1.0.1_HML-2_3q13.2_MULTI assembly_coords:NA18970#1#CM101467.1:114924577-114942136 genomic_strand:-	NA18970#1#CM101467.1:114924683-114933829	0	8307	17454	9147	1a216606ee7479034266df2f3e7c0eaec32d1ea7ca4bf356ed343a4af6c656ff	type1
3q27.2	HG00544	mat	HG00544_mat_hprc_r2_v1.0.1_HML-2_3q27.2_MULTI	1	2	HG00544_mat_hprc_r2_v1.0.1_HML-2_3q27.2_MULTI_part1	historical_source/Documents/HML2_project_data/processed_loci/HML-2_3q27.2/HG00544_mat_hprc_r2_v1.0.1_HML-2_3q27.2.fa	17206daf2292522e12249757b549141bdff24c079df2e7f15dcebca6bc2f47c5	>HG00544_mat_hprc_r2_v1.0.1_HML-2_3q27.2_MULTI assembly_coords:HG00544#2#CM089385.1:187340492-187358083 genomic_strand:-	HG00544#2#CM089385.1:187348810-187357976	0	107	9274	9167	5aafebcd14b9b6f7bbbb45e7c6184f832a24ceeab9e330f2aede7e972ff055d7	type1
3q27.2	HG00544	mat	HG00544_mat_hprc_r2_v1.0.1_HML-2_3q27.2_MULTI	2	2	HG00544_mat_hprc_r2_v1.0.1_HML-2_3q27.2_MULTI_part2	historical_source/Documents/HML2_project_data/processed_loci/HML-2_3q27.2/HG00544_mat_hprc_r2_v1.0.1_HML-2_3q27.2.fa	17206daf2292522e12249757b549141bdff24c079df2e7f15dcebca6bc2f47c5	>HG00544_mat_hprc_r2_v1.0.1_HML-2_3q27.2_MULTI assembly_coords:HG00544#2#CM089385.1:187340492-187358083 genomic_strand:-	HG00544#2#CM089385.1:187340598-187349764	0	8319	17486	9167	8b0db890a085c434e33de844d3e5d2ade44a021e4da91f7775ef497f7c5186c9	type1
3q27.2	HG02587	h2	HG02587_h2_HML-2_3q27.2_graph_hgsvc3-2024-02-23-mc-chm13_MULTI	1	2	HG02587_h2_HML-2_3q27.2_graph_hgsvc3-2024-02-23-mc-chm13_MULTI_part1	historical_source/Documents/HML2_project_data/hgsvc3-2024-02-23-mc-chm13/HML-2_3q27.2/HG02587_h2_HML-2_3q27.2_graph_hgsvc3-2024-02-23-mc-chm13.fa	32af3579db2dd8090698e285adb770fb1743324959b794959c212d7e57900694	>HG02587_h2_HML-2_3q27.2_graph_hgsvc3-2024-02-23-mc-chm13_MULTI|HG02587#2#haplotype2-0000068#0:12920085-12967662 genomic_strand:-	HG02587#2#haplotype2-0000068#0:12957889-12967055	500	107	9274	9167	3aae68c4217f4746cbeabc9fa1503d5aa42cbfa714284cd89222c57b0977f9bd	type1
3q27.2	HG02587	h2	HG02587_h2_HML-2_3q27.2_graph_hgsvc3-2024-02-23-mc-chm13_MULTI	2	2	HG02587_h2_HML-2_3q27.2_graph_hgsvc3-2024-02-23-mc-chm13_MULTI_part2	historical_source/Documents/HML2_project_data/hgsvc3-2024-02-23-mc-chm13/HML-2_3q27.2/HG02587_h2_HML-2_3q27.2_graph_hgsvc3-2024-02-23-mc-chm13.fa	32af3579db2dd8090698e285adb770fb1743324959b794959c212d7e57900694	>HG02587_h2_HML-2_3q27.2_graph_hgsvc3-2024-02-23-mc-chm13_MULTI|HG02587#2#haplotype2-0000068#0:12920085-12967662 genomic_strand:-	HG02587#2#haplotype2-0000068#0:12949677-12958843	500	8319	17486	9167	47ee2ed1fe98fcb8e5676f54a39c7e87f03fe5af43976b8516ab0d2a9036c66e	type1
5q33.3	HG00290	h2	HG00290_hap2_hprc_r2_v1.0.1_HML-2_5q33.3_MULTI	1	3	HG00290_hap2_hprc_r2_v1.0.1_HML-2_5q33.3_MULTI_part1	historical_source/Documents/HML2_project_data/processed_loci/HML-2_5q33.3/HG00290_hap2_hprc_r2_v1.0.1_HML-2_5q33.3.fa	dc0f4eca59ae13d9ffc796960122068a235b48d8591c4031e0ee7af9fe27862c	>HG00290_hap2_hprc_r2_v1.0.1_HML-2_5q33.3_MULTI assembly_coords:HG00290#2#CM090005.1:157410229-157436032 genomic_strand:-	HG00290#2#CM090005.1:157426759-157435905	0	127	9274	9147	8518dc0137dc06a080ca77d48410dd541dc5d26a67cd8f78626c4f34150b629a	type1
5q33.3	HG00290	h2	HG00290_hap2_hprc_r2_v1.0.1_HML-2_5q33.3_MULTI	2	3	HG00290_hap2_hprc_r2_v1.0.1_HML-2_5q33.3_MULTI_part2	historical_source/Documents/HML2_project_data/processed_loci/HML-2_5q33.3/HG00290_hap2_hprc_r2_v1.0.1_HML-2_5q33.3.fa	dc0f4eca59ae13d9ffc796960122068a235b48d8591c4031e0ee7af9fe27862c	>HG00290_hap2_hprc_r2_v1.0.1_HML-2_5q33.3_MULTI assembly_coords:HG00290#2#CM090005.1:157410229-157436032 genomic_strand:-	HG00290#2#CM090005.1:157418547-157427693	0	8339	17486	9147	ecef26d3c37cdb75f2db52504e31ee8bd89c5e26f1ca35ca1d88e2218676b8f8	type1
5q33.3	HG00290	h2	HG00290_hap2_hprc_r2_v1.0.1_HML-2_5q33.3_MULTI	3	3	HG00290_hap2_hprc_r2_v1.0.1_HML-2_5q33.3_MULTI_part3	historical_source/Documents/HML2_project_data/processed_loci/HML-2_5q33.3/HG00290_hap2_hprc_r2_v1.0.1_HML-2_5q33.3.fa	dc0f4eca59ae13d9ffc796960122068a235b48d8591c4031e0ee7af9fe27862c	>HG00290_hap2_hprc_r2_v1.0.1_HML-2_5q33.3_MULTI assembly_coords:HG00290#2#CM090005.1:157410229-157436032 genomic_strand:-	HG00290#2#CM090005.1:157410335-157419481	0	16551	25698	9147	86d176b5d4e2ebeabd1a8a80940a4b17ddcd04b807b4bd8439042db32a2b3ac3	type1
5q33.3	HG01346	pat	HG01346_pat_hprc_r2_v1.0.1_HML-2_5q33.3_MULTI	1	2	HG01346_pat_hprc_r2_v1.0.1_HML-2_5q33.3_MULTI_part1	historical_source/Documents/HML2_project_data/processed_loci/HML-2_5q33.3/HG01346_pat_hprc_r2_v1.0.1_HML-2_5q33.3.fa	179e411529697f36c196f8555d0e80ce1bfe5fecf9e24702886cb1a914180af7	>HG01346_pat_hprc_r2_v1.0.1_HML-2_5q33.3_MULTI assembly_coords:HG01346#1#CM086587.1:156873372-156890963 genomic_strand:-	HG01346#1#CM086587.1:156881690-156890836	0	127	9274	9147	5412350e63bb0287a72018047a9f6dbea456e360aef42902c75611ec520ea7a6	type1
5q33.3	HG01346	pat	HG01346_pat_hprc_r2_v1.0.1_HML-2_5q33.3_MULTI	2	2	HG01346_pat_hprc_r2_v1.0.1_HML-2_5q33.3_MULTI_part2	historical_source/Documents/HML2_project_data/processed_loci/HML-2_5q33.3/HG01346_pat_hprc_r2_v1.0.1_HML-2_5q33.3.fa	179e411529697f36c196f8555d0e80ce1bfe5fecf9e24702886cb1a914180af7	>HG01346_pat_hprc_r2_v1.0.1_HML-2_5q33.3_MULTI assembly_coords:HG01346#1#CM086587.1:156873372-156890963 genomic_strand:-	HG01346#1#CM086587.1:156873478-156882624	0	8339	17486	9147	86d176b5d4e2ebeabd1a8a80940a4b17ddcd04b807b4bd8439042db32a2b3ac3	type1
5q33.3	HG02738	pat	HG02738_pat_hprc_r2_v1.0.1_HML-2_5q33.3_MULTI	1	3	HG02738_pat_hprc_r2_v1.0.1_HML-2_5q33.3_MULTI_part1	historical_source/Documents/HML2_project_data/processed_loci/HML-2_5q33.3/HG02738_pat_hprc_r2_v1.0.1_HML-2_5q33.3.fa	31856976b91982db53f3317c49bb763b01a18df0badb296a820f19b2dc67441c	>HG02738_pat_hprc_r2_v1.0.1_HML-2_5q33.3_MULTI assembly_coords:HG02738#1#CM099920.1:158524721-158550524 genomic_strand:-	HG02738#1#CM099920.1:158541251-158550397	0	127	9274	9147	8518dc0137dc06a080ca77d48410dd541dc5d26a67cd8f78626c4f34150b629a	type1
5q33.3	HG02738	pat	HG02738_pat_hprc_r2_v1.0.1_HML-2_5q33.3_MULTI	2	3	HG02738_pat_hprc_r2_v1.0.1_HML-2_5q33.3_MULTI_part2	historical_source/Documents/HML2_project_data/processed_loci/HML-2_5q33.3/HG02738_pat_hprc_r2_v1.0.1_HML-2_5q33.3.fa	31856976b91982db53f3317c49bb763b01a18df0badb296a820f19b2dc67441c	>HG02738_pat_hprc_r2_v1.0.1_HML-2_5q33.3_MULTI assembly_coords:HG02738#1#CM099920.1:158524721-158550524 genomic_strand:-	HG02738#1#CM099920.1:158533039-158542185	0	8339	17486	9147	ecef26d3c37cdb75f2db52504e31ee8bd89c5e26f1ca35ca1d88e2218676b8f8	type1
5q33.3	HG02738	pat	HG02738_pat_hprc_r2_v1.0.1_HML-2_5q33.3_MULTI	3	3	HG02738_pat_hprc_r2_v1.0.1_HML-2_5q33.3_MULTI_part3	historical_source/Documents/HML2_project_data/processed_loci/HML-2_5q33.3/HG02738_pat_hprc_r2_v1.0.1_HML-2_5q33.3.fa	31856976b91982db53f3317c49bb763b01a18df0badb296a820f19b2dc67441c	>HG02738_pat_hprc_r2_v1.0.1_HML-2_5q33.3_MULTI assembly_coords:HG02738#1#CM099920.1:158524721-158550524 genomic_strand:-	HG02738#1#CM099920.1:158524827-158533973	0	16551	25698	9147	86d176b5d4e2ebeabd1a8a80940a4b17ddcd04b807b4bd8439042db32a2b3ac3	type1
5q33.3	NA19705	h1	NA19705_h1_HML-2_5q33.3_graph_hgsvc3-2024-02-23-mc-chm13_MULTI	1	2	NA19705_h1_HML-2_5q33.3_graph_hgsvc3-2024-02-23-mc-chm13_MULTI_part1	historical_source/Documents/HML2_project_data/hgsvc3-2024-02-23-mc-chm13/HML-2_5q33.3/NA19705_h1_HML-2_5q33.3_graph_hgsvc3-2024-02-23-mc-chm13.fa	e657d2c85e3560c22c72b4943b166db2e5291b0492ab633cf0b0538dac1d811c	>NA19705_h1_HML-2_5q33.3_graph_hgsvc3-2024-02-23-mc-chm13_MULTI|NA19705#1#haplotype1-0000025#0:24837988-24885512 genomic_strand:-	NA19705#1#haplotype1-0000025#0:24875734-24884885	500	127	9279	9152	be2fd1a7ef381c2274de36adb3b7469cd7887a65391296475fb9109b180cea1f	type1
5q33.3	NA19705	h1	NA19705_h1_HML-2_5q33.3_graph_hgsvc3-2024-02-23-mc-chm13_MULTI	2	2	NA19705_h1_HML-2_5q33.3_graph_hgsvc3-2024-02-23-mc-chm13_MULTI_part2	historical_source/Documents/HML2_project_data/hgsvc3-2024-02-23-mc-chm13/HML-2_5q33.3/NA19705_h1_HML-2_5q33.3_graph_hgsvc3-2024-02-23-mc-chm13.fa	e657d2c85e3560c22c72b4943b166db2e5291b0492ab633cf0b0538dac1d811c	>NA19705_h1_HML-2_5q33.3_graph_hgsvc3-2024-02-23-mc-chm13_MULTI|NA19705#1#haplotype1-0000025#0:24837988-24885512 genomic_strand:-	NA19705#1#haplotype1-0000025#0:24867517-24876668	500	8344	17496	9152	d5b4985323c02cd0a48945170c5be31d41e0fd62c590871bb0e021155f98a075	type1
6q14.1	HG00738	pat	HG00738_pat_hprc_r2_v1.0.1_HML-2_6q14.1_MULTI	1	2	HG00738_pat_hprc_r2_v1.0.1_HML-2_6q14.1_MULTI_part1	historical_source/Documents/HML2_project_data/processed_loci/HML-2_6q14.1/HG00738_pat_hprc_r2_v1.0.1_HML-2_6q14.1.fa	cf1284f4c874fca65cadd1e04d5815df6be37528c936098364cff0f57d023107	>HG00738_pat_hprc_r2_v1.0.1_HML-2_6q14.1_MULTI assembly_coords:HG00738#1#CM086647.1:78134268-78152357 genomic_strand:-	HG00738#1#CM086647.1:78142839-78152250	0	107	9519	9412	199f33bfed460e701a87ebfc471f9760afc95a2a9620578f4470a87a4bc9fe42	type2
6q14.1	HG00738	pat	HG00738_pat_hprc_r2_v1.0.1_HML-2_6q14.1_MULTI	2	2	HG00738_pat_hprc_r2_v1.0.1_HML-2_6q14.1_MULTI_part2	historical_source/Documents/HML2_project_data/processed_loci/HML-2_6q14.1/HG00738_pat_hprc_r2_v1.0.1_HML-2_6q14.1.fa	cf1284f4c874fca65cadd1e04d5815df6be37528c936098364cff0f57d023107	>HG00738_pat_hprc_r2_v1.0.1_HML-2_6q14.1_MULTI assembly_coords:HG00738#1#CM086647.1:78134268-78152357 genomic_strand:-	HG00738#1#CM086647.1:78134374-78143785	0	8572	17984	9412	9283cb99cc576aff8c470f7f411bf3c31887abe1134f2d3227c48e294f73a134	type2
6q14.1	HG01960	pat	HG01960_pat_hprc_r2_v1.0.1_HML-2_6q14.1_MULTI	1	3	HG01960_pat_hprc_r2_v1.0.1_HML-2_6q14.1_MULTI_part1	historical_source/Documents/HML2_project_data/processed_loci/HML-2_6q14.1/HG01960_pat_hprc_r2_v1.0.1_HML-2_6q14.1.fa	b03efb0b0b282c5bb5fbe15c153487d2cfc7b298f4b557c349fba028589dbdda	>HG01960_pat_hprc_r2_v1.0.1_HML-2_6q14.1_MULTI assembly_coords:HG01960#1#JBHIHM010000036.1:18238945-18265499 genomic_strand:-	HG01960#1#JBHIHM010000036.1:18255981-18265392	0	107	9519	9412	199f33bfed460e701a87ebfc471f9760afc95a2a9620578f4470a87a4bc9fe42	type2
6q14.1	HG01960	pat	HG01960_pat_hprc_r2_v1.0.1_HML-2_6q14.1_MULTI	2	3	HG01960_pat_hprc_r2_v1.0.1_HML-2_6q14.1_MULTI_part2	historical_source/Documents/HML2_project_data/processed_loci/HML-2_6q14.1/HG01960_pat_hprc_r2_v1.0.1_HML-2_6q14.1.fa	b03efb0b0b282c5bb5fbe15c153487d2cfc7b298f4b557c349fba028589dbdda	>HG01960_pat_hprc_r2_v1.0.1_HML-2_6q14.1_MULTI assembly_coords:HG01960#1#JBHIHM010000036.1:18238945-18265499 genomic_strand:-	HG01960#1#JBHIHM010000036.1:18247516-18256927	0	8572	17984	9412	199f33bfed460e701a87ebfc471f9760afc95a2a9620578f4470a87a4bc9fe42	type2
6q14.1	HG01960	pat	HG01960_pat_hprc_r2_v1.0.1_HML-2_6q14.1_MULTI	3	3	HG01960_pat_hprc_r2_v1.0.1_HML-2_6q14.1_MULTI_part3	historical_source/Documents/HML2_project_data/processed_loci/HML-2_6q14.1/HG01960_pat_hprc_r2_v1.0.1_HML-2_6q14.1.fa	b03efb0b0b282c5bb5fbe15c153487d2cfc7b298f4b557c349fba028589dbdda	>HG01960_pat_hprc_r2_v1.0.1_HML-2_6q14.1_MULTI assembly_coords:HG01960#1#JBHIHM010000036.1:18238945-18265499 genomic_strand:-	HG01960#1#JBHIHM010000036.1:18239051-18248462	0	17037	26449	9412	9283cb99cc576aff8c470f7f411bf3c31887abe1134f2d3227c48e294f73a134	type2
6q14.1	HG02055	pat	HG02055_pat_hprc_r2_v1.0.1_HML-2_6q14.1_MULTI	1	2	HG02055_pat_hprc_r2_v1.0.1_HML-2_6q14.1_MULTI_part1	historical_source/Documents/HML2_project_data/processed_loci/HML-2_6q14.1/HG02055_pat_hprc_r2_v1.0.1_HML-2_6q14.1.fa	b86be9903f52475eac23b7c032d3ba1c89787823371392bbd4855aa9c25149df	>HG02055_pat_hprc_r2_v1.0.1_HML-2_6q14.1_MULTI assembly_coords:HG02055#1#JAHEPK020000014.1:18419685-18437774 genomic_strand:-	HG02055#1#JAHEPK020000014.1:18428256-18437667	0	107	9519	9412	199f33bfed460e701a87ebfc471f9760afc95a2a9620578f4470a87a4bc9fe42	type2
6q14.1	HG02055	pat	HG02055_pat_hprc_r2_v1.0.1_HML-2_6q14.1_MULTI	2	2	HG02055_pat_hprc_r2_v1.0.1_HML-2_6q14.1_MULTI_part2	historical_source/Documents/HML2_project_data/processed_loci/HML-2_6q14.1/HG02055_pat_hprc_r2_v1.0.1_HML-2_6q14.1.fa	b86be9903f52475eac23b7c032d3ba1c89787823371392bbd4855aa9c25149df	>HG02055_pat_hprc_r2_v1.0.1_HML-2_6q14.1_MULTI assembly_coords:HG02055#1#JAHEPK020000014.1:18419685-18437774 genomic_strand:-	HG02055#1#JAHEPK020000014.1:18419791-18429202	0	8572	17984	9412	9283cb99cc576aff8c470f7f411bf3c31887abe1134f2d3227c48e294f73a134	type2
6q14.1	NA20752	h2	NA20752_hap2_hprc_r2_v1.0.1_HML-2_6q14.1_MULTI	1	2	NA20752_hap2_hprc_r2_v1.0.1_HML-2_6q14.1_MULTI_part1	historical_source/Documents/HML2_project_data/processed_loci/HML-2_6q14.1/NA20752_hap2_hprc_r2_v1.0.1_HML-2_6q14.1.fa	8c8385c21c76eac97804ac302c0ed06f07afaaef58fa52aba7035265620b6085	>NA20752_hap2_hprc_r2_v1.0.1_HML-2_6q14.1_MULTI assembly_coords:NA20752#2#CM099783.1:78319499-78337588 genomic_strand:-	NA20752#2#CM099783.1:78328070-78337481	0	107	9519	9412	199f33bfed460e701a87ebfc471f9760afc95a2a9620578f4470a87a4bc9fe42	type2
6q14.1	NA20752	h2	NA20752_hap2_hprc_r2_v1.0.1_HML-2_6q14.1_MULTI	2	2	NA20752_hap2_hprc_r2_v1.0.1_HML-2_6q14.1_MULTI_part2	historical_source/Documents/HML2_project_data/processed_loci/HML-2_6q14.1/NA20752_hap2_hprc_r2_v1.0.1_HML-2_6q14.1.fa	8c8385c21c76eac97804ac302c0ed06f07afaaef58fa52aba7035265620b6085	>NA20752_hap2_hprc_r2_v1.0.1_HML-2_6q14.1_MULTI assembly_coords:NA20752#2#CM099783.1:78319499-78337588 genomic_strand:-	NA20752#2#CM099783.1:78319605-78329016	0	8572	17984	9412	9283cb99cc576aff8c470f7f411bf3c31887abe1134f2d3227c48e294f73a134	type2
7p22.1	HG00099	h1	HG00099_hap1_hprc_r2_v1.0.1_HML-2_7p22.1_MULTI	1	2	HG00099_hap1_hprc_r2_v1.0.1_HML-2_7p22.1_MULTI_part1	historical_source/Documents/HML2_project_data/processed_loci/HML-2_7p22.1/HG00099_hap1_hprc_r2_v1.0.1_HML-2_7p22.1.fa	90774e1d8acba599051196baa2cf2bdf44d11e5b139b2f87974fd926e77fbd3b	>HG00099_hap1_hprc_r2_v1.0.1_HML-2_7p22.1_MULTI assembly_coords:HG00099#1#CM087319.1:4716846-4759396 genomic_strand:-	HG00099#1#CM087319.1:4725456-4734914	0	24482	33941	9459	7059031f69f9c140422cc89d63a68f4fc187b9cc750e0c15c126cad3f1fa97d4	type2
7p22.1	HG00099	h1	HG00099_hap1_hprc_r2_v1.0.1_HML-2_7p22.1_MULTI	2	2	HG00099_hap1_hprc_r2_v1.0.1_HML-2_7p22.1_MULTI_part2	historical_source/Documents/HML2_project_data/processed_loci/HML-2_7p22.1/HG00099_hap1_hprc_r2_v1.0.1_HML-2_7p22.1.fa	90774e1d8acba599051196baa2cf2bdf44d11e5b139b2f87974fd926e77fbd3b	>HG00099_hap1_hprc_r2_v1.0.1_HML-2_7p22.1_MULTI assembly_coords:HG00099#1#CM087319.1:4716846-4759396 genomic_strand:-	HG00099#1#CM087319.1:4716952-4726410	0	32986	42445	9459	274ebf0106bf05749cb46271241eeb97cf86e00ca6003bf46f122e163ab9ad09	type2
7p22.1	HG00126	h1	HG00126_hap1_hprc_r2_v1.0.1_HML-2_7p22.1_MULTI	1	2	HG00126_hap1_hprc_r2_v1.0.1_HML-2_7p22.1_MULTI_part1	historical_source/Documents/HML2_project_data/processed_loci/HML-2_7p22.1/HG00126_hap1_hprc_r2_v1.0.1_HML-2_7p22.1.fa	0788f1305c516d6a17fc772571512cf3e9eac8851f59271c9325a010223f843d	>HG00126_hap1_hprc_r2_v1.0.1_HML-2_7p22.1_MULTI assembly_coords:HG00126#1#CM090113.1:4723460-4766015 genomic_strand:-	HG00126#1#CM090113.1:4732070-4741528	0	24487	33946	9459	cedc5b9530e9a2950f7aad779ada6bff8f07d56065532446ae9d5c3fc6a1486e	type2
7p22.1	HG00126	h1	HG00126_hap1_hprc_r2_v1.0.1_HML-2_7p22.1_MULTI	2	2	HG00126_hap1_hprc_r2_v1.0.1_HML-2_7p22.1_MULTI_part2	historical_source/Documents/HML2_project_data/processed_loci/HML-2_7p22.1/HG00126_hap1_hprc_r2_v1.0.1_HML-2_7p22.1.fa	0788f1305c516d6a17fc772571512cf3e9eac8851f59271c9325a010223f843d	>HG00126_hap1_hprc_r2_v1.0.1_HML-2_7p22.1_MULTI assembly_coords:HG00126#1#CM090113.1:4723460-4766015 genomic_strand:-	HG00126#1#CM090113.1:4723566-4733024	0	32991	42450	9459	5b0d88905a0d798b6b5044ab467446a7cd959574313f48a4ab284561d8a9b95c	type2
7p22.1	HG00133	h2	HG00133_hap2_hprc_r2_v1.0.1_HML-2_7p22.1_MULTI	1	2	HG00133_hap2_hprc_r2_v1.0.1_HML-2_7p22.1_MULTI_part1	historical_source/Documents/HML2_project_data/processed_loci/HML-2_7p22.1/HG00133_hap2_hprc_r2_v1.0.1_HML-2_7p22.1.fa	cafee0fadbfea4b45e66ce503c29eba6e1709ddc77e2d43d53c833a5d4a187cf	>HG00133_hap2_hprc_r2_v1.0.1_HML-2_7p22.1_MULTI assembly_coords:HG00133#2#CM090066.1:4708101-4750647 genomic_strand:-	HG00133#2#CM090066.1:4716711-4726169	0	24478	33937	9459	7059031f69f9c140422cc89d63a68f4fc187b9cc750e0c15c126cad3f1fa97d4	type2
7p22.1	HG00133	h2	HG00133_hap2_hprc_r2_v1.0.1_HML-2_7p22.1_MULTI	2	2	HG00133_hap2_hprc_r2_v1.0.1_HML-2_7p22.1_MULTI_part2	historical_source/Documents/HML2_project_data/processed_loci/HML-2_7p22.1/HG00133_hap2_hprc_r2_v1.0.1_HML-2_7p22.1.fa	cafee0fadbfea4b45e66ce503c29eba6e1709ddc77e2d43d53c833a5d4a187cf	>HG00133_hap2_hprc_r2_v1.0.1_HML-2_7p22.1_MULTI assembly_coords:HG00133#2#CM090066.1:4708101-4750647 genomic_strand:-	HG00133#2#CM090066.1:4708207-4717665	0	32982	42441	9459	274ebf0106bf05749cb46271241eeb97cf86e00ca6003bf46f122e163ab9ad09	type2
7p22.1	HG00140	h1	HG00140_hap1_hprc_r2_v1.0.1_HML-2_7p22.1_MULTI	1	2	HG00140_hap1_hprc_r2_v1.0.1_HML-2_7p22.1_MULTI_part1	historical_source/Documents/HML2_project_data/processed_loci/HML-2_7p22.1/HG00140_hap1_hprc_r2_v1.0.1_HML-2_7p22.1.fa	81125d2c786b64b6b0616bfd503128854bcc9673e74bdb0c8c3af22363c7b314	>HG00140_hap1_hprc_r2_v1.0.1_HML-2_7p22.1_MULTI assembly_coords:HG00140#1#CM087112.1:4712525-4755071 genomic_strand:-	HG00140#1#CM087112.1:4721135-4730593	0	24478	33937	9459	86bb2d96b729ee855ec40bcd2d21bed9b30f525c64fc64a9eb58fef202252b1f	type2
7p22.1	HG00140	h1	HG00140_hap1_hprc_r2_v1.0.1_HML-2_7p22.1_MULTI	2	2	HG00140_hap1_hprc_r2_v1.0.1_HML-2_7p22.1_MULTI_part2	historical_source/Documents/HML2_project_data/processed_loci/HML-2_7p22.1/HG00140_hap1_hprc_r2_v1.0.1_HML-2_7p22.1.fa	81125d2c786b64b6b0616bfd503128854bcc9673e74bdb0c8c3af22363c7b314	>HG00140_hap1_hprc_r2_v1.0.1_HML-2_7p22.1_MULTI assembly_coords:HG00140#1#CM087112.1:4712525-4755071 genomic_strand:-	HG00140#1#CM087112.1:4712631-4722089	0	32982	42441	9459	274ebf0106bf05749cb46271241eeb97cf86e00ca6003bf46f122e163ab9ad09	type2
7p22.1	HG00232	h1	HG00232_hap1_hprc_r2_v1.0.1_HML-2_7p22.1_MULTI	1	2	HG00232_hap1_hprc_r2_v1.0.1_HML-2_7p22.1_MULTI_part1	historical_source/Documents/HML2_project_data/processed_loci/HML-2_7p22.1/HG00232_hap1_hprc_r2_v1.0.1_HML-2_7p22.1.fa	925a403f2568c1e106739dcc964cd4db225d32347162886bd3ec4f8897c58fea	>HG00232_hap1_hprc_r2_v1.0.1_HML-2_7p22.1_MULTI assembly_coords:HG00232#1#CM089994.1:4706605-4749152 genomic_strand:-	HG00232#1#CM089994.1:4715215-4724672	0	24480	33938	9458	8b01933a350f0aa1c59483e8de0972b0fcb343daabc70a8318fcf56c6dc0d1f8	type2
7p22.1	HG00232	h1	HG00232_hap1_hprc_r2_v1.0.1_HML-2_7p22.1_MULTI	2	2	HG00232_hap1_hprc_r2_v1.0.1_HML-2_7p22.1_MULTI_part2	historical_source/Documents/HML2_project_data/processed_loci/HML-2_7p22.1/HG00232_hap1_hprc_r2_v1.0.1_HML-2_7p22.1.fa	925a403f2568c1e106739dcc964cd4db225d32347162886bd3ec4f8897c58fea	>HG00232_hap1_hprc_r2_v1.0.1_HML-2_7p22.1_MULTI assembly_coords:HG00232#1#CM089994.1:4706605-4749152 genomic_strand:-	HG00232#1#CM089994.1:4706711-4716169	0	32983	42442	9459	e4da7b39b22bbafe83d41b72798c79d120473841b431880fda5c5c93e987d2e2	type2
7p22.1	HG00232	h2	HG00232_hap2_hprc_r2_v1.0.1_HML-2_7p22.1_MULTI	1	2	HG00232_hap2_hprc_r2_v1.0.1_HML-2_7p22.1_MULTI_part1	historical_source/Documents/HML2_project_data/processed_loci/HML-2_7p22.1/HG00232_hap2_hprc_r2_v1.0.1_HML-2_7p22.1.fa	e698f8853815fb3ecbb8f9605b46b5791345c6966d6ed727d05562ac28726405	>HG00232_hap2_hprc_r2_v1.0.1_HML-2_7p22.1_MULTI assembly_coords:HG00232#2#CM090025.1:4765249-4807869 genomic_strand:-	HG00232#2#CM090025.1:4773859-4783317	0	24552	34011	9459	7059031f69f9c140422cc89d63a68f4fc187b9cc750e0c15c126cad3f1fa97d4	type2
7p22.1	HG00232	h2	HG00232_hap2_hprc_r2_v1.0.1_HML-2_7p22.1_MULTI	2	2	HG00232_hap2_hprc_r2_v1.0.1_HML-2_7p22.1_MULTI_part2	historical_source/Documents/HML2_project_data/processed_loci/HML-2_7p22.1/HG00232_hap2_hprc_r2_v1.0.1_HML-2_7p22.1.fa	e698f8853815fb3ecbb8f9605b46b5791345c6966d6ed727d05562ac28726405	>HG00232_hap2_hprc_r2_v1.0.1_HML-2_7p22.1_MULTI assembly_coords:HG00232#2#CM090025.1:4765249-4807869 genomic_strand:-	HG00232#2#CM090025.1:4765355-4774813	0	33056	42515	9459	274ebf0106bf05749cb46271241eeb97cf86e00ca6003bf46f122e163ab9ad09	type2
7p22.1	HG00235	h2	HG00235_hap2_hprc_r2_v1.0.1_HML-2_7p22.1_MULTI	1	2	HG00235_hap2_hprc_r2_v1.0.1_HML-2_7p22.1_MULTI_part1	historical_source/Documents/HML2_project_data/processed_loci/HML-2_7p22.1/HG00235_hap2_hprc_r2_v1.0.1_HML-2_7p22.1.fa	0a18df5b8d901070a4e65c6719e9b15a21ddd189e190a44a957decd3116bd476	>HG00235_hap2_hprc_r2_v1.0.1_HML-2_7p22.1_MULTI assembly_coords:HG00235#2#CM094397.1:4706140-4748685 genomic_strand:-	HG00235#2#CM094397.1:4714750-4724207	0	24478	33936	9458	8b01933a350f0aa1c59483e8de0972b0fcb343daabc70a8318fcf56c6dc0d1f8	type2
7p22.1	HG00235	h2	HG00235_hap2_hprc_r2_v1.0.1_HML-2_7p22.1_MULTI	2	2	HG00235_hap2_hprc_r2_v1.0.1_HML-2_7p22.1_MULTI_part2	historical_source/Documents/HML2_project_data/processed_loci/HML-2_7p22.1/HG00235_hap2_hprc_r2_v1.0.1_HML-2_7p22.1.fa	0a18df5b8d901070a4e65c6719e9b15a21ddd189e190a44a957decd3116bd476	>HG00235_hap2_hprc_r2_v1.0.1_HML-2_7p22.1_MULTI assembly_coords:HG00235#2#CM094397.1:4706140-4748685 genomic_strand:-	HG00235#2#CM094397.1:4706246-4715704	0	32981	42440	9459	e4da7b39b22bbafe83d41b72798c79d120473841b431880fda5c5c93e987d2e2	type2
7p22.1	HG00268	h2	HG00268_h2_HML-2_7p22.1_graph_hgsvc3-2024-02-23-mc-chm13_MULTI	1	2	HG00268_h2_HML-2_7p22.1_graph_hgsvc3-2024-02-23-mc-chm13_MULTI_part1	historical_source/Documents/HML2_project_data/hgsvc3-2024-02-23-mc-chm13/HML-2_7p22.1/HG00268_h2_HML-2_7p22.1_graph_hgsvc3-2024-02-23-mc-chm13.fa	971b0b6a7e51ac732cc118b756a1b658edd51b767293bae2d3b91d9fb2bcdaa8	>HG00268_h2_HML-2_7p22.1_graph_hgsvc3-2024-02-23-mc-chm13_MULTI|HG00268#2#haplotype2-0000071#0:4653500-4771749 genomic_strand:-	HG00268#2#haplotype2-0000071#0:4761684-4771142	500	107	9566	9459	38c6b2e29fbfd5c422d169e70ef30a6f1d894ecbbef6d55e3d80ba3e2758abbb	type2
7p22.1	HG00268	h2	HG00268_h2_HML-2_7p22.1_graph_hgsvc3-2024-02-23-mc-chm13_MULTI	2	2	HG00268_h2_HML-2_7p22.1_graph_hgsvc3-2024-02-23-mc-chm13_MULTI_part2	historical_source/Documents/HML2_project_data/hgsvc3-2024-02-23-mc-chm13/HML-2_7p22.1/HG00268_h2_HML-2_7p22.1_graph_hgsvc3-2024-02-23-mc-chm13.fa	971b0b6a7e51ac732cc118b756a1b658edd51b767293bae2d3b91d9fb2bcdaa8	>HG00268_h2_HML-2_7p22.1_graph_hgsvc3-2024-02-23-mc-chm13_MULTI|HG00268#2#haplotype2-0000071#0:4653500-4771749 genomic_strand:-	HG00268#2#haplotype2-0000071#0:4753180-4762638	500	8611	18070	9459	b3b41b433e6fef93f5bfabedbf724ea7979af9f3df7c61c7928eb6159c72b5b3	type2
7p22.1	HG00290	h1	HG00290_hap1_hprc_r2_v1.0.1_HML-2_7p22.1_MULTI	1	2	HG00290_hap1_hprc_r2_v1.0.1_HML-2_7p22.1_MULTI_part1	historical_source/Documents/HML2_project_data/processed_loci/HML-2_7p22.1/HG00290_hap1_hprc_r2_v1.0.1_HML-2_7p22.1.fa	a3eac2830b4d9a9892f862e663392c36aeb1211a689faee9b10babd613dd7c57	>HG00290_hap1_hprc_r2_v1.0.1_HML-2_7p22.1_MULTI assembly_coords:HG00290#1#CM089983.1:4721127-4763732 genomic_strand:-	HG00290#1#CM089983.1:4729737-4739194	0	24538	33996	9458	8b01933a350f0aa1c59483e8de0972b0fcb343daabc70a8318fcf56c6dc0d1f8	type2
7p22.1	HG00290	h1	HG00290_hap1_hprc_r2_v1.0.1_HML-2_7p22.1_MULTI	2	2	HG00290_hap1_hprc_r2_v1.0.1_HML-2_7p22.1_MULTI_part2	historical_source/Documents/HML2_project_data/processed_loci/HML-2_7p22.1/HG00290_hap1_hprc_r2_v1.0.1_HML-2_7p22.1.fa	a3eac2830b4d9a9892f862e663392c36aeb1211a689faee9b10babd613dd7c57	>HG00290_hap1_hprc_r2_v1.0.1_HML-2_7p22.1_MULTI assembly_coords:HG00290#1#CM089983.1:4721127-4763732 genomic_strand:-	HG00290#1#CM089983.1:4721233-4730691	0	33041	42500	9459	b1a8ad28cb28da7a21708f35c01b7b3593df2a885be6d45dcc769b636d3c64f3	type2
7p22.1	HG00321	h1	HG00321_hap1_hprc_r2_v1.0.1_HML-2_7p22.1_MULTI	1	2	HG00321_hap1_hprc_r2_v1.0.1_HML-2_7p22.1_MULTI_part1	historical_source/Documents/HML2_project_data/processed_loci/HML-2_7p22.1/HG00321_hap1_hprc_r2_v1.0.1_HML-2_7p22.1.fa	30f60598e2033b77285be6615ef8032dec13995e1bddec71028f78a1a7d03e43	>HG00321_hap1_hprc_r2_v1.0.1_HML-2_7p22.1_MULTI assembly_coords:HG00321#1#CM089542.1:4694149-4736689 genomic_strand:-	HG00321#1#CM089542.1:4702759-4712217	0	24472	33931	9459	463958a95db45952811e9189c0fd19e6950d3095faf8380cf7e37179dfa003eb	type2
7p22.1	HG00321	h1	HG00321_hap1_hprc_r2_v1.0.1_HML-2_7p22.1_MULTI	2	2	HG00321_hap1_hprc_r2_v1.0.1_HML-2_7p22.1_MULTI_part2	historical_source/Documents/HML2_project_data/processed_loci/HML-2_7p22.1/HG00321_hap1_hprc_r2_v1.0.1_HML-2_7p22.1.fa	30f60598e2033b77285be6615ef8032dec13995e1bddec71028f78a1a7d03e43	>HG00321_hap1_hprc_r2_v1.0.1_HML-2_7p22.1_MULTI assembly_coords:HG00321#1#CM089542.1:4694149-4736689 genomic_strand:-	HG00321#1#CM089542.1:4694255-4703713	0	32976	42435	9459	72b18153fb48d06944067a92b157b520da2c78918dd82fbf3504d3abb4270dbc	type2
7p22.1	HG00323	h2	HG00323_hap2_hprc_r2_v1.0.1_HML-2_7p22.1_MULTI	1	2	HG00323_hap2_hprc_r2_v1.0.1_HML-2_7p22.1_MULTI_part1	historical_source/Documents/HML2_project_data/processed_loci/HML-2_7p22.1/HG00323_hap2_hprc_r2_v1.0.1_HML-2_7p22.1.fa	c562c052e5f991c072d45afa2c98911033c2e5c85abd3e192296d5351917f84e	>HG00323_hap2_hprc_r2_v1.0.1_HML-2_7p22.1_MULTI assembly_coords:HG00323#2#CM087332.1:4706784-4749331 genomic_strand:-	HG00323#2#CM087332.1:4715394-4724852	0	24479	33938	9459	cedc5b9530e9a2950f7aad779ada6bff8f07d56065532446ae9d5c3fc6a1486e	type2
7p22.1	HG00323	h2	HG00323_hap2_hprc_r2_v1.0.1_HML-2_7p22.1_MULTI	2	2	HG00323_hap2_hprc_r2_v1.0.1_HML-2_7p22.1_MULTI_part2	historical_source/Documents/HML2_project_data/processed_loci/HML-2_7p22.1/HG00323_hap2_hprc_r2_v1.0.1_HML-2_7p22.1.fa	c562c052e5f991c072d45afa2c98911033c2e5c85abd3e192296d5351917f84e	>HG00323_hap2_hprc_r2_v1.0.1_HML-2_7p22.1_MULTI assembly_coords:HG00323#2#CM087332.1:4706784-4749331 genomic_strand:-	HG00323#2#CM087332.1:4706890-4716348	0	32983	42442	9459	5b0d88905a0d798b6b5044ab467446a7cd959574313f48a4ab284561d8a9b95c	type2
7p22.1	HG00344	h1	HG00344_hap1_hprc_r2_v1.0.1_HML-2_7p22.1_MULTI	1	2	HG00344_hap1_hprc_r2_v1.0.1_HML-2_7p22.1_MULTI_part1	historical_source/Documents/HML2_project_data/processed_loci/HML-2_7p22.1/HG00344_hap1_hprc_r2_v1.0.1_HML-2_7p22.1.fa	21b8c222796aef851c9193065f06c9f7abaa3f5ceeae52e5c6b4236da5c6d8e8	>HG00344_hap1_hprc_r2_v1.0.1_HML-2_7p22.1_MULTI assembly_coords:HG00344#1#CM094505.1:4704700-4747247 genomic_strand:-	HG00344#1#CM094505.1:4713310-4722767	0	24480	33938	9458	8b01933a350f0aa1c59483e8de0972b0fcb343daabc70a8318fcf56c6dc0d1f8	type2
7p22.1	HG00344	h1	HG00344_hap1_hprc_r2_v1.0.1_HML-2_7p22.1_MULTI	2	2	HG00344_hap1_hprc_r2_v1.0.1_HML-2_7p22.1_MULTI_part2	historical_source/Documents/HML2_project_data/processed_loci/HML-2_7p22.1/HG00344_hap1_hprc_r2_v1.0.1_HML-2_7p22.1.fa	21b8c222796aef851c9193065f06c9f7abaa3f5ceeae52e5c6b4236da5c6d8e8	>HG00344_hap1_hprc_r2_v1.0.1_HML-2_7p22.1_MULTI assembly_coords:HG00344#1#CM094505.1:4704700-4747247 genomic_strand:-	HG00344#1#CM094505.1:4704806-4714264	0	32983	42442	9459	e4da7b39b22bbafe83d41b72798c79d120473841b431880fda5c5c93e987d2e2	type2
7p22.1	HG00423	mat	HG00423_mat_hprc_r2_v1.0.1_HML-2_7p22.1_MULTI	1	2	HG00423_mat_hprc_r2_v1.0.1_HML-2_7p22.1_MULTI_part1	historical_source/Documents/HML2_project_data/processed_loci/HML-2_7p22.1/HG00423_mat_hprc_r2_v1.0.1_HML-2_7p22.1.fa	c838b5be51a5aa128b331b3fcabe684b9904d92b2be361a2aa34990bbedda7c0	>HG00423_mat_hprc_r2_v1.0.1_HML-2_7p22.1_MULTI assembly_coords:HG00423#2#JBHIIP010000007.1:3692598-3735134 genomic_strand:-	HG00423#2#JBHIIP010000007.1:3701208-3710662	0	24472	33927	9455	9c7a94b098a5934da4baaf9c3f009c1830f2b8887bda3d5aaaf4cf0c984c7a9d	type2
7p22.1	HG00423	mat	HG00423_mat_hprc_r2_v1.0.1_HML-2_7p22.1_MULTI	2	2	HG00423_mat_hprc_r2_v1.0.1_HML-2_7p22.1_MULTI_part2	historical_source/Documents/HML2_project_data/processed_loci/HML-2_7p22.1/HG00423_mat_hprc_r2_v1.0.1_HML-2_7p22.1.fa	c838b5be51a5aa128b331b3fcabe684b9904d92b2be361a2aa34990bbedda7c0	>HG00423_mat_hprc_r2_v1.0.1_HML-2_7p22.1_MULTI assembly_coords:HG00423#2#JBHIIP010000007.1:3692598-3735134 genomic_strand:-	HG00423#2#JBHIIP010000007.1:3692704-3702162	0	32972	42431	9459	004c93969b60add55f56d6d7e5c7b0708df289c70ab688b86b25feec61b4e7a6	type2
7p22.1	HG00423	pat	HG00423_pat_hprc_r2_v1.0.1_HML-2_7p22.1_MULTI	1	2	HG00423_pat_hprc_r2_v1.0.1_HML-2_7p22.1_MULTI_part1	historical_source/Documents/HML2_project_data/processed_loci/HML-2_7p22.1/HG00423_pat_hprc_r2_v1.0.1_HML-2_7p22.1.fa	73ebfb24743e916fba14e0da2f288b0090538cc7ee909d82064cadf58c7cf905	>HG00423_pat_hprc_r2_v1.0.1_HML-2_7p22.1_MULTI assembly_coords:HG00423#1#CM089401.1:4714812-4757410 genomic_strand:-	HG00423#1#CM089401.1:4723422-4732877	0	24533	33989	9456	da69da318ac525479bff78aed64ac4d291e826590277723c47757fdc3791d252	type2
7p22.1	HG00423	pat	HG00423_pat_hprc_r2_v1.0.1_HML-2_7p22.1_MULTI	2	2	HG00423_pat_hprc_r2_v1.0.1_HML-2_7p22.1_MULTI_part2	historical_source/Documents/HML2_project_data/processed_loci/HML-2_7p22.1/HG00423_pat_hprc_r2_v1.0.1_HML-2_7p22.1.fa	73ebfb24743e916fba14e0da2f288b0090538cc7ee909d82064cadf58c7cf905	>HG00423_pat_hprc_r2_v1.0.1_HML-2_7p22.1_MULTI assembly_coords:HG00423#1#CM089401.1:4714812-4757410 genomic_strand:-	HG00423#1#CM089401.1:4714918-4724376	0	33034	42493	9459	a5234951102dfe818e5e2055dd6d91e14b8a4cf65d43b87fd01cd5ce7bebee18	type2
7p22.1	HG00438	pat	HG00438_pat_hprc_r2_v1.0.1_HML-2_7p22.1_MULTI	1	2	HG00438_pat_hprc_r2_v1.0.1_HML-2_7p22.1_MULTI_part1	historical_source/Documents/HML2_project_data/processed_loci/HML-2_7p22.1/HG00438_pat_hprc_r2_v1.0.1_HML-2_7p22.1.fa	e8f91383d8dd7bf98388fdeb0bb54b17ab8c7ce75dc636a69d398f2201b09a2e	>HG00438_pat_hprc_r2_v1.0.1_HML-2_7p22.1_MULTI assembly_coords:HG00438#1#CM089173.1:4720999-4763618 genomic_strand:-	HG00438#1#CM089173.1:4729609-4739067	0	24551	34010	9459	7059031f69f9c140422cc89d63a68f4fc187b9cc750e0c15c126cad3f1fa97d4	type2
7p22.1	HG00438	pat	HG00438_pat_hprc_r2_v1.0.1_HML-2_7p22.1_MULTI	2	2	HG00438_pat_hprc_r2_v1.0.1_HML-2_7p22.1_MULTI_part2	historical_source/Documents/HML2_project_data/processed_loci/HML-2_7p22.1/HG00438_pat_hprc_r2_v1.0.1_HML-2_7p22.1.fa	e8f91383d8dd7bf98388fdeb0bb54b17ab8c7ce75dc636a69d398f2201b09a2e	>HG00438_pat_hprc_r2_v1.0.1_HML-2_7p22.1_MULTI assembly_coords:HG00438#1#CM089173.1:4720999-4763618 genomic_strand:-	HG00438#1#CM089173.1:4721105-4730563	0	33055	42514	9459	274ebf0106bf05749cb46271241eeb97cf86e00ca6003bf46f122e163ab9ad09	type2
7p22.1	HG005	mat	HG005_mat_hprc_r2_v1.0.1_HML-2_7p22.1_MULTI	1	2	HG005_mat_hprc_r2_v1.0.1_HML-2_7p22.1_MULTI_part1	historical_source/Documents/HML2_project_data/processed_loci/HML-2_7p22.1/HG005_mat_hprc_r2_v1.0.1_HML-2_7p22.1.fa	1ecb4cd7600ef971022ebf09953fafe2f6f45344e2d14294e103cc134cb2ac67	>HG005_mat_hprc_r2_v1.0.1_HML-2_7p22.1_MULTI assembly_coords:HG005#2#CM099976.1:4707800-4750351 genomic_strand:-	HG005#2#CM099976.1:4716410-4725867	0	24484	33942	9458	8b01933a350f0aa1c59483e8de0972b0fcb343daabc70a8318fcf56c6dc0d1f8	type2
7p22.1	HG005	mat	HG005_mat_hprc_r2_v1.0.1_HML-2_7p22.1_MULTI	2	2	HG005_mat_hprc_r2_v1.0.1_HML-2_7p22.1_MULTI_part2	historical_source/Documents/HML2_project_data/processed_loci/HML-2_7p22.1/HG005_mat_hprc_r2_v1.0.1_HML-2_7p22.1.fa	1ecb4cd7600ef971022ebf09953fafe2f6f45344e2d14294e103cc134cb2ac67	>HG005_mat_hprc_r2_v1.0.1_HML-2_7p22.1_MULTI assembly_coords:HG005#2#CM099976.1:4707800-4750351 genomic_strand:-	HG005#2#CM099976.1:4707906-4717364	0	32987	42446	9459	9fa3c169ccadfff752eb22824e83af1be86055d62b14553f6a2beb4176d4a3c6	type2
7p22.1	HG00512	h1	HG00512_h1_HML-2_7p22.1_graph_hgsvc3-2024-02-23-mc-chm13_MULTI	1	3	HG00512_h1_HML-2_7p22.1_graph_hgsvc3-2024-02-23-mc-chm13_MULTI_part1	historical_source/Documents/HML2_project_data/hgsvc3-2024-02-23-mc-chm13/HML-2_7p22.1/HG00512_h1_HML-2_7p22.1_graph_hgsvc3-2024-02-23-mc-chm13.fa	c6d29183042248bf61f2b2830e4ef677ef41208cdee1e28cbd170940618b8b75	>HG00512_h1_HML-2_7p22.1_graph_hgsvc3-2024-02-23-mc-chm13_MULTI|HG00512#1#haplotype1-0000001#0:4559792-4686583 genomic_strand:-	HG00512#1#haplotype1-0000001#0:4676519-4685976	500	107	9565	9458	68fc94f2b1ae5a1bd0924d5dbaf7ff7b5da0f0cc7abcd0cc8ab8c54da1b6fc5a	type2
7p22.1	HG00512	h1	HG00512_h1_HML-2_7p22.1_graph_hgsvc3-2024-02-23-mc-chm13_MULTI	2	3	HG00512_h1_HML-2_7p22.1_graph_hgsvc3-2024-02-23-mc-chm13_MULTI_part2	historical_source/Documents/HML2_project_data/hgsvc3-2024-02-23-mc-chm13/HML-2_7p22.1/HG00512_h1_HML-2_7p22.1_graph_hgsvc3-2024-02-23-mc-chm13.fa	c6d29183042248bf61f2b2830e4ef677ef41208cdee1e28cbd170940618b8b75	>HG00512_h1_HML-2_7p22.1_graph_hgsvc3-2024-02-23-mc-chm13_MULTI|HG00512#1#haplotype1-0000001#0:4559792-4686583 genomic_strand:-	HG00512#1#haplotype1-0000001#0:4668015-4677473	500	8610	18069	9459	cfb9f6886f2632340a93216327b8d2504b3b409e1cd032ccd0ea3a31b973ee27	type2
7p22.1	HG00512	h1	HG00512_h1_HML-2_7p22.1_graph_hgsvc3-2024-02-23-mc-chm13_MULTI	3	3	HG00512_h1_HML-2_7p22.1_graph_hgsvc3-2024-02-23-mc-chm13_MULTI_part3	historical_source/Documents/HML2_project_data/hgsvc3-2024-02-23-mc-chm13/HML-2_7p22.1/HG00512_h1_HML-2_7p22.1_graph_hgsvc3-2024-02-23-mc-chm13.fa	c6d29183042248bf61f2b2830e4ef677ef41208cdee1e28cbd170940618b8b75	>HG00512_h1_HML-2_7p22.1_graph_hgsvc3-2024-02-23-mc-chm13_MULTI|HG00512#1#haplotype1-0000001#0:4559792-4686583 genomic_strand:-	HG00512#1#haplotype1-0000001#0:4659511-4668969	500	17114	26573	9459	bdac0a513051de4364f45484ff7b0ccf956cfbd829158074272c5e83ad627dc6	type2
7p22.1	HG00513	h1	HG00513_h1_HML-2_7p22.1_graph_hgsvc3-2024-02-23-mc-chm13_MULTI	1	2	HG00513_h1_HML-2_7p22.1_graph_hgsvc3-2024-02-23-mc-chm13_MULTI_part1	historical_source/Documents/HML2_project_data/hgsvc3-2024-02-23-mc-chm13/HML-2_7p22.1/HG00513_h1_HML-2_7p22.1_graph_hgsvc3-2024-02-23-mc-chm13.fa	e4f397744190c0ea0230762aea98892993323f9d17bcec572a2e43449ab99136	>HG00513_h1_HML-2_7p22.1_graph_hgsvc3-2024-02-23-mc-chm13_MULTI|HG00513#1#haplotype1-0000002#0:157712512-157830761 genomic_strand:-	HG00513#1#haplotype1-0000002#0:157820697-157830154	500	107	9565	9458	8b01933a350f0aa1c59483e8de0972b0fcb343daabc70a8318fcf56c6dc0d1f8	type2
7p22.1	HG00513	h1	HG00513_h1_HML-2_7p22.1_graph_hgsvc3-2024-02-23-mc-chm13_MULTI	2	2	HG00513_h1_HML-2_7p22.1_graph_hgsvc3-2024-02-23-mc-chm13_MULTI_part2	historical_source/Documents/HML2_project_data/hgsvc3-2024-02-23-mc-chm13/HML-2_7p22.1/HG00513_h1_HML-2_7p22.1_graph_hgsvc3-2024-02-23-mc-chm13.fa	e4f397744190c0ea0230762aea98892993323f9d17bcec572a2e43449ab99136	>HG00513_h1_HML-2_7p22.1_graph_hgsvc3-2024-02-23-mc-chm13_MULTI|HG00513#1#haplotype1-0000002#0:157712512-157830761 genomic_strand:-	HG00513#1#haplotype1-0000002#0:157812193-157821651	500	8610	18069	9459	e4da7b39b22bbafe83d41b72798c79d120473841b431880fda5c5c93e987d2e2	type2
7p22.1	HG00513	h2	HG00513_h2_HML-2_7p22.1_graph_hgsvc3-2024-02-23-mc-chm13_MULTI	1	2	HG00513_h2_HML-2_7p22.1_graph_hgsvc3-2024-02-23-mc-chm13_MULTI_part1	historical_source/Documents/HML2_project_data/hgsvc3-2024-02-23-mc-chm13/HML-2_7p22.1/HG00513_h2_HML-2_7p22.1_graph_hgsvc3-2024-02-23-mc-chm13.fa	9071b540678c8caafe5debfee7760227deca7a59331f588dd9078a86d44e95a6	>HG00513_h2_HML-2_7p22.1_graph_hgsvc3-2024-02-23-mc-chm13_MULTI|HG00513#2#haplotype2-0000088#0:157118061-157236315 genomic_strand:-	HG00513#2#haplotype2-0000088#0:157226251-157235708	500	107	9565	9458	8b01933a350f0aa1c59483e8de0972b0fcb343daabc70a8318fcf56c6dc0d1f8	type2
7p22.1	HG00513	h2	HG00513_h2_HML-2_7p22.1_graph_hgsvc3-2024-02-23-mc-chm13_MULTI	2	2	HG00513_h2_HML-2_7p22.1_graph_hgsvc3-2024-02-23-mc-chm13_MULTI_part2	historical_source/Documents/HML2_project_data/hgsvc3-2024-02-23-mc-chm13/HML-2_7p22.1/HG00513_h2_HML-2_7p22.1_graph_hgsvc3-2024-02-23-mc-chm13.fa	9071b540678c8caafe5debfee7760227deca7a59331f588dd9078a86d44e95a6	>HG00513_h2_HML-2_7p22.1_graph_hgsvc3-2024-02-23-mc-chm13_MULTI|HG00513#2#haplotype2-0000088#0:157118061-157236315 genomic_strand:-	HG00513#2#haplotype2-0000088#0:157217747-157227205	500	8610	18069	9459	f5d123e2c395884a2dd274a80279142ef8ec70c44b72cfddc57b8a5aa5e898ee	type2
7p22.1	HG00514	h1	HG00514_h1_HML-2_7p22.1_graph_hgsvc3-2024-02-23-mc-chm13_MULTI	1	3	HG00514_h1_HML-2_7p22.1_graph_hgsvc3-2024-02-23-mc-chm13_MULTI_part1	historical_source/Documents/HML2_project_data/hgsvc3-2024-02-23-mc-chm13/HML-2_7p22.1/HG00514_h1_HML-2_7p22.1_graph_hgsvc3-2024-02-23-mc-chm13.fa	7f51718dde1257671798876e5da8d209e1666680ba5b8364edca9274f450cda4	>HG00514_h1_HML-2_7p22.1_graph_hgsvc3-2024-02-23-mc-chm13_MULTI|HG00514#1#haplotype1-0000020#0:59598419-59725218 genomic_strand:-	HG00514#1#haplotype1-0000020#0:59715154-59724611	500	107	9565	9458	68fc94f2b1ae5a1bd0924d5dbaf7ff7b5da0f0cc7abcd0cc8ab8c54da1b6fc5a	type2
7p22.1	HG00514	h1	HG00514_h1_HML-2_7p22.1_graph_hgsvc3-2024-02-23-mc-chm13_MULTI	2	3	HG00514_h1_HML-2_7p22.1_graph_hgsvc3-2024-02-23-mc-chm13_MULTI_part2	historical_source/Documents/HML2_project_data/hgsvc3-2024-02-23-mc-chm13/HML-2_7p22.1/HG00514_h1_HML-2_7p22.1_graph_hgsvc3-2024-02-23-mc-chm13.fa	7f51718dde1257671798876e5da8d209e1666680ba5b8364edca9274f450cda4	>HG00514_h1_HML-2_7p22.1_graph_hgsvc3-2024-02-23-mc-chm13_MULTI|HG00514#1#haplotype1-0000020#0:59598419-59725218 genomic_strand:-	HG00514#1#haplotype1-0000020#0:59706650-59716108	500	8610	18069	9459	cfb9f6886f2632340a93216327b8d2504b3b409e1cd032ccd0ea3a31b973ee27	type2
7p22.1	HG00514	h1	HG00514_h1_HML-2_7p22.1_graph_hgsvc3-2024-02-23-mc-chm13_MULTI	3	3	HG00514_h1_HML-2_7p22.1_graph_hgsvc3-2024-02-23-mc-chm13_MULTI_part3	historical_source/Documents/HML2_project_data/hgsvc3-2024-02-23-mc-chm13/HML-2_7p22.1/HG00514_h1_HML-2_7p22.1_graph_hgsvc3-2024-02-23-mc-chm13.fa	7f51718dde1257671798876e5da8d209e1666680ba5b8364edca9274f450cda4	>HG00514_h1_HML-2_7p22.1_graph_hgsvc3-2024-02-23-mc-chm13_MULTI|HG00514#1#haplotype1-0000020#0:59598419-59725218 genomic_strand:-	HG00514#1#haplotype1-0000020#0:59698146-59707604	500	17114	26573	9459	bdac0a513051de4364f45484ff7b0ccf956cfbd829158074272c5e83ad627dc6	type2
7p22.1	HG00514	h2	HG00514_h2_HML-2_7p22.1_graph_hgsvc3-2024-02-23-mc-chm13_MULTI	1	2	HG00514_h2_HML-2_7p22.1_graph_hgsvc3-2024-02-23-mc-chm13_MULTI_part1	historical_source/Documents/HML2_project_data/hgsvc3-2024-02-23-mc-chm13/HML-2_7p22.1/HG00514_h2_HML-2_7p22.1_graph_hgsvc3-2024-02-23-mc-chm13.fa	eadb7adc4b0ec6149ab31da1ada197e8bf971aa43c83811eeb33aee6ffa600e2	>HG00514_h2_HML-2_7p22.1_graph_hgsvc3-2024-02-23-mc-chm13_MULTI|HG00514#2#haplotype2-0000165#0:56967421-57085675 genomic_strand:-	HG00514#2#haplotype2-0000165#0:57075611-57085068	500	107	9565	9458	8b01933a350f0aa1c59483e8de0972b0fcb343daabc70a8318fcf56c6dc0d1f8	type2
7p22.1	HG00514	h2	HG00514_h2_HML-2_7p22.1_graph_hgsvc3-2024-02-23-mc-chm13_MULTI	2	2	HG00514_h2_HML-2_7p22.1_graph_hgsvc3-2024-02-23-mc-chm13_MULTI_part2	historical_source/Documents/HML2_project_data/hgsvc3-2024-02-23-mc-chm13/HML-2_7p22.1/HG00514_h2_HML-2_7p22.1_graph_hgsvc3-2024-02-23-mc-chm13.fa	eadb7adc4b0ec6149ab31da1ada197e8bf971aa43c83811eeb33aee6ffa600e2	>HG00514_h2_HML-2_7p22.1_graph_hgsvc3-2024-02-23-mc-chm13_MULTI|HG00514#2#haplotype2-0000165#0:56967421-57085675 genomic_strand:-	HG00514#2#haplotype2-0000165#0:57067107-57076565	500	8610	18069	9459	e4da7b39b22bbafe83d41b72798c79d120473841b431880fda5c5c93e987d2e2	type2
7p22.1	HG00558	mat	HG00558_mat_hprc_r2_v1.0.1_HML-2_7p22.1_MULTI	1	2	HG00558_mat_hprc_r2_v1.0.1_HML-2_7p22.1_MULTI_part1	historical_source/Documents/HML2_project_data/processed_loci/HML-2_7p22.1/HG00558_mat_hprc_r2_v1.0.1_HML-2_7p22.1.fa	6ec1885b99c8640918c35e13c7659274ae9b845379e39b331cb60a20675bf95c	>HG00558_mat_hprc_r2_v1.0.1_HML-2_7p22.1_MULTI assembly_coords:HG00558#2#CM088525.1:4726763-4769375 genomic_strand:-	HG00558#2#CM088525.1:4735373-4744827	0	24548	34003	9455	9c7a94b098a5934da4baaf9c3f009c1830f2b8887bda3d5aaaf4cf0c984c7a9d	type2
7p22.1	HG00558	mat	HG00558_mat_hprc_r2_v1.0.1_HML-2_7p22.1_MULTI	2	2	HG00558_mat_hprc_r2_v1.0.1_HML-2_7p22.1_MULTI_part2	historical_source/Documents/HML2_project_data/processed_loci/HML-2_7p22.1/HG00558_mat_hprc_r2_v1.0.1_HML-2_7p22.1.fa	6ec1885b99c8640918c35e13c7659274ae9b845379e39b331cb60a20675bf95c	>HG00558_mat_hprc_r2_v1.0.1_HML-2_7p22.1_MULTI assembly_coords:HG00558#2#CM088525.1:4726763-4769375 genomic_strand:-	HG00558#2#CM088525.1:4726869-4736327	0	33048	42507	9459	e4da7b39b22bbafe83d41b72798c79d120473841b431880fda5c5c93e987d2e2	type2
7p22.1	HG00558	pat	HG00558_pat_hprc_r2_v1.0.1_HML-2_7p22.1_MULTI	1	2	HG00558_pat_hprc_r2_v1.0.1_HML-2_7p22.1_MULTI_part1	historical_source/Documents/HML2_project_data/processed_loci/HML-2_7p22.1/HG00558_pat_hprc_r2_v1.0.1_HML-2_7p22.1.fa	b27608459f81a1e5b7dbb75228414fafce1ffb0489ef16ecda0ff8cb86625243	>HG00558_pat_hprc_r2_v1.0.1_HML-2_7p22.1_MULTI assembly_coords:HG00558#1#CM088496.1:4709357-4751892 genomic_strand:-	HG00558#1#CM088496.1:4717967-4727424	0	24468	33926	9458	aab75cc97b9ebc4e33d118f669b3c501f44f5cae734a2f53f99a8694cc675330	type2
7p22.1	HG00558	pat	HG00558_pat_hprc_r2_v1.0.1_HML-2_7p22.1_MULTI	2	2	HG00558_pat_hprc_r2_v1.0.1_HML-2_7p22.1_MULTI_part2	historical_source/Documents/HML2_project_data/processed_loci/HML-2_7p22.1/HG00558_pat_hprc_r2_v1.0.1_HML-2_7p22.1.fa	b27608459f81a1e5b7dbb75228414fafce1ffb0489ef16ecda0ff8cb86625243	>HG00558_pat_hprc_r2_v1.0.1_HML-2_7p22.1_MULTI assembly_coords:HG00558#1#CM088496.1:4709357-4751892 genomic_strand:-	HG00558#1#CM088496.1:4709463-4718921	0	32971	42430	9459	e4da7b39b22bbafe83d41b72798c79d120473841b431880fda5c5c93e987d2e2	type2
7p22.1	HG00597	pat	HG00597_pat_hprc_r2_v1.0.1_HML-2_7p22.1_MULTI	1	2	HG00597_pat_hprc_r2_v1.0.1_HML-2_7p22.1_MULTI_part1	historical_source/Documents/HML2_project_data/processed_loci/HML-2_7p22.1/HG00597_pat_hprc_r2_v1.0.1_HML-2_7p22.1.fa	173d15f53efa4a05dad704a04761841ddd15d5f4606ac5d7662aba48dbcd5b95	>HG00597_pat_hprc_r2_v1.0.1_HML-2_7p22.1_MULTI assembly_coords:HG00597#1#CM085770.1:4704002-4746533 genomic_strand:-	HG00597#1#CM085770.1:4712612-4722069	0	24464	33922	9458	8b01933a350f0aa1c59483e8de0972b0fcb343daabc70a8318fcf56c6dc0d1f8	type2
7p22.1	HG00597	pat	HG00597_pat_hprc_r2_v1.0.1_HML-2_7p22.1_MULTI	2	2	HG00597_pat_hprc_r2_v1.0.1_HML-2_7p22.1_MULTI_part2	historical_source/Documents/HML2_project_data/processed_loci/HML-2_7p22.1/HG00597_pat_hprc_r2_v1.0.1_HML-2_7p22.1.fa	173d15f53efa4a05dad704a04761841ddd15d5f4606ac5d7662aba48dbcd5b95	>HG00597_pat_hprc_r2_v1.0.1_HML-2_7p22.1_MULTI assembly_coords:HG00597#1#CM085770.1:4704002-4746533 genomic_strand:-	HG00597#1#CM085770.1:4704108-4713566	0	32967	42426	9459	e4da7b39b22bbafe83d41b72798c79d120473841b431880fda5c5c93e987d2e2	type2
7p22.1	HG00609	mat	HG00609_mat_hprc_r2_v1.0.1_HML-2_7p22.1_MULTI	1	2	HG00609_mat_hprc_r2_v1.0.1_HML-2_7p22.1_MULTI_part1	historical_source/Documents/HML2_project_data/processed_loci/HML-2_7p22.1/HG00609_mat_hprc_r2_v1.0.1_HML-2_7p22.1.fa	a180b646227072c317fffc204e632a0679960f72a12ff43bea3ba80995ea12b6	>HG00609_mat_hprc_r2_v1.0.1_HML-2_7p22.1_MULTI assembly_coords:HG00609#2#CM086362.1:4710837-4753463 genomic_strand:-	HG00609#2#CM086362.1:4719447-4728905	0	24558	34017	9459	7059031f69f9c140422cc89d63a68f4fc187b9cc750e0c15c126cad3f1fa97d4	type2
7p22.1	HG00609	mat	HG00609_mat_hprc_r2_v1.0.1_HML-2_7p22.1_MULTI	2	2	HG00609_mat_hprc_r2_v1.0.1_HML-2_7p22.1_MULTI_part2	historical_source/Documents/HML2_project_data/processed_loci/HML-2_7p22.1/HG00609_mat_hprc_r2_v1.0.1_HML-2_7p22.1.fa	a180b646227072c317fffc204e632a0679960f72a12ff43bea3ba80995ea12b6	>HG00609_mat_hprc_r2_v1.0.1_HML-2_7p22.1_MULTI assembly_coords:HG00609#2#CM086362.1:4710837-4753463 genomic_strand:-	HG00609#2#CM086362.1:4710943-4720401	0	33062	42521	9459	4d1653cbf38667871f210021f2040793a8872187c572c28583011b35c093bee7	type2
7p22.1	HG00609	pat	HG00609_pat_hprc_r2_v1.0.1_HML-2_7p22.1_MULTI	1	2	HG00609_pat_hprc_r2_v1.0.1_HML-2_7p22.1_MULTI_part1	historical_source/Documents/HML2_project_data/processed_loci/HML-2_7p22.1/HG00609_pat_hprc_r2_v1.0.1_HML-2_7p22.1.fa	7a479023ce2e71f7d2185023d07e652a8429f3b7a3a6337ac0696055c89c134f	>HG00609_pat_hprc_r2_v1.0.1_HML-2_7p22.1_MULTI assembly_coords:HG00609#1#JBHDRX010000050.1:4698183-4740713 genomic_strand:-	HG00609#1#JBHDRX010000050.1:4706793-4716250	0	24463	33921	9458	8b01933a350f0aa1c59483e8de0972b0fcb343daabc70a8318fcf56c6dc0d1f8	type2
7p22.1	HG00609	pat	HG00609_pat_hprc_r2_v1.0.1_HML-2_7p22.1_MULTI	2	2	HG00609_pat_hprc_r2_v1.0.1_HML-2_7p22.1_MULTI_part2	historical_source/Documents/HML2_project_data/processed_loci/HML-2_7p22.1/HG00609_pat_hprc_r2_v1.0.1_HML-2_7p22.1.fa	7a479023ce2e71f7d2185023d07e652a8429f3b7a3a6337ac0696055c89c134f	>HG00609_pat_hprc_r2_v1.0.1_HML-2_7p22.1_MULTI assembly_coords:HG00609#1#JBHDRX010000050.1:4698183-4740713 genomic_strand:-	HG00609#1#JBHDRX010000050.1:4698289-4707747	0	32966	42425	9459	e4da7b39b22bbafe83d41b72798c79d120473841b431880fda5c5c93e987d2e2	type2
7p22.1	HG00673	mat	HG00673_mat_hprc_r2_v1.0.1_HML-2_7p22.1_MULTI	1	2	HG00673_mat_hprc_r2_v1.0.1_HML-2_7p22.1_MULTI_part1	historical_source/Documents/HML2_project_data/processed_loci/HML-2_7p22.1/HG00673_mat_hprc_r2_v1.0.1_HML-2_7p22.1.fa	c6a33d7a34cceee4ad877df87efc9e5e76780c67ea71d005521ab4ace9b6ec01	>HG00673_mat_hprc_r2_v1.0.1_HML-2_7p22.1_MULTI assembly_coords:HG00673#2#CM089158.1:4687789-4730329 genomic_strand:-	HG00673#2#CM089158.1:4696399-4705856	0	24473	33931	9458	854971e1f5cc46ae21fb78c00656241d7f33db0d3f11250e1d462e119211e707	type2
7p22.1	HG00673	mat	HG00673_mat_hprc_r2_v1.0.1_HML-2_7p22.1_MULTI	2	2	HG00673_mat_hprc_r2_v1.0.1_HML-2_7p22.1_MULTI_part2	historical_source/Documents/HML2_project_data/processed_loci/HML-2_7p22.1/HG00673_mat_hprc_r2_v1.0.1_HML-2_7p22.1.fa	c6a33d7a34cceee4ad877df87efc9e5e76780c67ea71d005521ab4ace9b6ec01	>HG00673_mat_hprc_r2_v1.0.1_HML-2_7p22.1_MULTI assembly_coords:HG00673#2#CM089158.1:4687789-4730329 genomic_strand:-	HG00673#2#CM089158.1:4687895-4697353	0	32976	42435	9459	a5234951102dfe818e5e2055dd6d91e14b8a4cf65d43b87fd01cd5ce7bebee18	type2
7p22.1	HG00673	pat	HG00673_pat_hprc_r2_v1.0.1_HML-2_7p22.1_MULTI	1	2	HG00673_pat_hprc_r2_v1.0.1_HML-2_7p22.1_MULTI_part1	historical_source/Documents/HML2_project_data/processed_loci/HML-2_7p22.1/HG00673_pat_hprc_r2_v1.0.1_HML-2_7p22.1.fa	e2d2f61f21ac079f1c2215123c9561b0ae6f833ee0c8ee8a4552c7d8de8fd612	>HG00673_pat_hprc_r2_v1.0.1_HML-2_7p22.1_MULTI assembly_coords:HG00673#1#CM089146.1:4715817-4758370 genomic_strand:-	HG00673#1#CM089146.1:4724427-4733884	0	24486	33944	9458	8b01933a350f0aa1c59483e8de0972b0fcb343daabc70a8318fcf56c6dc0d1f8	type2
7p22.1	HG00673	pat	HG00673_pat_hprc_r2_v1.0.1_HML-2_7p22.1_MULTI	2	2	HG00673_pat_hprc_r2_v1.0.1_HML-2_7p22.1_MULTI_part2	historical_source/Documents/HML2_project_data/processed_loci/HML-2_7p22.1/HG00673_pat_hprc_r2_v1.0.1_HML-2_7p22.1.fa	e2d2f61f21ac079f1c2215123c9561b0ae6f833ee0c8ee8a4552c7d8de8fd612	>HG00673_pat_hprc_r2_v1.0.1_HML-2_7p22.1_MULTI assembly_coords:HG00673#1#CM089146.1:4715817-4758370 genomic_strand:-	HG00673#1#CM089146.1:4715923-4725381	0	32989	42448	9459	e4da7b39b22bbafe83d41b72798c79d120473841b431880fda5c5c93e987d2e2	type2
7p22.1	HG00706	pat	HG00706_pat_hprc_r2_v1.0.1_HML-2_7p22.1_MULTI	1	2	HG00706_pat_hprc_r2_v1.0.1_HML-2_7p22.1_MULTI_part1	historical_source/Documents/HML2_project_data/processed_loci/HML-2_7p22.1/HG00706_pat_hprc_r2_v1.0.1_HML-2_7p22.1.fa	3dd52b93530cc0a60c319fea63d5b27c00569288264440a981f7d53076075f2f	>HG00706_pat_hprc_r2_v1.0.1_HML-2_7p22.1_MULTI assembly_coords:HG00706#1#CM100017.1:4721783-4764382 genomic_strand:-	HG00706#1#CM100017.1:4730393-4739850	0	24532	33990	9458	8b01933a350f0aa1c59483e8de0972b0fcb343daabc70a8318fcf56c6dc0d1f8	type2
7p22.1	HG00706	pat	HG00706_pat_hprc_r2_v1.0.1_HML-2_7p22.1_MULTI	2	2	HG00706_pat_hprc_r2_v1.0.1_HML-2_7p22.1_MULTI_part2	historical_source/Documents/HML2_project_data/processed_loci/HML-2_7p22.1/HG00706_pat_hprc_r2_v1.0.1_HML-2_7p22.1.fa	3dd52b93530cc0a60c319fea63d5b27c00569288264440a981f7d53076075f2f	>HG00706_pat_hprc_r2_v1.0.1_HML-2_7p22.1_MULTI assembly_coords:HG00706#1#CM100017.1:4721783-4764382 genomic_strand:-	HG00706#1#CM100017.1:4721889-4731347	0	33035	42494	9459	e27c2e6e7db352b417c3ba0ad65f7a03c23c53e54119490095a11bee3a3c4d6a	type2
7p22.1	HG00735	pat	HG00735_pat_hprc_r2_v1.0.1_HML-2_7p22.1_MULTI	1	2	HG00735_pat_hprc_r2_v1.0.1_HML-2_7p22.1_MULTI_part1	historical_source/Documents/HML2_project_data/processed_loci/HML-2_7p22.1/HG00735_pat_hprc_r2_v1.0.1_HML-2_7p22.1.fa	a885fb144da11f1ae7fbaeeedfa165dc965c7f1780b7d713bd30a717dc6b7d11	>HG00735_pat_hprc_r2_v1.0.1_HML-2_7p22.1_MULTI assembly_coords:HG00735#1#JAHBCH020000011.1:4729491-4772043 genomic_strand:-	HG00735#1#JAHBCH020000011.1:4738101-4747558	0	24485	33943	9458	8b01933a350f0aa1c59483e8de0972b0fcb343daabc70a8318fcf56c6dc0d1f8	type2
7p22.1	HG00735	pat	HG00735_pat_hprc_r2_v1.0.1_HML-2_7p22.1_MULTI	2	2	HG00735_pat_hprc_r2_v1.0.1_HML-2_7p22.1_MULTI_part2	historical_source/Documents/HML2_project_data/processed_loci/HML-2_7p22.1/HG00735_pat_hprc_r2_v1.0.1_HML-2_7p22.1.fa	a885fb144da11f1ae7fbaeeedfa165dc965c7f1780b7d713bd30a717dc6b7d11	>HG00735_pat_hprc_r2_v1.0.1_HML-2_7p22.1_MULTI assembly_coords:HG00735#1#JAHBCH020000011.1:4729491-4772043 genomic_strand:-	HG00735#1#JAHBCH020000011.1:4729597-4739055	0	32988	42447	9459	42fa3d60173c6e4586912d4faef0bfbc1fd0f6ffe47ec409e36c3aa49811745e	type2
7p22.1	HG00738	mat	HG00738_mat_hprc_r2_v1.0.1_HML-2_7p22.1_MULTI	1	2	HG00738_mat_hprc_r2_v1.0.1_HML-2_7p22.1_MULTI_part1	historical_source/Documents/HML2_project_data/processed_loci/HML-2_7p22.1/HG00738_mat_hprc_r2_v1.0.1_HML-2_7p22.1.fa	b585c113f7b77ff99bf5113c18e474cb0ca396081be3fc28d779b7424bc9fc7a	>HG00738_mat_hprc_r2_v1.0.1_HML-2_7p22.1_MULTI assembly_coords:HG00738#2#JBHDSY010000050.1:4716788-4759323 genomic_strand:-	HG00738#2#JBHDSY010000050.1:4725398-4734855	0	24468	33926	9458	70d9da798e90f8caa96e6f6de3be2b25351d9cfd371b28b71225cdb830cc66f4	type2
7p22.1	HG00738	mat	HG00738_mat_hprc_r2_v1.0.1_HML-2_7p22.1_MULTI	2	2	HG00738_mat_hprc_r2_v1.0.1_HML-2_7p22.1_MULTI_part2	historical_source/Documents/HML2_project_data/processed_loci/HML-2_7p22.1/HG00738_mat_hprc_r2_v1.0.1_HML-2_7p22.1.fa	b585c113f7b77ff99bf5113c18e474cb0ca396081be3fc28d779b7424bc9fc7a	>HG00738_mat_hprc_r2_v1.0.1_HML-2_7p22.1_MULTI assembly_coords:HG00738#2#JBHDSY010000050.1:4716788-4759323 genomic_strand:-	HG00738#2#JBHDSY010000050.1:4716894-4726352	0	32971	42430	9459	72b18153fb48d06944067a92b157b520da2c78918dd82fbf3504d3abb4270dbc	type2
7p22.1	HG00741	mat	HG00741_mat_hprc_r2_v1.0.1_HML-2_7p22.1_MULTI	1	2	HG00741_mat_hprc_r2_v1.0.1_HML-2_7p22.1_MULTI_part1	historical_source/Documents/HML2_project_data/processed_loci/HML-2_7p22.1/HG00741_mat_hprc_r2_v1.0.1_HML-2_7p22.1.fa	be0c81626414f8aa52d09c5ea5fa699a21d837e662336b3727ce87d800ff82e9	>HG00741_mat_hprc_r2_v1.0.1_HML-2_7p22.1_MULTI assembly_coords:HG00741#2#CM087912.1:4772442-4814995 genomic_strand:-	HG00741#2#CM087912.1:4781052-4790509	0	24486	33944	9458	e0dd099a4646fb7156511f065a6000f6e52edbda8cf3211c1e51b203da9430af	type2
7p22.1	HG00741	mat	HG00741_mat_hprc_r2_v1.0.1_HML-2_7p22.1_MULTI	2	2	HG00741_mat_hprc_r2_v1.0.1_HML-2_7p22.1_MULTI_part2	historical_source/Documents/HML2_project_data/processed_loci/HML-2_7p22.1/HG00741_mat_hprc_r2_v1.0.1_HML-2_7p22.1.fa	be0c81626414f8aa52d09c5ea5fa699a21d837e662336b3727ce87d800ff82e9	>HG00741_mat_hprc_r2_v1.0.1_HML-2_7p22.1_MULTI assembly_coords:HG00741#2#CM087912.1:4772442-4814995 genomic_strand:-	HG00741#2#CM087912.1:4772548-4782006	0	32989	42448	9459	42fa3d60173c6e4586912d4faef0bfbc1fd0f6ffe47ec409e36c3aa49811745e	type2
7p22.1	HG00864	h1	HG00864_h1_HML-2_7p22.1_graph_hgsvc3-2024-02-23-mc-chm13_MULTI	1	2	HG00864_h1_HML-2_7p22.1_graph_hgsvc3-2024-02-23-mc-chm13_MULTI_part1	historical_source/Documents/HML2_project_data/hgsvc3-2024-02-23-mc-chm13/HML-2_7p22.1/HG00864_h1_HML-2_7p22.1_graph_hgsvc3-2024-02-23-mc-chm13.fa	5f97e7ced2edb64fad47b3bdbc75958170e1131dc79b6d74ef72ecff4a8f62fa	>HG00864_h1_HML-2_7p22.1_graph_hgsvc3-2024-02-23-mc-chm13_MULTI|HG00864#1#haplotype1-0000026#0:4653836-4772116 genomic_strand:-	HG00864#1#haplotype1-0000026#0:4762052-4771509	500	107	9565	9458	8b01933a350f0aa1c59483e8de0972b0fcb343daabc70a8318fcf56c6dc0d1f8	type2
7p22.1	HG00864	h1	HG00864_h1_HML-2_7p22.1_graph_hgsvc3-2024-02-23-mc-chm13_MULTI	2	2	HG00864_h1_HML-2_7p22.1_graph_hgsvc3-2024-02-23-mc-chm13_MULTI_part2	historical_source/Documents/HML2_project_data/hgsvc3-2024-02-23-mc-chm13/HML-2_7p22.1/HG00864_h1_HML-2_7p22.1_graph_hgsvc3-2024-02-23-mc-chm13.fa	5f97e7ced2edb64fad47b3bdbc75958170e1131dc79b6d74ef72ecff4a8f62fa	>HG00864_h1_HML-2_7p22.1_graph_hgsvc3-2024-02-23-mc-chm13_MULTI|HG00864#1#haplotype1-0000026#0:4653836-4772116 genomic_strand:-	HG00864#1#haplotype1-0000026#0:4753548-4763006	500	8610	18069	9459	e4da7b39b22bbafe83d41b72798c79d120473841b431880fda5c5c93e987d2e2	type2
7p22.1	HG01074	mat	HG01074_mat_hprc_r2_v1.0.1_HML-2_7p22.1_MULTI	1	2	HG01074_mat_hprc_r2_v1.0.1_HML-2_7p22.1_MULTI_part1	historical_source/Documents/HML2_project_data/processed_loci/HML-2_7p22.1/HG01074_mat_hprc_r2_v1.0.1_HML-2_7p22.1.fa	3ae8fd72129aa1cb92cc7c45bbf2bc9ccff6978324a0625c0f3623267723b665	>HG01074_mat_hprc_r2_v1.0.1_HML-2_7p22.1_MULTI assembly_coords:HG01074#2#CM088813.1:4760547-4803098 genomic_strand:-	HG01074#2#CM088813.1:4769157-4778615	0	24483	33942	9459	7059031f69f9c140422cc89d63a68f4fc187b9cc750e0c15c126cad3f1fa97d4	type2
7p22.1	HG01074	mat	HG01074_mat_hprc_r2_v1.0.1_HML-2_7p22.1_MULTI	2	2	HG01074_mat_hprc_r2_v1.0.1_HML-2_7p22.1_MULTI_part2	historical_source/Documents/HML2_project_data/processed_loci/HML-2_7p22.1/HG01074_mat_hprc_r2_v1.0.1_HML-2_7p22.1.fa	3ae8fd72129aa1cb92cc7c45bbf2bc9ccff6978324a0625c0f3623267723b665	>HG01074_mat_hprc_r2_v1.0.1_HML-2_7p22.1_MULTI assembly_coords:HG01074#2#CM088813.1:4760547-4803098 genomic_strand:-	HG01074#2#CM088813.1:4760653-4770111	0	32987	42446	9459	274ebf0106bf05749cb46271241eeb97cf86e00ca6003bf46f122e163ab9ad09	type2
7p22.1	HG01099	pat	HG01099_pat_hprc_r2_v1.0.1_HML-2_7p22.1_MULTI	1	2	HG01099_pat_hprc_r2_v1.0.1_HML-2_7p22.1_MULTI_part1	historical_source/Documents/HML2_project_data/processed_loci/HML-2_7p22.1/HG01099_pat_hprc_r2_v1.0.1_HML-2_7p22.1.fa	7b59c1a12416719a45ad341f3b38cedefe9e1aa3c2ab0d42e289cf705a527fe4	>HG01099_pat_hprc_r2_v1.0.1_HML-2_7p22.1_MULTI assembly_coords:HG01099#1#CM086261.1:4723923-4766475 genomic_strand:-	HG01099#1#CM086261.1:4732533-4741990	0	24485	33943	9458	8b01933a350f0aa1c59483e8de0972b0fcb343daabc70a8318fcf56c6dc0d1f8	type2
7p22.1	HG01099	pat	HG01099_pat_hprc_r2_v1.0.1_HML-2_7p22.1_MULTI	2	2	HG01099_pat_hprc_r2_v1.0.1_HML-2_7p22.1_MULTI_part2	historical_source/Documents/HML2_project_data/processed_loci/HML-2_7p22.1/HG01099_pat_hprc_r2_v1.0.1_HML-2_7p22.1.fa	7b59c1a12416719a45ad341f3b38cedefe9e1aa3c2ab0d42e289cf705a527fe4	>HG01099_pat_hprc_r2_v1.0.1_HML-2_7p22.1_MULTI assembly_coords:HG01099#1#CM086261.1:4723923-4766475 genomic_strand:-	HG01099#1#CM086261.1:4724029-4733487	0	32988	42447	9459	42fa3d60173c6e4586912d4faef0bfbc1fd0f6ffe47ec409e36c3aa49811745e	type2
7p22.1	HG01106	mat	HG01106_mat_hprc_r2_v1.0.1_HML-2_7p22.1_MULTI	1	2	HG01106_mat_hprc_r2_v1.0.1_HML-2_7p22.1_MULTI_part1	historical_source/Documents/HML2_project_data/processed_loci/HML-2_7p22.1/HG01106_mat_hprc_r2_v1.0.1_HML-2_7p22.1.fa	b3e0adbebd6ce073303951e5224bc13b47d70a497ac7814d396512967d8668b0	>HG01106_mat_hprc_r2_v1.0.1_HML-2_7p22.1_MULTI assembly_coords:HG01106#2#JAHAMB020000002.1:4704504-4747107 genomic_strand:-	HG01106#2#JAHAMB020000002.1:4713114-4722572	0	24535	33994	9459	7059031f69f9c140422cc89d63a68f4fc187b9cc750e0c15c126cad3f1fa97d4	type2
7p22.1	HG01106	mat	HG01106_mat_hprc_r2_v1.0.1_HML-2_7p22.1_MULTI	2	2	HG01106_mat_hprc_r2_v1.0.1_HML-2_7p22.1_MULTI_part2	historical_source/Documents/HML2_project_data/processed_loci/HML-2_7p22.1/HG01106_mat_hprc_r2_v1.0.1_HML-2_7p22.1.fa	b3e0adbebd6ce073303951e5224bc13b47d70a497ac7814d396512967d8668b0	>HG01106_mat_hprc_r2_v1.0.1_HML-2_7p22.1_MULTI assembly_coords:HG01106#2#JAHAMB020000002.1:4704504-4747107 genomic_strand:-	HG01106#2#JAHAMB020000002.1:4704610-4714068	0	33039	42498	9459	274ebf0106bf05749cb46271241eeb97cf86e00ca6003bf46f122e163ab9ad09	type2
7p22.1	HG01106	pat	HG01106_pat_hprc_r2_v1.0.1_HML-2_7p22.1_MULTI	1	2	HG01106_pat_hprc_r2_v1.0.1_HML-2_7p22.1_MULTI_part1	historical_source/Documents/HML2_project_data/processed_loci/HML-2_7p22.1/HG01106_pat_hprc_r2_v1.0.1_HML-2_7p22.1.fa	6177e6668ecfbf93b7ea8f3e685e7328aaf7aeef02b536c77b03faaa43b207ec	>HG01106_pat_hprc_r2_v1.0.1_HML-2_7p22.1_MULTI assembly_coords:HG01106#1#CM087953.1:4697986-4740593 genomic_strand:-	HG01106#1#CM087953.1:4706596-4716054	0	24539	33998	9459	7059031f69f9c140422cc89d63a68f4fc187b9cc750e0c15c126cad3f1fa97d4	type2
7p22.1	HG01106	pat	HG01106_pat_hprc_r2_v1.0.1_HML-2_7p22.1_MULTI	2	2	HG01106_pat_hprc_r2_v1.0.1_HML-2_7p22.1_MULTI_part2	historical_source/Documents/HML2_project_data/processed_loci/HML-2_7p22.1/HG01106_pat_hprc_r2_v1.0.1_HML-2_7p22.1.fa	6177e6668ecfbf93b7ea8f3e685e7328aaf7aeef02b536c77b03faaa43b207ec	>HG01106_pat_hprc_r2_v1.0.1_HML-2_7p22.1_MULTI assembly_coords:HG01106#1#CM087953.1:4697986-4740593 genomic_strand:-	HG01106#1#CM087953.1:4698092-4707550	0	33043	42502	9459	274ebf0106bf05749cb46271241eeb97cf86e00ca6003bf46f122e163ab9ad09	type2
7p22.1	HG01109	pat	HG01109_pat_hprc_r2_v1.0.1_HML-2_7p22.1_MULTI	1	2	HG01109_pat_hprc_r2_v1.0.1_HML-2_7p22.1_MULTI_part1	historical_source/Documents/HML2_project_data/processed_loci/HML-2_7p22.1/HG01109_pat_hprc_r2_v1.0.1_HML-2_7p22.1.fa	88b278e92feddd4e3bcaae4cb6758e733426b4aba06b6f856242d668afff9e82	>HG01109_pat_hprc_r2_v1.0.1_HML-2_7p22.1_MULTI assembly_coords:HG01109#1#CM092088.1:4756094-4798642 genomic_strand:-	HG01109#1#CM092088.1:4764704-4774162	0	24480	33939	9459	86bb2d96b729ee855ec40bcd2d21bed9b30f525c64fc64a9eb58fef202252b1f	type2
7p22.1	HG01109	pat	HG01109_pat_hprc_r2_v1.0.1_HML-2_7p22.1_MULTI	2	2	HG01109_pat_hprc_r2_v1.0.1_HML-2_7p22.1_MULTI_part2	historical_source/Documents/HML2_project_data/processed_loci/HML-2_7p22.1/HG01109_pat_hprc_r2_v1.0.1_HML-2_7p22.1.fa	88b278e92feddd4e3bcaae4cb6758e733426b4aba06b6f856242d668afff9e82	>HG01109_pat_hprc_r2_v1.0.1_HML-2_7p22.1_MULTI assembly_coords:HG01109#1#CM092088.1:4756094-4798642 genomic_strand:-	HG01109#1#CM092088.1:4756200-4765658	0	32984	42443	9459	274ebf0106bf05749cb46271241eeb97cf86e00ca6003bf46f122e163ab9ad09	type2
7p22.1	HG01150	mat	HG01150_mat_hprc_r2_v1.0.1_HML-2_7p22.1_MULTI	1	2	HG01150_mat_hprc_r2_v1.0.1_HML-2_7p22.1_MULTI_part1	historical_source/Documents/HML2_project_data/processed_loci/HML-2_7p22.1/HG01150_mat_hprc_r2_v1.0.1_HML-2_7p22.1.fa	cf61e21f0750f0ec8873560bff47b020496318a5ab735ee3b45f04db412e8cfa	>HG01150_mat_hprc_r2_v1.0.1_HML-2_7p22.1_MULTI assembly_coords:HG01150#2#CM088615.1:4711229-4753805 genomic_strand:-	HG01150#2#CM088615.1:4719839-4729296	0	24509	33967	9458	374025def4a326cff287b1a7987ccb6e6c525d7d961335286934f45731289f70	type2
7p22.1	HG01150	mat	HG01150_mat_hprc_r2_v1.0.1_HML-2_7p22.1_MULTI	2	2	HG01150_mat_hprc_r2_v1.0.1_HML-2_7p22.1_MULTI_part2	historical_source/Documents/HML2_project_data/processed_loci/HML-2_7p22.1/HG01150_mat_hprc_r2_v1.0.1_HML-2_7p22.1.fa	cf61e21f0750f0ec8873560bff47b020496318a5ab735ee3b45f04db412e8cfa	>HG01150_mat_hprc_r2_v1.0.1_HML-2_7p22.1_MULTI assembly_coords:HG01150#2#CM088615.1:4711229-4753805 genomic_strand:-	HG01150#2#CM088615.1:4711335-4720793	0	33012	42471	9459	72b18153fb48d06944067a92b157b520da2c78918dd82fbf3504d3abb4270dbc	type2
7p22.1	HG01150	pat	HG01150_pat_hprc_r2_v1.0.1_HML-2_7p22.1_MULTI	1	2	HG01150_pat_hprc_r2_v1.0.1_HML-2_7p22.1_MULTI_part1	historical_source/Documents/HML2_project_data/processed_loci/HML-2_7p22.1/HG01150_pat_hprc_r2_v1.0.1_HML-2_7p22.1.fa	6d14960d50c9e9798b41520222a2d18a7fff784e75ec1ea2ab8a13af30590564	>HG01150_pat_hprc_r2_v1.0.1_HML-2_7p22.1_MULTI assembly_coords:HG01150#1#CM088599.1:4713486-4756094 genomic_strand:-	HG01150#1#CM088599.1:4722096-4731554	0	24540	33999	9459	7059031f69f9c140422cc89d63a68f4fc187b9cc750e0c15c126cad3f1fa97d4	type2
7p22.1	HG01150	pat	HG01150_pat_hprc_r2_v1.0.1_HML-2_7p22.1_MULTI	2	2	HG01150_pat_hprc_r2_v1.0.1_HML-2_7p22.1_MULTI_part2	historical_source/Documents/HML2_project_data/processed_loci/HML-2_7p22.1/HG01150_pat_hprc_r2_v1.0.1_HML-2_7p22.1.fa	6d14960d50c9e9798b41520222a2d18a7fff784e75ec1ea2ab8a13af30590564	>HG01150_pat_hprc_r2_v1.0.1_HML-2_7p22.1_MULTI assembly_coords:HG01150#1#CM088599.1:4713486-4756094 genomic_strand:-	HG01150#1#CM088599.1:4713592-4723050	0	33044	42503	9459	274ebf0106bf05749cb46271241eeb97cf86e00ca6003bf46f122e163ab9ad09	type2
7p22.1	HG01167	h2	HG01167_hap2_hprc_r2_v1.0.1_HML-2_7p22.1_MULTI	1	2	HG01167_hap2_hprc_r2_v1.0.1_HML-2_7p22.1_MULTI_part1	historical_source/Documents/HML2_project_data/processed_loci/HML-2_7p22.1/HG01167_hap2_hprc_r2_v1.0.1_HML-2_7p22.1.fa	1898560b168d59a2bef30f35161df6820de996109a1f62affa944abf8c5ca921	>HG01167_hap2_hprc_r2_v1.0.1_HML-2_7p22.1_MULTI assembly_coords:HG01167#2#CM094544.1:4718061-4760612 genomic_strand:-	HG01167#2#CM094544.1:4726671-4736129	0	24483	33942	9459	7059031f69f9c140422cc89d63a68f4fc187b9cc750e0c15c126cad3f1fa97d4	type2
7p22.1	HG01167	h2	HG01167_hap2_hprc_r2_v1.0.1_HML-2_7p22.1_MULTI	2	2	HG01167_hap2_hprc_r2_v1.0.1_HML-2_7p22.1_MULTI_part2	historical_source/Documents/HML2_project_data/processed_loci/HML-2_7p22.1/HG01167_hap2_hprc_r2_v1.0.1_HML-2_7p22.1.fa	1898560b168d59a2bef30f35161df6820de996109a1f62affa944abf8c5ca921	>HG01167_hap2_hprc_r2_v1.0.1_HML-2_7p22.1_MULTI assembly_coords:HG01167#2#CM094544.1:4718061-4760612 genomic_strand:-	HG01167#2#CM094544.1:4718167-4727625	0	32987	42446	9459	274ebf0106bf05749cb46271241eeb97cf86e00ca6003bf46f122e163ab9ad09	type2
7p22.1	HG01243	mat	HG01243_mat_hprc_r2_v1.0.1_HML-2_7p22.1_MULTI	1	2	HG01243_mat_hprc_r2_v1.0.1_HML-2_7p22.1_MULTI_part1	historical_source/Documents/HML2_project_data/processed_loci/HML-2_7p22.1/HG01243_mat_hprc_r2_v1.0.1_HML-2_7p22.1.fa	6e288188c792fd61f35bd09c054056291e0461e22a14aff2fac17d1225fa0d55	>HG01243_mat_hprc_r2_v1.0.1_HML-2_7p22.1_MULTI assembly_coords:HG01243#2#CM099592.1:4720071-4762622 genomic_strand:-	HG01243#2#CM099592.1:4728681-4738138	0	24484	33942	9458	d54df34b2ca5ad3c12d28ed5f5bdd0ca9644e4a2687e6d84062c4777cacb48f7	type2
7p22.1	HG01243	mat	HG01243_mat_hprc_r2_v1.0.1_HML-2_7p22.1_MULTI	2	2	HG01243_mat_hprc_r2_v1.0.1_HML-2_7p22.1_MULTI_part2	historical_source/Documents/HML2_project_data/processed_loci/HML-2_7p22.1/HG01243_mat_hprc_r2_v1.0.1_HML-2_7p22.1.fa	6e288188c792fd61f35bd09c054056291e0461e22a14aff2fac17d1225fa0d55	>HG01243_mat_hprc_r2_v1.0.1_HML-2_7p22.1_MULTI assembly_coords:HG01243#2#CM099592.1:4720071-4762622 genomic_strand:-	HG01243#2#CM099592.1:4720177-4729635	0	32987	42446	9459	6b3d83149db1dfb357e3e17525d129d853328e81feff0f35e69ee0652587b745	type2
7p22.1	HG01252	mat	HG01252_mat_hprc_r2_v1.0.1_HML-2_7p22.1_MULTI	1	2	HG01252_mat_hprc_r2_v1.0.1_HML-2_7p22.1_MULTI_part1	historical_source/Documents/HML2_project_data/processed_loci/HML-2_7p22.1/HG01252_mat_hprc_r2_v1.0.1_HML-2_7p22.1.fa	5c0f933b71a0626be203250873a5e7f11e1f26bd5a5a4a28927b10d44733369b	>HG01252_mat_hprc_r2_v1.0.1_HML-2_7p22.1_MULTI assembly_coords:HG01252#2#CM088856.1:4731878-4774412 genomic_strand:-	HG01252#2#CM088856.1:4740488-4749944	0	24468	33925	9457	cbd922b78258bfad06432c68f654bac290c4789053d4c1b378bfe75e9fb4bfc0	type2
7p22.1	HG01252	mat	HG01252_mat_hprc_r2_v1.0.1_HML-2_7p22.1_MULTI	2	2	HG01252_mat_hprc_r2_v1.0.1_HML-2_7p22.1_MULTI_part2	historical_source/Documents/HML2_project_data/processed_loci/HML-2_7p22.1/HG01252_mat_hprc_r2_v1.0.1_HML-2_7p22.1.fa	5c0f933b71a0626be203250873a5e7f11e1f26bd5a5a4a28927b10d44733369b	>HG01252_mat_hprc_r2_v1.0.1_HML-2_7p22.1_MULTI assembly_coords:HG01252#2#CM088856.1:4731878-4774412 genomic_strand:-	HG01252#2#CM088856.1:4731984-4741442	0	32970	42429	9459	e4da7b39b22bbafe83d41b72798c79d120473841b431880fda5c5c93e987d2e2	type2
7p22.1	HG01252	pat	HG01252_pat_hprc_r2_v1.0.1_HML-2_7p22.1_MULTI	1	2	HG01252_pat_hprc_r2_v1.0.1_HML-2_7p22.1_MULTI_part1	historical_source/Documents/HML2_project_data/processed_loci/HML-2_7p22.1/HG01252_pat_hprc_r2_v1.0.1_HML-2_7p22.1.fa	f994066d1a1a317e35f79192a4018b51bf7117c9692d8ec4caca848e77dcf874	>HG01252_pat_hprc_r2_v1.0.1_HML-2_7p22.1_MULTI assembly_coords:HG01252#1#CM088825.1:4777266-4819882 genomic_strand:-	HG01252#1#CM088825.1:4785876-4795334	0	24548	34007	9459	7059031f69f9c140422cc89d63a68f4fc187b9cc750e0c15c126cad3f1fa97d4	type2
7p22.1	HG01252	pat	HG01252_pat_hprc_r2_v1.0.1_HML-2_7p22.1_MULTI	2	2	HG01252_pat_hprc_r2_v1.0.1_HML-2_7p22.1_MULTI_part2	historical_source/Documents/HML2_project_data/processed_loci/HML-2_7p22.1/HG01252_pat_hprc_r2_v1.0.1_HML-2_7p22.1.fa	f994066d1a1a317e35f79192a4018b51bf7117c9692d8ec4caca848e77dcf874	>HG01252_pat_hprc_r2_v1.0.1_HML-2_7p22.1_MULTI assembly_coords:HG01252#1#CM088825.1:4777266-4819882 genomic_strand:-	HG01252#1#CM088825.1:4777372-4786830	0	33052	42511	9459	274ebf0106bf05749cb46271241eeb97cf86e00ca6003bf46f122e163ab9ad09	type2
7p22.1	HG01258	mat	HG01258_mat_hprc_r2_v1.0.1_HML-2_7p22.1_MULTI	1	2	HG01258_mat_hprc_r2_v1.0.1_HML-2_7p22.1_MULTI_part1	historical_source/Documents/HML2_project_data/processed_loci/HML-2_7p22.1/HG01258_mat_hprc_r2_v1.0.1_HML-2_7p22.1.fa	85bae650d7061ebf99c4d34efd6b5cdd63b47dcceb98d9345438839fbab8a01e	>HG01258_mat_hprc_r2_v1.0.1_HML-2_7p22.1_MULTI assembly_coords:HG01258#2#CM088142.1:4723754-4766309 genomic_strand:-	HG01258#2#CM088142.1:4732364-4741822	0	24487	33946	9459	cedc5b9530e9a2950f7aad779ada6bff8f07d56065532446ae9d5c3fc6a1486e	type2
7p22.1	HG01258	mat	HG01258_mat_hprc_r2_v1.0.1_HML-2_7p22.1_MULTI	2	2	HG01258_mat_hprc_r2_v1.0.1_HML-2_7p22.1_MULTI_part2	historical_source/Documents/HML2_project_data/processed_loci/HML-2_7p22.1/HG01258_mat_hprc_r2_v1.0.1_HML-2_7p22.1.fa	85bae650d7061ebf99c4d34efd6b5cdd63b47dcceb98d9345438839fbab8a01e	>HG01258_mat_hprc_r2_v1.0.1_HML-2_7p22.1_MULTI assembly_coords:HG01258#2#CM088142.1:4723754-4766309 genomic_strand:-	HG01258#2#CM088142.1:4723860-4733318	0	32991	42450	9459	5b0d88905a0d798b6b5044ab467446a7cd959574313f48a4ab284561d8a9b95c	type2
7p22.1	HG01346	mat	HG01346_mat_hprc_r2_v1.0.1_HML-2_7p22.1_MULTI	1	2	HG01346_mat_hprc_r2_v1.0.1_HML-2_7p22.1_MULTI_part1	historical_source/Documents/HML2_project_data/processed_loci/HML-2_7p22.1/HG01346_mat_hprc_r2_v1.0.1_HML-2_7p22.1.fa	6efe3873ab929fb43459263c9b898d3cc2acc1af5a26aba9583500da507b62af	>HG01346_mat_hprc_r2_v1.0.1_HML-2_7p22.1_MULTI assembly_coords:HG01346#2#JBHDSS010000019.1:4757925-4800480 genomic_strand:-	HG01346#2#JBHDSS010000019.1:4766535-4775992	0	24488	33946	9458	27f829faee3a1ca2648e3a4e7d6321bfb7a05e41487c020d6215b8620318c352	type2
7p22.1	HG01346	mat	HG01346_mat_hprc_r2_v1.0.1_HML-2_7p22.1_MULTI	2	2	HG01346_mat_hprc_r2_v1.0.1_HML-2_7p22.1_MULTI_part2	historical_source/Documents/HML2_project_data/processed_loci/HML-2_7p22.1/HG01346_mat_hprc_r2_v1.0.1_HML-2_7p22.1.fa	6efe3873ab929fb43459263c9b898d3cc2acc1af5a26aba9583500da507b62af	>HG01346_mat_hprc_r2_v1.0.1_HML-2_7p22.1_MULTI assembly_coords:HG01346#2#JBHDSS010000019.1:4757925-4800480 genomic_strand:-	HG01346#2#JBHDSS010000019.1:4758031-4767489	0	32991	42450	9459	606efa66c90743016725e3e2a3250bf9f47da455d474ca3d716bde2f0d58fe86	type2
7p22.1	HG01346	pat	HG01346_pat_hprc_r2_v1.0.1_HML-2_7p22.1_MULTI	1	2	HG01346_pat_hprc_r2_v1.0.1_HML-2_7p22.1_MULTI_part1	historical_source/Documents/HML2_project_data/processed_loci/HML-2_7p22.1/HG01346_pat_hprc_r2_v1.0.1_HML-2_7p22.1.fa	dd206bad9dd4f3b87d9032760d1505f9691c638d839c139553892826c49e061a	>HG01346_pat_hprc_r2_v1.0.1_HML-2_7p22.1_MULTI assembly_coords:HG01346#1#JBHDSR010000011.1:4702122-4744676 genomic_strand:-	HG01346#1#JBHDSR010000011.1:4710732-4720189	0	24487	33945	9458	8b01933a350f0aa1c59483e8de0972b0fcb343daabc70a8318fcf56c6dc0d1f8	type2
7p22.1	HG01346	pat	HG01346_pat_hprc_r2_v1.0.1_HML-2_7p22.1_MULTI	2	2	HG01346_pat_hprc_r2_v1.0.1_HML-2_7p22.1_MULTI_part2	historical_source/Documents/HML2_project_data/processed_loci/HML-2_7p22.1/HG01346_pat_hprc_r2_v1.0.1_HML-2_7p22.1.fa	dd206bad9dd4f3b87d9032760d1505f9691c638d839c139553892826c49e061a	>HG01346_pat_hprc_r2_v1.0.1_HML-2_7p22.1_MULTI assembly_coords:HG01346#1#JBHDSR010000011.1:4702122-4744676 genomic_strand:-	HG01346#1#JBHDSR010000011.1:4702228-4711686	0	32990	42449	9459	42fa3d60173c6e4586912d4faef0bfbc1fd0f6ffe47ec409e36c3aa49811745e	type2
7p22.1	HG01358	mat	HG01358_mat_hprc_r2_v1.0.1_HML-2_7p22.1_MULTI	1	2	HG01358_mat_hprc_r2_v1.0.1_HML-2_7p22.1_MULTI_part1	historical_source/Documents/HML2_project_data/processed_loci/HML-2_7p22.1/HG01358_mat_hprc_r2_v1.0.1_HML-2_7p22.1.fa	6281a9cb98ca735d6df35710b7925df30ee01acc30e347eb406487aacbc4bbf4	>HG01358_mat_hprc_r2_v1.0.1_HML-2_7p22.1_MULTI assembly_coords:HG01358#2#CM089069.1:4718165-4760769 genomic_strand:-	HG01358#2#CM089069.1:4726775-4736233	0	24536	33995	9459	7059031f69f9c140422cc89d63a68f4fc187b9cc750e0c15c126cad3f1fa97d4	type2
7p22.1	HG01358	mat	HG01358_mat_hprc_r2_v1.0.1_HML-2_7p22.1_MULTI	2	2	HG01358_mat_hprc_r2_v1.0.1_HML-2_7p22.1_MULTI_part2	historical_source/Documents/HML2_project_data/processed_loci/HML-2_7p22.1/HG01358_mat_hprc_r2_v1.0.1_HML-2_7p22.1.fa	6281a9cb98ca735d6df35710b7925df30ee01acc30e347eb406487aacbc4bbf4	>HG01358_mat_hprc_r2_v1.0.1_HML-2_7p22.1_MULTI assembly_coords:HG01358#2#CM089069.1:4718165-4760769 genomic_strand:-	HG01358#2#CM089069.1:4718271-4727729	0	33040	42499	9459	274ebf0106bf05749cb46271241eeb97cf86e00ca6003bf46f122e163ab9ad09	type2
7p22.1	HG01358	pat	HG01358_pat_hprc_r2_v1.0.1_HML-2_7p22.1_MULTI	1	2	HG01358_pat_hprc_r2_v1.0.1_HML-2_7p22.1_MULTI_part1	historical_source/Documents/HML2_project_data/processed_loci/HML-2_7p22.1/HG01358_pat_hprc_r2_v1.0.1_HML-2_7p22.1.fa	27678797c3a40e0bb743a034cb7b338a86806bce0040da570e2a3cec913cf915	>HG01358_pat_hprc_r2_v1.0.1_HML-2_7p22.1_MULTI assembly_coords:HG01358#1#CM089056.1:4758930-4801552 genomic_strand:-	HG01358#1#CM089056.1:4767540-4776998	0	24554	34013	9459	7059031f69f9c140422cc89d63a68f4fc187b9cc750e0c15c126cad3f1fa97d4	type2
7p22.1	HG01358	pat	HG01358_pat_hprc_r2_v1.0.1_HML-2_7p22.1_MULTI	2	2	HG01358_pat_hprc_r2_v1.0.1_HML-2_7p22.1_MULTI_part2	historical_source/Documents/HML2_project_data/processed_loci/HML-2_7p22.1/HG01358_pat_hprc_r2_v1.0.1_HML-2_7p22.1.fa	27678797c3a40e0bb743a034cb7b338a86806bce0040da570e2a3cec913cf915	>HG01358_pat_hprc_r2_v1.0.1_HML-2_7p22.1_MULTI assembly_coords:HG01358#1#CM089056.1:4758930-4801552 genomic_strand:-	HG01358#1#CM089056.1:4759036-4768494	0	33058	42517	9459	274ebf0106bf05749cb46271241eeb97cf86e00ca6003bf46f122e163ab9ad09	type2
7p22.1	HG01433	pat	HG01433_pat_hprc_r2_v1.0.1_HML-2_7p22.1_MULTI	1	2	HG01433_pat_hprc_r2_v1.0.1_HML-2_7p22.1_MULTI_part1	historical_source/Documents/HML2_project_data/processed_loci/HML-2_7p22.1/HG01433_pat_hprc_r2_v1.0.1_HML-2_7p22.1.fa	d039289b6391ab1d34f7c8cd6dfbe149e412d92cfe712da2d7f3fad4219776d5	>HG01433_pat_hprc_r2_v1.0.1_HML-2_7p22.1_MULTI assembly_coords:HG01433#1#CM086484.1:4762386-4804926 genomic_strand:-	HG01433#1#CM086484.1:4770996-4780453	0	24473	33931	9458	8b01933a350f0aa1c59483e8de0972b0fcb343daabc70a8318fcf56c6dc0d1f8	type2
7p22.1	HG01433	pat	HG01433_pat_hprc_r2_v1.0.1_HML-2_7p22.1_MULTI	2	2	HG01433_pat_hprc_r2_v1.0.1_HML-2_7p22.1_MULTI_part2	historical_source/Documents/HML2_project_data/processed_loci/HML-2_7p22.1/HG01433_pat_hprc_r2_v1.0.1_HML-2_7p22.1.fa	d039289b6391ab1d34f7c8cd6dfbe149e412d92cfe712da2d7f3fad4219776d5	>HG01433_pat_hprc_r2_v1.0.1_HML-2_7p22.1_MULTI assembly_coords:HG01433#1#CM086484.1:4762386-4804926 genomic_strand:-	HG01433#1#CM086484.1:4762492-4771950	0	32976	42435	9459	e4da7b39b22bbafe83d41b72798c79d120473841b431880fda5c5c93e987d2e2	type2
7p22.1	HG01457	h1	HG01457_h1_HML-2_7p22.1_graph_hgsvc3-2024-02-23-mc-chm13_MULTI	1	2	HG01457_h1_HML-2_7p22.1_graph_hgsvc3-2024-02-23-mc-chm13_MULTI_part1	historical_source/Documents/HML2_project_data/hgsvc3-2024-02-23-mc-chm13/HML-2_7p22.1/HG01457_h1_HML-2_7p22.1_graph_hgsvc3-2024-02-23-mc-chm13.fa	bb15b1710ac33f97197efed1c7ae19faef7b312c2bae53b5bd876c267cf9f403	>HG01457_h1_HML-2_7p22.1_graph_hgsvc3-2024-02-23-mc-chm13_MULTI|HG01457#1#haplotype1-0000015#0:154071005-154188999 genomic_strand:-	HG01457#1#haplotype1-0000015#0:154178934-154188392	500	107	9566	9459	7059031f69f9c140422cc89d63a68f4fc187b9cc750e0c15c126cad3f1fa97d4	type2
7p22.1	HG01457	h1	HG01457_h1_HML-2_7p22.1_graph_hgsvc3-2024-02-23-mc-chm13_MULTI	2	2	HG01457_h1_HML-2_7p22.1_graph_hgsvc3-2024-02-23-mc-chm13_MULTI_part2	historical_source/Documents/HML2_project_data/hgsvc3-2024-02-23-mc-chm13/HML-2_7p22.1/HG01457_h1_HML-2_7p22.1_graph_hgsvc3-2024-02-23-mc-chm13.fa	bb15b1710ac33f97197efed1c7ae19faef7b312c2bae53b5bd876c267cf9f403	>HG01457_h1_HML-2_7p22.1_graph_hgsvc3-2024-02-23-mc-chm13_MULTI|HG01457#1#haplotype1-0000015#0:154071005-154188999 genomic_strand:-	HG01457#1#haplotype1-0000015#0:154170430-154179888	500	8611	18070	9459	2fb15676eb2c7d0c945879eec33703c37fec9136fb745c840b7ec942d5ce6b11	type2
7p22.1	HG01457	h2	HG01457_h2_HML-2_7p22.1_graph_hgsvc3-2024-02-23-mc-chm13_MULTI	1	4	HG01457_h2_HML-2_7p22.1_graph_hgsvc3-2024-02-23-mc-chm13_MULTI_part1	historical_source/Documents/HML2_project_data/hgsvc3-2024-02-23-mc-chm13/HML-2_7p22.1/HG01457_h2_HML-2_7p22.1_graph_hgsvc3-2024-02-23-mc-chm13.fa	12a9e3211c20b92313b4d2f23b4c09d3ad4a99f2a8daa29894206d8ee9b20420	>HG01457_h2_HML-2_7p22.1_graph_hgsvc3-2024-02-23-mc-chm13_MULTI|HG01457#2#haplotype2-0000112#0:4664982-4799934 genomic_strand:-	HG01457#2#haplotype2-0000112#0:4789869-4799327	500	107	9566	9459	7059031f69f9c140422cc89d63a68f4fc187b9cc750e0c15c126cad3f1fa97d4	type2
7p22.1	HG01457	h2	HG01457_h2_HML-2_7p22.1_graph_hgsvc3-2024-02-23-mc-chm13_MULTI	2	4	HG01457_h2_HML-2_7p22.1_graph_hgsvc3-2024-02-23-mc-chm13_MULTI_part2	historical_source/Documents/HML2_project_data/hgsvc3-2024-02-23-mc-chm13/HML-2_7p22.1/HG01457_h2_HML-2_7p22.1_graph_hgsvc3-2024-02-23-mc-chm13.fa	12a9e3211c20b92313b4d2f23b4c09d3ad4a99f2a8daa29894206d8ee9b20420	>HG01457_h2_HML-2_7p22.1_graph_hgsvc3-2024-02-23-mc-chm13_MULTI|HG01457#2#haplotype2-0000112#0:4664982-4799934 genomic_strand:-	HG01457#2#haplotype2-0000112#0:4781365-4790823	500	8611	18070	9459	7059031f69f9c140422cc89d63a68f4fc187b9cc750e0c15c126cad3f1fa97d4	type2
7p22.1	HG01457	h2	HG01457_h2_HML-2_7p22.1_graph_hgsvc3-2024-02-23-mc-chm13_MULTI	3	4	HG01457_h2_HML-2_7p22.1_graph_hgsvc3-2024-02-23-mc-chm13_MULTI_part3	historical_source/Documents/HML2_project_data/hgsvc3-2024-02-23-mc-chm13/HML-2_7p22.1/HG01457_h2_HML-2_7p22.1_graph_hgsvc3-2024-02-23-mc-chm13.fa	12a9e3211c20b92313b4d2f23b4c09d3ad4a99f2a8daa29894206d8ee9b20420	>HG01457_h2_HML-2_7p22.1_graph_hgsvc3-2024-02-23-mc-chm13_MULTI|HG01457#2#haplotype2-0000112#0:4664982-4799934 genomic_strand:-	HG01457#2#haplotype2-0000112#0:4772861-4782319	500	17115	26574	9459	7059031f69f9c140422cc89d63a68f4fc187b9cc750e0c15c126cad3f1fa97d4	type2
7p22.1	HG01457	h2	HG01457_h2_HML-2_7p22.1_graph_hgsvc3-2024-02-23-mc-chm13_MULTI	4	4	HG01457_h2_HML-2_7p22.1_graph_hgsvc3-2024-02-23-mc-chm13_MULTI_part4	historical_source/Documents/HML2_project_data/hgsvc3-2024-02-23-mc-chm13/HML-2_7p22.1/HG01457_h2_HML-2_7p22.1_graph_hgsvc3-2024-02-23-mc-chm13.fa	12a9e3211c20b92313b4d2f23b4c09d3ad4a99f2a8daa29894206d8ee9b20420	>HG01457_h2_HML-2_7p22.1_graph_hgsvc3-2024-02-23-mc-chm13_MULTI|HG01457#2#haplotype2-0000112#0:4664982-4799934 genomic_strand:-	HG01457#2#haplotype2-0000112#0:4764357-4773815	500	25619	35078	9459	7059031f69f9c140422cc89d63a68f4fc187b9cc750e0c15c126cad3f1fa97d4	type2
7p22.1	HG01496	pat	HG01496_pat_hprc_r2_v1.0.1_HML-2_7p22.1_MULTI	1	2	HG01496_pat_hprc_r2_v1.0.1_HML-2_7p22.1_MULTI_part1	historical_source/Documents/HML2_project_data/processed_loci/HML-2_7p22.1/HG01496_pat_hprc_r2_v1.0.1_HML-2_7p22.1.fa	891b10d6b3ba7354d7a3b245c30055fd48d3a23ab469bb5022267736a3a17233	>HG01496_pat_hprc_r2_v1.0.1_HML-2_7p22.1_MULTI assembly_coords:HG01496#1#CM086374.1:4725573-4768122 genomic_strand:-	HG01496#1#CM086374.1:4734183-4743640	0	24482	33940	9458	3575c25239b324d30c1503a7c0f5864f97cef1d3d1e3a8e3aa665d499b795e65	type2
7p22.1	HG01496	pat	HG01496_pat_hprc_r2_v1.0.1_HML-2_7p22.1_MULTI	2	2	HG01496_pat_hprc_r2_v1.0.1_HML-2_7p22.1_MULTI_part2	historical_source/Documents/HML2_project_data/processed_loci/HML-2_7p22.1/HG01496_pat_hprc_r2_v1.0.1_HML-2_7p22.1.fa	891b10d6b3ba7354d7a3b245c30055fd48d3a23ab469bb5022267736a3a17233	>HG01496_pat_hprc_r2_v1.0.1_HML-2_7p22.1_MULTI assembly_coords:HG01496#1#CM086374.1:4725573-4768122 genomic_strand:-	HG01496#1#CM086374.1:4725679-4735137	0	32985	42444	9459	6b3d83149db1dfb357e3e17525d129d853328e81feff0f35e69ee0652587b745	type2
7p22.1	HG01505	h1	HG01505_h1_HML-2_7p22.1_graph_hgsvc3-2024-02-23-mc-chm13_MULTI	1	2	HG01505_h1_HML-2_7p22.1_graph_hgsvc3-2024-02-23-mc-chm13_MULTI_part1	historical_source/Documents/HML2_project_data/hgsvc3-2024-02-23-mc-chm13/HML-2_7p22.1/HG01505_h1_HML-2_7p22.1_graph_hgsvc3-2024-02-23-mc-chm13.fa	519e751fce7bea22c3ef5d6dc8c44de40576225e237f53192aa15088fe9f41d6	>HG01505_h1_HML-2_7p22.1_graph_hgsvc3-2024-02-23-mc-chm13_MULTI|HG01505#1#haplotype1-0000019#0:4671892-4790151 genomic_strand:-	HG01505#1#haplotype1-0000019#0:4780087-4789544	500	107	9565	9458	8b01933a350f0aa1c59483e8de0972b0fcb343daabc70a8318fcf56c6dc0d1f8	type2
7p22.1	HG01505	h1	HG01505_h1_HML-2_7p22.1_graph_hgsvc3-2024-02-23-mc-chm13_MULTI	2	2	HG01505_h1_HML-2_7p22.1_graph_hgsvc3-2024-02-23-mc-chm13_MULTI_part2	historical_source/Documents/HML2_project_data/hgsvc3-2024-02-23-mc-chm13/HML-2_7p22.1/HG01505_h1_HML-2_7p22.1_graph_hgsvc3-2024-02-23-mc-chm13.fa	519e751fce7bea22c3ef5d6dc8c44de40576225e237f53192aa15088fe9f41d6	>HG01505_h1_HML-2_7p22.1_graph_hgsvc3-2024-02-23-mc-chm13_MULTI|HG01505#1#haplotype1-0000019#0:4671892-4790151 genomic_strand:-	HG01505#1#haplotype1-0000019#0:4771583-4781041	500	8610	18069	9459	42fa3d60173c6e4586912d4faef0bfbc1fd0f6ffe47ec409e36c3aa49811745e	type2
7p22.1	HG01505	h2	HG01505_h2_HML-2_7p22.1_graph_hgsvc3-2024-02-23-mc-chm13_MULTI	1	2	HG01505_h2_HML-2_7p22.1_graph_hgsvc3-2024-02-23-mc-chm13_MULTI_part1	historical_source/Documents/HML2_project_data/hgsvc3-2024-02-23-mc-chm13/HML-2_7p22.1/HG01505_h2_HML-2_7p22.1_graph_hgsvc3-2024-02-23-mc-chm13.fa	32c4e9196e6446641e14bde32d651a45de9ebe6f63382802afddd1267811b458	>HG01505_h2_HML-2_7p22.1_graph_hgsvc3-2024-02-23-mc-chm13_MULTI|HG01505#2#haplotype2-0000133#0:4665485-4783449 genomic_strand:-	HG01505#2#haplotype2-0000133#0:4773384-4782842	500	107	9566	9459	7059031f69f9c140422cc89d63a68f4fc187b9cc750e0c15c126cad3f1fa97d4	type2
7p22.1	HG01505	h2	HG01505_h2_HML-2_7p22.1_graph_hgsvc3-2024-02-23-mc-chm13_MULTI	2	2	HG01505_h2_HML-2_7p22.1_graph_hgsvc3-2024-02-23-mc-chm13_MULTI_part2	historical_source/Documents/HML2_project_data/hgsvc3-2024-02-23-mc-chm13/HML-2_7p22.1/HG01505_h2_HML-2_7p22.1_graph_hgsvc3-2024-02-23-mc-chm13.fa	32c4e9196e6446641e14bde32d651a45de9ebe6f63382802afddd1267811b458	>HG01505_h2_HML-2_7p22.1_graph_hgsvc3-2024-02-23-mc-chm13_MULTI|HG01505#2#haplotype2-0000133#0:4665485-4783449 genomic_strand:-	HG01505#2#haplotype2-0000133#0:4764880-4774338	500	8611	18070	9459	274ebf0106bf05749cb46271241eeb97cf86e00ca6003bf46f122e163ab9ad09	type2
7p22.1	HG01530	h1	HG01530_hap1_hprc_r2_v1.0.1_HML-2_7p22.1_MULTI	1	2	HG01530_hap1_hprc_r2_v1.0.1_HML-2_7p22.1_MULTI_part1	historical_source/Documents/HML2_project_data/processed_loci/HML-2_7p22.1/HG01530_hap1_hprc_r2_v1.0.1_HML-2_7p22.1.fa	670acb3c6b3534c679b182811bb9a2355ee0904f29241d18d3c61ab8144a0779	>HG01530_hap1_hprc_r2_v1.0.1_HML-2_7p22.1_MULTI assembly_coords:HG01530#1#JBHDXF010000056.1:4716295-4758912 genomic_strand:-	HG01530#1#JBHDXF010000056.1:4724905-4734362	0	24550	34008	9458	8b01933a350f0aa1c59483e8de0972b0fcb343daabc70a8318fcf56c6dc0d1f8	type2
7p22.1	HG01530	h1	HG01530_hap1_hprc_r2_v1.0.1_HML-2_7p22.1_MULTI	2	2	HG01530_hap1_hprc_r2_v1.0.1_HML-2_7p22.1_MULTI_part2	historical_source/Documents/HML2_project_data/processed_loci/HML-2_7p22.1/HG01530_hap1_hprc_r2_v1.0.1_HML-2_7p22.1.fa	670acb3c6b3534c679b182811bb9a2355ee0904f29241d18d3c61ab8144a0779	>HG01530_hap1_hprc_r2_v1.0.1_HML-2_7p22.1_MULTI assembly_coords:HG01530#1#JBHDXF010000056.1:4716295-4758912 genomic_strand:-	HG01530#1#JBHDXF010000056.1:4716401-4725859	0	33053	42512	9459	e4da7b39b22bbafe83d41b72798c79d120473841b431880fda5c5c93e987d2e2	type2
7p22.1	HG01530	h2	HG01530_hap2_hprc_r2_v1.0.1_HML-2_7p22.1_MULTI	1	2	HG01530_hap2_hprc_r2_v1.0.1_HML-2_7p22.1_MULTI_part1	historical_source/Documents/HML2_project_data/processed_loci/HML-2_7p22.1/HG01530_hap2_hprc_r2_v1.0.1_HML-2_7p22.1.fa	ab72faec617f2978521b42c5b7a49f53f82749d1ce782788bd1c25a26ff5ed5a	>HG01530_hap2_hprc_r2_v1.0.1_HML-2_7p22.1_MULTI assembly_coords:HG01530#2#JBHDXG010000050.1:4706495-4749031 genomic_strand:-	HG01530#2#JBHDXG010000050.1:4715105-4724562	0	24469	33927	9458	ea49b95fe0abc885d7bd83999836be0139c5a8ff9fc3837fd47682a0e2c5efdb	type2
7p22.1	HG01530	h2	HG01530_hap2_hprc_r2_v1.0.1_HML-2_7p22.1_MULTI	2	2	HG01530_hap2_hprc_r2_v1.0.1_HML-2_7p22.1_MULTI_part2	historical_source/Documents/HML2_project_data/processed_loci/HML-2_7p22.1/HG01530_hap2_hprc_r2_v1.0.1_HML-2_7p22.1.fa	ab72faec617f2978521b42c5b7a49f53f82749d1ce782788bd1c25a26ff5ed5a	>HG01530_hap2_hprc_r2_v1.0.1_HML-2_7p22.1_MULTI assembly_coords:HG01530#2#JBHDXG010000050.1:4706495-4749031 genomic_strand:-	HG01530#2#JBHDXG010000050.1:4706601-4716059	0	32972	42431	9459	f5d123e2c395884a2dd274a80279142ef8ec70c44b72cfddc57b8a5aa5e898ee	type2
7p22.1	HG01573	h2	HG01573_h2_HML-2_7p22.1_graph_hgsvc3-2024-02-23-mc-chm13_MULTI	1	2	HG01573_h2_HML-2_7p22.1_graph_hgsvc3-2024-02-23-mc-chm13_MULTI_part1	historical_source/Documents/HML2_project_data/hgsvc3-2024-02-23-mc-chm13/HML-2_7p22.1/HG01573_h2_HML-2_7p22.1_graph_hgsvc3-2024-02-23-mc-chm13.fa	2ba10e830cddaa681ba49a10bce0032c2e69332ca7fbc0b4b88aba5a9d7d4873	>HG01573_h2_HML-2_7p22.1_graph_hgsvc3-2024-02-23-mc-chm13_MULTI|HG01573#2#haplotype2-0000109#0:4706696-4824633 genomic_strand:-	HG01573#2#haplotype2-0000109#0:4814568-4824026	500	107	9566	9459	7059031f69f9c140422cc89d63a68f4fc187b9cc750e0c15c126cad3f1fa97d4	type2
7p22.1	HG01573	h2	HG01573_h2_HML-2_7p22.1_graph_hgsvc3-2024-02-23-mc-chm13_MULTI	2	2	HG01573_h2_HML-2_7p22.1_graph_hgsvc3-2024-02-23-mc-chm13_MULTI_part2	historical_source/Documents/HML2_project_data/hgsvc3-2024-02-23-mc-chm13/HML-2_7p22.1/HG01573_h2_HML-2_7p22.1_graph_hgsvc3-2024-02-23-mc-chm13.fa	2ba10e830cddaa681ba49a10bce0032c2e69332ca7fbc0b4b88aba5a9d7d4873	>HG01573_h2_HML-2_7p22.1_graph_hgsvc3-2024-02-23-mc-chm13_MULTI|HG01573#2#haplotype2-0000109#0:4706696-4824633 genomic_strand:-	HG01573#2#haplotype2-0000109#0:4806064-4815522	500	8611	18070	9459	274ebf0106bf05749cb46271241eeb97cf86e00ca6003bf46f122e163ab9ad09	type2
7p22.1	HG01596	h1	HG01596_h1_HML-2_7p22.1_graph_hgsvc3-2024-02-23-mc-chm13_MULTI	1	2	HG01596_h1_HML-2_7p22.1_graph_hgsvc3-2024-02-23-mc-chm13_MULTI_part1	historical_source/Documents/HML2_project_data/hgsvc3-2024-02-23-mc-chm13/HML-2_7p22.1/HG01596_h1_HML-2_7p22.1_graph_hgsvc3-2024-02-23-mc-chm13.fa	96059a0421c35c3332c8c7788fe0df0f6a401f75a844eee6bb0914d69a1125fe	>HG01596_h1_HML-2_7p22.1_graph_hgsvc3-2024-02-23-mc-chm13_MULTI|HG01596#1#haplotype1-0000013#0:156262618-156380919 genomic_strand:-	HG01596#1#haplotype1-0000013#0:156370855-156380312	500	107	9565	9458	746e2a0b2cb3733d2ef3273b6060706cea52cd48bcc1d669352be3355ff1dc38	type2
7p22.1	HG01596	h1	HG01596_h1_HML-2_7p22.1_graph_hgsvc3-2024-02-23-mc-chm13_MULTI	2	2	HG01596_h1_HML-2_7p22.1_graph_hgsvc3-2024-02-23-mc-chm13_MULTI_part2	historical_source/Documents/HML2_project_data/hgsvc3-2024-02-23-mc-chm13/HML-2_7p22.1/HG01596_h1_HML-2_7p22.1_graph_hgsvc3-2024-02-23-mc-chm13.fa	96059a0421c35c3332c8c7788fe0df0f6a401f75a844eee6bb0914d69a1125fe	>HG01596_h1_HML-2_7p22.1_graph_hgsvc3-2024-02-23-mc-chm13_MULTI|HG01596#1#haplotype1-0000013#0:156262618-156380919 genomic_strand:-	HG01596#1#haplotype1-0000013#0:156362351-156371809	500	8610	18069	9459	e4da7b39b22bbafe83d41b72798c79d120473841b431880fda5c5c93e987d2e2	type2
7p22.1	HG01596	h2	HG01596_h2_HML-2_7p22.1_graph_hgsvc3-2024-02-23-mc-chm13_MULTI	1	2	HG01596_h2_HML-2_7p22.1_graph_hgsvc3-2024-02-23-mc-chm13_MULTI_part1	historical_source/Documents/HML2_project_data/hgsvc3-2024-02-23-mc-chm13/HML-2_7p22.1/HG01596_h2_HML-2_7p22.1_graph_hgsvc3-2024-02-23-mc-chm13.fa	eb80b3b7099126ed9a0db6a6d432a35343f74c3492c37ab5c8f86378491cefd6	>HG01596_h2_HML-2_7p22.1_graph_hgsvc3-2024-02-23-mc-chm13_MULTI|HG01596#2#haplotype2-0000104#0:51864093-51982311 genomic_strand:-	HG01596#2#haplotype2-0000104#0:51972247-51981704	500	107	9565	9458	ce701f78a19ad875c2b869c82b230f184fab0afccf54020ec18650de453b5094	type2
7p22.1	HG01596	h2	HG01596_h2_HML-2_7p22.1_graph_hgsvc3-2024-02-23-mc-chm13_MULTI	2	2	HG01596_h2_HML-2_7p22.1_graph_hgsvc3-2024-02-23-mc-chm13_MULTI_part2	historical_source/Documents/HML2_project_data/hgsvc3-2024-02-23-mc-chm13/HML-2_7p22.1/HG01596_h2_HML-2_7p22.1_graph_hgsvc3-2024-02-23-mc-chm13.fa	eb80b3b7099126ed9a0db6a6d432a35343f74c3492c37ab5c8f86378491cefd6	>HG01596_h2_HML-2_7p22.1_graph_hgsvc3-2024-02-23-mc-chm13_MULTI|HG01596#2#haplotype2-0000104#0:51864093-51982311 genomic_strand:-	HG01596#2#haplotype2-0000104#0:51963743-51973201	500	8610	18069	9459	e4da7b39b22bbafe83d41b72798c79d120473841b431880fda5c5c93e987d2e2	type2
7p22.1	HG01784	h1	HG01784_hap1_hprc_r2_v1.0.1_HML-2_7p22.1_MULTI	1	2	HG01784_hap1_hprc_r2_v1.0.1_HML-2_7p22.1_MULTI_part1	historical_source/Documents/HML2_project_data/processed_loci/HML-2_7p22.1/HG01784_hap1_hprc_r2_v1.0.1_HML-2_7p22.1.fa	dfefb09d4184a89b719c174ddff6f94a07bf23d43eaa600b335994539fc59657	>HG01784_hap1_hprc_r2_v1.0.1_HML-2_7p22.1_MULTI assembly_coords:HG01784#1#CM087571.1:4707597-4750135 genomic_strand:-	HG01784#1#CM087571.1:4716207-4725664	0	24471	33929	9458	8b01933a350f0aa1c59483e8de0972b0fcb343daabc70a8318fcf56c6dc0d1f8	type2
7p22.1	HG01784	h1	HG01784_hap1_hprc_r2_v1.0.1_HML-2_7p22.1_MULTI	2	2	HG01784_hap1_hprc_r2_v1.0.1_HML-2_7p22.1_MULTI_part2	historical_source/Documents/HML2_project_data/processed_loci/HML-2_7p22.1/HG01784_hap1_hprc_r2_v1.0.1_HML-2_7p22.1.fa	dfefb09d4184a89b719c174ddff6f94a07bf23d43eaa600b335994539fc59657	>HG01784_hap1_hprc_r2_v1.0.1_HML-2_7p22.1_MULTI assembly_coords:HG01784#1#CM087571.1:4707597-4750135 genomic_strand:-	HG01784#1#CM087571.1:4707703-4717161	0	32974	42433	9459	e4da7b39b22bbafe83d41b72798c79d120473841b431880fda5c5c93e987d2e2	type2
7p22.1	HG01786	h1	HG01786_hap1_hprc_r2_v1.0.1_HML-2_7p22.1_MULTI	1	2	HG01786_hap1_hprc_r2_v1.0.1_HML-2_7p22.1_MULTI_part1	historical_source/Documents/HML2_project_data/processed_loci/HML-2_7p22.1/HG01786_hap1_hprc_r2_v1.0.1_HML-2_7p22.1.fa	0e8d4c9a252e9731278e4c37dbe4f5133310ebb0af9fdc435b9a1f64fdfaa48a	>HG01786_hap1_hprc_r2_v1.0.1_HML-2_7p22.1_MULTI assembly_coords:HG01786#1#CM089505.1:4726308-4768860 genomic_strand:-	HG01786#1#CM089505.1:4734918-4744375	0	24485	33943	9458	8b01933a350f0aa1c59483e8de0972b0fcb343daabc70a8318fcf56c6dc0d1f8	type2
7p22.1	HG01786	h1	HG01786_hap1_hprc_r2_v1.0.1_HML-2_7p22.1_MULTI	2	2	HG01786_hap1_hprc_r2_v1.0.1_HML-2_7p22.1_MULTI_part2	historical_source/Documents/HML2_project_data/processed_loci/HML-2_7p22.1/HG01786_hap1_hprc_r2_v1.0.1_HML-2_7p22.1.fa	0e8d4c9a252e9731278e4c37dbe4f5133310ebb0af9fdc435b9a1f64fdfaa48a	>HG01786_hap1_hprc_r2_v1.0.1_HML-2_7p22.1_MULTI assembly_coords:HG01786#1#CM089505.1:4726308-4768860 genomic_strand:-	HG01786#1#CM089505.1:4726414-4735872	0	32988	42447	9459	42fa3d60173c6e4586912d4faef0bfbc1fd0f6ffe47ec409e36c3aa49811745e	type2
7p22.1	HG01786	h2	HG01786_hap2_hprc_r2_v1.0.1_HML-2_7p22.1_MULTI	1	2	HG01786_hap2_hprc_r2_v1.0.1_HML-2_7p22.1_MULTI_part1	historical_source/Documents/HML2_project_data/processed_loci/HML-2_7p22.1/HG01786_hap2_hprc_r2_v1.0.1_HML-2_7p22.1.fa	934b10cbff48a2b2f01fd3e0f22389bf61f6d0ee70053c34b68641a62227ea91	>HG01786_hap2_hprc_r2_v1.0.1_HML-2_7p22.1_MULTI assembly_coords:HG01786#2#CM089530.1:4704595-4747137 genomic_strand:-	HG01786#2#CM089530.1:4713205-4722662	0	24475	33933	9458	ea49b95fe0abc885d7bd83999836be0139c5a8ff9fc3837fd47682a0e2c5efdb	type2
7p22.1	HG01786	h2	HG01786_hap2_hprc_r2_v1.0.1_HML-2_7p22.1_MULTI	2	2	HG01786_hap2_hprc_r2_v1.0.1_HML-2_7p22.1_MULTI_part2	historical_source/Documents/HML2_project_data/processed_loci/HML-2_7p22.1/HG01786_hap2_hprc_r2_v1.0.1_HML-2_7p22.1.fa	934b10cbff48a2b2f01fd3e0f22389bf61f6d0ee70053c34b68641a62227ea91	>HG01786_hap2_hprc_r2_v1.0.1_HML-2_7p22.1_MULTI assembly_coords:HG01786#2#CM089530.1:4704595-4747137 genomic_strand:-	HG01786#2#CM089530.1:4704701-4714159	0	32978	42437	9459	f5d123e2c395884a2dd274a80279142ef8ec70c44b72cfddc57b8a5aa5e898ee	type2
7p22.1	HG01884	mat	HG01884_mat_hprc_r2_v1.0.1_HML-2_7p22.1_MULTI	1	2	HG01884_mat_hprc_r2_v1.0.1_HML-2_7p22.1_MULTI_part1	historical_source/Documents/HML2_project_data/processed_loci/HML-2_7p22.1/HG01884_mat_hprc_r2_v1.0.1_HML-2_7p22.1.fa	54b685b012cf82a67c058d5f3b0acd364aa93e7e0aecaa5467203597ba32f690	>HG01884_mat_hprc_r2_v1.0.1_HML-2_7p22.1_MULTI assembly_coords:HG01884#2#CM086423.1:4703996-4746539 genomic_strand:-	HG01884#2#CM086423.1:4712606-4722063	0	24476	33934	9458	8b01933a350f0aa1c59483e8de0972b0fcb343daabc70a8318fcf56c6dc0d1f8	type2
7p22.1	HG01884	mat	HG01884_mat_hprc_r2_v1.0.1_HML-2_7p22.1_MULTI	2	2	HG01884_mat_hprc_r2_v1.0.1_HML-2_7p22.1_MULTI_part2	historical_source/Documents/HML2_project_data/processed_loci/HML-2_7p22.1/HG01884_mat_hprc_r2_v1.0.1_HML-2_7p22.1.fa	54b685b012cf82a67c058d5f3b0acd364aa93e7e0aecaa5467203597ba32f690	>HG01884_mat_hprc_r2_v1.0.1_HML-2_7p22.1_MULTI assembly_coords:HG01884#2#CM086423.1:4703996-4746539 genomic_strand:-	HG01884#2#CM086423.1:4704102-4713560	0	32979	42438	9459	e4da7b39b22bbafe83d41b72798c79d120473841b431880fda5c5c93e987d2e2	type2
7p22.1	HG01890	h1	HG01890_h1_HML-2_7p22.1_graph_hgsvc3-2024-02-23-mc-chm13_MULTI	1	2	HG01890_h1_HML-2_7p22.1_graph_hgsvc3-2024-02-23-mc-chm13_MULTI_part1	historical_source/Documents/HML2_project_data/hgsvc3-2024-02-23-mc-chm13/HML-2_7p22.1/HG01890_h1_HML-2_7p22.1_graph_hgsvc3-2024-02-23-mc-chm13.fa	16423b2fec15c04f4ea26e22269b8134dec56cd5a5ae6f8f45862ddb42ea0635	>HG01890_h1_HML-2_7p22.1_graph_hgsvc3-2024-02-23-mc-chm13_MULTI|HG01890#1#haplotype1-0000026#0:51772396-51890645 genomic_strand:-	HG01890#1#haplotype1-0000026#0:51880581-51890038	500	107	9565	9458	bd0d2ff7817059538acc37f59ef8b0a879b849dd29a3d8767a864fcad4b681b0	type2
7p22.1	HG01890	h1	HG01890_h1_HML-2_7p22.1_graph_hgsvc3-2024-02-23-mc-chm13_MULTI	2	2	HG01890_h1_HML-2_7p22.1_graph_hgsvc3-2024-02-23-mc-chm13_MULTI_part2	historical_source/Documents/HML2_project_data/hgsvc3-2024-02-23-mc-chm13/HML-2_7p22.1/HG01890_h1_HML-2_7p22.1_graph_hgsvc3-2024-02-23-mc-chm13.fa	16423b2fec15c04f4ea26e22269b8134dec56cd5a5ae6f8f45862ddb42ea0635	>HG01890_h1_HML-2_7p22.1_graph_hgsvc3-2024-02-23-mc-chm13_MULTI|HG01890#1#haplotype1-0000026#0:51772396-51890645 genomic_strand:-	HG01890#1#haplotype1-0000026#0:51872077-51881535	500	8610	18069	9459	a6fb926dc25c0acb7bb037048600938f4c55b8ca3b879dfa191989c5e3ff665a	type2
7p22.1	HG01891	pat	HG01891_pat_hprc_r2_v1.0.1_HML-2_7p22.1_MULTI	1	2	HG01891_pat_hprc_r2_v1.0.1_HML-2_7p22.1_MULTI_part1	historical_source/Documents/HML2_project_data/processed_loci/HML-2_7p22.1/HG01891_pat_hprc_r2_v1.0.1_HML-2_7p22.1.fa	b7998fcc3fa2b230ec1ac3087870cccd64024726e2b73edbde5f5040bc65a0c1	>HG01891_pat_hprc_r2_v1.0.1_HML-2_7p22.1_MULTI assembly_coords:HG01891#1#CM088185.1:4717119-4759722 genomic_strand:-	HG01891#1#CM088185.1:4725729-4735186	0	24536	33994	9458	bd0d2ff7817059538acc37f59ef8b0a879b849dd29a3d8767a864fcad4b681b0	type2
7p22.1	HG01891	pat	HG01891_pat_hprc_r2_v1.0.1_HML-2_7p22.1_MULTI	2	2	HG01891_pat_hprc_r2_v1.0.1_HML-2_7p22.1_MULTI_part2	historical_source/Documents/HML2_project_data/processed_loci/HML-2_7p22.1/HG01891_pat_hprc_r2_v1.0.1_HML-2_7p22.1.fa	b7998fcc3fa2b230ec1ac3087870cccd64024726e2b73edbde5f5040bc65a0c1	>HG01891_pat_hprc_r2_v1.0.1_HML-2_7p22.1_MULTI assembly_coords:HG01891#1#CM088185.1:4717119-4759722 genomic_strand:-	HG01891#1#CM088185.1:4717225-4726683	0	33039	42498	9459	a6fb926dc25c0acb7bb037048600938f4c55b8ca3b879dfa191989c5e3ff665a	type2
7p22.1	HG01928	mat	HG01928_mat_hprc_r2_v1.0.1_HML-2_7p22.1_MULTI	1	2	HG01928_mat_hprc_r2_v1.0.1_HML-2_7p22.1_MULTI_part1	historical_source/Documents/HML2_project_data/processed_loci/HML-2_7p22.1/HG01928_mat_hprc_r2_v1.0.1_HML-2_7p22.1.fa	9f4dc7cda9f7f0b3996c0819f91a56de135fa76c638e6bb769a079b519b0e14d	>HG01928_mat_hprc_r2_v1.0.1_HML-2_7p22.1_MULTI assembly_coords:HG01928#2#CM089005.1:4708527-4751130 genomic_strand:-	HG01928#2#CM089005.1:4717137-4726595	0	24535	33994	9459	7059031f69f9c140422cc89d63a68f4fc187b9cc750e0c15c126cad3f1fa97d4	type2
7p22.1	HG01928	mat	HG01928_mat_hprc_r2_v1.0.1_HML-2_7p22.1_MULTI	2	2	HG01928_mat_hprc_r2_v1.0.1_HML-2_7p22.1_MULTI_part2	historical_source/Documents/HML2_project_data/processed_loci/HML-2_7p22.1/HG01928_mat_hprc_r2_v1.0.1_HML-2_7p22.1.fa	9f4dc7cda9f7f0b3996c0819f91a56de135fa76c638e6bb769a079b519b0e14d	>HG01928_mat_hprc_r2_v1.0.1_HML-2_7p22.1_MULTI assembly_coords:HG01928#2#CM089005.1:4708527-4751130 genomic_strand:-	HG01928#2#CM089005.1:4708633-4718091	0	33039	42498	9459	274ebf0106bf05749cb46271241eeb97cf86e00ca6003bf46f122e163ab9ad09	type2
7p22.1	HG01940	mat	HG01940_mat_hprc_r2_v1.0.1_HML-2_7p22.1_MULTI	1	2	HG01940_mat_hprc_r2_v1.0.1_HML-2_7p22.1_MULTI_part1	historical_source/Documents/HML2_project_data/processed_loci/HML-2_7p22.1/HG01940_mat_hprc_r2_v1.0.1_HML-2_7p22.1.fa	91525f9bab89cc97f35565a7b52bb4f30177d40c5411ace752b78cca69144cee	>HG01940_mat_hprc_r2_v1.0.1_HML-2_7p22.1_MULTI assembly_coords:HG01940#2#JBHIHL010000039.1:4751350-4793956 genomic_strand:-	HG01940#2#JBHIHL010000039.1:4759960-4769418	0	24538	33997	9459	7059031f69f9c140422cc89d63a68f4fc187b9cc750e0c15c126cad3f1fa97d4	type2
7p22.1	HG01940	mat	HG01940_mat_hprc_r2_v1.0.1_HML-2_7p22.1_MULTI	2	2	HG01940_mat_hprc_r2_v1.0.1_HML-2_7p22.1_MULTI_part2	historical_source/Documents/HML2_project_data/processed_loci/HML-2_7p22.1/HG01940_mat_hprc_r2_v1.0.1_HML-2_7p22.1.fa	91525f9bab89cc97f35565a7b52bb4f30177d40c5411ace752b78cca69144cee	>HG01940_mat_hprc_r2_v1.0.1_HML-2_7p22.1_MULTI assembly_coords:HG01940#2#JBHIHL010000039.1:4751350-4793956 genomic_strand:-	HG01940#2#JBHIHL010000039.1:4751456-4760914	0	33042	42501	9459	37ce9748e9845fe04b9e9dad67314d0c24ad106fe92362a8fe9bd51a9fd087d6	type2
7p22.1	HG01940	pat	HG01940_pat_hprc_r2_v1.0.1_HML-2_7p22.1_MULTI	1	2	HG01940_pat_hprc_r2_v1.0.1_HML-2_7p22.1_MULTI_part1	historical_source/Documents/HML2_project_data/processed_loci/HML-2_7p22.1/HG01940_pat_hprc_r2_v1.0.1_HML-2_7p22.1.fa	29d65b79e8fb5e36b4cecb2ff34d6b2a941bc549d948fb2182cbf15767aded6c	>HG01940_pat_hprc_r2_v1.0.1_HML-2_7p22.1_MULTI assembly_coords:HG01940#1#JBHIHK010000041.1:4733331-4775937 genomic_strand:-	HG01940#1#JBHIHK010000041.1:4741941-4751399	0	24538	33997	9459	7059031f69f9c140422cc89d63a68f4fc187b9cc750e0c15c126cad3f1fa97d4	type2
7p22.1	HG01940	pat	HG01940_pat_hprc_r2_v1.0.1_HML-2_7p22.1_MULTI	2	2	HG01940_pat_hprc_r2_v1.0.1_HML-2_7p22.1_MULTI_part2	historical_source/Documents/HML2_project_data/processed_loci/HML-2_7p22.1/HG01940_pat_hprc_r2_v1.0.1_HML-2_7p22.1.fa	29d65b79e8fb5e36b4cecb2ff34d6b2a941bc549d948fb2182cbf15767aded6c	>HG01940_pat_hprc_r2_v1.0.1_HML-2_7p22.1_MULTI assembly_coords:HG01940#1#JBHIHK010000041.1:4733331-4775937 genomic_strand:-	HG01940#1#JBHIHK010000041.1:4733437-4742895	0	33042	42501	9459	274ebf0106bf05749cb46271241eeb97cf86e00ca6003bf46f122e163ab9ad09	type2
7p22.1	HG01943	mat	HG01943_mat_hprc_r2_v1.0.1_HML-2_7p22.1_MULTI	1	2	HG01943_mat_hprc_r2_v1.0.1_HML-2_7p22.1_MULTI_part1	historical_source/Documents/HML2_project_data/processed_loci/HML-2_7p22.1/HG01943_mat_hprc_r2_v1.0.1_HML-2_7p22.1.fa	1673e3898280f57994bc679b1317d5370ad65c805d0375ba0725cc443648534f	>HG01943_mat_hprc_r2_v1.0.1_HML-2_7p22.1_MULTI assembly_coords:HG01943#2#JBHIIL010000011.1:4723612-4766228 genomic_strand:-	HG01943#2#JBHIIL010000011.1:4732222-4741680	0	24548	34007	9459	7059031f69f9c140422cc89d63a68f4fc187b9cc750e0c15c126cad3f1fa97d4	type2
7p22.1	HG01943	mat	HG01943_mat_hprc_r2_v1.0.1_HML-2_7p22.1_MULTI	2	2	HG01943_mat_hprc_r2_v1.0.1_HML-2_7p22.1_MULTI_part2	historical_source/Documents/HML2_project_data/processed_loci/HML-2_7p22.1/HG01943_mat_hprc_r2_v1.0.1_HML-2_7p22.1.fa	1673e3898280f57994bc679b1317d5370ad65c805d0375ba0725cc443648534f	>HG01943_mat_hprc_r2_v1.0.1_HML-2_7p22.1_MULTI assembly_coords:HG01943#2#JBHIIL010000011.1:4723612-4766228 genomic_strand:-	HG01943#2#JBHIIL010000011.1:4723718-4733176	0	33052	42511	9459	274ebf0106bf05749cb46271241eeb97cf86e00ca6003bf46f122e163ab9ad09	type2
7p22.1	HG01943	pat	HG01943_pat_hprc_r2_v1.0.1_HML-2_7p22.1_MULTI	1	2	HG01943_pat_hprc_r2_v1.0.1_HML-2_7p22.1_MULTI_part1	historical_source/Documents/HML2_project_data/processed_loci/HML-2_7p22.1/HG01943_pat_hprc_r2_v1.0.1_HML-2_7p22.1.fa	6319621510e5cbb2e6faef4120d6247967266c9dc26fd679d8154080355c66f4	>HG01943_pat_hprc_r2_v1.0.1_HML-2_7p22.1_MULTI assembly_coords:HG01943#1#JBHIIK010000016.1:4743845-4786380 genomic_strand:-	HG01943#1#JBHIIK010000016.1:4752455-4761912	0	24468	33926	9458	8b01933a350f0aa1c59483e8de0972b0fcb343daabc70a8318fcf56c6dc0d1f8	type2
7p22.1	HG01943	pat	HG01943_pat_hprc_r2_v1.0.1_HML-2_7p22.1_MULTI	2	2	HG01943_pat_hprc_r2_v1.0.1_HML-2_7p22.1_MULTI_part2	historical_source/Documents/HML2_project_data/processed_loci/HML-2_7p22.1/HG01943_pat_hprc_r2_v1.0.1_HML-2_7p22.1.fa	6319621510e5cbb2e6faef4120d6247967266c9dc26fd679d8154080355c66f4	>HG01943_pat_hprc_r2_v1.0.1_HML-2_7p22.1_MULTI assembly_coords:HG01943#1#JBHIIK010000016.1:4743845-4786380 genomic_strand:-	HG01943#1#JBHIIK010000016.1:4743951-4753409	0	32971	42430	9459	e4da7b39b22bbafe83d41b72798c79d120473841b431880fda5c5c93e987d2e2	type2
7p22.1	HG01952	pat	HG01952_pat_hprc_r2_v1.0.1_HML-2_7p22.1_MULTI	1	2	HG01952_pat_hprc_r2_v1.0.1_HML-2_7p22.1_MULTI_part1	historical_source/Documents/HML2_project_data/processed_loci/HML-2_7p22.1/HG01952_pat_hprc_r2_v1.0.1_HML-2_7p22.1.fa	85de78802a37def26fe477ada5af975d0fcedcb4ff5691503d857e0e360b721a	>HG01952_pat_hprc_r2_v1.0.1_HML-2_7p22.1_MULTI assembly_coords:HG01952#1#JAHAME020000004.1:4710822-4753430 genomic_strand:-	HG01952#1#JAHAME020000004.1:4719432-4728890	0	24540	33999	9459	7059031f69f9c140422cc89d63a68f4fc187b9cc750e0c15c126cad3f1fa97d4	type2
7p22.1	HG01952	pat	HG01952_pat_hprc_r2_v1.0.1_HML-2_7p22.1_MULTI	2	2	HG01952_pat_hprc_r2_v1.0.1_HML-2_7p22.1_MULTI_part2	historical_source/Documents/HML2_project_data/processed_loci/HML-2_7p22.1/HG01952_pat_hprc_r2_v1.0.1_HML-2_7p22.1.fa	85de78802a37def26fe477ada5af975d0fcedcb4ff5691503d857e0e360b721a	>HG01952_pat_hprc_r2_v1.0.1_HML-2_7p22.1_MULTI assembly_coords:HG01952#1#JAHAME020000004.1:4710822-4753430 genomic_strand:-	HG01952#1#JAHAME020000004.1:4710928-4720386	0	33044	42503	9459	274ebf0106bf05749cb46271241eeb97cf86e00ca6003bf46f122e163ab9ad09	type2
7p22.1	HG01960	mat	HG01960_mat_hprc_r2_v1.0.1_HML-2_7p22.1_MULTI	1	2	HG01960_mat_hprc_r2_v1.0.1_HML-2_7p22.1_MULTI_part1	historical_source/Documents/HML2_project_data/processed_loci/HML-2_7p22.1/HG01960_mat_hprc_r2_v1.0.1_HML-2_7p22.1.fa	e972eafbda276f263aca311ce3706bd66c38df59103c01fda445caee3a61a05c	>HG01960_mat_hprc_r2_v1.0.1_HML-2_7p22.1_MULTI assembly_coords:HG01960#2#CM088674.1:4715468-4757995 genomic_strand:-	HG01960#2#CM088674.1:4724078-4733535	0	24460	33918	9458	d61a120f28cea2bb9aadfb59ace6ed85ceb6661f69cd319b10dc71d9b2d09b60	type2
7p22.1	HG01960	mat	HG01960_mat_hprc_r2_v1.0.1_HML-2_7p22.1_MULTI	2	2	HG01960_mat_hprc_r2_v1.0.1_HML-2_7p22.1_MULTI_part2	historical_source/Documents/HML2_project_data/processed_loci/HML-2_7p22.1/HG01960_mat_hprc_r2_v1.0.1_HML-2_7p22.1.fa	e972eafbda276f263aca311ce3706bd66c38df59103c01fda445caee3a61a05c	>HG01960_mat_hprc_r2_v1.0.1_HML-2_7p22.1_MULTI assembly_coords:HG01960#2#CM088674.1:4715468-4757995 genomic_strand:-	HG01960#2#CM088674.1:4715574-4725032	0	32963	42422	9459	e8d30e103160e2f4978bf8f210f761d5c888fddd6407b7e7d2c4f026b9897da2	type2
7p22.1	HG01960	pat	HG01960_pat_hprc_r2_v1.0.1_HML-2_7p22.1_MULTI	1	2	HG01960_pat_hprc_r2_v1.0.1_HML-2_7p22.1_MULTI_part1	historical_source/Documents/HML2_project_data/processed_loci/HML-2_7p22.1/HG01960_pat_hprc_r2_v1.0.1_HML-2_7p22.1.fa	ab60423ed519df03666c951d670ac3f3b4ff3d29fdbf50c08304b7ef04807e62	>HG01960_pat_hprc_r2_v1.0.1_HML-2_7p22.1_MULTI assembly_coords:HG01960#1#CM088646.1:4717438-4760047 genomic_strand:-	HG01960#1#CM088646.1:4726048-4735506	0	24541	34000	9459	e0711e075904993f2222413d65c5b0e605c6b36f89e2274e07cb536fb851ad6c	type2
7p22.1	HG01960	pat	HG01960_pat_hprc_r2_v1.0.1_HML-2_7p22.1_MULTI	2	2	HG01960_pat_hprc_r2_v1.0.1_HML-2_7p22.1_MULTI_part2	historical_source/Documents/HML2_project_data/processed_loci/HML-2_7p22.1/HG01960_pat_hprc_r2_v1.0.1_HML-2_7p22.1.fa	ab60423ed519df03666c951d670ac3f3b4ff3d29fdbf50c08304b7ef04807e62	>HG01960_pat_hprc_r2_v1.0.1_HML-2_7p22.1_MULTI assembly_coords:HG01960#1#CM088646.1:4717438-4760047 genomic_strand:-	HG01960#1#CM088646.1:4717544-4727002	0	33045	42504	9459	9b40bbd64e8149ca4ada20f98122ffebe27d72c3a4e4ee0b82209cb31fb5a2e8	type2
7p22.1	HG01969	mat	HG01969_mat_hprc_r2_v1.0.1_HML-2_7p22.1_MULTI	1	2	HG01969_mat_hprc_r2_v1.0.1_HML-2_7p22.1_MULTI_part1	historical_source/Documents/HML2_project_data/processed_loci/HML-2_7p22.1/HG01969_mat_hprc_r2_v1.0.1_HML-2_7p22.1.fa	d01c4eb51673a3a25049f4a2c2f076274c7959c12ac885d40edf30ba0ad49c61	>HG01969_mat_hprc_r2_v1.0.1_HML-2_7p22.1_MULTI assembly_coords:HG01969#2#CM088700.1:4763279-4805814 genomic_strand:-	HG01969#2#CM088700.1:4771889-4781346	0	24468	33926	9458	8b01933a350f0aa1c59483e8de0972b0fcb343daabc70a8318fcf56c6dc0d1f8	type2
7p22.1	HG01969	mat	HG01969_mat_hprc_r2_v1.0.1_HML-2_7p22.1_MULTI	2	2	HG01969_mat_hprc_r2_v1.0.1_HML-2_7p22.1_MULTI_part2	historical_source/Documents/HML2_project_data/processed_loci/HML-2_7p22.1/HG01969_mat_hprc_r2_v1.0.1_HML-2_7p22.1.fa	d01c4eb51673a3a25049f4a2c2f076274c7959c12ac885d40edf30ba0ad49c61	>HG01969_mat_hprc_r2_v1.0.1_HML-2_7p22.1_MULTI assembly_coords:HG01969#2#CM088700.1:4763279-4805814 genomic_strand:-	HG01969#2#CM088700.1:4763385-4772843	0	32971	42430	9459	e4da7b39b22bbafe83d41b72798c79d120473841b431880fda5c5c93e987d2e2	type2
7p22.1	HG01975	mat	HG01975_mat_hprc_r2_v1.0.1_HML-2_7p22.1_MULTI	1	2	HG01975_mat_hprc_r2_v1.0.1_HML-2_7p22.1_MULTI_part1	historical_source/Documents/HML2_project_data/processed_loci/HML-2_7p22.1/HG01975_mat_hprc_r2_v1.0.1_HML-2_7p22.1.fa	29576a11aa0a0ee58f09be65dff959dbf60b0dc5ea247985aee084065c13b282	>HG01975_mat_hprc_r2_v1.0.1_HML-2_7p22.1_MULTI assembly_coords:HG01975#2#CM099813.1:4729041-4771596 genomic_strand:-	HG01975#2#CM099813.1:4737651-4747108	0	24488	33946	9458	8b01933a350f0aa1c59483e8de0972b0fcb343daabc70a8318fcf56c6dc0d1f8	type2
7p22.1	HG01975	mat	HG01975_mat_hprc_r2_v1.0.1_HML-2_7p22.1_MULTI	2	2	HG01975_mat_hprc_r2_v1.0.1_HML-2_7p22.1_MULTI_part2	historical_source/Documents/HML2_project_data/processed_loci/HML-2_7p22.1/HG01975_mat_hprc_r2_v1.0.1_HML-2_7p22.1.fa	29576a11aa0a0ee58f09be65dff959dbf60b0dc5ea247985aee084065c13b282	>HG01975_mat_hprc_r2_v1.0.1_HML-2_7p22.1_MULTI assembly_coords:HG01975#2#CM099813.1:4729041-4771596 genomic_strand:-	HG01975#2#CM099813.1:4729147-4738605	0	32991	42450	9459	6a30fd9ae9a3d5f6b144b08a82b81e0f8528aeef9ab0b2219e8c0e42493de871	type2
7p22.1	HG01975	pat	HG01975_pat_hprc_r2_v1.0.1_HML-2_7p22.1_MULTI	1	2	HG01975_pat_hprc_r2_v1.0.1_HML-2_7p22.1_MULTI_part1	historical_source/Documents/HML2_project_data/processed_loci/HML-2_7p22.1/HG01975_pat_hprc_r2_v1.0.1_HML-2_7p22.1.fa	cab0eaf07aec7dd1d8106280435cc6f25eeb41f83e250bebbfc8f3c632d5be93	>HG01975_pat_hprc_r2_v1.0.1_HML-2_7p22.1_MULTI assembly_coords:HG01975#1#CM099798.1:4718024-4760635 genomic_strand:-	HG01975#1#CM099798.1:4726634-4736092	0	24543	34002	9459	7059031f69f9c140422cc89d63a68f4fc187b9cc750e0c15c126cad3f1fa97d4	type2
7p22.1	HG01975	pat	HG01975_pat_hprc_r2_v1.0.1_HML-2_7p22.1_MULTI	2	2	HG01975_pat_hprc_r2_v1.0.1_HML-2_7p22.1_MULTI_part2	historical_source/Documents/HML2_project_data/processed_loci/HML-2_7p22.1/HG01975_pat_hprc_r2_v1.0.1_HML-2_7p22.1.fa	cab0eaf07aec7dd1d8106280435cc6f25eeb41f83e250bebbfc8f3c632d5be93	>HG01975_pat_hprc_r2_v1.0.1_HML-2_7p22.1_MULTI assembly_coords:HG01975#1#CM099798.1:4718024-4760635 genomic_strand:-	HG01975#1#CM099798.1:4718130-4727588	0	33047	42506	9459	274ebf0106bf05749cb46271241eeb97cf86e00ca6003bf46f122e163ab9ad09	type2
7p22.1	HG01978	pat	HG01978_pat_hprc_r2_v1.1.0_HML-2_7p22.1_MULTI	1	2	HG01978_pat_hprc_r2_v1.1.0_HML-2_7p22.1_MULTI_part1	historical_source/Documents/HML2_project_data/processed_loci/HML-2_7p22.1/HG01978_pat_hprc_r2_v1.1.0_HML-2_7p22.1.fa	1c9c16b32f5c91d65115481eee5d0afa7770c0f0aa413ceb14c9f42ff3dac97c	>HG01978_pat_hprc_r2_v1.1.0_HML-2_7p22.1_MULTI assembly_coords:HG01978#1#JAGYVR020000052.1:4730547-4773155 genomic_strand:-	HG01978#1#JAGYVR020000052.1:4739157-4748615	0	24540	33999	9459	7059031f69f9c140422cc89d63a68f4fc187b9cc750e0c15c126cad3f1fa97d4	type2
7p22.1	HG01978	pat	HG01978_pat_hprc_r2_v1.1.0_HML-2_7p22.1_MULTI	2	2	HG01978_pat_hprc_r2_v1.1.0_HML-2_7p22.1_MULTI_part2	historical_source/Documents/HML2_project_data/processed_loci/HML-2_7p22.1/HG01978_pat_hprc_r2_v1.1.0_HML-2_7p22.1.fa	1c9c16b32f5c91d65115481eee5d0afa7770c0f0aa413ceb14c9f42ff3dac97c	>HG01978_pat_hprc_r2_v1.1.0_HML-2_7p22.1_MULTI assembly_coords:HG01978#1#JAGYVR020000052.1:4730547-4773155 genomic_strand:-	HG01978#1#JAGYVR020000052.1:4730653-4740111	0	33044	42503	9459	274ebf0106bf05749cb46271241eeb97cf86e00ca6003bf46f122e163ab9ad09	type2
7p22.1	HG01981	mat	HG01981_mat_hprc_r2_v1.0.1_HML-2_7p22.1_MULTI	1	2	HG01981_mat_hprc_r2_v1.0.1_HML-2_7p22.1_MULTI_part1	historical_source/Documents/HML2_project_data/processed_loci/HML-2_7p22.1/HG01981_mat_hprc_r2_v1.0.1_HML-2_7p22.1.fa	c32160e6229d92c7f4cb3a696f9e176b36653c4a7a780fc9dd5af0cff5328898	>HG01981_mat_hprc_r2_v1.0.1_HML-2_7p22.1_MULTI assembly_coords:HG01981#2#JBHDRW010000035.1:4704248-4746786 genomic_strand:-	HG01981#2#JBHDRW010000035.1:4712858-4722316	0	24470	33929	9459	7059031f69f9c140422cc89d63a68f4fc187b9cc750e0c15c126cad3f1fa97d4	type2
7p22.1	HG01981	mat	HG01981_mat_hprc_r2_v1.0.1_HML-2_7p22.1_MULTI	2	2	HG01981_mat_hprc_r2_v1.0.1_HML-2_7p22.1_MULTI_part2	historical_source/Documents/HML2_project_data/processed_loci/HML-2_7p22.1/HG01981_mat_hprc_r2_v1.0.1_HML-2_7p22.1.fa	c32160e6229d92c7f4cb3a696f9e176b36653c4a7a780fc9dd5af0cff5328898	>HG01981_mat_hprc_r2_v1.0.1_HML-2_7p22.1_MULTI assembly_coords:HG01981#2#JBHDRW010000035.1:4704248-4746786 genomic_strand:-	HG01981#2#JBHDRW010000035.1:4704354-4713812	0	32974	42433	9459	274ebf0106bf05749cb46271241eeb97cf86e00ca6003bf46f122e163ab9ad09	type2
7p22.1	HG01993	mat	HG01993_mat_hprc_r2_v1.0.1_HML-2_7p22.1_MULTI	1	2	HG01993_mat_hprc_r2_v1.0.1_HML-2_7p22.1_MULTI_part1	historical_source/Documents/HML2_project_data/processed_loci/HML-2_7p22.1/HG01993_mat_hprc_r2_v1.0.1_HML-2_7p22.1.fa	c71499f24c604b66f85abf0df03c7b421633ce89c7d200b219eab6ce1df3da1d	>HG01993_mat_hprc_r2_v1.0.1_HML-2_7p22.1_MULTI assembly_coords:HG01993#2#CM086536.1:4707121-4749729 genomic_strand:-	HG01993#2#CM086536.1:4715731-4725189	0	24540	33999	9459	7059031f69f9c140422cc89d63a68f4fc187b9cc750e0c15c126cad3f1fa97d4	type2
7p22.1	HG01993	mat	HG01993_mat_hprc_r2_v1.0.1_HML-2_7p22.1_MULTI	2	2	HG01993_mat_hprc_r2_v1.0.1_HML-2_7p22.1_MULTI_part2	historical_source/Documents/HML2_project_data/processed_loci/HML-2_7p22.1/HG01993_mat_hprc_r2_v1.0.1_HML-2_7p22.1.fa	c71499f24c604b66f85abf0df03c7b421633ce89c7d200b219eab6ce1df3da1d	>HG01993_mat_hprc_r2_v1.0.1_HML-2_7p22.1_MULTI assembly_coords:HG01993#2#CM086536.1:4707121-4749729 genomic_strand:-	HG01993#2#CM086536.1:4707227-4716685	0	33044	42503	9459	274ebf0106bf05749cb46271241eeb97cf86e00ca6003bf46f122e163ab9ad09	type2
7p22.1	HG01993	pat	HG01993_pat_hprc_r2_v1.0.1_HML-2_7p22.1_MULTI	1	2	HG01993_pat_hprc_r2_v1.0.1_HML-2_7p22.1_MULTI_part1	historical_source/Documents/HML2_project_data/processed_loci/HML-2_7p22.1/HG01993_pat_hprc_r2_v1.0.1_HML-2_7p22.1.fa	afa32a3f6ef74b8a22d3d4cb6ae80047e2b699109dc3d6b5a8ae0731824a8d93	>HG01993_pat_hprc_r2_v1.0.1_HML-2_7p22.1_MULTI assembly_coords:HG01993#1#CM086495.1:4784575-4827175 genomic_strand:-	HG01993#1#CM086495.1:4793185-4802643	0	24532	33991	9459	7059031f69f9c140422cc89d63a68f4fc187b9cc750e0c15c126cad3f1fa97d4	type2
7p22.1	HG01993	pat	HG01993_pat_hprc_r2_v1.0.1_HML-2_7p22.1_MULTI	2	2	HG01993_pat_hprc_r2_v1.0.1_HML-2_7p22.1_MULTI_part2	historical_source/Documents/HML2_project_data/processed_loci/HML-2_7p22.1/HG01993_pat_hprc_r2_v1.0.1_HML-2_7p22.1.fa	afa32a3f6ef74b8a22d3d4cb6ae80047e2b699109dc3d6b5a8ae0731824a8d93	>HG01993_pat_hprc_r2_v1.0.1_HML-2_7p22.1_MULTI assembly_coords:HG01993#1#CM086495.1:4784575-4827175 genomic_strand:-	HG01993#1#CM086495.1:4784681-4794139	0	33036	42495	9459	274ebf0106bf05749cb46271241eeb97cf86e00ca6003bf46f122e163ab9ad09	type2
7p22.1	HG02004	mat	HG02004_mat_hprc_r2_v1.0.1_HML-2_7p22.1_MULTI	1	2	HG02004_mat_hprc_r2_v1.0.1_HML-2_7p22.1_MULTI_part1	historical_source/Documents/HML2_project_data/processed_loci/HML-2_7p22.1/HG02004_mat_hprc_r2_v1.0.1_HML-2_7p22.1.fa	62946e6b2418f7234c1897fca3d7e9c0fd81f8e7057c21d45a16fcf5c0af9561	>HG02004_mat_hprc_r2_v1.0.1_HML-2_7p22.1_MULTI assembly_coords:HG02004#2#CM086312.1:4716442-4759044 genomic_strand:-	HG02004#2#CM086312.1:4725052-4734510	0	24534	33993	9459	7059031f69f9c140422cc89d63a68f4fc187b9cc750e0c15c126cad3f1fa97d4	type2
7p22.1	HG02004	mat	HG02004_mat_hprc_r2_v1.0.1_HML-2_7p22.1_MULTI	2	2	HG02004_mat_hprc_r2_v1.0.1_HML-2_7p22.1_MULTI_part2	historical_source/Documents/HML2_project_data/processed_loci/HML-2_7p22.1/HG02004_mat_hprc_r2_v1.0.1_HML-2_7p22.1.fa	62946e6b2418f7234c1897fca3d7e9c0fd81f8e7057c21d45a16fcf5c0af9561	>HG02004_mat_hprc_r2_v1.0.1_HML-2_7p22.1_MULTI assembly_coords:HG02004#2#CM086312.1:4716442-4759044 genomic_strand:-	HG02004#2#CM086312.1:4716548-4726006	0	33038	42497	9459	274ebf0106bf05749cb46271241eeb97cf86e00ca6003bf46f122e163ab9ad09	type2
7p22.1	HG02004	pat	HG02004_pat_hprc_r2_v1.0.1_HML-2_7p22.1_MULTI	1	2	HG02004_pat_hprc_r2_v1.0.1_HML-2_7p22.1_MULTI_part1	historical_source/Documents/HML2_project_data/processed_loci/HML-2_7p22.1/HG02004_pat_hprc_r2_v1.0.1_HML-2_7p22.1.fa	f23d6d87898e055cb573cea42b66ac961072d2bb9c1e687c4731b28edc2e66c5	>HG02004_pat_hprc_r2_v1.0.1_HML-2_7p22.1_MULTI assembly_coords:HG02004#1#CM086302.1:4775072-4817603 genomic_strand:-	HG02004#1#CM086302.1:4783682-4793139	0	24464	33922	9458	8b01933a350f0aa1c59483e8de0972b0fcb343daabc70a8318fcf56c6dc0d1f8	type2
7p22.1	HG02004	pat	HG02004_pat_hprc_r2_v1.0.1_HML-2_7p22.1_MULTI	2	2	HG02004_pat_hprc_r2_v1.0.1_HML-2_7p22.1_MULTI_part2	historical_source/Documents/HML2_project_data/processed_loci/HML-2_7p22.1/HG02004_pat_hprc_r2_v1.0.1_HML-2_7p22.1.fa	f23d6d87898e055cb573cea42b66ac961072d2bb9c1e687c4731b28edc2e66c5	>HG02004_pat_hprc_r2_v1.0.1_HML-2_7p22.1_MULTI assembly_coords:HG02004#1#CM086302.1:4775072-4817603 genomic_strand:-	HG02004#1#CM086302.1:4775178-4784636	0	32967	42426	9459	e4da7b39b22bbafe83d41b72798c79d120473841b431880fda5c5c93e987d2e2	type2
7p22.1	HG02011	h1	HG02011_h1_HML-2_7p22.1_graph_hgsvc3-2024-02-23-mc-chm13_MULTI	1	3	HG02011_h1_HML-2_7p22.1_graph_hgsvc3-2024-02-23-mc-chm13_MULTI_part1	historical_source/Documents/HML2_project_data/hgsvc3-2024-02-23-mc-chm13/HML-2_7p22.1/HG02011_h1_HML-2_7p22.1_graph_hgsvc3-2024-02-23-mc-chm13.fa	e2e5ac9052f1dfa1f1eb0c627c744fd85a53650996ade73e97d2fe105a109630	>HG02011_h1_HML-2_7p22.1_graph_hgsvc3-2024-02-23-mc-chm13_MULTI|HG02011#1#haplotype1-0000033#0:156462662-156589464 genomic_strand:-	HG02011#1#haplotype1-0000033#0:156579400-156588857	500	107	9565	9458	5bbdc2d108cf939ba3af75db5ac11947c7be868293907ba6d72510a320ecad9a	type2
7p22.1	HG02011	h1	HG02011_h1_HML-2_7p22.1_graph_hgsvc3-2024-02-23-mc-chm13_MULTI	2	3	HG02011_h1_HML-2_7p22.1_graph_hgsvc3-2024-02-23-mc-chm13_MULTI_part2	historical_source/Documents/HML2_project_data/hgsvc3-2024-02-23-mc-chm13/HML-2_7p22.1/HG02011_h1_HML-2_7p22.1_graph_hgsvc3-2024-02-23-mc-chm13.fa	e2e5ac9052f1dfa1f1eb0c627c744fd85a53650996ade73e97d2fe105a109630	>HG02011_h1_HML-2_7p22.1_graph_hgsvc3-2024-02-23-mc-chm13_MULTI|HG02011#1#haplotype1-0000033#0:156462662-156589464 genomic_strand:-	HG02011#1#haplotype1-0000033#0:156570896-156580354	500	8610	18069	9459	efe0c594abd2b74b2fc6966b011ca82ff05cd1fd36eded12318c1b2a12f39a16	type2
7p22.1	HG02011	h1	HG02011_h1_HML-2_7p22.1_graph_hgsvc3-2024-02-23-mc-chm13_MULTI	3	3	HG02011_h1_HML-2_7p22.1_graph_hgsvc3-2024-02-23-mc-chm13_MULTI_part3	historical_source/Documents/HML2_project_data/hgsvc3-2024-02-23-mc-chm13/HML-2_7p22.1/HG02011_h1_HML-2_7p22.1_graph_hgsvc3-2024-02-23-mc-chm13.fa	e2e5ac9052f1dfa1f1eb0c627c744fd85a53650996ade73e97d2fe105a109630	>HG02011_h1_HML-2_7p22.1_graph_hgsvc3-2024-02-23-mc-chm13_MULTI|HG02011#1#haplotype1-0000033#0:156462662-156589464 genomic_strand:-	HG02011#1#haplotype1-0000033#0:156562392-156571850	500	17114	26573	9459	6b3d83149db1dfb357e3e17525d129d853328e81feff0f35e69ee0652587b745	type2
7p22.1	HG02018	h2	HG02018_h2_HML-2_7p22.1_graph_hgsvc3-2024-02-23-mc-chm13_MULTI	1	3	HG02018_h2_HML-2_7p22.1_graph_hgsvc3-2024-02-23-mc-chm13_MULTI_part1	historical_source/Documents/HML2_project_data/hgsvc3-2024-02-23-mc-chm13/HML-2_7p22.1/HG02018_h2_HML-2_7p22.1_graph_hgsvc3-2024-02-23-mc-chm13.fa	bc93896fdfe160a5312a29691f05b0c6256ff85ffe2d815745c670ee40f0fcee	>HG02018_h2_HML-2_7p22.1_graph_hgsvc3-2024-02-23-mc-chm13_MULTI|HG02018#2#haplotype2-0000100#0:155330582-155457368 genomic_strand:-	HG02018#2#haplotype2-0000100#0:155447307-155456761	500	107	9562	9455	9c7a94b098a5934da4baaf9c3f009c1830f2b8887bda3d5aaaf4cf0c984c7a9d	type2
7p22.1	HG02018	h2	HG02018_h2_HML-2_7p22.1_graph_hgsvc3-2024-02-23-mc-chm13_MULTI	2	3	HG02018_h2_HML-2_7p22.1_graph_hgsvc3-2024-02-23-mc-chm13_MULTI_part2	historical_source/Documents/HML2_project_data/hgsvc3-2024-02-23-mc-chm13/HML-2_7p22.1/HG02018_h2_HML-2_7p22.1_graph_hgsvc3-2024-02-23-mc-chm13.fa	bc93896fdfe160a5312a29691f05b0c6256ff85ffe2d815745c670ee40f0fcee	>HG02018_h2_HML-2_7p22.1_graph_hgsvc3-2024-02-23-mc-chm13_MULTI|HG02018#2#haplotype2-0000100#0:155330582-155457368 genomic_strand:-	HG02018#2#haplotype2-0000100#0:155438803-155448261	500	8607	18066	9459	cfb9f6886f2632340a93216327b8d2504b3b409e1cd032ccd0ea3a31b973ee27	type2
7p22.1	HG02018	h2	HG02018_h2_HML-2_7p22.1_graph_hgsvc3-2024-02-23-mc-chm13_MULTI	3	3	HG02018_h2_HML-2_7p22.1_graph_hgsvc3-2024-02-23-mc-chm13_MULTI_part3	historical_source/Documents/HML2_project_data/hgsvc3-2024-02-23-mc-chm13/HML-2_7p22.1/HG02018_h2_HML-2_7p22.1_graph_hgsvc3-2024-02-23-mc-chm13.fa	bc93896fdfe160a5312a29691f05b0c6256ff85ffe2d815745c670ee40f0fcee	>HG02018_h2_HML-2_7p22.1_graph_hgsvc3-2024-02-23-mc-chm13_MULTI|HG02018#2#haplotype2-0000100#0:155330582-155457368 genomic_strand:-	HG02018#2#haplotype2-0000100#0:155430299-155439757	500	17111	26570	9459	e4da7b39b22bbafe83d41b72798c79d120473841b431880fda5c5c93e987d2e2	type2
7p22.1	HG02027	pat	HG02027_pat_hprc_r2_v1.0.1_HML-2_7p22.1_MULTI	1	3	HG02027_pat_hprc_r2_v1.0.1_HML-2_7p22.1_MULTI_part1	historical_source/Documents/HML2_project_data/processed_loci/HML-2_7p22.1/HG02027_pat_hprc_r2_v1.0.1_HML-2_7p22.1.fa	26d24cf419fe0a6764549db7819fac277487b6fec339e7fd8effd0a38928c5cd	>HG02027_pat_hprc_r2_v1.0.1_HML-2_7p22.1_MULTI assembly_coords:HG02027#1#JBHDTX010000001.1:3679367-3730402 genomic_strand:-	HG02027#1#JBHDTX010000001.1:3696481-3705938	0	24464	33922	9458	854971e1f5cc46ae21fb78c00656241d7f33db0d3f11250e1d462e119211e707	type2
7p22.1	HG02027	pat	HG02027_pat_hprc_r2_v1.0.1_HML-2_7p22.1_MULTI	2	3	HG02027_pat_hprc_r2_v1.0.1_HML-2_7p22.1_MULTI_part2	historical_source/Documents/HML2_project_data/processed_loci/HML-2_7p22.1/HG02027_pat_hprc_r2_v1.0.1_HML-2_7p22.1.fa	26d24cf419fe0a6764549db7819fac277487b6fec339e7fd8effd0a38928c5cd	>HG02027_pat_hprc_r2_v1.0.1_HML-2_7p22.1_MULTI assembly_coords:HG02027#1#JBHDTX010000001.1:3679367-3730402 genomic_strand:-	HG02027#1#JBHDTX010000001.1:3687977-3697435	0	32967	42426	9459	b1f8346a76b9fc0d8c7341487521ddce7203d86ed69b62c815c7f1ad671534c7	type2
7p22.1	HG02027	pat	HG02027_pat_hprc_r2_v1.0.1_HML-2_7p22.1_MULTI	3	3	HG02027_pat_hprc_r2_v1.0.1_HML-2_7p22.1_MULTI_part3	historical_source/Documents/HML2_project_data/processed_loci/HML-2_7p22.1/HG02027_pat_hprc_r2_v1.0.1_HML-2_7p22.1.fa	26d24cf419fe0a6764549db7819fac277487b6fec339e7fd8effd0a38928c5cd	>HG02027_pat_hprc_r2_v1.0.1_HML-2_7p22.1_MULTI assembly_coords:HG02027#1#JBHDTX010000001.1:3679367-3730402 genomic_strand:-	HG02027#1#JBHDTX010000001.1:3679473-3688931	0	41471	50930	9459	a5234951102dfe818e5e2055dd6d91e14b8a4cf65d43b87fd01cd5ce7bebee18	type2
7p22.1	HG02040	h2	HG02040_hap2_hprc_r2_v1.0.1_HML-2_7p22.1_MULTI	1	3	HG02040_hap2_hprc_r2_v1.0.1_HML-2_7p22.1_MULTI_part1	historical_source/Documents/HML2_project_data/processed_loci/HML-2_7p22.1/HG02040_hap2_hprc_r2_v1.0.1_HML-2_7p22.1.fa	b03a2d9ea8a0bdc6b5aee37d6b506a6e8b70dfc1a2edaffc913808800e1aeb78	>HG02040_hap2_hprc_r2_v1.0.1_HML-2_7p22.1_MULTI assembly_coords:HG02040#2#CM087405.1:4707658-4758690 genomic_strand:-	HG02040#2#CM087405.1:4724772-4734226	0	24464	33919	9455	9c7a94b098a5934da4baaf9c3f009c1830f2b8887bda3d5aaaf4cf0c984c7a9d	type2
7p22.1	HG02040	h2	HG02040_hap2_hprc_r2_v1.0.1_HML-2_7p22.1_MULTI	2	3	HG02040_hap2_hprc_r2_v1.0.1_HML-2_7p22.1_MULTI_part2	historical_source/Documents/HML2_project_data/processed_loci/HML-2_7p22.1/HG02040_hap2_hprc_r2_v1.0.1_HML-2_7p22.1.fa	b03a2d9ea8a0bdc6b5aee37d6b506a6e8b70dfc1a2edaffc913808800e1aeb78	>HG02040_hap2_hprc_r2_v1.0.1_HML-2_7p22.1_MULTI assembly_coords:HG02040#2#CM087405.1:4707658-4758690 genomic_strand:-	HG02040#2#CM087405.1:4716268-4725726	0	32964	42423	9459	cfb9f6886f2632340a93216327b8d2504b3b409e1cd032ccd0ea3a31b973ee27	type2
7p22.1	HG02040	h2	HG02040_hap2_hprc_r2_v1.0.1_HML-2_7p22.1_MULTI	3	3	HG02040_hap2_hprc_r2_v1.0.1_HML-2_7p22.1_MULTI_part3	historical_source/Documents/HML2_project_data/processed_loci/HML-2_7p22.1/HG02040_hap2_hprc_r2_v1.0.1_HML-2_7p22.1.fa	b03a2d9ea8a0bdc6b5aee37d6b506a6e8b70dfc1a2edaffc913808800e1aeb78	>HG02040_hap2_hprc_r2_v1.0.1_HML-2_7p22.1_MULTI assembly_coords:HG02040#2#CM087405.1:4707658-4758690 genomic_strand:-	HG02040#2#CM087405.1:4707764-4717222	0	41468	50927	9459	e4da7b39b22bbafe83d41b72798c79d120473841b431880fda5c5c93e987d2e2	type2
7p22.1	HG02055	mat	HG02055_mat_hprc_r2_v1.0.1_HML-2_7p22.1_MULTI	1	2	HG02055_mat_hprc_r2_v1.0.1_HML-2_7p22.1_MULTI_part1	historical_source/Documents/HML2_project_data/processed_loci/HML-2_7p22.1/HG02055_mat_hprc_r2_v1.0.1_HML-2_7p22.1.fa	55a9bfeef4635ea0db992c62ed4947617803378cc1b97ac310c5fced090adc38	>HG02055_mat_hprc_r2_v1.0.1_HML-2_7p22.1_MULTI assembly_coords:HG02055#2#CM092196.1:4916720-4959325 genomic_strand:-	HG02055#2#CM092196.1:4925330-4934787	0	24538	33996	9458	374025def4a326cff287b1a7987ccb6e6c525d7d961335286934f45731289f70	type2
7p22.1	HG02055	mat	HG02055_mat_hprc_r2_v1.0.1_HML-2_7p22.1_MULTI	2	2	HG02055_mat_hprc_r2_v1.0.1_HML-2_7p22.1_MULTI_part2	historical_source/Documents/HML2_project_data/processed_loci/HML-2_7p22.1/HG02055_mat_hprc_r2_v1.0.1_HML-2_7p22.1.fa	55a9bfeef4635ea0db992c62ed4947617803378cc1b97ac310c5fced090adc38	>HG02055_mat_hprc_r2_v1.0.1_HML-2_7p22.1_MULTI assembly_coords:HG02055#2#CM092196.1:4916720-4959325 genomic_strand:-	HG02055#2#CM092196.1:4916826-4926284	0	33041	42500	9459	1e8d68dddc9e83a39aa9ecc1157b5a3ccaa911c07ae81ab94ad4c9dfe2a99fa2	type2
7p22.1	HG02056	mat	HG02056_mat_hprc_r2_v1.0.1_HML-2_7p22.1_MULTI	1	2	HG02056_mat_hprc_r2_v1.0.1_HML-2_7p22.1_MULTI_part1	historical_source/Documents/HML2_project_data/processed_loci/HML-2_7p22.1/HG02056_mat_hprc_r2_v1.0.1_HML-2_7p22.1.fa	d4ef9888d3a0bbb0ec60edfeeaa1e741faf89349a56c27f9f251d6332fb9b393	>HG02056_mat_hprc_r2_v1.0.1_HML-2_7p22.1_MULTI assembly_coords:HG02056#2#JBHDVD010000005.1:4677990-4720522 genomic_strand:-	HG02056#2#JBHDVD010000005.1:4686600-4696057	0	24465	33923	9458	8b01933a350f0aa1c59483e8de0972b0fcb343daabc70a8318fcf56c6dc0d1f8	type2
7p22.1	HG02056	mat	HG02056_mat_hprc_r2_v1.0.1_HML-2_7p22.1_MULTI	2	2	HG02056_mat_hprc_r2_v1.0.1_HML-2_7p22.1_MULTI_part2	historical_source/Documents/HML2_project_data/processed_loci/HML-2_7p22.1/HG02056_mat_hprc_r2_v1.0.1_HML-2_7p22.1.fa	d4ef9888d3a0bbb0ec60edfeeaa1e741faf89349a56c27f9f251d6332fb9b393	>HG02056_mat_hprc_r2_v1.0.1_HML-2_7p22.1_MULTI assembly_coords:HG02056#2#JBHDVD010000005.1:4677990-4720522 genomic_strand:-	HG02056#2#JBHDVD010000005.1:4678096-4687554	0	32968	42427	9459	e4da7b39b22bbafe83d41b72798c79d120473841b431880fda5c5c93e987d2e2	type2
7p22.1	HG02059	h1	HG02059_h1_HML-2_7p22.1_graph_hgsvc3-2024-02-23-mc-chm13_MULTI	1	3	HG02059_h1_HML-2_7p22.1_graph_hgsvc3-2024-02-23-mc-chm13_MULTI_part1	historical_source/Documents/HML2_project_data/hgsvc3-2024-02-23-mc-chm13/HML-2_7p22.1/HG02059_h1_HML-2_7p22.1_graph_hgsvc3-2024-02-23-mc-chm13.fa	24ca4142181ef3f6b04ce2214247b30289a8d7289c7d7e5e59e8a8770c74a3b7	>HG02059_h1_HML-2_7p22.1_graph_hgsvc3-2024-02-23-mc-chm13_MULTI|HG02059#1#haplotype1-0000011#0:156783446-156910205 genomic_strand:-	HG02059#1#haplotype1-0000011#0:156900144-156909598	500	107	9562	9455	9c7a94b098a5934da4baaf9c3f009c1830f2b8887bda3d5aaaf4cf0c984c7a9d	type2
7p22.1	HG02059	h1	HG02059_h1_HML-2_7p22.1_graph_hgsvc3-2024-02-23-mc-chm13_MULTI	2	3	HG02059_h1_HML-2_7p22.1_graph_hgsvc3-2024-02-23-mc-chm13_MULTI_part2	historical_source/Documents/HML2_project_data/hgsvc3-2024-02-23-mc-chm13/HML-2_7p22.1/HG02059_h1_HML-2_7p22.1_graph_hgsvc3-2024-02-23-mc-chm13.fa	24ca4142181ef3f6b04ce2214247b30289a8d7289c7d7e5e59e8a8770c74a3b7	>HG02059_h1_HML-2_7p22.1_graph_hgsvc3-2024-02-23-mc-chm13_MULTI|HG02059#1#haplotype1-0000011#0:156783446-156910205 genomic_strand:-	HG02059#1#haplotype1-0000011#0:156891640-156901098	500	8607	18066	9459	cfb9f6886f2632340a93216327b8d2504b3b409e1cd032ccd0ea3a31b973ee27	type2
7p22.1	HG02059	h1	HG02059_h1_HML-2_7p22.1_graph_hgsvc3-2024-02-23-mc-chm13_MULTI	3	3	HG02059_h1_HML-2_7p22.1_graph_hgsvc3-2024-02-23-mc-chm13_MULTI_part3	historical_source/Documents/HML2_project_data/hgsvc3-2024-02-23-mc-chm13/HML-2_7p22.1/HG02059_h1_HML-2_7p22.1_graph_hgsvc3-2024-02-23-mc-chm13.fa	24ca4142181ef3f6b04ce2214247b30289a8d7289c7d7e5e59e8a8770c74a3b7	>HG02059_h1_HML-2_7p22.1_graph_hgsvc3-2024-02-23-mc-chm13_MULTI|HG02059#1#haplotype1-0000011#0:156783446-156910205 genomic_strand:-	HG02059#1#haplotype1-0000011#0:156883136-156892594	500	17111	26570	9459	e4da7b39b22bbafe83d41b72798c79d120473841b431880fda5c5c93e987d2e2	type2
7p22.1	HG02074	mat	HG02074_mat_hprc_r2_v1.0.1_HML-2_7p22.1_MULTI	1	2	HG02074_mat_hprc_r2_v1.0.1_HML-2_7p22.1_MULTI_part1	historical_source/Documents/HML2_project_data/processed_loci/HML-2_7p22.1/HG02074_mat_hprc_r2_v1.0.1_HML-2_7p22.1.fa	32e7de33bc18cc540412b74dbfd4f96cc8e197e00739fa0705119c1b4f513e6b	>HG02074_mat_hprc_r2_v1.0.1_HML-2_7p22.1_MULTI assembly_coords:HG02074#2#CM088297.1:4698489-4741016 genomic_strand:-	HG02074#2#CM088297.1:4707099-4716556	0	24460	33918	9458	746e2a0b2cb3733d2ef3273b6060706cea52cd48bcc1d669352be3355ff1dc38	type2
7p22.1	HG02074	mat	HG02074_mat_hprc_r2_v1.0.1_HML-2_7p22.1_MULTI	2	2	HG02074_mat_hprc_r2_v1.0.1_HML-2_7p22.1_MULTI_part2	historical_source/Documents/HML2_project_data/processed_loci/HML-2_7p22.1/HG02074_mat_hprc_r2_v1.0.1_HML-2_7p22.1.fa	32e7de33bc18cc540412b74dbfd4f96cc8e197e00739fa0705119c1b4f513e6b	>HG02074_mat_hprc_r2_v1.0.1_HML-2_7p22.1_MULTI assembly_coords:HG02074#2#CM088297.1:4698489-4741016 genomic_strand:-	HG02074#2#CM088297.1:4698595-4708053	0	32963	42422	9459	e4da7b39b22bbafe83d41b72798c79d120473841b431880fda5c5c93e987d2e2	type2
7p22.1	HG02080	mat	HG02080_mat_hprc_r2_v1.0.1_HML-2_7p22.1_MULTI	1	2	HG02080_mat_hprc_r2_v1.0.1_HML-2_7p22.1_MULTI_part1	historical_source/Documents/HML2_project_data/processed_loci/HML-2_7p22.1/HG02080_mat_hprc_r2_v1.0.1_HML-2_7p22.1.fa	7865631cb87388567d558d8eabc380fa6c2ba553eb63c8169c63628010ec034d	>HG02080_mat_hprc_r2_v1.0.1_HML-2_7p22.1_MULTI assembly_coords:HG02080#2#CM092048.1:4718401-4760946 genomic_strand:-	HG02080#2#CM092048.1:4727011-4736468	0	24478	33936	9458	8b01933a350f0aa1c59483e8de0972b0fcb343daabc70a8318fcf56c6dc0d1f8	type2
7p22.1	HG02080	mat	HG02080_mat_hprc_r2_v1.0.1_HML-2_7p22.1_MULTI	2	2	HG02080_mat_hprc_r2_v1.0.1_HML-2_7p22.1_MULTI_part2	historical_source/Documents/HML2_project_data/processed_loci/HML-2_7p22.1/HG02080_mat_hprc_r2_v1.0.1_HML-2_7p22.1.fa	7865631cb87388567d558d8eabc380fa6c2ba553eb63c8169c63628010ec034d	>HG02080_mat_hprc_r2_v1.0.1_HML-2_7p22.1_MULTI assembly_coords:HG02080#2#CM092048.1:4718401-4760946 genomic_strand:-	HG02080#2#CM092048.1:4718507-4727965	0	32981	42440	9459	e4da7b39b22bbafe83d41b72798c79d120473841b431880fda5c5c93e987d2e2	type2
7p22.1	HG02080	pat	HG02080_pat_hprc_r2_v1.0.1_HML-2_7p22.1_MULTI	1	2	HG02080_pat_hprc_r2_v1.0.1_HML-2_7p22.1_MULTI_part1	historical_source/Documents/HML2_project_data/processed_loci/HML-2_7p22.1/HG02080_pat_hprc_r2_v1.0.1_HML-2_7p22.1.fa	81c2a665df56af17c1c04b47d26fe51bb0b9c51d22adab84326977a4f39fdcd1	>HG02080_pat_hprc_r2_v1.0.1_HML-2_7p22.1_MULTI assembly_coords:HG02080#1#CM092062.1:4707619-4750161 genomic_strand:-	HG02080#1#CM092062.1:4716229-4725686	0	24475	33933	9458	8b01933a350f0aa1c59483e8de0972b0fcb343daabc70a8318fcf56c6dc0d1f8	type2
7p22.1	HG02080	pat	HG02080_pat_hprc_r2_v1.0.1_HML-2_7p22.1_MULTI	2	2	HG02080_pat_hprc_r2_v1.0.1_HML-2_7p22.1_MULTI_part2	historical_source/Documents/HML2_project_data/processed_loci/HML-2_7p22.1/HG02080_pat_hprc_r2_v1.0.1_HML-2_7p22.1.fa	81c2a665df56af17c1c04b47d26fe51bb0b9c51d22adab84326977a4f39fdcd1	>HG02080_pat_hprc_r2_v1.0.1_HML-2_7p22.1_MULTI assembly_coords:HG02080#1#CM092062.1:4707619-4750161 genomic_strand:-	HG02080#1#CM092062.1:4707725-4717183	0	32978	42437	9459	e4da7b39b22bbafe83d41b72798c79d120473841b431880fda5c5c93e987d2e2	type2
7p22.1	HG02083	mat	HG02083_mat_hprc_r2_v1.0.1_HML-2_7p22.1_MULTI	1	2	HG02083_mat_hprc_r2_v1.0.1_HML-2_7p22.1_MULTI_part1	historical_source/Documents/HML2_project_data/processed_loci/HML-2_7p22.1/HG02083_mat_hprc_r2_v1.0.1_HML-2_7p22.1.fa	f879ea27e247ab7c091f928baa264eeabf5a4242e78daaf3095934b17b5a43f5	>HG02083_mat_hprc_r2_v1.0.1_HML-2_7p22.1_MULTI assembly_coords:HG02083#2#JBHDTW010000042.1:4774217-4816753 genomic_strand:-	HG02083#2#JBHDTW010000042.1:4782827-4792284	0	24469	33927	9458	374025def4a326cff287b1a7987ccb6e6c525d7d961335286934f45731289f70	type2
7p22.1	HG02083	mat	HG02083_mat_hprc_r2_v1.0.1_HML-2_7p22.1_MULTI	2	2	HG02083_mat_hprc_r2_v1.0.1_HML-2_7p22.1_MULTI_part2	historical_source/Documents/HML2_project_data/processed_loci/HML-2_7p22.1/HG02083_mat_hprc_r2_v1.0.1_HML-2_7p22.1.fa	f879ea27e247ab7c091f928baa264eeabf5a4242e78daaf3095934b17b5a43f5	>HG02083_mat_hprc_r2_v1.0.1_HML-2_7p22.1_MULTI assembly_coords:HG02083#2#JBHDTW010000042.1:4774217-4816753 genomic_strand:-	HG02083#2#JBHDTW010000042.1:4774323-4783781	0	32972	42431	9459	dcfaa6d5b61d069e9f2170d3b38505d86abd8f3eaccb108a8ced65b52ac9b178	type2
7p22.1	HG02106	h2	HG02106_h2_HML-2_7p22.1_graph_hgsvc3-2024-02-23-mc-chm13_MULTI	1	2	HG02106_h2_HML-2_7p22.1_graph_hgsvc3-2024-02-23-mc-chm13_MULTI_part1	historical_source/Documents/HML2_project_data/hgsvc3-2024-02-23-mc-chm13/HML-2_7p22.1/HG02106_h2_HML-2_7p22.1_graph_hgsvc3-2024-02-23-mc-chm13.fa	ed891464f5ff777c54c7a4d531863fb4cbe521dfe3d9b30ece9cde7837f2079c	>HG02106_h2_HML-2_7p22.1_graph_hgsvc3-2024-02-23-mc-chm13_MULTI|HG02106#2#haplotype2-0000090#0:156239822-156357801 genomic_strand:-	HG02106#2#haplotype2-0000090#0:156347736-156357194	500	107	9566	9459	7059031f69f9c140422cc89d63a68f4fc187b9cc750e0c15c126cad3f1fa97d4	type2
7p22.1	HG02106	h2	HG02106_h2_HML-2_7p22.1_graph_hgsvc3-2024-02-23-mc-chm13_MULTI	2	2	HG02106_h2_HML-2_7p22.1_graph_hgsvc3-2024-02-23-mc-chm13_MULTI_part2	historical_source/Documents/HML2_project_data/hgsvc3-2024-02-23-mc-chm13/HML-2_7p22.1/HG02106_h2_HML-2_7p22.1_graph_hgsvc3-2024-02-23-mc-chm13.fa	ed891464f5ff777c54c7a4d531863fb4cbe521dfe3d9b30ece9cde7837f2079c	>HG02106_h2_HML-2_7p22.1_graph_hgsvc3-2024-02-23-mc-chm13_MULTI|HG02106#2#haplotype2-0000090#0:156239822-156357801 genomic_strand:-	HG02106#2#haplotype2-0000090#0:156339232-156348690	500	8611	18070	9459	274ebf0106bf05749cb46271241eeb97cf86e00ca6003bf46f122e163ab9ad09	type2
7p22.1	HG02145	pat	HG02145_pat_hprc_r2_v1.0.1_HML-2_7p22.1_MULTI	1	2	HG02145_pat_hprc_r2_v1.0.1_HML-2_7p22.1_MULTI_part1	historical_source/Documents/HML2_project_data/processed_loci/HML-2_7p22.1/HG02145_pat_hprc_r2_v1.0.1_HML-2_7p22.1.fa	cc5ad130b4dbd2db9a39efa1eba393a14824fe0f4789d7e821ff2bf1620c4aa6	>HG02145_pat_hprc_r2_v1.0.1_HML-2_7p22.1_MULTI assembly_coords:HG02145#1#CM099673.1:4714805-4757369 genomic_strand:-	HG02145#1#CM099673.1:4723415-4732872	0	24497	33955	9458	8b01933a350f0aa1c59483e8de0972b0fcb343daabc70a8318fcf56c6dc0d1f8	type2
7p22.1	HG02145	pat	HG02145_pat_hprc_r2_v1.0.1_HML-2_7p22.1_MULTI	2	2	HG02145_pat_hprc_r2_v1.0.1_HML-2_7p22.1_MULTI_part2	historical_source/Documents/HML2_project_data/processed_loci/HML-2_7p22.1/HG02145_pat_hprc_r2_v1.0.1_HML-2_7p22.1.fa	cc5ad130b4dbd2db9a39efa1eba393a14824fe0f4789d7e821ff2bf1620c4aa6	>HG02145_pat_hprc_r2_v1.0.1_HML-2_7p22.1_MULTI assembly_coords:HG02145#1#CM099673.1:4714805-4757369 genomic_strand:-	HG02145#1#CM099673.1:4714911-4724369	0	33000	42459	9459	e4da7b39b22bbafe83d41b72798c79d120473841b431880fda5c5c93e987d2e2	type2
7p22.1	HG02148	mat	HG02148_mat_hprc_r2_v1.0.1_HML-2_7p22.1_MULTI	1	2	HG02148_mat_hprc_r2_v1.0.1_HML-2_7p22.1_MULTI_part1	historical_source/Documents/HML2_project_data/processed_loci/HML-2_7p22.1/HG02148_mat_hprc_r2_v1.0.1_HML-2_7p22.1.fa	d246cde91ce93414861709bde082150129ceb7ace462ef1ecaa6559cf5dec270	>HG02148_mat_hprc_r2_v1.0.1_HML-2_7p22.1_MULTI assembly_coords:HG02148#2#CM088026.1:4763026-4805625 genomic_strand:-	HG02148#2#CM088026.1:4771636-4781094	0	24531	33990	9459	7059031f69f9c140422cc89d63a68f4fc187b9cc750e0c15c126cad3f1fa97d4	type2
7p22.1	HG02148	mat	HG02148_mat_hprc_r2_v1.0.1_HML-2_7p22.1_MULTI	2	2	HG02148_mat_hprc_r2_v1.0.1_HML-2_7p22.1_MULTI_part2	historical_source/Documents/HML2_project_data/processed_loci/HML-2_7p22.1/HG02148_mat_hprc_r2_v1.0.1_HML-2_7p22.1.fa	d246cde91ce93414861709bde082150129ceb7ace462ef1ecaa6559cf5dec270	>HG02148_mat_hprc_r2_v1.0.1_HML-2_7p22.1_MULTI assembly_coords:HG02148#2#CM088026.1:4763026-4805625 genomic_strand:-	HG02148#2#CM088026.1:4763132-4772590	0	33035	42494	9459	274ebf0106bf05749cb46271241eeb97cf86e00ca6003bf46f122e163ab9ad09	type2
7p22.1	HG02148	pat	HG02148_pat_hprc_r2_v1.0.1_HML-2_7p22.1_MULTI	1	2	HG02148_pat_hprc_r2_v1.0.1_HML-2_7p22.1_MULTI_part1	historical_source/Documents/HML2_project_data/processed_loci/HML-2_7p22.1/HG02148_pat_hprc_r2_v1.0.1_HML-2_7p22.1.fa	e93a0d253ebf5f5382531282b0f4c293374585067c27bac7b9bfe2aba4778487	>HG02148_pat_hprc_r2_v1.0.1_HML-2_7p22.1_MULTI assembly_coords:HG02148#1#CM087986.1:4719967-4762575 genomic_strand:-	HG02148#1#CM087986.1:4728577-4738035	0	24540	33999	9459	f2ee037892f1438ad3f7e7a781615345fc734722631a95177280e5bc0e62d953	type2
7p22.1	HG02148	pat	HG02148_pat_hprc_r2_v1.0.1_HML-2_7p22.1_MULTI	2	2	HG02148_pat_hprc_r2_v1.0.1_HML-2_7p22.1_MULTI_part2	historical_source/Documents/HML2_project_data/processed_loci/HML-2_7p22.1/HG02148_pat_hprc_r2_v1.0.1_HML-2_7p22.1.fa	e93a0d253ebf5f5382531282b0f4c293374585067c27bac7b9bfe2aba4778487	>HG02148_pat_hprc_r2_v1.0.1_HML-2_7p22.1_MULTI assembly_coords:HG02148#1#CM087986.1:4719967-4762575 genomic_strand:-	HG02148#1#CM087986.1:4720073-4729531	0	33044	42503	9459	274ebf0106bf05749cb46271241eeb97cf86e00ca6003bf46f122e163ab9ad09	type2
7p22.1	HG02155	h1	HG02155_hap1_hprc_r2_v1.0.1_HML-2_7p22.1_MULTI	1	2	HG02155_hap1_hprc_r2_v1.0.1_HML-2_7p22.1_MULTI_part1	historical_source/Documents/HML2_project_data/processed_loci/HML-2_7p22.1/HG02155_hap1_hprc_r2_v1.0.1_HML-2_7p22.1.fa	04f44acb8681024f7063ae49bbfb2c3e30b5ed70eee2c017262e99155c67e5cf	>HG02155_hap1_hprc_r2_v1.0.1_HML-2_7p22.1_MULTI assembly_coords:HG02155#1#CM091912.1:4705563-4748095 genomic_strand:-	HG02155#1#CM091912.1:4714173-4723630	0	24465	33923	9458	8b01933a350f0aa1c59483e8de0972b0fcb343daabc70a8318fcf56c6dc0d1f8	type2
7p22.1	HG02155	h1	HG02155_hap1_hprc_r2_v1.0.1_HML-2_7p22.1_MULTI	2	2	HG02155_hap1_hprc_r2_v1.0.1_HML-2_7p22.1_MULTI_part2	historical_source/Documents/HML2_project_data/processed_loci/HML-2_7p22.1/HG02155_hap1_hprc_r2_v1.0.1_HML-2_7p22.1.fa	04f44acb8681024f7063ae49bbfb2c3e30b5ed70eee2c017262e99155c67e5cf	>HG02155_hap1_hprc_r2_v1.0.1_HML-2_7p22.1_MULTI assembly_coords:HG02155#1#CM091912.1:4705563-4748095 genomic_strand:-	HG02155#1#CM091912.1:4705669-4715127	0	32968	42427	9459	6f3f306d4ab95c2ea60027368b5b0389c9e1ae99323643fefcbfe1143f21c1dc	type2
7p22.1	HG02165	h1	HG02165_hap1_hprc_r2_v1.0.1_HML-2_7p22.1_MULTI	1	2	HG02165_hap1_hprc_r2_v1.0.1_HML-2_7p22.1_MULTI_part1	historical_source/Documents/HML2_project_data/processed_loci/HML-2_7p22.1/HG02165_hap1_hprc_r2_v1.0.1_HML-2_7p22.1.fa	b6cdffc7913a69ab605679ba4b9da8c4c0167dce4ee179be9d500c383ec2c989	>HG02165_hap1_hprc_r2_v1.0.1_HML-2_7p22.1_MULTI assembly_coords:HG02165#1#CM087445.1:4734168-4776699 genomic_strand:-	HG02165#1#CM087445.1:4742778-4752235	0	24464	33922	9458	8b01933a350f0aa1c59483e8de0972b0fcb343daabc70a8318fcf56c6dc0d1f8	type2
7p22.1	HG02165	h1	HG02165_hap1_hprc_r2_v1.0.1_HML-2_7p22.1_MULTI	2	2	HG02165_hap1_hprc_r2_v1.0.1_HML-2_7p22.1_MULTI_part2	historical_source/Documents/HML2_project_data/processed_loci/HML-2_7p22.1/HG02165_hap1_hprc_r2_v1.0.1_HML-2_7p22.1.fa	b6cdffc7913a69ab605679ba4b9da8c4c0167dce4ee179be9d500c383ec2c989	>HG02165_hap1_hprc_r2_v1.0.1_HML-2_7p22.1_MULTI assembly_coords:HG02165#1#CM087445.1:4734168-4776699 genomic_strand:-	HG02165#1#CM087445.1:4734274-4743732	0	32967	42426	9459	e4da7b39b22bbafe83d41b72798c79d120473841b431880fda5c5c93e987d2e2	type2
7p22.1	HG02178	h2	HG02178_hap2_hprc_r2_v1.0.1_HML-2_7p22.1_MULTI	1	4	HG02178_hap2_hprc_r2_v1.0.1_HML-2_7p22.1_MULTI_part1	historical_source/Documents/HML2_project_data/processed_loci/HML-2_7p22.1/HG02178_hap2_hprc_r2_v1.0.1_HML-2_7p22.1.fa	06f6385476607bb121037c5e841a401c1d41be84492468460e092af4e8aeaee1	>HG02178_hap2_hprc_r2_v1.0.1_HML-2_7p22.1_MULTI assembly_coords:HG02178#2#JBHIKH010000024.1:4714741-4774285 genomic_strand:-	HG02178#2#JBHIKH010000024.1:4740359-4749816	0	24469	33927	9458	68fc94f2b1ae5a1bd0924d5dbaf7ff7b5da0f0cc7abcd0cc8ab8c54da1b6fc5a	type2
7p22.1	HG02178	h2	HG02178_hap2_hprc_r2_v1.0.1_HML-2_7p22.1_MULTI	2	4	HG02178_hap2_hprc_r2_v1.0.1_HML-2_7p22.1_MULTI_part2	historical_source/Documents/HML2_project_data/processed_loci/HML-2_7p22.1/HG02178_hap2_hprc_r2_v1.0.1_HML-2_7p22.1.fa	06f6385476607bb121037c5e841a401c1d41be84492468460e092af4e8aeaee1	>HG02178_hap2_hprc_r2_v1.0.1_HML-2_7p22.1_MULTI assembly_coords:HG02178#2#JBHIKH010000024.1:4714741-4774285 genomic_strand:-	HG02178#2#JBHIKH010000024.1:4731855-4741313	0	32972	42431	9459	cfb9f6886f2632340a93216327b8d2504b3b409e1cd032ccd0ea3a31b973ee27	type2
7p22.1	HG02178	h2	HG02178_hap2_hprc_r2_v1.0.1_HML-2_7p22.1_MULTI	3	4	HG02178_hap2_hprc_r2_v1.0.1_HML-2_7p22.1_MULTI_part3	historical_source/Documents/HML2_project_data/processed_loci/HML-2_7p22.1/HG02178_hap2_hprc_r2_v1.0.1_HML-2_7p22.1.fa	06f6385476607bb121037c5e841a401c1d41be84492468460e092af4e8aeaee1	>HG02178_hap2_hprc_r2_v1.0.1_HML-2_7p22.1_MULTI assembly_coords:HG02178#2#JBHIKH010000024.1:4714741-4774285 genomic_strand:-	HG02178#2#JBHIKH010000024.1:4723351-4732809	0	41476	50935	9459	cfb9f6886f2632340a93216327b8d2504b3b409e1cd032ccd0ea3a31b973ee27	type2
7p22.1	HG02178	h2	HG02178_hap2_hprc_r2_v1.0.1_HML-2_7p22.1_MULTI	4	4	HG02178_hap2_hprc_r2_v1.0.1_HML-2_7p22.1_MULTI_part4	historical_source/Documents/HML2_project_data/processed_loci/HML-2_7p22.1/HG02178_hap2_hprc_r2_v1.0.1_HML-2_7p22.1.fa	06f6385476607bb121037c5e841a401c1d41be84492468460e092af4e8aeaee1	>HG02178_hap2_hprc_r2_v1.0.1_HML-2_7p22.1_MULTI assembly_coords:HG02178#2#JBHIKH010000024.1:4714741-4774285 genomic_strand:-	HG02178#2#JBHIKH010000024.1:4714847-4724305	0	49980	59439	9459	bdac0a513051de4364f45484ff7b0ccf956cfbd829158074272c5e83ad627dc6	type2
7p22.1	HG02257	mat	HG02257_mat_hprc_r2_v1.1.0_HML-2_7p22.1_MULTI	1	2	HG02257_mat_hprc_r2_v1.1.0_HML-2_7p22.1_MULTI_part1	historical_source/Documents/HML2_project_data/processed_loci/HML-2_7p22.1/HG02257_mat_hprc_r2_v1.1.0_HML-2_7p22.1.fa	3580edb833e40281bccc87ddf8e1277558bca3ab1fecdbdfeb9a5bc1d66ffb51	>HG02257_mat_hprc_r2_v1.1.0_HML-2_7p22.1_MULTI assembly_coords:HG02257#2#CM089261.1:4738662-4781200 genomic_strand:-	HG02257#2#CM089261.1:4747272-4756730	0	24470	33929	9459	ba7b9a1c117b84d8e2f09e9975944934d9f28b149f05161b9cb426a4e07e5f27	type2
7p22.1	HG02257	mat	HG02257_mat_hprc_r2_v1.1.0_HML-2_7p22.1_MULTI	2	2	HG02257_mat_hprc_r2_v1.1.0_HML-2_7p22.1_MULTI_part2	historical_source/Documents/HML2_project_data/processed_loci/HML-2_7p22.1/HG02257_mat_hprc_r2_v1.1.0_HML-2_7p22.1.fa	3580edb833e40281bccc87ddf8e1277558bca3ab1fecdbdfeb9a5bc1d66ffb51	>HG02257_mat_hprc_r2_v1.1.0_HML-2_7p22.1_MULTI assembly_coords:HG02257#2#CM089261.1:4738662-4781200 genomic_strand:-	HG02257#2#CM089261.1:4738768-4748226	0	32974	42433	9459	2dbb155998eb74329886724ddb57a442454c30a0808c462af6f2dd31cd6c10f7	type2
7p22.1	HG02258	mat	HG02258_mat_hprc_r2_v1.0.1_HML-2_7p22.1_MULTI	1	2	HG02258_mat_hprc_r2_v1.0.1_HML-2_7p22.1_MULTI_part1	historical_source/Documents/HML2_project_data/processed_loci/HML-2_7p22.1/HG02258_mat_hprc_r2_v1.0.1_HML-2_7p22.1.fa	ec931ae6881bd5692c82bb7fd4edb94e19337ee2ead7771f5be2ebda80b0c252	>HG02258_mat_hprc_r2_v1.0.1_HML-2_7p22.1_MULTI assembly_coords:HG02258#2#CM085838.1:4707182-4749713 genomic_strand:-	HG02258#2#CM085838.1:4715792-4725249	0	24464	33922	9458	374025def4a326cff287b1a7987ccb6e6c525d7d961335286934f45731289f70	type2
7p22.1	HG02258	mat	HG02258_mat_hprc_r2_v1.0.1_HML-2_7p22.1_MULTI	2	2	HG02258_mat_hprc_r2_v1.0.1_HML-2_7p22.1_MULTI_part2	historical_source/Documents/HML2_project_data/processed_loci/HML-2_7p22.1/HG02258_mat_hprc_r2_v1.0.1_HML-2_7p22.1.fa	ec931ae6881bd5692c82bb7fd4edb94e19337ee2ead7771f5be2ebda80b0c252	>HG02258_mat_hprc_r2_v1.0.1_HML-2_7p22.1_MULTI assembly_coords:HG02258#2#CM085838.1:4707182-4749713 genomic_strand:-	HG02258#2#CM085838.1:4707288-4716746	0	32967	42426	9459	54d8c09ac5fedbc319ebd21f29ba64259f26405989a1b3a72621c23d18303bbf	type2
7p22.1	HG02258	pat	HG02258_pat_hprc_r2_v1.0.1_HML-2_7p22.1_MULTI	1	2	HG02258_pat_hprc_r2_v1.0.1_HML-2_7p22.1_MULTI_part1	historical_source/Documents/HML2_project_data/processed_loci/HML-2_7p22.1/HG02258_pat_hprc_r2_v1.0.1_HML-2_7p22.1.fa	e0fcede17879aa798e0b4c24e83f678e378e92934104a28985ae6787ed229b6a	>HG02258_pat_hprc_r2_v1.0.1_HML-2_7p22.1_MULTI assembly_coords:HG02258#1#CM085827.1:4723764-4766301 genomic_strand:-	HG02258#1#CM085827.1:4732374-4741831	0	24470	33928	9458	d54df34b2ca5ad3c12d28ed5f5bdd0ca9644e4a2687e6d84062c4777cacb48f7	type2
7p22.1	HG02258	pat	HG02258_pat_hprc_r2_v1.0.1_HML-2_7p22.1_MULTI	2	2	HG02258_pat_hprc_r2_v1.0.1_HML-2_7p22.1_MULTI_part2	historical_source/Documents/HML2_project_data/processed_loci/HML-2_7p22.1/HG02258_pat_hprc_r2_v1.0.1_HML-2_7p22.1.fa	e0fcede17879aa798e0b4c24e83f678e378e92934104a28985ae6787ed229b6a	>HG02258_pat_hprc_r2_v1.0.1_HML-2_7p22.1_MULTI assembly_coords:HG02258#1#CM085827.1:4723764-4766301 genomic_strand:-	HG02258#1#CM085827.1:4723870-4733328	0	32973	42432	9459	6b3d83149db1dfb357e3e17525d129d853328e81feff0f35e69ee0652587b745	type2
7p22.1	HG02273	h1	HG02273_hap1_hprc_r2_v1.0.1_HML-2_7p22.1_MULTI	1	2	HG02273_hap1_hprc_r2_v1.0.1_HML-2_7p22.1_MULTI_part1	historical_source/Documents/HML2_project_data/processed_loci/HML-2_7p22.1/HG02273_hap1_hprc_r2_v1.0.1_HML-2_7p22.1.fa	83a8e2912db648dc4565cf82cc9c320502d3df3084ec0fff92ba1bd587a0c218	>HG02273_hap1_hprc_r2_v1.0.1_HML-2_7p22.1_MULTI assembly_coords:HG02273#1#JBHDVQ010000003.1:4759195-4801810 genomic_strand:-	HG02273#1#JBHDVQ010000003.1:4767805-4777263	0	24547	34006	9459	7059031f69f9c140422cc89d63a68f4fc187b9cc750e0c15c126cad3f1fa97d4	type2
7p22.1	HG02273	h1	HG02273_hap1_hprc_r2_v1.0.1_HML-2_7p22.1_MULTI	2	2	HG02273_hap1_hprc_r2_v1.0.1_HML-2_7p22.1_MULTI_part2	historical_source/Documents/HML2_project_data/processed_loci/HML-2_7p22.1/HG02273_hap1_hprc_r2_v1.0.1_HML-2_7p22.1.fa	83a8e2912db648dc4565cf82cc9c320502d3df3084ec0fff92ba1bd587a0c218	>HG02273_hap1_hprc_r2_v1.0.1_HML-2_7p22.1_MULTI assembly_coords:HG02273#1#JBHDVQ010000003.1:4759195-4801810 genomic_strand:-	HG02273#1#JBHDVQ010000003.1:4759301-4768759	0	33051	42510	9459	274ebf0106bf05749cb46271241eeb97cf86e00ca6003bf46f122e163ab9ad09	type2
7p22.1	HG02273	h2	HG02273_hap2_hprc_r2_v1.0.1_HML-2_7p22.1_MULTI	1	2	HG02273_hap2_hprc_r2_v1.0.1_HML-2_7p22.1_MULTI_part1	historical_source/Documents/HML2_project_data/processed_loci/HML-2_7p22.1/HG02273_hap2_hprc_r2_v1.0.1_HML-2_7p22.1.fa	2b404846ba149fdc6c46f8e735dd9227e38cb77d44c99ddfef74c85990730a04	>HG02273_hap2_hprc_r2_v1.0.1_HML-2_7p22.1_MULTI assembly_coords:HG02273#2#JBHDVR010000009.1:4752143-4794686 genomic_strand:-	HG02273#2#JBHDVR010000009.1:4760753-4770210	0	24476	33934	9458	8b01933a350f0aa1c59483e8de0972b0fcb343daabc70a8318fcf56c6dc0d1f8	type2
7p22.1	HG02273	h2	HG02273_hap2_hprc_r2_v1.0.1_HML-2_7p22.1_MULTI	2	2	HG02273_hap2_hprc_r2_v1.0.1_HML-2_7p22.1_MULTI_part2	historical_source/Documents/HML2_project_data/processed_loci/HML-2_7p22.1/HG02273_hap2_hprc_r2_v1.0.1_HML-2_7p22.1.fa	2b404846ba149fdc6c46f8e735dd9227e38cb77d44c99ddfef74c85990730a04	>HG02273_hap2_hprc_r2_v1.0.1_HML-2_7p22.1_MULTI assembly_coords:HG02273#2#JBHDVR010000009.1:4752143-4794686 genomic_strand:-	HG02273#2#JBHDVR010000009.1:4752249-4761707	0	32979	42438	9459	e4da7b39b22bbafe83d41b72798c79d120473841b431880fda5c5c93e987d2e2	type2
7p22.1	HG02280	mat	HG02280_mat_hprc_r2_v1.0.1_HML-2_7p22.1_MULTI	1	2	HG02280_mat_hprc_r2_v1.0.1_HML-2_7p22.1_MULTI_part1	historical_source/Documents/HML2_project_data/processed_loci/HML-2_7p22.1/HG02280_mat_hprc_r2_v1.0.1_HML-2_7p22.1.fa	335944a27591e143ffd5605c6fbe4b153fa7159650c15db184d6d6f2e83c342c	>HG02280_mat_hprc_r2_v1.0.1_HML-2_7p22.1_MULTI assembly_coords:HG02280#2#CM086282.1:4769616-4812219 genomic_strand:-	HG02280#2#CM086282.1:4778226-4787683	0	24536	33994	9458	b85b2192a68cf3bb5dee5089a0fbc76c2b02caac359cad4748dc9213dea203e1	type2
7p22.1	HG02280	mat	HG02280_mat_hprc_r2_v1.0.1_HML-2_7p22.1_MULTI	2	2	HG02280_mat_hprc_r2_v1.0.1_HML-2_7p22.1_MULTI_part2	historical_source/Documents/HML2_project_data/processed_loci/HML-2_7p22.1/HG02280_mat_hprc_r2_v1.0.1_HML-2_7p22.1.fa	335944a27591e143ffd5605c6fbe4b153fa7159650c15db184d6d6f2e83c342c	>HG02280_mat_hprc_r2_v1.0.1_HML-2_7p22.1_MULTI assembly_coords:HG02280#2#CM086282.1:4769616-4812219 genomic_strand:-	HG02280#2#CM086282.1:4769722-4779180	0	33039	42498	9459	a8bff51572835026fea07537af183b10d6a0fd33f917012bb382429675611244	type2
7p22.1	HG02280	pat	HG02280_pat_hprc_r2_v1.0.1_HML-2_7p22.1_MULTI	1	2	HG02280_pat_hprc_r2_v1.0.1_HML-2_7p22.1_MULTI_part1	historical_source/Documents/HML2_project_data/processed_loci/HML-2_7p22.1/HG02280_pat_hprc_r2_v1.0.1_HML-2_7p22.1.fa	ccd98f32dd19d7622edf0c2d1495326a312fb318334d28888b83889390443842	>HG02280_pat_hprc_r2_v1.0.1_HML-2_7p22.1_MULTI assembly_coords:HG02280#1#JBHDRR010000012.1:4695324-4737866 genomic_strand:-	HG02280#1#JBHDRR010000012.1:4703934-4713391	0	24475	33933	9458	374025def4a326cff287b1a7987ccb6e6c525d7d961335286934f45731289f70	type2
7p22.1	HG02280	pat	HG02280_pat_hprc_r2_v1.0.1_HML-2_7p22.1_MULTI	2	2	HG02280_pat_hprc_r2_v1.0.1_HML-2_7p22.1_MULTI_part2	historical_source/Documents/HML2_project_data/processed_loci/HML-2_7p22.1/HG02280_pat_hprc_r2_v1.0.1_HML-2_7p22.1.fa	ccd98f32dd19d7622edf0c2d1495326a312fb318334d28888b83889390443842	>HG02280_pat_hprc_r2_v1.0.1_HML-2_7p22.1_MULTI assembly_coords:HG02280#1#JBHDRR010000012.1:4695324-4737866 genomic_strand:-	HG02280#1#JBHDRR010000012.1:4695430-4704888	0	32978	42437	9459	1e8d68dddc9e83a39aa9ecc1157b5a3ccaa911c07ae81ab94ad4c9dfe2a99fa2	type2
7p22.1	HG02282	h1	HG02282_h1_HML-2_7p22.1_graph_hgsvc3-2024-02-23-mc-chm13_MULTI	1	2	HG02282_h1_HML-2_7p22.1_graph_hgsvc3-2024-02-23-mc-chm13_MULTI_part1	historical_source/Documents/HML2_project_data/hgsvc3-2024-02-23-mc-chm13/HML-2_7p22.1/HG02282_h1_HML-2_7p22.1_graph_hgsvc3-2024-02-23-mc-chm13.fa	32d8eb969a14d333bae2d410d6a655340d9665399b3be82572debb09d73d506f	>HG02282_h1_HML-2_7p22.1_graph_hgsvc3-2024-02-23-mc-chm13_MULTI|HG02282#1#haplotype1-0000001#0:4654119-4772384 genomic_strand:-	HG02282#1#haplotype1-0000001#0:4762320-4771777	500	107	9565	9458	3575c25239b324d30c1503a7c0f5864f97cef1d3d1e3a8e3aa665d499b795e65	type2
7p22.1	HG02282	h1	HG02282_h1_HML-2_7p22.1_graph_hgsvc3-2024-02-23-mc-chm13_MULTI	2	2	HG02282_h1_HML-2_7p22.1_graph_hgsvc3-2024-02-23-mc-chm13_MULTI_part2	historical_source/Documents/HML2_project_data/hgsvc3-2024-02-23-mc-chm13/HML-2_7p22.1/HG02282_h1_HML-2_7p22.1_graph_hgsvc3-2024-02-23-mc-chm13.fa	32d8eb969a14d333bae2d410d6a655340d9665399b3be82572debb09d73d506f	>HG02282_h1_HML-2_7p22.1_graph_hgsvc3-2024-02-23-mc-chm13_MULTI|HG02282#1#haplotype1-0000001#0:4654119-4772384 genomic_strand:-	HG02282#1#haplotype1-0000001#0:4753816-4763274	500	8610	18069	9459	6b3d83149db1dfb357e3e17525d129d853328e81feff0f35e69ee0652587b745	type2
7p22.1	HG02293	mat	HG02293_mat_hprc_r2_v1.0.1_HML-2_7p22.1_MULTI	1	2	HG02293_mat_hprc_r2_v1.0.1_HML-2_7p22.1_MULTI_part1	historical_source/Documents/HML2_project_data/processed_loci/HML-2_7p22.1/HG02293_mat_hprc_r2_v1.0.1_HML-2_7p22.1.fa	6ac462aa9d0e6a7868c189ebf49ba33481932fff84229fd13be450da1f9d2836	>HG02293_mat_hprc_r2_v1.0.1_HML-2_7p22.1_MULTI assembly_coords:HG02293#2#CM086238.1:4777169-4819704 genomic_strand:-	HG02293#2#CM086238.1:4785779-4795236	0	24468	33926	9458	8b01933a350f0aa1c59483e8de0972b0fcb343daabc70a8318fcf56c6dc0d1f8	type2
7p22.1	HG02293	mat	HG02293_mat_hprc_r2_v1.0.1_HML-2_7p22.1_MULTI	2	2	HG02293_mat_hprc_r2_v1.0.1_HML-2_7p22.1_MULTI_part2	historical_source/Documents/HML2_project_data/processed_loci/HML-2_7p22.1/HG02293_mat_hprc_r2_v1.0.1_HML-2_7p22.1.fa	6ac462aa9d0e6a7868c189ebf49ba33481932fff84229fd13be450da1f9d2836	>HG02293_mat_hprc_r2_v1.0.1_HML-2_7p22.1_MULTI assembly_coords:HG02293#2#CM086238.1:4777169-4819704 genomic_strand:-	HG02293#2#CM086238.1:4777275-4786733	0	32971	42430	9459	a79ec9d3fee3cc0c0b96ce5f60c40c555d8247364bc92d75d1b299330616b2f0	type2
7p22.1	HG02293	pat	HG02293_pat_hprc_r2_v1.0.1_HML-2_7p22.1_MULTI	1	4	HG02293_pat_hprc_r2_v1.0.1_HML-2_7p22.1_MULTI_part1	historical_source/Documents/HML2_project_data/processed_loci/HML-2_7p22.1/HG02293_pat_hprc_r2_v1.0.1_HML-2_7p22.1.fa	0f6a8c79cfca57a7b8eb831d5e55634253f564e518f7a86765acd0cebf8fc319	>HG02293_pat_hprc_r2_v1.0.1_HML-2_7p22.1_MULTI assembly_coords:HG02293#1#JBHDRN010000081.1:4727768-4787315 genomic_strand:-	HG02293#1#JBHDRN010000081.1:4753387-4762844	0	24471	33929	9458	8b01933a350f0aa1c59483e8de0972b0fcb343daabc70a8318fcf56c6dc0d1f8	type2
7p22.1	HG02293	pat	HG02293_pat_hprc_r2_v1.0.1_HML-2_7p22.1_MULTI	2	4	HG02293_pat_hprc_r2_v1.0.1_HML-2_7p22.1_MULTI_part2	historical_source/Documents/HML2_project_data/processed_loci/HML-2_7p22.1/HG02293_pat_hprc_r2_v1.0.1_HML-2_7p22.1.fa	0f6a8c79cfca57a7b8eb831d5e55634253f564e518f7a86765acd0cebf8fc319	>HG02293_pat_hprc_r2_v1.0.1_HML-2_7p22.1_MULTI assembly_coords:HG02293#1#JBHDRN010000081.1:4727768-4787315 genomic_strand:-	HG02293#1#JBHDRN010000081.1:4744883-4754341	0	32974	42433	9459	3530a40dd52aa72dee56310eb19108fb74b72d08b1d145e846d31ccba8aeda00	type2
7p22.1	HG02293	pat	HG02293_pat_hprc_r2_v1.0.1_HML-2_7p22.1_MULTI	3	4	HG02293_pat_hprc_r2_v1.0.1_HML-2_7p22.1_MULTI_part3	historical_source/Documents/HML2_project_data/processed_loci/HML-2_7p22.1/HG02293_pat_hprc_r2_v1.0.1_HML-2_7p22.1.fa	0f6a8c79cfca57a7b8eb831d5e55634253f564e518f7a86765acd0cebf8fc319	>HG02293_pat_hprc_r2_v1.0.1_HML-2_7p22.1_MULTI assembly_coords:HG02293#1#JBHDRN010000081.1:4727768-4787315 genomic_strand:-	HG02293#1#JBHDRN010000081.1:4736379-4745837	0	41478	50937	9459	cfb9f6886f2632340a93216327b8d2504b3b409e1cd032ccd0ea3a31b973ee27	type2
7p22.1	HG02293	pat	HG02293_pat_hprc_r2_v1.0.1_HML-2_7p22.1_MULTI	4	4	HG02293_pat_hprc_r2_v1.0.1_HML-2_7p22.1_MULTI_part4	historical_source/Documents/HML2_project_data/processed_loci/HML-2_7p22.1/HG02293_pat_hprc_r2_v1.0.1_HML-2_7p22.1.fa	0f6a8c79cfca57a7b8eb831d5e55634253f564e518f7a86765acd0cebf8fc319	>HG02293_pat_hprc_r2_v1.0.1_HML-2_7p22.1_MULTI assembly_coords:HG02293#1#JBHDRN010000081.1:4727768-4787315 genomic_strand:-	HG02293#1#JBHDRN010000081.1:4727874-4737333	0	49982	59442	9460	746de84c5ff13f4753c61fb0df09965ce466eae6e4c14382d38dc839675f9a21	type2
7p22.1	HG02300	mat	HG02300_mat_hprc_r2_v1.0.1_HML-2_7p22.1_MULTI	1	2	HG02300_mat_hprc_r2_v1.0.1_HML-2_7p22.1_MULTI_part1	historical_source/Documents/HML2_project_data/processed_loci/HML-2_7p22.1/HG02300_mat_hprc_r2_v1.0.1_HML-2_7p22.1.fa	2a6272f1645ac05a75c7727f68c5615d89d544c68f02062fea84356b48d8d9c3	>HG02300_mat_hprc_r2_v1.0.1_HML-2_7p22.1_MULTI assembly_coords:HG02300#2#JBHDSE010000059.1:4716244-4758846 genomic_strand:-	HG02300#2#JBHDSE010000059.1:4724854-4734312	0	24534	33993	9459	7059031f69f9c140422cc89d63a68f4fc187b9cc750e0c15c126cad3f1fa97d4	type2
7p22.1	HG02300	mat	HG02300_mat_hprc_r2_v1.0.1_HML-2_7p22.1_MULTI	2	2	HG02300_mat_hprc_r2_v1.0.1_HML-2_7p22.1_MULTI_part2	historical_source/Documents/HML2_project_data/processed_loci/HML-2_7p22.1/HG02300_mat_hprc_r2_v1.0.1_HML-2_7p22.1.fa	2a6272f1645ac05a75c7727f68c5615d89d544c68f02062fea84356b48d8d9c3	>HG02300_mat_hprc_r2_v1.0.1_HML-2_7p22.1_MULTI assembly_coords:HG02300#2#JBHDSE010000059.1:4716244-4758846 genomic_strand:-	HG02300#2#JBHDSE010000059.1:4716350-4725808	0	33038	42497	9459	274ebf0106bf05749cb46271241eeb97cf86e00ca6003bf46f122e163ab9ad09	type2
7p22.1	HG02300	pat	HG02300_pat_hprc_r2_v1.0.1_HML-2_7p22.1_MULTI	1	2	HG02300_pat_hprc_r2_v1.0.1_HML-2_7p22.1_MULTI_part1	historical_source/Documents/HML2_project_data/processed_loci/HML-2_7p22.1/HG02300_pat_hprc_r2_v1.0.1_HML-2_7p22.1.fa	a2e3e2f345cac4709d672c4811e9bf3651b96ec64cee8f6b6b21099c9ad2b08c	>HG02300_pat_hprc_r2_v1.0.1_HML-2_7p22.1_MULTI assembly_coords:HG02300#1#JBHDSD010000072.1:4779369-4821947 genomic_strand:-	HG02300#1#JBHDSD010000072.1:4787979-4797437	0	24510	33969	9459	7059031f69f9c140422cc89d63a68f4fc187b9cc750e0c15c126cad3f1fa97d4	type2
7p22.1	HG02300	pat	HG02300_pat_hprc_r2_v1.0.1_HML-2_7p22.1_MULTI	2	2	HG02300_pat_hprc_r2_v1.0.1_HML-2_7p22.1_MULTI_part2	historical_source/Documents/HML2_project_data/processed_loci/HML-2_7p22.1/HG02300_pat_hprc_r2_v1.0.1_HML-2_7p22.1.fa	a2e3e2f345cac4709d672c4811e9bf3651b96ec64cee8f6b6b21099c9ad2b08c	>HG02300_pat_hprc_r2_v1.0.1_HML-2_7p22.1_MULTI assembly_coords:HG02300#1#JBHDSD010000072.1:4779369-4821947 genomic_strand:-	HG02300#1#JBHDSD010000072.1:4779475-4788933	0	33014	42473	9459	274ebf0106bf05749cb46271241eeb97cf86e00ca6003bf46f122e163ab9ad09	type2
7p22.1	HG02391	h2	HG02391_hap2_hprc_r2_v1.0.1_HML-2_7p22.1_MULTI	1	2	HG02391_hap2_hprc_r2_v1.0.1_HML-2_7p22.1_MULTI_part1	historical_source/Documents/HML2_project_data/processed_loci/HML-2_7p22.1/HG02391_hap2_hprc_r2_v1.0.1_HML-2_7p22.1.fa	d2053914d095047824dc0d24cd49dfce913d1a1846a8267ec7fe8b15f02cee21	>HG02391_hap2_hprc_r2_v1.0.1_HML-2_7p22.1_MULTI assembly_coords:HG02391#2#CM087614.1:4707991-4750522 genomic_strand:-	HG02391#2#CM087614.1:4716601-4726058	0	24464	33922	9458	8b01933a350f0aa1c59483e8de0972b0fcb343daabc70a8318fcf56c6dc0d1f8	type2
7p22.1	HG02391	h2	HG02391_hap2_hprc_r2_v1.0.1_HML-2_7p22.1_MULTI	2	2	HG02391_hap2_hprc_r2_v1.0.1_HML-2_7p22.1_MULTI_part2	historical_source/Documents/HML2_project_data/processed_loci/HML-2_7p22.1/HG02391_hap2_hprc_r2_v1.0.1_HML-2_7p22.1.fa	d2053914d095047824dc0d24cd49dfce913d1a1846a8267ec7fe8b15f02cee21	>HG02391_hap2_hprc_r2_v1.0.1_HML-2_7p22.1_MULTI assembly_coords:HG02391#2#CM087614.1:4707991-4750522 genomic_strand:-	HG02391#2#CM087614.1:4708097-4717555	0	32967	42426	9459	e4da7b39b22bbafe83d41b72798c79d120473841b431880fda5c5c93e987d2e2	type2
7p22.1	HG02451	pat	HG02451_pat_hprc_r2_v1.0.1_HML-2_7p22.1_MULTI	1	2	HG02451_pat_hprc_r2_v1.0.1_HML-2_7p22.1_MULTI_part1	historical_source/Documents/HML2_project_data/processed_loci/HML-2_7p22.1/HG02451_pat_hprc_r2_v1.0.1_HML-2_7p22.1.fa	a5e2640ac721184a1bce2ab0076c3eb51987ad564e65ac3d133f936939ac4158	>HG02451_pat_hprc_r2_v1.0.1_HML-2_7p22.1_MULTI assembly_coords:HG02451#1#CM086203.1:4686329-4728867 genomic_strand:-	HG02451#1#CM086203.1:4694938-4704395	0	24472	33930	9458	d61a120f28cea2bb9aadfb59ace6ed85ceb6661f69cd319b10dc71d9b2d09b60	type2
7p22.1	HG02451	pat	HG02451_pat_hprc_r2_v1.0.1_HML-2_7p22.1_MULTI	2	2	HG02451_pat_hprc_r2_v1.0.1_HML-2_7p22.1_MULTI_part2	historical_source/Documents/HML2_project_data/processed_loci/HML-2_7p22.1/HG02451_pat_hprc_r2_v1.0.1_HML-2_7p22.1.fa	a5e2640ac721184a1bce2ab0076c3eb51987ad564e65ac3d133f936939ac4158	>HG02451_pat_hprc_r2_v1.0.1_HML-2_7p22.1_MULTI assembly_coords:HG02451#1#CM086203.1:4686329-4728867 genomic_strand:-	HG02451#1#CM086203.1:4686435-4695892	0	32975	42433	9458	46fe87741d7b9d5f45b4d0ac4c6994d6f1ee5090d15eb46fe9801fb3722e51b5	type2
7p22.1	HG02486	mat	HG02486_mat_hprc_r2_v1.0.1_HML-2_7p22.1_MULTI	1	2	HG02486_mat_hprc_r2_v1.0.1_HML-2_7p22.1_MULTI_part1	historical_source/Documents/HML2_project_data/processed_loci/HML-2_7p22.1/HG02486_mat_hprc_r2_v1.0.1_HML-2_7p22.1.fa	32baec5833d86b06a527224322daeb553374c94aa678f57799f6521b7226a8be	>HG02486_mat_hprc_r2_v1.0.1_HML-2_7p22.1_MULTI assembly_coords:HG02486#2#CM088220.1:4781703-4824298 genomic_strand:-	HG02486#2#CM088220.1:4790313-4799770	0	24528	33986	9458	8b01933a350f0aa1c59483e8de0972b0fcb343daabc70a8318fcf56c6dc0d1f8	type2
7p22.1	HG02486	mat	HG02486_mat_hprc_r2_v1.0.1_HML-2_7p22.1_MULTI	2	2	HG02486_mat_hprc_r2_v1.0.1_HML-2_7p22.1_MULTI_part2	historical_source/Documents/HML2_project_data/processed_loci/HML-2_7p22.1/HG02486_mat_hprc_r2_v1.0.1_HML-2_7p22.1.fa	32baec5833d86b06a527224322daeb553374c94aa678f57799f6521b7226a8be	>HG02486_mat_hprc_r2_v1.0.1_HML-2_7p22.1_MULTI assembly_coords:HG02486#2#CM088220.1:4781703-4824298 genomic_strand:-	HG02486#2#CM088220.1:4781809-4791267	0	33031	42490	9459	2a97251e9d654ada0eddbc00581799c213af60f953515ccca0f0e7a5207db582	type2
7p22.1	HG02486	pat	HG02486_pat_hprc_r2_v1.0.1_HML-2_7p22.1_MULTI	1	2	HG02486_pat_hprc_r2_v1.0.1_HML-2_7p22.1_MULTI_part1	historical_source/Documents/HML2_project_data/processed_loci/HML-2_7p22.1/HG02486_pat_hprc_r2_v1.0.1_HML-2_7p22.1.fa	e75bca67e7e886d1ade634682417eabf5c3f705550ed16b1bbbba1ccdcbfea94	>HG02486_pat_hprc_r2_v1.0.1_HML-2_7p22.1_MULTI assembly_coords:HG02486#1#CM088196.1:4719556-4762100 genomic_strand:-	HG02486#1#CM088196.1:4728166-4737623	0	24477	33935	9458	374025def4a326cff287b1a7987ccb6e6c525d7d961335286934f45731289f70	type2
7p22.1	HG02486	pat	HG02486_pat_hprc_r2_v1.0.1_HML-2_7p22.1_MULTI	2	2	HG02486_pat_hprc_r2_v1.0.1_HML-2_7p22.1_MULTI_part2	historical_source/Documents/HML2_project_data/processed_loci/HML-2_7p22.1/HG02486_pat_hprc_r2_v1.0.1_HML-2_7p22.1.fa	e75bca67e7e886d1ade634682417eabf5c3f705550ed16b1bbbba1ccdcbfea94	>HG02486_pat_hprc_r2_v1.0.1_HML-2_7p22.1_MULTI assembly_coords:HG02486#1#CM088196.1:4719556-4762100 genomic_strand:-	HG02486#1#CM088196.1:4719662-4729120	0	32980	42439	9459	1e8d68dddc9e83a39aa9ecc1157b5a3ccaa911c07ae81ab94ad4c9dfe2a99fa2	type2
7p22.1	HG02492	h2	HG02492_h2_HML-2_7p22.1_graph_hgsvc3-2024-02-23-mc-chm13_MULTI	1	2	HG02492_h2_HML-2_7p22.1_graph_hgsvc3-2024-02-23-mc-chm13_MULTI_part1	historical_source/Documents/HML2_project_data/hgsvc3-2024-02-23-mc-chm13/HML-2_7p22.1/HG02492_h2_HML-2_7p22.1_graph_hgsvc3-2024-02-23-mc-chm13.fa	74a64322e63424d48d4407f827a1f58b2ec16235433a2e59230326389ea40b62	>HG02492_h2_HML-2_7p22.1_graph_hgsvc3-2024-02-23-mc-chm13_MULTI|HG02492#2#haplotype2-0000125#0:4659333-4777536 genomic_strand:-	HG02492#2#haplotype2-0000125#0:4767472-4776929	500	107	9565	9458	8b01933a350f0aa1c59483e8de0972b0fcb343daabc70a8318fcf56c6dc0d1f8	type2
7p22.1	HG02492	h2	HG02492_h2_HML-2_7p22.1_graph_hgsvc3-2024-02-23-mc-chm13_MULTI	2	2	HG02492_h2_HML-2_7p22.1_graph_hgsvc3-2024-02-23-mc-chm13_MULTI_part2	historical_source/Documents/HML2_project_data/hgsvc3-2024-02-23-mc-chm13/HML-2_7p22.1/HG02492_h2_HML-2_7p22.1_graph_hgsvc3-2024-02-23-mc-chm13.fa	74a64322e63424d48d4407f827a1f58b2ec16235433a2e59230326389ea40b62	>HG02492_h2_HML-2_7p22.1_graph_hgsvc3-2024-02-23-mc-chm13_MULTI|HG02492#2#haplotype2-0000125#0:4659333-4777536 genomic_strand:-	HG02492#2#haplotype2-0000125#0:4758968-4768426	500	8610	18069	9459	e4da7b39b22bbafe83d41b72798c79d120473841b431880fda5c5c93e987d2e2	type2
7p22.1	HG02514	mat	HG02514_mat_hprc_r2_v1.0.1_HML-2_7p22.1_MULTI	1	2	HG02514_mat_hprc_r2_v1.0.1_HML-2_7p22.1_MULTI_part1	historical_source/Documents/HML2_project_data/processed_loci/HML-2_7p22.1/HG02514_mat_hprc_r2_v1.0.1_HML-2_7p22.1.fa	d3e5f37f623f7179bc3eb36d0f3f8da27cdf0420f01804bf5f18b432e8b37cb5	>HG02514_mat_hprc_r2_v1.0.1_HML-2_7p22.1_MULTI assembly_coords:HG02514#2#CM098749.1:4788989-4831527 genomic_strand:-	HG02514#2#CM098749.1:4797599-4807057	0	24470	33929	9459	c42ecfc8b2462b23949fcbcdaf645592114e93fd68a91dacbc504fe7c73b32a5	type2
7p22.1	HG02514	mat	HG02514_mat_hprc_r2_v1.0.1_HML-2_7p22.1_MULTI	2	2	HG02514_mat_hprc_r2_v1.0.1_HML-2_7p22.1_MULTI_part2	historical_source/Documents/HML2_project_data/processed_loci/HML-2_7p22.1/HG02514_mat_hprc_r2_v1.0.1_HML-2_7p22.1.fa	d3e5f37f623f7179bc3eb36d0f3f8da27cdf0420f01804bf5f18b432e8b37cb5	>HG02514_mat_hprc_r2_v1.0.1_HML-2_7p22.1_MULTI assembly_coords:HG02514#2#CM098749.1:4788989-4831527 genomic_strand:-	HG02514#2#CM098749.1:4789095-4798553	0	32974	42433	9459	bdac0a513051de4364f45484ff7b0ccf956cfbd829158074272c5e83ad627dc6	type2
7p22.1	HG02554	h2	HG02554_h2_HML-2_7p22.1_graph_hgsvc3-2024-02-23-mc-chm13_MULTI	1	2	HG02554_h2_HML-2_7p22.1_graph_hgsvc3-2024-02-23-mc-chm13_MULTI_part1	historical_source/Documents/HML2_project_data/hgsvc3-2024-02-23-mc-chm13/HML-2_7p22.1/HG02554_h2_HML-2_7p22.1_graph_hgsvc3-2024-02-23-mc-chm13.fa	f204dd082c33ba55353d3b4975eb7261c1e97b6ab38dee0aab738632acfd34c5	>HG02554_h2_HML-2_7p22.1_graph_hgsvc3-2024-02-23-mc-chm13_MULTI|HG02554#2#haplotype2-0000166#0:4658403-4776618 genomic_strand:-	HG02554#2#haplotype2-0000166#0:4766553-4776011	500	107	9566	9459	76e55bf4a088320fcb5a541c733636b156c063f6cbb9507f0fde48fd69c60cf6	type2
7p22.1	HG02554	h2	HG02554_h2_HML-2_7p22.1_graph_hgsvc3-2024-02-23-mc-chm13_MULTI	2	2	HG02554_h2_HML-2_7p22.1_graph_hgsvc3-2024-02-23-mc-chm13_MULTI_part2	historical_source/Documents/HML2_project_data/hgsvc3-2024-02-23-mc-chm13/HML-2_7p22.1/HG02554_h2_HML-2_7p22.1_graph_hgsvc3-2024-02-23-mc-chm13.fa	f204dd082c33ba55353d3b4975eb7261c1e97b6ab38dee0aab738632acfd34c5	>HG02554_h2_HML-2_7p22.1_graph_hgsvc3-2024-02-23-mc-chm13_MULTI|HG02554#2#haplotype2-0000166#0:4658403-4776618 genomic_strand:-	HG02554#2#haplotype2-0000166#0:4758049-4767507	500	8611	18070	9459	04a074d39b31cbfcc349bd468e71b3930c6e491730f80680d25ca9916e8c120b	type2
7p22.1	HG02559	pat	HG02559_pat_hprc_r2_v1.0.1_HML-2_7p22.1_MULTI	1	2	HG02559_pat_hprc_r2_v1.0.1_HML-2_7p22.1_MULTI_part1	historical_source/Documents/HML2_project_data/processed_loci/HML-2_7p22.1/HG02559_pat_hprc_r2_v1.0.1_HML-2_7p22.1.fa	d1fc836797ab0376789a2de2ff351bd3f2c4de910e66c9bf5338c35634655235	>HG02559_pat_hprc_r2_v1.0.1_HML-2_7p22.1_MULTI assembly_coords:HG02559#1#CM088235.1:4719573-4762119 genomic_strand:-	HG02559#1#CM088235.1:4728183-4737641	0	24478	33937	9459	705c7845f5a1dbcc1235c3236f4a995709d38e97ff698d7834948f7783e9bf8d	type2
7p22.1	HG02559	pat	HG02559_pat_hprc_r2_v1.0.1_HML-2_7p22.1_MULTI	2	2	HG02559_pat_hprc_r2_v1.0.1_HML-2_7p22.1_MULTI_part2	historical_source/Documents/HML2_project_data/processed_loci/HML-2_7p22.1/HG02559_pat_hprc_r2_v1.0.1_HML-2_7p22.1.fa	d1fc836797ab0376789a2de2ff351bd3f2c4de910e66c9bf5338c35634655235	>HG02559_pat_hprc_r2_v1.0.1_HML-2_7p22.1_MULTI assembly_coords:HG02559#1#CM088235.1:4719573-4762119 genomic_strand:-	HG02559#1#CM088235.1:4719679-4729137	0	32982	42441	9459	495fe4c4885244fa6b45034038d81686bc226b1a1f9aaef696e4661490bebeb4	type2
7p22.1	HG02572	pat	HG02572_pat_hprc_r2_v1.0.1_HML-2_7p22.1_MULTI	1	2	HG02572_pat_hprc_r2_v1.0.1_HML-2_7p22.1_MULTI_part1	historical_source/Documents/HML2_project_data/processed_loci/HML-2_7p22.1/HG02572_pat_hprc_r2_v1.0.1_HML-2_7p22.1.fa	5ef92d96ea7f595bc012dc1ea8d69163581ae5ec8372f2a9e81bcc46d62567f3	>HG02572_pat_hprc_r2_v1.0.1_HML-2_7p22.1_MULTI assembly_coords:HG02572#1#CM088156.1:4714713-4757248 genomic_strand:-	HG02572#1#CM088156.1:4723323-4732780	0	24468	33926	9458	374025def4a326cff287b1a7987ccb6e6c525d7d961335286934f45731289f70	type2
7p22.1	HG02572	pat	HG02572_pat_hprc_r2_v1.0.1_HML-2_7p22.1_MULTI	2	2	HG02572_pat_hprc_r2_v1.0.1_HML-2_7p22.1_MULTI_part2	historical_source/Documents/HML2_project_data/processed_loci/HML-2_7p22.1/HG02572_pat_hprc_r2_v1.0.1_HML-2_7p22.1.fa	5ef92d96ea7f595bc012dc1ea8d69163581ae5ec8372f2a9e81bcc46d62567f3	>HG02572_pat_hprc_r2_v1.0.1_HML-2_7p22.1_MULTI assembly_coords:HG02572#1#CM088156.1:4714713-4757248 genomic_strand:-	HG02572#1#CM088156.1:4714819-4724277	0	32971	42430	9459	a6fb926dc25c0acb7bb037048600938f4c55b8ca3b879dfa191989c5e3ff665a	type2
7p22.1	HG02583	h1	HG02583_hap1_hprc_r2_v1.0.1_HML-2_7p22.1_MULTI	1	2	HG02583_hap1_hprc_r2_v1.0.1_HML-2_7p22.1_MULTI_part1	historical_source/Documents/HML2_project_data/processed_loci/HML-2_7p22.1/HG02583_hap1_hprc_r2_v1.0.1_HML-2_7p22.1.fa	535cd165eeba81a4b6dc9d7d81920b275522b0495ae73ab5eadfb327a00797b7	>HG02583_hap1_hprc_r2_v1.0.1_HML-2_7p22.1_MULTI assembly_coords:HG02583#1#CM089491.1:4710184-4752795 genomic_strand:-	HG02583#1#CM089491.1:4718794-4728251	0	24544	34002	9458	374025def4a326cff287b1a7987ccb6e6c525d7d961335286934f45731289f70	type2
7p22.1	HG02583	h1	HG02583_hap1_hprc_r2_v1.0.1_HML-2_7p22.1_MULTI	2	2	HG02583_hap1_hprc_r2_v1.0.1_HML-2_7p22.1_MULTI_part2	historical_source/Documents/HML2_project_data/processed_loci/HML-2_7p22.1/HG02583_hap1_hprc_r2_v1.0.1_HML-2_7p22.1.fa	535cd165eeba81a4b6dc9d7d81920b275522b0495ae73ab5eadfb327a00797b7	>HG02583_hap1_hprc_r2_v1.0.1_HML-2_7p22.1_MULTI assembly_coords:HG02583#1#CM089491.1:4710184-4752795 genomic_strand:-	HG02583#1#CM089491.1:4710290-4719748	0	33047	42506	9459	988ffcfe5c9e94d737a35ae08fc7fc20bea6d819e786b93f3b130f94ae3b2bac	type2
7p22.1	HG02587	h1	HG02587_h1_HML-2_7p22.1_graph_hgsvc3-2024-02-23-mc-chm13_MULTI	1	2	HG02587_h1_HML-2_7p22.1_graph_hgsvc3-2024-02-23-mc-chm13_MULTI_part1	historical_source/Documents/HML2_project_data/hgsvc3-2024-02-23-mc-chm13/HML-2_7p22.1/HG02587_h1_HML-2_7p22.1_graph_hgsvc3-2024-02-23-mc-chm13.fa	32b7487141015f8dacdf39c6bca1b5ed842831de7ede48e300beb8435dd318b7	>HG02587_h1_HML-2_7p22.1_graph_hgsvc3-2024-02-23-mc-chm13_MULTI|HG02587#1#haplotype1-0000006#0:156480996-156599243 genomic_strand:-	HG02587#1#haplotype1-0000006#0:156589178-156598636	500	107	9566	9459	705c7845f5a1dbcc1235c3236f4a995709d38e97ff698d7834948f7783e9bf8d	type2
7p22.1	HG02587	h1	HG02587_h1_HML-2_7p22.1_graph_hgsvc3-2024-02-23-mc-chm13_MULTI	2	2	HG02587_h1_HML-2_7p22.1_graph_hgsvc3-2024-02-23-mc-chm13_MULTI_part2	historical_source/Documents/HML2_project_data/hgsvc3-2024-02-23-mc-chm13/HML-2_7p22.1/HG02587_h1_HML-2_7p22.1_graph_hgsvc3-2024-02-23-mc-chm13.fa	32b7487141015f8dacdf39c6bca1b5ed842831de7ede48e300beb8435dd318b7	>HG02587_h1_HML-2_7p22.1_graph_hgsvc3-2024-02-23-mc-chm13_MULTI|HG02587#1#haplotype1-0000006#0:156480996-156599243 genomic_strand:-	HG02587#1#haplotype1-0000006#0:156580674-156590132	500	8611	18070	9459	f1dae56f01ee31eda142d654fc4fd64498c148eb3b3356a358da68aec3e4e378	type2
7p22.1	HG02615	mat	HG02615_mat_hprc_r2_v1.0.1_HML-2_7p22.1_MULTI	1	2	HG02615_mat_hprc_r2_v1.0.1_HML-2_7p22.1_MULTI_part1	historical_source/Documents/HML2_project_data/processed_loci/HML-2_7p22.1/HG02615_mat_hprc_r2_v1.0.1_HML-2_7p22.1.fa	44a2990ad1655397ab342888fb4ba2ce02237f0819494a82a93087f215079a10	>HG02615_mat_hprc_r2_v1.0.1_HML-2_7p22.1_MULTI assembly_coords:HG02615#2#CM086694.1:4715045-4757575 genomic_strand:-	HG02615#2#CM086694.1:4723655-4733112	0	24463	33921	9458	374025def4a326cff287b1a7987ccb6e6c525d7d961335286934f45731289f70	type2
7p22.1	HG02615	mat	HG02615_mat_hprc_r2_v1.0.1_HML-2_7p22.1_MULTI	2	2	HG02615_mat_hprc_r2_v1.0.1_HML-2_7p22.1_MULTI_part2	historical_source/Documents/HML2_project_data/processed_loci/HML-2_7p22.1/HG02615_mat_hprc_r2_v1.0.1_HML-2_7p22.1.fa	44a2990ad1655397ab342888fb4ba2ce02237f0819494a82a93087f215079a10	>HG02615_mat_hprc_r2_v1.0.1_HML-2_7p22.1_MULTI assembly_coords:HG02615#2#CM086694.1:4715045-4757575 genomic_strand:-	HG02615#2#CM086694.1:4715151-4724609	0	32966	42425	9459	72b18153fb48d06944067a92b157b520da2c78918dd82fbf3504d3abb4270dbc	type2
7p22.1	HG02615	pat	HG02615_pat_hprc_r2_v1.0.1_HML-2_7p22.1_MULTI	1	2	HG02615_pat_hprc_r2_v1.0.1_HML-2_7p22.1_MULTI_part1	historical_source/Documents/HML2_project_data/processed_loci/HML-2_7p22.1/HG02615_pat_hprc_r2_v1.0.1_HML-2_7p22.1.fa	c924d2aff3694f53fb70ef54a958087c548b25eb578c31c172c2d2799f84991a	>HG02615_pat_hprc_r2_v1.0.1_HML-2_7p22.1_MULTI assembly_coords:HG02615#1#CM086672.1:4721690-4764232 genomic_strand:-	HG02615#1#CM086672.1:4730300-4739757	0	24475	33933	9458	374025def4a326cff287b1a7987ccb6e6c525d7d961335286934f45731289f70	type2
7p22.1	HG02615	pat	HG02615_pat_hprc_r2_v1.0.1_HML-2_7p22.1_MULTI	2	2	HG02615_pat_hprc_r2_v1.0.1_HML-2_7p22.1_MULTI_part2	historical_source/Documents/HML2_project_data/processed_loci/HML-2_7p22.1/HG02615_pat_hprc_r2_v1.0.1_HML-2_7p22.1.fa	c924d2aff3694f53fb70ef54a958087c548b25eb578c31c172c2d2799f84991a	>HG02615_pat_hprc_r2_v1.0.1_HML-2_7p22.1_MULTI assembly_coords:HG02615#1#CM086672.1:4721690-4764232 genomic_strand:-	HG02615#1#CM086672.1:4721796-4731254	0	32978	42437	9459	1e8d68dddc9e83a39aa9ecc1157b5a3ccaa911c07ae81ab94ad4c9dfe2a99fa2	type2
7p22.1	HG02630	pat	HG02630_pat_hprc_r2_v1.0.1_HML-2_7p22.1_MULTI	1	2	HG02630_pat_hprc_r2_v1.0.1_HML-2_7p22.1_MULTI_part1	historical_source/Documents/HML2_project_data/processed_loci/HML-2_7p22.1/HG02630_pat_hprc_r2_v1.0.1_HML-2_7p22.1.fa	f0cd2611f0ec2af248252cd511168288cbbc0ab949c5ecb74b6bbf9813317a76	>HG02630_pat_hprc_r2_v1.0.1_HML-2_7p22.1_MULTI assembly_coords:HG02630#1#JAHAOQ020000007.1:4713928-4756481 genomic_strand:-	HG02630#1#JAHAOQ020000007.1:4722538-4731995	0	24486	33944	9458	3575c25239b324d30c1503a7c0f5864f97cef1d3d1e3a8e3aa665d499b795e65	type2
7p22.1	HG02630	pat	HG02630_pat_hprc_r2_v1.0.1_HML-2_7p22.1_MULTI	2	2	HG02630_pat_hprc_r2_v1.0.1_HML-2_7p22.1_MULTI_part2	historical_source/Documents/HML2_project_data/processed_loci/HML-2_7p22.1/HG02630_pat_hprc_r2_v1.0.1_HML-2_7p22.1.fa	f0cd2611f0ec2af248252cd511168288cbbc0ab949c5ecb74b6bbf9813317a76	>HG02630_pat_hprc_r2_v1.0.1_HML-2_7p22.1_MULTI assembly_coords:HG02630#1#JAHAOQ020000007.1:4713928-4756481 genomic_strand:-	HG02630#1#JAHAOQ020000007.1:4714034-4723492	0	32989	42448	9459	6b3d83149db1dfb357e3e17525d129d853328e81feff0f35e69ee0652587b745	type2
7p22.1	HG02647	pat	HG02647_pat_hprc_r2_v1.0.1_HML-2_7p22.1_MULTI	1	2	HG02647_pat_hprc_r2_v1.0.1_HML-2_7p22.1_MULTI_part1	historical_source/Documents/HML2_project_data/processed_loci/HML-2_7p22.1/HG02647_pat_hprc_r2_v1.0.1_HML-2_7p22.1.fa	f91c11138aaecfdfbda1841e3b5facb60d8f83208cebc0057de7918098a86365	>HG02647_pat_hprc_r2_v1.0.1_HML-2_7p22.1_MULTI assembly_coords:HG02647#1#JBHDSP010000071.1:4708414-4750984 genomic_strand:-	HG02647#1#JBHDSP010000071.1:4717024-4726481	0	24503	33961	9458	6d65babcc4c53fa0af0aa1f9822bd9e04971fe186ba0bfa70b639a9ac6997577	type2
7p22.1	HG02647	pat	HG02647_pat_hprc_r2_v1.0.1_HML-2_7p22.1_MULTI	2	2	HG02647_pat_hprc_r2_v1.0.1_HML-2_7p22.1_MULTI_part2	historical_source/Documents/HML2_project_data/processed_loci/HML-2_7p22.1/HG02647_pat_hprc_r2_v1.0.1_HML-2_7p22.1.fa	f91c11138aaecfdfbda1841e3b5facb60d8f83208cebc0057de7918098a86365	>HG02647_pat_hprc_r2_v1.0.1_HML-2_7p22.1_MULTI assembly_coords:HG02647#1#JBHDSP010000071.1:4708414-4750984 genomic_strand:-	HG02647#1#JBHDSP010000071.1:4708520-4717978	0	33006	42465	9459	6b3d83149db1dfb357e3e17525d129d853328e81feff0f35e69ee0652587b745	type2
7p22.1	HG02666	h2	HG02666_h2_HML-2_7p22.1_graph_hgsvc3-2024-02-23-mc-chm13_MULTI	1	2	HG02666_h2_HML-2_7p22.1_graph_hgsvc3-2024-02-23-mc-chm13_MULTI_part1	historical_source/Documents/HML2_project_data/hgsvc3-2024-02-23-mc-chm13/HML-2_7p22.1/HG02666_h2_HML-2_7p22.1_graph_hgsvc3-2024-02-23-mc-chm13.fa	4bbc7256fce73ec22335abfbe6b4e6ad7e15382fbc027e3977f7d3c1cc9d29fd	>HG02666_h2_HML-2_7p22.1_graph_hgsvc3-2024-02-23-mc-chm13_MULTI|HG02666#2#haplotype2-0000073#0:156219584-156337938 genomic_strand:-	HG02666#2#haplotype2-0000073#0:156327874-156337331	500	107	9565	9458	374025def4a326cff287b1a7987ccb6e6c525d7d961335286934f45731289f70	type2
7p22.1	HG02666	h2	HG02666_h2_HML-2_7p22.1_graph_hgsvc3-2024-02-23-mc-chm13_MULTI	2	2	HG02666_h2_HML-2_7p22.1_graph_hgsvc3-2024-02-23-mc-chm13_MULTI_part2	historical_source/Documents/HML2_project_data/hgsvc3-2024-02-23-mc-chm13/HML-2_7p22.1/HG02666_h2_HML-2_7p22.1_graph_hgsvc3-2024-02-23-mc-chm13.fa	4bbc7256fce73ec22335abfbe6b4e6ad7e15382fbc027e3977f7d3c1cc9d29fd	>HG02666_h2_HML-2_7p22.1_graph_hgsvc3-2024-02-23-mc-chm13_MULTI|HG02666#2#haplotype2-0000073#0:156219584-156337938 genomic_strand:-	HG02666#2#haplotype2-0000073#0:156319370-156328828	500	8610	18069	9459	1e8d68dddc9e83a39aa9ecc1157b5a3ccaa911c07ae81ab94ad4c9dfe2a99fa2	type2
7p22.1	HG02668	pat	HG02668_pat_hprc_r2_v1.0.1_HML-2_7p22.1_MULTI	1	2	HG02668_pat_hprc_r2_v1.0.1_HML-2_7p22.1_MULTI_part1	historical_source/Documents/HML2_project_data/processed_loci/HML-2_7p22.1/HG02668_pat_hprc_r2_v1.0.1_HML-2_7p22.1.fa	37975d37442f540276be290ef5ad89ef33bcc5d5d581a6273ba8e152042eacae	>HG02668_pat_hprc_r2_v1.0.1_HML-2_7p22.1_MULTI assembly_coords:HG02668#1#CM088867.1:4767874-4810420 genomic_strand:-	HG02668#1#CM088867.1:4776484-4785941	0	24479	33937	9458	374025def4a326cff287b1a7987ccb6e6c525d7d961335286934f45731289f70	type2
7p22.1	HG02668	pat	HG02668_pat_hprc_r2_v1.0.1_HML-2_7p22.1_MULTI	2	2	HG02668_pat_hprc_r2_v1.0.1_HML-2_7p22.1_MULTI_part2	historical_source/Documents/HML2_project_data/processed_loci/HML-2_7p22.1/HG02668_pat_hprc_r2_v1.0.1_HML-2_7p22.1.fa	37975d37442f540276be290ef5ad89ef33bcc5d5d581a6273ba8e152042eacae	>HG02668_pat_hprc_r2_v1.0.1_HML-2_7p22.1_MULTI assembly_coords:HG02668#1#CM088867.1:4767874-4810420 genomic_strand:-	HG02668#1#CM088867.1:4767980-4777438	0	32982	42441	9459	1e8d68dddc9e83a39aa9ecc1157b5a3ccaa911c07ae81ab94ad4c9dfe2a99fa2	type2
7p22.1	HG02698	pat	HG02698_pat_hprc_r2_v1.0.1_HML-2_7p22.1_MULTI	1	2	HG02698_pat_hprc_r2_v1.0.1_HML-2_7p22.1_MULTI_part1	historical_source/Documents/HML2_project_data/processed_loci/HML-2_7p22.1/HG02698_pat_hprc_r2_v1.0.1_HML-2_7p22.1.fa	e2aa7f9282b25387d62aa4b0801fc7126f40577e1f2b8049b4ed508bf157f53b	>HG02698_pat_hprc_r2_v1.0.1_HML-2_7p22.1_MULTI assembly_coords:HG02698#1#CM086826.1:4709408-4751953 genomic_strand:-	HG02698#1#CM086826.1:4718018-4727475	0	24478	33936	9458	8b01933a350f0aa1c59483e8de0972b0fcb343daabc70a8318fcf56c6dc0d1f8	type2
7p22.1	HG02698	pat	HG02698_pat_hprc_r2_v1.0.1_HML-2_7p22.1_MULTI	2	2	HG02698_pat_hprc_r2_v1.0.1_HML-2_7p22.1_MULTI_part2	historical_source/Documents/HML2_project_data/processed_loci/HML-2_7p22.1/HG02698_pat_hprc_r2_v1.0.1_HML-2_7p22.1.fa	e2aa7f9282b25387d62aa4b0801fc7126f40577e1f2b8049b4ed508bf157f53b	>HG02698_pat_hprc_r2_v1.0.1_HML-2_7p22.1_MULTI assembly_coords:HG02698#1#CM086826.1:4709408-4751953 genomic_strand:-	HG02698#1#CM086826.1:4709514-4718972	0	32981	42440	9459	f4c450cb51d050a540c519ee45e2bee86c2369e9389b4f4b0868d8a411dea666	type2
7p22.1	HG02717	mat	HG02717_mat_hprc_r2_v1.0.1_HML-2_7p22.1_MULTI	1	2	HG02717_mat_hprc_r2_v1.0.1_HML-2_7p22.1_MULTI_part1	historical_source/Documents/HML2_project_data/processed_loci/HML-2_7p22.1/HG02717_mat_hprc_r2_v1.0.1_HML-2_7p22.1.fa	3c414b2691bd6c34cfd7a483f3f8d28d4ee7ffc78193c647fbb81eb98848603a	>HG02717_mat_hprc_r2_v1.0.1_HML-2_7p22.1_MULTI assembly_coords:HG02717#2#CM088972.1:4712023-4754564 genomic_strand:-	HG02717#2#CM088972.1:4720633-4730091	0	24473	33932	9459	705c7845f5a1dbcc1235c3236f4a995709d38e97ff698d7834948f7783e9bf8d	type2
7p22.1	HG02717	mat	HG02717_mat_hprc_r2_v1.0.1_HML-2_7p22.1_MULTI	2	2	HG02717_mat_hprc_r2_v1.0.1_HML-2_7p22.1_MULTI_part2	historical_source/Documents/HML2_project_data/processed_loci/HML-2_7p22.1/HG02717_mat_hprc_r2_v1.0.1_HML-2_7p22.1.fa	3c414b2691bd6c34cfd7a483f3f8d28d4ee7ffc78193c647fbb81eb98848603a	>HG02717_mat_hprc_r2_v1.0.1_HML-2_7p22.1_MULTI assembly_coords:HG02717#2#CM088972.1:4712023-4754564 genomic_strand:-	HG02717#2#CM088972.1:4712129-4721587	0	32977	42436	9459	f1dae56f01ee31eda142d654fc4fd64498c148eb3b3356a358da68aec3e4e378	type2
7p22.1	HG02717	pat	HG02717_pat_hprc_r2_v1.0.1_HML-2_7p22.1_MULTI	1	2	HG02717_pat_hprc_r2_v1.0.1_HML-2_7p22.1_MULTI_part1	historical_source/Documents/HML2_project_data/processed_loci/HML-2_7p22.1/HG02717_pat_hprc_r2_v1.0.1_HML-2_7p22.1.fa	a80c05f307de6f95cece0bc6f405478846df731e9e354bdce0062309e29111b9	>HG02717_pat_hprc_r2_v1.0.1_HML-2_7p22.1_MULTI assembly_coords:HG02717#1#CM088959.1:4725572-4768108 genomic_strand:-	HG02717#1#CM088959.1:4734182-4743639	0	24469	33927	9458	374025def4a326cff287b1a7987ccb6e6c525d7d961335286934f45731289f70	type2
7p22.1	HG02717	pat	HG02717_pat_hprc_r2_v1.0.1_HML-2_7p22.1_MULTI	2	2	HG02717_pat_hprc_r2_v1.0.1_HML-2_7p22.1_MULTI_part2	historical_source/Documents/HML2_project_data/processed_loci/HML-2_7p22.1/HG02717_pat_hprc_r2_v1.0.1_HML-2_7p22.1.fa	a80c05f307de6f95cece0bc6f405478846df731e9e354bdce0062309e29111b9	>HG02717_pat_hprc_r2_v1.0.1_HML-2_7p22.1_MULTI assembly_coords:HG02717#1#CM088959.1:4725572-4768108 genomic_strand:-	HG02717#1#CM088959.1:4725678-4735136	0	32972	42431	9459	a6fb926dc25c0acb7bb037048600938f4c55b8ca3b879dfa191989c5e3ff665a	type2
7p22.1	HG02723	mat	HG02723_mat_hprc_r2_v1.0.1_HML-2_7p22.1_MULTI	1	2	HG02723_mat_hprc_r2_v1.0.1_HML-2_7p22.1_MULTI_part1	historical_source/Documents/HML2_project_data/processed_loci/HML-2_7p22.1/HG02723_mat_hprc_r2_v1.0.1_HML-2_7p22.1.fa	06861831f57baa98c5715c7117e94404e68de7e972ed0b473b18254d76edfd03	>HG02723_mat_hprc_r2_v1.0.1_HML-2_7p22.1_MULTI assembly_coords:HG02723#2#CM092013.1:4716024-4758566 genomic_strand:-	HG02723#2#CM092013.1:4724634-4734091	0	24475	33933	9458	374025def4a326cff287b1a7987ccb6e6c525d7d961335286934f45731289f70	type2
7p22.1	HG02723	mat	HG02723_mat_hprc_r2_v1.0.1_HML-2_7p22.1_MULTI	2	2	HG02723_mat_hprc_r2_v1.0.1_HML-2_7p22.1_MULTI_part2	historical_source/Documents/HML2_project_data/processed_loci/HML-2_7p22.1/HG02723_mat_hprc_r2_v1.0.1_HML-2_7p22.1.fa	06861831f57baa98c5715c7117e94404e68de7e972ed0b473b18254d76edfd03	>HG02723_mat_hprc_r2_v1.0.1_HML-2_7p22.1_MULTI assembly_coords:HG02723#2#CM092013.1:4716024-4758566 genomic_strand:-	HG02723#2#CM092013.1:4716130-4725588	0	32978	42437	9459	1e8d68dddc9e83a39aa9ecc1157b5a3ccaa911c07ae81ab94ad4c9dfe2a99fa2	type2
7p22.1	HG02735	mat	HG02735_mat_hprc_r2_v1.0.1_HML-2_7p22.1_MULTI	1	2	HG02735_mat_hprc_r2_v1.0.1_HML-2_7p22.1_MULTI_part1	historical_source/Documents/HML2_project_data/processed_loci/HML-2_7p22.1/HG02735_mat_hprc_r2_v1.0.1_HML-2_7p22.1.fa	15f855fb2d95445037b936b1a785caa24a1e5bcf2ff38b3f4ea77f396e2c3f01	>HG02735_mat_hprc_r2_v1.0.1_HML-2_7p22.1_MULTI assembly_coords:HG02735#2#CM089344.1:4729746-4772287 genomic_strand:-	HG02735#2#CM089344.1:4738356-4747813	0	24474	33932	9458	83ea4cef7bc87c13f16657d806474836c6041699e0003fb5f4c55f8f678f94a2	type2
7p22.1	HG02735	mat	HG02735_mat_hprc_r2_v1.0.1_HML-2_7p22.1_MULTI	2	2	HG02735_mat_hprc_r2_v1.0.1_HML-2_7p22.1_MULTI_part2	historical_source/Documents/HML2_project_data/processed_loci/HML-2_7p22.1/HG02735_mat_hprc_r2_v1.0.1_HML-2_7p22.1.fa	15f855fb2d95445037b936b1a785caa24a1e5bcf2ff38b3f4ea77f396e2c3f01	>HG02735_mat_hprc_r2_v1.0.1_HML-2_7p22.1_MULTI assembly_coords:HG02735#2#CM089344.1:4729746-4772287 genomic_strand:-	HG02735#2#CM089344.1:4729852-4739310	0	32977	42436	9459	e4da7b39b22bbafe83d41b72798c79d120473841b431880fda5c5c93e987d2e2	type2
7p22.1	HG02738	pat	HG02738_pat_hprc_r2_v1.0.1_HML-2_7p22.1_MULTI	1	2	HG02738_pat_hprc_r2_v1.0.1_HML-2_7p22.1_MULTI_part1	historical_source/Documents/HML2_project_data/processed_loci/HML-2_7p22.1/HG02738_pat_hprc_r2_v1.0.1_HML-2_7p22.1.fa	9441791dbf69ee735276cf4196f868c2cbdbd9154c2f9dde1d58d61631b2fd1e	>HG02738_pat_hprc_r2_v1.0.1_HML-2_7p22.1_MULTI assembly_coords:HG02738#1#JBJXQJ010000011.1:4716247-4758853 genomic_strand:-	HG02738#1#JBJXQJ010000011.1:4724857-4734315	0	24538	33997	9459	7059031f69f9c140422cc89d63a68f4fc187b9cc750e0c15c126cad3f1fa97d4	type2
7p22.1	HG02738	pat	HG02738_pat_hprc_r2_v1.0.1_HML-2_7p22.1_MULTI	2	2	HG02738_pat_hprc_r2_v1.0.1_HML-2_7p22.1_MULTI_part2	historical_source/Documents/HML2_project_data/processed_loci/HML-2_7p22.1/HG02738_pat_hprc_r2_v1.0.1_HML-2_7p22.1.fa	9441791dbf69ee735276cf4196f868c2cbdbd9154c2f9dde1d58d61631b2fd1e	>HG02738_pat_hprc_r2_v1.0.1_HML-2_7p22.1_MULTI assembly_coords:HG02738#1#JBJXQJ010000011.1:4716247-4758853 genomic_strand:-	HG02738#1#JBJXQJ010000011.1:4716353-4725811	0	33042	42501	9459	2a601e6697c42a563b889ea655876c3f426db09127809fb46da1edf972dd1596	type2
7p22.1	HG02769	h2	HG02769_h2_HML-2_7p22.1_graph_hgsvc3-2024-02-23-mc-chm13_MULTI	1	2	HG02769_h2_HML-2_7p22.1_graph_hgsvc3-2024-02-23-mc-chm13_MULTI_part1	historical_source/Documents/HML2_project_data/hgsvc3-2024-02-23-mc-chm13/HML-2_7p22.1/HG02769_h2_HML-2_7p22.1_graph_hgsvc3-2024-02-23-mc-chm13.fa	199eb0f443a18100e2037df54e9ce6bdfdc96863a62e1260930b366d94ef74ba	>HG02769_h2_HML-2_7p22.1_graph_hgsvc3-2024-02-23-mc-chm13_MULTI|HG02769#2#haplotype2-0000185#0:129965747-130084105 genomic_strand:-	HG02769#2#haplotype2-0000185#0:130074041-130083498	500	107	9565	9458	374025def4a326cff287b1a7987ccb6e6c525d7d961335286934f45731289f70	type2
7p22.1	HG02769	h2	HG02769_h2_HML-2_7p22.1_graph_hgsvc3-2024-02-23-mc-chm13_MULTI	2	2	HG02769_h2_HML-2_7p22.1_graph_hgsvc3-2024-02-23-mc-chm13_MULTI_part2	historical_source/Documents/HML2_project_data/hgsvc3-2024-02-23-mc-chm13/HML-2_7p22.1/HG02769_h2_HML-2_7p22.1_graph_hgsvc3-2024-02-23-mc-chm13.fa	199eb0f443a18100e2037df54e9ce6bdfdc96863a62e1260930b366d94ef74ba	>HG02769_h2_HML-2_7p22.1_graph_hgsvc3-2024-02-23-mc-chm13_MULTI|HG02769#2#haplotype2-0000185#0:129965747-130084105 genomic_strand:-	HG02769#2#haplotype2-0000185#0:130065537-130074995	500	8610	18069	9459	176a1470cc5fc8c6a0db1a0d5082f095c709049cf40dd1190a6c837315827e2e	type2
7p22.1	HG02809	pat	HG02809_pat_hprc_r2_v1.0.1_HML-2_7p22.1_MULTI	1	2	HG02809_pat_hprc_r2_v1.0.1_HML-2_7p22.1_MULTI_part1	historical_source/Documents/HML2_project_data/processed_loci/HML-2_7p22.1/HG02809_pat_hprc_r2_v1.0.1_HML-2_7p22.1.fa	60f5da00c94997126d80b4bb6ef09c4748ea541885747e02c2ed0646d33ca49c	>HG02809_pat_hprc_r2_v1.0.1_HML-2_7p22.1_MULTI assembly_coords:HG02809#1#JBHIGO010000069.1:4718809-4761359 genomic_strand:-	HG02809#1#JBHIGO010000069.1:4727419-4736876	0	24483	33941	9458	d54df34b2ca5ad3c12d28ed5f5bdd0ca9644e4a2687e6d84062c4777cacb48f7	type2
7p22.1	HG02809	pat	HG02809_pat_hprc_r2_v1.0.1_HML-2_7p22.1_MULTI	2	2	HG02809_pat_hprc_r2_v1.0.1_HML-2_7p22.1_MULTI_part2	historical_source/Documents/HML2_project_data/processed_loci/HML-2_7p22.1/HG02809_pat_hprc_r2_v1.0.1_HML-2_7p22.1.fa	60f5da00c94997126d80b4bb6ef09c4748ea541885747e02c2ed0646d33ca49c	>HG02809_pat_hprc_r2_v1.0.1_HML-2_7p22.1_MULTI assembly_coords:HG02809#1#JBHIGO010000069.1:4718809-4761359 genomic_strand:-	HG02809#1#JBHIGO010000069.1:4718915-4728373	0	32986	42445	9459	6b3d83149db1dfb357e3e17525d129d853328e81feff0f35e69ee0652587b745	type2
7p22.1	HG02841	pat	HG02841_pat_hprc_r2_v1.0.1_HML-2_7p22.1_MULTI	1	3	HG02841_pat_hprc_r2_v1.0.1_HML-2_7p22.1_MULTI_part1	historical_source/Documents/HML2_project_data/processed_loci/HML-2_7p22.1/HG02841_pat_hprc_r2_v1.0.1_HML-2_7p22.1.fa	b487a2e48d3c351e1f5d7faa4db1e92bde81a69e0c82eb0add00a3fd8ef22c14	>HG02841_pat_hprc_r2_v1.0.1_HML-2_7p22.1_MULTI assembly_coords:HG02841#1#CM098703.1:4712657-4763713 genomic_strand:-	HG02841#1#CM098703.1:4729771-4739228	0	24485	33943	9458	8b01933a350f0aa1c59483e8de0972b0fcb343daabc70a8318fcf56c6dc0d1f8	type2
7p22.1	HG02841	pat	HG02841_pat_hprc_r2_v1.0.1_HML-2_7p22.1_MULTI	2	3	HG02841_pat_hprc_r2_v1.0.1_HML-2_7p22.1_MULTI_part2	historical_source/Documents/HML2_project_data/processed_loci/HML-2_7p22.1/HG02841_pat_hprc_r2_v1.0.1_HML-2_7p22.1.fa	b487a2e48d3c351e1f5d7faa4db1e92bde81a69e0c82eb0add00a3fd8ef22c14	>HG02841_pat_hprc_r2_v1.0.1_HML-2_7p22.1_MULTI assembly_coords:HG02841#1#CM098703.1:4712657-4763713 genomic_strand:-	HG02841#1#CM098703.1:4721267-4730725	0	32988	42447	9459	e3e4bdfd230041926188d7b13eb45567e12e9dfc8aa8a0da9188e596ed5b80ef	type2
7p22.1	HG02841	pat	HG02841_pat_hprc_r2_v1.0.1_HML-2_7p22.1_MULTI	3	3	HG02841_pat_hprc_r2_v1.0.1_HML-2_7p22.1_MULTI_part3	historical_source/Documents/HML2_project_data/processed_loci/HML-2_7p22.1/HG02841_pat_hprc_r2_v1.0.1_HML-2_7p22.1.fa	b487a2e48d3c351e1f5d7faa4db1e92bde81a69e0c82eb0add00a3fd8ef22c14	>HG02841_pat_hprc_r2_v1.0.1_HML-2_7p22.1_MULTI assembly_coords:HG02841#1#CM098703.1:4712657-4763713 genomic_strand:-	HG02841#1#CM098703.1:4712763-4722221	0	41492	50951	9459	222df651197b8d12bd6b1d2683e7492d12df5c8922023ccc547d1d58c41b70cb	type2
7p22.1	HG02886	mat	HG02886_mat_hprc_r2_v1.0.1_HML-2_7p22.1_MULTI	1	2	HG02886_mat_hprc_r2_v1.0.1_HML-2_7p22.1_MULTI_part1	historical_source/Documents/HML2_project_data/processed_loci/HML-2_7p22.1/HG02886_mat_hprc_r2_v1.0.1_HML-2_7p22.1.fa	00bdad59d4e44c7c71330a3548beb707823c6281f152614d43aab6c1b1262c98	>HG02886_mat_hprc_r2_v1.0.1_HML-2_7p22.1_MULTI assembly_coords:HG02886#2#CM088128.1:4698556-4741124 genomic_strand:-	HG02886#2#CM088128.1:4707166-4716623	0	24501	33959	9458	3575c25239b324d30c1503a7c0f5864f97cef1d3d1e3a8e3aa665d499b795e65	type2
7p22.1	HG02886	mat	HG02886_mat_hprc_r2_v1.0.1_HML-2_7p22.1_MULTI	2	2	HG02886_mat_hprc_r2_v1.0.1_HML-2_7p22.1_MULTI_part2	historical_source/Documents/HML2_project_data/processed_loci/HML-2_7p22.1/HG02886_mat_hprc_r2_v1.0.1_HML-2_7p22.1.fa	00bdad59d4e44c7c71330a3548beb707823c6281f152614d43aab6c1b1262c98	>HG02886_mat_hprc_r2_v1.0.1_HML-2_7p22.1_MULTI assembly_coords:HG02886#2#CM088128.1:4698556-4741124 genomic_strand:-	HG02886#2#CM088128.1:4698662-4708120	0	33004	42463	9459	6b3d83149db1dfb357e3e17525d129d853328e81feff0f35e69ee0652587b745	type2
7p22.1	HG02886	pat	HG02886_pat_hprc_r2_v1.0.1_HML-2_7p22.1_MULTI	1	2	HG02886_pat_hprc_r2_v1.0.1_HML-2_7p22.1_MULTI_part1	historical_source/Documents/HML2_project_data/processed_loci/HML-2_7p22.1/HG02886_pat_hprc_r2_v1.0.1_HML-2_7p22.1.fa	4e8fc1f8ec4531220cfa6bdb99c15c7c86847e2b23a7b01b141f25a1c0636957	>HG02886_pat_hprc_r2_v1.0.1_HML-2_7p22.1_MULTI assembly_coords:HG02886#1#JAHAOU020000006.1:3704848-3747378 genomic_strand:-	HG02886#1#JAHAOU020000006.1:3713458-3722915	0	24463	33921	9458	374025def4a326cff287b1a7987ccb6e6c525d7d961335286934f45731289f70	type2
7p22.1	HG02886	pat	HG02886_pat_hprc_r2_v1.0.1_HML-2_7p22.1_MULTI	2	2	HG02886_pat_hprc_r2_v1.0.1_HML-2_7p22.1_MULTI_part2	historical_source/Documents/HML2_project_data/processed_loci/HML-2_7p22.1/HG02886_pat_hprc_r2_v1.0.1_HML-2_7p22.1.fa	4e8fc1f8ec4531220cfa6bdb99c15c7c86847e2b23a7b01b141f25a1c0636957	>HG02886_pat_hprc_r2_v1.0.1_HML-2_7p22.1_MULTI assembly_coords:HG02886#1#JAHAOU020000006.1:3704848-3747378 genomic_strand:-	HG02886#1#JAHAOU020000006.1:3704954-3714412	0	32966	42425	9459	72b18153fb48d06944067a92b157b520da2c78918dd82fbf3504d3abb4270dbc	type2
7p22.1	HG02976	h1	HG02976_hap1_hprc_r2_v1.0.1_HML-2_7p22.1_MULTI	1	2	HG02976_hap1_hprc_r2_v1.0.1_HML-2_7p22.1_MULTI_part1	historical_source/Documents/HML2_project_data/processed_loci/HML-2_7p22.1/HG02976_hap1_hprc_r2_v1.0.1_HML-2_7p22.1.fa	1c827aeb87ef1577ba49c31d54612b6c3e3b6182ec45242781f63c0523a36ffa	>HG02976_hap1_hprc_r2_v1.0.1_HML-2_7p22.1_MULTI assembly_coords:HG02976#1#CM087100.1:4613143-4655752 genomic_strand:-	HG02976#1#CM087100.1:4621753-4631210	0	24542	34000	9458	e9ef156f4f3566aa1132a76bc388d7a057ed7d4c83469769026b9e58f40cf1a7	type2
7p22.1	HG02976	h1	HG02976_hap1_hprc_r2_v1.0.1_HML-2_7p22.1_MULTI	2	2	HG02976_hap1_hprc_r2_v1.0.1_HML-2_7p22.1_MULTI_part2	historical_source/Documents/HML2_project_data/processed_loci/HML-2_7p22.1/HG02976_hap1_hprc_r2_v1.0.1_HML-2_7p22.1.fa	1c827aeb87ef1577ba49c31d54612b6c3e3b6182ec45242781f63c0523a36ffa	>HG02976_hap1_hprc_r2_v1.0.1_HML-2_7p22.1_MULTI assembly_coords:HG02976#1#CM087100.1:4613143-4655752 genomic_strand:-	HG02976#1#CM087100.1:4613249-4622707	0	33045	42504	9459	1e8d68dddc9e83a39aa9ecc1157b5a3ccaa911c07ae81ab94ad4c9dfe2a99fa2	type2
7p22.1	HG02984	mat	HG02984_mat_hprc_r2_v1.0.1_HML-2_7p22.1_MULTI	1	2	HG02984_mat_hprc_r2_v1.0.1_HML-2_7p22.1_MULTI_part1	historical_source/Documents/HML2_project_data/processed_loci/HML-2_7p22.1/HG02984_mat_hprc_r2_v1.0.1_HML-2_7p22.1.fa	1bbae05c1dad25f464dec0d9c327529ecda8469498bc5e3107bb76b79b39f0ff	>HG02984_mat_hprc_r2_v1.0.1_HML-2_7p22.1_MULTI assembly_coords:HG02984#2#CM098806.1:4771304-4813860 genomic_strand:-	HG02984#2#CM098806.1:4779914-4789372	0	24488	33947	9459	705c7845f5a1dbcc1235c3236f4a995709d38e97ff698d7834948f7783e9bf8d	type2
7p22.1	HG02984	mat	HG02984_mat_hprc_r2_v1.0.1_HML-2_7p22.1_MULTI	2	2	HG02984_mat_hprc_r2_v1.0.1_HML-2_7p22.1_MULTI_part2	historical_source/Documents/HML2_project_data/processed_loci/HML-2_7p22.1/HG02984_mat_hprc_r2_v1.0.1_HML-2_7p22.1.fa	1bbae05c1dad25f464dec0d9c327529ecda8469498bc5e3107bb76b79b39f0ff	>HG02984_mat_hprc_r2_v1.0.1_HML-2_7p22.1_MULTI assembly_coords:HG02984#2#CM098806.1:4771304-4813860 genomic_strand:-	HG02984#2#CM098806.1:4771410-4780868	0	32992	42451	9459	495fe4c4885244fa6b45034038d81686bc226b1a1f9aaef696e4661490bebeb4	type2
7p22.1	HG03009	h2	HG03009_h2_HML-2_7p22.1_graph_hgsvc3-2024-02-23-mc-chm13_MULTI	1	2	HG03009_h2_HML-2_7p22.1_graph_hgsvc3-2024-02-23-mc-chm13_MULTI_part1	historical_source/Documents/HML2_project_data/hgsvc3-2024-02-23-mc-chm13/HML-2_7p22.1/HG03009_h2_HML-2_7p22.1_graph_hgsvc3-2024-02-23-mc-chm13.fa	2a4d7fae666e03f31ee453fb2c5a319e507252e9a555e13e6965ccdcac95ae76	>HG03009_h2_HML-2_7p22.1_graph_hgsvc3-2024-02-23-mc-chm13_MULTI|HG03009#2#haplotype2-0000070#0:155714176-155832438 genomic_strand:-	HG03009#2#haplotype2-0000070#0:155822374-155831831	500	107	9565	9458	cae296eb7a755496e97874078d827aa7090ebd2c26049d5acfd79f8df4e6847c	type2
7p22.1	HG03009	h2	HG03009_h2_HML-2_7p22.1_graph_hgsvc3-2024-02-23-mc-chm13_MULTI	2	2	HG03009_h2_HML-2_7p22.1_graph_hgsvc3-2024-02-23-mc-chm13_MULTI_part2	historical_source/Documents/HML2_project_data/hgsvc3-2024-02-23-mc-chm13/HML-2_7p22.1/HG03009_h2_HML-2_7p22.1_graph_hgsvc3-2024-02-23-mc-chm13.fa	2a4d7fae666e03f31ee453fb2c5a319e507252e9a555e13e6965ccdcac95ae76	>HG03009_h2_HML-2_7p22.1_graph_hgsvc3-2024-02-23-mc-chm13_MULTI|HG03009#2#haplotype2-0000070#0:155714176-155832438 genomic_strand:-	HG03009#2#haplotype2-0000070#0:155813870-155823328	500	8610	18069	9459	e4da7b39b22bbafe83d41b72798c79d120473841b431880fda5c5c93e987d2e2	type2
7p22.1	HG03041	pat	HG03041_pat_hprc_r2_v1.0.1_HML-2_7p22.1_MULTI	1	2	HG03041_pat_hprc_r2_v1.0.1_HML-2_7p22.1_MULTI_part1	historical_source/Documents/HML2_project_data/processed_loci/HML-2_7p22.1/HG03041_pat_hprc_r2_v1.0.1_HML-2_7p22.1.fa	916cb6d086e3dc4d5974f6a64dbbfa40f91f02acce5c3c5fa1dc965023a49562	>HG03041_pat_hprc_r2_v1.0.1_HML-2_7p22.1_MULTI assembly_coords:HG03041#1#CM088715.1:4712080-4754625 genomic_strand:-	HG03041#1#CM088715.1:4720690-4730148	0	24477	33936	9459	2f38f63238244e6b175f9481b93220a51c34e26b3393a29b5684c04ed61445ba	type2
7p22.1	HG03041	pat	HG03041_pat_hprc_r2_v1.0.1_HML-2_7p22.1_MULTI	2	2	HG03041_pat_hprc_r2_v1.0.1_HML-2_7p22.1_MULTI_part2	historical_source/Documents/HML2_project_data/processed_loci/HML-2_7p22.1/HG03041_pat_hprc_r2_v1.0.1_HML-2_7p22.1.fa	916cb6d086e3dc4d5974f6a64dbbfa40f91f02acce5c3c5fa1dc965023a49562	>HG03041_pat_hprc_r2_v1.0.1_HML-2_7p22.1_MULTI assembly_coords:HG03041#1#CM088715.1:4712080-4754625 genomic_strand:-	HG03041#1#CM088715.1:4712186-4721644	0	32981	42440	9459	ba1532f3cba54ec7b9d870db2df4c585af83a455473d3c425257309373296f56	type2
7p22.1	HG03065	h2	HG03065_h2_HML-2_7p22.1_graph_hgsvc3-2024-02-23-mc-chm13_MULTI	1	2	HG03065_h2_HML-2_7p22.1_graph_hgsvc3-2024-02-23-mc-chm13_MULTI_part1	historical_source/Documents/HML2_project_data/hgsvc3-2024-02-23-mc-chm13/HML-2_7p22.1/HG03065_h2_HML-2_7p22.1_graph_hgsvc3-2024-02-23-mc-chm13.fa	3c54af77d389f3d9ca4684e57f15c57895dcc882c7da165349cc58d3c7b4401f	>HG03065_h2_HML-2_7p22.1_graph_hgsvc3-2024-02-23-mc-chm13_MULTI|HG03065#2#haplotype2-0000067#0:155824399-155942686 genomic_strand:-	HG03065#2#haplotype2-0000067#0:155932622-155942079	500	107	9565	9458	3575c25239b324d30c1503a7c0f5864f97cef1d3d1e3a8e3aa665d499b795e65	type2
7p22.1	HG03065	h2	HG03065_h2_HML-2_7p22.1_graph_hgsvc3-2024-02-23-mc-chm13_MULTI	2	2	HG03065_h2_HML-2_7p22.1_graph_hgsvc3-2024-02-23-mc-chm13_MULTI_part2	historical_source/Documents/HML2_project_data/hgsvc3-2024-02-23-mc-chm13/HML-2_7p22.1/HG03065_h2_HML-2_7p22.1_graph_hgsvc3-2024-02-23-mc-chm13.fa	3c54af77d389f3d9ca4684e57f15c57895dcc882c7da165349cc58d3c7b4401f	>HG03065_h2_HML-2_7p22.1_graph_hgsvc3-2024-02-23-mc-chm13_MULTI|HG03065#2#haplotype2-0000067#0:155824399-155942686 genomic_strand:-	HG03065#2#haplotype2-0000067#0:155924118-155933576	500	8610	18069	9459	6b3d83149db1dfb357e3e17525d129d853328e81feff0f35e69ee0652587b745	type2
7p22.1	HG03130	h1	HG03130_hap1_hprc_r2_v1.0.1_HML-2_7p22.1_MULTI	1	2	HG03130_hap1_hprc_r2_v1.0.1_HML-2_7p22.1_MULTI_part1	historical_source/Documents/HML2_project_data/processed_loci/HML-2_7p22.1/HG03130_hap1_hprc_r2_v1.0.1_HML-2_7p22.1.fa	0255543d53d991ed70b472c802e95e93bca3234f9c67026207caf4096cb85d5d	>HG03130_hap1_hprc_r2_v1.0.1_HML-2_7p22.1_MULTI assembly_coords:HG03130#1#CM087256.1:4702966-4745508 genomic_strand:-	HG03130#1#CM087256.1:4711576-4721033	0	24475	33933	9458	374025def4a326cff287b1a7987ccb6e6c525d7d961335286934f45731289f70	type2
7p22.1	HG03130	h1	HG03130_hap1_hprc_r2_v1.0.1_HML-2_7p22.1_MULTI	2	2	HG03130_hap1_hprc_r2_v1.0.1_HML-2_7p22.1_MULTI_part2	historical_source/Documents/HML2_project_data/processed_loci/HML-2_7p22.1/HG03130_hap1_hprc_r2_v1.0.1_HML-2_7p22.1.fa	0255543d53d991ed70b472c802e95e93bca3234f9c67026207caf4096cb85d5d	>HG03130_hap1_hprc_r2_v1.0.1_HML-2_7p22.1_MULTI assembly_coords:HG03130#1#CM087256.1:4702966-4745508 genomic_strand:-	HG03130#1#CM087256.1:4703072-4712530	0	32978	42437	9459	7298cacb2c5dc05128af3a2abcdb072e8960714d201c3f07a445a0616421ffd7	type2
7p22.1	HG03209	h2	HG03209_hap2_hprc_r2_v1.0.1_HML-2_7p22.1_MULTI	1	2	HG03209_hap2_hprc_r2_v1.0.1_HML-2_7p22.1_MULTI_part1	historical_source/Documents/HML2_project_data/processed_loci/HML-2_7p22.1/HG03209_hap2_hprc_r2_v1.0.1_HML-2_7p22.1.fa	6816ddad84bed69f4f66ee4b2ef429b9c3e79a969367ed67de3da590ef88d8fb	>HG03209_hap2_hprc_r2_v1.0.1_HML-2_7p22.1_MULTI assembly_coords:HG03209#2#CM087232.1:4714699-4757251 genomic_strand:-	HG03209#2#CM087232.1:4723309-4732767	0	24484	33943	9459	705c7845f5a1dbcc1235c3236f4a995709d38e97ff698d7834948f7783e9bf8d	type2
7p22.1	HG03209	h2	HG03209_hap2_hprc_r2_v1.0.1_HML-2_7p22.1_MULTI	2	2	HG03209_hap2_hprc_r2_v1.0.1_HML-2_7p22.1_MULTI_part2	historical_source/Documents/HML2_project_data/processed_loci/HML-2_7p22.1/HG03209_hap2_hprc_r2_v1.0.1_HML-2_7p22.1.fa	6816ddad84bed69f4f66ee4b2ef429b9c3e79a969367ed67de3da590ef88d8fb	>HG03209_hap2_hprc_r2_v1.0.1_HML-2_7p22.1_MULTI assembly_coords:HG03209#2#CM087232.1:4714699-4757251 genomic_strand:-	HG03209#2#CM087232.1:4714805-4724263	0	32988	42447	9459	f1dae56f01ee31eda142d654fc4fd64498c148eb3b3356a358da68aec3e4e378	type2
7p22.1	HG03270	h1	HG03270_hap1_hprc_r2_v1.0.1_HML-2_7p22.1_MULTI	1	2	HG03270_hap1_hprc_r2_v1.0.1_HML-2_7p22.1_MULTI_part1	historical_source/Documents/HML2_project_data/processed_loci/HML-2_7p22.1/HG03270_hap1_hprc_r2_v1.0.1_HML-2_7p22.1.fa	46170cc9305ceb57b9ce640f521d98217691bb5f97b4f9a7c106d8f1850d2830	>HG03270_hap1_hprc_r2_v1.0.1_HML-2_7p22.1_MULTI assembly_coords:HG03270#1#CM089902.1:4808200-4850759 genomic_strand:-	HG03270#1#CM089902.1:4816810-4826267	0	24492	33950	9458	374025def4a326cff287b1a7987ccb6e6c525d7d961335286934f45731289f70	type2
7p22.1	HG03270	h1	HG03270_hap1_hprc_r2_v1.0.1_HML-2_7p22.1_MULTI	2	2	HG03270_hap1_hprc_r2_v1.0.1_HML-2_7p22.1_MULTI_part2	historical_source/Documents/HML2_project_data/processed_loci/HML-2_7p22.1/HG03270_hap1_hprc_r2_v1.0.1_HML-2_7p22.1.fa	46170cc9305ceb57b9ce640f521d98217691bb5f97b4f9a7c106d8f1850d2830	>HG03270_hap1_hprc_r2_v1.0.1_HML-2_7p22.1_MULTI assembly_coords:HG03270#1#CM089902.1:4808200-4850759 genomic_strand:-	HG03270#1#CM089902.1:4808306-4817764	0	32995	42454	9459	a6fb926dc25c0acb7bb037048600938f4c55b8ca3b879dfa191989c5e3ff665a	type2
7p22.1	HG03369	h1	HG03369_hap1_hprc_r2_v1.0.1_HML-2_7p22.1_MULTI	1	2	HG03369_hap1_hprc_r2_v1.0.1_HML-2_7p22.1_MULTI_part1	historical_source/Documents/HML2_project_data/processed_loci/HML-2_7p22.1/HG03369_hap1_hprc_r2_v1.0.1_HML-2_7p22.1.fa	4dea971f0f92cbdbf127c0dd7013d5f6e14f049321b448d788cbdacf0bd90acf	>HG03369_hap1_hprc_r2_v1.0.1_HML-2_7p22.1_MULTI assembly_coords:HG03369#1#JBIREB010000013.1:3687903-3730499 genomic_strand:-	HG03369#1#JBIREB010000013.1:3696513-3705970	0	24529	33987	9458	374025def4a326cff287b1a7987ccb6e6c525d7d961335286934f45731289f70	type2
7p22.1	HG03369	h1	HG03369_hap1_hprc_r2_v1.0.1_HML-2_7p22.1_MULTI	2	2	HG03369_hap1_hprc_r2_v1.0.1_HML-2_7p22.1_MULTI_part2	historical_source/Documents/HML2_project_data/processed_loci/HML-2_7p22.1/HG03369_hap1_hprc_r2_v1.0.1_HML-2_7p22.1.fa	4dea971f0f92cbdbf127c0dd7013d5f6e14f049321b448d788cbdacf0bd90acf	>HG03369_hap1_hprc_r2_v1.0.1_HML-2_7p22.1_MULTI assembly_coords:HG03369#1#JBIREB010000013.1:3687903-3730499 genomic_strand:-	HG03369#1#JBIREB010000013.1:3688009-3697467	0	33032	42491	9459	1e8d68dddc9e83a39aa9ecc1157b5a3ccaa911c07ae81ab94ad4c9dfe2a99fa2	type2
7p22.1	HG03369	h2	HG03369_hap2_hprc_r2_v1.0.1_HML-2_7p22.1_MULTI	1	2	HG03369_hap2_hprc_r2_v1.0.1_HML-2_7p22.1_MULTI_part1	historical_source/Documents/HML2_project_data/processed_loci/HML-2_7p22.1/HG03369_hap2_hprc_r2_v1.0.1_HML-2_7p22.1.fa	7977de68a488d2e576873d6344e7f843fec5c99d65337bbd741dc6cf47df494e	>HG03369_hap2_hprc_r2_v1.0.1_HML-2_7p22.1_MULTI assembly_coords:HG03369#2#CM094360.1:4711052-4753586 genomic_strand:-	HG03369#2#CM094360.1:4719662-4729119	0	24467	33925	9458	374025def4a326cff287b1a7987ccb6e6c525d7d961335286934f45731289f70	type2
7p22.1	HG03369	h2	HG03369_hap2_hprc_r2_v1.0.1_HML-2_7p22.1_MULTI	2	2	HG03369_hap2_hprc_r2_v1.0.1_HML-2_7p22.1_MULTI_part2	historical_source/Documents/HML2_project_data/processed_loci/HML-2_7p22.1/HG03369_hap2_hprc_r2_v1.0.1_HML-2_7p22.1.fa	7977de68a488d2e576873d6344e7f843fec5c99d65337bbd741dc6cf47df494e	>HG03369_hap2_hprc_r2_v1.0.1_HML-2_7p22.1_MULTI assembly_coords:HG03369#2#CM094360.1:4711052-4753586 genomic_strand:-	HG03369#2#CM094360.1:4711158-4720616	0	32970	42429	9459	a6fb926dc25c0acb7bb037048600938f4c55b8ca3b879dfa191989c5e3ff665a	type2
7p22.1	HG03371	h1	HG03371_h1_HML-2_7p22.1_graph_hgsvc3-2024-02-23-mc-chm13_MULTI	1	2	HG03371_h1_HML-2_7p22.1_graph_hgsvc3-2024-02-23-mc-chm13_MULTI_part1	historical_source/Documents/HML2_project_data/hgsvc3-2024-02-23-mc-chm13/HML-2_7p22.1/HG03371_h1_HML-2_7p22.1_graph_hgsvc3-2024-02-23-mc-chm13.fa	b3497b65ff685d47c268cc8cf69604afdf7add10f9406236d1610d0f79b4af5a	>HG03371_h1_HML-2_7p22.1_graph_hgsvc3-2024-02-23-mc-chm13_MULTI|HG03371#1#haplotype1-0000022#0:155471786-155590000 genomic_strand:-	HG03371#1#haplotype1-0000022#0:155579936-155589393	500	107	9565	9458	377e30bf7a85f0ee9e474fed50171a0f5801bf76efe269de23a629be2b0a48e4	type2
7p22.1	HG03371	h1	HG03371_h1_HML-2_7p22.1_graph_hgsvc3-2024-02-23-mc-chm13_MULTI	2	2	HG03371_h1_HML-2_7p22.1_graph_hgsvc3-2024-02-23-mc-chm13_MULTI_part2	historical_source/Documents/HML2_project_data/hgsvc3-2024-02-23-mc-chm13/HML-2_7p22.1/HG03371_h1_HML-2_7p22.1_graph_hgsvc3-2024-02-23-mc-chm13.fa	b3497b65ff685d47c268cc8cf69604afdf7add10f9406236d1610d0f79b4af5a	>HG03371_h1_HML-2_7p22.1_graph_hgsvc3-2024-02-23-mc-chm13_MULTI|HG03371#1#haplotype1-0000022#0:155471786-155590000 genomic_strand:-	HG03371#1#haplotype1-0000022#0:155571433-155580890	500	8610	18068	9458	460da61f978553988db46aaabb6fc7fc9ff58d385e7b1f9498652e95bd69fa55	type2
7p22.1	HG03371	h2	HG03371_h2_HML-2_7p22.1_graph_hgsvc3-2024-02-23-mc-chm13_MULTI	1	2	HG03371_h2_HML-2_7p22.1_graph_hgsvc3-2024-02-23-mc-chm13_MULTI_part1	historical_source/Documents/HML2_project_data/hgsvc3-2024-02-23-mc-chm13/HML-2_7p22.1/HG03371_h2_HML-2_7p22.1_graph_hgsvc3-2024-02-23-mc-chm13.fa	e7cc82eff737f5fc132cafd70a2a201d5e44e1b5802561398c01e8d636903604	>HG03371_h2_HML-2_7p22.1_graph_hgsvc3-2024-02-23-mc-chm13_MULTI|HG03371#2#haplotype2-0000073#0:155353711-155471975 genomic_strand:-	HG03371#2#haplotype2-0000073#0:155461911-155471368	500	107	9565	9458	374025def4a326cff287b1a7987ccb6e6c525d7d961335286934f45731289f70	type2
7p22.1	HG03371	h2	HG03371_h2_HML-2_7p22.1_graph_hgsvc3-2024-02-23-mc-chm13_MULTI	2	2	HG03371_h2_HML-2_7p22.1_graph_hgsvc3-2024-02-23-mc-chm13_MULTI_part2	historical_source/Documents/HML2_project_data/hgsvc3-2024-02-23-mc-chm13/HML-2_7p22.1/HG03371_h2_HML-2_7p22.1_graph_hgsvc3-2024-02-23-mc-chm13.fa	e7cc82eff737f5fc132cafd70a2a201d5e44e1b5802561398c01e8d636903604	>HG03371_h2_HML-2_7p22.1_graph_hgsvc3-2024-02-23-mc-chm13_MULTI|HG03371#2#haplotype2-0000073#0:155353711-155471975 genomic_strand:-	HG03371#2#haplotype2-0000073#0:155453407-155462865	500	8610	18069	9459	1e8d68dddc9e83a39aa9ecc1157b5a3ccaa911c07ae81ab94ad4c9dfe2a99fa2	type2
7p22.1	HG03453	pat	HG03453_pat_hprc_r2_v1.0.1_HML-2_7p22.1_MULTI	1	2	HG03453_pat_hprc_r2_v1.0.1_HML-2_7p22.1_MULTI_part1	historical_source/Documents/HML2_project_data/processed_loci/HML-2_7p22.1/HG03453_pat_hprc_r2_v1.0.1_HML-2_7p22.1.fa	f3922e96630114bbcb88340bf469b161f279ea75d6bcc0141d5431acdb85e7a9	>HG03453_pat_hprc_r2_v1.0.1_HML-2_7p22.1_MULTI assembly_coords:HG03453#1#CM088012.1:4709440-4752003 genomic_strand:-	HG03453#1#CM088012.1:4718050-4727508	0	24495	33954	9459	b6de898a91c040099c3ec7f992f06a697379e68924d4a22ac4837b3fe377d6c7	type2
7p22.1	HG03453	pat	HG03453_pat_hprc_r2_v1.0.1_HML-2_7p22.1_MULTI	2	2	HG03453_pat_hprc_r2_v1.0.1_HML-2_7p22.1_MULTI_part2	historical_source/Documents/HML2_project_data/processed_loci/HML-2_7p22.1/HG03453_pat_hprc_r2_v1.0.1_HML-2_7p22.1.fa	f3922e96630114bbcb88340bf469b161f279ea75d6bcc0141d5431acdb85e7a9	>HG03453_pat_hprc_r2_v1.0.1_HML-2_7p22.1_MULTI assembly_coords:HG03453#1#CM088012.1:4709440-4752003 genomic_strand:-	HG03453#1#CM088012.1:4709546-4719004	0	32999	42458	9459	495fe4c4885244fa6b45034038d81686bc226b1a1f9aaef696e4661490bebeb4	type2
7p22.1	HG03456	h1	HG03456_h1_HML-2_7p22.1_graph_hgsvc3-2024-02-23-mc-chm13_MULTI	1	2	HG03456_h1_HML-2_7p22.1_graph_hgsvc3-2024-02-23-mc-chm13_MULTI_part1	historical_source/Documents/HML2_project_data/hgsvc3-2024-02-23-mc-chm13/HML-2_7p22.1/HG03456_h1_HML-2_7p22.1_graph_hgsvc3-2024-02-23-mc-chm13.fa	c74a2e16f64ef2d28a922980c839aa1d04df63a1e60f7d2706990e3c4bd7e4dc	>HG03456_h1_HML-2_7p22.1_graph_hgsvc3-2024-02-23-mc-chm13_MULTI|HG03456#1#haplotype1-0000014#0:4673751-4791990 genomic_strand:-	HG03456#1#haplotype1-0000014#0:4781925-4791383	500	107	9566	9459	705c7845f5a1dbcc1235c3236f4a995709d38e97ff698d7834948f7783e9bf8d	type2
7p22.1	HG03456	h1	HG03456_h1_HML-2_7p22.1_graph_hgsvc3-2024-02-23-mc-chm13_MULTI	2	2	HG03456_h1_HML-2_7p22.1_graph_hgsvc3-2024-02-23-mc-chm13_MULTI_part2	historical_source/Documents/HML2_project_data/hgsvc3-2024-02-23-mc-chm13/HML-2_7p22.1/HG03456_h1_HML-2_7p22.1_graph_hgsvc3-2024-02-23-mc-chm13.fa	c74a2e16f64ef2d28a922980c839aa1d04df63a1e60f7d2706990e3c4bd7e4dc	>HG03456_h1_HML-2_7p22.1_graph_hgsvc3-2024-02-23-mc-chm13_MULTI|HG03456#1#haplotype1-0000014#0:4673751-4791990 genomic_strand:-	HG03456#1#haplotype1-0000014#0:4773421-4782879	500	8611	18070	9459	f1dae56f01ee31eda142d654fc4fd64498c148eb3b3356a358da68aec3e4e378	type2
7p22.1	HG03456	h2	HG03456_h2_HML-2_7p22.1_graph_hgsvc3-2024-02-23-mc-chm13_MULTI	1	2	HG03456_h2_HML-2_7p22.1_graph_hgsvc3-2024-02-23-mc-chm13_MULTI_part1	historical_source/Documents/HML2_project_data/hgsvc3-2024-02-23-mc-chm13/HML-2_7p22.1/HG03456_h2_HML-2_7p22.1_graph_hgsvc3-2024-02-23-mc-chm13.fa	882bbd338a26d5f5e2da99ec2d6e2720c0e345092c4f0e4d0d0adc052b262ef2	>HG03456_h2_HML-2_7p22.1_graph_hgsvc3-2024-02-23-mc-chm13_MULTI|HG03456#2#haplotype2-0000152#0:4756024-4874356 genomic_strand:-	HG03456#2#haplotype2-0000152#0:4864292-4873749	500	107	9565	9458	5af1fccf99c3c5ac0362fcace48bc3ebe1cdf88c577027ecb34c605f45ad4c55	type2
7p22.1	HG03456	h2	HG03456_h2_HML-2_7p22.1_graph_hgsvc3-2024-02-23-mc-chm13_MULTI	2	2	HG03456_h2_HML-2_7p22.1_graph_hgsvc3-2024-02-23-mc-chm13_MULTI_part2	historical_source/Documents/HML2_project_data/hgsvc3-2024-02-23-mc-chm13/HML-2_7p22.1/HG03456_h2_HML-2_7p22.1_graph_hgsvc3-2024-02-23-mc-chm13.fa	882bbd338a26d5f5e2da99ec2d6e2720c0e345092c4f0e4d0d0adc052b262ef2	>HG03456_h2_HML-2_7p22.1_graph_hgsvc3-2024-02-23-mc-chm13_MULTI|HG03456#2#haplotype2-0000152#0:4756024-4874356 genomic_strand:-	HG03456#2#haplotype2-0000152#0:4855788-4865246	500	8610	18069	9459	1e8d68dddc9e83a39aa9ecc1157b5a3ccaa911c07ae81ab94ad4c9dfe2a99fa2	type2
7p22.1	HG03470	h2	HG03470_hap2_hprc_r2_v1.0.1_HML-2_7p22.1_MULTI	1	2	HG03470_hap2_hprc_r2_v1.0.1_HML-2_7p22.1_MULTI_part1	historical_source/Documents/HML2_project_data/processed_loci/HML-2_7p22.1/HG03470_hap2_hprc_r2_v1.0.1_HML-2_7p22.1.fa	201580031a800153b4cc97d45aaf81dd12a2881eb2a7b6793fd3767dee8f09dd	>HG03470_hap2_hprc_r2_v1.0.1_HML-2_7p22.1_MULTI assembly_coords:HG03470#2#CM091871.1:4713847-4756414 genomic_strand:-	HG03470#2#CM091871.1:4722457-4731915	0	24499	33958	9459	b6de898a91c040099c3ec7f992f06a697379e68924d4a22ac4837b3fe377d6c7	type2
7p22.1	HG03470	h2	HG03470_hap2_hprc_r2_v1.0.1_HML-2_7p22.1_MULTI	2	2	HG03470_hap2_hprc_r2_v1.0.1_HML-2_7p22.1_MULTI_part2	historical_source/Documents/HML2_project_data/processed_loci/HML-2_7p22.1/HG03470_hap2_hprc_r2_v1.0.1_HML-2_7p22.1.fa	201580031a800153b4cc97d45aaf81dd12a2881eb2a7b6793fd3767dee8f09dd	>HG03470_hap2_hprc_r2_v1.0.1_HML-2_7p22.1_MULTI assembly_coords:HG03470#2#CM091871.1:4713847-4756414 genomic_strand:-	HG03470#2#CM091871.1:4713953-4723411	0	33003	42462	9459	495fe4c4885244fa6b45034038d81686bc226b1a1f9aaef696e4661490bebeb4	type2
7p22.1	HG03471	h1	HG03471_hap1_hprc_r2_v1.0.1_HML-2_7p22.1_MULTI	1	2	HG03471_hap1_hprc_r2_v1.0.1_HML-2_7p22.1_MULTI_part1	historical_source/Documents/HML2_project_data/processed_loci/HML-2_7p22.1/HG03471_hap1_hprc_r2_v1.0.1_HML-2_7p22.1.fa	6922324185d6da99f6831ee2576f954833ede5ef4010529ecadc8fbb38714677	>HG03471_hap1_hprc_r2_v1.0.1_HML-2_7p22.1_MULTI assembly_coords:HG03471#1#JBHDXD010000012.1:4789692-4832251 genomic_strand:-	HG03471#1#JBHDXD010000012.1:4798302-4807759	0	24492	33950	9458	3575c25239b324d30c1503a7c0f5864f97cef1d3d1e3a8e3aa665d499b795e65	type2
7p22.1	HG03471	h1	HG03471_hap1_hprc_r2_v1.0.1_HML-2_7p22.1_MULTI	2	2	HG03471_hap1_hprc_r2_v1.0.1_HML-2_7p22.1_MULTI_part2	historical_source/Documents/HML2_project_data/processed_loci/HML-2_7p22.1/HG03471_hap1_hprc_r2_v1.0.1_HML-2_7p22.1.fa	6922324185d6da99f6831ee2576f954833ede5ef4010529ecadc8fbb38714677	>HG03471_hap1_hprc_r2_v1.0.1_HML-2_7p22.1_MULTI assembly_coords:HG03471#1#JBHDXD010000012.1:4789692-4832251 genomic_strand:-	HG03471#1#JBHDXD010000012.1:4789798-4799256	0	32995	42454	9459	6b3d83149db1dfb357e3e17525d129d853328e81feff0f35e69ee0652587b745	type2
7p22.1	HG03471	h2	HG03471_hap2_hprc_r2_v1.0.1_HML-2_7p22.1_MULTI	1	4	HG03471_hap2_hprc_r2_v1.0.1_HML-2_7p22.1_MULTI_part1	historical_source/Documents/HML2_project_data/processed_loci/HML-2_7p22.1/HG03471_hap2_hprc_r2_v1.0.1_HML-2_7p22.1.fa	7a760cab2ccf206123e081693c24069d69152e3befa07116fb43a7308cb0fa46	>HG03471_hap2_hprc_r2_v1.0.1_HML-2_7p22.1_MULTI assembly_coords:HG03471#2#JBHDXE010000054.1:4690216-4749835 genomic_strand:-	HG03471#2#JBHDXE010000054.1:4715834-4725291	0	24544	34002	9458	8b01933a350f0aa1c59483e8de0972b0fcb343daabc70a8318fcf56c6dc0d1f8	type2
7p22.1	HG03471	h2	HG03471_hap2_hprc_r2_v1.0.1_HML-2_7p22.1_MULTI	2	4	HG03471_hap2_hprc_r2_v1.0.1_HML-2_7p22.1_MULTI_part2	historical_source/Documents/HML2_project_data/processed_loci/HML-2_7p22.1/HG03471_hap2_hprc_r2_v1.0.1_HML-2_7p22.1.fa	7a760cab2ccf206123e081693c24069d69152e3befa07116fb43a7308cb0fa46	>HG03471_hap2_hprc_r2_v1.0.1_HML-2_7p22.1_MULTI assembly_coords:HG03471#2#JBHDXE010000054.1:4690216-4749835 genomic_strand:-	HG03471#2#JBHDXE010000054.1:4707330-4716788	0	33047	42506	9459	e3e4bdfd230041926188d7b13eb45567e12e9dfc8aa8a0da9188e596ed5b80ef	type2
7p22.1	HG03471	h2	HG03471_hap2_hprc_r2_v1.0.1_HML-2_7p22.1_MULTI	3	4	HG03471_hap2_hprc_r2_v1.0.1_HML-2_7p22.1_MULTI_part3	historical_source/Documents/HML2_project_data/processed_loci/HML-2_7p22.1/HG03471_hap2_hprc_r2_v1.0.1_HML-2_7p22.1.fa	7a760cab2ccf206123e081693c24069d69152e3befa07116fb43a7308cb0fa46	>HG03471_hap2_hprc_r2_v1.0.1_HML-2_7p22.1_MULTI assembly_coords:HG03471#2#JBHDXE010000054.1:4690216-4749835 genomic_strand:-	HG03471#2#JBHDXE010000054.1:4698826-4708284	0	41551	51010	9459	e3e4bdfd230041926188d7b13eb45567e12e9dfc8aa8a0da9188e596ed5b80ef	type2
7p22.1	HG03471	h2	HG03471_hap2_hprc_r2_v1.0.1_HML-2_7p22.1_MULTI	4	4	HG03471_hap2_hprc_r2_v1.0.1_HML-2_7p22.1_MULTI_part4	historical_source/Documents/HML2_project_data/processed_loci/HML-2_7p22.1/HG03471_hap2_hprc_r2_v1.0.1_HML-2_7p22.1.fa	7a760cab2ccf206123e081693c24069d69152e3befa07116fb43a7308cb0fa46	>HG03471_hap2_hprc_r2_v1.0.1_HML-2_7p22.1_MULTI assembly_coords:HG03471#2#JBHDXE010000054.1:4690216-4749835 genomic_strand:-	HG03471#2#JBHDXE010000054.1:4690322-4699780	0	50055	59514	9459	222df651197b8d12bd6b1d2683e7492d12df5c8922023ccc547d1d58c41b70cb	type2
7p22.1	HG03516	mat	HG03516_mat_hprc_r2_v1.1.0_HML-2_7p22.1_MULTI	1	2	HG03516_mat_hprc_r2_v1.1.0_HML-2_7p22.1_MULTI_part1	historical_source/Documents/HML2_project_data/processed_loci/HML-2_7p22.1/HG03516_mat_hprc_r2_v1.1.0_HML-2_7p22.1.fa	cc734610fa0858af6b2f5b6014ad2f3aa169bd063cff76dc998478f5f0cfc576	>HG03516_mat_hprc_r2_v1.1.0_HML-2_7p22.1_MULTI assembly_coords:HG03516#2#CM089232.1:4739218-4781819 genomic_strand:-	HG03516#2#CM089232.1:4747828-4757285	0	24534	33992	9458	8b01933a350f0aa1c59483e8de0972b0fcb343daabc70a8318fcf56c6dc0d1f8	type2
7p22.1	HG03516	mat	HG03516_mat_hprc_r2_v1.1.0_HML-2_7p22.1_MULTI	2	2	HG03516_mat_hprc_r2_v1.1.0_HML-2_7p22.1_MULTI_part2	historical_source/Documents/HML2_project_data/processed_loci/HML-2_7p22.1/HG03516_mat_hprc_r2_v1.1.0_HML-2_7p22.1.fa	cc734610fa0858af6b2f5b6014ad2f3aa169bd063cff76dc998478f5f0cfc576	>HG03516_mat_hprc_r2_v1.1.0_HML-2_7p22.1_MULTI assembly_coords:HG03516#2#CM089232.1:4739218-4781819 genomic_strand:-	HG03516#2#CM089232.1:4739324-4748782	0	33037	42496	9459	222df651197b8d12bd6b1d2683e7492d12df5c8922023ccc547d1d58c41b70cb	type2
7p22.1	HG03521	h2	HG03521_hap2_hprc_r2_v1.0.1_HML-2_7p22.1_MULTI	1	2	HG03521_hap2_hprc_r2_v1.0.1_HML-2_7p22.1_MULTI_part1	historical_source/Documents/HML2_project_data/processed_loci/HML-2_7p22.1/HG03521_hap2_hprc_r2_v1.0.1_HML-2_7p22.1.fa	369a802972ff4d3cf0167229da2f601d3a265cf49b921c3a30a1f625ec53a777	>HG03521_hap2_hprc_r2_v1.0.1_HML-2_7p22.1_MULTI assembly_coords:HG03521#2#CM094437.1:4758087-4800626 genomic_strand:-	HG03521#2#CM094437.1:4766697-4776154	0	24472	33930	9458	374025def4a326cff287b1a7987ccb6e6c525d7d961335286934f45731289f70	type2
7p22.1	HG03521	h2	HG03521_hap2_hprc_r2_v1.0.1_HML-2_7p22.1_MULTI	2	2	HG03521_hap2_hprc_r2_v1.0.1_HML-2_7p22.1_MULTI_part2	historical_source/Documents/HML2_project_data/processed_loci/HML-2_7p22.1/HG03521_hap2_hprc_r2_v1.0.1_HML-2_7p22.1.fa	369a802972ff4d3cf0167229da2f601d3a265cf49b921c3a30a1f625ec53a777	>HG03521_hap2_hprc_r2_v1.0.1_HML-2_7p22.1_MULTI assembly_coords:HG03521#2#CM094437.1:4758087-4800626 genomic_strand:-	HG03521#2#CM094437.1:4758193-4767651	0	32975	42434	9459	1e8d68dddc9e83a39aa9ecc1157b5a3ccaa911c07ae81ab94ad4c9dfe2a99fa2	type2
7p22.1	HG03579	pat	HG03579_pat_hprc_r2_v1.0.1_HML-2_7p22.1_MULTI	1	2	HG03579_pat_hprc_r2_v1.0.1_HML-2_7p22.1_MULTI_part1	historical_source/Documents/HML2_project_data/processed_loci/HML-2_7p22.1/HG03579_pat_hprc_r2_v1.0.1_HML-2_7p22.1.fa	348ee1a2492779f62041f74b668aa5ea10109a8506d352d53c551b62035632df	>HG03579_pat_hprc_r2_v1.0.1_HML-2_7p22.1_MULTI assembly_coords:HG03579#1#CM088946.1:4711463-4753996 genomic_strand:-	HG03579#1#CM088946.1:4720073-4729530	0	24466	33924	9458	374025def4a326cff287b1a7987ccb6e6c525d7d961335286934f45731289f70	type2
7p22.1	HG03579	pat	HG03579_pat_hprc_r2_v1.0.1_HML-2_7p22.1_MULTI	2	2	HG03579_pat_hprc_r2_v1.0.1_HML-2_7p22.1_MULTI_part2	historical_source/Documents/HML2_project_data/processed_loci/HML-2_7p22.1/HG03579_pat_hprc_r2_v1.0.1_HML-2_7p22.1.fa	348ee1a2492779f62041f74b668aa5ea10109a8506d352d53c551b62035632df	>HG03579_pat_hprc_r2_v1.0.1_HML-2_7p22.1_MULTI assembly_coords:HG03579#1#CM088946.1:4711463-4753996 genomic_strand:-	HG03579#1#CM088946.1:4711569-4721027	0	32969	42428	9459	a6fb926dc25c0acb7bb037048600938f4c55b8ca3b879dfa191989c5e3ff665a	type2
7p22.1	HG03583	h1	HG03583_hap1_hprc_r2_v1.0.1_HML-2_7p22.1_MULTI	1	2	HG03583_hap1_hprc_r2_v1.0.1_HML-2_7p22.1_MULTI_part1	historical_source/Documents/HML2_project_data/processed_loci/HML-2_7p22.1/HG03583_hap1_hprc_r2_v1.0.1_HML-2_7p22.1.fa	ce9f55db41d0cab05f253160a8bd97c7f478e3b2de7820bca655b67acbb73095	>HG03583_hap1_hprc_r2_v1.0.1_HML-2_7p22.1_MULTI assembly_coords:HG03583#1#JBHIKA010000056.1:3681044-3723582 genomic_strand:-	HG03583#1#JBHIKA010000056.1:3689654-3699111	0	24471	33929	9458	374025def4a326cff287b1a7987ccb6e6c525d7d961335286934f45731289f70	type2
7p22.1	HG03583	h1	HG03583_hap1_hprc_r2_v1.0.1_HML-2_7p22.1_MULTI	2	2	HG03583_hap1_hprc_r2_v1.0.1_HML-2_7p22.1_MULTI_part2	historical_source/Documents/HML2_project_data/processed_loci/HML-2_7p22.1/HG03583_hap1_hprc_r2_v1.0.1_HML-2_7p22.1.fa	ce9f55db41d0cab05f253160a8bd97c7f478e3b2de7820bca655b67acbb73095	>HG03583_hap1_hprc_r2_v1.0.1_HML-2_7p22.1_MULTI assembly_coords:HG03583#1#JBHIKA010000056.1:3681044-3723582 genomic_strand:-	HG03583#1#JBHIKA010000056.1:3681150-3690608	0	32974	42433	9459	1e8d68dddc9e83a39aa9ecc1157b5a3ccaa911c07ae81ab94ad4c9dfe2a99fa2	type2
7p22.1	HG03583	h2	HG03583_hap2_hprc_r2_v1.0.1_HML-2_7p22.1_MULTI	1	2	HG03583_hap2_hprc_r2_v1.0.1_HML-2_7p22.1_MULTI_part1	historical_source/Documents/HML2_project_data/processed_loci/HML-2_7p22.1/HG03583_hap2_hprc_r2_v1.0.1_HML-2_7p22.1.fa	1492e4569b69b43deb23b2576b575ba41b82614c0445f4be2f3b4e0670a27915	>HG03583_hap2_hprc_r2_v1.0.1_HML-2_7p22.1_MULTI assembly_coords:HG03583#2#CM089892.1:4762187-4804737 genomic_strand:-	HG03583#2#CM089892.1:4770797-4780254	0	24483	33941	9458	3575c25239b324d30c1503a7c0f5864f97cef1d3d1e3a8e3aa665d499b795e65	type2
7p22.1	HG03583	h2	HG03583_hap2_hprc_r2_v1.0.1_HML-2_7p22.1_MULTI	2	2	HG03583_hap2_hprc_r2_v1.0.1_HML-2_7p22.1_MULTI_part2	historical_source/Documents/HML2_project_data/processed_loci/HML-2_7p22.1/HG03583_hap2_hprc_r2_v1.0.1_HML-2_7p22.1.fa	1492e4569b69b43deb23b2576b575ba41b82614c0445f4be2f3b4e0670a27915	>HG03583_hap2_hprc_r2_v1.0.1_HML-2_7p22.1_MULTI assembly_coords:HG03583#2#CM089892.1:4762187-4804737 genomic_strand:-	HG03583#2#CM089892.1:4762293-4771751	0	32986	42445	9459	6b3d83149db1dfb357e3e17525d129d853328e81feff0f35e69ee0652587b745	type2
7p22.1	HG03654	mat	HG03654_mat_hprc_r2_v1.0.1_HML-2_7p22.1_MULTI	1	2	HG03654_mat_hprc_r2_v1.0.1_HML-2_7p22.1_MULTI_part1	historical_source/Documents/HML2_project_data/processed_loci/HML-2_7p22.1/HG03654_mat_hprc_r2_v1.0.1_HML-2_7p22.1.fa	78c25c076087886594fe7039eaf8b9edfeafef2bcdebdf3c2ee49238f3a68461	>HG03654_mat_hprc_r2_v1.0.1_HML-2_7p22.1_MULTI assembly_coords:HG03654#2#JBHDTO010000044.1:4699768-4742297 genomic_strand:-	HG03654#2#JBHDTO010000044.1:4708378-4717835	0	24462	33920	9458	8b01933a350f0aa1c59483e8de0972b0fcb343daabc70a8318fcf56c6dc0d1f8	type2
7p22.1	HG03654	mat	HG03654_mat_hprc_r2_v1.0.1_HML-2_7p22.1_MULTI	2	2	HG03654_mat_hprc_r2_v1.0.1_HML-2_7p22.1_MULTI_part2	historical_source/Documents/HML2_project_data/processed_loci/HML-2_7p22.1/HG03654_mat_hprc_r2_v1.0.1_HML-2_7p22.1.fa	78c25c076087886594fe7039eaf8b9edfeafef2bcdebdf3c2ee49238f3a68461	>HG03654_mat_hprc_r2_v1.0.1_HML-2_7p22.1_MULTI assembly_coords:HG03654#2#JBHDTO010000044.1:4699768-4742297 genomic_strand:-	HG03654#2#JBHDTO010000044.1:4699874-4709332	0	32965	42424	9459	e4da7b39b22bbafe83d41b72798c79d120473841b431880fda5c5c93e987d2e2	type2
7p22.1	HG03669	mat	HG03669_mat_hprc_r2_v1.0.1_HML-2_7p22.1_MULTI	1	3	HG03669_mat_hprc_r2_v1.0.1_HML-2_7p22.1_MULTI_part1	historical_source/Documents/HML2_project_data/processed_loci/HML-2_7p22.1/HG03669_mat_hprc_r2_v1.0.1_HML-2_7p22.1.fa	7e7809ec66255a0189e342bbc13e4448e9390b0c44a109b0c9bb743714e7f2f6	>HG03669_mat_hprc_r2_v1.0.1_HML-2_7p22.1_MULTI assembly_coords:HG03669#2#JBHDTE010000004.1:3689568-3740619 genomic_strand:-	HG03669#2#JBHDTE010000004.1:3706682-3716139	0	24480	33938	9458	8ec075a3001cbafae3c31852716b31c2bd5a332d90c0cd5656ba7a6f049513c2	type2
7p22.1	HG03669	mat	HG03669_mat_hprc_r2_v1.0.1_HML-2_7p22.1_MULTI	2	3	HG03669_mat_hprc_r2_v1.0.1_HML-2_7p22.1_MULTI_part2	historical_source/Documents/HML2_project_data/processed_loci/HML-2_7p22.1/HG03669_mat_hprc_r2_v1.0.1_HML-2_7p22.1.fa	7e7809ec66255a0189e342bbc13e4448e9390b0c44a109b0c9bb743714e7f2f6	>HG03669_mat_hprc_r2_v1.0.1_HML-2_7p22.1_MULTI assembly_coords:HG03669#2#JBHDTE010000004.1:3689568-3740619 genomic_strand:-	HG03669#2#JBHDTE010000004.1:3698178-3707636	0	32983	42442	9459	e4a995a8c768e07284abf18b5490d018bfd91e4134af5635ad8b26f2734b9953	type2
7p22.1	HG03669	mat	HG03669_mat_hprc_r2_v1.0.1_HML-2_7p22.1_MULTI	3	3	HG03669_mat_hprc_r2_v1.0.1_HML-2_7p22.1_MULTI_part3	historical_source/Documents/HML2_project_data/processed_loci/HML-2_7p22.1/HG03669_mat_hprc_r2_v1.0.1_HML-2_7p22.1.fa	7e7809ec66255a0189e342bbc13e4448e9390b0c44a109b0c9bb743714e7f2f6	>HG03669_mat_hprc_r2_v1.0.1_HML-2_7p22.1_MULTI assembly_coords:HG03669#2#JBHDTE010000004.1:3689568-3740619 genomic_strand:-	HG03669#2#JBHDTE010000004.1:3689674-3699132	0	41487	50946	9459	72b18153fb48d06944067a92b157b520da2c78918dd82fbf3504d3abb4270dbc	type2
7p22.1	HG03688	mat	HG03688_mat_hprc_r2_v1.0.1_HML-2_7p22.1_MULTI	1	2	HG03688_mat_hprc_r2_v1.0.1_HML-2_7p22.1_MULTI_part1	historical_source/Documents/HML2_project_data/processed_loci/HML-2_7p22.1/HG03688_mat_hprc_r2_v1.0.1_HML-2_7p22.1.fa	e464ce41266a97f5ecf06add82eebf1ea14d6f5a29e843e00b0a50f2317ac56a	>HG03688_mat_hprc_r2_v1.0.1_HML-2_7p22.1_MULTI assembly_coords:HG03688#2#CM086817.1:4711996-4754598 genomic_strand:-	HG03688#2#CM086817.1:4720606-4730063	0	24535	33993	9458	d2b137001fd28570a05a6ec2c9c09394702ca7f2f3bcc8e06c3648172878c1ad	type2
7p22.1	HG03688	mat	HG03688_mat_hprc_r2_v1.0.1_HML-2_7p22.1_MULTI	2	2	HG03688_mat_hprc_r2_v1.0.1_HML-2_7p22.1_MULTI_part2	historical_source/Documents/HML2_project_data/processed_loci/HML-2_7p22.1/HG03688_mat_hprc_r2_v1.0.1_HML-2_7p22.1.fa	e464ce41266a97f5ecf06add82eebf1ea14d6f5a29e843e00b0a50f2317ac56a	>HG03688_mat_hprc_r2_v1.0.1_HML-2_7p22.1_MULTI assembly_coords:HG03688#2#CM086817.1:4711996-4754598 genomic_strand:-	HG03688#2#CM086817.1:4712102-4721560	0	33038	42497	9459	dd4836ea65b6e5ddeecaacfc5e85fac2f38c9506fd6af845b4198a1962551725	type2
7p22.1	HG03704	pat	HG03704_pat_hprc_r2_v1.0.1_HML-2_7p22.1_MULTI	1	2	HG03704_pat_hprc_r2_v1.0.1_HML-2_7p22.1_MULTI_part1	historical_source/Documents/HML2_project_data/processed_loci/HML-2_7p22.1/HG03704_pat_hprc_r2_v1.0.1_HML-2_7p22.1.fa	2646c56ed4bb75287f09bb8ec479426e190024d2f8a9dc5eb2ffda2187a49433	>HG03704_pat_hprc_r2_v1.0.1_HML-2_7p22.1_MULTI assembly_coords:HG03704#1#JBHDRL010000040.1:4665166-4707705 genomic_strand:-	HG03704#1#JBHDRL010000040.1:4673776-4683233	0	24472	33930	9458	8b01933a350f0aa1c59483e8de0972b0fcb343daabc70a8318fcf56c6dc0d1f8	type2
7p22.1	HG03704	pat	HG03704_pat_hprc_r2_v1.0.1_HML-2_7p22.1_MULTI	2	2	HG03704_pat_hprc_r2_v1.0.1_HML-2_7p22.1_MULTI_part2	historical_source/Documents/HML2_project_data/processed_loci/HML-2_7p22.1/HG03704_pat_hprc_r2_v1.0.1_HML-2_7p22.1.fa	2646c56ed4bb75287f09bb8ec479426e190024d2f8a9dc5eb2ffda2187a49433	>HG03704_pat_hprc_r2_v1.0.1_HML-2_7p22.1_MULTI assembly_coords:HG03704#1#JBHDRL010000040.1:4665166-4707705 genomic_strand:-	HG03704#1#JBHDRL010000040.1:4665272-4674730	0	32975	42434	9459	7198bccff43b5ee22f32af2012bad37ba60f0dc250b561f6105089e305f4a8f4	type2
7p22.1	HG03732	h1	HG03732_h1_HML-2_7p22.1_graph_hgsvc3-2024-02-23-mc-chm13_MULTI	1	2	HG03732_h1_HML-2_7p22.1_graph_hgsvc3-2024-02-23-mc-chm13_MULTI_part1	historical_source/Documents/HML2_project_data/hgsvc3-2024-02-23-mc-chm13/HML-2_7p22.1/HG03732_h1_HML-2_7p22.1_graph_hgsvc3-2024-02-23-mc-chm13.fa	5fcda9ca6d15d0a81d384dfad2f3449bffb3053da669f39b0802801498778917	>HG03732_h1_HML-2_7p22.1_graph_hgsvc3-2024-02-23-mc-chm13_MULTI|HG03732#1#haplotype1-0000024#0:4669196-4787190 genomic_strand:-	HG03732#1#haplotype1-0000024#0:4777125-4786583	500	107	9566	9459	b6dcce451f4abf70e485294c2b4471c5ac8654c214e00acaa8d288e3a40de6f9	type2
7p22.1	HG03732	h1	HG03732_h1_HML-2_7p22.1_graph_hgsvc3-2024-02-23-mc-chm13_MULTI	2	2	HG03732_h1_HML-2_7p22.1_graph_hgsvc3-2024-02-23-mc-chm13_MULTI_part2	historical_source/Documents/HML2_project_data/hgsvc3-2024-02-23-mc-chm13/HML-2_7p22.1/HG03732_h1_HML-2_7p22.1_graph_hgsvc3-2024-02-23-mc-chm13.fa	5fcda9ca6d15d0a81d384dfad2f3449bffb3053da669f39b0802801498778917	>HG03732_h1_HML-2_7p22.1_graph_hgsvc3-2024-02-23-mc-chm13_MULTI|HG03732#1#haplotype1-0000024#0:4669196-4787190 genomic_strand:-	HG03732#1#haplotype1-0000024#0:4768621-4778079	500	8611	18070	9459	274ebf0106bf05749cb46271241eeb97cf86e00ca6003bf46f122e163ab9ad09	type2
7p22.1	HG03732	h2	HG03732_h2_HML-2_7p22.1_graph_hgsvc3-2024-02-23-mc-chm13_MULTI	1	2	HG03732_h2_HML-2_7p22.1_graph_hgsvc3-2024-02-23-mc-chm13_MULTI_part1	historical_source/Documents/HML2_project_data/hgsvc3-2024-02-23-mc-chm13/HML-2_7p22.1/HG03732_h2_HML-2_7p22.1_graph_hgsvc3-2024-02-23-mc-chm13.fa	008dcb81c2076a1243dbd248be6edb406c727b3bde35536921109bce489edf2b	>HG03732_h2_HML-2_7p22.1_graph_hgsvc3-2024-02-23-mc-chm13_MULTI|HG03732#2#haplotype2-0000087#0:4645943-4764254 genomic_strand:-	HG03732#2#haplotype2-0000087#0:4754190-4763647	500	107	9565	9458	6d640f4eda8153695d105638b67e5e999994d24ae1de12e487e11721a51c826f	type2
7p22.1	HG03732	h2	HG03732_h2_HML-2_7p22.1_graph_hgsvc3-2024-02-23-mc-chm13_MULTI	2	2	HG03732_h2_HML-2_7p22.1_graph_hgsvc3-2024-02-23-mc-chm13_MULTI_part2	historical_source/Documents/HML2_project_data/hgsvc3-2024-02-23-mc-chm13/HML-2_7p22.1/HG03732_h2_HML-2_7p22.1_graph_hgsvc3-2024-02-23-mc-chm13.fa	008dcb81c2076a1243dbd248be6edb406c727b3bde35536921109bce489edf2b	>HG03732_h2_HML-2_7p22.1_graph_hgsvc3-2024-02-23-mc-chm13_MULTI|HG03732#2#haplotype2-0000087#0:4645943-4764254 genomic_strand:-	HG03732#2#haplotype2-0000087#0:4745686-4755144	500	8610	18069	9459	ef149ee2615dcd6df5f1032b33d86faf7dd9fb82d132c2aeea00971a00d2b5bc	type2
7p22.1	HG03784	h1	HG03784_hap1_hprc_r2_v1.0.1_HML-2_7p22.1_MULTI	1	2	HG03784_hap1_hprc_r2_v1.0.1_HML-2_7p22.1_MULTI_part1	historical_source/Documents/HML2_project_data/processed_loci/HML-2_7p22.1/HG03784_hap1_hprc_r2_v1.0.1_HML-2_7p22.1.fa	4b03a809832a63fdd7a6fce80de686a98fa8c6552fcce282a0a6337b1263b799	>HG03784_hap1_hprc_r2_v1.0.1_HML-2_7p22.1_MULTI assembly_coords:HG03784#1#CM094175.1:4714989-4757538 genomic_strand:-	HG03784#1#CM094175.1:4723599-4733056	0	24482	33940	9458	8b01933a350f0aa1c59483e8de0972b0fcb343daabc70a8318fcf56c6dc0d1f8	type2
7p22.1	HG03784	h1	HG03784_hap1_hprc_r2_v1.0.1_HML-2_7p22.1_MULTI	2	2	HG03784_hap1_hprc_r2_v1.0.1_HML-2_7p22.1_MULTI_part2	historical_source/Documents/HML2_project_data/processed_loci/HML-2_7p22.1/HG03784_hap1_hprc_r2_v1.0.1_HML-2_7p22.1.fa	4b03a809832a63fdd7a6fce80de686a98fa8c6552fcce282a0a6337b1263b799	>HG03784_hap1_hprc_r2_v1.0.1_HML-2_7p22.1_MULTI assembly_coords:HG03784#1#CM094175.1:4714989-4757538 genomic_strand:-	HG03784#1#CM094175.1:4715095-4724553	0	32985	42444	9459	ab9f512d5fe47d4900b694f3f20a32b606ae4b2de1618ac6aef1b43184328b36	type2
7p22.1	HG03784	h2	HG03784_hap2_hprc_r2_v1.0.1_HML-2_7p22.1_MULTI	1	2	HG03784_hap2_hprc_r2_v1.0.1_HML-2_7p22.1_MULTI_part1	historical_source/Documents/HML2_project_data/processed_loci/HML-2_7p22.1/HG03784_hap2_hprc_r2_v1.0.1_HML-2_7p22.1.fa	f16b9e176f3f829c76fde529c4e7011467f3d701ff4193fd6a8ce9a15956fc30	>HG03784_hap2_hprc_r2_v1.0.1_HML-2_7p22.1_MULTI assembly_coords:HG03784#2#CM094204.1:4710425-4752969 genomic_strand:-	HG03784#2#CM094204.1:4719035-4728492	0	24477	33935	9458	8b01933a350f0aa1c59483e8de0972b0fcb343daabc70a8318fcf56c6dc0d1f8	type2
7p22.1	HG03784	h2	HG03784_hap2_hprc_r2_v1.0.1_HML-2_7p22.1_MULTI	2	2	HG03784_hap2_hprc_r2_v1.0.1_HML-2_7p22.1_MULTI_part2	historical_source/Documents/HML2_project_data/processed_loci/HML-2_7p22.1/HG03784_hap2_hprc_r2_v1.0.1_HML-2_7p22.1.fa	f16b9e176f3f829c76fde529c4e7011467f3d701ff4193fd6a8ce9a15956fc30	>HG03784_hap2_hprc_r2_v1.0.1_HML-2_7p22.1_MULTI assembly_coords:HG03784#2#CM094204.1:4710425-4752969 genomic_strand:-	HG03784#2#CM094204.1:4710531-4719989	0	32980	42439	9459	e4da7b39b22bbafe83d41b72798c79d120473841b431880fda5c5c93e987d2e2	type2
7p22.1	HG03831	mat	HG03831_mat_hprc_r2_v1.0.1_HML-2_7p22.1_MULTI	1	2	HG03831_mat_hprc_r2_v1.0.1_HML-2_7p22.1_MULTI_part1	historical_source/Documents/HML2_project_data/processed_loci/HML-2_7p22.1/HG03831_mat_hprc_r2_v1.0.1_HML-2_7p22.1.fa	7d0b2ee2860b17e6ec89411134ab7bfbcb6b37fc7287e72179d0663c69aef884	>HG03831_mat_hprc_r2_v1.0.1_HML-2_7p22.1_MULTI assembly_coords:HG03831#2#CM086547.1:4709921-4752471 genomic_strand:-	HG03831#2#CM086547.1:4718531-4727988	0	24483	33941	9458	8b01933a350f0aa1c59483e8de0972b0fcb343daabc70a8318fcf56c6dc0d1f8	type2
7p22.1	HG03831	mat	HG03831_mat_hprc_r2_v1.0.1_HML-2_7p22.1_MULTI	2	2	HG03831_mat_hprc_r2_v1.0.1_HML-2_7p22.1_MULTI_part2	historical_source/Documents/HML2_project_data/processed_loci/HML-2_7p22.1/HG03831_mat_hprc_r2_v1.0.1_HML-2_7p22.1.fa	7d0b2ee2860b17e6ec89411134ab7bfbcb6b37fc7287e72179d0663c69aef884	>HG03831_mat_hprc_r2_v1.0.1_HML-2_7p22.1_MULTI assembly_coords:HG03831#2#CM086547.1:4709921-4752471 genomic_strand:-	HG03831#2#CM086547.1:4710027-4719485	0	32986	42445	9459	e4da7b39b22bbafe83d41b72798c79d120473841b431880fda5c5c93e987d2e2	type2
7p22.1	HG03831	pat	HG03831_pat_hprc_r2_v1.0.1_HML-2_7p22.1_MULTI	1	2	HG03831_pat_hprc_r2_v1.0.1_HML-2_7p22.1_MULTI_part1	historical_source/Documents/HML2_project_data/processed_loci/HML-2_7p22.1/HG03831_pat_hprc_r2_v1.0.1_HML-2_7p22.1.fa	5629dc2a798bb06dba5e669d281dc5084ce7777477b6a714c1dbe4ff2b0d9ab1	>HG03831_pat_hprc_r2_v1.0.1_HML-2_7p22.1_MULTI assembly_coords:HG03831#1#CM086527.1:4707680-4750229 genomic_strand:-	HG03831#1#CM086527.1:4716290-4725747	0	24482	33940	9458	8b01933a350f0aa1c59483e8de0972b0fcb343daabc70a8318fcf56c6dc0d1f8	type2
7p22.1	HG03831	pat	HG03831_pat_hprc_r2_v1.0.1_HML-2_7p22.1_MULTI	2	2	HG03831_pat_hprc_r2_v1.0.1_HML-2_7p22.1_MULTI_part2	historical_source/Documents/HML2_project_data/processed_loci/HML-2_7p22.1/HG03831_pat_hprc_r2_v1.0.1_HML-2_7p22.1.fa	5629dc2a798bb06dba5e669d281dc5084ce7777477b6a714c1dbe4ff2b0d9ab1	>HG03831_pat_hprc_r2_v1.0.1_HML-2_7p22.1_MULTI assembly_coords:HG03831#1#CM086527.1:4707680-4750229 genomic_strand:-	HG03831#1#CM086527.1:4707786-4717244	0	32985	42444	9459	e4da7b39b22bbafe83d41b72798c79d120473841b431880fda5c5c93e987d2e2	type2
7p22.1	HG03834	pat	HG03834_pat_hprc_r2_v1.0.1_HML-2_7p22.1_MULTI	1	3	HG03834_pat_hprc_r2_v1.0.1_HML-2_7p22.1_MULTI_part1	historical_source/Documents/HML2_project_data/processed_loci/HML-2_7p22.1/HG03834_pat_hprc_r2_v1.0.1_HML-2_7p22.1.fa	61400f286783de149b458a370cc6c35ed5c6ce7b763006d1431bdb5db4ed5ff0	>HG03834_pat_hprc_r2_v1.0.1_HML-2_7p22.1_MULTI assembly_coords:HG03834#1#JBHDUW010000054.1:4720602-4771708 genomic_strand:-	HG03834#1#JBHDUW010000054.1:4737716-4747173	0	24535	33993	9458	8ec075a3001cbafae3c31852716b31c2bd5a332d90c0cd5656ba7a6f049513c2	type2
7p22.1	HG03834	pat	HG03834_pat_hprc_r2_v1.0.1_HML-2_7p22.1_MULTI	2	3	HG03834_pat_hprc_r2_v1.0.1_HML-2_7p22.1_MULTI_part2	historical_source/Documents/HML2_project_data/processed_loci/HML-2_7p22.1/HG03834_pat_hprc_r2_v1.0.1_HML-2_7p22.1.fa	61400f286783de149b458a370cc6c35ed5c6ce7b763006d1431bdb5db4ed5ff0	>HG03834_pat_hprc_r2_v1.0.1_HML-2_7p22.1_MULTI assembly_coords:HG03834#1#JBHDUW010000054.1:4720602-4771708 genomic_strand:-	HG03834#1#JBHDUW010000054.1:4729212-4738670	0	33038	42497	9459	e4a995a8c768e07284abf18b5490d018bfd91e4134af5635ad8b26f2734b9953	type2
7p22.1	HG03834	pat	HG03834_pat_hprc_r2_v1.0.1_HML-2_7p22.1_MULTI	3	3	HG03834_pat_hprc_r2_v1.0.1_HML-2_7p22.1_MULTI_part3	historical_source/Documents/HML2_project_data/processed_loci/HML-2_7p22.1/HG03834_pat_hprc_r2_v1.0.1_HML-2_7p22.1.fa	61400f286783de149b458a370cc6c35ed5c6ce7b763006d1431bdb5db4ed5ff0	>HG03834_pat_hprc_r2_v1.0.1_HML-2_7p22.1_MULTI assembly_coords:HG03834#1#JBHDUW010000054.1:4720602-4771708 genomic_strand:-	HG03834#1#JBHDUW010000054.1:4720708-4730166	0	41542	51001	9459	ce8bb18c230205cffd30e1bb3cbcf400cf13f323e3b09a95407a7f934a54f901	type2
7p22.1	HG03927	mat	HG03927_mat_hprc_r2_v1.0.1_HML-2_7p22.1_MULTI	1	2	HG03927_mat_hprc_r2_v1.0.1_HML-2_7p22.1_MULTI_part1	historical_source/Documents/HML2_project_data/processed_loci/HML-2_7p22.1/HG03927_mat_hprc_r2_v1.0.1_HML-2_7p22.1.fa	9f2055807b4aaa05a3d25d6bfee9b14d3a98bf04a4374ec901e9c090c7fb73ea	>HG03927_mat_hprc_r2_v1.0.1_HML-2_7p22.1_MULTI assembly_coords:HG03927#2#CM086660.1:4721990-4764527 genomic_strand:-	HG03927#2#CM086660.1:4730600-4740057	0	24470	33928	9458	8b01933a350f0aa1c59483e8de0972b0fcb343daabc70a8318fcf56c6dc0d1f8	type2
7p22.1	HG03927	mat	HG03927_mat_hprc_r2_v1.0.1_HML-2_7p22.1_MULTI	2	2	HG03927_mat_hprc_r2_v1.0.1_HML-2_7p22.1_MULTI_part2	historical_source/Documents/HML2_project_data/processed_loci/HML-2_7p22.1/HG03927_mat_hprc_r2_v1.0.1_HML-2_7p22.1.fa	9f2055807b4aaa05a3d25d6bfee9b14d3a98bf04a4374ec901e9c090c7fb73ea	>HG03927_mat_hprc_r2_v1.0.1_HML-2_7p22.1_MULTI assembly_coords:HG03927#2#CM086660.1:4721990-4764527 genomic_strand:-	HG03927#2#CM086660.1:4722096-4731554	0	32973	42432	9459	5f13dbefb123498201006aed52682ca6054edd6e68abd3234a4de601a6e75de3	type2
7p22.1	HG04115	mat	HG04115_mat_hprc_r2_v1.0.1_HML-2_7p22.1_MULTI	1	2	HG04115_mat_hprc_r2_v1.0.1_HML-2_7p22.1_MULTI_part1	historical_source/Documents/HML2_project_data/processed_loci/HML-2_7p22.1/HG04115_mat_hprc_r2_v1.0.1_HML-2_7p22.1.fa	5c22145fb2985d447ba2fb842c406aae04773f08626ef784c08f7818ebaa4c49	>HG04115_mat_hprc_r2_v1.0.1_HML-2_7p22.1_MULTI assembly_coords:HG04115#2#CM086766.1:4719506-4762119 genomic_strand:-	HG04115#2#CM086766.1:4728116-4737574	0	24545	34004	9459	7059031f69f9c140422cc89d63a68f4fc187b9cc750e0c15c126cad3f1fa97d4	type2
7p22.1	HG04115	mat	HG04115_mat_hprc_r2_v1.0.1_HML-2_7p22.1_MULTI	2	2	HG04115_mat_hprc_r2_v1.0.1_HML-2_7p22.1_MULTI_part2	historical_source/Documents/HML2_project_data/processed_loci/HML-2_7p22.1/HG04115_mat_hprc_r2_v1.0.1_HML-2_7p22.1.fa	5c22145fb2985d447ba2fb842c406aae04773f08626ef784c08f7818ebaa4c49	>HG04115_mat_hprc_r2_v1.0.1_HML-2_7p22.1_MULTI assembly_coords:HG04115#2#CM086766.1:4719506-4762119 genomic_strand:-	HG04115#2#CM086766.1:4719612-4729070	0	33049	42508	9459	274ebf0106bf05749cb46271241eeb97cf86e00ca6003bf46f122e163ab9ad09	type2
7p22.1	HG04115	pat	HG04115_pat_hprc_r2_v1.0.1_HML-2_7p22.1_MULTI	1	6	HG04115_pat_hprc_r2_v1.0.1_HML-2_7p22.1_MULTI_part1	historical_source/Documents/HML2_project_data/processed_loci/HML-2_7p22.1/HG04115_pat_hprc_r2_v1.0.1_HML-2_7p22.1.fa	d7fb314de818da45e623dc61460634a02ce93303e3107c5d43019b2407aed2ac	>HG04115_pat_hprc_r2_v1.0.1_HML-2_7p22.1_MULTI assembly_coords:HG04115#1#CM086754.1:4714144-4790703 genomic_strand:-	HG04115#1#CM086754.1:4756770-4766227	0	24476	33934	9458	374025def4a326cff287b1a7987ccb6e6c525d7d961335286934f45731289f70	type2
7p22.1	HG04115	pat	HG04115_pat_hprc_r2_v1.0.1_HML-2_7p22.1_MULTI	2	6	HG04115_pat_hprc_r2_v1.0.1_HML-2_7p22.1_MULTI_part2	historical_source/Documents/HML2_project_data/processed_loci/HML-2_7p22.1/HG04115_pat_hprc_r2_v1.0.1_HML-2_7p22.1.fa	d7fb314de818da45e623dc61460634a02ce93303e3107c5d43019b2407aed2ac	>HG04115_pat_hprc_r2_v1.0.1_HML-2_7p22.1_MULTI assembly_coords:HG04115#1#CM086754.1:4714144-4790703 genomic_strand:-	HG04115#1#CM086754.1:4748266-4757724	0	32979	42438	9459	e4a995a8c768e07284abf18b5490d018bfd91e4134af5635ad8b26f2734b9953	type2
7p22.1	HG04115	pat	HG04115_pat_hprc_r2_v1.0.1_HML-2_7p22.1_MULTI	3	6	HG04115_pat_hprc_r2_v1.0.1_HML-2_7p22.1_MULTI_part3	historical_source/Documents/HML2_project_data/processed_loci/HML-2_7p22.1/HG04115_pat_hprc_r2_v1.0.1_HML-2_7p22.1.fa	d7fb314de818da45e623dc61460634a02ce93303e3107c5d43019b2407aed2ac	>HG04115_pat_hprc_r2_v1.0.1_HML-2_7p22.1_MULTI assembly_coords:HG04115#1#CM086754.1:4714144-4790703 genomic_strand:-	HG04115#1#CM086754.1:4739762-4749220	0	41483	50942	9459	e4a995a8c768e07284abf18b5490d018bfd91e4134af5635ad8b26f2734b9953	type2
7p22.1	HG04115	pat	HG04115_pat_hprc_r2_v1.0.1_HML-2_7p22.1_MULTI	4	6	HG04115_pat_hprc_r2_v1.0.1_HML-2_7p22.1_MULTI_part4	historical_source/Documents/HML2_project_data/processed_loci/HML-2_7p22.1/HG04115_pat_hprc_r2_v1.0.1_HML-2_7p22.1.fa	d7fb314de818da45e623dc61460634a02ce93303e3107c5d43019b2407aed2ac	>HG04115_pat_hprc_r2_v1.0.1_HML-2_7p22.1_MULTI assembly_coords:HG04115#1#CM086754.1:4714144-4790703 genomic_strand:-	HG04115#1#CM086754.1:4731258-4740716	0	49987	59446	9459	e4a995a8c768e07284abf18b5490d018bfd91e4134af5635ad8b26f2734b9953	type2
7p22.1	HG04115	pat	HG04115_pat_hprc_r2_v1.0.1_HML-2_7p22.1_MULTI	5	6	HG04115_pat_hprc_r2_v1.0.1_HML-2_7p22.1_MULTI_part5	historical_source/Documents/HML2_project_data/processed_loci/HML-2_7p22.1/HG04115_pat_hprc_r2_v1.0.1_HML-2_7p22.1.fa	d7fb314de818da45e623dc61460634a02ce93303e3107c5d43019b2407aed2ac	>HG04115_pat_hprc_r2_v1.0.1_HML-2_7p22.1_MULTI assembly_coords:HG04115#1#CM086754.1:4714144-4790703 genomic_strand:-	HG04115#1#CM086754.1:4722754-4732212	0	58491	67950	9459	e4a995a8c768e07284abf18b5490d018bfd91e4134af5635ad8b26f2734b9953	type2
7p22.1	HG04115	pat	HG04115_pat_hprc_r2_v1.0.1_HML-2_7p22.1_MULTI	6	6	HG04115_pat_hprc_r2_v1.0.1_HML-2_7p22.1_MULTI_part6	historical_source/Documents/HML2_project_data/processed_loci/HML-2_7p22.1/HG04115_pat_hprc_r2_v1.0.1_HML-2_7p22.1.fa	d7fb314de818da45e623dc61460634a02ce93303e3107c5d43019b2407aed2ac	>HG04115_pat_hprc_r2_v1.0.1_HML-2_7p22.1_MULTI assembly_coords:HG04115#1#CM086754.1:4714144-4790703 genomic_strand:-	HG04115#1#CM086754.1:4714250-4723708	0	66995	76454	9459	8e2c97a5dad068ac72b38be12f6e3831bfafded66d1949a8ae836682dcdbedb3	type2
7p22.1	HG04160	pat	HG04160_pat_hprc_r2_v1.0.1_HML-2_7p22.1_MULTI	1	2	HG04160_pat_hprc_r2_v1.0.1_HML-2_7p22.1_MULTI_part1	historical_source/Documents/HML2_project_data/processed_loci/HML-2_7p22.1/HG04160_pat_hprc_r2_v1.0.1_HML-2_7p22.1.fa	6d56ac2b359ef7e6cc9e717133b63e247fdd65cf463c795b947c1336a2fcc19f	>HG04160_pat_hprc_r2_v1.0.1_HML-2_7p22.1_MULTI assembly_coords:HG04160#1#CM088427.1:4721782-4764308 genomic_strand:-	HG04160#1#CM088427.1:4730392-4739849	0	24459	33917	9458	8b01933a350f0aa1c59483e8de0972b0fcb343daabc70a8318fcf56c6dc0d1f8	type2
7p22.1	HG04160	pat	HG04160_pat_hprc_r2_v1.0.1_HML-2_7p22.1_MULTI	2	2	HG04160_pat_hprc_r2_v1.0.1_HML-2_7p22.1_MULTI_part2	historical_source/Documents/HML2_project_data/processed_loci/HML-2_7p22.1/HG04160_pat_hprc_r2_v1.0.1_HML-2_7p22.1.fa	6d56ac2b359ef7e6cc9e717133b63e247fdd65cf463c795b947c1336a2fcc19f	>HG04160_pat_hprc_r2_v1.0.1_HML-2_7p22.1_MULTI assembly_coords:HG04160#1#CM088427.1:4721782-4764308 genomic_strand:-	HG04160#1#CM088427.1:4721888-4731346	0	32962	42421	9459	e4da7b39b22bbafe83d41b72798c79d120473841b431880fda5c5c93e987d2e2	type2
7p22.1	HG04187	mat	HG04187_mat_hprc_r2_v1.0.1_HML-2_7p22.1_MULTI	1	2	HG04187_mat_hprc_r2_v1.0.1_HML-2_7p22.1_MULTI_part1	historical_source/Documents/HML2_project_data/processed_loci/HML-2_7p22.1/HG04187_mat_hprc_r2_v1.0.1_HML-2_7p22.1.fa	89bb2cf2e65dff4e281ef1532efb3e9fdbeb2ee8d3ed73a3e1e29449f7e42ce7	>HG04187_mat_hprc_r2_v1.0.1_HML-2_7p22.1_MULTI assembly_coords:HG04187#2#CM099757.1:4741482-4784034 genomic_strand:-	HG04187#2#CM099757.1:4750092-4759549	0	24485	33943	9458	8b01933a350f0aa1c59483e8de0972b0fcb343daabc70a8318fcf56c6dc0d1f8	type2
7p22.1	HG04187	mat	HG04187_mat_hprc_r2_v1.0.1_HML-2_7p22.1_MULTI	2	2	HG04187_mat_hprc_r2_v1.0.1_HML-2_7p22.1_MULTI_part2	historical_source/Documents/HML2_project_data/processed_loci/HML-2_7p22.1/HG04187_mat_hprc_r2_v1.0.1_HML-2_7p22.1.fa	89bb2cf2e65dff4e281ef1532efb3e9fdbeb2ee8d3ed73a3e1e29449f7e42ce7	>HG04187_mat_hprc_r2_v1.0.1_HML-2_7p22.1_MULTI assembly_coords:HG04187#2#CM099757.1:4741482-4784034 genomic_strand:-	HG04187#2#CM099757.1:4741588-4751046	0	32988	42447	9459	2a97251e9d654ada0eddbc00581799c213af60f953515ccca0f0e7a5207db582	type2
7p22.1	HG04217	h2	HG04217_h2_HML-2_7p22.1_graph_hgsvc3-2024-02-23-mc-chm13_MULTI	1	2	HG04217_h2_HML-2_7p22.1_graph_hgsvc3-2024-02-23-mc-chm13_MULTI_part1	historical_source/Documents/HML2_project_data/hgsvc3-2024-02-23-mc-chm13/HML-2_7p22.1/HG04217_h2_HML-2_7p22.1_graph_hgsvc3-2024-02-23-mc-chm13.fa	1857b00bea43e125c44615cd272774018147770b2ac0c62b0fcfecdf90cddcdf	>HG04217_h2_HML-2_7p22.1_graph_hgsvc3-2024-02-23-mc-chm13_MULTI|HG04217#2#haplotype2-0000083#0:4706686-4824870 genomic_strand:-	HG04217#2#haplotype2-0000083#0:4814806-4824263	500	107	9565	9458	8b01933a350f0aa1c59483e8de0972b0fcb343daabc70a8318fcf56c6dc0d1f8	type2
7p22.1	HG04217	h2	HG04217_h2_HML-2_7p22.1_graph_hgsvc3-2024-02-23-mc-chm13_MULTI	2	2	HG04217_h2_HML-2_7p22.1_graph_hgsvc3-2024-02-23-mc-chm13_MULTI_part2	historical_source/Documents/HML2_project_data/hgsvc3-2024-02-23-mc-chm13/HML-2_7p22.1/HG04217_h2_HML-2_7p22.1_graph_hgsvc3-2024-02-23-mc-chm13.fa	1857b00bea43e125c44615cd272774018147770b2ac0c62b0fcfecdf90cddcdf	>HG04217_h2_HML-2_7p22.1_graph_hgsvc3-2024-02-23-mc-chm13_MULTI|HG04217#2#haplotype2-0000083#0:4706686-4824870 genomic_strand:-	HG04217#2#haplotype2-0000083#0:4806302-4815760	500	8610	18069	9459	e4da7b39b22bbafe83d41b72798c79d120473841b431880fda5c5c93e987d2e2	type2
7p22.1	HG06807	mat	HG06807_mat_v1.0.genbank_HML-2_7p22.1_MULTI	1	2	HG06807_mat_v1.0.genbank_HML-2_7p22.1_MULTI_part1	historical_source/Documents/HML2_project_data/processed_loci/HML-2_7p22.1/HG06807_mat_v1.0.genbank_HML-2_7p22.1.fa	07a91c020c08afbe92087c9442298033dcb4c6d2ce90d3c86699e7baea6ccf32	>HG06807_mat_v1.0.genbank_HML-2_7p22.1_MULTI assembly_coords:HG06807#2#CM101435.1:4705033-4747588 genomic_strand:-	HG06807#2#CM101435.1:4713643-4723100	0	24488	33946	9458	8b01933a350f0aa1c59483e8de0972b0fcb343daabc70a8318fcf56c6dc0d1f8	type2
7p22.1	HG06807	mat	HG06807_mat_v1.0.genbank_HML-2_7p22.1_MULTI	2	2	HG06807_mat_v1.0.genbank_HML-2_7p22.1_MULTI_part2	historical_source/Documents/HML2_project_data/processed_loci/HML-2_7p22.1/HG06807_mat_v1.0.genbank_HML-2_7p22.1.fa	07a91c020c08afbe92087c9442298033dcb4c6d2ce90d3c86699e7baea6ccf32	>HG06807_mat_v1.0.genbank_HML-2_7p22.1_MULTI assembly_coords:HG06807#2#CM101435.1:4705033-4747588 genomic_strand:-	HG06807#2#CM101435.1:4705139-4714597	0	32991	42450	9459	42fa3d60173c6e4586912d4faef0bfbc1fd0f6ffe47ec409e36c3aa49811745e	type2
7p22.1	NA12329	h1	NA12329_h1_HML-2_7p22.1_graph_hgsvc3-2024-02-23-mc-chm13_MULTI	1	2	NA12329_h1_HML-2_7p22.1_graph_hgsvc3-2024-02-23-mc-chm13_MULTI_part1	historical_source/Documents/HML2_project_data/hgsvc3-2024-02-23-mc-chm13/HML-2_7p22.1/NA12329_h1_HML-2_7p22.1_graph_hgsvc3-2024-02-23-mc-chm13.fa	619af76725afc4ee0ae28086d99717c8b9b1d1053d3e6394f6e71f650ab29938	>NA12329_h1_HML-2_7p22.1_graph_hgsvc3-2024-02-23-mc-chm13_MULTI|NA12329#1#haplotype1-0000027#0:156916200-157034162 genomic_strand:-	NA12329#1#haplotype1-0000027#0:157024097-157033555	500	107	9566	9459	7059031f69f9c140422cc89d63a68f4fc187b9cc750e0c15c126cad3f1fa97d4	type2
7p22.1	NA12329	h1	NA12329_h1_HML-2_7p22.1_graph_hgsvc3-2024-02-23-mc-chm13_MULTI	2	2	NA12329_h1_HML-2_7p22.1_graph_hgsvc3-2024-02-23-mc-chm13_MULTI_part2	historical_source/Documents/HML2_project_data/hgsvc3-2024-02-23-mc-chm13/HML-2_7p22.1/NA12329_h1_HML-2_7p22.1_graph_hgsvc3-2024-02-23-mc-chm13.fa	619af76725afc4ee0ae28086d99717c8b9b1d1053d3e6394f6e71f650ab29938	>NA12329_h1_HML-2_7p22.1_graph_hgsvc3-2024-02-23-mc-chm13_MULTI|NA12329#1#haplotype1-0000027#0:156916200-157034162 genomic_strand:-	NA12329#1#haplotype1-0000027#0:157015593-157025051	500	8611	18070	9459	274ebf0106bf05749cb46271241eeb97cf86e00ca6003bf46f122e163ab9ad09	type2
7p22.1	NA18508	h1	NA18508_hap1_hprc_r2_v1.0.1_HML-2_7p22.1_MULTI	1	2	NA18508_hap1_hprc_r2_v1.0.1_HML-2_7p22.1_MULTI_part1	historical_source/Documents/HML2_project_data/processed_loci/HML-2_7p22.1/NA18508_hap1_hprc_r2_v1.0.1_HML-2_7p22.1.fa	3fde4546bc42774e5c3bafbf65feb1ba87a498b32be4fb14cf25d2bfe1f18483	>NA18508_hap1_hprc_r2_v1.0.1_HML-2_7p22.1_MULTI assembly_coords:NA18508#1#JBHIJG010000004.1:4723302-4765836 genomic_strand:-	NA18508#1#JBHIJG010000004.1:4731911-4741368	0	24468	33926	9458	d61a120f28cea2bb9aadfb59ace6ed85ceb6661f69cd319b10dc71d9b2d09b60	type2
7p22.1	NA18508	h1	NA18508_hap1_hprc_r2_v1.0.1_HML-2_7p22.1_MULTI	2	2	NA18508_hap1_hprc_r2_v1.0.1_HML-2_7p22.1_MULTI_part2	historical_source/Documents/HML2_project_data/processed_loci/HML-2_7p22.1/NA18508_hap1_hprc_r2_v1.0.1_HML-2_7p22.1.fa	3fde4546bc42774e5c3bafbf65feb1ba87a498b32be4fb14cf25d2bfe1f18483	>NA18508_hap1_hprc_r2_v1.0.1_HML-2_7p22.1_MULTI assembly_coords:NA18508#1#JBHIJG010000004.1:4723302-4765836 genomic_strand:-	NA18508#1#JBHIJG010000004.1:4723408-4732865	0	32971	42429	9458	46fe87741d7b9d5f45b4d0ac4c6994d6f1ee5090d15eb46fe9801fb3722e51b5	type2
7p22.1	NA18522	h1	NA18522_hap1_hprc_r2_v1.0.1_HML-2_7p22.1_MULTI	1	2	NA18522_hap1_hprc_r2_v1.0.1_HML-2_7p22.1_MULTI_part1	historical_source/Documents/HML2_project_data/processed_loci/HML-2_7p22.1/NA18522_hap1_hprc_r2_v1.0.1_HML-2_7p22.1.fa	b3fadc6eb9276da5a06388e674b23ad01350d4fa9b78337d53bd40508bb286c1	>NA18522_hap1_hprc_r2_v1.0.1_HML-2_7p22.1_MULTI assembly_coords:NA18522#1#CM087177.1:4623127-4665673 genomic_strand:-	NA18522#1#CM087177.1:4631737-4641195	0	24478	33937	9459	ba7b9a1c117b84d8e2f09e9975944934d9f28b149f05161b9cb426a4e07e5f27	type2
7p22.1	NA18522	h1	NA18522_hap1_hprc_r2_v1.0.1_HML-2_7p22.1_MULTI	2	2	NA18522_hap1_hprc_r2_v1.0.1_HML-2_7p22.1_MULTI_part2	historical_source/Documents/HML2_project_data/processed_loci/HML-2_7p22.1/NA18522_hap1_hprc_r2_v1.0.1_HML-2_7p22.1.fa	b3fadc6eb9276da5a06388e674b23ad01350d4fa9b78337d53bd40508bb286c1	>NA18522_hap1_hprc_r2_v1.0.1_HML-2_7p22.1_MULTI assembly_coords:NA18522#1#CM087177.1:4623127-4665673 genomic_strand:-	NA18522#1#CM087177.1:4623233-4632691	0	32982	42441	9459	2dbb155998eb74329886724ddb57a442454c30a0808c462af6f2dd31cd6c10f7	type2
7p22.1	NA18565	h2	NA18565_hap2_hprc_r2_v1.0.1_HML-2_7p22.1_MULTI	1	2	NA18565_hap2_hprc_r2_v1.0.1_HML-2_7p22.1_MULTI_part1	historical_source/Documents/HML2_project_data/processed_loci/HML-2_7p22.1/NA18565_hap2_hprc_r2_v1.0.1_HML-2_7p22.1.fa	5f8657360f8415459a37d9f853af026be5fd3a2a049229ec0a0b34a8de038ca8	>NA18565_hap2_hprc_r2_v1.0.1_HML-2_7p22.1_MULTI assembly_coords:NA18565#2#JBIRDY010000040.1:4696587-4739118 genomic_strand:-	NA18565#2#JBIRDY010000040.1:4705197-4714654	0	24464	33922	9458	8b01933a350f0aa1c59483e8de0972b0fcb343daabc70a8318fcf56c6dc0d1f8	type2
7p22.1	NA18565	h2	NA18565_hap2_hprc_r2_v1.0.1_HML-2_7p22.1_MULTI	2	2	NA18565_hap2_hprc_r2_v1.0.1_HML-2_7p22.1_MULTI_part2	historical_source/Documents/HML2_project_data/processed_loci/HML-2_7p22.1/NA18565_hap2_hprc_r2_v1.0.1_HML-2_7p22.1.fa	5f8657360f8415459a37d9f853af026be5fd3a2a049229ec0a0b34a8de038ca8	>NA18565_hap2_hprc_r2_v1.0.1_HML-2_7p22.1_MULTI assembly_coords:NA18565#2#JBIRDY010000040.1:4696587-4739118 genomic_strand:-	NA18565#2#JBIRDY010000040.1:4696693-4706151	0	32967	42426	9459	cfb9f6886f2632340a93216327b8d2504b3b409e1cd032ccd0ea3a31b973ee27	type2
7p22.1	NA18620	h1	NA18620_hap1_hprc_r2_v1.0.1_HML-2_7p22.1_MULTI	1	2	NA18620_hap1_hprc_r2_v1.0.1_HML-2_7p22.1_MULTI_part1	historical_source/Documents/HML2_project_data/processed_loci/HML-2_7p22.1/NA18620_hap1_hprc_r2_v1.0.1_HML-2_7p22.1.fa	d2202cb0b0be143b9814b50e4f081beb31d857680d17146edb85c17f78656fae	>NA18620_hap1_hprc_r2_v1.0.1_HML-2_7p22.1_MULTI assembly_coords:NA18620#1#CM089821.1:4790751-4833276 genomic_strand:-	NA18620#1#CM089821.1:4799361-4808818	0	24458	33916	9458	8b01933a350f0aa1c59483e8de0972b0fcb343daabc70a8318fcf56c6dc0d1f8	type2
7p22.1	NA18620	h1	NA18620_hap1_hprc_r2_v1.0.1_HML-2_7p22.1_MULTI	2	2	NA18620_hap1_hprc_r2_v1.0.1_HML-2_7p22.1_MULTI_part2	historical_source/Documents/HML2_project_data/processed_loci/HML-2_7p22.1/NA18620_hap1_hprc_r2_v1.0.1_HML-2_7p22.1.fa	d2202cb0b0be143b9814b50e4f081beb31d857680d17146edb85c17f78656fae	>NA18620_hap1_hprc_r2_v1.0.1_HML-2_7p22.1_MULTI assembly_coords:NA18620#1#CM089821.1:4790751-4833276 genomic_strand:-	NA18620#1#CM089821.1:4790857-4800315	0	32961	42420	9459	e4da7b39b22bbafe83d41b72798c79d120473841b431880fda5c5c93e987d2e2	type2
7p22.1	NA18620	h2	NA18620_hap2_hprc_r2_v1.0.1_HML-2_7p22.1_MULTI	1	2	NA18620_hap2_hprc_r2_v1.0.1_HML-2_7p22.1_MULTI_part1	historical_source/Documents/HML2_project_data/processed_loci/HML-2_7p22.1/NA18620_hap2_hprc_r2_v1.0.1_HML-2_7p22.1.fa	c9ac87d721b5692d12aa34a098160610f31d113980c08ca25f550b94f894929a	>NA18620_hap2_hprc_r2_v1.0.1_HML-2_7p22.1_MULTI assembly_coords:NA18620#2#JBHIJV010000067.1:3656845-3699381 genomic_strand:-	NA18620#2#JBHIJV010000067.1:3665455-3674912	0	24469	33927	9458	8b01933a350f0aa1c59483e8de0972b0fcb343daabc70a8318fcf56c6dc0d1f8	type2
7p22.1	NA18620	h2	NA18620_hap2_hprc_r2_v1.0.1_HML-2_7p22.1_MULTI	2	2	NA18620_hap2_hprc_r2_v1.0.1_HML-2_7p22.1_MULTI_part2	historical_source/Documents/HML2_project_data/processed_loci/HML-2_7p22.1/NA18620_hap2_hprc_r2_v1.0.1_HML-2_7p22.1.fa	c9ac87d721b5692d12aa34a098160610f31d113980c08ca25f550b94f894929a	>NA18620_hap2_hprc_r2_v1.0.1_HML-2_7p22.1_MULTI assembly_coords:NA18620#2#JBHIJV010000067.1:3656845-3699381 genomic_strand:-	NA18620#2#JBHIJV010000067.1:3656951-3666409	0	32972	42431	9459	e4da7b39b22bbafe83d41b72798c79d120473841b431880fda5c5c93e987d2e2	type2
7p22.1	NA18906	pat	NA18906_pat_hprc_r2_v1.0.1_HML-2_7p22.1_MULTI	1	2	NA18906_pat_hprc_r2_v1.0.1_HML-2_7p22.1_MULTI_part1	historical_source/Documents/HML2_project_data/processed_loci/HML-2_7p22.1/NA18906_pat_hprc_r2_v1.0.1_HML-2_7p22.1.fa	21947385a2dc45d94c2eee2d6ee0394c48d6f697b42e0071c373b6b361ac3f13	>NA18906_pat_hprc_r2_v1.0.1_HML-2_7p22.1_MULTI assembly_coords:NA18906#1#CM091936.1:4723889-4766440 genomic_strand:-	NA18906#1#CM091936.1:4732499-4741956	0	24484	33942	9458	3575c25239b324d30c1503a7c0f5864f97cef1d3d1e3a8e3aa665d499b795e65	type2
7p22.1	NA18906	pat	NA18906_pat_hprc_r2_v1.0.1_HML-2_7p22.1_MULTI	2	2	NA18906_pat_hprc_r2_v1.0.1_HML-2_7p22.1_MULTI_part2	historical_source/Documents/HML2_project_data/processed_loci/HML-2_7p22.1/NA18906_pat_hprc_r2_v1.0.1_HML-2_7p22.1.fa	21947385a2dc45d94c2eee2d6ee0394c48d6f697b42e0071c373b6b361ac3f13	>NA18906_pat_hprc_r2_v1.0.1_HML-2_7p22.1_MULTI assembly_coords:NA18906#1#CM091936.1:4723889-4766440 genomic_strand:-	NA18906#1#CM091936.1:4723995-4733453	0	32987	42446	9459	6b3d83149db1dfb357e3e17525d129d853328e81feff0f35e69ee0652587b745	type2
7p22.1	NA18939	h1	NA18939_h1_HML-2_7p22.1_graph_hgsvc3-2024-02-23-mc-chm13_MULTI	1	2	NA18939_h1_HML-2_7p22.1_graph_hgsvc3-2024-02-23-mc-chm13_MULTI_part1	historical_source/Documents/HML2_project_data/hgsvc3-2024-02-23-mc-chm13/HML-2_7p22.1/NA18939_h1_HML-2_7p22.1_graph_hgsvc3-2024-02-23-mc-chm13.fa	31406501571a664a40333dea84c01896bcffdd4864e02e0ac6828137452883dc	>NA18939_h1_HML-2_7p22.1_graph_hgsvc3-2024-02-23-mc-chm13_MULTI|NA18939#1#haplotype1-0000001#0:4678076-4796312 genomic_strand:-	NA18939#1#haplotype1-0000001#0:4786248-4795705	500	107	9565	9458	fffeaa8b6ce0f93d1fa761132f62a63bdfbfbfdeeaa1a6ed8caff816c3a8d7f4	type2
7p22.1	NA18939	h1	NA18939_h1_HML-2_7p22.1_graph_hgsvc3-2024-02-23-mc-chm13_MULTI	2	2	NA18939_h1_HML-2_7p22.1_graph_hgsvc3-2024-02-23-mc-chm13_MULTI_part2	historical_source/Documents/HML2_project_data/hgsvc3-2024-02-23-mc-chm13/HML-2_7p22.1/NA18939_h1_HML-2_7p22.1_graph_hgsvc3-2024-02-23-mc-chm13.fa	31406501571a664a40333dea84c01896bcffdd4864e02e0ac6828137452883dc	>NA18939_h1_HML-2_7p22.1_graph_hgsvc3-2024-02-23-mc-chm13_MULTI|NA18939#1#haplotype1-0000001#0:4678076-4796312 genomic_strand:-	NA18939#1#haplotype1-0000001#0:4777744-4787202	500	8610	18069	9459	fe527b1900fcdcd7c25cd974696359decb3a691c688564bc56071cae964d6b5c	type2
7p22.1	NA18939	h2	NA18939_h2_HML-2_7p22.1_graph_hgsvc3-2024-02-23-mc-chm13_MULTI	1	2	NA18939_h2_HML-2_7p22.1_graph_hgsvc3-2024-02-23-mc-chm13_MULTI_part1	historical_source/Documents/HML2_project_data/hgsvc3-2024-02-23-mc-chm13/HML-2_7p22.1/NA18939_h2_HML-2_7p22.1_graph_hgsvc3-2024-02-23-mc-chm13.fa	e611bbd9414b5c35109716b2f579d9b111b69c0e342ac1ed6c04d5bb1ff25c60	>NA18939_h2_HML-2_7p22.1_graph_hgsvc3-2024-02-23-mc-chm13_MULTI|NA18939#2#haplotype2-0000112#0:106886296-107004521 genomic_strand:-	NA18939#2#haplotype2-0000112#0:106994457-107003914	500	107	9565	9458	8b01933a350f0aa1c59483e8de0972b0fcb343daabc70a8318fcf56c6dc0d1f8	type2
7p22.1	NA18939	h2	NA18939_h2_HML-2_7p22.1_graph_hgsvc3-2024-02-23-mc-chm13_MULTI	2	2	NA18939_h2_HML-2_7p22.1_graph_hgsvc3-2024-02-23-mc-chm13_MULTI_part2	historical_source/Documents/HML2_project_data/hgsvc3-2024-02-23-mc-chm13/HML-2_7p22.1/NA18939_h2_HML-2_7p22.1_graph_hgsvc3-2024-02-23-mc-chm13.fa	e611bbd9414b5c35109716b2f579d9b111b69c0e342ac1ed6c04d5bb1ff25c60	>NA18939_h2_HML-2_7p22.1_graph_hgsvc3-2024-02-23-mc-chm13_MULTI|NA18939#2#haplotype2-0000112#0:106886296-107004521 genomic_strand:-	NA18939#2#haplotype2-0000112#0:106985953-106995411	500	8610	18069	9459	e4da7b39b22bbafe83d41b72798c79d120473841b431880fda5c5c93e987d2e2	type2
7p22.1	NA18944	h2	NA18944_hap2_hprc_r2_v1.0.1_HML-2_7p22.1_MULTI	1	2	NA18944_hap2_hprc_r2_v1.0.1_HML-2_7p22.1_MULTI_part1	historical_source/Documents/HML2_project_data/processed_loci/HML-2_7p22.1/NA18944_hap2_hprc_r2_v1.0.1_HML-2_7p22.1.fa	17bf6cca4a28748b6cdff8dac78d8b4eac3b6d508db11c503b6c13bc00ac59d0	>NA18944_hap2_hprc_r2_v1.0.1_HML-2_7p22.1_MULTI assembly_coords:NA18944#2#CM101675.1:4712688-4755224 genomic_strand:-	NA18944#2#CM101675.1:4721298-4730755	0	24469	33927	9458	8b01933a350f0aa1c59483e8de0972b0fcb343daabc70a8318fcf56c6dc0d1f8	type2
7p22.1	NA18944	h2	NA18944_hap2_hprc_r2_v1.0.1_HML-2_7p22.1_MULTI	2	2	NA18944_hap2_hprc_r2_v1.0.1_HML-2_7p22.1_MULTI_part2	historical_source/Documents/HML2_project_data/processed_loci/HML-2_7p22.1/NA18944_hap2_hprc_r2_v1.0.1_HML-2_7p22.1.fa	17bf6cca4a28748b6cdff8dac78d8b4eac3b6d508db11c503b6c13bc00ac59d0	>NA18944_hap2_hprc_r2_v1.0.1_HML-2_7p22.1_MULTI assembly_coords:NA18944#2#CM101675.1:4712688-4755224 genomic_strand:-	NA18944#2#CM101675.1:4712794-4722252	0	32972	42431	9459	e4da7b39b22bbafe83d41b72798c79d120473841b431880fda5c5c93e987d2e2	type2
7p22.1	NA18948	h2	NA18948_hap2_hprc_r2_v1.0.1_HML-2_7p22.1_MULTI	1	2	NA18948_hap2_hprc_r2_v1.0.1_HML-2_7p22.1_MULTI_part1	historical_source/Documents/HML2_project_data/processed_loci/HML-2_7p22.1/NA18948_hap2_hprc_r2_v1.0.1_HML-2_7p22.1.fa	b1bb2141e92103cc2f602f18ee3de51d82dcf4bbf5cfd56756c58ccbd3e19d1c	>NA18948_hap2_hprc_r2_v1.0.1_HML-2_7p22.1_MULTI assembly_coords:NA18948#2#CM101589.1:4688376-4730904 genomic_strand:-	NA18948#2#CM101589.1:4696986-4706443	0	24461	33919	9458	8b01933a350f0aa1c59483e8de0972b0fcb343daabc70a8318fcf56c6dc0d1f8	type2
7p22.1	NA18948	h2	NA18948_hap2_hprc_r2_v1.0.1_HML-2_7p22.1_MULTI	2	2	NA18948_hap2_hprc_r2_v1.0.1_HML-2_7p22.1_MULTI_part2	historical_source/Documents/HML2_project_data/processed_loci/HML-2_7p22.1/NA18948_hap2_hprc_r2_v1.0.1_HML-2_7p22.1.fa	b1bb2141e92103cc2f602f18ee3de51d82dcf4bbf5cfd56756c58ccbd3e19d1c	>NA18948_hap2_hprc_r2_v1.0.1_HML-2_7p22.1_MULTI assembly_coords:NA18948#2#CM101589.1:4688376-4730904 genomic_strand:-	NA18948#2#CM101589.1:4688482-4697940	0	32964	42423	9459	e4da7b39b22bbafe83d41b72798c79d120473841b431880fda5c5c93e987d2e2	type2
7p22.1	NA18952	h1	NA18952_hap1_hprc_r2_v1.0.1_HML-2_7p22.1_MULTI	1	2	NA18952_hap1_hprc_r2_v1.0.1_HML-2_7p22.1_MULTI_part1	historical_source/Documents/HML2_project_data/processed_loci/HML-2_7p22.1/NA18952_hap1_hprc_r2_v1.0.1_HML-2_7p22.1.fa	c30a9cda2ca30d19de4d358388f6e504c70f3db7932727c67d14bf088e5c3f69	>NA18952_hap1_hprc_r2_v1.0.1_HML-2_7p22.1_MULTI assembly_coords:NA18952#1#CM089787.1:4729499-4772032 genomic_strand:-	NA18952#1#CM089787.1:4738109-4747566	0	24466	33924	9458	70e9668082d66e03dbd042040aa0db62ca4a19bf6703eda6de5750cd901c1e19	type2
7p22.1	NA18952	h1	NA18952_hap1_hprc_r2_v1.0.1_HML-2_7p22.1_MULTI	2	2	NA18952_hap1_hprc_r2_v1.0.1_HML-2_7p22.1_MULTI_part2	historical_source/Documents/HML2_project_data/processed_loci/HML-2_7p22.1/NA18952_hap1_hprc_r2_v1.0.1_HML-2_7p22.1.fa	c30a9cda2ca30d19de4d358388f6e504c70f3db7932727c67d14bf088e5c3f69	>NA18952_hap1_hprc_r2_v1.0.1_HML-2_7p22.1_MULTI assembly_coords:NA18952#1#CM089787.1:4729499-4772032 genomic_strand:-	NA18952#1#CM089787.1:4729605-4739063	0	32969	42428	9459	e4da7b39b22bbafe83d41b72798c79d120473841b431880fda5c5c93e987d2e2	type2
7p22.1	NA18952	h2	NA18952_hap2_hprc_r2_v1.0.1_HML-2_7p22.1_MULTI	1	2	NA18952_hap2_hprc_r2_v1.0.1_HML-2_7p22.1_MULTI_part1	historical_source/Documents/HML2_project_data/processed_loci/HML-2_7p22.1/NA18952_hap2_hprc_r2_v1.0.1_HML-2_7p22.1.fa	3b9ff4710cdbdbd0063a196e31bd5c56083996693014cf8664ba05a3519f3c03	>NA18952_hap2_hprc_r2_v1.0.1_HML-2_7p22.1_MULTI assembly_coords:NA18952#2#CM089811.1:4714137-4756663 genomic_strand:-	NA18952#2#CM089811.1:4722747-4732204	0	24459	33917	9458	8b01933a350f0aa1c59483e8de0972b0fcb343daabc70a8318fcf56c6dc0d1f8	type2
7p22.1	NA18952	h2	NA18952_hap2_hprc_r2_v1.0.1_HML-2_7p22.1_MULTI	2	2	NA18952_hap2_hprc_r2_v1.0.1_HML-2_7p22.1_MULTI_part2	historical_source/Documents/HML2_project_data/processed_loci/HML-2_7p22.1/NA18952_hap2_hprc_r2_v1.0.1_HML-2_7p22.1.fa	3b9ff4710cdbdbd0063a196e31bd5c56083996693014cf8664ba05a3519f3c03	>NA18952_hap2_hprc_r2_v1.0.1_HML-2_7p22.1_MULTI assembly_coords:NA18952#2#CM089811.1:4714137-4756663 genomic_strand:-	NA18952#2#CM089811.1:4714243-4723701	0	32962	42421	9459	e4da7b39b22bbafe83d41b72798c79d120473841b431880fda5c5c93e987d2e2	type2
7p22.1	NA18959	h1	NA18959_hap1_hprc_r2_v1.0.1_HML-2_7p22.1_MULTI	1	2	NA18959_hap1_hprc_r2_v1.0.1_HML-2_7p22.1_MULTI_part1	historical_source/Documents/HML2_project_data/processed_loci/HML-2_7p22.1/NA18959_hap1_hprc_r2_v1.0.1_HML-2_7p22.1.fa	0fe932cb49529d7149f82a0122d9faa43c0b485f2c0ff209f70134a6c8097263	>NA18959_hap1_hprc_r2_v1.0.1_HML-2_7p22.1_MULTI assembly_coords:NA18959#1#CM101547.1:4702366-4744896 genomic_strand:-	NA18959#1#CM101547.1:4710976-4720433	0	24463	33921	9458	8b01933a350f0aa1c59483e8de0972b0fcb343daabc70a8318fcf56c6dc0d1f8	type2
7p22.1	NA18959	h1	NA18959_hap1_hprc_r2_v1.0.1_HML-2_7p22.1_MULTI	2	2	NA18959_hap1_hprc_r2_v1.0.1_HML-2_7p22.1_MULTI_part2	historical_source/Documents/HML2_project_data/processed_loci/HML-2_7p22.1/NA18959_hap1_hprc_r2_v1.0.1_HML-2_7p22.1.fa	0fe932cb49529d7149f82a0122d9faa43c0b485f2c0ff209f70134a6c8097263	>NA18959_hap1_hprc_r2_v1.0.1_HML-2_7p22.1_MULTI assembly_coords:NA18959#1#CM101547.1:4702366-4744896 genomic_strand:-	NA18959#1#CM101547.1:4702472-4711930	0	32966	42425	9459	183e0f03ea85ed12b44ad4ac653d8d70d6eb88ece6bfa2140b287f40124ce25c	type2
7p22.1	NA18960	h1	NA18960_hap1_hprc_r2_v1.0.1_HML-2_7p22.1_MULTI	1	2	NA18960_hap1_hprc_r2_v1.0.1_HML-2_7p22.1_MULTI_part1	historical_source/Documents/HML2_project_data/processed_loci/HML-2_7p22.1/NA18960_hap1_hprc_r2_v1.0.1_HML-2_7p22.1.fa	9758ca8a851e2d8d84398a0478ab6c5df0efcbea38102882d9fccc88451e0885	>NA18960_hap1_hprc_r2_v1.0.1_HML-2_7p22.1_MULTI assembly_coords:NA18960#1#CM101532.1:4714305-4756840 genomic_strand:-	NA18960#1#CM101532.1:4722915-4732372	0	24468	33926	9458	8b01933a350f0aa1c59483e8de0972b0fcb343daabc70a8318fcf56c6dc0d1f8	type2
7p22.1	NA18960	h1	NA18960_hap1_hprc_r2_v1.0.1_HML-2_7p22.1_MULTI	2	2	NA18960_hap1_hprc_r2_v1.0.1_HML-2_7p22.1_MULTI_part2	historical_source/Documents/HML2_project_data/processed_loci/HML-2_7p22.1/NA18960_hap1_hprc_r2_v1.0.1_HML-2_7p22.1.fa	9758ca8a851e2d8d84398a0478ab6c5df0efcbea38102882d9fccc88451e0885	>NA18960_hap1_hprc_r2_v1.0.1_HML-2_7p22.1_MULTI assembly_coords:NA18960#1#CM101532.1:4714305-4756840 genomic_strand:-	NA18960#1#CM101532.1:4714411-4723869	0	32971	42430	9459	e4da7b39b22bbafe83d41b72798c79d120473841b431880fda5c5c93e987d2e2	type2
7p22.1	NA18967	h2	NA18967_hap2_hprc_r2_v1.0.1_HML-2_7p22.1_MULTI	1	2	NA18967_hap2_hprc_r2_v1.0.1_HML-2_7p22.1_MULTI_part1	historical_source/Documents/HML2_project_data/processed_loci/HML-2_7p22.1/NA18967_hap2_hprc_r2_v1.0.1_HML-2_7p22.1.fa	f32d2d152eacdd38cb148bf46f9e0055601e9c845c7ad4a854e1e16929c607d4	>NA18967_hap2_hprc_r2_v1.0.1_HML-2_7p22.1_MULTI assembly_coords:NA18967#2#CM101513.1:4710529-4753064 genomic_strand:-	NA18967#2#CM101513.1:4719139-4728596	0	24468	33926	9458	746e2a0b2cb3733d2ef3273b6060706cea52cd48bcc1d669352be3355ff1dc38	type2
7p22.1	NA18967	h2	NA18967_hap2_hprc_r2_v1.0.1_HML-2_7p22.1_MULTI	2	2	NA18967_hap2_hprc_r2_v1.0.1_HML-2_7p22.1_MULTI_part2	historical_source/Documents/HML2_project_data/processed_loci/HML-2_7p22.1/NA18967_hap2_hprc_r2_v1.0.1_HML-2_7p22.1.fa	f32d2d152eacdd38cb148bf46f9e0055601e9c845c7ad4a854e1e16929c607d4	>NA18967_hap2_hprc_r2_v1.0.1_HML-2_7p22.1_MULTI assembly_coords:NA18967#2#CM101513.1:4710529-4753064 genomic_strand:-	NA18967#2#CM101513.1:4710635-4720093	0	32971	42430	9459	e4da7b39b22bbafe83d41b72798c79d120473841b431880fda5c5c93e987d2e2	type2
7p22.1	NA18974	h1	NA18974_hap1_hprc_r2_v1.0.1_HML-2_7p22.1_MULTI	1	2	NA18974_hap1_hprc_r2_v1.0.1_HML-2_7p22.1_MULTI_part1	historical_source/Documents/HML2_project_data/processed_loci/HML-2_7p22.1/NA18974_hap1_hprc_r2_v1.0.1_HML-2_7p22.1.fa	77a61412e83b88560491953149c498a095981275e62dac8695f75ed0fab19f1e	>NA18974_hap1_hprc_r2_v1.0.1_HML-2_7p22.1_MULTI assembly_coords:NA18974#1#CM089773.1:4707156-4749772 genomic_strand:-	NA18974#1#CM089773.1:4715766-4725224	0	24548	34007	9459	7059031f69f9c140422cc89d63a68f4fc187b9cc750e0c15c126cad3f1fa97d4	type2
7p22.1	NA18974	h1	NA18974_hap1_hprc_r2_v1.0.1_HML-2_7p22.1_MULTI	2	2	NA18974_hap1_hprc_r2_v1.0.1_HML-2_7p22.1_MULTI_part2	historical_source/Documents/HML2_project_data/processed_loci/HML-2_7p22.1/NA18974_hap1_hprc_r2_v1.0.1_HML-2_7p22.1.fa	77a61412e83b88560491953149c498a095981275e62dac8695f75ed0fab19f1e	>NA18974_hap1_hprc_r2_v1.0.1_HML-2_7p22.1_MULTI assembly_coords:NA18974#1#CM089773.1:4707156-4749772 genomic_strand:-	NA18974#1#CM089773.1:4707262-4716720	0	33052	42511	9459	274ebf0106bf05749cb46271241eeb97cf86e00ca6003bf46f122e163ab9ad09	type2
7p22.1	NA18974	h2	NA18974_hap2_hprc_r2_v1.0.1_HML-2_7p22.1_MULTI	1	2	NA18974_hap2_hprc_r2_v1.0.1_HML-2_7p22.1_MULTI_part1	historical_source/Documents/HML2_project_data/processed_loci/HML-2_7p22.1/NA18974_hap2_hprc_r2_v1.0.1_HML-2_7p22.1.fa	93384eb9c4666eb221cdb01c001553c175a62e927b8cf301d88997f6aa780d1d	>NA18974_hap2_hprc_r2_v1.0.1_HML-2_7p22.1_MULTI assembly_coords:NA18974#2#CM089798.1:4701817-4744344 genomic_strand:-	NA18974#2#CM089798.1:4710427-4719884	0	24460	33918	9458	8b01933a350f0aa1c59483e8de0972b0fcb343daabc70a8318fcf56c6dc0d1f8	type2
7p22.1	NA18974	h2	NA18974_hap2_hprc_r2_v1.0.1_HML-2_7p22.1_MULTI	2	2	NA18974_hap2_hprc_r2_v1.0.1_HML-2_7p22.1_MULTI_part2	historical_source/Documents/HML2_project_data/processed_loci/HML-2_7p22.1/NA18974_hap2_hprc_r2_v1.0.1_HML-2_7p22.1.fa	93384eb9c4666eb221cdb01c001553c175a62e927b8cf301d88997f6aa780d1d	>NA18974_hap2_hprc_r2_v1.0.1_HML-2_7p22.1_MULTI assembly_coords:NA18974#2#CM089798.1:4701817-4744344 genomic_strand:-	NA18974#2#CM089798.1:4701923-4711381	0	32963	42422	9459	dac725c20c013c9a991bc95b4a90fb22a2ebb334988c91be7d00a4ac7c3b4dd9	type2
7p22.1	NA18976	h1	NA18976_hap1_hprc_r2_v1.0.1_HML-2_7p22.1_MULTI	1	2	NA18976_hap1_hprc_r2_v1.0.1_HML-2_7p22.1_MULTI_part1	historical_source/Documents/HML2_project_data/processed_loci/HML-2_7p22.1/NA18976_hap1_hprc_r2_v1.0.1_HML-2_7p22.1.fa	e3e23b584caf67aaca83cfb0dd9e5fce252d5756bc7e880a8151d63610d2942b	>NA18976_hap1_hprc_r2_v1.0.1_HML-2_7p22.1_MULTI assembly_coords:NA18976#1#CM089754.1:4696505-4739046 genomic_strand:-	NA18976#1#CM089754.1:4705115-4714572	0	24474	33932	9458	854971e1f5cc46ae21fb78c00656241d7f33db0d3f11250e1d462e119211e707	type2
7p22.1	NA18976	h1	NA18976_hap1_hprc_r2_v1.0.1_HML-2_7p22.1_MULTI	2	2	NA18976_hap1_hprc_r2_v1.0.1_HML-2_7p22.1_MULTI_part2	historical_source/Documents/HML2_project_data/processed_loci/HML-2_7p22.1/NA18976_hap1_hprc_r2_v1.0.1_HML-2_7p22.1.fa	e3e23b584caf67aaca83cfb0dd9e5fce252d5756bc7e880a8151d63610d2942b	>NA18976_hap1_hprc_r2_v1.0.1_HML-2_7p22.1_MULTI assembly_coords:NA18976#1#CM089754.1:4696505-4739046 genomic_strand:-	NA18976#1#CM089754.1:4696611-4706069	0	32977	42436	9459	a5234951102dfe818e5e2055dd6d91e14b8a4cf65d43b87fd01cd5ce7bebee18	type2
7p22.1	NA18976	h2	NA18976_hap2_hprc_r2_v1.0.1_HML-2_7p22.1_MULTI	1	2	NA18976_hap2_hprc_r2_v1.0.1_HML-2_7p22.1_MULTI_part1	historical_source/Documents/HML2_project_data/processed_loci/HML-2_7p22.1/NA18976_hap2_hprc_r2_v1.0.1_HML-2_7p22.1.fa	054b6db080da5aad859e14ba5859113d0df0a0ab2afb7775f3a7f269826fdd92	>NA18976_hap2_hprc_r2_v1.0.1_HML-2_7p22.1_MULTI assembly_coords:NA18976#2#JBHIJP010000044.1:3685991-3728525 genomic_strand:-	NA18976#2#JBHIJP010000044.1:3694601-3704058	0	24467	33925	9458	8b01933a350f0aa1c59483e8de0972b0fcb343daabc70a8318fcf56c6dc0d1f8	type2
7p22.1	NA18976	h2	NA18976_hap2_hprc_r2_v1.0.1_HML-2_7p22.1_MULTI	2	2	NA18976_hap2_hprc_r2_v1.0.1_HML-2_7p22.1_MULTI_part2	historical_source/Documents/HML2_project_data/processed_loci/HML-2_7p22.1/NA18976_hap2_hprc_r2_v1.0.1_HML-2_7p22.1.fa	054b6db080da5aad859e14ba5859113d0df0a0ab2afb7775f3a7f269826fdd92	>NA18976_hap2_hprc_r2_v1.0.1_HML-2_7p22.1_MULTI assembly_coords:NA18976#2#JBHIJP010000044.1:3685991-3728525 genomic_strand:-	NA18976#2#JBHIJP010000044.1:3686097-3695555	0	32970	42429	9459	22288d35818e41164df4e3e59f68e89936911e0f6e21f046f92b79aabc97a4f5	type2
7p22.1	NA18989	h1	NA18989_h1_HML-2_7p22.1_graph_hgsvc3-2024-02-23-mc-chm13_MULTI	1	2	NA18989_h1_HML-2_7p22.1_graph_hgsvc3-2024-02-23-mc-chm13_MULTI_part1	historical_source/Documents/HML2_project_data/hgsvc3-2024-02-23-mc-chm13/HML-2_7p22.1/NA18989_h1_HML-2_7p22.1_graph_hgsvc3-2024-02-23-mc-chm13.fa	50a2dac46c69c491a3069b9e2f783d8a7eeb7d4bcdebd84eff4ef7d908dc9ffd	>NA18989_h1_HML-2_7p22.1_graph_hgsvc3-2024-02-23-mc-chm13_MULTI|NA18989#1#haplotype1-0000010#0:4655307-4773280 genomic_strand:-	NA18989#1#haplotype1-0000010#0:4763215-4772673	500	107	9566	9459	7059031f69f9c140422cc89d63a68f4fc187b9cc750e0c15c126cad3f1fa97d4	type2
7p22.1	NA18989	h1	NA18989_h1_HML-2_7p22.1_graph_hgsvc3-2024-02-23-mc-chm13_MULTI	2	2	NA18989_h1_HML-2_7p22.1_graph_hgsvc3-2024-02-23-mc-chm13_MULTI_part2	historical_source/Documents/HML2_project_data/hgsvc3-2024-02-23-mc-chm13/HML-2_7p22.1/NA18989_h1_HML-2_7p22.1_graph_hgsvc3-2024-02-23-mc-chm13.fa	50a2dac46c69c491a3069b9e2f783d8a7eeb7d4bcdebd84eff4ef7d908dc9ffd	>NA18989_h1_HML-2_7p22.1_graph_hgsvc3-2024-02-23-mc-chm13_MULTI|NA18989#1#haplotype1-0000010#0:4655307-4773280 genomic_strand:-	NA18989#1#haplotype1-0000010#0:4754711-4764169	500	8611	18070	9459	274ebf0106bf05749cb46271241eeb97cf86e00ca6003bf46f122e163ab9ad09	type2
7p22.1	NA18989	h2	NA18989_h2_HML-2_7p22.1_graph_hgsvc3-2024-02-23-mc-chm13_MULTI	1	2	NA18989_h2_HML-2_7p22.1_graph_hgsvc3-2024-02-23-mc-chm13_MULTI_part1	historical_source/Documents/HML2_project_data/hgsvc3-2024-02-23-mc-chm13/HML-2_7p22.1/NA18989_h2_HML-2_7p22.1_graph_hgsvc3-2024-02-23-mc-chm13.fa	29d479171469b225d6433aed542d3feb5519af16dcba2a04e8850bd686e0454b	>NA18989_h2_HML-2_7p22.1_graph_hgsvc3-2024-02-23-mc-chm13_MULTI|NA18989#2#haplotype2-0000133#0:4688383-4806681 genomic_strand:-	NA18989#2#haplotype2-0000133#0:4796617-4806074	500	107	9565	9458	f164ed6b55e811c76c1a9b89e78653a33ac8803e2b35804c875a17a9fc819be8	type2
7p22.1	NA18989	h2	NA18989_h2_HML-2_7p22.1_graph_hgsvc3-2024-02-23-mc-chm13_MULTI	2	2	NA18989_h2_HML-2_7p22.1_graph_hgsvc3-2024-02-23-mc-chm13_MULTI_part2	historical_source/Documents/HML2_project_data/hgsvc3-2024-02-23-mc-chm13/HML-2_7p22.1/NA18989_h2_HML-2_7p22.1_graph_hgsvc3-2024-02-23-mc-chm13.fa	29d479171469b225d6433aed542d3feb5519af16dcba2a04e8850bd686e0454b	>NA18989_h2_HML-2_7p22.1_graph_hgsvc3-2024-02-23-mc-chm13_MULTI|NA18989#2#haplotype2-0000133#0:4688383-4806681 genomic_strand:-	NA18989#2#haplotype2-0000133#0:4788113-4797571	500	8610	18069	9459	deeacb40d045eede8cf6dd995a3eeb004fb36548a6a9517fec3895ef9ba23ed9	type2
7p22.1	NA19036	h1	NA19036_hap1_hprc_r2_v1.0.1_HML-2_7p22.1_MULTI	1	2	NA19036_hap1_hprc_r2_v1.0.1_HML-2_7p22.1_MULTI_part1	historical_source/Documents/HML2_project_data/processed_loci/HML-2_7p22.1/NA19036_hap1_hprc_r2_v1.0.1_HML-2_7p22.1.fa	9b1d657ded920c54c5d6da031212ef5bfb62cd487f8814725c63ce7b78542682	>NA19036_hap1_hprc_r2_v1.0.1_HML-2_7p22.1_MULTI assembly_coords:NA19036#1#CM089726.1:4601778-4644315 genomic_strand:-	NA19036#1#CM089726.1:4610388-4619845	0	24470	33928	9458	3575c25239b324d30c1503a7c0f5864f97cef1d3d1e3a8e3aa665d499b795e65	type2
7p22.1	NA19036	h1	NA19036_hap1_hprc_r2_v1.0.1_HML-2_7p22.1_MULTI	2	2	NA19036_hap1_hprc_r2_v1.0.1_HML-2_7p22.1_MULTI_part2	historical_source/Documents/HML2_project_data/processed_loci/HML-2_7p22.1/NA19036_hap1_hprc_r2_v1.0.1_HML-2_7p22.1.fa	9b1d657ded920c54c5d6da031212ef5bfb62cd487f8814725c63ce7b78542682	>NA19036_hap1_hprc_r2_v1.0.1_HML-2_7p22.1_MULTI assembly_coords:NA19036#1#CM089726.1:4601778-4644315 genomic_strand:-	NA19036#1#CM089726.1:4601884-4611342	0	32973	42432	9459	6b3d83149db1dfb357e3e17525d129d853328e81feff0f35e69ee0652587b745	type2
7p22.1	NA19043	h1	NA19043_hap1_hprc_r2_v1.0.1_HML-2_7p22.1_MULTI	1	2	NA19043_hap1_hprc_r2_v1.0.1_HML-2_7p22.1_MULTI_part1	historical_source/Documents/HML2_project_data/processed_loci/HML-2_7p22.1/NA19043_hap1_hprc_r2_v1.0.1_HML-2_7p22.1.fa	12e37fb2c68a97864169a0545ffbf96dcccd61716a98d4dbd83e46719b5aa81f	>NA19043_hap1_hprc_r2_v1.0.1_HML-2_7p22.1_MULTI assembly_coords:NA19043#1#CM087047.1:4714694-4757226 genomic_strand:-	NA19043#1#CM087047.1:4723304-4732761	0	24465	33923	9458	374025def4a326cff287b1a7987ccb6e6c525d7d961335286934f45731289f70	type2
7p22.1	NA19043	h1	NA19043_hap1_hprc_r2_v1.0.1_HML-2_7p22.1_MULTI	2	2	NA19043_hap1_hprc_r2_v1.0.1_HML-2_7p22.1_MULTI_part2	historical_source/Documents/HML2_project_data/processed_loci/HML-2_7p22.1/NA19043_hap1_hprc_r2_v1.0.1_HML-2_7p22.1.fa	12e37fb2c68a97864169a0545ffbf96dcccd61716a98d4dbd83e46719b5aa81f	>NA19043_hap1_hprc_r2_v1.0.1_HML-2_7p22.1_MULTI assembly_coords:NA19043#1#CM087047.1:4714694-4757226 genomic_strand:-	NA19043#1#CM087047.1:4714800-4724258	0	32968	42427	9459	1e8d68dddc9e83a39aa9ecc1157b5a3ccaa911c07ae81ab94ad4c9dfe2a99fa2	type2
7p22.1	NA19043	h2	NA19043_hap2_hprc_r2_v1.0.1_HML-2_7p22.1_MULTI	1	2	NA19043_hap2_hprc_r2_v1.0.1_HML-2_7p22.1_MULTI_part1	historical_source/Documents/HML2_project_data/processed_loci/HML-2_7p22.1/NA19043_hap2_hprc_r2_v1.0.1_HML-2_7p22.1.fa	cc35e656e42066583f8515ed18cb83654af1deb51b0b095eb7d5ee6d0dceaa22	>NA19043_hap2_hprc_r2_v1.0.1_HML-2_7p22.1_MULTI assembly_coords:NA19043#2#CM087073.1:4716283-4758824 genomic_strand:-	NA19043#2#CM087073.1:4724893-4734350	0	24474	33932	9458	9f8b6c842fc6bfd9d6b4963780e36b008ca5109369c8485ec21923c9f1409d5b	type2
7p22.1	NA19043	h2	NA19043_hap2_hprc_r2_v1.0.1_HML-2_7p22.1_MULTI	2	2	NA19043_hap2_hprc_r2_v1.0.1_HML-2_7p22.1_MULTI_part2	historical_source/Documents/HML2_project_data/processed_loci/HML-2_7p22.1/NA19043_hap2_hprc_r2_v1.0.1_HML-2_7p22.1.fa	cc35e656e42066583f8515ed18cb83654af1deb51b0b095eb7d5ee6d0dceaa22	>NA19043_hap2_hprc_r2_v1.0.1_HML-2_7p22.1_MULTI assembly_coords:NA19043#2#CM087073.1:4716283-4758824 genomic_strand:-	NA19043#2#CM087073.1:4716389-4725847	0	32977	42436	9459	1e8d68dddc9e83a39aa9ecc1157b5a3ccaa911c07ae81ab94ad4c9dfe2a99fa2	type2
7p22.1	NA19087	h2	NA19087_hap2_hprc_r2_v1.0.1_HML-2_7p22.1_MULTI	1	2	NA19087_hap2_hprc_r2_v1.0.1_HML-2_7p22.1_MULTI_part1	historical_source/Documents/HML2_project_data/processed_loci/HML-2_7p22.1/NA19087_hap2_hprc_r2_v1.0.1_HML-2_7p22.1.fa	def9fc5a4416ee066fae8c230a0b05424da91be0cc5e8b9c2a248a7516fcf7a5	>NA19087_hap2_hprc_r2_v1.0.1_HML-2_7p22.1_MULTI assembly_coords:NA19087#2#CM087708.1:4706196-4748729 genomic_strand:-	NA19087#2#CM087708.1:4714806-4724263	0	24466	33924	9458	854971e1f5cc46ae21fb78c00656241d7f33db0d3f11250e1d462e119211e707	type2
7p22.1	NA19087	h2	NA19087_hap2_hprc_r2_v1.0.1_HML-2_7p22.1_MULTI	2	2	NA19087_hap2_hprc_r2_v1.0.1_HML-2_7p22.1_MULTI_part2	historical_source/Documents/HML2_project_data/processed_loci/HML-2_7p22.1/NA19087_hap2_hprc_r2_v1.0.1_HML-2_7p22.1.fa	def9fc5a4416ee066fae8c230a0b05424da91be0cc5e8b9c2a248a7516fcf7a5	>NA19087_hap2_hprc_r2_v1.0.1_HML-2_7p22.1_MULTI assembly_coords:NA19087#2#CM087708.1:4706196-4748729 genomic_strand:-	NA19087#2#CM087708.1:4706302-4715760	0	32969	42428	9459	a5234951102dfe818e5e2055dd6d91e14b8a4cf65d43b87fd01cd5ce7bebee18	type2
7p22.1	NA19129	h1	NA19129_h1_HML-2_7p22.1_graph_hgsvc3-2024-02-23-mc-chm13_MULTI	1	2	NA19129_h1_HML-2_7p22.1_graph_hgsvc3-2024-02-23-mc-chm13_MULTI_part1	historical_source/Documents/HML2_project_data/hgsvc3-2024-02-23-mc-chm13/HML-2_7p22.1/NA19129_h1_HML-2_7p22.1_graph_hgsvc3-2024-02-23-mc-chm13.fa	3fa47c105f076ea82410a09c666082737a33390721cb2d0e96a391ed9fd3be5a	>NA19129_h1_HML-2_7p22.1_graph_hgsvc3-2024-02-23-mc-chm13_MULTI|NA19129#1#haplotype1-0000031#0:4658464-4776711 genomic_strand:-	NA19129#1#haplotype1-0000031#0:4766646-4776104	500	107	9566	9459	705c7845f5a1dbcc1235c3236f4a995709d38e97ff698d7834948f7783e9bf8d	type2
7p22.1	NA19129	h1	NA19129_h1_HML-2_7p22.1_graph_hgsvc3-2024-02-23-mc-chm13_MULTI	2	2	NA19129_h1_HML-2_7p22.1_graph_hgsvc3-2024-02-23-mc-chm13_MULTI_part2	historical_source/Documents/HML2_project_data/hgsvc3-2024-02-23-mc-chm13/HML-2_7p22.1/NA19129_h1_HML-2_7p22.1_graph_hgsvc3-2024-02-23-mc-chm13.fa	3fa47c105f076ea82410a09c666082737a33390721cb2d0e96a391ed9fd3be5a	>NA19129_h1_HML-2_7p22.1_graph_hgsvc3-2024-02-23-mc-chm13_MULTI|NA19129#1#haplotype1-0000031#0:4658464-4776711 genomic_strand:-	NA19129#1#haplotype1-0000031#0:4758142-4767600	500	8611	18070	9459	f1dae56f01ee31eda142d654fc4fd64498c148eb3b3356a358da68aec3e4e378	type2
7p22.1	NA19159	h2	NA19159_hap2_hprc_r2_v1.0.1_HML-2_7p22.1_MULTI	1	2	NA19159_hap2_hprc_r2_v1.0.1_HML-2_7p22.1_MULTI_part1	historical_source/Documents/HML2_project_data/processed_loci/HML-2_7p22.1/NA19159_hap2_hprc_r2_v1.0.1_HML-2_7p22.1.fa	9dd6418f8102f110f64e748f7db2c5166b2c25512a7c4e0d5a876a77f65a0446	>NA19159_hap2_hprc_r2_v1.0.1_HML-2_7p22.1_MULTI assembly_coords:NA19159#2#CM099963.1:4709138-4751667 genomic_strand:-	NA19159#2#CM099963.1:4717748-4727206	0	24461	33920	9459	ba7b9a1c117b84d8e2f09e9975944934d9f28b149f05161b9cb426a4e07e5f27	type2
7p22.1	NA19159	h2	NA19159_hap2_hprc_r2_v1.0.1_HML-2_7p22.1_MULTI	2	2	NA19159_hap2_hprc_r2_v1.0.1_HML-2_7p22.1_MULTI_part2	historical_source/Documents/HML2_project_data/processed_loci/HML-2_7p22.1/NA19159_hap2_hprc_r2_v1.0.1_HML-2_7p22.1.fa	9dd6418f8102f110f64e748f7db2c5166b2c25512a7c4e0d5a876a77f65a0446	>NA19159_hap2_hprc_r2_v1.0.1_HML-2_7p22.1_MULTI assembly_coords:NA19159#2#CM099963.1:4709138-4751667 genomic_strand:-	NA19159#2#CM099963.1:4709244-4718702	0	32965	42424	9459	2dbb155998eb74329886724ddb57a442454c30a0808c462af6f2dd31cd6c10f7	type2
7p22.1	NA19238	h2	NA19238_h2_HML-2_7p22.1_graph_hgsvc3-2024-02-23-mc-chm13_MULTI	1	2	NA19238_h2_HML-2_7p22.1_graph_hgsvc3-2024-02-23-mc-chm13_MULTI_part1	historical_source/Documents/HML2_project_data/hgsvc3-2024-02-23-mc-chm13/HML-2_7p22.1/NA19238_h2_HML-2_7p22.1_graph_hgsvc3-2024-02-23-mc-chm13.fa	0aadde02d23dc918fd75e864ee024a36e7d1905e953e34935ef32384ba3e7c92	>NA19238_h2_HML-2_7p22.1_graph_hgsvc3-2024-02-23-mc-chm13_MULTI|NA19238#2#haplotype2-0000097#0:157587649-157706032 genomic_strand:-	NA19238#2#haplotype2-0000097#0:157695968-157705425	500	107	9565	9458	374025def4a326cff287b1a7987ccb6e6c525d7d961335286934f45731289f70	type2
7p22.1	NA19238	h2	NA19238_h2_HML-2_7p22.1_graph_hgsvc3-2024-02-23-mc-chm13_MULTI	2	2	NA19238_h2_HML-2_7p22.1_graph_hgsvc3-2024-02-23-mc-chm13_MULTI_part2	historical_source/Documents/HML2_project_data/hgsvc3-2024-02-23-mc-chm13/HML-2_7p22.1/NA19238_h2_HML-2_7p22.1_graph_hgsvc3-2024-02-23-mc-chm13.fa	0aadde02d23dc918fd75e864ee024a36e7d1905e953e34935ef32384ba3e7c92	>NA19238_h2_HML-2_7p22.1_graph_hgsvc3-2024-02-23-mc-chm13_MULTI|NA19238#2#haplotype2-0000097#0:157587649-157706032 genomic_strand:-	NA19238#2#haplotype2-0000097#0:157687464-157696922	500	8610	18069	9459	1e8d68dddc9e83a39aa9ecc1157b5a3ccaa911c07ae81ab94ad4c9dfe2a99fa2	type2
7p22.1	NA19239	h1	NA19239_h1_HML-2_7p22.1_graph_hgsvc3-2024-02-23-mc-chm13_MULTI	1	2	NA19239_h1_HML-2_7p22.1_graph_hgsvc3-2024-02-23-mc-chm13_MULTI_part1	historical_source/Documents/HML2_project_data/hgsvc3-2024-02-23-mc-chm13/HML-2_7p22.1/NA19239_h1_HML-2_7p22.1_graph_hgsvc3-2024-02-23-mc-chm13.fa	dedaf26aef52613d7568bca1592eb87c3b6483a2a40e2ee4a28b6fdaa8b18160	>NA19239_h1_HML-2_7p22.1_graph_hgsvc3-2024-02-23-mc-chm13_MULTI|NA19239#1#haplotype1-0000012#0:4657047-4775359 genomic_strand:-	NA19239#1#haplotype1-0000012#0:4765295-4774752	500	107	9565	9458	d61a120f28cea2bb9aadfb59ace6ed85ceb6661f69cd319b10dc71d9b2d09b60	type2
7p22.1	NA19239	h1	NA19239_h1_HML-2_7p22.1_graph_hgsvc3-2024-02-23-mc-chm13_MULTI	2	2	NA19239_h1_HML-2_7p22.1_graph_hgsvc3-2024-02-23-mc-chm13_MULTI_part2	historical_source/Documents/HML2_project_data/hgsvc3-2024-02-23-mc-chm13/HML-2_7p22.1/NA19239_h1_HML-2_7p22.1_graph_hgsvc3-2024-02-23-mc-chm13.fa	dedaf26aef52613d7568bca1592eb87c3b6483a2a40e2ee4a28b6fdaa8b18160	>NA19239_h1_HML-2_7p22.1_graph_hgsvc3-2024-02-23-mc-chm13_MULTI|NA19239#1#haplotype1-0000012#0:4657047-4775359 genomic_strand:-	NA19239#1#haplotype1-0000012#0:4756791-4766249	500	8610	18069	9459	e8d30e103160e2f4978bf8f210f761d5c888fddd6407b7e7d2c4f026b9897da2	type2
7p22.1	NA19239	h2	NA19239_h2_HML-2_7p22.1_graph_hgsvc3-2024-02-23-mc-chm13_MULTI	1	2	NA19239_h2_HML-2_7p22.1_graph_hgsvc3-2024-02-23-mc-chm13_MULTI_part1	historical_source/Documents/HML2_project_data/hgsvc3-2024-02-23-mc-chm13/HML-2_7p22.1/NA19239_h2_HML-2_7p22.1_graph_hgsvc3-2024-02-23-mc-chm13.fa	9526ad8eb81c467064146fa9fb6ab9c6e0a7fcdd18396de9fdbe59ab8f5ef081	>NA19239_h2_HML-2_7p22.1_graph_hgsvc3-2024-02-23-mc-chm13_MULTI|NA19239#2#haplotype2-0000072#0:4659749-4778158 genomic_strand:-	NA19239#2#haplotype2-0000072#0:4768094-4777551	500	107	9565	9458	374025def4a326cff287b1a7987ccb6e6c525d7d961335286934f45731289f70	type2
7p22.1	NA19239	h2	NA19239_h2_HML-2_7p22.1_graph_hgsvc3-2024-02-23-mc-chm13_MULTI	2	2	NA19239_h2_HML-2_7p22.1_graph_hgsvc3-2024-02-23-mc-chm13_MULTI_part2	historical_source/Documents/HML2_project_data/hgsvc3-2024-02-23-mc-chm13/HML-2_7p22.1/NA19239_h2_HML-2_7p22.1_graph_hgsvc3-2024-02-23-mc-chm13.fa	9526ad8eb81c467064146fa9fb6ab9c6e0a7fcdd18396de9fdbe59ab8f5ef081	>NA19239_h2_HML-2_7p22.1_graph_hgsvc3-2024-02-23-mc-chm13_MULTI|NA19239#2#haplotype2-0000072#0:4659749-4778158 genomic_strand:-	NA19239#2#haplotype2-0000072#0:4759590-4769048	500	8610	18069	9459	1e8d68dddc9e83a39aa9ecc1157b5a3ccaa911c07ae81ab94ad4c9dfe2a99fa2	type2
7p22.1	NA19240	mat	NA19240_mat_hprc_r2_v1.0.1_HML-2_7p22.1_MULTI	1	2	NA19240_mat_hprc_r2_v1.0.1_HML-2_7p22.1_MULTI_part1	historical_source/Documents/HML2_project_data/processed_loci/HML-2_7p22.1/NA19240_mat_hprc_r2_v1.0.1_HML-2_7p22.1.fa	f0861464d8fc57aa3802d5d9e032a0b23f23f0abc2e5babab375d5c5f9047ce4	>NA19240_mat_hprc_r2_v1.0.1_HML-2_7p22.1_MULTI assembly_coords:NA19240#2#JAHEOL020000038.1:4794614-4837231 genomic_strand:-	NA19240#2#JAHEOL020000038.1:4803224-4812681	0	24550	34008	9458	374025def4a326cff287b1a7987ccb6e6c525d7d961335286934f45731289f70	type2
7p22.1	NA19240	mat	NA19240_mat_hprc_r2_v1.0.1_HML-2_7p22.1_MULTI	2	2	NA19240_mat_hprc_r2_v1.0.1_HML-2_7p22.1_MULTI_part2	historical_source/Documents/HML2_project_data/processed_loci/HML-2_7p22.1/NA19240_mat_hprc_r2_v1.0.1_HML-2_7p22.1.fa	f0861464d8fc57aa3802d5d9e032a0b23f23f0abc2e5babab375d5c5f9047ce4	>NA19240_mat_hprc_r2_v1.0.1_HML-2_7p22.1_MULTI assembly_coords:NA19240#2#JAHEOL020000038.1:4794614-4837231 genomic_strand:-	NA19240#2#JAHEOL020000038.1:4794720-4804178	0	33053	42512	9459	1e8d68dddc9e83a39aa9ecc1157b5a3ccaa911c07ae81ab94ad4c9dfe2a99fa2	type2
7p22.1	NA19240	pat	NA19240_pat_hprc_r2_v1.0.1_HML-2_7p22.1_MULTI	1	2	NA19240_pat_hprc_r2_v1.0.1_HML-2_7p22.1_MULTI_part1	historical_source/Documents/HML2_project_data/processed_loci/HML-2_7p22.1/NA19240_pat_hprc_r2_v1.0.1_HML-2_7p22.1.fa	dbc07231ddc3d220943f665b36882c9dbea1e3f90da537811821492bb16cb330	>NA19240_pat_hprc_r2_v1.0.1_HML-2_7p22.1_MULTI assembly_coords:NA19240#1#JAHEOM020000007.1:4708727-4751340 genomic_strand:-	NA19240#1#JAHEOM020000007.1:4717337-4726794	0	24546	34004	9458	374025def4a326cff287b1a7987ccb6e6c525d7d961335286934f45731289f70	type2
7p22.1	NA19240	pat	NA19240_pat_hprc_r2_v1.0.1_HML-2_7p22.1_MULTI	2	2	NA19240_pat_hprc_r2_v1.0.1_HML-2_7p22.1_MULTI_part2	historical_source/Documents/HML2_project_data/processed_loci/HML-2_7p22.1/NA19240_pat_hprc_r2_v1.0.1_HML-2_7p22.1.fa	dbc07231ddc3d220943f665b36882c9dbea1e3f90da537811821492bb16cb330	>NA19240_pat_hprc_r2_v1.0.1_HML-2_7p22.1_MULTI assembly_coords:NA19240#1#JAHEOM020000007.1:4708727-4751340 genomic_strand:-	NA19240#1#JAHEOM020000007.1:4708833-4718291	0	33049	42508	9459	1e8d68dddc9e83a39aa9ecc1157b5a3ccaa911c07ae81ab94ad4c9dfe2a99fa2	type2
7p22.1	NA19317	h1	NA19317_h1_HML-2_7p22.1_graph_hgsvc3-2024-02-23-mc-chm13_MULTI	1	2	NA19317_h1_HML-2_7p22.1_graph_hgsvc3-2024-02-23-mc-chm13_MULTI_part1	historical_source/Documents/HML2_project_data/hgsvc3-2024-02-23-mc-chm13/HML-2_7p22.1/NA19317_h1_HML-2_7p22.1_graph_hgsvc3-2024-02-23-mc-chm13.fa	94d5e96e99cd42899bd168c052d0aa1ab10717e17e13d6953be7c093980daf09	>NA19317_h1_HML-2_7p22.1_graph_hgsvc3-2024-02-23-mc-chm13_MULTI|NA19317#1#haplotype1-0000019#0:155745025-155863314 genomic_strand:-	NA19317#1#haplotype1-0000019#0:155853250-155862707	500	107	9565	9458	374025def4a326cff287b1a7987ccb6e6c525d7d961335286934f45731289f70	type2
7p22.1	NA19317	h1	NA19317_h1_HML-2_7p22.1_graph_hgsvc3-2024-02-23-mc-chm13_MULTI	2	2	NA19317_h1_HML-2_7p22.1_graph_hgsvc3-2024-02-23-mc-chm13_MULTI_part2	historical_source/Documents/HML2_project_data/hgsvc3-2024-02-23-mc-chm13/HML-2_7p22.1/NA19317_h1_HML-2_7p22.1_graph_hgsvc3-2024-02-23-mc-chm13.fa	94d5e96e99cd42899bd168c052d0aa1ab10717e17e13d6953be7c093980daf09	>NA19317_h1_HML-2_7p22.1_graph_hgsvc3-2024-02-23-mc-chm13_MULTI|NA19317#1#haplotype1-0000019#0:155745025-155863314 genomic_strand:-	NA19317#1#haplotype1-0000019#0:155844746-155854204	500	8610	18069	9459	1e8d68dddc9e83a39aa9ecc1157b5a3ccaa911c07ae81ab94ad4c9dfe2a99fa2	type2
7p22.1	NA19331	h1	NA19331_h1_HML-2_7p22.1_graph_hgsvc3-2024-02-23-mc-chm13_MULTI	1	2	NA19331_h1_HML-2_7p22.1_graph_hgsvc3-2024-02-23-mc-chm13_MULTI_part1	historical_source/Documents/HML2_project_data/hgsvc3-2024-02-23-mc-chm13/HML-2_7p22.1/NA19331_h1_HML-2_7p22.1_graph_hgsvc3-2024-02-23-mc-chm13.fa	f8b66a9e8e74209a877deef0ecb9e1ac5286ee03127e8427bab7940e1bcb1caa	>NA19331_h1_HML-2_7p22.1_graph_hgsvc3-2024-02-23-mc-chm13_MULTI|NA19331#1#haplotype1-0000044#0:51799386-51917610 genomic_strand:-	NA19331#1#haplotype1-0000044#0:51907546-51917003	500	107	9565	9458	374025def4a326cff287b1a7987ccb6e6c525d7d961335286934f45731289f70	type2
7p22.1	NA19331	h1	NA19331_h1_HML-2_7p22.1_graph_hgsvc3-2024-02-23-mc-chm13_MULTI	2	2	NA19331_h1_HML-2_7p22.1_graph_hgsvc3-2024-02-23-mc-chm13_MULTI_part2	historical_source/Documents/HML2_project_data/hgsvc3-2024-02-23-mc-chm13/HML-2_7p22.1/NA19331_h1_HML-2_7p22.1_graph_hgsvc3-2024-02-23-mc-chm13.fa	f8b66a9e8e74209a877deef0ecb9e1ac5286ee03127e8427bab7940e1bcb1caa	>NA19331_h1_HML-2_7p22.1_graph_hgsvc3-2024-02-23-mc-chm13_MULTI|NA19331#1#haplotype1-0000044#0:51799386-51917610 genomic_strand:-	NA19331#1#haplotype1-0000044#0:51899042-51908500	500	8610	18069	9459	a6fb926dc25c0acb7bb037048600938f4c55b8ca3b879dfa191989c5e3ff665a	type2
7p22.1	NA19331	h2	NA19331_h2_HML-2_7p22.1_graph_hgsvc3-2024-02-23-mc-chm13_MULTI	1	2	NA19331_h2_HML-2_7p22.1_graph_hgsvc3-2024-02-23-mc-chm13_MULTI_part1	historical_source/Documents/HML2_project_data/hgsvc3-2024-02-23-mc-chm13/HML-2_7p22.1/NA19331_h2_HML-2_7p22.1_graph_hgsvc3-2024-02-23-mc-chm13.fa	d8c4c259ed345c0686e8a3d3cc14de19127d0320c19a229408e8a36fdf23029e	>NA19331_h2_HML-2_7p22.1_graph_hgsvc3-2024-02-23-mc-chm13_MULTI|NA19331#2#haplotype2-0000178#0:51764533-51882782 genomic_strand:-	NA19331#2#haplotype2-0000178#0:51872717-51882175	500	107	9566	9459	705c7845f5a1dbcc1235c3236f4a995709d38e97ff698d7834948f7783e9bf8d	type2
7p22.1	NA19331	h2	NA19331_h2_HML-2_7p22.1_graph_hgsvc3-2024-02-23-mc-chm13_MULTI	2	2	NA19331_h2_HML-2_7p22.1_graph_hgsvc3-2024-02-23-mc-chm13_MULTI_part2	historical_source/Documents/HML2_project_data/hgsvc3-2024-02-23-mc-chm13/HML-2_7p22.1/NA19331_h2_HML-2_7p22.1_graph_hgsvc3-2024-02-23-mc-chm13.fa	d8c4c259ed345c0686e8a3d3cc14de19127d0320c19a229408e8a36fdf23029e	>NA19331_h2_HML-2_7p22.1_graph_hgsvc3-2024-02-23-mc-chm13_MULTI|NA19331#2#haplotype2-0000178#0:51764533-51882782 genomic_strand:-	NA19331#2#haplotype2-0000178#0:51864213-51873671	500	8611	18070	9459	0da75c9a43968037b37c333457db172d5fc04e07ec8a8900ad0ad24aac31f2dc	type2
7p22.1	NA19338	h2	NA19338_hap2_hprc_r2_v1.0.1_HML-2_7p22.1_MULTI	1	2	NA19338_hap2_hprc_r2_v1.0.1_HML-2_7p22.1_MULTI_part1	historical_source/Documents/HML2_project_data/processed_loci/HML-2_7p22.1/NA19338_hap2_hprc_r2_v1.0.1_HML-2_7p22.1.fa	a04aac1850db34935ba33e1670a57b33366f16460a8d55bd84c44b630c641f7c	>NA19338_hap2_hprc_r2_v1.0.1_HML-2_7p22.1_MULTI assembly_coords:NA19338#2#CM087776.1:4720147-4762690 genomic_strand:-	NA19338#2#CM087776.1:4728757-4738214	0	24476	33934	9458	d61a120f28cea2bb9aadfb59ace6ed85ceb6661f69cd319b10dc71d9b2d09b60	type2
7p22.1	NA19338	h2	NA19338_hap2_hprc_r2_v1.0.1_HML-2_7p22.1_MULTI	2	2	NA19338_hap2_hprc_r2_v1.0.1_HML-2_7p22.1_MULTI_part2	historical_source/Documents/HML2_project_data/processed_loci/HML-2_7p22.1/NA19338_hap2_hprc_r2_v1.0.1_HML-2_7p22.1.fa	a04aac1850db34935ba33e1670a57b33366f16460a8d55bd84c44b630c641f7c	>NA19338_hap2_hprc_r2_v1.0.1_HML-2_7p22.1_MULTI assembly_coords:NA19338#2#CM087776.1:4720147-4762690 genomic_strand:-	NA19338#2#CM087776.1:4720253-4729711	0	32979	42438	9459	e8d30e103160e2f4978bf8f210f761d5c888fddd6407b7e7d2c4f026b9897da2	type2
7p22.1	NA19347	h2	NA19347_h2_HML-2_7p22.1_graph_hgsvc3-2024-02-23-mc-chm13_MULTI	1	2	NA19347_h2_HML-2_7p22.1_graph_hgsvc3-2024-02-23-mc-chm13_MULTI_part1	historical_source/Documents/HML2_project_data/hgsvc3-2024-02-23-mc-chm13/HML-2_7p22.1/NA19347_h2_HML-2_7p22.1_graph_hgsvc3-2024-02-23-mc-chm13.fa	ffebe328f220b237d014dfb40c0ae1cda6c26514118b7dd5c004f87d7ff20bc9	>NA19347_h2_HML-2_7p22.1_graph_hgsvc3-2024-02-23-mc-chm13_MULTI|NA19347#2#haplotype2-0000096#0:156032740-156150999 genomic_strand:-	NA19347#2#haplotype2-0000096#0:156140934-156150392	500	107	9566	9459	8f48cf213d85c33a01a3c9b037bdc11b470a2ccad9ccdba2b964fdbf383a5138	type2
7p22.1	NA19347	h2	NA19347_h2_HML-2_7p22.1_graph_hgsvc3-2024-02-23-mc-chm13_MULTI	2	2	NA19347_h2_HML-2_7p22.1_graph_hgsvc3-2024-02-23-mc-chm13_MULTI_part2	historical_source/Documents/HML2_project_data/hgsvc3-2024-02-23-mc-chm13/HML-2_7p22.1/NA19347_h2_HML-2_7p22.1_graph_hgsvc3-2024-02-23-mc-chm13.fa	ffebe328f220b237d014dfb40c0ae1cda6c26514118b7dd5c004f87d7ff20bc9	>NA19347_h2_HML-2_7p22.1_graph_hgsvc3-2024-02-23-mc-chm13_MULTI|NA19347#2#haplotype2-0000096#0:156032740-156150999 genomic_strand:-	NA19347#2#haplotype2-0000096#0:156132430-156141888	500	8611	18070	9459	ef8d4a3c982a786b05a571c4a1a7386d17139509e4b94192d332d2f777355cd0	type2
7p22.1	NA19384	h1	NA19384_h1_HML-2_7p22.1_graph_hgsvc3-2024-02-23-mc-chm13_MULTI	1	2	NA19384_h1_HML-2_7p22.1_graph_hgsvc3-2024-02-23-mc-chm13_MULTI_part1	historical_source/Documents/HML2_project_data/hgsvc3-2024-02-23-mc-chm13/HML-2_7p22.1/NA19384_h1_HML-2_7p22.1_graph_hgsvc3-2024-02-23-mc-chm13.fa	8f633a6938a4d53608a2085d8ac88f01ae487005138b4e9855b0e65161dfbfc3	>NA19384_h1_HML-2_7p22.1_graph_hgsvc3-2024-02-23-mc-chm13_MULTI|NA19384#1#haplotype1-0000006#0:4708714-4827062 genomic_strand:-	NA19384#1#haplotype1-0000006#0:4816998-4826455	500	107	9565	9458	374025def4a326cff287b1a7987ccb6e6c525d7d961335286934f45731289f70	type2
7p22.1	NA19384	h1	NA19384_h1_HML-2_7p22.1_graph_hgsvc3-2024-02-23-mc-chm13_MULTI	2	2	NA19384_h1_HML-2_7p22.1_graph_hgsvc3-2024-02-23-mc-chm13_MULTI_part2	historical_source/Documents/HML2_project_data/hgsvc3-2024-02-23-mc-chm13/HML-2_7p22.1/NA19384_h1_HML-2_7p22.1_graph_hgsvc3-2024-02-23-mc-chm13.fa	8f633a6938a4d53608a2085d8ac88f01ae487005138b4e9855b0e65161dfbfc3	>NA19384_h1_HML-2_7p22.1_graph_hgsvc3-2024-02-23-mc-chm13_MULTI|NA19384#1#haplotype1-0000006#0:4708714-4827062 genomic_strand:-	NA19384#1#haplotype1-0000006#0:4808494-4817952	500	8610	18069	9459	988ffcfe5c9e94d737a35ae08fc7fc20bea6d819e786b93f3b130f94ae3b2bac	type2
7p22.1	NA19384	h2	NA19384_h2_HML-2_7p22.1_graph_hgsvc3-2024-02-23-mc-chm13_MULTI	1	2	NA19384_h2_HML-2_7p22.1_graph_hgsvc3-2024-02-23-mc-chm13_MULTI_part1	historical_source/Documents/HML2_project_data/hgsvc3-2024-02-23-mc-chm13/HML-2_7p22.1/NA19384_h2_HML-2_7p22.1_graph_hgsvc3-2024-02-23-mc-chm13.fa	5c2d03a751d1aa0c3b6195b35a01fc92c8e6ee7b099e8ff7331c4a9fb67303b8	>NA19384_h2_HML-2_7p22.1_graph_hgsvc3-2024-02-23-mc-chm13_MULTI|NA19384#2#haplotype2-0000107#0:4721990-4840132 genomic_strand:-	NA19384#2#haplotype2-0000107#0:4830067-4839525	500	107	9566	9459	ba7b9a1c117b84d8e2f09e9975944934d9f28b149f05161b9cb426a4e07e5f27	type2
7p22.1	NA19384	h2	NA19384_h2_HML-2_7p22.1_graph_hgsvc3-2024-02-23-mc-chm13_MULTI	2	2	NA19384_h2_HML-2_7p22.1_graph_hgsvc3-2024-02-23-mc-chm13_MULTI_part2	historical_source/Documents/HML2_project_data/hgsvc3-2024-02-23-mc-chm13/HML-2_7p22.1/NA19384_h2_HML-2_7p22.1_graph_hgsvc3-2024-02-23-mc-chm13.fa	5c2d03a751d1aa0c3b6195b35a01fc92c8e6ee7b099e8ff7331c4a9fb67303b8	>NA19384_h2_HML-2_7p22.1_graph_hgsvc3-2024-02-23-mc-chm13_MULTI|NA19384#2#haplotype2-0000107#0:4721990-4840132 genomic_strand:-	NA19384#2#haplotype2-0000107#0:4821563-4831021	500	8611	18070	9459	2dbb155998eb74329886724ddb57a442454c30a0808c462af6f2dd31cd6c10f7	type2
7p22.1	NA19434	h2	NA19434_h2_HML-2_7p22.1_graph_hgsvc3-2024-02-23-mc-chm13_MULTI	1	2	NA19434_h2_HML-2_7p22.1_graph_hgsvc3-2024-02-23-mc-chm13_MULTI_part1	historical_source/Documents/HML2_project_data/hgsvc3-2024-02-23-mc-chm13/HML-2_7p22.1/NA19434_h2_HML-2_7p22.1_graph_hgsvc3-2024-02-23-mc-chm13.fa	83a347cd5b55660b95eb986ba20b35186ff0dcac7efdfbc6e18eb4ea3b9b2549	>NA19434_h2_HML-2_7p22.1_graph_hgsvc3-2024-02-23-mc-chm13_MULTI|NA19434#2#haplotype2-0000104#0:4597377-4715645 genomic_strand:-	NA19434#2#haplotype2-0000104#0:4705581-4715038	500	107	9565	9458	3575c25239b324d30c1503a7c0f5864f97cef1d3d1e3a8e3aa665d499b795e65	type2
7p22.1	NA19434	h2	NA19434_h2_HML-2_7p22.1_graph_hgsvc3-2024-02-23-mc-chm13_MULTI	2	2	NA19434_h2_HML-2_7p22.1_graph_hgsvc3-2024-02-23-mc-chm13_MULTI_part2	historical_source/Documents/HML2_project_data/hgsvc3-2024-02-23-mc-chm13/HML-2_7p22.1/NA19434_h2_HML-2_7p22.1_graph_hgsvc3-2024-02-23-mc-chm13.fa	83a347cd5b55660b95eb986ba20b35186ff0dcac7efdfbc6e18eb4ea3b9b2549	>NA19434_h2_HML-2_7p22.1_graph_hgsvc3-2024-02-23-mc-chm13_MULTI|NA19434#2#haplotype2-0000104#0:4597377-4715645 genomic_strand:-	NA19434#2#haplotype2-0000104#0:4697077-4706535	500	8610	18069	9459	6b3d83149db1dfb357e3e17525d129d853328e81feff0f35e69ee0652587b745	type2
7p22.1	NA19443	h1	NA19443_hap1_hprc_r2_v1.0.1_HML-2_7p22.1_MULTI	1	2	NA19443_hap1_hprc_r2_v1.0.1_HML-2_7p22.1_MULTI_part1	historical_source/Documents/HML2_project_data/processed_loci/HML-2_7p22.1/NA19443_hap1_hprc_r2_v1.0.1_HML-2_7p22.1.fa	6a266eb1f11308b42bd21c20fa32c010dfbf888a52b7b2caee5622b5bd43bec3	>NA19443_hap1_hprc_r2_v1.0.1_HML-2_7p22.1_MULTI assembly_coords:NA19443#1#CM089449.1:4713680-4756225 genomic_strand:-	NA19443#1#CM089449.1:4722290-4731748	0	24477	33936	9459	2f38f63238244e6b175f9481b93220a51c34e26b3393a29b5684c04ed61445ba	type2
7p22.1	NA19443	h1	NA19443_hap1_hprc_r2_v1.0.1_HML-2_7p22.1_MULTI	2	2	NA19443_hap1_hprc_r2_v1.0.1_HML-2_7p22.1_MULTI_part2	historical_source/Documents/HML2_project_data/processed_loci/HML-2_7p22.1/NA19443_hap1_hprc_r2_v1.0.1_HML-2_7p22.1.fa	6a266eb1f11308b42bd21c20fa32c010dfbf888a52b7b2caee5622b5bd43bec3	>NA19443_hap1_hprc_r2_v1.0.1_HML-2_7p22.1_MULTI assembly_coords:NA19443#1#CM089449.1:4713680-4756225 genomic_strand:-	NA19443#1#CM089449.1:4713786-4723244	0	32981	42440	9459	ba1532f3cba54ec7b9d870db2df4c585af83a455473d3c425257309373296f56	type2
7p22.1	NA19682	h1	NA19682_hap1_hprc_r2_v1.0.1_HML-2_7p22.1_MULTI	1	2	NA19682_hap1_hprc_r2_v1.0.1_HML-2_7p22.1_MULTI_part1	historical_source/Documents/HML2_project_data/processed_loci/HML-2_7p22.1/NA19682_hap1_hprc_r2_v1.0.1_HML-2_7p22.1.fa	4c593bc1f77c2c783a3eb73f013b798af55f8ad46aeb1b07f8e11f18bb2e550d	>NA19682_hap1_hprc_r2_v1.0.1_HML-2_7p22.1_MULTI assembly_coords:NA19682#1#CM094151.1:4705985-4748597 genomic_strand:-	NA19682#1#CM094151.1:4714595-4724053	0	24544	34003	9459	7059031f69f9c140422cc89d63a68f4fc187b9cc750e0c15c126cad3f1fa97d4	type2
7p22.1	NA19682	h1	NA19682_hap1_hprc_r2_v1.0.1_HML-2_7p22.1_MULTI	2	2	NA19682_hap1_hprc_r2_v1.0.1_HML-2_7p22.1_MULTI_part2	historical_source/Documents/HML2_project_data/processed_loci/HML-2_7p22.1/NA19682_hap1_hprc_r2_v1.0.1_HML-2_7p22.1.fa	4c593bc1f77c2c783a3eb73f013b798af55f8ad46aeb1b07f8e11f18bb2e550d	>NA19682_hap1_hprc_r2_v1.0.1_HML-2_7p22.1_MULTI assembly_coords:NA19682#1#CM094151.1:4705985-4748597 genomic_strand:-	NA19682#1#CM094151.1:4706091-4715549	0	33048	42507	9459	274ebf0106bf05749cb46271241eeb97cf86e00ca6003bf46f122e163ab9ad09	type2
7p22.1	NA19682	h2	NA19682_hap2_hprc_r2_v1.0.1_HML-2_7p22.1_MULTI	1	2	NA19682_hap2_hprc_r2_v1.0.1_HML-2_7p22.1_MULTI_part1	historical_source/Documents/HML2_project_data/processed_loci/HML-2_7p22.1/NA19682_hap2_hprc_r2_v1.0.1_HML-2_7p22.1.fa	d2dca1610e94dd2069bc2d3b32c13a5a0d7e0108e7983f8ae3a006be4db639aa	>NA19682_hap2_hprc_r2_v1.0.1_HML-2_7p22.1_MULTI assembly_coords:NA19682#2#CM094165.1:4714106-4756724 genomic_strand:-	NA19682#2#CM094165.1:4722716-4732174	0	24550	34009	9459	7059031f69f9c140422cc89d63a68f4fc187b9cc750e0c15c126cad3f1fa97d4	type2
7p22.1	NA19682	h2	NA19682_hap2_hprc_r2_v1.0.1_HML-2_7p22.1_MULTI	2	2	NA19682_hap2_hprc_r2_v1.0.1_HML-2_7p22.1_MULTI_part2	historical_source/Documents/HML2_project_data/processed_loci/HML-2_7p22.1/NA19682_hap2_hprc_r2_v1.0.1_HML-2_7p22.1.fa	d2dca1610e94dd2069bc2d3b32c13a5a0d7e0108e7983f8ae3a006be4db639aa	>NA19682_hap2_hprc_r2_v1.0.1_HML-2_7p22.1_MULTI assembly_coords:NA19682#2#CM094165.1:4714106-4756724 genomic_strand:-	NA19682#2#CM094165.1:4714212-4723670	0	33054	42513	9459	274ebf0106bf05749cb46271241eeb97cf86e00ca6003bf46f122e163ab9ad09	type2
7p22.1	NA19700	h1	NA19700_hap1_hprc_r2_v1.0.1_HML-2_7p22.1_MULTI	1	2	NA19700_hap1_hprc_r2_v1.0.1_HML-2_7p22.1_MULTI_part1	historical_source/Documents/HML2_project_data/processed_loci/HML-2_7p22.1/NA19700_hap1_hprc_r2_v1.0.1_HML-2_7p22.1.fa	b2b5d994d714ca8b1bc148795b8e4e46c744e88d68d7155f982f7c5974fe4479	>NA19700_hap1_hprc_r2_v1.0.1_HML-2_7p22.1_MULTI assembly_coords:NA19700#1#CM089622.1:4771461-4814004 genomic_strand:-	NA19700#1#CM089622.1:4780071-4789528	0	24476	33934	9458	f2ee347a830b877fae973b420f85b74fc6816c2b3ed5c7a7ec3cdcbc91978a17	type2
7p22.1	NA19700	h1	NA19700_hap1_hprc_r2_v1.0.1_HML-2_7p22.1_MULTI	2	2	NA19700_hap1_hprc_r2_v1.0.1_HML-2_7p22.1_MULTI_part2	historical_source/Documents/HML2_project_data/processed_loci/HML-2_7p22.1/NA19700_hap1_hprc_r2_v1.0.1_HML-2_7p22.1.fa	b2b5d994d714ca8b1bc148795b8e4e46c744e88d68d7155f982f7c5974fe4479	>NA19700_hap1_hprc_r2_v1.0.1_HML-2_7p22.1_MULTI assembly_coords:NA19700#1#CM089622.1:4771461-4814004 genomic_strand:-	NA19700#1#CM089622.1:4771567-4781025	0	32979	42438	9459	ef8d4a3c982a786b05a571c4a1a7386d17139509e4b94192d332d2f777355cd0	type2
7p22.1	NA19776	h1	NA19776_hap1_hprc_r2_v1.0.1_HML-2_7p22.1_MULTI	1	2	NA19776_hap1_hprc_r2_v1.0.1_HML-2_7p22.1_MULTI_part1	historical_source/Documents/HML2_project_data/processed_loci/HML-2_7p22.1/NA19776_hap1_hprc_r2_v1.0.1_HML-2_7p22.1.fa	5436f4bacefa092eb41958e443695157a51eca1c0ba2fb79ebd432bc39672bd6	>NA19776_hap1_hprc_r2_v1.0.1_HML-2_7p22.1_MULTI assembly_coords:NA19776#1#CM094013.1:4772029-4814641 genomic_strand:-	NA19776#1#CM094013.1:4780639-4790097	0	24544	34003	9459	7059031f69f9c140422cc89d63a68f4fc187b9cc750e0c15c126cad3f1fa97d4	type2
7p22.1	NA19776	h1	NA19776_hap1_hprc_r2_v1.0.1_HML-2_7p22.1_MULTI	2	2	NA19776_hap1_hprc_r2_v1.0.1_HML-2_7p22.1_MULTI_part2	historical_source/Documents/HML2_project_data/processed_loci/HML-2_7p22.1/NA19776_hap1_hprc_r2_v1.0.1_HML-2_7p22.1.fa	5436f4bacefa092eb41958e443695157a51eca1c0ba2fb79ebd432bc39672bd6	>NA19776_hap1_hprc_r2_v1.0.1_HML-2_7p22.1_MULTI assembly_coords:NA19776#1#CM094013.1:4772029-4814641 genomic_strand:-	NA19776#1#CM094013.1:4772135-4781593	0	33048	42507	9459	274ebf0106bf05749cb46271241eeb97cf86e00ca6003bf46f122e163ab9ad09	type2
7p22.1	NA19909	h2	NA19909_hap2_hprc_r2_v1.0.1_HML-2_7p22.1_MULTI	1	2	NA19909_hap2_hprc_r2_v1.0.1_HML-2_7p22.1_MULTI_part1	historical_source/Documents/HML2_project_data/processed_loci/HML-2_7p22.1/NA19909_hap2_hprc_r2_v1.0.1_HML-2_7p22.1.fa	f8d7b03db76f87ff9dfd50244983950a70f73541467ea3cc2d64e96af0d8c799	>NA19909_hap2_hprc_r2_v1.0.1_HML-2_7p22.1_MULTI assembly_coords:NA19909#2#CM094135.1:4709275-4751814 genomic_strand:-	NA19909#2#CM094135.1:4717885-4727342	0	24472	33930	9458	d61a120f28cea2bb9aadfb59ace6ed85ceb6661f69cd319b10dc71d9b2d09b60	type2
7p22.1	NA19909	h2	NA19909_hap2_hprc_r2_v1.0.1_HML-2_7p22.1_MULTI	2	2	NA19909_hap2_hprc_r2_v1.0.1_HML-2_7p22.1_MULTI_part2	historical_source/Documents/HML2_project_data/processed_loci/HML-2_7p22.1/NA19909_hap2_hprc_r2_v1.0.1_HML-2_7p22.1.fa	f8d7b03db76f87ff9dfd50244983950a70f73541467ea3cc2d64e96af0d8c799	>NA19909_hap2_hprc_r2_v1.0.1_HML-2_7p22.1_MULTI assembly_coords:NA19909#2#CM094135.1:4709275-4751814 genomic_strand:-	NA19909#2#CM094135.1:4709381-4718839	0	32975	42434	9459	e8d30e103160e2f4978bf8f210f761d5c888fddd6407b7e7d2c4f026b9897da2	type2
7p22.1	NA20129	pat	NA20129_pat_hprc_r2_v1.0.1_HML-2_7p22.1_MULTI	1	2	NA20129_pat_hprc_r2_v1.0.1_HML-2_7p22.1_MULTI_part1	historical_source/Documents/HML2_project_data/processed_loci/HML-2_7p22.1/NA20129_pat_hprc_r2_v1.0.1_HML-2_7p22.1.fa	4211f0a9aba1ecff312c0d1ac2236df72f0c45b271bbd3a89088dcfddba86e87	>NA20129_pat_hprc_r2_v1.0.1_HML-2_7p22.1_MULTI assembly_coords:NA20129#1#CM092133.1:4767292-4809860 genomic_strand:-	NA20129#1#CM092133.1:4775902-4785359	0	24501	33959	9458	3575c25239b324d30c1503a7c0f5864f97cef1d3d1e3a8e3aa665d499b795e65	type2
7p22.1	NA20129	pat	NA20129_pat_hprc_r2_v1.0.1_HML-2_7p22.1_MULTI	2	2	NA20129_pat_hprc_r2_v1.0.1_HML-2_7p22.1_MULTI_part2	historical_source/Documents/HML2_project_data/processed_loci/HML-2_7p22.1/NA20129_pat_hprc_r2_v1.0.1_HML-2_7p22.1.fa	4211f0a9aba1ecff312c0d1ac2236df72f0c45b271bbd3a89088dcfddba86e87	>NA20129_pat_hprc_r2_v1.0.1_HML-2_7p22.1_MULTI assembly_coords:NA20129#1#CM092133.1:4767292-4809860 genomic_strand:-	NA20129#1#CM092133.1:4767398-4776856	0	33004	42463	9459	6b3d83149db1dfb357e3e17525d129d853328e81feff0f35e69ee0652587b745	type2
7p22.1	NA20282	h1	NA20282_hap1_hprc_r2_v1.0.1_HML-2_7p22.1_MULTI	1	3	NA20282_hap1_hprc_r2_v1.0.1_HML-2_7p22.1_MULTI_part1	historical_source/Documents/HML2_project_data/processed_loci/HML-2_7p22.1/NA20282_hap1_hprc_r2_v1.0.1_HML-2_7p22.1.fa	589089dd752cf16a4aae7ef9b4fed9cb341b2639cb97a106fec582d784ff4eb0	>NA20282_hap1_hprc_r2_v1.0.1_HML-2_7p22.1_MULTI assembly_coords:NA20282#1#CM094273.1:4768772-4819809 genomic_strand:-	NA20282#1#CM094273.1:4785886-4795343	0	24466	33924	9458	374025def4a326cff287b1a7987ccb6e6c525d7d961335286934f45731289f70	type2
7p22.1	NA20282	h1	NA20282_hap1_hprc_r2_v1.0.1_HML-2_7p22.1_MULTI	2	3	NA20282_hap1_hprc_r2_v1.0.1_HML-2_7p22.1_MULTI_part2	historical_source/Documents/HML2_project_data/processed_loci/HML-2_7p22.1/NA20282_hap1_hprc_r2_v1.0.1_HML-2_7p22.1.fa	589089dd752cf16a4aae7ef9b4fed9cb341b2639cb97a106fec582d784ff4eb0	>NA20282_hap1_hprc_r2_v1.0.1_HML-2_7p22.1_MULTI assembly_coords:NA20282#1#CM094273.1:4768772-4819809 genomic_strand:-	NA20282#1#CM094273.1:4777382-4786840	0	32969	42428	9459	e4a995a8c768e07284abf18b5490d018bfd91e4134af5635ad8b26f2734b9953	type2
7p22.1	NA20282	h1	NA20282_hap1_hprc_r2_v1.0.1_HML-2_7p22.1_MULTI	3	3	NA20282_hap1_hprc_r2_v1.0.1_HML-2_7p22.1_MULTI_part3	historical_source/Documents/HML2_project_data/processed_loci/HML-2_7p22.1/NA20282_hap1_hprc_r2_v1.0.1_HML-2_7p22.1.fa	589089dd752cf16a4aae7ef9b4fed9cb341b2639cb97a106fec582d784ff4eb0	>NA20282_hap1_hprc_r2_v1.0.1_HML-2_7p22.1_MULTI assembly_coords:NA20282#1#CM094273.1:4768772-4819809 genomic_strand:-	NA20282#1#CM094273.1:4768878-4778336	0	41473	50932	9459	72b18153fb48d06944067a92b157b520da2c78918dd82fbf3504d3abb4270dbc	type2
7p22.1	NA20355	h2	NA20355_h2_HML-2_7p22.1_graph_hgsvc3-2024-02-23-mc-chm13_MULTI	1	2	NA20355_h2_HML-2_7p22.1_graph_hgsvc3-2024-02-23-mc-chm13_MULTI_part1	historical_source/Documents/HML2_project_data/hgsvc3-2024-02-23-mc-chm13/HML-2_7p22.1/NA20355_h2_HML-2_7p22.1_graph_hgsvc3-2024-02-23-mc-chm13.fa	7c01b163e410290ec5f25d50231ea5f34d8a9d06d1d698cafd0e481e3998c4b5	>NA20355_h2_HML-2_7p22.1_graph_hgsvc3-2024-02-23-mc-chm13_MULTI|NA20355#2#haplotype2-0000160#0:4647660-4765951 genomic_strand:-	NA20355#2#haplotype2-0000160#0:4755887-4765344	500	107	9565	9458	d54df34b2ca5ad3c12d28ed5f5bdd0ca9644e4a2687e6d84062c4777cacb48f7	type2
7p22.1	NA20355	h2	NA20355_h2_HML-2_7p22.1_graph_hgsvc3-2024-02-23-mc-chm13_MULTI	2	2	NA20355_h2_HML-2_7p22.1_graph_hgsvc3-2024-02-23-mc-chm13_MULTI_part2	historical_source/Documents/HML2_project_data/hgsvc3-2024-02-23-mc-chm13/HML-2_7p22.1/NA20355_h2_HML-2_7p22.1_graph_hgsvc3-2024-02-23-mc-chm13.fa	7c01b163e410290ec5f25d50231ea5f34d8a9d06d1d698cafd0e481e3998c4b5	>NA20355_h2_HML-2_7p22.1_graph_hgsvc3-2024-02-23-mc-chm13_MULTI|NA20355#2#haplotype2-0000160#0:4647660-4765951 genomic_strand:-	NA20355#2#haplotype2-0000160#0:4747383-4756841	500	8610	18069	9459	6b3d83149db1dfb357e3e17525d129d853328e81feff0f35e69ee0652587b745	type2
7p22.1	NA20503	h1	NA20503_hap1_hprc_r2_v1.0.1_HML-2_7p22.1_MULTI	1	2	NA20503_hap1_hprc_r2_v1.0.1_HML-2_7p22.1_MULTI_part1	historical_source/Documents/HML2_project_data/processed_loci/HML-2_7p22.1/NA20503_hap1_hprc_r2_v1.0.1_HML-2_7p22.1.fa	72c6c1d9d23e75c112ab340e4e9633344ab977f0215c7165959c6cacb9b9c0a7	>NA20503_hap1_hprc_r2_v1.0.1_HML-2_7p22.1_MULTI assembly_coords:NA20503#1#CM102460.1:4789047-4831582 genomic_strand:-	NA20503#1#CM102460.1:4797657-4807114	0	24468	33926	9458	374025def4a326cff287b1a7987ccb6e6c525d7d961335286934f45731289f70	type2
7p22.1	NA20503	h1	NA20503_hap1_hprc_r2_v1.0.1_HML-2_7p22.1_MULTI	2	2	NA20503_hap1_hprc_r2_v1.0.1_HML-2_7p22.1_MULTI_part2	historical_source/Documents/HML2_project_data/processed_loci/HML-2_7p22.1/NA20503_hap1_hprc_r2_v1.0.1_HML-2_7p22.1.fa	72c6c1d9d23e75c112ab340e4e9633344ab977f0215c7165959c6cacb9b9c0a7	>NA20503_hap1_hprc_r2_v1.0.1_HML-2_7p22.1_MULTI assembly_coords:NA20503#1#CM102460.1:4789047-4831582 genomic_strand:-	NA20503#1#CM102460.1:4789153-4798611	0	32971	42430	9459	72b18153fb48d06944067a92b157b520da2c78918dd82fbf3504d3abb4270dbc	type2
7p22.1	NA20503	h2	NA20503_hap2_hprc_r2_v1.0.1_HML-2_7p22.1_MULTI	1	2	NA20503_hap2_hprc_r2_v1.0.1_HML-2_7p22.1_MULTI_part1	historical_source/Documents/HML2_project_data/processed_loci/HML-2_7p22.1/NA20503_hap2_hprc_r2_v1.0.1_HML-2_7p22.1.fa	b50d0401ebe01ffeb565fa20d2ae87073b0ea45e8aff7b7f6668b5709d84f419	>NA20503_hap2_hprc_r2_v1.0.1_HML-2_7p22.1_MULTI assembly_coords:NA20503#2#CM102477.1:4706762-4749318 genomic_strand:-	NA20503#2#CM102477.1:4715372-4724829	0	24489	33947	9458	8b01933a350f0aa1c59483e8de0972b0fcb343daabc70a8318fcf56c6dc0d1f8	type2
7p22.1	NA20503	h2	NA20503_hap2_hprc_r2_v1.0.1_HML-2_7p22.1_MULTI	2	2	NA20503_hap2_hprc_r2_v1.0.1_HML-2_7p22.1_MULTI_part2	historical_source/Documents/HML2_project_data/processed_loci/HML-2_7p22.1/NA20503_hap2_hprc_r2_v1.0.1_HML-2_7p22.1.fa	b50d0401ebe01ffeb565fa20d2ae87073b0ea45e8aff7b7f6668b5709d84f419	>NA20503_hap2_hprc_r2_v1.0.1_HML-2_7p22.1_MULTI assembly_coords:NA20503#2#CM102477.1:4706762-4749318 genomic_strand:-	NA20503#2#CM102477.1:4706868-4716326	0	32992	42451	9459	42fa3d60173c6e4586912d4faef0bfbc1fd0f6ffe47ec409e36c3aa49811745e	type2
7p22.1	NA20509	h1	NA20509_h1_HML-2_7p22.1_graph_hgsvc3-2024-02-23-mc-chm13_MULTI	1	2	NA20509_h1_HML-2_7p22.1_graph_hgsvc3-2024-02-23-mc-chm13_MULTI_part1	historical_source/Documents/HML2_project_data/hgsvc3-2024-02-23-mc-chm13/HML-2_7p22.1/NA20509_h1_HML-2_7p22.1_graph_hgsvc3-2024-02-23-mc-chm13.fa	411ab1076c9822be47c1868a3c5899d5b729b8b385124be7dafdbbed6a20eea4	>NA20509_h1_HML-2_7p22.1_graph_hgsvc3-2024-02-23-mc-chm13_MULTI|NA20509#1#haplotype1-0000028#0:155861265-155979529 genomic_strand:-	NA20509#1#haplotype1-0000028#0:155969465-155978922	500	107	9565	9458	8b01933a350f0aa1c59483e8de0972b0fcb343daabc70a8318fcf56c6dc0d1f8	type2
7p22.1	NA20509	h1	NA20509_h1_HML-2_7p22.1_graph_hgsvc3-2024-02-23-mc-chm13_MULTI	2	2	NA20509_h1_HML-2_7p22.1_graph_hgsvc3-2024-02-23-mc-chm13_MULTI_part2	historical_source/Documents/HML2_project_data/hgsvc3-2024-02-23-mc-chm13/HML-2_7p22.1/NA20509_h1_HML-2_7p22.1_graph_hgsvc3-2024-02-23-mc-chm13.fa	411ab1076c9822be47c1868a3c5899d5b729b8b385124be7dafdbbed6a20eea4	>NA20509_h1_HML-2_7p22.1_graph_hgsvc3-2024-02-23-mc-chm13_MULTI|NA20509#1#haplotype1-0000028#0:155861265-155979529 genomic_strand:-	NA20509#1#haplotype1-0000028#0:155960961-155970419	500	8610	18069	9459	6a30fd9ae9a3d5f6b144b08a82b81e0f8528aeef9ab0b2219e8c0e42493de871	type2
7p22.1	NA20752	h1	NA20752_hap1_hprc_r2_v1.0.1_HML-2_7p22.1_MULTI	1	2	NA20752_hap1_hprc_r2_v1.0.1_HML-2_7p22.1_MULTI_part1	historical_source/Documents/HML2_project_data/processed_loci/HML-2_7p22.1/NA20752_hap1_hprc_r2_v1.0.1_HML-2_7p22.1.fa	da83419b586e12416bf13d9f3c43c85bde48ecf9a62e422e4d848ea00a89326b	>NA20752_hap1_hprc_r2_v1.0.1_HML-2_7p22.1_MULTI assembly_coords:NA20752#1#CM099771.1:4697485-4740028 genomic_strand:-	NA20752#1#CM099771.1:4706095-4715552	0	24476	33934	9458	3db68ce27fc97781b6705ebc80e1eca3d19e744bd0cffd5d3ce9dc8ae870e0cf	type2
7p22.1	NA20752	h1	NA20752_hap1_hprc_r2_v1.0.1_HML-2_7p22.1_MULTI	2	2	NA20752_hap1_hprc_r2_v1.0.1_HML-2_7p22.1_MULTI_part2	historical_source/Documents/HML2_project_data/processed_loci/HML-2_7p22.1/NA20752_hap1_hprc_r2_v1.0.1_HML-2_7p22.1.fa	da83419b586e12416bf13d9f3c43c85bde48ecf9a62e422e4d848ea00a89326b	>NA20752_hap1_hprc_r2_v1.0.1_HML-2_7p22.1_MULTI assembly_coords:NA20752#1#CM099771.1:4697485-4740028 genomic_strand:-	NA20752#1#CM099771.1:4697591-4707049	0	32979	42438	9459	a9c1ecd276d60cc5157dd874df03fda17bf9c91cebc33e2a9d452aac3d9e980d	type2
7p22.1	NA20762	h2	NA20762_hap2_hprc_r2_v1.0.1_HML-2_7p22.1_MULTI	1	2	NA20762_hap2_hprc_r2_v1.0.1_HML-2_7p22.1_MULTI_part1	historical_source/Documents/HML2_project_data/processed_loci/HML-2_7p22.1/NA20762_hap2_hprc_r2_v1.0.1_HML-2_7p22.1.fa	0ac8112b57e4a2c0b88dcdb4a30b34de6301d6c8cd46565095434e332fe975b2	>NA20762_hap2_hprc_r2_v1.0.1_HML-2_7p22.1_MULTI assembly_coords:NA20762#2#CM102529.1:4710917-4753532 genomic_strand:-	NA20762#2#CM102529.1:4719527-4728985	0	24547	34006	9459	7059031f69f9c140422cc89d63a68f4fc187b9cc750e0c15c126cad3f1fa97d4	type2
7p22.1	NA20762	h2	NA20762_hap2_hprc_r2_v1.0.1_HML-2_7p22.1_MULTI	2	2	NA20762_hap2_hprc_r2_v1.0.1_HML-2_7p22.1_MULTI_part2	historical_source/Documents/HML2_project_data/processed_loci/HML-2_7p22.1/NA20762_hap2_hprc_r2_v1.0.1_HML-2_7p22.1.fa	0ac8112b57e4a2c0b88dcdb4a30b34de6301d6c8cd46565095434e332fe975b2	>NA20762_hap2_hprc_r2_v1.0.1_HML-2_7p22.1_MULTI assembly_coords:NA20762#2#CM102529.1:4710917-4753532 genomic_strand:-	NA20762#2#CM102529.1:4711023-4720481	0	33051	42510	9459	274ebf0106bf05749cb46271241eeb97cf86e00ca6003bf46f122e163ab9ad09	type2
7p22.1	NA20799	h2	NA20799_hap2_hprc_r2_v1.0.1_HML-2_7p22.1_MULTI	1	2	NA20799_hap2_hprc_r2_v1.0.1_HML-2_7p22.1_MULTI_part1	historical_source/Documents/HML2_project_data/processed_loci/HML-2_7p22.1/NA20799_hap2_hprc_r2_v1.0.1_HML-2_7p22.1.fa	4839f30327ae06483ef8a2a7658e0673f4f5bb0de60d6084a2e806d5a84c0412	>NA20799_hap2_hprc_r2_v1.0.1_HML-2_7p22.1_MULTI assembly_coords:NA20799#2#CM098718.1:4762413-4804967 genomic_strand:-	NA20799#2#CM098718.1:4771023-4780481	0	24486	33945	9459	7059031f69f9c140422cc89d63a68f4fc187b9cc750e0c15c126cad3f1fa97d4	type2
7p22.1	NA20799	h2	NA20799_hap2_hprc_r2_v1.0.1_HML-2_7p22.1_MULTI	2	2	NA20799_hap2_hprc_r2_v1.0.1_HML-2_7p22.1_MULTI_part2	historical_source/Documents/HML2_project_data/processed_loci/HML-2_7p22.1/NA20799_hap2_hprc_r2_v1.0.1_HML-2_7p22.1.fa	4839f30327ae06483ef8a2a7658e0673f4f5bb0de60d6084a2e806d5a84c0412	>NA20799_hap2_hprc_r2_v1.0.1_HML-2_7p22.1_MULTI assembly_coords:NA20799#2#CM098718.1:4762413-4804967 genomic_strand:-	NA20799#2#CM098718.1:4762519-4771977	0	32990	42449	9459	274ebf0106bf05749cb46271241eeb97cf86e00ca6003bf46f122e163ab9ad09	type2
7p22.1	NA20806	h1	NA20806_hap1_hprc_r2_v1.0.1_HML-2_7p22.1_MULTI	1	2	NA20806_hap1_hprc_r2_v1.0.1_HML-2_7p22.1_MULTI_part1	historical_source/Documents/HML2_project_data/processed_loci/HML-2_7p22.1/NA20806_hap1_hprc_r2_v1.0.1_HML-2_7p22.1.fa	20e9a1ab17e51162d00afb22267b8901a3169590b3a051057b5f23d7d127db80	>NA20806_hap1_hprc_r2_v1.0.1_HML-2_7p22.1_MULTI assembly_coords:NA20806#1#CM102443.1:4728875-4771424 genomic_strand:-	NA20806#1#CM102443.1:4737485-4746943	0	24481	33940	9459	c20175bb303a7867c3203b586bc52c49d31c5d1365fc8e8ffdaa7df6aee9755b	type2
7p22.1	NA20806	h1	NA20806_hap1_hprc_r2_v1.0.1_HML-2_7p22.1_MULTI	2	2	NA20806_hap1_hprc_r2_v1.0.1_HML-2_7p22.1_MULTI_part2	historical_source/Documents/HML2_project_data/processed_loci/HML-2_7p22.1/NA20806_hap1_hprc_r2_v1.0.1_HML-2_7p22.1.fa	20e9a1ab17e51162d00afb22267b8901a3169590b3a051057b5f23d7d127db80	>NA20806_hap1_hprc_r2_v1.0.1_HML-2_7p22.1_MULTI assembly_coords:NA20806#1#CM102443.1:4728875-4771424 genomic_strand:-	NA20806#1#CM102443.1:4728981-4738439	0	32985	42444	9459	b97b6d6eabee68b514df3ead9c7da93ff4538292c5646b663f511e6d6b9b1abf	type2
7p22.1	NA20806	h2	NA20806_hap2_hprc_r2_v1.0.1_HML-2_7p22.1_MULTI	1	2	NA20806_hap2_hprc_r2_v1.0.1_HML-2_7p22.1_MULTI_part1	historical_source/Documents/HML2_project_data/processed_loci/HML-2_7p22.1/NA20806_hap2_hprc_r2_v1.0.1_HML-2_7p22.1.fa	8f1deee490d67ded232f56953c5f01b4be8064c3b3e479752d3dbaf6e46a7b37	>NA20806_hap2_hprc_r2_v1.0.1_HML-2_7p22.1_MULTI assembly_coords:NA20806#2#CM102497.1:4708236-4750838 genomic_strand:-	NA20806#2#CM102497.1:4716846-4726304	0	24534	33993	9459	7059031f69f9c140422cc89d63a68f4fc187b9cc750e0c15c126cad3f1fa97d4	type2
7p22.1	NA20806	h2	NA20806_hap2_hprc_r2_v1.0.1_HML-2_7p22.1_MULTI	2	2	NA20806_hap2_hprc_r2_v1.0.1_HML-2_7p22.1_MULTI_part2	historical_source/Documents/HML2_project_data/processed_loci/HML-2_7p22.1/NA20806_hap2_hprc_r2_v1.0.1_HML-2_7p22.1.fa	8f1deee490d67ded232f56953c5f01b4be8064c3b3e479752d3dbaf6e46a7b37	>NA20806_hap2_hprc_r2_v1.0.1_HML-2_7p22.1_MULTI assembly_coords:NA20806#2#CM102497.1:4708236-4750838 genomic_strand:-	NA20806#2#CM102497.1:4708342-4717800	0	33038	42497	9459	274ebf0106bf05749cb46271241eeb97cf86e00ca6003bf46f122e163ab9ad09	type2
7p22.1	NA20827	h1	NA20827_hap1_hprc_r2_v1.0.1_HML-2_7p22.1_MULTI	1	2	NA20827_hap1_hprc_r2_v1.0.1_HML-2_7p22.1_MULTI_part1	historical_source/Documents/HML2_project_data/processed_loci/HML-2_7p22.1/NA20827_hap1_hprc_r2_v1.0.1_HML-2_7p22.1.fa	97c18e68961b8bc30f642db0133fb1f278d7975202846ec0f2c9141a7b2088c2	>NA20827_hap1_hprc_r2_v1.0.1_HML-2_7p22.1_MULTI assembly_coords:NA20827#1#CM102545.1:4729406-4771950 genomic_strand:-	NA20827#1#CM102545.1:4738016-4747474	0	24476	33935	9459	86bb2d96b729ee855ec40bcd2d21bed9b30f525c64fc64a9eb58fef202252b1f	type2
7p22.1	NA20827	h1	NA20827_hap1_hprc_r2_v1.0.1_HML-2_7p22.1_MULTI	2	2	NA20827_hap1_hprc_r2_v1.0.1_HML-2_7p22.1_MULTI_part2	historical_source/Documents/HML2_project_data/processed_loci/HML-2_7p22.1/NA20827_hap1_hprc_r2_v1.0.1_HML-2_7p22.1.fa	97c18e68961b8bc30f642db0133fb1f278d7975202846ec0f2c9141a7b2088c2	>NA20827_hap1_hprc_r2_v1.0.1_HML-2_7p22.1_MULTI assembly_coords:NA20827#1#CM102545.1:4729406-4771950 genomic_strand:-	NA20827#1#CM102545.1:4729512-4738970	0	32980	42439	9459	274ebf0106bf05749cb46271241eeb97cf86e00ca6003bf46f122e163ab9ad09	type2
7p22.1	NA20847	h1	NA20847_h1_HML-2_7p22.1_graph_hgsvc3-2024-02-23-mc-chm13_MULTI	1	2	NA20847_h1_HML-2_7p22.1_graph_hgsvc3-2024-02-23-mc-chm13_MULTI_part1	historical_source/Documents/HML2_project_data/hgsvc3-2024-02-23-mc-chm13/HML-2_7p22.1/NA20847_h1_HML-2_7p22.1_graph_hgsvc3-2024-02-23-mc-chm13.fa	89637833b5488ff55c63b4ba26458c54f70c6afcf2f5a293e44088512ed7fa6c	>NA20847_h1_HML-2_7p22.1_graph_hgsvc3-2024-02-23-mc-chm13_MULTI|NA20847#1#haplotype1-0000041#0:55800462-55918715 genomic_strand:-	NA20847#1#haplotype1-0000041#0:55908651-55918108	500	107	9565	9458	8b01933a350f0aa1c59483e8de0972b0fcb343daabc70a8318fcf56c6dc0d1f8	type2
7p22.1	NA20847	h1	NA20847_h1_HML-2_7p22.1_graph_hgsvc3-2024-02-23-mc-chm13_MULTI	2	2	NA20847_h1_HML-2_7p22.1_graph_hgsvc3-2024-02-23-mc-chm13_MULTI_part2	historical_source/Documents/HML2_project_data/hgsvc3-2024-02-23-mc-chm13/HML-2_7p22.1/NA20847_h1_HML-2_7p22.1_graph_hgsvc3-2024-02-23-mc-chm13.fa	89637833b5488ff55c63b4ba26458c54f70c6afcf2f5a293e44088512ed7fa6c	>NA20847_h1_HML-2_7p22.1_graph_hgsvc3-2024-02-23-mc-chm13_MULTI|NA20847#1#haplotype1-0000041#0:55800462-55918715 genomic_strand:-	NA20847#1#haplotype1-0000041#0:55900147-55909605	500	8610	18069	9459	e4da7b39b22bbafe83d41b72798c79d120473841b431880fda5c5c93e987d2e2	type2
7p22.1	NA20850	h1	NA20850_hap1_hprc_r2_v1.0.1_HML-2_7p22.1_MULTI	1	2	NA20850_hap1_hprc_r2_v1.0.1_HML-2_7p22.1_MULTI_part1	historical_source/Documents/HML2_project_data/processed_loci/HML-2_7p22.1/NA20850_hap1_hprc_r2_v1.0.1_HML-2_7p22.1.fa	51668226b2db1303f7e1367cd25beb7e86f4d081288b8898a7b357b777cbbfa6	>NA20850_hap1_hprc_r2_v1.0.1_HML-2_7p22.1_MULTI assembly_coords:NA20850#1#CM094294.1:4695076-4737621 genomic_strand:-	NA20850#1#CM094294.1:4703686-4713143	0	24478	33936	9458	6d640f4eda8153695d105638b67e5e999994d24ae1de12e487e11721a51c826f	type2
7p22.1	NA20850	h1	NA20850_hap1_hprc_r2_v1.0.1_HML-2_7p22.1_MULTI	2	2	NA20850_hap1_hprc_r2_v1.0.1_HML-2_7p22.1_MULTI_part2	historical_source/Documents/HML2_project_data/processed_loci/HML-2_7p22.1/NA20850_hap1_hprc_r2_v1.0.1_HML-2_7p22.1.fa	51668226b2db1303f7e1367cd25beb7e86f4d081288b8898a7b357b777cbbfa6	>NA20850_hap1_hprc_r2_v1.0.1_HML-2_7p22.1_MULTI assembly_coords:NA20850#1#CM094294.1:4695076-4737621 genomic_strand:-	NA20850#1#CM094294.1:4695182-4704640	0	32981	42440	9459	ef149ee2615dcd6df5f1032b33d86faf7dd9fb82d132c2aeea00971a00d2b5bc	type2
7p22.1	NA21102	h1	NA21102_hap1_hprc_r2_v1.0.1_HML-2_7p22.1_MULTI	1	2	NA21102_hap1_hprc_r2_v1.0.1_HML-2_7p22.1_MULTI_part1	historical_source/Documents/HML2_project_data/processed_loci/HML-2_7p22.1/NA21102_hap1_hprc_r2_v1.0.1_HML-2_7p22.1.fa	5a9fe7fad28d0fd6d1b11805dc2077da5d4647e2a8b26ef2568c3f6e5e59c9eb	>NA21102_hap1_hprc_r2_v1.0.1_HML-2_7p22.1_MULTI assembly_coords:NA21102#1#CM094428.1:4747429-4790035 genomic_strand:-	NA21102#1#CM094428.1:4756039-4765497	0	24538	33997	9459	7059031f69f9c140422cc89d63a68f4fc187b9cc750e0c15c126cad3f1fa97d4	type2
7p22.1	NA21102	h1	NA21102_hap1_hprc_r2_v1.0.1_HML-2_7p22.1_MULTI	2	2	NA21102_hap1_hprc_r2_v1.0.1_HML-2_7p22.1_MULTI_part2	historical_source/Documents/HML2_project_data/processed_loci/HML-2_7p22.1/NA21102_hap1_hprc_r2_v1.0.1_HML-2_7p22.1.fa	5a9fe7fad28d0fd6d1b11805dc2077da5d4647e2a8b26ef2568c3f6e5e59c9eb	>NA21102_hap1_hprc_r2_v1.0.1_HML-2_7p22.1_MULTI assembly_coords:NA21102#1#CM094428.1:4747429-4790035 genomic_strand:-	NA21102#1#CM094428.1:4747535-4756993	0	33042	42501	9459	274ebf0106bf05749cb46271241eeb97cf86e00ca6003bf46f122e163ab9ad09	type2
7p22.1	NA21106	h1	NA21106_hap1_hprc_r2_v1.0.1_HML-2_7p22.1_MULTI	1	2	NA21106_hap1_hprc_r2_v1.0.1_HML-2_7p22.1_MULTI_part1	historical_source/Documents/HML2_project_data/processed_loci/HML-2_7p22.1/NA21106_hap1_hprc_r2_v1.0.1_HML-2_7p22.1.fa	b6d335183363194ea7e4877eb07f380a3f757710ca57bb8f7429d080013a27c7	>NA21106_hap1_hprc_r2_v1.0.1_HML-2_7p22.1_MULTI assembly_coords:NA21106#1#CM089557.1:4704040-4746629 genomic_strand:-	NA21106#1#CM089557.1:4712650-4722107	0	24522	33980	9458	d2b137001fd28570a05a6ec2c9c09394702ca7f2f3bcc8e06c3648172878c1ad	type2
7p22.1	NA21106	h1	NA21106_hap1_hprc_r2_v1.0.1_HML-2_7p22.1_MULTI	2	2	NA21106_hap1_hprc_r2_v1.0.1_HML-2_7p22.1_MULTI_part2	historical_source/Documents/HML2_project_data/processed_loci/HML-2_7p22.1/NA21106_hap1_hprc_r2_v1.0.1_HML-2_7p22.1.fa	b6d335183363194ea7e4877eb07f380a3f757710ca57bb8f7429d080013a27c7	>NA21106_hap1_hprc_r2_v1.0.1_HML-2_7p22.1_MULTI assembly_coords:NA21106#1#CM089557.1:4704040-4746629 genomic_strand:-	NA21106#1#CM089557.1:4704146-4713604	0	33025	42484	9459	f5d123e2c395884a2dd274a80279142ef8ec70c44b72cfddc57b8a5aa5e898ee	type2
7p22.1	NA21110	h2	NA21110_hap2_hprc_r2_v1.0.1_HML-2_7p22.1_MULTI	1	3	NA21110_hap2_hprc_r2_v1.0.1_HML-2_7p22.1_MULTI_part1	historical_source/Documents/HML2_project_data/processed_loci/HML-2_7p22.1/NA21110_hap2_hprc_r2_v1.0.1_HML-2_7p22.1.fa	49392b2f256ba804d2cc580d011dcd4ec78c8c77e61e03a3b8ec49dccd41e59c	>NA21110_hap2_hprc_r2_v1.0.1_HML-2_7p22.1_MULTI assembly_coords:NA21110#2#JBHIJJ010000007.1:4702860-4753966 genomic_strand:-	NA21110#2#JBHIJJ010000007.1:4719974-4729431	0	24535	33993	9458	8ec075a3001cbafae3c31852716b31c2bd5a332d90c0cd5656ba7a6f049513c2	type2
7p22.1	NA21110	h2	NA21110_hap2_hprc_r2_v1.0.1_HML-2_7p22.1_MULTI	2	3	NA21110_hap2_hprc_r2_v1.0.1_HML-2_7p22.1_MULTI_part2	historical_source/Documents/HML2_project_data/processed_loci/HML-2_7p22.1/NA21110_hap2_hprc_r2_v1.0.1_HML-2_7p22.1.fa	49392b2f256ba804d2cc580d011dcd4ec78c8c77e61e03a3b8ec49dccd41e59c	>NA21110_hap2_hprc_r2_v1.0.1_HML-2_7p22.1_MULTI assembly_coords:NA21110#2#JBHIJJ010000007.1:4702860-4753966 genomic_strand:-	NA21110#2#JBHIJJ010000007.1:4711470-4720928	0	33038	42497	9459	e4a995a8c768e07284abf18b5490d018bfd91e4134af5635ad8b26f2734b9953	type2
7p22.1	NA21110	h2	NA21110_hap2_hprc_r2_v1.0.1_HML-2_7p22.1_MULTI	3	3	NA21110_hap2_hprc_r2_v1.0.1_HML-2_7p22.1_MULTI_part3	historical_source/Documents/HML2_project_data/processed_loci/HML-2_7p22.1/NA21110_hap2_hprc_r2_v1.0.1_HML-2_7p22.1.fa	49392b2f256ba804d2cc580d011dcd4ec78c8c77e61e03a3b8ec49dccd41e59c	>NA21110_hap2_hprc_r2_v1.0.1_HML-2_7p22.1_MULTI assembly_coords:NA21110#2#JBHIJJ010000007.1:4702860-4753966 genomic_strand:-	NA21110#2#JBHIJJ010000007.1:4702966-4712424	0	41542	51001	9459	ce8bb18c230205cffd30e1bb3cbcf400cf13f323e3b09a95407a7f934a54f901	type2
7p22.1	NA21309	pat	NA21309_pat_hprc_r2_v1.0.1_HML-2_7p22.1_MULTI	1	2	NA21309_pat_hprc_r2_v1.0.1_HML-2_7p22.1_MULTI_part1	historical_source/Documents/HML2_project_data/processed_loci/HML-2_7p22.1/NA21309_pat_hprc_r2_v1.0.1_HML-2_7p22.1.fa	e27c151a06be611623a266856b0f650db499bd1ca6f88f5d46dc259f1c893330	>NA21309_pat_hprc_r2_v1.0.1_HML-2_7p22.1_MULTI assembly_coords:NA21309#1#CM092110.1:4715926-4758497 genomic_strand:-	NA21309#1#CM092110.1:4724536-4733994	0	24503	33962	9459	4565c261ace1ce328dc86549c8b635522e5afc5798d82930cb30b577129ea96b	type2
7p22.1	NA21309	pat	NA21309_pat_hprc_r2_v1.0.1_HML-2_7p22.1_MULTI	2	2	NA21309_pat_hprc_r2_v1.0.1_HML-2_7p22.1_MULTI_part2	historical_source/Documents/HML2_project_data/processed_loci/HML-2_7p22.1/NA21309_pat_hprc_r2_v1.0.1_HML-2_7p22.1.fa	e27c151a06be611623a266856b0f650db499bd1ca6f88f5d46dc259f1c893330	>NA21309_pat_hprc_r2_v1.0.1_HML-2_7p22.1_MULTI assembly_coords:NA21309#1#CM092110.1:4715926-4758497 genomic_strand:-	NA21309#1#CM092110.1:4716032-4725490	0	33007	42466	9459	62a4d7b87ea7938e0fb5844eae25b03df088455503ef461e15de42aa8304fb1c	type2
