ID_Full	Locus	orig_Locus	ID	Haplotype	Source_Identifier	physical_locus_assignment	Structure	query	path	header	source_sha256
HG00096_h2_HML-2_Xq28a_graph_hgsvc3-2024-02-23-mc-chm13	HML-2_Xq28a	HML-2_Xq28a	HG00096	h2	HG00096#2#haplotype2-0000123#0:151366010-151405824	Xq28a	Fragment	q5927	historical_source/Documents/HML2_project_data/hgsvc3-2024-02-23-mc-chm13/HML-2_Xq28a/HG00096_h2_HML-2_Xq28a_graph_hgsvc3-2024-02-23-mc-chm13.fa	HG00096_h2_HML-2_Xq28a_graph_hgsvc3-2024-02-23-mc-chm13|HG00096#2#haplotype2-0000123#0:151366010-151405824 genomic_strand:-	c4019aca95b060f1c49ec98437302e09dbc4a262807f02e72a1aca85444cfdda
HG00099_hap2_hprc_r2_v1.0.1_HML-2_Xq28a	HML-2_Xq28a	HML-2_Xq28a	HG00099	h2	HG00099#2#JBHDWP010000001.1:102140674-102148333	Xq28a	Fragment	q5928	historical_source/Documents/HML2_project_data/processed_loci/HML-2_Xq28a/HG00099_hap2_hprc_r2_v1.0.1_HML-2_Xq28a.fa	HG00099_hap2_hprc_r2_v1.0.1_HML-2_Xq28a assembly_coords:HG00099#2#JBHDWP010000001.1:102141174-102147833 genomic_strand:+	35d520233a95581ee353d96509249089a163b0648f190163b176a97ccb3c220d
HG00146_hap1_hprc_r2_v1.0.1_HML-2_Xq28a	HML-2_Xq28a	HML-2_Xq28a	HG00146	h1	HG00146#1#JBHIKO010000007.1:154020135-154027794	Xq28a	Fragment	q5929	historical_source/Documents/HML2_project_data/processed_loci/HML-2_Xq28a/HG00146_hap1_hprc_r2_v1.0.1_HML-2_Xq28a.fa	HG00146_hap1_hprc_r2_v1.0.1_HML-2_Xq28a assembly_coords:HG00146#1#JBHIKO010000007.1:154020635-154027294 genomic_strand:+	07fcc8a3f414900564b5931733b5890e5eba57f5cb5be836599426b9254f3c23
HG00146_hap2_hprc_r2_v1.0.1_HML-2_Xq28a	HML-2_Xq28a	HML-2_Xq28a	HG00146	h2	HG00146#2#CM090044.1:153796055-153803717	Xq28a	Fragment	q5930	historical_source/Documents/HML2_project_data/processed_loci/HML-2_Xq28a/HG00146_hap2_hprc_r2_v1.0.1_HML-2_Xq28a.fa	HG00146_hap2_hprc_r2_v1.0.1_HML-2_Xq28a assembly_coords:HG00146#2#CM090044.1:153796555-153803217 genomic_strand:+	94bb348fd496f85094e04a43408a4b3614a0e4bc8143d2b96c0904109cca12fa
HG00171_h1_HML-2_Xq28a_graph_hgsvc3-2024-02-23-mc-chm13	HML-2_Xq28a	HML-2_Xq28a	HG00171	h1	HG00171#1#haplotype1-0000001#0:152431294-152471124	Xq28a	Fragment	q5931	historical_source/Documents/HML2_project_data/hgsvc3-2024-02-23-mc-chm13/HML-2_Xq28a/HG00171_h1_HML-2_Xq28a_graph_hgsvc3-2024-02-23-mc-chm13.fa	HG00171_h1_HML-2_Xq28a_graph_hgsvc3-2024-02-23-mc-chm13|HG00171#1#haplotype1-0000001#0:152431294-152471124 genomic_strand:+	3b3b3153cec52eba33f2c47f8916760e97791bb207c6a96e256617c0be1d7423
HG00171_h2_HML-2_Xq28a_graph_hgsvc3-2024-02-23-mc-chm13	HML-2_Xq28a	HML-2_Xq28a	HG00171	h2	HG00171#2#haplotype2-0000138#0:151283061-151322874	Xq28a	Fragment	q5932	historical_source/Documents/HML2_project_data/hgsvc3-2024-02-23-mc-chm13/HML-2_Xq28a/HG00171_h2_HML-2_Xq28a_graph_hgsvc3-2024-02-23-mc-chm13.fa	HG00171_h2_HML-2_Xq28a_graph_hgsvc3-2024-02-23-mc-chm13|HG00171#2#haplotype2-0000138#0:151283061-151322874 genomic_strand:-	550761251792c0d036b82931da9a9452f4bad409c35bf6bc184ccee5362d1342
HG00253_hap1_hprc_r2_v1.0.1_HML-2_Xq28a	HML-2_Xq28a	HML-2_Xq28a	HG00253	h1	HG00253#1#CM094468.1:154299071-154306732	Xq28a	Fragment	q5933	historical_source/Documents/HML2_project_data/processed_loci/HML-2_Xq28a/HG00253_hap1_hprc_r2_v1.0.1_HML-2_Xq28a.fa	HG00253_hap1_hprc_r2_v1.0.1_HML-2_Xq28a assembly_coords:HG00253#1#CM094468.1:154299571-154306232 genomic_strand:+	c7646ff3bb810d493b7d09b02dd181102496631943f8b3fa2499c82cf0bbd865
HG00268_h1_HML-2_Xq28a_graph_hgsvc3-2024-02-23-mc-chm13	HML-2_Xq28a	HML-2_Xq28a	HG00268	h1	HG00268#1#haplotype1-0000008#0:1414179-1453991	Xq28a	Fragment	q5934	historical_source/Documents/HML2_project_data/hgsvc3-2024-02-23-mc-chm13/HML-2_Xq28a/HG00268_h1_HML-2_Xq28a_graph_hgsvc3-2024-02-23-mc-chm13.fa	HG00268_h1_HML-2_Xq28a_graph_hgsvc3-2024-02-23-mc-chm13|HG00268#1#haplotype1-0000008#0:1414179-1453991 genomic_strand:-	a09045309b76666f46dca8ecfad4be4f4fbf777bb5bd2a568e0d349834e8a338
HG00268_h2_HML-2_Xq28a_graph_hgsvc3-2024-02-23-mc-chm13	HML-2_Xq28a	HML-2_Xq28a	HG00268	h2	HG00268#2#haplotype2-0000055#0:755645-795466	Xq28a	Fragment	q5935	historical_source/Documents/HML2_project_data/hgsvc3-2024-02-23-mc-chm13/HML-2_Xq28a/HG00268_h2_HML-2_Xq28a_graph_hgsvc3-2024-02-23-mc-chm13.fa	HG00268_h2_HML-2_Xq28a_graph_hgsvc3-2024-02-23-mc-chm13|HG00268#2#haplotype2-0000055#0:755645-795466 genomic_strand:-	1c889acc41277d799e26b674de966bcb60d6a47260dc5a9b33033b2ddb9560b9
HG00272_hap1_hprc_r2_v1.0.1_HML-2_Xq28a	HML-2_Xq28a	HML-2_Xq28a	HG00272	h1	HG00272#1#JBIRDN010000009.1:66129839-66137500	Xq28a	Fragment	q5936	historical_source/Documents/HML2_project_data/processed_loci/HML-2_Xq28a/HG00272_hap1_hprc_r2_v1.0.1_HML-2_Xq28a.fa	HG00272_hap1_hprc_r2_v1.0.1_HML-2_Xq28a assembly_coords:HG00272#1#JBIRDN010000009.1:66130339-66137000 genomic_strand:+	d79edecc460a7034c022d9ec4287ada6730833fd0d28b18a4bf5dc0c230d53bf
HG00272_hap2_hprc_r2_v1.0.1_HML-2_Xq28a	HML-2_Xq28a	HML-2_Xq28a	HG00272	h2	HG00272#2#JBIRDO010000040.1:1423555-1431217	Xq28a	Fragment	q5937	historical_source/Documents/HML2_project_data/processed_loci/HML-2_Xq28a/HG00272_hap2_hprc_r2_v1.0.1_HML-2_Xq28a.fa	HG00272_hap2_hprc_r2_v1.0.1_HML-2_Xq28a assembly_coords:HG00272#2#JBIRDO010000040.1:1424055-1430717 genomic_strand:+	dd6df42c773227759a8735b49bdddc21f5d13c67da0849db0220ecfcbeee79dd
HG00290_hap2_hprc_r2_v1.0.1_HML-2_Xq28a	HML-2_Xq28a	HML-2_Xq28a	HG00290	h2	HG00290#2#CM090012.1:153758292-153765954	Xq28a	Fragment	q5938	historical_source/Documents/HML2_project_data/processed_loci/HML-2_Xq28a/HG00290_hap2_hprc_r2_v1.0.1_HML-2_Xq28a.fa	HG00290_hap2_hprc_r2_v1.0.1_HML-2_Xq28a assembly_coords:HG00290#2#CM090012.1:153758792-153765454 genomic_strand:+	0fe815c82a0c6cfce2e9fa9fa9cf6c10f249e0cb44cd314647ce6c1153ec4cee
HG00320_hap2_hprc_r2_v1.0.1_HML-2_Xq28a	HML-2_Xq28a	HML-2_Xq28a	HG00320	h2	HG00320#2#CM089977.1:153049161-153056822	Xq28a	Fragment	q5939	historical_source/Documents/HML2_project_data/processed_loci/HML-2_Xq28a/HG00320_hap2_hprc_r2_v1.0.1_HML-2_Xq28a.fa	HG00320_hap2_hprc_r2_v1.0.1_HML-2_Xq28a assembly_coords:HG00320#2#CM089977.1:153049661-153056322 genomic_strand:+	f1fb2ba76105f7cfb5ea54a4cb9c56bbdadbb75bfa8cb823d530af02ee5df6a8
HG00321_hap2_hprc_r2_v1.0.1_HML-2_Xq28a	HML-2_Xq28a	HML-2_Xq28a	HG00321	h2	HG00321#2#JBHIIZ010000015.1:7719385-7727044	Xq28a	Fragment	q5940	historical_source/Documents/HML2_project_data/processed_loci/HML-2_Xq28a/HG00321_hap2_hprc_r2_v1.0.1_HML-2_Xq28a.fa	HG00321_hap2_hprc_r2_v1.0.1_HML-2_Xq28a assembly_coords:HG00321#2#JBHIIZ010000015.1:7719885-7726544 genomic_strand:+	7d6f68a6faa46ce080714484e91de8175d0f65a597a4178850068ca74b6d5d3f
HG00329_hap2_hprc_r2_v1.0.1_HML-2_Xq28a	HML-2_Xq28a	HML-2_Xq28a	HG00329	h2	HG00329#2#JBIRDQ010000045.1:97784721-97792380	Xq28a	Fragment	q5941	historical_source/Documents/HML2_project_data/processed_loci/HML-2_Xq28a/HG00329_hap2_hprc_r2_v1.0.1_HML-2_Xq28a.fa	HG00329_hap2_hprc_r2_v1.0.1_HML-2_Xq28a assembly_coords:HG00329#2#JBIRDQ010000045.1:97785221-97791880 genomic_strand:+	29ed40e2a03523c176b3a7c75f5b2378605e36a13877060a3960950966b6425a
HG00358_h2_HML-2_Xq28a_graph_hgsvc3-2024-02-23-mc-chm13	HML-2_Xq28a	HML-2_Xq28a	HG00358	h2	HG00358#2#haplotype2-0000099#0:1418409-1458221	Xq28a	Fragment	q5942	historical_source/Documents/HML2_project_data/hgsvc3-2024-02-23-mc-chm13/HML-2_Xq28a/HG00358_h2_HML-2_Xq28a_graph_hgsvc3-2024-02-23-mc-chm13.fa	HG00358_h2_HML-2_Xq28a_graph_hgsvc3-2024-02-23-mc-chm13|HG00358#2#haplotype2-0000099#0:1418409-1458221 genomic_strand:-	9041338ab1019aefe6227ff8b44aa579413873d17daced9525393135bf56d9fe
HG00438_mat_hprc_r2_v1.0.1_HML-2_Xq28a	HML-2_Xq28a	HML-2_Xq28a	HG00438	mat	HG00438#2#JAHBCA020000051.1:91617368-91625027	Xq28a	Fragment	q5943	historical_source/Documents/HML2_project_data/processed_loci/HML-2_Xq28a/HG00438_mat_hprc_r2_v1.0.1_HML-2_Xq28a.fa	HG00438_mat_hprc_r2_v1.0.1_HML-2_Xq28a assembly_coords:HG00438#2#JAHBCA020000051.1:91617868-91624527 genomic_strand:+	09815b3ddf3ef00f08b648cad52b22f267cfbf7a76efad40f5dd4b6daa45ba7e
HG00512_h2_HML-2_Xq28a_graph_hgsvc3-2024-02-23-mc-chm13	HML-2_Xq28a	HML-2_Xq28a	HG00512	h2	HG00512#2#haplotype2-0000269#0:1408485-1448298	Xq28a	Fragment	q5944	historical_source/Documents/HML2_project_data/hgsvc3-2024-02-23-mc-chm13/HML-2_Xq28a/HG00512_h2_HML-2_Xq28a_graph_hgsvc3-2024-02-23-mc-chm13.fa	HG00512_h2_HML-2_Xq28a_graph_hgsvc3-2024-02-23-mc-chm13|HG00512#2#haplotype2-0000269#0:1408485-1448298 genomic_strand:+	936107cba5be483df7886c4a655618bcdc7896e93e93dc083bdf071934d3fa02
HG00513_h1_HML-2_Xq28a_graph_hgsvc3-2024-02-23-mc-chm13	HML-2_Xq28a	HML-2_Xq28a	HG00513	h1	HG00513#1#haplotype1-0000004#0:1411996-1451807	Xq28a	Fragment	q5945	historical_source/Documents/HML2_project_data/hgsvc3-2024-02-23-mc-chm13/HML-2_Xq28a/HG00513_h1_HML-2_Xq28a_graph_hgsvc3-2024-02-23-mc-chm13.fa	HG00513_h1_HML-2_Xq28a_graph_hgsvc3-2024-02-23-mc-chm13|HG00513#1#haplotype1-0000004#0:1411996-1451807 genomic_strand:-	c00372687428dd9ed5f621729936cd9dd1d905af5a0f1faa7cabb161deacabe6
HG00513_h2_HML-2_Xq28a_graph_hgsvc3-2024-02-23-mc-chm13	HML-2_Xq28a	HML-2_Xq28a	HG00513	h2	HG00513#2#haplotype2-0000091#0:1420619-1460434	Xq28a	Fragment	q5946	historical_source/Documents/HML2_project_data/hgsvc3-2024-02-23-mc-chm13/HML-2_Xq28a/HG00513_h2_HML-2_Xq28a_graph_hgsvc3-2024-02-23-mc-chm13.fa	HG00513_h2_HML-2_Xq28a_graph_hgsvc3-2024-02-23-mc-chm13|HG00513#2#haplotype2-0000091#0:1420619-1460434 genomic_strand:-	1380bb837000055e582a0ea7e03ad38d082226f690c16b01c599468d442adceb
HG00514_h1_HML-2_Xq28a_graph_hgsvc3-2024-02-23-mc-chm13	HML-2_Xq28a	HML-2_Xq28a	HG00514	h1	HG00514#1#haplotype1-0000023#0:51571369-51611180	Xq28a	Fragment	q5947	historical_source/Documents/HML2_project_data/hgsvc3-2024-02-23-mc-chm13/HML-2_Xq28a/HG00514_h1_HML-2_Xq28a_graph_hgsvc3-2024-02-23-mc-chm13.fa	HG00514_h1_HML-2_Xq28a_graph_hgsvc3-2024-02-23-mc-chm13|HG00514#1#haplotype1-0000023#0:51571369-51611180 genomic_strand:-	28455f074985c25026767bc93375fd50f6d0bb9d9959efbbee4617d9ede6072a
HG00514_h2_HML-2_Xq28a_graph_hgsvc3-2024-02-23-mc-chm13	HML-2_Xq28a	HML-2_Xq28a	HG00514	h2	HG00514#2#haplotype2-0000148#0:1130168-1169983	Xq28a	Fragment	q5948	historical_source/Documents/HML2_project_data/hgsvc3-2024-02-23-mc-chm13/HML-2_Xq28a/HG00514_h2_HML-2_Xq28a_graph_hgsvc3-2024-02-23-mc-chm13.fa	HG00514_h2_HML-2_Xq28a_graph_hgsvc3-2024-02-23-mc-chm13|HG00514#2#haplotype2-0000148#0:1130168-1169983 genomic_strand:+	5ae29e1b6d119e45066bba7c6492e66694be781cfa7024dba0c73cde0e7fe474
HG00544_pat_hprc_r2_v1.0.1_HML-2_Xq28a	HML-2_Xq28a	HML-2_Xq28a	HG00544	pat	HG00544#1#CM089382.1:152544321-152551982	Xq28a	Fragment	q5949	historical_source/Documents/HML2_project_data/processed_loci/HML-2_Xq28a/HG00544_pat_hprc_r2_v1.0.1_HML-2_Xq28a.fa	HG00544_pat_hprc_r2_v1.0.1_HML-2_Xq28a assembly_coords:HG00544#1#CM089382.1:152544821-152551482 genomic_strand:+	3f2cf98bdd265de90ba50d6e4d1936de05b500f6071e414f3f94ed6a300ea0f0
HG00558_pat_hprc_r2_v1.0.1_HML-2_Xq28a	HML-2_Xq28a	HML-2_Xq28a	HG00558	pat	HG00558#1#CM088504.1:152344603-152352265	Xq28a	Fragment	q5950	historical_source/Documents/HML2_project_data/processed_loci/HML-2_Xq28a/HG00558_pat_hprc_r2_v1.0.1_HML-2_Xq28a.fa	HG00558_pat_hprc_r2_v1.0.1_HML-2_Xq28a assembly_coords:HG00558#1#CM088504.1:152345103-152351765 genomic_strand:+	9ac541cd35f597c3286d609be96f922a9473de1ae74f7cb08cf33026a8589226
HG00731_h1_HML-2_Xq28a_graph_hgsvc3-2024-02-23-mc-chm13	HML-2_Xq28a	HML-2_Xq28a	HG00731	h1	HG00731#1#haplotype1-0000002#0:38611675-38651487	Xq28a	Fragment	q5951	historical_source/Documents/HML2_project_data/hgsvc3-2024-02-23-mc-chm13/HML-2_Xq28a/HG00731_h1_HML-2_Xq28a_graph_hgsvc3-2024-02-23-mc-chm13.fa	HG00731_h1_HML-2_Xq28a_graph_hgsvc3-2024-02-23-mc-chm13|HG00731#1#haplotype1-0000002#0:38611675-38651487 genomic_strand:-	4b47b3c2771e18032a27a79afb83b9fd4d910110f0312a6d3eacef20098cc586
HG00732_h2_HML-2_Xq28a_graph_hgsvc3-2024-02-23-mc-chm13	HML-2_Xq28a	HML-2_Xq28a	HG00732	h2	HG00732#2#haplotype2-0000113#0:764563-804381	Xq28a	Fragment	q5952	historical_source/Documents/HML2_project_data/hgsvc3-2024-02-23-mc-chm13/HML-2_Xq28a/HG00732_h2_HML-2_Xq28a_graph_hgsvc3-2024-02-23-mc-chm13.fa	HG00732_h2_HML-2_Xq28a_graph_hgsvc3-2024-02-23-mc-chm13|HG00732#2#haplotype2-0000113#0:764563-804381 genomic_strand:-	abd91dcaebed6381488f5c288796858716b7515f295fc72db2f73371db7f5715
HG00864_h1_HML-2_Xq28a_graph_hgsvc3-2024-02-23-mc-chm13	HML-2_Xq28a	HML-2_Xq28a	HG00864	h1	HG00864#1#haplotype1-0000004#0:18776750-18816567	Xq28a	Fragment	q5953	historical_source/Documents/HML2_project_data/hgsvc3-2024-02-23-mc-chm13/HML-2_Xq28a/HG00864_h1_HML-2_Xq28a_graph_hgsvc3-2024-02-23-mc-chm13.fa	HG00864_h1_HML-2_Xq28a_graph_hgsvc3-2024-02-23-mc-chm13|HG00864#1#haplotype1-0000004#0:18776750-18816567 genomic_strand:+	93b7fd794ca3a5b7d2acbe76c7beeec1154b214594c9344534a6122a5c9a1d7d
HG00864_h2_HML-2_Xq28a_graph_hgsvc3-2024-02-23-mc-chm13	HML-2_Xq28a	HML-2_Xq28a	HG00864	h2	HG00864#2#haplotype2-0000080#0:1408093-1447906	Xq28a	Fragment	q5954	historical_source/Documents/HML2_project_data/hgsvc3-2024-02-23-mc-chm13/HML-2_Xq28a/HG00864_h2_HML-2_Xq28a_graph_hgsvc3-2024-02-23-mc-chm13.fa	HG00864_h2_HML-2_Xq28a_graph_hgsvc3-2024-02-23-mc-chm13|HG00864#2#haplotype2-0000080#0:1408093-1447906 genomic_strand:+	f2b249157d8d13532e55b999b0fecbfbaff4c0aa18d85537db917e02d2d55f27
HG01106_mat_hprc_r2_v1.0.1_HML-2_Xq28a	HML-2_Xq28a	HML-2_Xq28a	HG01106	mat	HG01106#2#JAHAMB020000021.1:13578799-13586460	Xq28a	Fragment	q5955	historical_source/Documents/HML2_project_data/processed_loci/HML-2_Xq28a/HG01106_mat_hprc_r2_v1.0.1_HML-2_Xq28a.fa	HG01106_mat_hprc_r2_v1.0.1_HML-2_Xq28a assembly_coords:HG01106#2#JAHAMB020000021.1:13579299-13585960 genomic_strand:+	49b5b7884179ba6c09b4a16bb41757863936ebc5ca23137fd7db637790e7d87d
HG01109_mat_hprc_r2_v1.0.1_HML-2_Xq28a	HML-2_Xq28a	HML-2_Xq28a	HG01109	mat	HG01109#2#JAHEOZ020000019.1:7752073-7759732	Xq28a	Fragment	q5956	historical_source/Documents/HML2_project_data/processed_loci/HML-2_Xq28a/HG01109_mat_hprc_r2_v1.0.1_HML-2_Xq28a.fa	HG01109_mat_hprc_r2_v1.0.1_HML-2_Xq28a assembly_coords:HG01109#2#JAHEOZ020000019.1:7752573-7759232 genomic_strand:+	cff4243fc34d494f9fe76a0f82f31d82da6a1109be65edbaeadcab722d74a55a
HG01123_pat_hprc_r2_v1.0.1_HML-2_Xq28a	HML-2_Xq28a	HML-2_Xq28a	HG01123	pat	HG01123#1#CM089094.1:153574663-153582322	Xq28a	Fragment	q5957	historical_source/Documents/HML2_project_data/processed_loci/HML-2_Xq28a/HG01123_pat_hprc_r2_v1.0.1_HML-2_Xq28a.fa	HG01123_pat_hprc_r2_v1.0.1_HML-2_Xq28a assembly_coords:HG01123#1#CM089094.1:153575163-153581822 genomic_strand:+	9df95fdc8ec8244a2c6bb5f73943785a7dbec93888dce4d1df77bf9714020385
HG01150_mat_hprc_r2_v1.0.1_HML-2_Xq28a	HML-2_Xq28a	HML-2_Xq28a	HG01150	mat	HG01150#2#CM088627.1:154014453-154022112	Xq28a	Fragment	q5958	historical_source/Documents/HML2_project_data/processed_loci/HML-2_Xq28a/HG01150_mat_hprc_r2_v1.0.1_HML-2_Xq28a.fa	HG01150_mat_hprc_r2_v1.0.1_HML-2_Xq28a assembly_coords:HG01150#2#CM088627.1:154014953-154021612 genomic_strand:+	d50e2ce40a33edfae64a4f632af41c8b968c5b578b8959c6d972f954eaf9567d
HG01175_mat_hprc_r2_v1.0.1_HML-2_Xq28a	HML-2_Xq28a	HML-2_Xq28a	HG01175	mat	HG01175#2#JAHALZ020000010.1:81585229-81592891	Xq28a	Fragment	q5959	historical_source/Documents/HML2_project_data/processed_loci/HML-2_Xq28a/HG01175_mat_hprc_r2_v1.0.1_HML-2_Xq28a.fa	HG01175_mat_hprc_r2_v1.0.1_HML-2_Xq28a assembly_coords:HG01175#2#JAHALZ020000010.1:81585729-81592391 genomic_strand:+	d05b403c7148d0c076c242903b1d029ec663b4378d7cec1f1caf03140047f8d1
HG01243_mat_hprc_r2_v1.0.1_HML-2_Xq28a	HML-2_Xq28a	HML-2_Xq28a	HG01243	mat	HG01243#2#JAHEOX020000066.1:7796790-7804449	Xq28a	Fragment	q5960	historical_source/Documents/HML2_project_data/processed_loci/HML-2_Xq28a/HG01243_mat_hprc_r2_v1.0.1_HML-2_Xq28a.fa	HG01243_mat_hprc_r2_v1.0.1_HML-2_Xq28a assembly_coords:HG01243#2#JAHEOX020000066.1:7797290-7803949 genomic_strand:+	119bf8a6f3313195b2e542df95212781e2561b01723a2e527d0a4e5de8c71810
HG01255_mat_hprc_r2_v1.0.1_HML-2_Xq28a	HML-2_Xq28a	HML-2_Xq28a	HG01255	mat	HG01255#2#CM086728.1:152892539-152900198	Xq28a	Fragment	q5961	historical_source/Documents/HML2_project_data/processed_loci/HML-2_Xq28a/HG01255_mat_hprc_r2_v1.0.1_HML-2_Xq28a.fa	HG01255_mat_hprc_r2_v1.0.1_HML-2_Xq28a assembly_coords:HG01255#2#CM086728.1:152893039-152899698 genomic_strand:+	a24d69205d6d7555784dce10d12080903758a5c81569902b3fd77c97fa34485e
HG01352_h1_HML-2_Xq28a_graph_hgsvc3-2024-02-23-mc-chm13	HML-2_Xq28a	HML-2_Xq28a	HG01352	h1	HG01352#1#haplotype1-0000034#0:1418176-1457989	Xq28a	Fragment	q5962	historical_source/Documents/HML2_project_data/hgsvc3-2024-02-23-mc-chm13/HML-2_Xq28a/HG01352_h1_HML-2_Xq28a_graph_hgsvc3-2024-02-23-mc-chm13.fa	HG01352_h1_HML-2_Xq28a_graph_hgsvc3-2024-02-23-mc-chm13|HG01352#1#haplotype1-0000034#0:1418176-1457989 genomic_strand:-	29296f36d5a8c49b1bf8812116672cf521412b2118e3df75a25788af95d06a66
HG01352_h2_HML-2_Xq28a_graph_hgsvc3-2024-02-23-mc-chm13	HML-2_Xq28a	HML-2_Xq28a	HG01352	h2	HG01352#2#haplotype2-0000156#0:1418177-1457990	Xq28a	Fragment	q5963	historical_source/Documents/HML2_project_data/hgsvc3-2024-02-23-mc-chm13/HML-2_Xq28a/HG01352_h2_HML-2_Xq28a_graph_hgsvc3-2024-02-23-mc-chm13.fa	HG01352_h2_HML-2_Xq28a_graph_hgsvc3-2024-02-23-mc-chm13|HG01352#2#haplotype2-0000156#0:1418177-1457990 genomic_strand:+	73f89ba3c9c4dd9d98ebaf1c887d8f5af8ceb9d16f3a969d7d32ef9f8db880a1
HG01358_mat_hprc_r2_v1.0.1_HML-2_Xq28a	HML-2_Xq28a	HML-2_Xq28a	HG01358	mat	HG01358#2#JAGYZA020000054.1:33525520-33533179	Xq28a	Fragment	q5964	historical_source/Documents/HML2_project_data/processed_loci/HML-2_Xq28a/HG01358_mat_hprc_r2_v1.0.1_HML-2_Xq28a.fa	HG01358_mat_hprc_r2_v1.0.1_HML-2_Xq28a assembly_coords:HG01358#2#JAGYZA020000054.1:33526020-33532679 genomic_strand:+	40b437bf57ab8f0a3d7cbe13f63de3c7c856bc2ad30911a58dd8f265a3d1cc58
HG01457_h1_HML-2_Xq28a_graph_hgsvc3-2024-02-23-mc-chm13	HML-2_Xq28a	HML-2_Xq28a	HG01457	h1	HG01457#1#haplotype1-0000029#0:1426160-1465977	Xq28a	Fragment	q5965	historical_source/Documents/HML2_project_data/hgsvc3-2024-02-23-mc-chm13/HML-2_Xq28a/HG01457_h1_HML-2_Xq28a_graph_hgsvc3-2024-02-23-mc-chm13.fa	HG01457_h1_HML-2_Xq28a_graph_hgsvc3-2024-02-23-mc-chm13|HG01457#1#haplotype1-0000029#0:1426160-1465977 genomic_strand:-	68bf7dd5ca6459601c238bd5536edd0b9ffd6a93cfcfc32e89f9b149973d41e8
HG01496_pat_hprc_r2_v1.0.1_HML-2_Xq28a	HML-2_Xq28a	HML-2_Xq28a	HG01496	pat	HG01496#1#JBHDRZ010000050.1:153891986-153899645	Xq28a	Fragment	q5966	historical_source/Documents/HML2_project_data/processed_loci/HML-2_Xq28b/HG01496_pat_hprc_r2_v1.0.1_HML-2_Xq28b.fa	HG01496_pat_hprc_r2_v1.0.1_HML-2_Xq28b assembly_coords:HG01496#1#JBHDRZ010000050.1:153892486-153899145 genomic_strand:-	775535754157e4f966c58feca5e0693caaf69e261a52ec7c0ba9148c858877bb
HG01505_h2_HML-2_Xq28a_graph_hgsvc3-2024-02-23-mc-chm13	HML-2_Xq28a	HML-2_Xq28a	HG01505	h2	HG01505#2#haplotype2-0000163#0:1412844-1452663	Xq28a	Fragment	q5967	historical_source/Documents/HML2_project_data/hgsvc3-2024-02-23-mc-chm13/HML-2_Xq28a/HG01505_h2_HML-2_Xq28a_graph_hgsvc3-2024-02-23-mc-chm13.fa	HG01505_h2_HML-2_Xq28a_graph_hgsvc3-2024-02-23-mc-chm13|HG01505#2#haplotype2-0000163#0:1412844-1452663 genomic_strand:+	1e7abad34e90612c35a8b2cdce22c630df9c7defee3fa98fca2ec964fa209078
HG01573_h1_HML-2_Xq28a_graph_hgsvc3-2024-02-23-mc-chm13	HML-2_Xq28a	HML-2_Xq28a	HG01573	h1	HG01573#1#haplotype1-0000026#0:153813525-153853341	Xq28a	Fragment	q5968	historical_source/Documents/HML2_project_data/hgsvc3-2024-02-23-mc-chm13/HML-2_Xq28a/HG01573_h1_HML-2_Xq28a_graph_hgsvc3-2024-02-23-mc-chm13.fa	HG01573_h1_HML-2_Xq28a_graph_hgsvc3-2024-02-23-mc-chm13|HG01573#1#haplotype1-0000026#0:153813525-153853341 genomic_strand:-	f27cf79ca43a8d88d72bed76d9b84d257b66e39da6b15f55184f5515ed15187d
HG01573_h2_HML-2_Xq28a_graph_hgsvc3-2024-02-23-mc-chm13	HML-2_Xq28a	HML-2_Xq28a	HG01573	h2	HG01573#2#haplotype2-0000104#0:153291359-153331171	Xq28a	Fragment	q5969	historical_source/Documents/HML2_project_data/hgsvc3-2024-02-23-mc-chm13/HML-2_Xq28a/HG01573_h2_HML-2_Xq28a_graph_hgsvc3-2024-02-23-mc-chm13.fa	HG01573_h2_HML-2_Xq28a_graph_hgsvc3-2024-02-23-mc-chm13|HG01573#2#haplotype2-0000104#0:153291359-153331171 genomic_strand:-	3e93e97a706ac472b798427d9d8eb0a136965341c22276a8e994c875789c7bc1
HG01596_h2_HML-2_Xq28a_graph_hgsvc3-2024-02-23-mc-chm13	HML-2_Xq28a	HML-2_Xq28a	HG01596	h2	HG01596#2#haplotype2-0000113#0:153764246-153804121	Xq28a	Fragment	q5970	historical_source/Documents/HML2_project_data/hgsvc3-2024-02-23-mc-chm13/HML-2_Xq28a/HG01596_h2_HML-2_Xq28a_graph_hgsvc3-2024-02-23-mc-chm13.fa	HG01596_h2_HML-2_Xq28a_graph_hgsvc3-2024-02-23-mc-chm13|HG01596#2#haplotype2-0000113#0:153764246-153804121 genomic_strand:+	e20b81232c76b9a2f6756bf6e00618138d14367994e42923d7a5c1ae55551424
HG01784_hap2_hprc_r2_v1.0.1_HML-2_Xq28a	HML-2_Xq28a	HML-2_Xq28a	HG01784	h2	HG01784#2#JBHDXI010000003.1:82677843-82685505	Xq28a	Fragment	q5971	historical_source/Documents/HML2_project_data/processed_loci/HML-2_Xq28a/HG01784_hap2_hprc_r2_v1.0.1_HML-2_Xq28a.fa	HG01784_hap2_hprc_r2_v1.0.1_HML-2_Xq28a assembly_coords:HG01784#2#JBHDXI010000003.1:82678343-82685005 genomic_strand:+	5f59bbdf00bac546920ae5a627e775f94acbd1f06e389c4ccd99942a9e7dc792
HG01786_hap2_hprc_r2_v1.0.1_HML-2_Xq28a	HML-2_Xq28a	HML-2_Xq28a	HG01786	h2	HG01786#2#JBHIIX010000011.1:100802552-100810214	Xq28a	Fragment	q5972	historical_source/Documents/HML2_project_data/processed_loci/HML-2_Xq28a/HG01786_hap2_hprc_r2_v1.0.1_HML-2_Xq28a.fa	HG01786_hap2_hprc_r2_v1.0.1_HML-2_Xq28a assembly_coords:HG01786#2#JBHIIX010000011.1:100803052-100809714 genomic_strand:+	6955dbd1332c2c17b5ca64311a25a295f8cd349ced8fc9c4ecedb7d40aee0ba5
HG01884_mat_hprc_r2_v1.0.1_HML-2_Xq28a	HML-2_Xq28a	HML-2_Xq28a	HG01884	mat	HG01884#2#CM086433.1:152698080-152705739	Xq28a	Fragment	q5973	historical_source/Documents/HML2_project_data/processed_loci/HML-2_Xq28a/HG01884_mat_hprc_r2_v1.0.1_HML-2_Xq28a.fa	HG01884_mat_hprc_r2_v1.0.1_HML-2_Xq28a assembly_coords:HG01884#2#CM086433.1:152698580-152705239 genomic_strand:+	271b1271004a67e4736691905cfa992b844920639a871da3681524fedf7810be
HG01884_pat_hprc_r2_v1.0.1_HML-2_Xq28a	HML-2_Xq28a	HML-2_Xq28a	HG01884	pat	HG01884#1#CM086417.1:152868767-152876426	Xq28a	Fragment	q5974	historical_source/Documents/HML2_project_data/processed_loci/HML-2_Xq28a/HG01884_pat_hprc_r2_v1.0.1_HML-2_Xq28a.fa	HG01884_pat_hprc_r2_v1.0.1_HML-2_Xq28a assembly_coords:HG01884#1#CM086417.1:152869267-152875926 genomic_strand:+	fa55e645864c33eb4008f20de3324cb8d5c880d3f83ce369149d060091db9f9f
HG01890_h1_HML-2_Xq28a_graph_hgsvc3-2024-02-23-mc-chm13	HML-2_Xq28a	HML-2_Xq28a	HG01890	h1	HG01890#1#haplotype1-0000005#0:153550363-153590154	Xq28a	Fragment	q5975	historical_source/Documents/HML2_project_data/hgsvc3-2024-02-23-mc-chm13/HML-2_Xq28a/HG01890_h1_HML-2_Xq28a_graph_hgsvc3-2024-02-23-mc-chm13.fa	HG01890_h1_HML-2_Xq28a_graph_hgsvc3-2024-02-23-mc-chm13|HG01890#1#haplotype1-0000005#0:153550363-153590154 genomic_strand:+	02097e13bb80c0654ff3c97bdec0e12ec5fc0b4d03a98ee960a74edabf43e088
HG01891_mat_hprc_r2_v1.0.1_HML-2_Xq28a	HML-2_Xq28a	HML-2_Xq28a	HG01891	mat	HG01891#2#CM088214.1:152676757-152684416	Xq28a	Fragment	q5976	historical_source/Documents/HML2_project_data/processed_loci/HML-2_Xq28a/HG01891_mat_hprc_r2_v1.0.1_HML-2_Xq28a.fa	HG01891_mat_hprc_r2_v1.0.1_HML-2_Xq28a assembly_coords:HG01891#2#CM088214.1:152677257-152683916 genomic_strand:+	f8d354437142181c7c227ad0950f0ab413b2a7146ad997cccd8eb7f29300aab2
HG01891_pat_hprc_r2_v1.0.1_HML-2_Xq28a	HML-2_Xq28a	HML-2_Xq28a	HG01891	pat	HG01891#1#CM088191.1:152939988-152947649	Xq28a	Fragment	q5977	historical_source/Documents/HML2_project_data/processed_loci/HML-2_Xq28a/HG01891_pat_hprc_r2_v1.0.1_HML-2_Xq28a.fa	HG01891_pat_hprc_r2_v1.0.1_HML-2_Xq28a assembly_coords:HG01891#1#CM088191.1:152940488-152947149 genomic_strand:+	c9657a47e1cff9785d74bf04aeedc0c602f4f9eba55b9f1880402f2d2e6092a5
HG01960_mat_hprc_r2_v1.0.1_HML-2_Xq28a	HML-2_Xq28a	HML-2_Xq28a	HG01960	mat	HG01960#2#CM088682.1:151811995-151819654	Xq28a	Fragment	q5978	historical_source/Documents/HML2_project_data/processed_loci/HML-2_Xq28a/HG01960_mat_hprc_r2_v1.0.1_HML-2_Xq28a.fa	HG01960_mat_hprc_r2_v1.0.1_HML-2_Xq28a assembly_coords:HG01960#2#CM088682.1:151812495-151819154 genomic_strand:+	4a8e07d864c14252cf6c4369d0d3ac5c1ae765d005b0c269e988bb58a72f6c89
HG02011_h2_HML-2_Xq28a_graph_hgsvc3-2024-02-23-mc-chm13	HML-2_Xq28a	HML-2_Xq28a	HG02011	h2	HG02011#2#haplotype2-0000088#0:153429666-153469479	Xq28a	Fragment	q5979	historical_source/Documents/HML2_project_data/hgsvc3-2024-02-23-mc-chm13/HML-2_Xq28a/HG02011_h2_HML-2_Xq28a_graph_hgsvc3-2024-02-23-mc-chm13.fa	HG02011_h2_HML-2_Xq28a_graph_hgsvc3-2024-02-23-mc-chm13|HG02011#2#haplotype2-0000088#0:153429666-153469479 genomic_strand:-	0e2e7f69d1b5d91047faa96597667f06b92f0ab9cc471e018d38e209c623e598
HG02015_mat_hprc_r2_v1.0.1_HML-2_Xq28a	HML-2_Xq28a	HML-2_Xq28a	HG02015	mat	HG02015#2#JBHDVF010000009.1:33489914-33497575	Xq28a	Fragment	q5980	historical_source/Documents/HML2_project_data/processed_loci/HML-2_Xq28a/HG02015_mat_hprc_r2_v1.0.1_HML-2_Xq28a.fa	HG02015_mat_hprc_r2_v1.0.1_HML-2_Xq28a assembly_coords:HG02015#2#JBHDVF010000009.1:33490414-33497075 genomic_strand:+	a310d80acd821517ce1bbd174a0c4fa36b09c8c83a0752bc026c83270f174f63
HG02018_h1_HML-2_Xq28a_graph_hgsvc3-2024-02-23-mc-chm13	HML-2_Xq28a	HML-2_Xq28a	HG02018	h1	HG02018#1#haplotype1-0000034#0:1413756-1453570	Xq28a	Fragment	q5981	historical_source/Documents/HML2_project_data/hgsvc3-2024-02-23-mc-chm13/HML-2_Xq28a/HG02018_h1_HML-2_Xq28a_graph_hgsvc3-2024-02-23-mc-chm13.fa	HG02018_h1_HML-2_Xq28a_graph_hgsvc3-2024-02-23-mc-chm13|HG02018#1#haplotype1-0000034#0:1413756-1453570 genomic_strand:+	4022bcba733ef3b386a5a4e4023cae9922e8e29f2eceae40e8ee74b89fed4d18
HG02018_h2_HML-2_Xq28a_graph_hgsvc3-2024-02-23-mc-chm13	HML-2_Xq28a	HML-2_Xq28a	HG02018	h2	HG02018#2#haplotype2-0000109#0:1426612-1466425	Xq28a	Fragment	q5982	historical_source/Documents/HML2_project_data/hgsvc3-2024-02-23-mc-chm13/HML-2_Xq28a/HG02018_h2_HML-2_Xq28a_graph_hgsvc3-2024-02-23-mc-chm13.fa	HG02018_h2_HML-2_Xq28a_graph_hgsvc3-2024-02-23-mc-chm13|HG02018#2#haplotype2-0000109#0:1426612-1466425 genomic_strand:+	329119c35d4f8a8337e28201c4627e478981379293bf97718e7c5873fcd683eb
HG02055_mat_hprc_r2_v1.0.1_HML-2_Xq28a	HML-2_Xq28a	HML-2_Xq28a	HG02055	mat	HG02055#2#CM092204.1:152267068-152274727	Xq28a	Fragment	q5983	historical_source/Documents/HML2_project_data/processed_loci/HML-2_Xq28a/HG02055_mat_hprc_r2_v1.0.1_HML-2_Xq28a.fa	HG02055_mat_hprc_r2_v1.0.1_HML-2_Xq28a assembly_coords:HG02055#2#CM092204.1:152267568-152274227 genomic_strand:+	7cc6b264f1998b60bac2df52e6c45d0242a7559278dde4f951c42d3a79cd2908
HG02056_mat_hprc_r2_v1.0.1_HML-2_Xq28a	HML-2_Xq28a	HML-2_Xq28a	HG02056	mat	HG02056#2#JBHDVD010000006.1:82692068-82699730	Xq28a	Fragment	q5984	historical_source/Documents/HML2_project_data/processed_loci/HML-2_Xq28a/HG02056_mat_hprc_r2_v1.0.1_HML-2_Xq28a.fa	HG02056_mat_hprc_r2_v1.0.1_HML-2_Xq28a assembly_coords:HG02056#2#JBHDVD010000006.1:82692568-82699230 genomic_strand:+	11ba902466998f380ca065c586d3bc83bdaed0dd23b6df24094c8bb7a47bcf8c
HG02059_h1_HML-2_Xq28a_graph_hgsvc3-2024-02-23-mc-chm13	HML-2_Xq28a	HML-2_Xq28a	HG02059	h1	HG02059#1#haplotype1-0000004#0:38953860-38993674	Xq28a	Fragment	q5985	historical_source/Documents/HML2_project_data/hgsvc3-2024-02-23-mc-chm13/HML-2_Xq28a/HG02059_h1_HML-2_Xq28a_graph_hgsvc3-2024-02-23-mc-chm13.fa	HG02059_h1_HML-2_Xq28a_graph_hgsvc3-2024-02-23-mc-chm13|HG02059#1#haplotype1-0000004#0:38953860-38993674 genomic_strand:+	55293fa725cfd786ca0cd0018f3cb06b8c116633dcd8d9a77d5e28e74e80f20c
HG02059_h2_HML-2_Xq28a_graph_hgsvc3-2024-02-23-mc-chm13	HML-2_Xq28a	HML-2_Xq28a	HG02059	h2	HG02059#2#haplotype2-0000134#0:1406870-1446687	Xq28a	Fragment	q5986	historical_source/Documents/HML2_project_data/hgsvc3-2024-02-23-mc-chm13/HML-2_Xq28a/HG02059_h2_HML-2_Xq28a_graph_hgsvc3-2024-02-23-mc-chm13.fa	HG02059_h2_HML-2_Xq28a_graph_hgsvc3-2024-02-23-mc-chm13|HG02059#2#haplotype2-0000134#0:1406870-1446687 genomic_strand:-	4bdb246eea00d5584d732f3f57d0bce0c8980787b0e992f8a5e96bf40c260b3b
HG02106_h1_HML-2_Xq28a_graph_hgsvc3-2024-02-23-mc-chm13	HML-2_Xq28a	HML-2_Xq28a	HG02106	h1	HG02106#1#haplotype1-0000045#0:1421974-1461791	Xq28a	Fragment	q5987	historical_source/Documents/HML2_project_data/hgsvc3-2024-02-23-mc-chm13/HML-2_Xq28a/HG02106_h1_HML-2_Xq28a_graph_hgsvc3-2024-02-23-mc-chm13.fa	HG02106_h1_HML-2_Xq28a_graph_hgsvc3-2024-02-23-mc-chm13|HG02106#1#haplotype1-0000045#0:1421974-1461791 genomic_strand:-	6a44c9577b5fef48a987f90489166680d4f957578c913f43a44d07cad341e478
HG02106_h2_HML-2_Xq28a_graph_hgsvc3-2024-02-23-mc-chm13	HML-2_Xq28a	HML-2_Xq28a	HG02106	h2	HG02106#2#haplotype2-0000110#0:1410018-1449832	Xq28a	Fragment	q5988	historical_source/Documents/HML2_project_data/hgsvc3-2024-02-23-mc-chm13/HML-2_Xq28a/HG02106_h2_HML-2_Xq28a_graph_hgsvc3-2024-02-23-mc-chm13.fa	HG02106_h2_HML-2_Xq28a_graph_hgsvc3-2024-02-23-mc-chm13|HG02106#2#haplotype2-0000110#0:1410018-1449832 genomic_strand:-	046257ddc1c0ee7ea6edb6d7192af4d109e6bbe02b74301f699451afe29f34be
HG02109_pat_hprc_r2_v1.0.1_HML-2_Xq28a	HML-2_Xq28a	HML-2_Xq28a	HG02109	pat	HG02109#1#CM092171.1:153484160-153491820	Xq28a	Fragment	q5989	historical_source/Documents/HML2_project_data/processed_loci/HML-2_Xq28a/HG02109_pat_hprc_r2_v1.0.1_HML-2_Xq28a.fa	HG02109_pat_hprc_r2_v1.0.1_HML-2_Xq28a assembly_coords:HG02109#1#CM092171.1:153484660-153491320 genomic_strand:+	a9214d719555edce76b7bbd4ff8ea3ac12dd59691f37eab3393eaef837b8c33f
HG02257_mat_hprc_r2_v1.1.0_HML-2_Xq28a	HML-2_Xq28a	HML-2_Xq28a	HG02257	mat	HG02257#2#JAGYVI020000011.1:52253271-52260930	Xq28a	Fragment	q5990	historical_source/Documents/HML2_project_data/processed_loci/HML-2_Xq28a/HG02257_mat_hprc_r2_v1.1.0_HML-2_Xq28a.fa	HG02257_mat_hprc_r2_v1.1.0_HML-2_Xq28a assembly_coords:HG02257#2#JAGYVI020000011.1:52253771-52260430 genomic_strand:+	ddfae13a415bc7bf9ede563af24d9148f320129424d9ce51358994cbd1bc5a67
HG02257_pat_hprc_r2_v1.1.0_HML-2_Xq28a	HML-2_Xq28a	HML-2_Xq28a	HG02257	pat	HG02257#1#JAGYVH020000079.1:52262529-52270188	Xq28a	Fragment	q5991	historical_source/Documents/HML2_project_data/processed_loci/HML-2_Xq28a/HG02257_pat_hprc_r2_v1.1.0_HML-2_Xq28a.fa	HG02257_pat_hprc_r2_v1.1.0_HML-2_Xq28a assembly_coords:HG02257#1#JAGYVH020000079.1:52263029-52269688 genomic_strand:+	dd2f7676f30f9c2f73eaa7f13a940860a5a5a5647eecf675e2079ca4380e6fb9
HG02258_mat_hprc_r2_v1.0.1_HML-2_Xq28a	HML-2_Xq28a	HML-2_Xq28a	HG02258	mat	HG02258#2#JBHDUZ010000037.1:81650904-81658565	Xq28a	Fragment	q5992	historical_source/Documents/HML2_project_data/processed_loci/HML-2_Xq28a/HG02258_mat_hprc_r2_v1.0.1_HML-2_Xq28a.fa	HG02258_mat_hprc_r2_v1.0.1_HML-2_Xq28a assembly_coords:HG02258#2#JBHDUZ010000037.1:81651404-81658065 genomic_strand:+	ce8f98b9187f982d87a585e9446116084165c5adc5b35f33ff7486185a470c54
HG02273_hap1_hprc_r2_v1.0.1_HML-2_Xq28a	HML-2_Xq28a	HML-2_Xq28a	HG02273	h1	HG02273#1#CM087032.1:154451888-154459547	Xq28a	Fragment	q5993	historical_source/Documents/HML2_project_data/processed_loci/HML-2_Xq28a/HG02273_hap1_hprc_r2_v1.0.1_HML-2_Xq28a.fa	HG02273_hap1_hprc_r2_v1.0.1_HML-2_Xq28a assembly_coords:HG02273#1#CM087032.1:154452388-154459047 genomic_strand:+	3b2f575426017273d299b88fffaccd5d35446e10a03704c1ea0f4a62cf66134a
HG02280_mat_hprc_r2_v1.0.1_HML-2_Xq28a	HML-2_Xq28a	HML-2_Xq28a	HG02280	mat	HG02280#2#CM086288.1:153343920-153351581	Xq28a	Fragment	q5994	historical_source/Documents/HML2_project_data/processed_loci/HML-2_Xq28a/HG02280_mat_hprc_r2_v1.0.1_HML-2_Xq28a.fa	HG02280_mat_hprc_r2_v1.0.1_HML-2_Xq28a assembly_coords:HG02280#2#CM086288.1:153344420-153351081 genomic_strand:+	3d7b2d7dd3c5480d3d40902fa544110fb3cf4ca631b5de0a8bfdf7ad38481046
HG02280_pat_hprc_r2_v1.0.1_HML-2_Xq28a	HML-2_Xq28a	HML-2_Xq28a	HG02280	pat	HG02280#1#CM086300.1:152689978-152697637	Xq28a	Fragment	q5995	historical_source/Documents/HML2_project_data/processed_loci/HML-2_Xq28a/HG02280_pat_hprc_r2_v1.0.1_HML-2_Xq28a.fa	HG02280_pat_hprc_r2_v1.0.1_HML-2_Xq28a assembly_coords:HG02280#1#CM086300.1:152690478-152697137 genomic_strand:+	0d71815b97c97d9d0d60138091ae43fc6a58d4dd970dfeed531ec7cac33219d6
HG02282_h1_HML-2_Xq28a_graph_hgsvc3-2024-02-23-mc-chm13	HML-2_Xq28a	HML-2_Xq28a	HG02282	h1	HG02282#1#haplotype1-0000023#0:29410392-29450196	Xq28a	Fragment	q5996	historical_source/Documents/HML2_project_data/hgsvc3-2024-02-23-mc-chm13/HML-2_Xq28a/HG02282_h1_HML-2_Xq28a_graph_hgsvc3-2024-02-23-mc-chm13.fa	HG02282_h1_HML-2_Xq28a_graph_hgsvc3-2024-02-23-mc-chm13|HG02282#1#haplotype1-0000023#0:29410392-29450196 genomic_strand:+	7f7a24ae83aa2980922949bd531273034d1483c76c88fc7546486f90851f0041
HG02282_h2_HML-2_Xq28a_graph_hgsvc3-2024-02-23-mc-chm13	HML-2_Xq28a	HML-2_Xq28a	HG02282	h2	HG02282#2#haplotype2-0000108#0:1275596-1315410	Xq28a	Fragment	q5997	historical_source/Documents/HML2_project_data/hgsvc3-2024-02-23-mc-chm13/HML-2_Xq28a/HG02282_h2_HML-2_Xq28a_graph_hgsvc3-2024-02-23-mc-chm13.fa	HG02282_h2_HML-2_Xq28a_graph_hgsvc3-2024-02-23-mc-chm13|HG02282#2#haplotype2-0000108#0:1275596-1315410 genomic_strand:-	d48c21b70536ad433036e148dc095c622fc31e6256225e32e87f63e57648c583
HG02451_mat_hprc_r2_v1.0.1_HML-2_Xq28a	HML-2_Xq28a	HML-2_Xq28a	HG02451	mat	HG02451#2#CM086233.1:152606228-152613889	Xq28a	Fragment	q5998	historical_source/Documents/HML2_project_data/processed_loci/HML-2_Xq28a/HG02451_mat_hprc_r2_v1.0.1_HML-2_Xq28a.fa	HG02451_mat_hprc_r2_v1.0.1_HML-2_Xq28a assembly_coords:HG02451#2#CM086233.1:152606728-152613389 genomic_strand:+	3931530c59ba3b6aea1f706d87a3521a1d49d3034df46f91b4903b3e29d8a021
HG02492_h2_HML-2_Xq28a_graph_hgsvc3-2024-02-23-mc-chm13	HML-2_Xq28a	HML-2_Xq28a	HG02492	h2	HG02492#2#haplotype2-0000106#0:1426556-1466386	Xq28a	Fragment	q5999	historical_source/Documents/HML2_project_data/hgsvc3-2024-02-23-mc-chm13/HML-2_Xq28a/HG02492_h2_HML-2_Xq28a_graph_hgsvc3-2024-02-23-mc-chm13.fa	HG02492_h2_HML-2_Xq28a_graph_hgsvc3-2024-02-23-mc-chm13|HG02492#2#haplotype2-0000106#0:1426556-1466386 genomic_strand:+	3a2b71c9378408dfa302423a8acf48c6bbf1c3107300c22902ccef18410b25da
HG02554_h1_HML-2_Xq28a_graph_hgsvc3-2024-02-23-mc-chm13	HML-2_Xq28a	HML-2_Xq28a	HG02554	h1	HG02554#1#haplotype1-0000024#0:1421635-1461442	Xq28a	Fragment	q6000	historical_source/Documents/HML2_project_data/hgsvc3-2024-02-23-mc-chm13/HML-2_Xq28a/HG02554_h1_HML-2_Xq28a_graph_hgsvc3-2024-02-23-mc-chm13.fa	HG02554_h1_HML-2_Xq28a_graph_hgsvc3-2024-02-23-mc-chm13|HG02554#1#haplotype1-0000024#0:1421635-1461442 genomic_strand:-	e46ffbd9afb3e79c514c87942edf3a7a12848ba4627aaac96a01251d1c81b6c8
HG02559_pat_hprc_r2_v1.0.1_HML-2_Xq28a	HML-2_Xq28a	HML-2_Xq28a	HG02559	pat	HG02559#1#JAGYVK020000041.1:100825712-100833371	Xq28a	Fragment	q6001	historical_source/Documents/HML2_project_data/processed_loci/HML-2_Xq28a/HG02559_pat_hprc_r2_v1.0.1_HML-2_Xq28a.fa	HG02559_pat_hprc_r2_v1.0.1_HML-2_Xq28a assembly_coords:HG02559#1#JAGYVK020000041.1:100826212-100832871 genomic_strand:+	aa7cd5074d19d2cde53d896102ab43e1b48c3156cba353afa494b939bfa02173
HG02572_mat_hprc_r2_v1.0.1_HML-2_Xq28a	HML-2_Xq28a	HML-2_Xq28a	HG02572	mat	HG02572#2#JAHAOV020000022.1:18875623-18883282	Xq28a	Fragment	q6002	historical_source/Documents/HML2_project_data/processed_loci/HML-2_Xq28a/HG02572_mat_hprc_r2_v1.0.1_HML-2_Xq28a.fa	HG02572_mat_hprc_r2_v1.0.1_HML-2_Xq28a assembly_coords:HG02572#2#JAHAOV020000022.1:18876123-18882782 genomic_strand:+	4f7581b00f7e6d2657f6f4bc32f7f7a7390f899b7a5ba7f6e89a87bd60f5e33b
HG02583_hap1_hprc_r2_v1.0.1_HML-2_Xq28a	HML-2_Xq28a	HML-2_Xq28a	HG02583	h1	HG02583#1#CM089501.1:153553664-153561324	Xq28a	Fragment	q6003	historical_source/Documents/HML2_project_data/processed_loci/HML-2_Xq28a/HG02583_hap1_hprc_r2_v1.0.1_HML-2_Xq28a.fa	HG02583_hap1_hprc_r2_v1.0.1_HML-2_Xq28a assembly_coords:HG02583#1#CM089501.1:153554164-153560824 genomic_strand:+	7e02f635fadc67fda169b18b64d71e22cfb1cc0b045925927685e20ba0e86bdc
HG02583_hap2_hprc_r2_v1.0.1_HML-2_Xq28a	HML-2_Xq28a	HML-2_Xq28a	HG02583	h2	HG02583#2#CM089527.1:152943168-152950827	Xq28a	Fragment	q6004	historical_source/Documents/HML2_project_data/processed_loci/HML-2_Xq28a/HG02583_hap2_hprc_r2_v1.0.1_HML-2_Xq28a.fa	HG02583_hap2_hprc_r2_v1.0.1_HML-2_Xq28a assembly_coords:HG02583#2#CM089527.1:152943668-152950327 genomic_strand:+	e8cd061417e3cfc8c07f4aa00fc949f33f3906c52de004441d9c617ab2d12d10
HG02587_h1_HML-2_Xq28a_graph_hgsvc3-2024-02-23-mc-chm13	HML-2_Xq28a	HML-2_Xq28a	HG02587	h1	HG02587#1#haplotype1-0000034#0:152354898-152394704	Xq28a	Fragment	q6005	historical_source/Documents/HML2_project_data/hgsvc3-2024-02-23-mc-chm13/HML-2_Xq28a/HG02587_h1_HML-2_Xq28a_graph_hgsvc3-2024-02-23-mc-chm13.fa	HG02587_h1_HML-2_Xq28a_graph_hgsvc3-2024-02-23-mc-chm13|HG02587#1#haplotype1-0000034#0:152354898-152394704 genomic_strand:+	313aad0b5e4b9235e67f88c3e23ed2e813ad1d19ed2ff1c20864ce468ad76165
HG02587_h2_HML-2_Xq28a_graph_hgsvc3-2024-02-23-mc-chm13	HML-2_Xq28a	HML-2_Xq28a	HG02587	h2	HG02587#2#haplotype2-0000046#0:18762802-18802577	Xq28a	Fragment	q6006	historical_source/Documents/HML2_project_data/hgsvc3-2024-02-23-mc-chm13/HML-2_Xq28a/HG02587_h2_HML-2_Xq28a_graph_hgsvc3-2024-02-23-mc-chm13.fa	HG02587_h2_HML-2_Xq28a_graph_hgsvc3-2024-02-23-mc-chm13|HG02587#2#haplotype2-0000046#0:18762802-18802577 genomic_strand:+	95a5ae390e1b32006b7b62221568561bfd5f270d2d9a4b04f92105c8cdf87ee7
HG02602_mat_hprc_r2_v1.0.1_HML-2_Xq28a	HML-2_Xq28a	HML-2_Xq28a	HG02602	mat	HG02602#2#CM099712.1:154218601-154226260	Xq28a	Fragment	q6007	historical_source/Documents/HML2_project_data/processed_loci/HML-2_Xq28a/HG02602_mat_hprc_r2_v1.0.1_HML-2_Xq28a.fa	HG02602_mat_hprc_r2_v1.0.1_HML-2_Xq28a assembly_coords:HG02602#2#CM099712.1:154219101-154225760 genomic_strand:+	bf9f4c66499e0b0d4cea871ca3e387b5c9030677248a45cef80fad9632886c50
HG02615_mat_hprc_r2_v1.0.1_HML-2_Xq28a	HML-2_Xq28a	HML-2_Xq28a	HG02615	mat	HG02615#2#JBHDTA010000005.1:81520176-81527837	Xq28a	Fragment	q6008	historical_source/Documents/HML2_project_data/processed_loci/HML-2_Xq28a/HG02615_mat_hprc_r2_v1.0.1_HML-2_Xq28a.fa	HG02615_mat_hprc_r2_v1.0.1_HML-2_Xq28a assembly_coords:HG02615#2#JBHDTA010000005.1:81520676-81527337 genomic_strand:+	3a773e46848b8ae22614d75f6dc5b5a1b209c3470abc54b652ff12d89f59ee45
HG02615_pat_hprc_r2_v1.0.1_HML-2_Xq28a	HML-2_Xq28a	HML-2_Xq28a	HG02615	pat	HG02615#1#JBHDSZ010000019.1:81663072-81670733	Xq28a	Fragment	q6009	historical_source/Documents/HML2_project_data/processed_loci/HML-2_Xq28a/HG02615_pat_hprc_r2_v1.0.1_HML-2_Xq28a.fa	HG02615_pat_hprc_r2_v1.0.1_HML-2_Xq28a assembly_coords:HG02615#1#JBHDSZ010000019.1:81663572-81670233 genomic_strand:+	ff254b65c1f67a53ea53acc8d1dd75e57fb0261933f2afd698cf32e2a1c6e078
HG02666_h1_HML-2_Xq28a_graph_hgsvc3-2024-02-23-mc-chm13	HML-2_Xq28a	HML-2_Xq28a	HG02666	h1	HG02666#1#haplotype1-0000029#0:1425134-1464931	Xq28a	Fragment	q6010	historical_source/Documents/HML2_project_data/hgsvc3-2024-02-23-mc-chm13/HML-2_Xq28a/HG02666_h1_HML-2_Xq28a_graph_hgsvc3-2024-02-23-mc-chm13.fa	HG02666_h1_HML-2_Xq28a_graph_hgsvc3-2024-02-23-mc-chm13|HG02666#1#haplotype1-0000029#0:1425134-1464931 genomic_strand:-	fa16ae8c494eaeaa2c620cd138886bfda70f02348a9636bc99ca510d11f1b5df
HG02698_mat_hprc_r2_v1.0.1_HML-2_Xq28a	HML-2_Xq28a	HML-2_Xq28a	HG02698	mat	HG02698#2#JBHDTM010000050.1:1449165-1456823	Xq28a	Fragment	q6011	historical_source/Documents/HML2_project_data/processed_loci/HML-2_Xq28a/HG02698_mat_hprc_r2_v1.0.1_HML-2_Xq28a.fa	HG02698_mat_hprc_r2_v1.0.1_HML-2_Xq28a assembly_coords:HG02698#2#JBHDTM010000050.1:1449665-1456323 genomic_strand:+	d131f6adf86594063a8ce114add3b7fa9784feae9e5d6b4319bd2fdb478a7c6f
HG02738_mat_hprc_r2_v1.0.1_HML-2_Xq28a	HML-2_Xq28a	HML-2_Xq28a	HG02738	mat	HG02738#2#JBJXQK010000036.1:97795717-97803376	Xq28a	Fragment	q6012	historical_source/Documents/HML2_project_data/processed_loci/HML-2_Xq28a/HG02738_mat_hprc_r2_v1.0.1_HML-2_Xq28a.fa	HG02738_mat_hprc_r2_v1.0.1_HML-2_Xq28a assembly_coords:HG02738#2#JBJXQK010000036.1:97796217-97802876 genomic_strand:+	fceb7d64c4b87219cd129aa7b7f2fe9c2735399f7ba12192026c079a53d250f0
HG02809_pat_hprc_r2_v1.0.1_HML-2_Xq28a	HML-2_Xq28a	HML-2_Xq28a	HG02809	pat	HG02809#1#CM088358.1:152138183-152145844	Xq28a	Fragment	q6013	historical_source/Documents/HML2_project_data/processed_loci/HML-2_Xq28a/HG02809_pat_hprc_r2_v1.0.1_HML-2_Xq28a.fa	HG02809_pat_hprc_r2_v1.0.1_HML-2_Xq28a assembly_coords:HG02809#1#CM088358.1:152138683-152145344 genomic_strand:+	33084452fa7e812285d17bb5cabd2e96316e408b84376516f8ecfe32985ade4e
HG02818_pat_hprc_r2_v1.0.1_HML-2_Xq28a	HML-2_Xq28a	HML-2_Xq28a	HG02818	pat	HG02818#1#CM092008.1:152142457-152150116	Xq28a	Fragment	q6014	historical_source/Documents/HML2_project_data/processed_loci/HML-2_Xq28a/HG02818_pat_hprc_r2_v1.0.1_HML-2_Xq28a.fa	HG02818_pat_hprc_r2_v1.0.1_HML-2_Xq28a assembly_coords:HG02818#1#CM092008.1:152142957-152149616 genomic_strand:+	4fd74207ca9a1fa2fbf78efd32a2080c0c58f569fa141395659032ca6cd83096
HG02841_mat_hprc_r2_v1.0.1_HML-2_Xq28a	HML-2_Xq28a	HML-2_Xq28a	HG02841	mat	HG02841#2#JBJKOH010000005.1:100717219-100724878	Xq28a	Fragment	q6015	historical_source/Documents/HML2_project_data/processed_loci/HML-2_Xq28a/HG02841_mat_hprc_r2_v1.0.1_HML-2_Xq28a.fa	HG02841_mat_hprc_r2_v1.0.1_HML-2_Xq28a assembly_coords:HG02841#2#JBJKOH010000005.1:100717719-100724378 genomic_strand:+	c050e1cf77fb6812840ed03709be086b184df4990e10d325adab1ba5fc1db032
HG02886_mat_hprc_r2_v1.0.1_HML-2_Xq28a	HML-2_Xq28a	HML-2_Xq28a	HG02886	mat	HG02886#2#CM088138.1:151792794-151800453	Xq28a	Fragment	q6016	historical_source/Documents/HML2_project_data/processed_loci/HML-2_Xq28a/HG02886_mat_hprc_r2_v1.0.1_HML-2_Xq28a.fa	HG02886_mat_hprc_r2_v1.0.1_HML-2_Xq28a assembly_coords:HG02886#2#CM088138.1:151793294-151799953 genomic_strand:+	ea838f6d2090e44c0c723bb7ce83cf93f571806dfdd317b7b93c657fdaab4167
HG02922_hap1_hprc_r2_v1.0.1_HML-2_Xq28a	HML-2_Xq28a	HML-2_Xq28a	HG02922	h1	HG02922#1#JBHDVO010000052.1:152347855-152355516	Xq28a	Fragment	q6017	historical_source/Documents/HML2_project_data/processed_loci/HML-2_Xq28a/HG02922_hap1_hprc_r2_v1.0.1_HML-2_Xq28a.fa	HG02922_hap1_hprc_r2_v1.0.1_HML-2_Xq28a assembly_coords:HG02922#1#JBHDVO010000052.1:152348355-152355016 genomic_strand:+	e08cefa34ac4dded6e5217b6965d6753d54baba9531dcd7395dfa514867f2a48
HG02953_h2_HML-2_Xq28a_graph_hgsvc3-2024-02-23-mc-chm13	HML-2_Xq28a	HML-2_Xq28a	HG02953	h2	HG02953#2#haplotype2-0000144#0:1428085-1467901	Xq28a	Fragment	q6018	historical_source/Documents/HML2_project_data/hgsvc3-2024-02-23-mc-chm13/HML-2_Xq28a/HG02953_h2_HML-2_Xq28a_graph_hgsvc3-2024-02-23-mc-chm13.fa	HG02953_h2_HML-2_Xq28a_graph_hgsvc3-2024-02-23-mc-chm13|HG02953#2#haplotype2-0000144#0:1428085-1467901 genomic_strand:+	4149f4d514192ae4bf1e30ad34ad06edd9b160fc8cb48de0e8e48420d5642a64
HG02965_hap2_hprc_r2_v1.0.1_HML-2_Xq28a	HML-2_Xq28a	HML-2_Xq28a	HG02965	h2	HG02965#2#JBHDWR010000014.1:52040784-52048444	Xq28a	Fragment	q6019	historical_source/Documents/HML2_project_data/processed_loci/HML-2_Xq28a/HG02965_hap2_hprc_r2_v1.0.1_HML-2_Xq28a.fa	HG02965_hap2_hprc_r2_v1.0.1_HML-2_Xq28a assembly_coords:HG02965#2#JBHDWR010000014.1:52041284-52047944 genomic_strand:+	873791268c84324277dc7735f74966b4e53df2678cb369d5097723a896f7d82f
HG02976_hap1_hprc_r2_v1.0.1_HML-2_Xq28a	HML-2_Xq28a	HML-2_Xq28a	HG02976	h1	HG02976#1#JBHDVW010000042.1:100898050-100905709	Xq28a	Fragment	q6020	historical_source/Documents/HML2_project_data/processed_loci/HML-2_Xq28a/HG02976_hap1_hprc_r2_v1.0.1_HML-2_Xq28a.fa	HG02976_hap1_hprc_r2_v1.0.1_HML-2_Xq28a assembly_coords:HG02976#1#JBHDVW010000042.1:100898550-100905209 genomic_strand:+	cef702dc34333ea2cf156fcdfb0aced94251ccd797dc6db705a50337112a8bf8
HG02976_hap2_hprc_r2_v1.0.1_HML-2_Xq28a	HML-2_Xq28a	HML-2_Xq28a	HG02976	h2	HG02976#2#JBHDVX010000015.1:100974675-100982336	Xq28a	Fragment	q6021	historical_source/Documents/HML2_project_data/processed_loci/HML-2_Xq28a/HG02976_hap2_hprc_r2_v1.0.1_HML-2_Xq28a.fa	HG02976_hap2_hprc_r2_v1.0.1_HML-2_Xq28a assembly_coords:HG02976#2#JBHDVX010000015.1:100975175-100981836 genomic_strand:+	2fe19ae4ed713e8f5a5e6cf85a84cb2d3569aaf7071899b3871cd4c36b1c6dd4
HG02984_mat_hprc_r2_v1.0.1_HML-2_Xq28a	HML-2_Xq28a	HML-2_Xq28a	HG02984	mat	HG02984#2#JBJKON010000054.1:104435933-104443592	Xq28a	Fragment	q6022	historical_source/Documents/HML2_project_data/processed_loci/HML-2_Xq28a/HG02984_mat_hprc_r2_v1.0.1_HML-2_Xq28a.fa	HG02984_mat_hprc_r2_v1.0.1_HML-2_Xq28a assembly_coords:HG02984#2#JBJKON010000054.1:104436433-104443092 genomic_strand:+	e6547975be28a2799fe9a4266a80e893847b11dfa7ae399d56c57c0928413362
HG03009_h2_HML-2_Xq28a_graph_hgsvc3-2024-02-23-mc-chm13	HML-2_Xq28a	HML-2_Xq28a	HG03009	h2	HG03009#2#haplotype2-0000066#0:153384546-153424355	Xq28a	Fragment	q6023	historical_source/Documents/HML2_project_data/hgsvc3-2024-02-23-mc-chm13/HML-2_Xq28a/HG03009_h2_HML-2_Xq28a_graph_hgsvc3-2024-02-23-mc-chm13.fa	HG03009_h2_HML-2_Xq28a_graph_hgsvc3-2024-02-23-mc-chm13|HG03009#2#haplotype2-0000066#0:153384546-153424355 genomic_strand:-	50e472aa3458071d0127277ab2e48866e353af3ad67423c5b43091d45041856a
HG03017_mat_hprc_r2_v1.0.1_HML-2_Xq28a	HML-2_Xq28a	HML-2_Xq28a	HG03017	mat	HG03017#2#JBHIIF010000004.1:101417853-101425513	Xq28a	Fragment	q6024	historical_source/Documents/HML2_project_data/processed_loci/HML-2_Xq28a/HG03017_mat_hprc_r2_v1.0.1_HML-2_Xq28a.fa	HG03017_mat_hprc_r2_v1.0.1_HML-2_Xq28a assembly_coords:HG03017#2#JBHIIF010000004.1:101418353-101425013 genomic_strand:+	f0bfa82de4bd47fb687f1fc4aa13ab42f1c2eab356f2db9ac19f7fe77b34c742
HG03065_h2_HML-2_Xq28a_graph_hgsvc3-2024-02-23-mc-chm13	HML-2_Xq28a	HML-2_Xq28a	HG03065	h2	HG03065#2#haplotype2-0000046#0:152262196-152302013	Xq28a	Fragment	q6025	historical_source/Documents/HML2_project_data/hgsvc3-2024-02-23-mc-chm13/HML-2_Xq28a/HG03065_h2_HML-2_Xq28a_graph_hgsvc3-2024-02-23-mc-chm13.fa	HG03065_h2_HML-2_Xq28a_graph_hgsvc3-2024-02-23-mc-chm13|HG03065#2#haplotype2-0000046#0:152262196-152302013 genomic_strand:-	60a894972a0974e9e86efbc5d689ac46fa191ae8f2784cedc2d4c81da5f11f83
HG03130_hap2_hprc_r2_v1.0.1_HML-2_Xq28a	HML-2_Xq28a	HML-2_Xq28a	HG03130	h2	HG03130#2#JBHDWJ010000050.1:81564616-81572277	Xq28a	Fragment	q6026	historical_source/Documents/HML2_project_data/processed_loci/HML-2_Xq28a/HG03130_hap2_hprc_r2_v1.0.1_HML-2_Xq28a.fa	HG03130_hap2_hprc_r2_v1.0.1_HML-2_Xq28a assembly_coords:HG03130#2#JBHDWJ010000050.1:81565116-81571777 genomic_strand:+	f269ec3703489cb468445b2533fa1c3e854b56d4331a1784e474c340d8e7049d
HG03195_hap2_hprc_r2_v1.0.1_HML-2_Xq28a	HML-2_Xq28a	HML-2_Xq28a	HG03195	h2	HG03195#2#JBHDVV010000016.1:33748026-33755685	Xq28a	Fragment	q6027	historical_source/Documents/HML2_project_data/processed_loci/HML-2_Xq28a/HG03195_hap2_hprc_r2_v1.0.1_HML-2_Xq28a.fa	HG03195_hap2_hprc_r2_v1.0.1_HML-2_Xq28a assembly_coords:HG03195#2#JBHDVV010000016.1:33748526-33755185 genomic_strand:+	b75734ac450e8782a7ffbefc586a1391c4e1effc9c7e699bf9a32b8515081462
HG03248_h2_HML-2_Xq28a_graph_hgsvc3-2024-02-23-mc-chm13	HML-2_Xq28a	HML-2_Xq28a	HG03248	h2	HG03248#2#haplotype2-0000160#0:153019925-153059759	Xq28a	Fragment	q6028	historical_source/Documents/HML2_project_data/hgsvc3-2024-02-23-mc-chm13/HML-2_Xq28a/HG03248_h2_HML-2_Xq28a_graph_hgsvc3-2024-02-23-mc-chm13.fa	HG03248_h2_HML-2_Xq28a_graph_hgsvc3-2024-02-23-mc-chm13|HG03248#2#haplotype2-0000160#0:153019925-153059759 genomic_strand:+	502ff12335a07886e05c32baafb98a735126e654b2be4acfdbbf2ef935d8d3b4
HG03270_hap1_hprc_r2_v1.0.1_HML-2_Xq28a	HML-2_Xq28a	HML-2_Xq28a	HG03270	h1	HG03270#1#CM089909.1:154031422-154039081	Xq28a	Fragment	q6029	historical_source/Documents/HML2_project_data/processed_loci/HML-2_Xq28a/HG03270_hap1_hprc_r2_v1.0.1_HML-2_Xq28a.fa	HG03270_hap1_hprc_r2_v1.0.1_HML-2_Xq28a assembly_coords:HG03270#1#CM089909.1:154031922-154038581 genomic_strand:+	b3d3c617712adf536afc2b4d734b16de09c5419b5aca3c5669a7701c747f051f
HG03270_hap2_hprc_r2_v1.0.1_HML-2_Xq28a	HML-2_Xq28a	HML-2_Xq28a	HG03270	h2	HG03270#2#CM089921.1:152502520-152510179	Xq28a	Fragment	q6030	historical_source/Documents/HML2_project_data/processed_loci/HML-2_Xq28a/HG03270_hap2_hprc_r2_v1.0.1_HML-2_Xq28a.fa	HG03270_hap2_hprc_r2_v1.0.1_HML-2_Xq28a assembly_coords:HG03270#2#CM089921.1:152503020-152509679 genomic_strand:+	0ae75aff4027dcd721aa61f88c317b0427d3eebb14b3a86e43fb008fa7eeb59c
HG03369_hap1_hprc_r2_v1.0.1_HML-2_Xq28a	HML-2_Xq28a	HML-2_Xq28a	HG03369	h1	HG03369#1#CM094393.1:153368254-153375916	Xq28a	Fragment	q6031	historical_source/Documents/HML2_project_data/processed_loci/HML-2_Xq28a/HG03369_hap1_hprc_r2_v1.0.1_HML-2_Xq28a.fa	HG03369_hap1_hprc_r2_v1.0.1_HML-2_Xq28a assembly_coords:HG03369#1#CM094393.1:153368754-153375416 genomic_strand:+	fcd7a6a6d054b17614ff02f612f5a527c537c3ec331eaa46e66e7cb58c348a01
HG03369_hap2_hprc_r2_v1.0.1_HML-2_Xq28a	HML-2_Xq28a	HML-2_Xq28a	HG03369	h2	HG03369#2#CM094369.1:153262742-153270403	Xq28a	Fragment	q6032	historical_source/Documents/HML2_project_data/processed_loci/HML-2_Xq28a/HG03369_hap2_hprc_r2_v1.0.1_HML-2_Xq28a.fa	HG03369_hap2_hprc_r2_v1.0.1_HML-2_Xq28a assembly_coords:HG03369#2#CM094369.1:153263242-153269903 genomic_strand:+	60e74666074f2972641a27e5648a5beef7bdcecfc79e415cc54bd9cfb70b53ad
HG03371_h2_HML-2_Xq28a_graph_hgsvc3-2024-02-23-mc-chm13	HML-2_Xq28a	HML-2_Xq28a	HG03371	h2	HG03371#2#haplotype2-0000059#0:1430975-1470780	Xq28a	Fragment	q6033	historical_source/Documents/HML2_project_data/hgsvc3-2024-02-23-mc-chm13/HML-2_Xq28a/HG03371_h2_HML-2_Xq28a_graph_hgsvc3-2024-02-23-mc-chm13.fa	HG03371_h2_HML-2_Xq28a_graph_hgsvc3-2024-02-23-mc-chm13|HG03371#2#haplotype2-0000059#0:1430975-1470780 genomic_strand:+	30e9ea6215dba3c7b2b5a53f765e74370744da9481758a1ec4953ff4c239fed8
HG03452_h1_HML-2_Xq28a_graph_hgsvc3-2024-02-23-mc-chm13	HML-2_Xq28a	HML-2_Xq28a	HG03452	h1	HG03452#1#haplotype1-0000002#0:13321471-13361304	Xq28a	Fragment	q6034	historical_source/Documents/HML2_project_data/hgsvc3-2024-02-23-mc-chm13/HML-2_Xq28a/HG03452_h1_HML-2_Xq28a_graph_hgsvc3-2024-02-23-mc-chm13.fa	HG03452_h1_HML-2_Xq28a_graph_hgsvc3-2024-02-23-mc-chm13|HG03452#1#haplotype1-0000002#0:13321471-13361304 genomic_strand:+	11b42daf128f0fbf71ee8c3aa9d7211e6b8c3dac81dd01802a379308d1e9cda0
HG03452_h2_HML-2_Xq28a_graph_hgsvc3-2024-02-23-mc-chm13	HML-2_Xq28a	HML-2_Xq28a	HG03452	h2	HG03452#2#haplotype2-0000102#0:10027984-10067817	Xq28a	Fragment	q6035	historical_source/Documents/HML2_project_data/hgsvc3-2024-02-23-mc-chm13/HML-2_Xq28a/HG03452_h2_HML-2_Xq28a_graph_hgsvc3-2024-02-23-mc-chm13.fa	HG03452_h2_HML-2_Xq28a_graph_hgsvc3-2024-02-23-mc-chm13|HG03452#2#haplotype2-0000102#0:10027984-10067817 genomic_strand:+	b405ecc5c155933bdc72dc672d2369384855eef5f80369d455d55798be1f8e2c
HG03453_mat_hprc_r2_v1.0.1_HML-2_Xq28a	HML-2_Xq28a	HML-2_Xq28a	HG03453	mat	HG03453#2#CM088046.1:152581995-152589655	Xq28a	Fragment	q6036	historical_source/Documents/HML2_project_data/processed_loci/HML-2_Xq28a/HG03453_mat_hprc_r2_v1.0.1_HML-2_Xq28a.fa	HG03453_mat_hprc_r2_v1.0.1_HML-2_Xq28a assembly_coords:HG03453#2#CM088046.1:152582495-152589155 genomic_strand:+	3fa9dbc3200b712d7ffe02235c6d6e82513a24711dba3c7e1baaf54fb287eebb
HG03453_pat_hprc_r2_v1.0.1_HML-2_Xq28a	HML-2_Xq28a	HML-2_Xq28a	HG03453	pat	HG03453#1#CM088022.1:152558275-152565934	Xq28a	Fragment	q6037	historical_source/Documents/HML2_project_data/processed_loci/HML-2_Xq28a/HG03453_pat_hprc_r2_v1.0.1_HML-2_Xq28a.fa	HG03453_pat_hprc_r2_v1.0.1_HML-2_Xq28a assembly_coords:HG03453#1#CM088022.1:152558775-152565434 genomic_strand:+	63f02dc420ad411193ca585ba84e3b239e48da4819bc9bd8fee66a7da276e30a
HG03456_h2_HML-2_Xq28a_graph_hgsvc3-2024-02-23-mc-chm13	HML-2_Xq28a	HML-2_Xq28a	HG03456	h2	HG03456#2#haplotype2-0000145#0:152494794-152534597	Xq28a	Fragment	q6038	historical_source/Documents/HML2_project_data/hgsvc3-2024-02-23-mc-chm13/HML-2_Xq28a/HG03456_h2_HML-2_Xq28a_graph_hgsvc3-2024-02-23-mc-chm13.fa	HG03456_h2_HML-2_Xq28a_graph_hgsvc3-2024-02-23-mc-chm13|HG03456#2#haplotype2-0000145#0:152494794-152534597 genomic_strand:+	811699ed091e8c3690e4bcb52efdde15074727321101900d54f41a49e5c95aa5
HG03470_hap1_hprc_r2_v1.0.1_HML-2_Xq28a	HML-2_Xq28a	HML-2_Xq28a	HG03470	h1	HG03470#1#CM091835.1:153953734-153961393	Xq28a	Fragment	q6039	historical_source/Documents/HML2_project_data/processed_loci/HML-2_Xq28a/HG03470_hap1_hprc_r2_v1.0.1_HML-2_Xq28a.fa	HG03470_hap1_hprc_r2_v1.0.1_HML-2_Xq28a assembly_coords:HG03470#1#CM091835.1:153954234-153960893 genomic_strand:+	399c012d4e3bc84984fa761b8cc39d7f0a30b5227cb88daf91a364c12ea5c77b
HG03471_hap2_hprc_r2_v1.0.1_HML-2_Xq28a	HML-2_Xq28a	HML-2_Xq28a	HG03471	h2	HG03471#2#JBHDXE010000008.1:152400221-152407880	Xq28a	Fragment	q6040	historical_source/Documents/HML2_project_data/processed_loci/HML-2_Xq28a/HG03471_hap2_hprc_r2_v1.0.1_HML-2_Xq28a.fa	HG03471_hap2_hprc_r2_v1.0.1_HML-2_Xq28a assembly_coords:HG03471#2#JBHDXE010000008.1:152400721-152407380 genomic_strand:+	b2f89998beaf10ab49f89f0bd680f0506f5c44d5ac5311e0e009aca5d89ea8ac
HG03516_pat_hprc_r2_v1.1.0_HML-2_Xq28a	HML-2_Xq28a	HML-2_Xq28a	HG03516	pat	HG03516#1#CM089217.1:152621287-152628946	Xq28a	Fragment	q6041	historical_source/Documents/HML2_project_data/processed_loci/HML-2_Xq28a/HG03516_pat_hprc_r2_v1.1.0_HML-2_Xq28a.fa	HG03516_pat_hprc_r2_v1.1.0_HML-2_Xq28a assembly_coords:HG03516#1#CM089217.1:152621787-152628446 genomic_strand:+	0301a1f682a798bb89dc4babf27da448274a454bb0aabef3623370691d2f1981
HG03520_h1_HML-2_Xq28a_graph_hgsvc3-2024-02-23-mc-chm13	HML-2_Xq28a	HML-2_Xq28a	HG03520	h1	HG03520#1#haplotype1-0000025#0:10031310-10071107	Xq28a	Fragment	q6042	historical_source/Documents/HML2_project_data/hgsvc3-2024-02-23-mc-chm13/HML-2_Xq28a/HG03520_h1_HML-2_Xq28a_graph_hgsvc3-2024-02-23-mc-chm13.fa	HG03520_h1_HML-2_Xq28a_graph_hgsvc3-2024-02-23-mc-chm13|HG03520#1#haplotype1-0000025#0:10031310-10071107 genomic_strand:-	44e03855b4fb003620a888c128c4acb2ff76ca00bb26888a09d7204702807c12
HG03520_h2_HML-2_Xq28a_graph_hgsvc3-2024-02-23-mc-chm13	HML-2_Xq28a	HML-2_Xq28a	HG03520	h2	HG03520#2#haplotype2-0000154#0:4651394-4691205	Xq28a	Fragment	q6043	historical_source/Documents/HML2_project_data/hgsvc3-2024-02-23-mc-chm13/HML-2_Xq28a/HG03520_h2_HML-2_Xq28a_graph_hgsvc3-2024-02-23-mc-chm13.fa	HG03520_h2_HML-2_Xq28a_graph_hgsvc3-2024-02-23-mc-chm13|HG03520#2#haplotype2-0000154#0:4651394-4691205 genomic_strand:+	328cd59312577940ad989b2d6eae7dbaf019baaa5f2e3dc438747f7f1656a0a3
HG03540_mat_hprc_r2_v1.0.1_HML-2_Xq28a	HML-2_Xq28a	HML-2_Xq28a	HG03540	mat	HG03540#2#JAGYVX020000060.1:100927228-100934888	Xq28a	Fragment	q6044	historical_source/Documents/HML2_project_data/processed_loci/HML-2_Xq28a/HG03540_mat_hprc_r2_v1.0.1_HML-2_Xq28a.fa	HG03540_mat_hprc_r2_v1.0.1_HML-2_Xq28a assembly_coords:HG03540#2#JAGYVX020000060.1:100927728-100934388 genomic_strand:+	e9ce1fe6994e3d78ff0d8df405b0ed4f9da6ee82ec1d8cb4c2d189ecaa601791
HG03540_pat_hprc_r2_v1.0.1_HML-2_Xq28a	HML-2_Xq28a	HML-2_Xq28a	HG03540	pat	HG03540#1#JAGYVY020000075.1:96226961-96234620	Xq28a	Fragment	q6045	historical_source/Documents/HML2_project_data/processed_loci/HML-2_Xq28a/HG03540_pat_hprc_r2_v1.0.1_HML-2_Xq28a.fa	HG03540_pat_hprc_r2_v1.0.1_HML-2_Xq28a assembly_coords:HG03540#1#JAGYVY020000075.1:96227461-96234120 genomic_strand:+	ba5f62a42dd699b6efc2e9eac8077e1a757bf1c2e3fc395678c3f25836c888fc
HG03583_hap2_hprc_r2_v1.0.1_HML-2_Xq28a	HML-2_Xq28a	HML-2_Xq28a	HG03583	h2	HG03583#2#JBHIKB010000001.1:101413300-101420959	Xq28a	Fragment	q6046	historical_source/Documents/HML2_project_data/processed_loci/HML-2_Xq28a/HG03583_hap2_hprc_r2_v1.0.1_HML-2_Xq28a.fa	HG03583_hap2_hprc_r2_v1.0.1_HML-2_Xq28a assembly_coords:HG03583#2#JBHIKB010000001.1:101413800-101420459 genomic_strand:+	82892b580e7d85af9ac37d76a8f92fa9d122b70bac6a39a1a9c761d9d94c08e9
HG03654_mat_hprc_r2_v1.0.1_HML-2_Xq28a	HML-2_Xq28a	HML-2_Xq28a	HG03654	mat	HG03654#2#JBHDTO010000059.1:1448451-1456110	Xq28a	Fragment	q6047	historical_source/Documents/HML2_project_data/processed_loci/HML-2_Xq28a/HG03654_mat_hprc_r2_v1.0.1_HML-2_Xq28a.fa	HG03654_mat_hprc_r2_v1.0.1_HML-2_Xq28a assembly_coords:HG03654#2#JBHDTO010000059.1:1448951-1455610 genomic_strand:+	b6e13df39e5f854589a125df7f8361856b261aecf612d3ad8bcc0b14fe116a0e
HG03683_h1_HML-2_Xq28a_graph_hgsvc3-2024-02-23-mc-chm13	HML-2_Xq28a	HML-2_Xq28a	HG03683	h1	HG03683#1#haplotype1-0000031#0:1416127-1455942	Xq28a	Fragment	q6048	historical_source/Documents/HML2_project_data/hgsvc3-2024-02-23-mc-chm13/HML-2_Xq28a/HG03683_h1_HML-2_Xq28a_graph_hgsvc3-2024-02-23-mc-chm13.fa	HG03683_h1_HML-2_Xq28a_graph_hgsvc3-2024-02-23-mc-chm13|HG03683#1#haplotype1-0000031#0:1416127-1455942 genomic_strand:-	4b56ccada5ec42c3211b51020885c8765ed4dcdfa531f69bd75efc4fab6c4538
HG03683_h2_HML-2_Xq28a_graph_hgsvc3-2024-02-23-mc-chm13	HML-2_Xq28a	HML-2_Xq28a	HG03683	h2	HG03683#2#haplotype2-0000084#0:1415814-1455627	Xq28a	Fragment	q6049	historical_source/Documents/HML2_project_data/hgsvc3-2024-02-23-mc-chm13/HML-2_Xq28a/HG03683_h2_HML-2_Xq28a_graph_hgsvc3-2024-02-23-mc-chm13.fa	HG03683_h2_HML-2_Xq28a_graph_hgsvc3-2024-02-23-mc-chm13|HG03683#2#haplotype2-0000084#0:1415814-1455627 genomic_strand:+	ec519abfbdb2804c40a0600dec87b7ba0beee222724d3d489b04d4322cd8cdcf
HG03704_pat_hprc_r2_v1.0.1_HML-2_Xq28a	HML-2_Xq28a	HML-2_Xq28a	HG03704	pat	HG03704#1#JBHDRL010000011.1:100890474-100898133	Xq28a	Fragment	q6050	historical_source/Documents/HML2_project_data/processed_loci/HML-2_Xq28a/HG03704_pat_hprc_r2_v1.0.1_HML-2_Xq28a.fa	HG03704_pat_hprc_r2_v1.0.1_HML-2_Xq28a assembly_coords:HG03704#1#JBHDRL010000011.1:100890974-100897633 genomic_strand:+	d97f74020cfd6a6393b0167cb9979255ab2a0e11cc3fad5b31bd04284142ba68
HG03732_h2_HML-2_Xq28a_graph_hgsvc3-2024-02-23-mc-chm13	HML-2_Xq28a	HML-2_Xq28a	HG03732	h2	HG03732#2#haplotype2-0000099#0:1416689-1456506	Xq28a	Fragment	q6051	historical_source/Documents/HML2_project_data/hgsvc3-2024-02-23-mc-chm13/HML-2_Xq28a/HG03732_h2_HML-2_Xq28a_graph_hgsvc3-2024-02-23-mc-chm13.fa	HG03732_h2_HML-2_Xq28a_graph_hgsvc3-2024-02-23-mc-chm13|HG03732#2#haplotype2-0000099#0:1416689-1456506 genomic_strand:+	38c5fc0e05792f62b09902a8a2cd62dce379755eb05d39c007e0ab9bf4fbc664
HG03742_hap2_hprc_r2_v1.0.1_HML-2_Xq28a	HML-2_Xq28a	HML-2_Xq28a	HG03742	h2	HG03742#2#JBHDXM010000046.1:82558105-82565764	Xq28a	Fragment	q6052	historical_source/Documents/HML2_project_data/processed_loci/HML-2_Xq28a/HG03742_hap2_hprc_r2_v1.0.1_HML-2_Xq28a.fa	HG03742_hap2_hprc_r2_v1.0.1_HML-2_Xq28a assembly_coords:HG03742#2#JBHDXM010000046.1:82558605-82565264 genomic_strand:+	7eaf904791995745ec1acb23f580f93d25cffad43097529b1ecca4e8caaac3aa
HG03784_hap2_hprc_r2_v1.0.1_HML-2_Xq28a	HML-2_Xq28a	HML-2_Xq28a	HG03784	h2	HG03784#2#JBIRDM010000013.1:101063231-101070890	Xq28a	Fragment	q6053	historical_source/Documents/HML2_project_data/processed_loci/HML-2_Xq28a/HG03784_hap2_hprc_r2_v1.0.1_HML-2_Xq28a.fa	HG03784_hap2_hprc_r2_v1.0.1_HML-2_Xq28a assembly_coords:HG03784#2#JBIRDM010000013.1:101063731-101070390 genomic_strand:+	0ad48546e540343cf186de043758f76828bf8ad7a05084250c910cdbbcd9e491
HG03804_pat_hprc_r2_v1.0.1_HML-2_Xq28a	HML-2_Xq28a	HML-2_Xq28a	HG03804	pat	HG03804#1#JBHIGQ010000051.1:152580629-152588288	Xq28a	Fragment	q6054	historical_source/Documents/HML2_project_data/processed_loci/HML-2_Xq28a/HG03804_pat_hprc_r2_v1.0.1_HML-2_Xq28a.fa	HG03804_pat_hprc_r2_v1.0.1_HML-2_Xq28a assembly_coords:HG03804#1#JBHIGQ010000051.1:152581129-152587788 genomic_strand:+	397549797f9f293e9a6ccc109173849ff6dec987bed9ed07b3d2b480def21004
HG03807_h1_HML-2_Xq28a_graph_hgsvc3-2024-02-23-mc-chm13	HML-2_Xq28a	HML-2_Xq28a	HG03807	h1	HG03807#1#haplotype1-0000026#0:1422360-1462184	Xq28a	Fragment	q6055	historical_source/Documents/HML2_project_data/hgsvc3-2024-02-23-mc-chm13/HML-2_Xq28a/HG03807_h1_HML-2_Xq28a_graph_hgsvc3-2024-02-23-mc-chm13.fa	HG03807_h1_HML-2_Xq28a_graph_hgsvc3-2024-02-23-mc-chm13|HG03807#1#haplotype1-0000026#0:1422360-1462184 genomic_strand:+	d6b6b996a6f494bf2487d0eced77ffb4f93a2968d8e7e13fe4a4441d819baf9b
HG03807_h2_HML-2_Xq28a_graph_hgsvc3-2024-02-23-mc-chm13	HML-2_Xq28a	HML-2_Xq28a	HG03807	h2	HG03807#2#haplotype2-0000103#0:1415651-1455477	Xq28a	Fragment	q6056	historical_source/Documents/HML2_project_data/hgsvc3-2024-02-23-mc-chm13/HML-2_Xq28a/HG03807_h2_HML-2_Xq28a_graph_hgsvc3-2024-02-23-mc-chm13.fa	HG03807_h2_HML-2_Xq28a_graph_hgsvc3-2024-02-23-mc-chm13|HG03807#2#haplotype2-0000103#0:1415651-1455477 genomic_strand:+	da32be07dd0048f6deebf0aa878a8297b95d00d6e65550206855f343802526ed
HG03816_pat_hprc_r2_v1.0.1_HML-2_Xq28a	HML-2_Xq28a	HML-2_Xq28a	HG03816	pat	HG03816#1#CM100039.1:153527689-153535348	Xq28a	Fragment	q6057	historical_source/Documents/HML2_project_data/processed_loci/HML-2_Xq28a/HG03816_pat_hprc_r2_v1.0.1_HML-2_Xq28a.fa	HG03816_pat_hprc_r2_v1.0.1_HML-2_Xq28a assembly_coords:HG03816#1#CM100039.1:153528189-153534848 genomic_strand:+	d1cd6eda8260161f099cc0f41572216c2fdc0ba0295b8661490f92811c162427
HG03831_mat_hprc_r2_v1.0.1_HML-2_Xq28a	HML-2_Xq28a	HML-2_Xq28a	HG03831	mat	HG03831#2#JBHDSO010000006.1:101434616-101442276	Xq28a	Fragment	q6058	historical_source/Documents/HML2_project_data/processed_loci/HML-2_Xq28a/HG03831_mat_hprc_r2_v1.0.1_HML-2_Xq28a.fa	HG03831_mat_hprc_r2_v1.0.1_HML-2_Xq28a assembly_coords:HG03831#2#JBHDSO010000006.1:101435116-101441776 genomic_strand:+	a4589061fdfdc490f79e15a124f69cf2582db31546a5b03122a0940fdf7d23f3
HG03831_pat_hprc_r2_v1.0.1_HML-2_Xq28a	HML-2_Xq28a	HML-2_Xq28a	HG03831	pat	HG03831#1#JBHDSN010000042.1:101462512-101470171	Xq28a	Fragment	q6059	historical_source/Documents/HML2_project_data/processed_loci/HML-2_Xq28a/HG03831_pat_hprc_r2_v1.0.1_HML-2_Xq28a.fa	HG03831_pat_hprc_r2_v1.0.1_HML-2_Xq28a assembly_coords:HG03831#1#JBHDSN010000042.1:101463012-101469671 genomic_strand:+	ecdd089989b5e50d9cc9cb28e375a9293d975e74b57e572522fd2cd6b6ab52b9
HG03834_mat_hprc_r2_v1.0.1_HML-2_Xq28a	HML-2_Xq28a	HML-2_Xq28a	HG03834	mat	HG03834#2#CM085821.1:152349646-152357305	Xq28a	Fragment	q6060	historical_source/Documents/HML2_project_data/processed_loci/HML-2_Xq28a/HG03834_mat_hprc_r2_v1.0.1_HML-2_Xq28a.fa	HG03834_mat_hprc_r2_v1.0.1_HML-2_Xq28a assembly_coords:HG03834#2#CM085821.1:152350146-152356805 genomic_strand:+	6376dcc6b6405abd08fe8589fe90b607a9ad74753ce156b8121c680659328c95
HG03834_pat_hprc_r2_v1.0.1_HML-2_Xq28a	HML-2_Xq28a	HML-2_Xq28a	HG03834	pat	HG03834#1#CM085808.1:152742621-152750280	Xq28a	Fragment	q6061	historical_source/Documents/HML2_project_data/processed_loci/HML-2_Xq28a/HG03834_pat_hprc_r2_v1.0.1_HML-2_Xq28a.fa	HG03834_pat_hprc_r2_v1.0.1_HML-2_Xq28a assembly_coords:HG03834#1#CM085808.1:152743121-152749780 genomic_strand:+	a4d96a44a3ff934ce55e49ac6af15c05a5aa2d380b7a8a38db5a71abf084e7fc
HG03874_hap1_hprc_r2_v1.0.1_HML-2_Xq28a	HML-2_Xq28a	HML-2_Xq28a	HG03874	h1	HG03874#1#JBHIIS010000006.1:81601825-81609484	Xq28a	Fragment	q6062	historical_source/Documents/HML2_project_data/processed_loci/HML-2_Xq28a/HG03874_hap1_hprc_r2_v1.0.1_HML-2_Xq28a.fa	HG03874_hap1_hprc_r2_v1.0.1_HML-2_Xq28a assembly_coords:HG03874#1#JBHIIS010000006.1:81602325-81608984 genomic_strand:+	1aa11b596ba07b250b96ea365b74bb0fcdb9d77970d4746f78de8999e76cb79d
HG03874_hap2_hprc_r2_v1.0.1_HML-2_Xq28a	HML-2_Xq28a	HML-2_Xq28a	HG03874	h2	HG03874#2#JBHIIT010000041.1:81528217-81535879	Xq28a	Fragment	q6063	historical_source/Documents/HML2_project_data/processed_loci/HML-2_Xq28a/HG03874_hap2_hprc_r2_v1.0.1_HML-2_Xq28a.fa	HG03874_hap2_hprc_r2_v1.0.1_HML-2_Xq28a assembly_coords:HG03874#2#JBHIIT010000041.1:81528717-81535379 genomic_strand:+	13db2e430a4448aa24a64aa3118df378f2073142a0c7abf1cac73ada960277ae
HG03942_mat_hprc_r2_v1.0.1_HML-2_Xq28a	HML-2_Xq28a	HML-2_Xq28a	HG03942	mat	HG03942#2#JBHIGT010000070.1:1449464-1457123	Xq28a	Fragment	q6064	historical_source/Documents/HML2_project_data/processed_loci/HML-2_Xq28a/HG03942_mat_hprc_r2_v1.0.1_HML-2_Xq28a.fa	HG03942_mat_hprc_r2_v1.0.1_HML-2_Xq28a assembly_coords:HG03942#2#JBHIGT010000070.1:1449964-1456623 genomic_strand:+	da530890357815ebf7c7c4dc60f9f52b9091a6dae0c6e84484231c1bd7b606fc
HG04036_h1_HML-2_Xq28a_graph_hgsvc3-2024-02-23-mc-chm13	HML-2_Xq28a	HML-2_Xq28a	HG04036	h1	HG04036#1#haplotype1-0000013#0:27682596-27722404	Xq28a	Fragment	q6065	historical_source/Documents/HML2_project_data/hgsvc3-2024-02-23-mc-chm13/HML-2_Xq28a/HG04036_h1_HML-2_Xq28a_graph_hgsvc3-2024-02-23-mc-chm13.fa	HG04036_h1_HML-2_Xq28a_graph_hgsvc3-2024-02-23-mc-chm13|HG04036#1#haplotype1-0000013#0:27682596-27722404 genomic_strand:-	ac643b923de0cd12cf7a4c3d97cf7ecb35e6764c51a0ec7c99636ecccdc8e346
HG04036_h2_HML-2_Xq28a_graph_hgsvc3-2024-02-23-mc-chm13	HML-2_Xq28a	HML-2_Xq28a	HG04036	h2	HG04036#2#haplotype2-0000089#0:24674763-24714594	Xq28a	Fragment	q6066	historical_source/Documents/HML2_project_data/hgsvc3-2024-02-23-mc-chm13/HML-2_Xq28a/HG04036_h2_HML-2_Xq28a_graph_hgsvc3-2024-02-23-mc-chm13.fa	HG04036_h2_HML-2_Xq28a_graph_hgsvc3-2024-02-23-mc-chm13|HG04036#2#haplotype2-0000089#0:24674763-24714594 genomic_strand:+	a5112daf760d9853d0694a9b843a98f2559a8556f6d2e55b8113bfb0e9686d30
HG04157_mat_hprc_r2_v1.0.1_HML-2_Xq28a	HML-2_Xq28a	HML-2_Xq28a	HG04157	mat	HG04157#2#JBHIGV010000006.1:33608732-33616391	Xq28a	Fragment	q6067	historical_source/Documents/HML2_project_data/processed_loci/HML-2_Xq28a/HG04157_mat_hprc_r2_v1.0.1_HML-2_Xq28a.fa	HG04157_mat_hprc_r2_v1.0.1_HML-2_Xq28a assembly_coords:HG04157#2#JBHIGV010000006.1:33609232-33615891 genomic_strand:+	927af5910641b95d2f89ba69634085bbd4a5316705c5a701121155b3a44c1f93
HG04160_mat_hprc_r2_v1.0.1_HML-2_Xq28a	HML-2_Xq28a	HML-2_Xq28a	HG04160	mat	HG04160#2#JBHIGX010000021.1:1251509-1259168	Xq28a	Fragment	q6068	historical_source/Documents/HML2_project_data/processed_loci/HML-2_Xq28a/HG04160_mat_hprc_r2_v1.0.1_HML-2_Xq28a.fa	HG04160_mat_hprc_r2_v1.0.1_HML-2_Xq28a assembly_coords:HG04160#2#JBHIGX010000021.1:1252009-1258668 genomic_strand:+	54ca3a150993784fec5c91f9fe76c68e59731a82982364c5625e2c12041499fb
HG04184_pat_hprc_r2_v1.0.1_HML-2_Xq28a	HML-2_Xq28a	HML-2_Xq28a	HG04184	pat	HG04184#1#JBHDSH010000047.1:101216853-101224512	Xq28a	Fragment	q6069	historical_source/Documents/HML2_project_data/processed_loci/HML-2_Xq28a/HG04184_pat_hprc_r2_v1.0.1_HML-2_Xq28a.fa	HG04184_pat_hprc_r2_v1.0.1_HML-2_Xq28a assembly_coords:HG04184#1#JBHDSH010000047.1:101217353-101224012 genomic_strand:+	d778736b2e37192ccaa6a5c85f170ad732ec8f2b66dd7e6bf59b91b7ba2f0cc9
HG04199_mat_hprc_r2_v1.0.1_HML-2_Xq28a	HML-2_Xq28a	HML-2_Xq28a	HG04199	mat	HG04199#2#CM086799.1:153503993-153511655	Xq28a	Fragment	q6070	historical_source/Documents/HML2_project_data/processed_loci/HML-2_Xq28a/HG04199_mat_hprc_r2_v1.0.1_HML-2_Xq28a.fa	HG04199_mat_hprc_r2_v1.0.1_HML-2_Xq28a assembly_coords:HG04199#2#CM086799.1:153504493-153511155 genomic_strand:+	4fe4a330e7f8c1990bae24c9d8d1af4b2f944ea108a5dc040cb3b13030c4ee55
HG04217_h1_HML-2_Xq28a_graph_hgsvc3-2024-02-23-mc-chm13	HML-2_Xq28a	HML-2_Xq28a	HG04217	h1	HG04217#1#haplotype1-0000028#0:151356161-151395980	Xq28a	Fragment	q6071	historical_source/Documents/HML2_project_data/hgsvc3-2024-02-23-mc-chm13/HML-2_Xq28a/HG04217_h1_HML-2_Xq28a_graph_hgsvc3-2024-02-23-mc-chm13.fa	HG04217_h1_HML-2_Xq28a_graph_hgsvc3-2024-02-23-mc-chm13|HG04217#1#haplotype1-0000028#0:151356161-151395980 genomic_strand:-	2ac6705ada1f628774a6ce0263c5cee2ef8c3cc420aa592e23a7be27514ffe11
HG04217_h2_HML-2_Xq28a_graph_hgsvc3-2024-02-23-mc-chm13	HML-2_Xq28a	HML-2_Xq28a	HG04217	h2	HG04217#2#haplotype2-0000058#0:1412133-1451950	Xq28a	Fragment	q6072	historical_source/Documents/HML2_project_data/hgsvc3-2024-02-23-mc-chm13/HML-2_Xq28a/HG04217_h2_HML-2_Xq28a_graph_hgsvc3-2024-02-23-mc-chm13.fa	HG04217_h2_HML-2_Xq28a_graph_hgsvc3-2024-02-23-mc-chm13|HG04217#2#haplotype2-0000058#0:1412133-1451950 genomic_strand:-	ff9b37fde0d9162054fbce870c3a067384bdc8aef398dff5452b15e3143d028e
HG06807_mat_v1.0.genbank_HML-2_Xq28a	HML-2_Xq28a	HML-2_Xq28a	HG06807	mat	HG06807#2#CM101451.1:152262966-152270626	Xq28a	Fragment	q6073	historical_source/Documents/HML2_project_data/processed_loci/HML-2_Xq28a/HG06807_mat_v1.0.genbank_HML-2_Xq28a.fa	HG06807_mat_v1.0.genbank_HML-2_Xq28a assembly_coords:HG06807#2#CM101451.1:152263466-152270126 genomic_strand:+	200d2fb7616c917e106aa91ed1c5a59e442bdf63af5c000afd194a6d34c66be5
HG06807_pat_v1.0.genbank_HML-2_Xq28a	HML-2_Xq28a	HML-2_Xq28a	HG06807	pat	HG06807#1#CM101417.1:152653574-152661233	Xq28a	Fragment	q6074	historical_source/Documents/HML2_project_data/processed_loci/HML-2_Xq28a/HG06807_pat_v1.0.genbank_HML-2_Xq28a.fa	HG06807_pat_v1.0.genbank_HML-2_Xq28a assembly_coords:HG06807#1#CM101417.1:152654074-152660733 genomic_strand:+	e66510fba03f27f7d04509a5cc0afcb6c33ba6c0782aa2417188f9cc048e2c62
NA12329_h1_HML-2_Xq28a_graph_hgsvc3-2024-02-23-mc-chm13	HML-2_Xq28a	HML-2_Xq28a	NA12329	h1	NA12329#1#haplotype1-0000017#0:759725-799544	Xq28a	Fragment	q6075	historical_source/Documents/HML2_project_data/hgsvc3-2024-02-23-mc-chm13/HML-2_Xq28a/NA12329_h1_HML-2_Xq28a_graph_hgsvc3-2024-02-23-mc-chm13.fa	NA12329_h1_HML-2_Xq28a_graph_hgsvc3-2024-02-23-mc-chm13|NA12329#1#haplotype1-0000017#0:759725-799544 genomic_strand:-	b1e43242f55a8db7576ca85fe2ed25c43ea325671193f789a08e134cdffdcfb2
NA12329_h2_HML-2_Xq28a_graph_hgsvc3-2024-02-23-mc-chm13	HML-2_Xq28a	HML-2_Xq28a	NA12329	h2	NA12329#2#haplotype2-0000074#0:759768-799580	Xq28a	Fragment	q6076	historical_source/Documents/HML2_project_data/hgsvc3-2024-02-23-mc-chm13/HML-2_Xq28a/NA12329_h2_HML-2_Xq28a_graph_hgsvc3-2024-02-23-mc-chm13.fa	NA12329_h2_HML-2_Xq28a_graph_hgsvc3-2024-02-23-mc-chm13|NA12329#2#haplotype2-0000074#0:759768-799580 genomic_strand:-	fe768c921b189140e759059ce4c781ad0cfc34d9f746d0d6bda1dfd89d578655
NA18505_hap1_hprc_r2_v1.0.1_HML-2_Xq28a	HML-2_Xq28a	HML-2_Xq28a	NA18505	h1	NA18505#1#JBHIJY010000042.1:100534820-100542481	Xq28a	Fragment	q6077	historical_source/Documents/HML2_project_data/processed_loci/HML-2_Xq28a/NA18505_hap1_hprc_r2_v1.0.1_HML-2_Xq28a.fa	NA18505_hap1_hprc_r2_v1.0.1_HML-2_Xq28a assembly_coords:NA18505#1#JBHIJY010000042.1:100535320-100541981 genomic_strand:+	d201b68cdc88345dea2c2350591a3f885dba4f8993fc5aaa7813d6d35e35b39d
NA18505_hap2_hprc_r2_v1.0.1_HML-2_Xq28a	HML-2_Xq28a	HML-2_Xq28a	NA18505	h2	NA18505#2#JBHIJZ010000010.1:99728448-99736109	Xq28a	Fragment	q6078	historical_source/Documents/HML2_project_data/processed_loci/HML-2_Xq28a/NA18505_hap2_hprc_r2_v1.0.1_HML-2_Xq28a.fa	NA18505_hap2_hprc_r2_v1.0.1_HML-2_Xq28a assembly_coords:NA18505#2#JBHIJZ010000010.1:99728948-99735609 genomic_strand:+	4a0c7e3b2318a9544fe688f7c3b2dafa1637a4aca5125e924df02e0cae369907
NA18508_hap1_hprc_r2_v1.0.1_HML-2_Xq28a	HML-2_Xq28a	HML-2_Xq28a	NA18508	h1	NA18508#1#CM089654.1:153243520-153251181	Xq28a	Fragment	q6079	historical_source/Documents/HML2_project_data/processed_loci/HML-2_Xq28a/NA18508_hap1_hprc_r2_v1.0.1_HML-2_Xq28a.fa	NA18508_hap1_hprc_r2_v1.0.1_HML-2_Xq28a assembly_coords:NA18508#1#CM089654.1:153244020-153250681 genomic_strand:+	c0ecd75cbe556559cdd02c767e6d5695900bd728cdf2e1def63bd02695f05a52
NA18508_hap2_hprc_r2_v1.0.1_HML-2_Xq28a	HML-2_Xq28a	HML-2_Xq28a	NA18508	h2	NA18508#2#CM089662.1:153039860-153047519	Xq28a	Fragment	q6080	historical_source/Documents/HML2_project_data/processed_loci/HML-2_Xq28a/NA18508_hap2_hprc_r2_v1.0.1_HML-2_Xq28a.fa	NA18508_hap2_hprc_r2_v1.0.1_HML-2_Xq28a assembly_coords:NA18508#2#CM089662.1:153040360-153047019 genomic_strand:+	e2c5c7f90fb349f1c7852001da4e8fbda4f086e81f6fe33abab3fdca2e6c1a5d
NA18522_hap2_hprc_r2_v1.0.1_HML-2_Xq28a	HML-2_Xq28a	HML-2_Xq28a	NA18522	h2	NA18522#2#JBHDWD010000014.1:4708864-4716523	Xq28a	Fragment	q6081	historical_source/Documents/HML2_project_data/processed_loci/HML-2_Xq28a/NA18522_hap2_hprc_r2_v1.0.1_HML-2_Xq28a.fa	NA18522_hap2_hprc_r2_v1.0.1_HML-2_Xq28a assembly_coords:NA18522#2#JBHDWD010000014.1:4709364-4716023 genomic_strand:+	4ece8ffdd4c2d8d45910d1ece39da81606036847873910ceb67419422e693d6d
NA18534_h2_HML-2_Xq28a_graph_hgsvc3-2024-02-23-mc-chm13	HML-2_Xq28a	HML-2_Xq28a	NA18534	h2	NA18534#2#haplotype2-0000074#0:1412297-1452110	Xq28a	Fragment	q6082	historical_source/Documents/HML2_project_data/hgsvc3-2024-02-23-mc-chm13/HML-2_Xq28a/NA18534_h2_HML-2_Xq28a_graph_hgsvc3-2024-02-23-mc-chm13.fa	NA18534_h2_HML-2_Xq28a_graph_hgsvc3-2024-02-23-mc-chm13|NA18534#2#haplotype2-0000074#0:1412297-1452110 genomic_strand:+	f56c3d84425d9c6d208f9e47a45502e9916740cd58b6bf2cc5930833de5e6f20
NA18565_hap1_hprc_r2_v1.0.1_HML-2_Xq28a	HML-2_Xq28a	HML-2_Xq28a	NA18565	h1	NA18565#1#CM094329.1:153183624-153191283	Xq28a	Fragment	q6083	historical_source/Documents/HML2_project_data/processed_loci/HML-2_Xq28a/NA18565_hap1_hprc_r2_v1.0.1_HML-2_Xq28a.fa	NA18565_hap1_hprc_r2_v1.0.1_HML-2_Xq28a assembly_coords:NA18565#1#CM094329.1:153184124-153190783 genomic_strand:+	54374cfd0790a56b169c25ca158896d40dde946e4348aea8af47867fbb26c236
NA18879_hap2_hprc_r2_v1.0.1_HML-2_Xq28a	HML-2_Xq28a	HML-2_Xq28a	NA18879	h2	NA18879#2#JBJUVN010000017.1:7746954-7754613	Xq28a	Fragment	q6084	historical_source/Documents/HML2_project_data/processed_loci/HML-2_Xq28a/NA18879_hap2_hprc_r2_v1.0.1_HML-2_Xq28a.fa	NA18879_hap2_hprc_r2_v1.0.1_HML-2_Xq28a assembly_coords:NA18879#2#JBJUVN010000017.1:7747454-7754113 genomic_strand:+	239d1ad3380c3feb52e4555e4738b26b9915c10d0ab6df15c3ca80706efee378
NA18906_mat_hprc_r2_v1.0.1_HML-2_Xq28a	HML-2_Xq28a	HML-2_Xq28a	NA18906	mat	NA18906#2#JAHEON020000051.1:97378159-97385819	Xq28a	Fragment	q6085	historical_source/Documents/HML2_project_data/processed_loci/HML-2_Xq28a/NA18906_mat_hprc_r2_v1.0.1_HML-2_Xq28a.fa	NA18906_mat_hprc_r2_v1.0.1_HML-2_Xq28a assembly_coords:NA18906#2#JAHEON020000051.1:97378659-97385319 genomic_strand:+	b8b1da9561e144ff89faffaece13de1b9bdcaefb2b624a994183553527697528
NA18906_pat_hprc_r2_v1.0.1_HML-2_Xq28a	HML-2_Xq28a	HML-2_Xq28a	NA18906	pat	NA18906#1#CM091946.1:151735038-151742697	Xq28a	Fragment	q6086	historical_source/Documents/HML2_project_data/processed_loci/HML-2_Xq28a/NA18906_pat_hprc_r2_v1.0.1_HML-2_Xq28a.fa	NA18906_pat_hprc_r2_v1.0.1_HML-2_Xq28a assembly_coords:NA18906#1#CM091946.1:151735538-151742197 genomic_strand:+	776982ab9d37ab393b1f4bc10103e580f6e42e110cba7b5ca333bd3bbc083d56
NA18939_h1_HML-2_Xq28a_graph_hgsvc3-2024-02-23-mc-chm13	HML-2_Xq28a	HML-2_Xq28a	NA18939	h1	NA18939#1#haplotype1-0000003#0:38775832-38815648	Xq28a	Fragment	q6087	historical_source/Documents/HML2_project_data/hgsvc3-2024-02-23-mc-chm13/HML-2_Xq28a/NA18939_h1_HML-2_Xq28a_graph_hgsvc3-2024-02-23-mc-chm13.fa	NA18939_h1_HML-2_Xq28a_graph_hgsvc3-2024-02-23-mc-chm13|NA18939#1#haplotype1-0000003#0:38775832-38815648 genomic_strand:-	fca166e11667a37ce967b6fbfe6d6cc76a681d10a0411cea84832c2b82d5554c
NA18939_h2_HML-2_Xq28a_graph_hgsvc3-2024-02-23-mc-chm13	HML-2_Xq28a	HML-2_Xq28a	NA18939	h2	NA18939#2#haplotype2-0000135#0:1354799-1394612	Xq28a	Fragment	q6088	historical_source/Documents/HML2_project_data/hgsvc3-2024-02-23-mc-chm13/HML-2_Xq28a/NA18939_h2_HML-2_Xq28a_graph_hgsvc3-2024-02-23-mc-chm13.fa	NA18939_h2_HML-2_Xq28a_graph_hgsvc3-2024-02-23-mc-chm13|NA18939#2#haplotype2-0000135#0:1354799-1394612 genomic_strand:-	629253d0749fa358f9d97e9ae103e56f70b31bf9043d273eea97cdb1fba444f8
NA18960_hap2_hprc_r2_v1.0.1_HML-2_Xq28a	HML-2_Xq28a	HML-2_Xq28a	NA18960	h2	NA18960#2#CM101571.1:153793265-153800924	Xq28a	Fragment	q6089	historical_source/Documents/HML2_project_data/processed_loci/HML-2_Xq28a/NA18960_hap2_hprc_r2_v1.0.1_HML-2_Xq28a.fa	NA18960_hap2_hprc_r2_v1.0.1_HML-2_Xq28a assembly_coords:NA18960#2#CM101571.1:153793765-153800424 genomic_strand:+	4947b3302cc96a6a0778c68d5de7292695ce3c1b4974580ab463559b729c760d
NA18989_h2_HML-2_Xq28a_graph_hgsvc3-2024-02-23-mc-chm13	HML-2_Xq28a	HML-2_Xq28a	NA18989	h2	NA18989#2#haplotype2-0000134#0:152299200-152339013	Xq28a	Fragment	q6090	historical_source/Documents/HML2_project_data/hgsvc3-2024-02-23-mc-chm13/HML-2_Xq28a/NA18989_h2_HML-2_Xq28a_graph_hgsvc3-2024-02-23-mc-chm13.fa	NA18989_h2_HML-2_Xq28a_graph_hgsvc3-2024-02-23-mc-chm13|NA18989#2#haplotype2-0000134#0:152299200-152339013 genomic_strand:+	08fddadad2eedd7dca8a4fef18e50fced8ba5bfb08f6b7a1c47f58a81e0f7264
NA19036_hap1_hprc_r2_v1.0.1_HML-2_Xq28a	HML-2_Xq28a	HML-2_Xq28a	NA19036	h1	NA19036#1#CM089737.1:152436452-152444111	Xq28a	Fragment	q6091	historical_source/Documents/HML2_project_data/processed_loci/HML-2_Xq28a/NA19036_hap1_hprc_r2_v1.0.1_HML-2_Xq28a.fa	NA19036_hap1_hprc_r2_v1.0.1_HML-2_Xq28a assembly_coords:NA19036#1#CM089737.1:152436952-152443611 genomic_strand:+	2fb3ec0e35165ecc067d4c15b9aca2555186d846fad94ae169a1b9385534d01e
NA19036_hap2_hprc_r2_v1.0.1_HML-2_Xq28a	HML-2_Xq28a	HML-2_Xq28a	NA19036	h2	NA19036#2#CM089750.1:153137882-153145542	Xq28a	Fragment	q6092	historical_source/Documents/HML2_project_data/processed_loci/HML-2_Xq28a/NA19036_hap2_hprc_r2_v1.0.1_HML-2_Xq28a.fa	NA19036_hap2_hprc_r2_v1.0.1_HML-2_Xq28a assembly_coords:NA19036#2#CM089750.1:153138382-153145042 genomic_strand:+	2e7c4f9bf41c68272b51c686a324bef27c8da703f0dc04330f3b1f75249036fa
NA19129_h1_HML-2_Xq28a_graph_hgsvc3-2024-02-23-mc-chm13	HML-2_Xq28a	HML-2_Xq28a	NA19129	h1	NA19129#1#haplotype1-0000026#0:152300192-152340005	Xq28a	Fragment	q6093	historical_source/Documents/HML2_project_data/hgsvc3-2024-02-23-mc-chm13/HML-2_Xq28a/NA19129_h1_HML-2_Xq28a_graph_hgsvc3-2024-02-23-mc-chm13.fa	NA19129_h1_HML-2_Xq28a_graph_hgsvc3-2024-02-23-mc-chm13|NA19129#1#haplotype1-0000026#0:152300192-152340005 genomic_strand:-	1304e98bdd8dbff7fc8024895c8b32f989b03eae3363bb29e6b058d49011bb86
NA19129_h2_HML-2_Xq28a_graph_hgsvc3-2024-02-23-mc-chm13	HML-2_Xq28a	HML-2_Xq28a	NA19129	h2	NA19129#2#haplotype2-0000093#0:1416775-1456578	Xq28a	Fragment	q6094	historical_source/Documents/HML2_project_data/hgsvc3-2024-02-23-mc-chm13/HML-2_Xq28a/NA19129_h2_HML-2_Xq28a_graph_hgsvc3-2024-02-23-mc-chm13.fa	NA19129_h2_HML-2_Xq28a_graph_hgsvc3-2024-02-23-mc-chm13|NA19129#2#haplotype2-0000093#0:1416775-1456578 genomic_strand:+	c0364b1eb72ed3862e3f1b52ea0096747549202e4d20c297e3fb66df3ada50e8
NA19159_hap1_hprc_r2_v1.0.1_HML-2_Xq28a	HML-2_Xq28a	HML-2_Xq28a	NA19159	h1	NA19159#1#JBJXQL010000016.1:82608609-82616270	Xq28a	Fragment	q6095	historical_source/Documents/HML2_project_data/processed_loci/HML-2_Xq28a/NA19159_hap1_hprc_r2_v1.0.1_HML-2_Xq28a.fa	NA19159_hap1_hprc_r2_v1.0.1_HML-2_Xq28a assembly_coords:NA19159#1#JBJXQL010000016.1:82609109-82615770 genomic_strand:+	99ea9231a7afd4ccf367334d5f892947eeca7544e160ae0e5f69333aae5ecbfe
NA19185_hap1_hprc_r2_v1.0.1_HML-2_Xq28a	HML-2_Xq28a	HML-2_Xq28a	NA19185	h1	NA19185#1#JBHDXR010000009.1:101097143-101104804	Xq28a	Fragment	q6096	historical_source/Documents/HML2_project_data/processed_loci/HML-2_Xq28a/NA19185_hap1_hprc_r2_v1.0.1_HML-2_Xq28a.fa	NA19185_hap1_hprc_r2_v1.0.1_HML-2_Xq28a assembly_coords:NA19185#1#JBHDXR010000009.1:101097643-101104304 genomic_strand:+	4cbf67a21c4b3c9ee1350903d98a41ed0c80e9bbb13ee5da9a26bdd58408e3c3
NA19185_hap2_hprc_r2_v1.0.1_HML-2_Xq28a	HML-2_Xq28a	HML-2_Xq28a	NA19185	h2	NA19185#2#JBHDXS010000003.1:100074656-100082316	Xq28a	Fragment	q6097	historical_source/Documents/HML2_project_data/processed_loci/HML-2_Xq28a/NA19185_hap2_hprc_r2_v1.0.1_HML-2_Xq28a.fa	NA19185_hap2_hprc_r2_v1.0.1_HML-2_Xq28a assembly_coords:NA19185#2#JBHDXS010000003.1:100075156-100081816 genomic_strand:+	42c943464607f2cbdee7d69d4add7f4d342037458ff6b6636511937952fcfe05
NA19238_h1_HML-2_Xq28a_graph_hgsvc3-2024-02-23-mc-chm13	HML-2_Xq28a	HML-2_Xq28a	NA19238	h1	NA19238#1#haplotype1-0000003#0:1423198-1463031	Xq28a	Fragment	q6098	historical_source/Documents/HML2_project_data/hgsvc3-2024-02-23-mc-chm13/HML-2_Xq28a/NA19238_h1_HML-2_Xq28a_graph_hgsvc3-2024-02-23-mc-chm13.fa	NA19238_h1_HML-2_Xq28a_graph_hgsvc3-2024-02-23-mc-chm13|NA19238#1#haplotype1-0000003#0:1423198-1463031 genomic_strand:+	0757af1e777b64f546a1aff76c3e9a0b61ecd55a6a8aeccf87fb39967321b280
NA19238_h2_HML-2_Xq28a_graph_hgsvc3-2024-02-23-mc-chm13	HML-2_Xq28a	HML-2_Xq28a	NA19238	h2	NA19238#2#haplotype2-0000099#0:1424772-1464563	Xq28a	Fragment	q6099	historical_source/Documents/HML2_project_data/hgsvc3-2024-02-23-mc-chm13/HML-2_Xq28a/NA19238_h2_HML-2_Xq28a_graph_hgsvc3-2024-02-23-mc-chm13.fa	NA19238_h2_HML-2_Xq28a_graph_hgsvc3-2024-02-23-mc-chm13|NA19238#2#haplotype2-0000099#0:1424772-1464563 genomic_strand:+	a7cacb600a60f4542faabe7bbf521e9b640471eba0cbe3797c6cfa1aa61cc4d6
NA19239_h2_HML-2_Xq28a_graph_hgsvc3-2024-02-23-mc-chm13	HML-2_Xq28a	HML-2_Xq28a	NA19239	h2	NA19239#2#haplotype2-0000096#0:152732702-152772505	Xq28a	Fragment	q6100	historical_source/Documents/HML2_project_data/hgsvc3-2024-02-23-mc-chm13/HML-2_Xq28a/NA19239_h2_HML-2_Xq28a_graph_hgsvc3-2024-02-23-mc-chm13.fa	NA19239_h2_HML-2_Xq28a_graph_hgsvc3-2024-02-23-mc-chm13|NA19239#2#haplotype2-0000096#0:152732702-152772505 genomic_strand:+	9a311be9d623da85da1ce6de94bbbe846cf2c50f9677bcc3d6c4605a5cb314a4
NA19240_mat_hprc_r2_v1.0.1_HML-2_Xq28a	HML-2_Xq28a	HML-2_Xq28a	NA19240	mat	NA19240#2#CM099627.1:153009207-153016868	Xq28a	Fragment	q6101	historical_source/Documents/HML2_project_data/processed_loci/HML-2_Xq28a/NA19240_mat_hprc_r2_v1.0.1_HML-2_Xq28a.fa	NA19240_mat_hprc_r2_v1.0.1_HML-2_Xq28a assembly_coords:NA19240#2#CM099627.1:153009707-153016368 genomic_strand:+	4a1f436f127740c5643f5ba3805b88f2d616cb6360a46a071291086d211a9a7b
NA19240_pat_hprc_r2_v1.0.1_HML-2_Xq28a	HML-2_Xq28a	HML-2_Xq28a	NA19240	pat	NA19240#1#CM099589.1:152716274-152723933	Xq28a	Fragment	q6102	historical_source/Documents/HML2_project_data/processed_loci/HML-2_Xq28a/NA19240_pat_hprc_r2_v1.0.1_HML-2_Xq28a.fa	NA19240_pat_hprc_r2_v1.0.1_HML-2_Xq28a assembly_coords:NA19240#1#CM099589.1:152716774-152723433 genomic_strand:+	4f4fed6ce00caccd888d2f820f025f06354c7c2ad8c42f864dcda890657cff43
NA19317_h2_HML-2_Xq28a_graph_hgsvc3-2024-02-23-mc-chm13	HML-2_Xq28a	HML-2_Xq28a	NA19317	h2	NA19317#2#haplotype2-0000065#0:153361995-153401826	Xq28a	Fragment	q6103	historical_source/Documents/HML2_project_data/hgsvc3-2024-02-23-mc-chm13/HML-2_Xq28a/NA19317_h2_HML-2_Xq28a_graph_hgsvc3-2024-02-23-mc-chm13.fa	NA19317_h2_HML-2_Xq28a_graph_hgsvc3-2024-02-23-mc-chm13|NA19317#2#haplotype2-0000065#0:153361995-153401826 genomic_strand:+	d118a13383c2f771b59b63137bc001747249f5becb2439a4a5510c344c7bf79b
NA19331_h2_HML-2_Xq28a_graph_hgsvc3-2024-02-23-mc-chm13	HML-2_Xq28a	HML-2_Xq28a	NA19331	h2	NA19331#2#haplotype2-0000163#0:1412553-1452384	Xq28a	Fragment	q6104	historical_source/Documents/HML2_project_data/hgsvc3-2024-02-23-mc-chm13/HML-2_Xq28a/NA19331_h2_HML-2_Xq28a_graph_hgsvc3-2024-02-23-mc-chm13.fa	NA19331_h2_HML-2_Xq28a_graph_hgsvc3-2024-02-23-mc-chm13|NA19331#2#haplotype2-0000163#0:1412553-1452384 genomic_strand:+	b1e6e74fcf610c6ccef736195c9f63e3fa3fc6534bfee61804f3518e80451d97
NA19347_h2_HML-2_Xq28a_graph_hgsvc3-2024-02-23-mc-chm13	HML-2_Xq28a	HML-2_Xq28a	NA19347	h2	NA19347#2#haplotype2-0000090#0:153650591-153690359	Xq28a	Fragment	q6105	historical_source/Documents/HML2_project_data/hgsvc3-2024-02-23-mc-chm13/HML-2_Xq28a/NA19347_h2_HML-2_Xq28a_graph_hgsvc3-2024-02-23-mc-chm13.fa	NA19347_h2_HML-2_Xq28a_graph_hgsvc3-2024-02-23-mc-chm13|NA19347#2#haplotype2-0000090#0:153650591-153690359 genomic_strand:+	746f4ce821715b9a3ccefc909d722ec26844fff426087212d8e72704f98f1d08
NA19384_h2_HML-2_Xq28a_graph_hgsvc3-2024-02-23-mc-chm13	HML-2_Xq28a	HML-2_Xq28a	NA19384	h2	NA19384#2#haplotype2-0000126#0:151965632-152005448	Xq28a	Fragment	q6106	historical_source/Documents/HML2_project_data/hgsvc3-2024-02-23-mc-chm13/HML-2_Xq28a/NA19384_h2_HML-2_Xq28a_graph_hgsvc3-2024-02-23-mc-chm13.fa	NA19384_h2_HML-2_Xq28a_graph_hgsvc3-2024-02-23-mc-chm13|NA19384#2#haplotype2-0000126#0:151965632-152005448 genomic_strand:-	1d2efd381ba7ce582c04c850583f97cd86f609e8dd4343d7c8daafbe4a7b77b8
NA19391_hap1_hprc_r2_v1.0.1_HML-2_Xq28a	HML-2_Xq28a	HML-2_Xq28a	NA19391	h1	NA19391#1#CM087800.1:152730918-152738577	Xq28a	Fragment	q6107	historical_source/Documents/HML2_project_data/processed_loci/HML-2_Xq28a/NA19391_hap1_hprc_r2_v1.0.1_HML-2_Xq28a.fa	NA19391_hap1_hprc_r2_v1.0.1_HML-2_Xq28a assembly_coords:NA19391#1#CM087800.1:152731418-152738077 genomic_strand:+	fc8866a5a8dfa7e8b98213bbeccc5a2501d3a486712572eb7d8b1d27e5a50483
NA19391_hap2_hprc_r2_v1.0.1_HML-2_Xq28a	HML-2_Xq28a	HML-2_Xq28a	NA19391	h2	NA19391#2#CM087815.1:153021273-153028932	Xq28a	Fragment	q6108	historical_source/Documents/HML2_project_data/processed_loci/HML-2_Xq28a/NA19391_hap2_hprc_r2_v1.0.1_HML-2_Xq28a.fa	NA19391_hap2_hprc_r2_v1.0.1_HML-2_Xq28a assembly_coords:NA19391#2#CM087815.1:153021773-153028432 genomic_strand:+	6e298dc7bd2cc27939d3634a31b66c3e140b1911da87361d3ebfabe50b4d0794
NA19434_h1_HML-2_Xq28a_graph_hgsvc3-2024-02-23-mc-chm13	HML-2_Xq28a	HML-2_Xq28a	NA19434	h1	NA19434#1#haplotype1-0000022#0:149373047-149412861	Xq28a	Fragment	q6109	historical_source/Documents/HML2_project_data/hgsvc3-2024-02-23-mc-chm13/HML-2_Xq28a/NA19434_h1_HML-2_Xq28a_graph_hgsvc3-2024-02-23-mc-chm13.fa	NA19434_h1_HML-2_Xq28a_graph_hgsvc3-2024-02-23-mc-chm13|NA19434#1#haplotype1-0000022#0:149373047-149412861 genomic_strand:-	6626a02b6be81b92e4e6eb8b2d74d0b167f72148277c6b531f4a1c7d69effd69
NA19434_h2_HML-2_Xq28a_graph_hgsvc3-2024-02-23-mc-chm13	HML-2_Xq28a	HML-2_Xq28a	NA19434	h2	NA19434#2#haplotype2-0000105#0:1296971-1336761	Xq28a	Fragment	q6110	historical_source/Documents/HML2_project_data/hgsvc3-2024-02-23-mc-chm13/HML-2_Xq28a/NA19434_h2_HML-2_Xq28a_graph_hgsvc3-2024-02-23-mc-chm13.fa	NA19434_h2_HML-2_Xq28a_graph_hgsvc3-2024-02-23-mc-chm13|NA19434#2#haplotype2-0000105#0:1296971-1336761 genomic_strand:-	15f6c3d9ffd7cd4462e9ecc0febe417fc2c8beaa066478f4d73e00daed581589
NA19443_hap2_hprc_r2_v1.0.1_HML-2_Xq28a	HML-2_Xq28a	HML-2_Xq28a	NA19443	h2	NA19443#2#JBHIIR010000044.1:104276499-104284160	Xq28a	Fragment	q6111	historical_source/Documents/HML2_project_data/processed_loci/HML-2_Xq28a/NA19443_hap2_hprc_r2_v1.0.1_HML-2_Xq28a.fa	NA19443_hap2_hprc_r2_v1.0.1_HML-2_Xq28a assembly_coords:NA19443#2#JBHIIR010000044.1:104276999-104283660 genomic_strand:+	485f8e26e8cb0764dd615b9ee3c520feb26c2ef63f9b74655a99f9c3b494d780
NA19468_hap1_hprc_r2_v1.0.1_HML-2_Xq28a	HML-2_Xq28a	HML-2_Xq28a	NA19468	h1	NA19468#1#JBHDXX010000001.1:100295662-100303321	Xq28a	Fragment	q6112	historical_source/Documents/HML2_project_data/processed_loci/HML-2_Xq28a/NA19468_hap1_hprc_r2_v1.0.1_HML-2_Xq28a.fa	NA19468_hap1_hprc_r2_v1.0.1_HML-2_Xq28a assembly_coords:NA19468#1#JBHDXX010000001.1:100296162-100302821 genomic_strand:+	7652d92cebdbb7cfdabc0ea9e2ae4231de4cbef66af219f3d2fb89557020a8a1
NA19650_h2_HML-2_Xq28a_graph_hgsvc3-2024-02-23-mc-chm13	HML-2_Xq28a	HML-2_Xq28a	NA19650	h2	NA19650#2#haplotype2-0000073#0:153020210-153060023	Xq28a	Fragment	q6113	historical_source/Documents/HML2_project_data/hgsvc3-2024-02-23-mc-chm13/HML-2_Xq28a/NA19650_h2_HML-2_Xq28a_graph_hgsvc3-2024-02-23-mc-chm13.fa	NA19650_h2_HML-2_Xq28a_graph_hgsvc3-2024-02-23-mc-chm13|NA19650#2#haplotype2-0000073#0:153020210-153060023 genomic_strand:-	6578ebbb08b23e1af0a75d9ddf88a5a6f1654abbe5ffef8b096b260259ae4dfa
NA19700_hap2_hprc_r2_v1.0.1_HML-2_Xq28a	HML-2_Xq28a	HML-2_Xq28a	NA19700	h2	NA19700#2#CM089646.1:151768022-151775683	Xq28a	Fragment	q6114	historical_source/Documents/HML2_project_data/processed_loci/HML-2_Xq28a/NA19700_hap2_hprc_r2_v1.0.1_HML-2_Xq28a.fa	NA19700_hap2_hprc_r2_v1.0.1_HML-2_Xq28a assembly_coords:NA19700#2#CM089646.1:151768522-151775183 genomic_strand:+	d83ee1f27b1473a47a1dc0799e9d08c82780e7720b3c463552f1b3a6449995a0
NA19705_h2_HML-2_Xq28a_graph_hgsvc3-2024-02-23-mc-chm13	HML-2_Xq28a	HML-2_Xq28a	NA19705	h2	NA19705#2#haplotype2-0000091#0:152664100-152703917	Xq28a	Fragment	q6115	historical_source/Documents/HML2_project_data/hgsvc3-2024-02-23-mc-chm13/HML-2_Xq28a/NA19705_h2_HML-2_Xq28a_graph_hgsvc3-2024-02-23-mc-chm13.fa	NA19705_h2_HML-2_Xq28a_graph_hgsvc3-2024-02-23-mc-chm13|NA19705#2#haplotype2-0000091#0:152664100-152703917 genomic_strand:-	027a6f5fca06c2e4270b529399bc0f75f032c23dcc545c6ec8c044dcf78eed33
NA19776_hap2_hprc_r2_v1.0.1_HML-2_Xq28a	HML-2_Xq28a	HML-2_Xq28a	NA19776	h2	NA19776#2#JBIRDC010000008.1:81555863-81563525	Xq28a	Fragment	q6116	historical_source/Documents/HML2_project_data/processed_loci/HML-2_Xq28a/NA19776_hap2_hprc_r2_v1.0.1_HML-2_Xq28a.fa	NA19776_hap2_hprc_r2_v1.0.1_HML-2_Xq28a assembly_coords:NA19776#2#JBIRDC010000008.1:81556363-81563025 genomic_strand:+	1b4014d511d49a88863d5bab332ecf4188690a3acf947f934713128eec73a76e
NA19835_hap1_hprc_r2_v1.0.1_HML-2_Xq28a	HML-2_Xq28a	HML-2_Xq28a	NA19835	h1	NA19835#1#JBIRCZ010000014.1:7718004-7725663	Xq28a	Fragment	q6117	historical_source/Documents/HML2_project_data/processed_loci/HML-2_Xq28a/NA19835_hap1_hprc_r2_v1.0.1_HML-2_Xq28a.fa	NA19835_hap1_hprc_r2_v1.0.1_HML-2_Xq28a assembly_coords:NA19835#1#JBIRCZ010000014.1:7718504-7725163 genomic_strand:+	052d95b7e580e42d22470cd6e28ad897dabac5b1118685d98e694f6987018335
NA19835_hap2_hprc_r2_v1.0.1_HML-2_Xq28a	HML-2_Xq28a	HML-2_Xq28a	NA19835	h2	NA19835#2#JBIRDA010000044.1:7835000-7842660	Xq28a	Fragment	q6118	historical_source/Documents/HML2_project_data/processed_loci/HML-2_Xq28a/NA19835_hap2_hprc_r2_v1.0.1_HML-2_Xq28a.fa	NA19835_hap2_hprc_r2_v1.0.1_HML-2_Xq28a assembly_coords:NA19835#2#JBIRDA010000044.1:7835500-7842160 genomic_strand:+	bde64ce3f8f2b606ac3c902a347422bd9728200e25aee75e1f715af64700fa02
NA19836_h1_HML-2_Xq28a_graph_hgsvc3-2024-02-23-mc-chm13	HML-2_Xq28a	HML-2_Xq28a	NA19836	h1	NA19836#1#haplotype1-0000017#0:23213399-23253234	Xq28a	Fragment	q6119	historical_source/Documents/HML2_project_data/hgsvc3-2024-02-23-mc-chm13/HML-2_Xq28a/NA19836_h1_HML-2_Xq28a_graph_hgsvc3-2024-02-23-mc-chm13.fa	NA19836_h1_HML-2_Xq28a_graph_hgsvc3-2024-02-23-mc-chm13|NA19836#1#haplotype1-0000017#0:23213399-23253234 genomic_strand:+	7f8014e88e40a78d5359ed408422f8b04e772f29d785eb8a2bad6c48b952fb4e
NA19836_h2_HML-2_Xq28a_graph_hgsvc3-2024-02-23-mc-chm13	HML-2_Xq28a	HML-2_Xq28a	NA19836	h2	NA19836#2#haplotype2-0000126#0:27815156-27854959	Xq28a	Fragment	q6120	historical_source/Documents/HML2_project_data/hgsvc3-2024-02-23-mc-chm13/HML-2_Xq28a/NA19836_h2_HML-2_Xq28a_graph_hgsvc3-2024-02-23-mc-chm13.fa	NA19836_h2_HML-2_Xq28a_graph_hgsvc3-2024-02-23-mc-chm13|NA19836#2#haplotype2-0000126#0:27815156-27854959 genomic_strand:+	7c4329c9d39798d99016e858ba8f95f02456ab01df1d4c1e1c4f8ec22bdbde94
NA19909_hap1_hprc_r2_v1.0.1_HML-2_Xq28a	HML-2_Xq28a	HML-2_Xq28a	NA19909	h1	NA19909#1#CM094131.1:153239122-153246781	Xq28a	Fragment	q6121	historical_source/Documents/HML2_project_data/processed_loci/HML-2_Xq28a/NA19909_hap1_hprc_r2_v1.0.1_HML-2_Xq28a.fa	NA19909_hap1_hprc_r2_v1.0.1_HML-2_Xq28a assembly_coords:NA19909#1#CM094131.1:153239622-153246281 genomic_strand:+	85e3be54dc442bdf1f47692ec325e88dcec375dc9b984785cbdc46e855772183
NA19983_h1_HML-2_Xq28a_graph_hgsvc3-2024-02-23-mc-chm13	HML-2_Xq28a	HML-2_Xq28a	NA19983	h1	NA19983#1#haplotype1-0000024#0:1414704-1454523	Xq28a	Fragment	q6122	historical_source/Documents/HML2_project_data/hgsvc3-2024-02-23-mc-chm13/HML-2_Xq28a/NA19983_h1_HML-2_Xq28a_graph_hgsvc3-2024-02-23-mc-chm13.fa	NA19983_h1_HML-2_Xq28a_graph_hgsvc3-2024-02-23-mc-chm13|NA19983#1#haplotype1-0000024#0:1414704-1454523 genomic_strand:-	559e5f68d852ac6bc314152897a8fe2933ec2ed43a8cd383a5c414f933b18b15
NA19983_h2_HML-2_Xq28a_graph_hgsvc3-2024-02-23-mc-chm13	HML-2_Xq28a	HML-2_Xq28a	NA19983	h2	NA19983#2#haplotype2-0000087#0:152926272-152966077	Xq28a	Fragment	q6123	historical_source/Documents/HML2_project_data/hgsvc3-2024-02-23-mc-chm13/HML-2_Xq28a/NA19983_h2_HML-2_Xq28a_graph_hgsvc3-2024-02-23-mc-chm13.fa	NA19983_h2_HML-2_Xq28a_graph_hgsvc3-2024-02-23-mc-chm13|NA19983#2#haplotype2-0000087#0:152926272-152966077 genomic_strand:-	9b10cb424026ac04ca15b764ec4d18ed7943e5f4bb78481bde6313aacaf86643
NA20129_mat_hprc_r2_v1.0.1_HML-2_Xq28a	HML-2_Xq28a	HML-2_Xq28a	NA20129	mat	NA20129#2#JAHEPD020000013.1:81643362-81651021	Xq28a	Fragment	q6124	historical_source/Documents/HML2_project_data/processed_loci/HML-2_Xq28a/NA20129_mat_hprc_r2_v1.0.1_HML-2_Xq28a.fa	NA20129_mat_hprc_r2_v1.0.1_HML-2_Xq28a assembly_coords:NA20129#2#JAHEPD020000013.1:81643862-81650521 genomic_strand:+	482f67e086274b6dc8322f6b3be041fc1bb1b22eafa20e8df5caff754c12a4ca
NA20129_pat_hprc_r2_v1.0.1_HML-2_Xq28a	HML-2_Xq28a	HML-2_Xq28a	NA20129	pat	NA20129#1#JAHEPE020000056.1:81818411-81826070	Xq28a	Fragment	q6125	historical_source/Documents/HML2_project_data/processed_loci/HML-2_Xq28a/NA20129_pat_hprc_r2_v1.0.1_HML-2_Xq28a.fa	NA20129_pat_hprc_r2_v1.0.1_HML-2_Xq28a assembly_coords:NA20129#1#JAHEPE020000056.1:81818911-81825570 genomic_strand:+	7c1aedd1daf0d72047afd155b8aea81ae68e22a00c5c17bde8cd8fe29bdae015
NA20282_hap1_hprc_r2_v1.0.1_HML-2_Xq28a	HML-2_Xq28a	HML-2_Xq28a	NA20282	h1	NA20282#1#CM094279.1:153253761-153261420	Xq28a	Fragment	q6126	historical_source/Documents/HML2_project_data/processed_loci/HML-2_Xq28a/NA20282_hap1_hprc_r2_v1.0.1_HML-2_Xq28a.fa	NA20282_hap1_hprc_r2_v1.0.1_HML-2_Xq28a assembly_coords:NA20282#1#CM094279.1:153254261-153260920 genomic_strand:+	d8cdd6fd64357fca136c75886d85767950870d27d08b99da2add841ca3481921
NA20355_h1_HML-2_Xq28a_graph_hgsvc3-2024-02-23-mc-chm13	HML-2_Xq28a	HML-2_Xq28a	NA20355	h1	NA20355#1#haplotype1-0000011#0:45655098-45694931	Xq28a	Fragment	q6127	historical_source/Documents/HML2_project_data/hgsvc3-2024-02-23-mc-chm13/HML-2_Xq28a/NA20355_h1_HML-2_Xq28a_graph_hgsvc3-2024-02-23-mc-chm13.fa	NA20355_h1_HML-2_Xq28a_graph_hgsvc3-2024-02-23-mc-chm13|NA20355#1#haplotype1-0000011#0:45655098-45694931 genomic_strand:-	640269ea4cfc9347cb276683d3ebdbcab769f4a6854ef4e084bdf6583b0051bb
NA20355_h2_HML-2_Xq28a_graph_hgsvc3-2024-02-23-mc-chm13	HML-2_Xq28a	HML-2_Xq28a	NA20355	h2	NA20355#2#haplotype2-0000171#0:1422087-1461890	Xq28a	Fragment	q6128	historical_source/Documents/HML2_project_data/hgsvc3-2024-02-23-mc-chm13/HML-2_Xq28a/NA20355_h2_HML-2_Xq28a_graph_hgsvc3-2024-02-23-mc-chm13.fa	NA20355_h2_HML-2_Xq28a_graph_hgsvc3-2024-02-23-mc-chm13|NA20355#2#haplotype2-0000171#0:1422087-1461890 genomic_strand:+	bbceed59f70defcef7abe366b2079f6d7d2a858ecfabad488e6ed1749772e7f1
NA20503_hap1_hprc_r2_v1.0.1_HML-2_Xq28a	HML-2_Xq28a	HML-2_Xq28a	NA20503	h1	NA20503#1#JBKOQS010000008.1:153467219-153474881	Xq28a	Fragment	q6129	historical_source/Documents/HML2_project_data/processed_loci/HML-2_Xq28a/NA20503_hap1_hprc_r2_v1.0.1_HML-2_Xq28a.fa	NA20503_hap1_hprc_r2_v1.0.1_HML-2_Xq28a assembly_coords:NA20503#1#JBKOQS010000008.1:153467719-153474381 genomic_strand:+	f5cce67d252c41dc709d58b647e575aac48722c99acc5da51570e3f2ebdb0ede
NA20509_h2_HML-2_Xq28a_graph_hgsvc3-2024-02-23-mc-chm13	HML-2_Xq28a	HML-2_Xq28a	NA20509	h2	NA20509#2#haplotype2-0000087#0:1413941-1453747	Xq28a	Fragment	q6130	historical_source/Documents/HML2_project_data/hgsvc3-2024-02-23-mc-chm13/HML-2_Xq28a/NA20509_h2_HML-2_Xq28a_graph_hgsvc3-2024-02-23-mc-chm13.fa	NA20509_h2_HML-2_Xq28a_graph_hgsvc3-2024-02-23-mc-chm13|NA20509#2#haplotype2-0000087#0:1413941-1453747 genomic_strand:-	cab37ffa4aa93e53e0386667e74711685908ac8dfb0ca4f2cb5525db106a1e0d
NA20752_hap2_hprc_r2_v1.0.1_HML-2_Xq28a	HML-2_Xq28a	HML-2_Xq28a	NA20752	h2	NA20752#2#JBJUVR010000050.1:81587637-81595296	Xq28a	Fragment	q6131	historical_source/Documents/HML2_project_data/processed_loci/HML-2_Xq28a/NA20752_hap2_hprc_r2_v1.0.1_HML-2_Xq28a.fa	NA20752_hap2_hprc_r2_v1.0.1_HML-2_Xq28a assembly_coords:NA20752#2#JBJUVR010000050.1:81588137-81594796 genomic_strand:+	1abddc9707fdebd983569675d3f4aa014fb8c0e6993e60387fcfe5d5e7776bf3
NA20847_h1_HML-2_Xq28a_graph_hgsvc3-2024-02-23-mc-chm13	HML-2_Xq28a	HML-2_Xq28a	NA20847	h1	NA20847#1#haplotype1-0000043#0:1422364-1462176	Xq28a	Fragment	q6132	historical_source/Documents/HML2_project_data/hgsvc3-2024-02-23-mc-chm13/HML-2_Xq28a/NA20847_h1_HML-2_Xq28a_graph_hgsvc3-2024-02-23-mc-chm13.fa	NA20847_h1_HML-2_Xq28a_graph_hgsvc3-2024-02-23-mc-chm13|NA20847#1#haplotype1-0000043#0:1422364-1462176 genomic_strand:-	464a84c6ce1de2e53047108510258b1cd7495c4a8e54121328ef7d51e7272dd8
NA20847_h2_HML-2_Xq28a_graph_hgsvc3-2024-02-23-mc-chm13	HML-2_Xq28a	HML-2_Xq28a	NA20847	h2	NA20847#2#haplotype2-0000140#0:132547451-132587266	Xq28a	Fragment	q6133	historical_source/Documents/HML2_project_data/hgsvc3-2024-02-23-mc-chm13/HML-2_Xq28a/NA20847_h2_HML-2_Xq28a_graph_hgsvc3-2024-02-23-mc-chm13.fa	NA20847_h2_HML-2_Xq28a_graph_hgsvc3-2024-02-23-mc-chm13|NA20847#2#haplotype2-0000140#0:132547451-132587266 genomic_strand:-	ec89ef242b8b96b352d15e0fe11bfa7acdde3b560e628414fffe0f7d5e1098a2
NA20905_hap2_hprc_r2_v1.0.1_HML-2_Xq28a	HML-2_Xq28a	HML-2_Xq28a	NA20905	h2	NA20905#2#JBHDWZ010000011.1:101824755-101832414	Xq28a	Fragment	q6134	historical_source/Documents/HML2_project_data/processed_loci/HML-2_Xq28a/NA20905_hap2_hprc_r2_v1.0.1_HML-2_Xq28a.fa	NA20905_hap2_hprc_r2_v1.0.1_HML-2_Xq28a assembly_coords:NA20905#2#JBHDWZ010000011.1:101825255-101831914 genomic_strand:+	2ce2970cfda62bba3d696bd0340ff81b9dc535451bff9ad36c7b4baa1c792909
NA21102_hap1_hprc_r2_v1.0.1_HML-2_Xq28a	HML-2_Xq28a	HML-2_Xq28a	NA21102	h1	NA21102#1#CM094433.1:153872337-153879996	Xq28a	Fragment	q6135	historical_source/Documents/HML2_project_data/processed_loci/HML-2_Xq28a/NA21102_hap1_hprc_r2_v1.0.1_HML-2_Xq28a.fa	NA21102_hap1_hprc_r2_v1.0.1_HML-2_Xq28a assembly_coords:NA21102#1#CM094433.1:153872837-153879496 genomic_strand:+	7f50b5c1f6195edd0d501b85d404db4f13002aa0d43485da659d182c1d6c0858
NA21110_hap2_hprc_r2_v1.0.1_HML-2_Xq28a	HML-2_Xq28a	HML-2_Xq28a	NA21110	h2	NA21110#2#CM089694.1:153733353-153741015	Xq28a	Fragment	q6136	historical_source/Documents/HML2_project_data/processed_loci/HML-2_Xq28a/NA21110_hap2_hprc_r2_v1.0.1_HML-2_Xq28a.fa	NA21110_hap2_hprc_r2_v1.0.1_HML-2_Xq28a assembly_coords:NA21110#2#CM089694.1:153733853-153740515 genomic_strand:+	eca339fa12c13393367e05001861e7f86de4340dd48eaf1528e33d0c54376e85
NA21309_pat_hprc_r2_v1.0.1_HML-2_Xq28a	HML-2_Xq28a	HML-2_Xq28a	NA21309	pat	NA21309#1#JAHEPC020000016.1:92154659-92162320	Xq28a	Fragment	q6137	historical_source/Documents/HML2_project_data/processed_loci/HML-2_Xq28a/NA21309_pat_hprc_r2_v1.0.1_HML-2_Xq28a.fa	NA21309_pat_hprc_r2_v1.0.1_HML-2_Xq28a assembly_coords:NA21309#1#JAHEPC020000016.1:92155159-92161820 genomic_strand:+	c2e637386c2fb9e0cf8523e1743841a5f3cc85cfc7039f8cbf318f6b5593c8dc
NA21487_h1_HML-2_Xq28a_graph_hgsvc3-2024-02-23-mc-chm13	HML-2_Xq28a	HML-2_Xq28a	NA21487	h1	NA21487#1#haplotype1-0000008#0:37886202-37926015	Xq28a	Fragment	q6138	historical_source/Documents/HML2_project_data/hgsvc3-2024-02-23-mc-chm13/HML-2_Xq28a/NA21487_h1_HML-2_Xq28a_graph_hgsvc3-2024-02-23-mc-chm13.fa	NA21487_h1_HML-2_Xq28a_graph_hgsvc3-2024-02-23-mc-chm13|NA21487#1#haplotype1-0000008#0:37886202-37926015 genomic_strand:+	1afc241b781ca8faf20058d020b90f7f454666d1547ebebe17c8798644fff2d8
NA21487_h2_HML-2_Xq28a_graph_hgsvc3-2024-02-23-mc-chm13	HML-2_Xq28a	HML-2_Xq28a	NA21487	h2	NA21487#2#haplotype2-0000141#0:153285474-153325281	Xq28a	Fragment	q6139	historical_source/Documents/HML2_project_data/hgsvc3-2024-02-23-mc-chm13/HML-2_Xq28a/NA21487_h2_HML-2_Xq28a_graph_hgsvc3-2024-02-23-mc-chm13.fa	NA21487_h2_HML-2_Xq28a_graph_hgsvc3-2024-02-23-mc-chm13|NA21487#2#haplotype2-0000141#0:153285474-153325281 genomic_strand:+	5a78c07d1a68a32d8bf9a40655d7cba0e9a2bc19c670e3de53479915d33625a0
NA24385_h1_HML-2_Xq28a_graph_hgsvc3-2024-02-23-mc-chm13	HML-2_Xq28a	HML-2_Xq28a	NA24385	h1	NA24385#1#haplotype1-0000005#0:152890176-152929989	Xq28a	Fragment	q6140	historical_source/Documents/HML2_project_data/hgsvc3-2024-02-23-mc-chm13/HML-2_Xq28a/NA24385_h1_HML-2_Xq28a_graph_hgsvc3-2024-02-23-mc-chm13.fa	NA24385_h1_HML-2_Xq28a_graph_hgsvc3-2024-02-23-mc-chm13|NA24385#1#haplotype1-0000005#0:152890176-152929989 genomic_strand:+	e79a80e89034997d2318894a800d22000b14a5cda3f86981559b655a419f12d5
HG00097_hap1_hprc_r2_v1.0.1_HML-2_Xq28b	HML-2_Xq28b	HML-2_Xq28b	HG00097	h1	HG00097#1#CM094074.1:154180309-154183792	Xq28b	Fragment	q6141	historical_source/Documents/HML2_project_data/processed_loci/HML-2_Xq28b/HG00097_hap1_hprc_r2_v1.0.1_HML-2_Xq28b.fa	HG00097_hap1_hprc_r2_v1.0.1_HML-2_Xq28b assembly_coords:HG00097#1#CM094074.1:154200784-154207446 genomic_strand:-	0f5313a68632ee39bb383067a0c58dd952b873a9467d485c694db751fb0489af
HG00097_hap2_hprc_r2_v1.0.1_HML-2_Xq28b	HML-2_Xq28b	HML-2_Xq28b	HG00097	h2	HG00097#2#CM094089.1:153615325-153618806	Xq28b	Fragment	q6142	historical_source/Documents/HML2_project_data/processed_loci/HML-2_Xq28b/HG00097_hap2_hprc_r2_v1.0.1_HML-2_Xq28b.fa	HG00097_hap2_hprc_r2_v1.0.1_HML-2_Xq28b assembly_coords:HG00097#2#CM094089.1:153635799-153642461 genomic_strand:-	e134783e917cf46d86d283edcbc738d7fb402da48c5246ad6e70031a108fb9bc
HG00099_hap1_hprc_r2_v1.0.1_HML-2_Xq28b	HML-2_Xq28b	HML-2_Xq28b	HG00099	h1	HG00099#1#JBHDWO010000064.1:102765418-102768900	Xq28b	Fragment	q6143	historical_source/Documents/HML2_project_data/processed_loci/HML-2_Xq28b/HG00099_hap1_hprc_r2_v1.0.1_HML-2_Xq28b.fa	HG00099_hap1_hprc_r2_v1.0.1_HML-2_Xq28b assembly_coords:HG00099#1#JBHDWO010000064.1:102785892-102792554 genomic_strand:-	5a5cc1259c2273337306905b682ba338cfdaabb14e396dcb36f0889c8549cbd9
HG00126_hap2_hprc_r2_v1.0.1_HML-2_Xq28b	HML-2_Xq28b	HML-2_Xq28b	HG00126	h2	HG00126#2#JBHIKV010000010.1:33557167-33560649	Xq28b	Fragment	q6145	historical_source/Documents/HML2_project_data/processed_loci/HML-2_Xq28b/HG00126_hap2_hprc_r2_v1.0.1_HML-2_Xq28b.fa	HG00126_hap2_hprc_r2_v1.0.1_HML-2_Xq28b assembly_coords:HG00126#2#JBHIKV010000010.1:33577640-33584302 genomic_strand:-	6c811c67ba7e9a77520a003534828d9f343702412dba00b9df95b0757b86e25d
HG00128_hap1_hprc_r2_v1.0.1_HML-2_Xq28b	HML-2_Xq28b	HML-2_Xq28b	HG00128	h1	HG00128#1#JBHIKS010000055.1:151832012-151835491	Xq28b	Fragment	q6146	historical_source/Documents/HML2_project_data/processed_loci/HML-2_Xq28b/HG00128_hap1_hprc_r2_v1.0.1_HML-2_Xq28b.fa	HG00128_hap1_hprc_r2_v1.0.1_HML-2_Xq28b assembly_coords:HG00128#1#JBHIKS010000055.1:151852493-151859152 genomic_strand:-	850522b89939955fd9edfb4d87c6087d19e9511feae636735c037b6d5ec39f0c
HG00128_hap2_hprc_r2_v1.0.1_HML-2_Xq28b	HML-2_Xq28b	HML-2_Xq28b	HG00128	h2	HG00128#2#CM090107.1:152959765-152963247	Xq28b	Fragment	q6147	historical_source/Documents/HML2_project_data/processed_loci/HML-2_Xq28b/HG00128_hap2_hprc_r2_v1.0.1_HML-2_Xq28b.fa	HG00128_hap2_hprc_r2_v1.0.1_HML-2_Xq28b assembly_coords:HG00128#2#CM090107.1:152980242-152986904 genomic_strand:-	4582ac069cf770d8fa567f30645a0db52b822b76055ba52867c66ee6d3b6b42a
HG00133_hap1_hprc_r2_v1.0.1_HML-2_Xq28b	HML-2_Xq28b	HML-2_Xq28b	HG00133	h1	HG00133#1#CM090059.1:152939117-152942599	Xq28b	Fragment	q6148	historical_source/Documents/HML2_project_data/processed_loci/HML-2_Xq28b/HG00133_hap1_hprc_r2_v1.0.1_HML-2_Xq28b.fa	HG00133_hap1_hprc_r2_v1.0.1_HML-2_Xq28b assembly_coords:HG00133#1#CM090059.1:152959592-152966254 genomic_strand:-	04098cffdc3c65be800139695dcbbd33d9add988213c6b81d4b331292454c7d3
HG00232_hap2_hprc_r2_v1.0.1_HML-2_Xq28b	HML-2_Xq28b	HML-2_Xq28b	HG00232	h2	HG00232#2#JBHIKN010000046.1:52124132-52127614	Xq28b	Fragment	q6151	historical_source/Documents/HML2_project_data/processed_loci/HML-2_Xq28b/HG00232_hap2_hprc_r2_v1.0.1_HML-2_Xq28b.fa	HG00232_hap2_hprc_r2_v1.0.1_HML-2_Xq28b assembly_coords:HG00232#2#JBHIKN010000046.1:52144608-52151270 genomic_strand:-	cf4d285997dc5536ec33fd1c5d0cfc910e4eba6fca2a86b284703c954ddefa05
HG00235_hap2_hprc_r2_v1.0.1_HML-2_Xq28b	HML-2_Xq28b	HML-2_Xq28b	HG00235	h2	HG00235#2#CM094409.1:153363514-153366996	Xq28b	Fragment	q6152	historical_source/Documents/HML2_project_data/processed_loci/HML-2_Xq28b/HG00235_hap2_hprc_r2_v1.0.1_HML-2_Xq28b.fa	HG00235_hap2_hprc_r2_v1.0.1_HML-2_Xq28b assembly_coords:HG00235#2#CM094409.1:153383989-153390651 genomic_strand:-	1d55752c9bc59e764ccaf18e0d51a9606c7d097feeb109b99a98b376aca4fb2d
HG00280_hap2_hprc_r2_v1.0.1_HML-2_Xq28b	HML-2_Xq28b	HML-2_Xq28b	HG00280	h2	HG00280#2#JBHDWB010000040.1:51986487-51989968	Xq28b	Fragment	q6156	historical_source/Documents/HML2_project_data/processed_loci/HML-2_Xq28b/HG00280_hap2_hprc_r2_v1.0.1_HML-2_Xq28b.fa	HG00280_hap2_hprc_r2_v1.0.1_HML-2_Xq28b assembly_coords:HG00280#2#JBHDWB010000040.1:52006960-52013622 genomic_strand:-	58edff3da5e58e74428432cbb7b7e9b63ad9d0661f2cb69fd21c87343ca58131
HG00320_hap1_hprc_r2_v1.0.1_HML-2_Xq28b	HML-2_Xq28b	HML-2_Xq28b	HG00320	h1	HG00320#1#CM089961.1:153438131-153441610	Xq28b	Fragment	q6158	historical_source/Documents/HML2_project_data/processed_loci/HML-2_Xq28b/HG00320_hap1_hprc_r2_v1.0.1_HML-2_Xq28b.fa	HG00320_hap1_hprc_r2_v1.0.1_HML-2_Xq28b assembly_coords:HG00320#1#CM089961.1:153458613-153465272 genomic_strand:-	6ddfce40db3029e8d15502505e806cc617715569bbf64b43f8234ceb729fe99a
HG00323_hap1_hprc_r2_v1.0.1_HML-2_Xq28b	HML-2_Xq28b	HML-2_Xq28b	HG00323	h1	HG00323#1#CM087316.1:153169389-153172871	Xq28b	Fragment	q6161	historical_source/Documents/HML2_project_data/processed_loci/HML-2_Xq28b/HG00323_hap1_hprc_r2_v1.0.1_HML-2_Xq28b.fa	HG00323_hap1_hprc_r2_v1.0.1_HML-2_Xq28b assembly_coords:HG00323#1#CM087316.1:153189863-153196525 genomic_strand:-	4ffdae9c069b4880561a6472402cffbcefdfb11f050509beaf1234e16af7a1fb
HG00323_hap2_hprc_r2_v1.0.1_HML-2_Xq28b	HML-2_Xq28b	HML-2_Xq28b	HG00323	h2	HG00323#2#CM087342.1:153134865-153138347	Xq28b	Fragment	q6162	historical_source/Documents/HML2_project_data/processed_loci/HML-2_Xq28b/HG00323_hap2_hprc_r2_v1.0.1_HML-2_Xq28b.fa	HG00323_hap2_hprc_r2_v1.0.1_HML-2_Xq28b assembly_coords:HG00323#2#CM087342.1:153155339-153162001 genomic_strand:-	bff052e80d31bacfd92fdd96e10ec53be747c67bf70f6dbb430935bf37255b6d
HG00344_hap1_hprc_r2_v1.0.1_HML-2_Xq28b	HML-2_Xq28b	HML-2_Xq28b	HG00344	h1	HG00344#1#CM094511.1:153156834-153160316	Xq28b	Fragment	q6164	historical_source/Documents/HML2_project_data/processed_loci/HML-2_Xq28b/HG00344_hap1_hprc_r2_v1.0.1_HML-2_Xq28b.fa	HG00344_hap1_hprc_r2_v1.0.1_HML-2_Xq28b assembly_coords:HG00344#1#CM094511.1:153177309-153183971 genomic_strand:-	3485f3997276549f1534006e20cba7aab2e9b11867f31293cddcf17c76b4dd4f
HG00344_hap2_hprc_r2_v1.0.1_HML-2_Xq28b	HML-2_Xq28b	HML-2_Xq28b	HG00344	h2	HG00344#2#CM094522.1:153167354-153170835	Xq28b	Fragment	q6165	historical_source/Documents/HML2_project_data/processed_loci/HML-2_Xq28b/HG00344_hap2_hprc_r2_v1.0.1_HML-2_Xq28b.fa	HG00344_hap2_hprc_r2_v1.0.1_HML-2_Xq28b assembly_coords:HG00344#2#CM094522.1:153187827-153194489 genomic_strand:-	ae3b644c512c3fc3161af523a27047cd288c7c3e42ed509e7e8a17f0b6d9ab88
HG00350_hap1_hprc_r2_v1.0.1_HML-2_Xq28b	HML-2_Xq28b	HML-2_Xq28b	HG00350	h1	HG00350#1#JBIREL010000057.1:51954536-51958018	Xq28b	Fragment	q6166	historical_source/Documents/HML2_project_data/processed_loci/HML-2_Xq28b/HG00350_hap1_hprc_r2_v1.0.1_HML-2_Xq28b.fa	HG00350_hap1_hprc_r2_v1.0.1_HML-2_Xq28b assembly_coords:HG00350#1#JBIREL010000057.1:51975010-51981672 genomic_strand:-	e945c40dc61600c38320d1f788614ba3431cc2c4f68045b712c36f3942a49be6
HG00350_hap2_hprc_r2_v1.0.1_HML-2_Xq28b	HML-2_Xq28b	HML-2_Xq28b	HG00350	h2	HG00350#2#JBIREM010000012.1:52060194-52063676	Xq28b	Fragment	q6167	historical_source/Documents/HML2_project_data/processed_loci/HML-2_Xq28b/HG00350_hap2_hprc_r2_v1.0.1_HML-2_Xq28b.fa	HG00350_hap2_hprc_r2_v1.0.1_HML-2_Xq28b assembly_coords:HG00350#2#JBIREM010000012.1:52080668-52087330 genomic_strand:-	2dd668aa4f4b0dd2460d4606780c6c1ee20fb7006a51758ff5f449acb63c4703
HG00408_mat_hprc_r2_v1.0.1_HML-2_Xq28b	HML-2_Xq28b	HML-2_Xq28b	HG00408	mat	HG00408#2#JBHDVL010000040.1:100675120-100678601	Xq28b	Fragment	q6168	historical_source/Documents/HML2_project_data/processed_loci/HML-2_Xq28b/HG00408_mat_hprc_r2_v1.0.1_HML-2_Xq28b.fa	HG00408_mat_hprc_r2_v1.0.1_HML-2_Xq28b assembly_coords:HG00408#2#JBHDVL010000040.1:100695593-100702255 genomic_strand:-	169d89ae29c804479d2d2db9165249d2d55f25e5824445746ec5a8aba7ae9790
HG00408_pat_hprc_r2_v1.0.1_HML-2_Xq28b	HML-2_Xq28b	HML-2_Xq28b	HG00408	pat	HG00408#1#JBHDVK010000067.1:102027924-102031405	Xq28b	Fragment	q6169	historical_source/Documents/HML2_project_data/processed_loci/HML-2_Xq28b/HG00408_pat_hprc_r2_v1.0.1_HML-2_Xq28b.fa	HG00408_pat_hprc_r2_v1.0.1_HML-2_Xq28b assembly_coords:HG00408#1#JBHDVK010000067.1:102048397-102055059 genomic_strand:-	fec9afee4098975e016201985ec13d652a28cfbb1d4c10fe017c4c7802bde9e2
HG00423_mat_hprc_r2_v1.0.1_HML-2_Xq28b	HML-2_Xq28b	HML-2_Xq28b	HG00423	mat	HG00423#2#CM089426.1:153008805-153012286	Xq28b	Fragment	q6170	historical_source/Documents/HML2_project_data/processed_loci/HML-2_Xq28b/HG00423_mat_hprc_r2_v1.0.1_HML-2_Xq28b.fa	HG00423_mat_hprc_r2_v1.0.1_HML-2_Xq28b assembly_coords:HG00423#2#CM089426.1:153029276-153035938 genomic_strand:-	2f8d09ea8de09e01379387c631df57d2a76cd059bae47f76aff2ad98f6539cb6
HG00423_pat_hprc_r2_v1.0.1_HML-2_Xq28b	HML-2_Xq28b	HML-2_Xq28b	HG00423	pat	HG00423#1#CM089412.1:154176727-154180208	Xq28b	Fragment	q6171	historical_source/Documents/HML2_project_data/processed_loci/HML-2_Xq28b/HG00423_pat_hprc_r2_v1.0.1_HML-2_Xq28b.fa	HG00423_pat_hprc_r2_v1.0.1_HML-2_Xq28b assembly_coords:HG00423#1#CM089412.1:154197196-154203858 genomic_strand:-	da0bc74f4972abccb1389063184f761703670cbf1fd0f64a00e118553d7f496b
HG00438_pat_hprc_r2_v1.0.1_HML-2_Xq28b	HML-2_Xq28b	HML-2_Xq28b	HG00438	pat	HG00438#1#CM089185.1:152498619-152502100	Xq28b	Fragment	q6173	historical_source/Documents/HML2_project_data/processed_loci/HML-2_Xq28b/HG00438_pat_hprc_r2_v1.0.1_HML-2_Xq28b.fa	HG00438_pat_hprc_r2_v1.0.1_HML-2_Xq28b assembly_coords:HG00438#1#CM089185.1:152519092-152525754 genomic_strand:-	a6b345f4577cf0cfc4f52b3381f30e0a2dce1359f347fda36fab22cf2ab2a889
HG005_mat_hprc_r2_v1.0.1_HML-2_Xq28b	HML-2_Xq28b	HML-2_Xq28b	HG005	mat	HG005#2#JAHEPN020000005.1:101767039-101770520	Xq28b	Fragment	q6174	historical_source/Documents/HML2_project_data/processed_loci/HML-2_Xq28b/HG005_mat_hprc_r2_v1.0.1_HML-2_Xq28b.fa	HG005_mat_hprc_r2_v1.0.1_HML-2_Xq28b assembly_coords:HG005#2#JAHEPN020000005.1:101787512-101794174 genomic_strand:-	f4552110211128c28efd85ee33cdc911d28924a3c66eb3752d84f3eb78193be1
HG00544_mat_hprc_r2_v1.0.1_HML-2_Xq28b	HML-2_Xq28b	HML-2_Xq28b	HG00544	mat	HG00544#2#CM089396.1:153288557-153292039	Xq28b	Fragment	q6175	historical_source/Documents/HML2_project_data/processed_loci/HML-2_Xq28b/HG00544_mat_hprc_r2_v1.0.1_HML-2_Xq28b.fa	HG00544_mat_hprc_r2_v1.0.1_HML-2_Xq28b assembly_coords:HG00544#2#CM089396.1:153309031-153315693 genomic_strand:-	c3fd36e7db5b0134de576b02a00d988ff4e6b8ee15d553fa8e1efbf6a94aa509
HG00558_mat_hprc_r2_v1.0.1_HML-2_Xq28b	HML-2_Xq28b	HML-2_Xq28b	HG00558	mat	HG00558#2#CM088535.1:154120714-154124196	Xq28b	Fragment	q6177	historical_source/Documents/HML2_project_data/processed_loci/HML-2_Xq28b/HG00558_mat_hprc_r2_v1.0.1_HML-2_Xq28b.fa	HG00558_mat_hprc_r2_v1.0.1_HML-2_Xq28b assembly_coords:HG00558#2#CM088535.1:154141186-154147848 genomic_strand:-	4bfd224c8900485b33f22dc9739ed57f38a97e62a514b585d5ae50671711e25c
HG00597_mat_hprc_r2_v1.0.1_HML-2_Xq28b	HML-2_Xq28b	HML-2_Xq28b	HG00597	mat	HG00597#2#CM085792.1:152853359-152856840	Xq28b	Fragment	q6179	historical_source/Documents/HML2_project_data/processed_loci/HML-2_Xq28b/HG00597_mat_hprc_r2_v1.0.1_HML-2_Xq28b.fa	HG00597_mat_hprc_r2_v1.0.1_HML-2_Xq28b assembly_coords:HG00597#2#CM085792.1:152873830-152880492 genomic_strand:-	0a57daf42e36351ad01cc2b99620c40c26610558dbed96c54c91460483f79c91
HG00597_pat_hprc_r2_v1.0.1_HML-2_Xq28b	HML-2_Xq28b	HML-2_Xq28b	HG00597	pat	HG00597#1#CM085778.1:154155241-154158722	Xq28b	Fragment	q6180	historical_source/Documents/HML2_project_data/processed_loci/HML-2_Xq28b/HG00597_pat_hprc_r2_v1.0.1_HML-2_Xq28b.fa	HG00597_pat_hprc_r2_v1.0.1_HML-2_Xq28b assembly_coords:HG00597#1#CM085778.1:154175712-154182374 genomic_strand:-	7f95bc22bb6b0a4b2dae381e8d8d56fb2f76dfcc89c701969ee03b591f764153
HG00609_mat_hprc_r2_v1.0.1_HML-2_Xq28b	HML-2_Xq28b	HML-2_Xq28b	HG00609	mat	HG00609#2#JBHDRY010000009.1:94537219-94540700	Xq28b	Fragment	q6181	historical_source/Documents/HML2_project_data/processed_loci/HML-2_Xq28b/HG00609_mat_hprc_r2_v1.0.1_HML-2_Xq28b.fa	HG00609_mat_hprc_r2_v1.0.1_HML-2_Xq28b assembly_coords:HG00609#2#JBHDRY010000009.1:94557688-94564350 genomic_strand:-	1432c76ac0a90eee0a7d934a838aaa183c7d4a61c5bec68c391739b3a44c2b24
HG00621_mat_hprc_r2_v1.0.1_HML-2_Xq28b	HML-2_Xq28b	HML-2_Xq28b	HG00621	mat	HG00621#2#CM087876.1:153279504-153282985	Xq28b	Fragment	q6182	historical_source/Documents/HML2_project_data/processed_loci/HML-2_Xq28b/HG00621_mat_hprc_r2_v1.0.1_HML-2_Xq28b.fa	HG00621_mat_hprc_r2_v1.0.1_HML-2_Xq28b assembly_coords:HG00621#2#CM087876.1:153299975-153306637 genomic_strand:-	1e6bca789c5b02846c56878efb6f49107bab702e72fe4505398978f1737f1e99
HG00639_mat_hprc_r2_v1.0.1_HML-2_Xq28b	HML-2_Xq28b	HML-2_Xq28b	HG00639	mat	HG00639#2#JBHIHF010000042.1:153665441-153668923	Xq28b	Fragment	q6183	historical_source/Documents/HML2_project_data/processed_loci/HML-2_Xq28b/HG00639_mat_hprc_r2_v1.0.1_HML-2_Xq28b.fa	HG00639_mat_hprc_r2_v1.0.1_HML-2_Xq28b assembly_coords:HG00639#2#JBHIHF010000042.1:153685916-153692578 genomic_strand:-	cb609ba56b5b486f3c15110c6212917d6c58a8099978afdbedbfd1aab72fd90d
HG00642_mat_hprc_r2_v1.0.1_HML-2_Xq28b	HML-2_Xq28b	HML-2_Xq28b	HG00642	mat	HG00642#2#JBHDSU010000002.1:105020102-105023583	Xq28b	Fragment	q6184	historical_source/Documents/HML2_project_data/processed_loci/HML-2_Xq28b/HG00642_mat_hprc_r2_v1.0.1_HML-2_Xq28b.fa	HG00642_mat_hprc_r2_v1.0.1_HML-2_Xq28b assembly_coords:HG00642#2#JBHDSU010000002.1:105040567-105047228 genomic_strand:-	eb9a7437bbf1fd7233c7b166d811126da224d234e5802f097a7273952ed38bca
HG00658_mat_hprc_r2_v1.0.1_HML-2_Xq28b	HML-2_Xq28b	HML-2_Xq28b	HG00658	mat	HG00658#2#CM088809.1:153238929-153242410	Xq28b	Fragment	q6185	historical_source/Documents/HML2_project_data/processed_loci/HML-2_Xq28b/HG00658_mat_hprc_r2_v1.0.1_HML-2_Xq28b.fa	HG00658_mat_hprc_r2_v1.0.1_HML-2_Xq28b assembly_coords:HG00658#2#CM088809.1:153259400-153266062 genomic_strand:-	bdf5e196453cbe719b882664db1c71890b0d5370c6ab3bcdf185fd085ac275e8
HG00673_mat_hprc_r2_v1.0.1_HML-2_Xq28b	HML-2_Xq28b	HML-2_Xq28b	HG00673	mat	HG00673#2#CM089166.1:153376384-153379866	Xq28b	Fragment	q6186	historical_source/Documents/HML2_project_data/processed_loci/HML-2_Xq28b/HG00673_mat_hprc_r2_v1.0.1_HML-2_Xq28b.fa	HG00673_mat_hprc_r2_v1.0.1_HML-2_Xq28b assembly_coords:HG00673#2#CM089166.1:153396850-153403512 genomic_strand:-	d0418115bb2b3a9e749d068789b4088e91c47663c603c6e46309ba891c29f700
HG00733_mat_hprc_r2_v1.0.1_HML-2_Xq28b	HML-2_Xq28b	HML-2_Xq28b	HG00733	mat	HG00733#2#CM099653.1:153737228-153740710	Xq28b	Fragment	q6187	historical_source/Documents/HML2_project_data/processed_loci/HML-2_Xq28b/HG00733_mat_hprc_r2_v1.0.1_HML-2_Xq28b.fa	HG00733_mat_hprc_r2_v1.0.1_HML-2_Xq28b assembly_coords:HG00733#2#CM099653.1:153757703-153764365 genomic_strand:-	2a54e2b9b82902d6e2022ff96ba51b91301f88f3b89aa47b8a98802489cbddda
HG00735_mat_hprc_r2_v1.0.1_HML-2_Xq28b	HML-2_Xq28b	HML-2_Xq28b	HG00735	mat	HG00735#2#JAHBCG030000009.1:81528976-81532458	Xq28b	Fragment	q6188	historical_source/Documents/HML2_project_data/processed_loci/HML-2_Xq28b/HG00735_mat_hprc_r2_v1.0.1_HML-2_Xq28b.fa	HG00735_mat_hprc_r2_v1.0.1_HML-2_Xq28b assembly_coords:HG00735#2#JAHBCG030000009.1:81549449-81556111 genomic_strand:-	2f425278eeaf955fbff2913cbafcca6cba71b7132e4fdb61804ae3d3d2094ce4
HG00735_pat_hprc_r2_v1.0.1_HML-2_Xq28b	HML-2_Xq28b	HML-2_Xq28b	HG00735	pat	HG00735#1#JAHBCH020000010.1:81518951-81522433	Xq28b	Fragment	q6189	historical_source/Documents/HML2_project_data/processed_loci/HML-2_Xq28b/HG00735_pat_hprc_r2_v1.0.1_HML-2_Xq28b.fa	HG00735_pat_hprc_r2_v1.0.1_HML-2_Xq28b assembly_coords:HG00735#1#JAHBCH020000010.1:81539425-81546087 genomic_strand:-	ed169717a1757f8c8d434c791f04ce0250248a742caa9b1e5766c9ce82170f04
HG00738_mat_hprc_r2_v1.0.1_HML-2_Xq28b	HML-2_Xq28b	HML-2_Xq28b	HG00738	mat	HG00738#2#JBHDSY010000044.1:106865697-106869179	Xq28b	Fragment	q6190	historical_source/Documents/HML2_project_data/processed_loci/HML-2_Xq28b/HG00738_mat_hprc_r2_v1.0.1_HML-2_Xq28b.fa	HG00738_mat_hprc_r2_v1.0.1_HML-2_Xq28b assembly_coords:HG00738#2#JBHDSY010000044.1:106886167-106892829 genomic_strand:-	a257713761a475392938562887e13375029ff03fe83b261f45811b3a204bfef7
HG00741_mat_hprc_r2_v1.0.1_HML-2_Xq28b	HML-2_Xq28b	HML-2_Xq28b	HG00741	mat	HG00741#2#CM087920.1:154080317-154083799	Xq28b	Fragment	q6191	historical_source/Documents/HML2_project_data/processed_loci/HML-2_Xq28b/HG00741_mat_hprc_r2_v1.0.1_HML-2_Xq28b.fa	HG00741_mat_hprc_r2_v1.0.1_HML-2_Xq28b assembly_coords:HG00741#2#CM087920.1:154100783-154107445 genomic_strand:-	a54d4d3804d48ee56057aabb277476d99f934a4f2606fec5b85185a8907e3fe0
HG00741_pat_hprc_r2_v1.0.1_HML-2_Xq28b	HML-2_Xq28b	HML-2_Xq28b	HG00741	pat	HG00741#1#CM087908.1:153015824-153019306	Xq28b	Fragment	q6192	historical_source/Documents/HML2_project_data/processed_loci/HML-2_Xq28b/HG00741_pat_hprc_r2_v1.0.1_HML-2_Xq28b.fa	HG00741_pat_hprc_r2_v1.0.1_HML-2_Xq28b assembly_coords:HG00741#1#CM087908.1:153036298-153042960 genomic_strand:-	0344f53ca5e2414a6c3e6059344ad80ae42430b799c47014a730ca6b902168f6
HG01071_pat_hprc_r2_v1.0.1_HML-2_Xq28b	HML-2_Xq28b	HML-2_Xq28b	HG01071	pat	HG01071#1#CM089126.1:154508115-154511597	Xq28b	Fragment	q6193	historical_source/Documents/HML2_project_data/processed_loci/HML-2_Xq28b/HG01071_pat_hprc_r2_v1.0.1_HML-2_Xq28b.fa	HG01071_pat_hprc_r2_v1.0.1_HML-2_Xq28b assembly_coords:HG01071#1#CM089126.1:154528589-154535251 genomic_strand:-	939c651df88de2eed431c2a371529704e42e4710802dde2b1734ba76963c80c4
HG01099_mat_hprc_r2_v1.0.1_HML-2_Xq28b	HML-2_Xq28b	HML-2_Xq28b	HG01099	mat	HG01099#2#CM086278.1:152020594-152024076	Xq28b	Fragment	q6194	historical_source/Documents/HML2_project_data/processed_loci/HML-2_Xq28b/HG01099_mat_hprc_r2_v1.0.1_HML-2_Xq28b.fa	HG01099_mat_hprc_r2_v1.0.1_HML-2_Xq28b assembly_coords:HG01099#2#CM086278.1:152041066-152047728 genomic_strand:-	bed1485b1196fea97821b33b21bd2e37513ca15d6b742a9d5e068e0550f79df3
HG01123_mat_hprc_r2_v1.0.1_HML-2_Xq28b	HML-2_Xq28b	HML-2_Xq28b	HG01123	mat	HG01123#2#CM089110.1:154134607-154138089	Xq28b	Fragment	q6197	historical_source/Documents/HML2_project_data/processed_loci/HML-2_Xq28b/HG01123_mat_hprc_r2_v1.0.1_HML-2_Xq28b.fa	HG01123_mat_hprc_r2_v1.0.1_HML-2_Xq28b assembly_coords:HG01123#2#CM089110.1:154155080-154161742 genomic_strand:-	682c92e58bd510662f4f272b334191dcca5f7f167b358627aaef5b9ac41ea21a
HG01150_pat_hprc_r2_v1.0.1_HML-2_Xq28b	HML-2_Xq28b	HML-2_Xq28b	HG01150	pat	HG01150#1#CM088610.1:153450619-153454100	Xq28b	Fragment	q6200	historical_source/Documents/HML2_project_data/processed_loci/HML-2_Xq28b/HG01150_pat_hprc_r2_v1.0.1_HML-2_Xq28b.fa	HG01150_pat_hprc_r2_v1.0.1_HML-2_Xq28b assembly_coords:HG01150#1#CM088610.1:153471092-153477754 genomic_strand:-	44e37f4cbd3430806dc74a1b655908a8263ce3d07119dc165c9bb54b71ffecc9
HG01167_hap2_hprc_r2_v1.0.1_HML-2_Xq28b	HML-2_Xq28b	HML-2_Xq28b	HG01167	h2	HG01167#2#JBIREQ010000043.1:100704898-100708380	Xq28b	Fragment	q6201	historical_source/Documents/HML2_project_data/processed_loci/HML-2_Xq28b/HG01167_hap2_hprc_r2_v1.0.1_HML-2_Xq28b.fa	HG01167_hap2_hprc_r2_v1.0.1_HML-2_Xq28b assembly_coords:HG01167#2#JBIREQ010000043.1:100725379-100732041 genomic_strand:-	d752ed1043c1d1a2fc9f0edf8a0bd011b049f187193873a07399a59a204ad32c
HG01175_pat_hprc_r2_v1.0.1_HML-2_Xq28b	HML-2_Xq28b	HML-2_Xq28b	HG01175	pat	HG01175#1#JAHAMA020000049.1:81659616-81663098	Xq28b	Fragment	q6203	historical_source/Documents/HML2_project_data/processed_loci/HML-2_Xq28b/HG01175_pat_hprc_r2_v1.0.1_HML-2_Xq28b.fa	HG01175_pat_hprc_r2_v1.0.1_HML-2_Xq28b assembly_coords:HG01175#1#JAHAMA020000049.1:81680090-81686752 genomic_strand:-	114b0b6e581e57c6dffdc056d453d4cc08e087f72aab00ff173f85e5f9f01885
HG01258_mat_hprc_r2_v1.0.1_HML-2_Xq28b	HML-2_Xq28b	HML-2_Xq28b	HG01258	mat	HG01258#2#JAGYYU020000052.1:101266669-101270151	Xq28b	Fragment	q6206	historical_source/Documents/HML2_project_data/processed_loci/HML-2_Xq28b/HG01258_mat_hprc_r2_v1.0.1_HML-2_Xq28b.fa	HG01258_mat_hprc_r2_v1.0.1_HML-2_Xq28b assembly_coords:HG01258#2#JAGYYU020000052.1:101287143-101293805 genomic_strand:-	9f384dc9176e1cedef033f0bacded27a41211109d45d250aad20b3442745f9f4
HG01346_mat_hprc_r2_v1.0.1_HML-2_Xq28b	HML-2_Xq28b	HML-2_Xq28b	HG01346	mat	HG01346#2#CM086609.1:153609467-153612948	Xq28b	Fragment	q6207	historical_source/Documents/HML2_project_data/processed_loci/HML-2_Xq28b/HG01346_mat_hprc_r2_v1.0.1_HML-2_Xq28b.fa	HG01346_mat_hprc_r2_v1.0.1_HML-2_Xq28b assembly_coords:HG01346#2#CM086609.1:153629941-153636603 genomic_strand:-	e3b92a561691f97e079fb05a510611e5ae67cc4a98298b6472d72f8ae19d1333
HG01346_pat_hprc_r2_v1.0.1_HML-2_Xq28b	HML-2_Xq28b	HML-2_Xq28b	HG01346	pat	HG01346#1#CM086597.1:153873261-153876743	Xq28b	Fragment	q6208	historical_source/Documents/HML2_project_data/processed_loci/HML-2_Xq28b/HG01346_pat_hprc_r2_v1.0.1_HML-2_Xq28b.fa	HG01346_pat_hprc_r2_v1.0.1_HML-2_Xq28b assembly_coords:HG01346#1#CM086597.1:153893734-153900396 genomic_strand:-	f563d20587af1d41cc5f8f0cc510ea3bbe9b359d63f778b636004e6bb19a2ad7
HG01361_mat_hprc_r2_v1.0.1_HML-2_Xq28b	HML-2_Xq28b	HML-2_Xq28b	HG01361	mat	HG01361#2#CM089050.1:153295402-153298882	Xq28b	Fragment	q6210	historical_source/Documents/HML2_project_data/processed_loci/HML-2_Xq28b/HG01361_mat_hprc_r2_v1.0.1_HML-2_Xq28b.fa	HG01361_mat_hprc_r2_v1.0.1_HML-2_Xq28b assembly_coords:HG01361#2#CM089050.1:153315866-153322528 genomic_strand:-	6574bb0022c033ba0b8073b4242c446d00e3b180091c4387c3e2e113c2efc0c2
HG01530_hap2_hprc_r2_v1.0.1_HML-2_Xq28b	HML-2_Xq28b	HML-2_Xq28b	HG01530	h2	HG01530#2#JBHDXG010000058.1:33574287-33577769	Xq28b	Fragment	q6212	historical_source/Documents/HML2_project_data/processed_loci/HML-2_Xq28b/HG01530_hap2_hprc_r2_v1.0.1_HML-2_Xq28b.fa	HG01530_hap2_hprc_r2_v1.0.1_HML-2_Xq28b assembly_coords:HG01530#2#JBHDXG010000058.1:33594762-33601424 genomic_strand:-	88749f89ebc8ea87516aa3f14944fc43783629d0b26f85643a364c8f0d0abbac
HG01784_hap1_hprc_r2_v1.0.1_HML-2_Xq28b	HML-2_Xq28b	HML-2_Xq28b	HG01784	h1	HG01784#1#JBHDXH010000002.1:81600133-81603615	Xq28b	Fragment	q6213	historical_source/Documents/HML2_project_data/processed_loci/HML-2_Xq28b/HG01784_hap1_hprc_r2_v1.0.1_HML-2_Xq28b.fa	HG01784_hap1_hprc_r2_v1.0.1_HML-2_Xq28b assembly_coords:HG01784#1#JBHDXH010000002.1:81620610-81627272 genomic_strand:-	bc455d9efd616cc71690b34b67ee4a1b41e4921f3422b3f41948daa307d4bce1
HG01786_hap1_hprc_r2_v1.0.1_HML-2_Xq28b	HML-2_Xq28b	HML-2_Xq28b	HG01786	h1	HG01786#1#JBHIIW010000041.1:101324862-101328344	Xq28b	Fragment	q6215	historical_source/Documents/HML2_project_data/processed_loci/HML-2_Xq28b/HG01786_hap1_hprc_r2_v1.0.1_HML-2_Xq28b.fa	HG01786_hap1_hprc_r2_v1.0.1_HML-2_Xq28b assembly_coords:HG01786#1#JBHIIW010000041.1:101345340-101352002 genomic_strand:-	d8d9fda23e2dce01f56e33d3ecc6aaeb8a679d9be036d805f77cc82af6f75a3e
HG01928_mat_hprc_r2_v1.0.1_HML-2_Xq28b	HML-2_Xq28b	HML-2_Xq28b	HG01928	mat	HG01928#2#CM089018.1:154158473-154161954	Xq28b	Fragment	q6221	historical_source/Documents/HML2_project_data/processed_loci/HML-2_Xq28b/HG01928_mat_hprc_r2_v1.0.1_HML-2_Xq28b.fa	HG01928_mat_hprc_r2_v1.0.1_HML-2_Xq28b assembly_coords:HG01928#2#CM089018.1:154178940-154185602 genomic_strand:-	287a6efd9b63efbbc27cf0631da4a9e663567f5e4a117c3a462f46773b0f3b15
HG01934_mat_hprc_r2_v1.0.1_HML-2_Xq28b	HML-2_Xq28b	HML-2_Xq28b	HG01934	mat	HG01934#2#JBHIIB010000052.1:81651448-81654927	Xq28b	Fragment	q6222	historical_source/Documents/HML2_project_data/processed_loci/HML-2_Xq28b/HG01934_mat_hprc_r2_v1.0.1_HML-2_Xq28b.fa	HG01934_mat_hprc_r2_v1.0.1_HML-2_Xq28b assembly_coords:HG01934#2#JBHIIB010000052.1:81671909-81678568 genomic_strand:-	2607f3ca9bbb7fb125b63e745519055dd05bac96b724913261226dc58d1b6408
HG01940_mat_hprc_r2_v1.0.1_HML-2_Xq28b	HML-2_Xq28b	HML-2_Xq28b	HG01940	mat	HG01940#2#CM088672.1:153104134-153107615	Xq28b	Fragment	q6223	historical_source/Documents/HML2_project_data/processed_loci/HML-2_Xq28b/HG01940_mat_hprc_r2_v1.0.1_HML-2_Xq28b.fa	HG01940_mat_hprc_r2_v1.0.1_HML-2_Xq28b assembly_coords:HG01940#2#CM088672.1:153124605-153131267 genomic_strand:-	b75def713431f633738953185a8be45eb3d0a22f7242e1e739ab3f8a1a0b56ce
HG01940_pat_hprc_r2_v1.0.1_HML-2_Xq28b	HML-2_Xq28b	HML-2_Xq28b	HG01940	pat	HG01940#1#CM088643.1:153768401-153771883	Xq28b	Fragment	q6224	historical_source/Documents/HML2_project_data/processed_loci/HML-2_Xq28b/HG01940_pat_hprc_r2_v1.0.1_HML-2_Xq28b.fa	HG01940_pat_hprc_r2_v1.0.1_HML-2_Xq28b assembly_coords:HG01940#1#CM088643.1:153788874-153795536 genomic_strand:-	3b02e29cb3d661afd5bcb27f4d2d9cd7a026d1ca52bb26b717152690647a3c86
HG01943_mat_hprc_r2_v1.0.1_HML-2_Xq28b	HML-2_Xq28b	HML-2_Xq28b	HG01943	mat	HG01943#2#CM089369.1:153173928-153177410	Xq28b	Fragment	q6225	historical_source/Documents/HML2_project_data/processed_loci/HML-2_Xq28b/HG01943_mat_hprc_r2_v1.0.1_HML-2_Xq28b.fa	HG01943_mat_hprc_r2_v1.0.1_HML-2_Xq28b assembly_coords:HG01943#2#CM089369.1:153194400-153201062 genomic_strand:-	8abb6a77f8fb9c5f15934cb55a09c73911bc2c98dcd036283f15397fec826651
HG01960_pat_hprc_r2_v1.0.1_HML-2_Xq28b	HML-2_Xq28b	HML-2_Xq28b	HG01960	pat	HG01960#1#CM088657.1:152347468-152350948	Xq28b	Fragment	q6227	historical_source/Documents/HML2_project_data/processed_loci/HML-2_Xq28b/HG01960_pat_hprc_r2_v1.0.1_HML-2_Xq28b.fa	HG01960_pat_hprc_r2_v1.0.1_HML-2_Xq28b assembly_coords:HG01960#1#CM088657.1:152367924-152374586 genomic_strand:-	738efa44a7deec9d8f43e84f261eb236889b7cb5ec97d3141451817e2a31392f
HG01969_pat_hprc_r2_v1.0.1_HML-2_Xq28b	HML-2_Xq28b	HML-2_Xq28b	HG01969	pat	HG01969#1#JBHIHO010000048.1:51977034-51980516	Xq28b	Fragment	q6228	historical_source/Documents/HML2_project_data/processed_loci/HML-2_Xq28b/HG01969_pat_hprc_r2_v1.0.1_HML-2_Xq28b.fa	HG01969_pat_hprc_r2_v1.0.1_HML-2_Xq28b assembly_coords:HG01969#1#JBHIHO010000048.1:51997510-52004172 genomic_strand:-	0c6e2c64dec0a76099dbcb3debf4c100aa31ecf4241e66baa21e58f5e073b35e
HG01975_pat_hprc_r2_v1.0.1_HML-2_Xq28b	HML-2_Xq28b	HML-2_Xq28b	HG01975	pat	HG01975#1#CM099807.1:153171573-153175055	Xq28b	Fragment	q6229	historical_source/Documents/HML2_project_data/processed_loci/HML-2_Xq28b/HG01975_pat_hprc_r2_v1.0.1_HML-2_Xq28b.fa	HG01975_pat_hprc_r2_v1.0.1_HML-2_Xq28b assembly_coords:HG01975#1#CM099807.1:153192047-153198709 genomic_strand:-	709ab28f1df0afe8e271fb850926045accf45b5542b2c3b1d00ca3344b81a9da
HG01978_mat_hprc_r2_v1.1.0_HML-2_Xq28b	HML-2_Xq28b	HML-2_Xq28b	HG01978	mat	HG01978#2#CM089283.1:153090195-153093677	Xq28b	Fragment	q6230	historical_source/Documents/HML2_project_data/processed_loci/HML-2_Xq28b/HG01978_mat_hprc_r2_v1.1.0_HML-2_Xq28b.fa	HG01978_mat_hprc_r2_v1.1.0_HML-2_Xq28b assembly_coords:HG01978#2#CM089283.1:153110668-153117331 genomic_strand:-	6cfb0db44c944485464f08c7c9dc718795f8a728506fc098e707b750d0ca87ae
HG01978_pat_hprc_r2_v1.1.0_HML-2_Xq28b	HML-2_Xq28b	HML-2_Xq28b	HG01978	pat	HG01978#1#JAGYVR020000053.1:86851063-86854545	Xq28b	Fragment	q6231	historical_source/Documents/HML2_project_data/processed_loci/HML-2_Xq28b/HG01978_pat_hprc_r2_v1.1.0_HML-2_Xq28b.fa	HG01978_pat_hprc_r2_v1.1.0_HML-2_Xq28b assembly_coords:HG01978#1#JAGYVR020000053.1:86871536-86878199 genomic_strand:-	4708d297a726ec31600e552f318c6215ebcf460e2846f1da40daae29db8d184a
HG01981_mat_hprc_r2_v1.0.1_HML-2_Xq28b	HML-2_Xq28b	HML-2_Xq28b	HG01981	mat	HG01981#2#CM086345.1:154315525-154319007	Xq28b	Fragment	q6232	historical_source/Documents/HML2_project_data/processed_loci/HML-2_Xq28b/HG01981_mat_hprc_r2_v1.0.1_HML-2_Xq28b.fa	HG01981_mat_hprc_r2_v1.0.1_HML-2_Xq28b assembly_coords:HG01981#2#CM086345.1:154335999-154342661 genomic_strand:-	8be6d78660a68ae74b6c33f72e7db125d9ffe3590c39e99a14ea610b2419c334
HG01993_mat_hprc_r2_v1.0.1_HML-2_Xq28b	HML-2_Xq28b	HML-2_Xq28b	HG01993	mat	HG01993#2#CM086544.1:153422337-153425819	Xq28b	Fragment	q6233	historical_source/Documents/HML2_project_data/processed_loci/HML-2_Xq28b/HG01993_mat_hprc_r2_v1.0.1_HML-2_Xq28b.fa	HG01993_mat_hprc_r2_v1.0.1_HML-2_Xq28b assembly_coords:HG01993#2#CM086544.1:153442811-153449473 genomic_strand:-	03aeb5dbc3bfc8e46e238372a08a4c43e8a15a8be321b5bdd6fa110060201250
HG02004_pat_hprc_r2_v1.0.1_HML-2_Xq28b	HML-2_Xq28b	HML-2_Xq28b	HG02004	pat	HG02004#1#CM086309.1:153332661-153336143	Xq28b	Fragment	q6234	historical_source/Documents/HML2_project_data/processed_loci/HML-2_Xq28b/HG02004_pat_hprc_r2_v1.0.1_HML-2_Xq28b.fa	HG02004_pat_hprc_r2_v1.0.1_HML-2_Xq28b assembly_coords:HG02004#1#CM086309.1:153353135-153359797 genomic_strand:-	f46a6e78642000b7d2439231bf6ddf4c43698582802df55191c9f2be14882c5d
HG02027_mat_hprc_r2_v1.0.1_HML-2_Xq28b	HML-2_Xq28b	HML-2_Xq28b	HG02027	mat	HG02027#2#JBHDTY010000005.1:101211001-101214483	Xq28b	Fragment	q6236	historical_source/Documents/HML2_project_data/processed_loci/HML-2_Xq28b/HG02027_mat_hprc_r2_v1.0.1_HML-2_Xq28b.fa	HG02027_mat_hprc_r2_v1.0.1_HML-2_Xq28b assembly_coords:HG02027#2#JBHDTY010000005.1:101231475-101238137 genomic_strand:-	d4324acb42e267bb2e41465fcc21881131f69145043e57a4c58524713803f45f
HG02040_hap2_hprc_r2_v1.0.1_HML-2_Xq28b	HML-2_Xq28b	HML-2_Xq28b	HG02040	h2	HG02040#2#JBHDWT010000045.1:105870492-105873973	Xq28b	Fragment	q6237	historical_source/Documents/HML2_project_data/processed_loci/HML-2_Xq28b/HG02040_hap2_hprc_r2_v1.0.1_HML-2_Xq28b.fa	HG02040_hap2_hprc_r2_v1.0.1_HML-2_Xq28b assembly_coords:HG02040#2#JBHDWT010000045.1:105890965-105897627 genomic_strand:-	eaf383cec12027afc118b1143943b70ebc149b5d00dfcceb686a9ca3622b667b
HG02074_mat_hprc_r2_v1.0.1_HML-2_Xq28b	HML-2_Xq28b	HML-2_Xq28b	HG02074	mat	HG02074#2#CM088307.1:151650949-151654430	Xq28b	Fragment	q6240	historical_source/Documents/HML2_project_data/processed_loci/HML-2_Xq28b/HG02074_mat_hprc_r2_v1.0.1_HML-2_Xq28b.fa	HG02074_mat_hprc_r2_v1.0.1_HML-2_Xq28b assembly_coords:HG02074#2#CM088307.1:151671424-151678085 genomic_strand:-	bf10388ec22f6517a8e727631863dd30c4f433e90e0d5f1868e6e02876cabe72
HG02080_mat_hprc_r2_v1.0.1_HML-2_Xq28b	HML-2_Xq28b	HML-2_Xq28b	HG02080	mat	HG02080#2#CM092058.1:152828347-152831828	Xq28b	Fragment	q6241	historical_source/Documents/HML2_project_data/processed_loci/HML-2_Xq28b/HG02080_mat_hprc_r2_v1.0.1_HML-2_Xq28b.fa	HG02080_mat_hprc_r2_v1.0.1_HML-2_Xq28b assembly_coords:HG02080#2#CM092058.1:152848812-152855474 genomic_strand:-	b22ed883ad6c5e0f669163480cb12a880dc69c985fe089491b861d730d57482a
HG02083_mat_hprc_r2_v1.0.1_HML-2_Xq28b	HML-2_Xq28b	HML-2_Xq28b	HG02083	mat	HG02083#2#JBHDTW010000048.1:101990777-101994258	Xq28b	Fragment	q6242	historical_source/Documents/HML2_project_data/processed_loci/HML-2_Xq28b/HG02083_mat_hprc_r2_v1.0.1_HML-2_Xq28b.fa	HG02083_mat_hprc_r2_v1.0.1_HML-2_Xq28b assembly_coords:HG02083#2#JBHDTW010000048.1:102011242-102017904 genomic_strand:-	1e7cdae5c81e124d7c1d16125340936c04960ef303568661d0b37475286e5a2c
HG02129_mat_hprc_r2_v1.0.1_HML-2_Xq28b	HML-2_Xq28b	HML-2_Xq28b	HG02129	mat	HG02129#2#JBHDVB010000015.1:91320257-91323738	Xq28b	Fragment	q6244	historical_source/Documents/HML2_project_data/processed_loci/HML-2_Xq28b/HG02129_mat_hprc_r2_v1.0.1_HML-2_Xq28b.fa	HG02129_mat_hprc_r2_v1.0.1_HML-2_Xq28b assembly_coords:HG02129#2#JBHDVB010000015.1:91340716-91347378 genomic_strand:-	36e85fb98ea876aa40552942809d0cf4cd7613344fa8983711c31b5bab5b5ce0
HG02135_mat_hprc_r2_v1.0.1_HML-2_Xq28b	HML-2_Xq28b	HML-2_Xq28b	HG02135	mat	HG02135#2#JBHIGN010000069.1:1448239-1451720	Xq28b	Fragment	q6245	historical_source/Documents/HML2_project_data/processed_loci/HML-2_Xq28b/HG02135_mat_hprc_r2_v1.0.1_HML-2_Xq28b.fa	HG02135_mat_hprc_r2_v1.0.1_HML-2_Xq28b assembly_coords:HG02135#2#JBHIGN010000069.1:1468713-1475375 genomic_strand:-	317ca93f975a332bbf2f9d173baf332f6d443ab8bc4950a1825079db80d55a1a
HG02148_mat_hprc_r2_v1.0.1_HML-2_Xq28b	HML-2_Xq28b	HML-2_Xq28b	HG02148	mat	HG02148#2#CM088034.1:155000574-155004056	Xq28b	Fragment	q6246	historical_source/Documents/HML2_project_data/processed_loci/HML-2_Xq28b/HG02148_mat_hprc_r2_v1.0.1_HML-2_Xq28b.fa	HG02148_mat_hprc_r2_v1.0.1_HML-2_Xq28b assembly_coords:HG02148#2#CM088034.1:155021050-155027712 genomic_strand:-	126a5782f45beae17f710588fdd60c5d15b9cd0134c2b75423034cac524ce575
HG02155_hap1_hprc_r2_v1.0.1_HML-2_Xq28b	HML-2_Xq28b	HML-2_Xq28b	HG02155	h1	HG02155#1#JBIECB010000010.1:91137223-91140702	Xq28b	Fragment	q6247	historical_source/Documents/HML2_project_data/processed_loci/HML-2_Xq28b/HG02155_hap1_hprc_r2_v1.0.1_HML-2_Xq28b.fa	HG02155_hap1_hprc_r2_v1.0.1_HML-2_Xq28b assembly_coords:HG02155#1#JBIECB010000010.1:91157706-91164366 genomic_strand:-	51ff29e9a960fa0e6473cfd04dca31ec2cd1d2e6550a989b94fc0732e608e41a
HG02165_hap1_hprc_r2_v1.0.1_HML-2_Xq28b	HML-2_Xq28b	HML-2_Xq28b	HG02165	h1	HG02165#1#CM087456.1:153600918-153604399	Xq28b	Fragment	q6248	historical_source/Documents/HML2_project_data/processed_loci/HML-2_Xq28b/HG02165_hap1_hprc_r2_v1.0.1_HML-2_Xq28b.fa	HG02165_hap1_hprc_r2_v1.0.1_HML-2_Xq28b assembly_coords:HG02165#1#CM087456.1:153621391-153628053 genomic_strand:-	3792f5c6a2cebe32a3b07e3a8a17d70f0a26e87b03d0109f0c1292036034e139
HG02165_hap2_hprc_r2_v1.0.1_HML-2_Xq28b	HML-2_Xq28b	HML-2_Xq28b	HG02165	h2	HG02165#2#CM087470.1:152400964-152404445	Xq28b	Fragment	q6249	historical_source/Documents/HML2_project_data/processed_loci/HML-2_Xq28b/HG02165_hap2_hprc_r2_v1.0.1_HML-2_Xq28b.fa	HG02165_hap2_hprc_r2_v1.0.1_HML-2_Xq28b assembly_coords:HG02165#2#CM087470.1:152421435-152428097 genomic_strand:-	b56f90f3004b9bf4c3e427340bb6e3408d51174c3822ed9de90750123a90ef05
HG02178_hap1_hprc_r2_v1.0.1_HML-2_Xq28b	HML-2_Xq28b	HML-2_Xq28b	HG02178	h1	HG02178#1#JBHIKG010000003.1:102927864-102931345	Xq28b	Fragment	q6250	historical_source/Documents/HML2_project_data/processed_loci/HML-2_Xq28b/HG02178_hap1_hprc_r2_v1.0.1_HML-2_Xq28b.fa	HG02178_hap1_hprc_r2_v1.0.1_HML-2_Xq28b assembly_coords:HG02178#1#JBHIKG010000003.1:102948337-102954999 genomic_strand:-	f1d57fcc24445a02375558c316f1af589277d0e966e06dd8817f1892a8120b61
HG02178_hap2_hprc_r2_v1.0.1_HML-2_Xq28b	HML-2_Xq28b	HML-2_Xq28b	HG02178	h2	HG02178#2#JBHIKH010000034.1:100821612-100825094	Xq28b	Fragment	q6251	historical_source/Documents/HML2_project_data/processed_loci/HML-2_Xq28b/HG02178_hap2_hprc_r2_v1.0.1_HML-2_Xq28b.fa	HG02178_hap2_hprc_r2_v1.0.1_HML-2_Xq28b assembly_coords:HG02178#2#JBHIKH010000034.1:100842084-100848746 genomic_strand:-	e1aad0bf02a1ed2003b963e3abf3a86d91e658cb77d8a9d64892d6ca0ef6afe8
HG02273_hap2_hprc_r2_v1.0.1_HML-2_Xq28b	HML-2_Xq28b	HML-2_Xq28b	HG02273	h2	HG02273#2#JBHDVR010000046.1:104930911-104934393	Xq28b	Fragment	q6256	historical_source/Documents/HML2_project_data/processed_loci/HML-2_Xq28b/HG02273_hap2_hprc_r2_v1.0.1_HML-2_Xq28b.fa	HG02273_hap2_hprc_r2_v1.0.1_HML-2_Xq28b assembly_coords:HG02273#2#JBHDVR010000046.1:104951384-104958046 genomic_strand:-	9f1b5676c71a0fbd897336f4221b7b06ecd77849834f5d3fa0242c2ba86cd2e6
HG02293_mat_hprc_r2_v1.0.1_HML-2_Xq28b	HML-2_Xq28b	HML-2_Xq28b	HG02293	mat	HG02293#2#CM086245.1:153057118-153060601	Xq28b	Fragment	q6259	historical_source/Documents/HML2_project_data/processed_loci/HML-2_Xq28b/HG02293_mat_hprc_r2_v1.0.1_HML-2_Xq28b.fa	HG02293_mat_hprc_r2_v1.0.1_HML-2_Xq28b assembly_coords:HG02293#2#CM086245.1:153077591-153084253 genomic_strand:-	2f353a66be5e4670e45afdcfe517994333f015e1537150655d66a4e137ce0aa1
HG02300_mat_hprc_r2_v1.0.1_HML-2_Xq28b	HML-2_Xq28b	HML-2_Xq28b	HG02300	mat	HG02300#2#JBHDSE010000064.1:52096617-52100098	Xq28b	Fragment	q6260	historical_source/Documents/HML2_project_data/processed_loci/HML-2_Xq28b/HG02300_mat_hprc_r2_v1.0.1_HML-2_Xq28b.fa	HG02300_mat_hprc_r2_v1.0.1_HML-2_Xq28b assembly_coords:HG02300#2#JBHDSE010000064.1:52117090-52123752 genomic_strand:-	a6778b8dfcec3afaab0c0be913751b1ab0674c3a4a2bdb72357f7ac4eea0b60b
HG02391_hap2_hprc_r2_v1.0.1_HML-2_Xq28b	HML-2_Xq28b	HML-2_Xq28b	HG02391	h2	HG02391#2#JBHDXK010000040.1:82714295-82717776	Xq28b	Fragment	q6261	historical_source/Documents/HML2_project_data/processed_loci/HML-2_Xq28b/HG02391_hap2_hprc_r2_v1.0.1_HML-2_Xq28b.fa	HG02391_hap2_hprc_r2_v1.0.1_HML-2_Xq28b assembly_coords:HG02391#2#JBHDXK010000040.1:82734768-82741430 genomic_strand:-	e780448ba24357e05e79ae1095657b4924ef000b0feb97aad30bac2768f4b9e5
HG02392_hap2_hprc_r2_v1.0.1_HML-2_Xq28b	HML-2_Xq28b	HML-2_Xq28b	HG02392	h2	HG02392#2#JBHIKF010000010.1:82709549-82713031	Xq28b	Fragment	q6262	historical_source/Documents/HML2_project_data/processed_loci/HML-2_Xq28b/HG02392_hap2_hprc_r2_v1.0.1_HML-2_Xq28b.fa	HG02392_hap2_hprc_r2_v1.0.1_HML-2_Xq28b assembly_coords:HG02392#2#JBHIKF010000010.1:82730021-82736683 genomic_strand:-	d62433033c40abb57b32a3edc25b44063a0051b15b9445e9dfa1d55e21dd2b6f
HG02451_pat_hprc_r2_v1.0.1_HML-2_Xq28b	HML-2_Xq28b	HML-2_Xq28b	HG02451	pat	HG02451#1#JBHDRJ010000058.1:100045252-100048731	Xq28b	Fragment	q6264	historical_source/Documents/HML2_project_data/processed_loci/HML-2_Xq28b/HG02451_pat_hprc_r2_v1.0.1_HML-2_Xq28b.fa	HG02451_pat_hprc_r2_v1.0.1_HML-2_Xq28b assembly_coords:HG02451#1#JBHDRJ010000058.1:100065733-100072392 genomic_strand:-	074ba09226110224f6f7a0f5ca207948e1f0c2b3d96b405ead138f60b95f7fa4
HG02486_mat_hprc_r2_v1.0.1_HML-2_Xq28b	HML-2_Xq28b	HML-2_Xq28b	HG02486	mat	HG02486#2#JAGYVL020000014.1:100104151-100107631	Xq28b	Fragment	q6265	historical_source/Documents/HML2_project_data/processed_loci/HML-2_Xq28b/HG02486_mat_hprc_r2_v1.0.1_HML-2_Xq28b.fa	HG02486_mat_hprc_r2_v1.0.1_HML-2_Xq28b assembly_coords:HG02486#2#JAGYVL020000014.1:100124607-100131267 genomic_strand:-	4b0352c1bf40ec84f622204942d3064ac5557601c867712ef156e82e68bf322d
HG02514_mat_hprc_r2_v1.0.1_HML-2_Xq28b	HML-2_Xq28b	HML-2_Xq28b	HG02514	mat	HG02514#2#JBJKOJ010000035.1:81511897-81515378	Xq28b	Fragment	q6266	historical_source/Documents/HML2_project_data/processed_loci/HML-2_Xq28b/HG02514_mat_hprc_r2_v1.0.1_HML-2_Xq28b.fa	HG02514_mat_hprc_r2_v1.0.1_HML-2_Xq28b assembly_coords:HG02514#2#JBJKOJ010000035.1:81532368-81539031 genomic_strand:-	827ff8aa8cdd93a4d4e4773d7b80f35eeda6dd6421ace8922f09f2c39b4b821d
HG02523_mat_hprc_r2_v1.0.1_HML-2_Xq28b	HML-2_Xq28b	HML-2_Xq28b	HG02523	mat	HG02523#2#CM086950.1:154056703-154060182	Xq28b	Fragment	q6267	historical_source/Documents/HML2_project_data/processed_loci/HML-2_Xq28b/HG02523_mat_hprc_r2_v1.0.1_HML-2_Xq28b.fa	HG02523_mat_hprc_r2_v1.0.1_HML-2_Xq28b assembly_coords:HG02523#2#CM086950.1:154077188-154083847 genomic_strand:-	e7c37a82beaca47bcc7ae4704af379bc4337cf47c5f27619896e9013724ae7a3
HG02523_pat_hprc_r2_v1.0.1_HML-2_Xq28b	HML-2_Xq28b	HML-2_Xq28b	HG02523	pat	HG02523#1#CM086933.1:153730956-153734435	Xq28b	Fragment	q6268	historical_source/Documents/HML2_project_data/processed_loci/HML-2_Xq28b/HG02523_pat_hprc_r2_v1.0.1_HML-2_Xq28b.fa	HG02523_pat_hprc_r2_v1.0.1_HML-2_Xq28b assembly_coords:HG02523#1#CM086933.1:153751441-153758100 genomic_strand:-	7eee61a2aab786dcfe08f1d0437f3f6dadd34adcc13b08218b486f5572986ffa
HG02559_mat_hprc_r2_v1.0.1_HML-2_Xq28b	HML-2_Xq28b	HML-2_Xq28b	HG02559	mat	HG02559#2#JAGYVJ020000015.1:101144531-101148013	Xq28b	Fragment	q6269	historical_source/Documents/HML2_project_data/processed_loci/HML-2_Xq28b/HG02559_mat_hprc_r2_v1.0.1_HML-2_Xq28b.fa	HG02559_mat_hprc_r2_v1.0.1_HML-2_Xq28b assembly_coords:HG02559#2#JAGYVJ020000015.1:101165007-101171669 genomic_strand:-	c410cfa0337faa7a2dce41583a284b31b4f3fd90ef96d95c8ffa9527a47147f8
HG02622_mat_hprc_r2_v1.0.1_HML-2_Xq28b	HML-2_Xq28b	HML-2_Xq28b	HG02622	mat	HG02622#2#JAHAON020000004.1:81592825-81596305	Xq28b	Fragment	q6277	historical_source/Documents/HML2_project_data/processed_loci/HML-2_Xq28b/HG02622_mat_hprc_r2_v1.0.1_HML-2_Xq28b.fa	HG02622_mat_hprc_r2_v1.0.1_HML-2_Xq28b assembly_coords:HG02622#2#JAHAON020000004.1:81613281-81619941 genomic_strand:-	1d7d8f4552a123762a0b1359c66007ab9bb6919d05bc74fce86ef04e6f99fdba
HG02622_pat_hprc_r2_v1.0.1_HML-2_Xq28b	HML-2_Xq28b	HML-2_Xq28b	HG02622	pat	HG02622#1#JAHAOO020000002.1:81595797-81599276	Xq28b	Fragment	q6278	historical_source/Documents/HML2_project_data/processed_loci/HML-2_Xq28b/HG02622_pat_hprc_r2_v1.0.1_HML-2_Xq28b.fa	HG02622_pat_hprc_r2_v1.0.1_HML-2_Xq28b assembly_coords:HG02622#1#JAHAOO020000002.1:81616278-81622937 genomic_strand:-	8ee0e0628ed76dd6b1651c2ef2d48e2c4f922a44b52121470996336fd28ef61e
HG02630_mat_hprc_r2_v1.0.1_HML-2_Xq28b	HML-2_Xq28b	HML-2_Xq28b	HG02630	mat	HG02630#2#CM091750.1:153217160-153220640	Xq28b	Fragment	q6279	historical_source/Documents/HML2_project_data/processed_loci/HML-2_Xq28b/HG02630_mat_hprc_r2_v1.0.1_HML-2_Xq28b.fa	HG02630_mat_hprc_r2_v1.0.1_HML-2_Xq28b assembly_coords:HG02630#2#CM091750.1:153237622-153244284 genomic_strand:-	22885e8bc8dcefe106ca7b0fef7cdb0ff9e6035b08ebffaf2a502515bc58a3e3
HG02647_mat_hprc_r2_v1.0.1_HML-2_Xq28b	HML-2_Xq28b	HML-2_Xq28b	HG02647	mat	HG02647#2#CM086584.1:152529772-152533252	Xq28b	Fragment	q6280	historical_source/Documents/HML2_project_data/processed_loci/HML-2_Xq28b/HG02647_mat_hprc_r2_v1.0.1_HML-2_Xq28b.fa	HG02647_mat_hprc_r2_v1.0.1_HML-2_Xq28b assembly_coords:HG02647#2#CM086584.1:152550230-152556890 genomic_strand:-	f38e43dedce9a8b0d3cd6277dea31e6b20aaa285dde05fd814ebcb585d272520
HG02717_mat_hprc_r2_v1.0.1_HML-2_Xq28b	HML-2_Xq28b	HML-2_Xq28b	HG02717	mat	HG02717#2#CM088982.1:151847311-151850790	Xq28b	Fragment	q6282	historical_source/Documents/HML2_project_data/processed_loci/HML-2_Xq28b/HG02717_mat_hprc_r2_v1.0.1_HML-2_Xq28b.fa	HG02717_mat_hprc_r2_v1.0.1_HML-2_Xq28b assembly_coords:HG02717#2#CM088982.1:151867775-151874435 genomic_strand:-	875ed6f9d26449324fdc1147cae94dcf8c37760b7a6e718796b608600f5eaf28
HG02723_pat_hprc_r2_v1.0.1_HML-2_Xq28b	HML-2_Xq28b	HML-2_Xq28b	HG02723	pat	HG02723#1#CM092044.1:153365737-153369219	Xq28b	Fragment	q6283	historical_source/Documents/HML2_project_data/processed_loci/HML-2_Xq28b/HG02723_pat_hprc_r2_v1.0.1_HML-2_Xq28b.fa	HG02723_pat_hprc_r2_v1.0.1_HML-2_Xq28b assembly_coords:HG02723#1#CM092044.1:153386211-153392873 genomic_strand:-	ca9b2105d6969dba7ee3d0f0fca7a2cfb4e6d4e3a6686ccad32165e7bb4f0920
HG02735_mat_hprc_r2_v1.0.1_HML-2_Xq28b	HML-2_Xq28b	HML-2_Xq28b	HG02735	mat	HG02735#2#JBHIIJ010000056.1:81591329-81594810	Xq28b	Fragment	q6284	historical_source/Documents/HML2_project_data/processed_loci/HML-2_Xq28b/HG02735_mat_hprc_r2_v1.0.1_HML-2_Xq28b.fa	HG02735_mat_hprc_r2_v1.0.1_HML-2_Xq28b assembly_coords:HG02735#2#JBHIIJ010000056.1:81611802-81618464 genomic_strand:-	3aac706bdaa45c7416fafb294c2a7c3dcf612c8a060b90984240399904011b6d
HG02809_mat_hprc_r2_v1.0.1_HML-2_Xq28b	HML-2_Xq28b	HML-2_Xq28b	HG02809	mat	HG02809#2#CM088375.1:154079163-154082642	Xq28b	Fragment	q6286	historical_source/Documents/HML2_project_data/processed_loci/HML-2_Xq28b/HG02809_mat_hprc_r2_v1.0.1_HML-2_Xq28b.fa	HG02809_mat_hprc_r2_v1.0.1_HML-2_Xq28b assembly_coords:HG02809#2#CM088375.1:154099644-154106303 genomic_strand:-	111c2803f73ed81223851cd8e32d9786d03023079cbe14978b559ca3acba3321
HG02818_mat_hprc_r2_v1.0.1_HML-2_Xq28b	HML-2_Xq28b	HML-2_Xq28b	HG02818	mat	HG02818#2#CM091996.1:152555959-152559439	Xq28b	Fragment	q6288	historical_source/Documents/HML2_project_data/processed_loci/HML-2_Xq28b/HG02818_mat_hprc_r2_v1.0.1_HML-2_Xq28b.fa	HG02818_mat_hprc_r2_v1.0.1_HML-2_Xq28b assembly_coords:HG02818#2#CM091996.1:152576417-152583077 genomic_strand:-	12bcc011c2eb3fc788d668dae2219ab7c985b9119fa6391ccbda29754a7108f1
HG02841_pat_hprc_r2_v1.0.1_HML-2_Xq28b	HML-2_Xq28b	HML-2_Xq28b	HG02841	pat	HG02841#1#JBJKOG010000050.1:99991485-99994965	Xq28b	Fragment	q6291	historical_source/Documents/HML2_project_data/processed_loci/HML-2_Xq28b/HG02841_pat_hprc_r2_v1.0.1_HML-2_Xq28b.fa	HG02841_pat_hprc_r2_v1.0.1_HML-2_Xq28b assembly_coords:HG02841#1#JBJKOG010000050.1:100011949-100018611 genomic_strand:-	736650e9836cf5f7cbc0ad63d5b65c170f0b8079631f4715ba698d208cf358aa
HG02886_pat_hprc_r2_v1.0.1_HML-2_Xq28b	HML-2_Xq28b	HML-2_Xq28b	HG02886	pat	HG02886#1#CM088095.1:152590257-152593738	Xq28b	Fragment	q6293	historical_source/Documents/HML2_project_data/processed_loci/HML-2_Xq28b/HG02886_pat_hprc_r2_v1.0.1_HML-2_Xq28b.fa	HG02886_pat_hprc_r2_v1.0.1_HML-2_Xq28b assembly_coords:HG02886#1#CM088095.1:152610722-152617383 genomic_strand:-	cfe3c57b7cc9cc0ae7d57d184bbdc0e7b9a74660279f3ae2be010ba707ed94cb
HG03041_mat_hprc_r2_v1.0.1_HML-2_Xq28b	HML-2_Xq28b	HML-2_Xq28b	HG03041	mat	HG03041#2#CM088743.1:152763597-152767078	Xq28b	Fragment	q6300	historical_source/Documents/HML2_project_data/processed_loci/HML-2_Xq28b/HG03041_mat_hprc_r2_v1.0.1_HML-2_Xq28b.fa	HG03041_mat_hprc_r2_v1.0.1_HML-2_Xq28b assembly_coords:HG03041#2#CM088743.1:152784067-152790728 genomic_strand:-	1fed5e1c4579c9ddff337b10096e7472785163e39cb6d9f252c987679ee08f88
HG03041_pat_hprc_r2_v1.0.1_HML-2_Xq28b	HML-2_Xq28b	HML-2_Xq28b	HG03041	pat	HG03041#1#CM088726.1:153067008-153070488	Xq28b	Fragment	q6301	historical_source/Documents/HML2_project_data/processed_loci/HML-2_Xq28b/HG03041_pat_hprc_r2_v1.0.1_HML-2_Xq28b.fa	HG03041_pat_hprc_r2_v1.0.1_HML-2_Xq28b assembly_coords:HG03041#1#CM088726.1:153087468-153094130 genomic_strand:-	6af5972e9a9e0225b54f353b8ee4349e07409dfa718887b168e599692c389da7
HG03139_hap2_hprc_r2_v1.0.1_HML-2_Xq28b	HML-2_Xq28b	HML-2_Xq28b	HG03139	h2	HG03139#2#JBIEBY010000005.1:152969778-152973258	Xq28b	Fragment	q6303	historical_source/Documents/HML2_project_data/processed_loci/HML-2_Xq28b/HG03139_hap2_hprc_r2_v1.0.1_HML-2_Xq28b.fa	HG03139_hap2_hprc_r2_v1.0.1_HML-2_Xq28b assembly_coords:HG03139#2#JBIEBY010000005.1:152990234-152996896 genomic_strand:-	88018442899bfc9a5d939697637bbbde6012a2f6d691009bdbdbf16e5c0aaac6
HG03195_hap1_hprc_r2_v1.0.1_HML-2_Xq28b	HML-2_Xq28b	HML-2_Xq28b	HG03195	h1	HG03195#1#CM087069.1:152949015-152952495	Xq28b	Fragment	q6304	historical_source/Documents/HML2_project_data/processed_loci/HML-2_Xq28b/HG03195_hap1_hprc_r2_v1.0.1_HML-2_Xq28b.fa	HG03195_hap1_hprc_r2_v1.0.1_HML-2_Xq28b assembly_coords:HG03195#1#CM087069.1:152969471-152976131 genomic_strand:-	a66df8c71b62d66994dfaaf42c7f5c6b56d2c0837c0b3343996f3855cce87680
HG03225_hap2_hprc_r2_v1.0.1_HML-2_Xq28b	HML-2_Xq28b	HML-2_Xq28b	HG03225	h2	HG03225#2#JBHIIH010000052.1:95338940-95342419	Xq28b	Fragment	q6306	historical_source/Documents/HML2_project_data/processed_loci/HML-2_Xq28b/HG03225_hap2_hprc_r2_v1.0.1_HML-2_Xq28b.fa	HG03225_hap2_hprc_r2_v1.0.1_HML-2_Xq28b assembly_coords:HG03225#2#JBHIIH010000052.1:95359409-95366068 genomic_strand:-	456983b53b6307247ad295ec3e2da3620aec3e34477d3b17f764eac670375804
HG03239_mat_hprc_r2_v1.0.1_HML-2_Xq28b	HML-2_Xq28b	HML-2_Xq28b	HG03239	mat	HG03239#2#JBHIHT010000013.1:17463762-17467244	Xq28b	Fragment	q6307	historical_source/Documents/HML2_project_data/processed_loci/HML-2_Xq28b/HG03239_mat_hprc_r2_v1.0.1_HML-2_Xq28b.fa	HG03239_mat_hprc_r2_v1.0.1_HML-2_Xq28b assembly_coords:HG03239#2#JBHIHT010000013.1:17484237-17490899 genomic_strand:-	816ad29d38b7ba4f2e6f47dc3841afa4b783e6de14e79936458a8b9fdc07dc0d
HG03239_pat_hprc_r2_v1.0.1_HML-2_Xq28b	HML-2_Xq28b	HML-2_Xq28b	HG03239	pat	HG03239#1#JBHIHS010000048.1:17511909-17515391	Xq28b	Fragment	q6308	historical_source/Documents/HML2_project_data/processed_loci/HML-2_Xq28b/HG03239_pat_hprc_r2_v1.0.1_HML-2_Xq28b.fa	HG03239_pat_hprc_r2_v1.0.1_HML-2_Xq28b assembly_coords:HG03239#1#JBHIHS010000048.1:17532375-17539037 genomic_strand:-	f9f4148f6b4ac869d9cb7c9dcc45bc411a704ddc6a4608435d6a343702a03998
HG03470_hap2_hprc_r2_v1.0.1_HML-2_Xq28b	HML-2_Xq28b	HML-2_Xq28b	HG03470	h2	HG03470#2#CM091883.1:152468963-152472444	Xq28b	Fragment	q6316	historical_source/Documents/HML2_project_data/processed_loci/HML-2_Xq28b/HG03470_hap2_hprc_r2_v1.0.1_HML-2_Xq28b.fa	HG03470_hap2_hprc_r2_v1.0.1_HML-2_Xq28b assembly_coords:HG03470#2#CM091883.1:152489436-152496098 genomic_strand:-	52ce2b98151f38c63bcd4fdc6da498aa0ceb60276d2aa5c98cc394a59a5fbf14
HG03486_mat_hprc_r2_v1.0.1_HML-2_Xq28b	HML-2_Xq28b	HML-2_Xq28b	HG03486	mat	HG03486#2#CM091969.1:153102162-153105645	Xq28b	Fragment	q6318	historical_source/Documents/HML2_project_data/processed_loci/HML-2_Xq28b/HG03486_mat_hprc_r2_v1.0.1_HML-2_Xq28b.fa	HG03486_mat_hprc_r2_v1.0.1_HML-2_Xq28b assembly_coords:HG03486#2#CM091969.1:153122696-153129358 genomic_strand:-	87ce92dbf27f861d7692532924bd8eba1fafcf180911d6510a845050e6960322
HG03486_pat_hprc_r2_v1.0.1_HML-2_Xq28b	HML-2_Xq28b	HML-2_Xq28b	HG03486	pat	HG03486#1#CM091985.1:153819206-153822688	Xq28b	Fragment	q6319	historical_source/Documents/HML2_project_data/processed_loci/HML-2_Xq28b/HG03486_pat_hprc_r2_v1.0.1_HML-2_Xq28b.fa	HG03486_pat_hprc_r2_v1.0.1_HML-2_Xq28b assembly_coords:HG03486#1#CM091985.1:153839674-153846336 genomic_strand:-	a1d8bc89f18d2c1689eb1872ef82e421dfb4884825f9ad7cfc084f2b43f8996e
HG03516_mat_hprc_r2_v1.1.0_HML-2_Xq28b	HML-2_Xq28b	HML-2_Xq28b	HG03516	mat	HG03516#2#CM089243.1:151722069-151725548	Xq28b	Fragment	q6320	historical_source/Documents/HML2_project_data/processed_loci/HML-2_Xq28b/HG03516_mat_hprc_r2_v1.1.0_HML-2_Xq28b.fa	HG03516_mat_hprc_r2_v1.1.0_HML-2_Xq28b assembly_coords:HG03516#2#CM089243.1:151742550-151749209 genomic_strand:-	2ed2e8eba288160327fa59633766aae506d748350b42b4c66ba0c3e69623651b
HG03521_hap2_hprc_r2_v1.0.1_HML-2_Xq28b	HML-2_Xq28b	HML-2_Xq28b	HG03521	h2	HG03521#2#CM094444.1:152399036-152402516	Xq28b	Fragment	q6322	historical_source/Documents/HML2_project_data/processed_loci/HML-2_Xq28b/HG03521_hap2_hprc_r2_v1.0.1_HML-2_Xq28b.fa	HG03521_hap2_hprc_r2_v1.0.1_HML-2_Xq28b assembly_coords:HG03521#2#CM094444.1:152419492-152426154 genomic_strand:-	35f2ef0b57aa304ae408c21ff66c380874a35b874e33306acdacac1b3781b445
HG03579_mat_hprc_r2_v1.0.1_HML-2_Xq28b	HML-2_Xq28b	HML-2_Xq28b	HG03579	mat	HG03579#2#JAGYVT020000057.1:81558590-81562069	Xq28b	Fragment	q6325	historical_source/Documents/HML2_project_data/processed_loci/HML-2_Xq28b/HG03579_mat_hprc_r2_v1.0.1_HML-2_Xq28b.fa	HG03579_mat_hprc_r2_v1.0.1_HML-2_Xq28b assembly_coords:HG03579#2#JAGYVT020000057.1:81579072-81585731 genomic_strand:-	925f35096d4c64fddab14e7dfbe30cabc1a26db849acdf681d58234e5cde2f6e
HG03669_pat_hprc_r2_v1.0.1_HML-2_Xq28b	HML-2_Xq28b	HML-2_Xq28b	HG03669	pat	HG03669#1#JBHDTD010000018.1:1321576-1325057	Xq28b	Fragment	q6328	historical_source/Documents/HML2_project_data/processed_loci/HML-2_Xq28b/HG03669_pat_hprc_r2_v1.0.1_HML-2_Xq28b.fa	HG03669_pat_hprc_r2_v1.0.1_HML-2_Xq28b assembly_coords:HG03669#1#JBHDTD010000018.1:1342047-1348709 genomic_strand:-	a0eac34c68a838df741d3ee4838483534f578d7a89d9a86fcf86aed0163aab7c
HG03688_mat_hprc_r2_v1.0.1_HML-2_Xq28b	HML-2_Xq28b	HML-2_Xq28b	HG03688	mat	HG03688#2#JBHDTK010000015.1:94587025-94590506	Xq28b	Fragment	q6329	historical_source/Documents/HML2_project_data/processed_loci/HML-2_Xq28b/HG03688_mat_hprc_r2_v1.0.1_HML-2_Xq28b.fa	HG03688_mat_hprc_r2_v1.0.1_HML-2_Xq28b assembly_coords:HG03688#2#JBHDTK010000015.1:94607496-94614158 genomic_strand:-	06779825b4a6bb518a759925a9b2a0c226767e33746c4f7918e26797960f33b4
HG03704_mat_hprc_r2_v1.0.1_HML-2_Xq28b	HML-2_Xq28b	HML-2_Xq28b	HG03704	mat	HG03704#2#CM086200.1:153155149-153158630	Xq28b	Fragment	q6330	historical_source/Documents/HML2_project_data/processed_loci/HML-2_Xq28b/HG03704_mat_hprc_r2_v1.0.1_HML-2_Xq28b.fa	HG03704_mat_hprc_r2_v1.0.1_HML-2_Xq28b assembly_coords:HG03704#2#CM086200.1:153175620-153182282 genomic_strand:-	2262d5198d5760a033a9902a35ff496638905b0fecfc4bab7f700d57d262b357
HG03710_mat_hprc_r2_v1.0.1_HML-2_Xq28b	HML-2_Xq28b	HML-2_Xq28b	HG03710	mat	HG03710#2#CM086894.1:154051302-154054783	Xq28b	Fragment	q6332	historical_source/Documents/HML2_project_data/processed_loci/HML-2_Xq28b/HG03710_mat_hprc_r2_v1.0.1_HML-2_Xq28b.fa	HG03710_mat_hprc_r2_v1.0.1_HML-2_Xq28b assembly_coords:HG03710#2#CM086894.1:154071775-154078437 genomic_strand:-	6466b0fdc390a72e327b1e3db7e6d9a5f48972a211c77ea7aa2c43d4de82e1d6
HG03816_mat_hprc_r2_v1.0.1_HML-2_Xq28b	HML-2_Xq28b	HML-2_Xq28b	HG03816	mat	HG03816#2#CM100054.1:154448373-154451854	Xq28b	Fragment	q6336	historical_source/Documents/HML2_project_data/processed_loci/HML-2_Xq28b/HG03816_mat_hprc_r2_v1.0.1_HML-2_Xq28b.fa	HG03816_mat_hprc_r2_v1.0.1_HML-2_Xq28b assembly_coords:HG03816#2#CM100054.1:154468844-154475507 genomic_strand:-	2e38b549c49a04aab4563ce0f941efc224ea5ff82c5062fca0ccfaa6a8cb9981
HG03927_mat_hprc_r2_v1.0.1_HML-2_Xq28b	HML-2_Xq28b	HML-2_Xq28b	HG03927	mat	HG03927#2#CM086669.1:154066396-154069877	Xq28b	Fragment	q6344	historical_source/Documents/HML2_project_data/processed_loci/HML-2_Xq28b/HG03927_mat_hprc_r2_v1.0.1_HML-2_Xq28b.fa	HG03927_mat_hprc_r2_v1.0.1_HML-2_Xq28b assembly_coords:HG03927#2#CM086669.1:154086869-154093531 genomic_strand:-	88192bae4f48ed7d0f8e00074707daab645f6dc934018f3b624230bcc10d36f7
HG04204_mat_hprc_r2_v1.0.1_HML-2_Xq28b	HML-2_Xq28b	HML-2_Xq28b	HG04204	mat	HG04204#2#JBHIGZ010000059.1:1485206-1488688	Xq28b	Fragment	q6350	historical_source/Documents/HML2_project_data/processed_loci/HML-2_Xq28b/HG04204_mat_hprc_r2_v1.0.1_HML-2_Xq28b.fa	HG04204_mat_hprc_r2_v1.0.1_HML-2_Xq28b assembly_coords:HG04204#2#JBHIGZ010000059.1:1505678-1512340 genomic_strand:-	7a593d7994bbcdd2a880ef765424f2a12be5fa9bd6c79c0fd479de5e4074f0c7
HG04228_mat_hprc_r2_v1.0.1_HML-2_Xq28b	HML-2_Xq28b	HML-2_Xq28b	HG04228	mat	HG04228#2#JBHIHB010000044.1:81540476-81543957	Xq28b	Fragment	q6351	historical_source/Documents/HML2_project_data/processed_loci/HML-2_Xq28b/HG04228_mat_hprc_r2_v1.0.1_HML-2_Xq28b.fa	HG04228_mat_hprc_r2_v1.0.1_HML-2_Xq28b assembly_coords:HG04228#2#JBHIHB010000044.1:81560947-81567609 genomic_strand:-	27f51b64611ff741d11e7f209d727ab64e6e548a550a2327ba0119b466aa30c5
NA18565_hap2_hprc_r2_v1.0.1_HML-2_Xq28b	HML-2_Xq28b	HML-2_Xq28b	NA18565	h2	NA18565#2#JBIRDY010000046.1:52162232-52165713	Xq28b	Fragment	q6360	historical_source/Documents/HML2_project_data/processed_loci/HML-2_Xq28b/NA18565_hap2_hprc_r2_v1.0.1_HML-2_Xq28b.fa	NA18565_hap2_hprc_r2_v1.0.1_HML-2_Xq28b assembly_coords:NA18565#2#JBIRDY010000046.1:52182706-52189368 genomic_strand:-	ffe8286969879f1dfb8aed75ff27733a509dbdb5e8767de0477d04bdb6779163
NA18570_hap1_hprc_r2_v1.0.1_HML-2_Xq28b	HML-2_Xq28b	HML-2_Xq28b	NA18570	h1	NA18570#1#CM087673.1:153925055-153928535	Xq28b	Fragment	q6361	historical_source/Documents/HML2_project_data/processed_loci/HML-2_Xq28b/NA18570_hap1_hprc_r2_v1.0.1_HML-2_Xq28b.fa	NA18570_hap1_hprc_r2_v1.0.1_HML-2_Xq28b assembly_coords:NA18570#1#CM087673.1:153945527-153952189 genomic_strand:-	a6240dfdae2e8cbb69bbfb2c2307b40d7acb0187465cdf62f59f728f17c5c7c6
NA18570_hap2_hprc_r2_v1.0.1_HML-2_Xq28b	HML-2_Xq28b	HML-2_Xq28b	NA18570	h2	NA18570#2#CM087691.1:153879379-153882860	Xq28b	Fragment	q6362	historical_source/Documents/HML2_project_data/processed_loci/HML-2_Xq28b/NA18570_hap2_hprc_r2_v1.0.1_HML-2_Xq28b.fa	NA18570_hap2_hprc_r2_v1.0.1_HML-2_Xq28b assembly_coords:NA18570#2#CM087691.1:153899852-153906514 genomic_strand:-	db365e8cada393cb945986b743f4c45349b8c8a9d60aabaa23ad22b08b650081
NA18608_hap2_hprc_r2_v1.0.1_HML-2_Xq28b	HML-2_Xq28b	HML-2_Xq28b	NA18608	h2	NA18608#2#JBHIJX010000048.1:100529549-100533030	Xq28b	Fragment	q6363	historical_source/Documents/HML2_project_data/processed_loci/HML-2_Xq28b/NA18608_hap2_hprc_r2_v1.0.1_HML-2_Xq28b.fa	NA18608_hap2_hprc_r2_v1.0.1_HML-2_Xq28b assembly_coords:NA18608#2#JBHIJX010000048.1:100550020-100556682 genomic_strand:-	bc592ff106131aedb6525849eaf3757f65fd68208443a7e36c564cdd81d5a06d
NA18620_hap2_hprc_r2_v1.0.1_HML-2_Xq28b	HML-2_Xq28b	HML-2_Xq28b	NA18620	h2	NA18620#2#CM089838.1:152514466-152517949	Xq28b	Fragment	q6364	historical_source/Documents/HML2_project_data/processed_loci/HML-2_Xq28b/NA18620_hap2_hprc_r2_v1.0.1_HML-2_Xq28b.fa	NA18620_hap2_hprc_r2_v1.0.1_HML-2_Xq28b assembly_coords:NA18620#2#CM089838.1:152534939-152541601 genomic_strand:-	537318c844b4d9649e48e83760edd9ae9e93102e42c95dc16752772bf8e2a6ec
NA18747_hap2_hprc_r2_v1.0.1_HML-2_Xq28b	HML-2_Xq28b	HML-2_Xq28b	NA18747	h2	NA18747#2#CM087251.1:153692624-153696106	Xq28b	Fragment	q6365	historical_source/Documents/HML2_project_data/processed_loci/HML-2_Xq28b/NA18747_hap2_hprc_r2_v1.0.1_HML-2_Xq28b.fa	NA18747_hap2_hprc_r2_v1.0.1_HML-2_Xq28b assembly_coords:NA18747#2#CM087251.1:153713096-153719758 genomic_strand:-	3b9e817b1602a19a9b50ec5d44174d894605720c44b66dc5d4b5c26855e0fab2
NA18940_hap2_hprc_r2_v1.0.1_HML-2_Xq28b	HML-2_Xq28b	HML-2_Xq28b	NA18940	h2	NA18940#2#JBKACL010000023.1:154749544-154753026	Xq28b	Fragment	q6369	historical_source/Documents/HML2_project_data/processed_loci/HML-2_Xq28b/NA18940_hap2_hprc_r2_v1.0.1_HML-2_Xq28b.fa	NA18940_hap2_hprc_r2_v1.0.1_HML-2_Xq28b assembly_coords:NA18940#2#JBKACL010000023.1:154770018-154776680 genomic_strand:-	3f6dab3a23fb2cfb7cb71214b476b821b48ce0231ba30572f8db16ff623a038d
NA18943_hap2_hprc_r2_v1.0.1_HML-2_Xq28b	HML-2_Xq28b	HML-2_Xq28b	NA18943	h2	NA18943#2#CM101700.1:152736498-152739977	Xq28b	Fragment	q6370	historical_source/Documents/HML2_project_data/processed_loci/HML-2_Xq28b/NA18943_hap2_hprc_r2_v1.0.1_HML-2_Xq28b.fa	NA18943_hap2_hprc_r2_v1.0.1_HML-2_Xq28b assembly_coords:NA18943#2#CM101700.1:152756981-152763640 genomic_strand:-	35235a36795e99955a54ab820f233433ae24fa251d11c8627efe176bd005dbfb
NA18944_hap2_hprc_r2_v1.0.1_HML-2_Xq28b	HML-2_Xq28b	HML-2_Xq28b	NA18944	h2	NA18944#2#CM101684.1:153873500-153876980	Xq28b	Fragment	q6371	historical_source/Documents/HML2_project_data/processed_loci/HML-2_Xq28b/NA18944_hap2_hprc_r2_v1.0.1_HML-2_Xq28b.fa	NA18944_hap2_hprc_r2_v1.0.1_HML-2_Xq28b assembly_coords:NA18944#2#CM101684.1:153893960-153900622 genomic_strand:-	ac0199f993a407bba4a283c177f2c5393e9c001ff9b0f83ebff3247abf14abbf
NA18945_hap2_hprc_r2_v1.0.1_HML-2_Xq28b	HML-2_Xq28b	HML-2_Xq28b	NA18945	h2	NA18945#2#CM101640.1:153682045-153685527	Xq28b	Fragment	q6372	historical_source/Documents/HML2_project_data/processed_loci/HML-2_Xq28b/NA18945_hap2_hprc_r2_v1.0.1_HML-2_Xq28b.fa	NA18945_hap2_hprc_r2_v1.0.1_HML-2_Xq28b assembly_coords:NA18945#2#CM101640.1:153702517-153709179 genomic_strand:-	2f94ada58087801a14b8edd659bc349b13b8258ac886cbb1b922e51d19f3cfca
NA18952_hap2_hprc_r2_v1.0.1_HML-2_Xq28b	HML-2_Xq28b	HML-2_Xq28b	NA18952	h2	NA18952#2#JBHIJT010000038.1:101017413-101020894	Xq28b	Fragment	q6373	historical_source/Documents/HML2_project_data/processed_loci/HML-2_Xq28b/NA18952_hap2_hprc_r2_v1.0.1_HML-2_Xq28b.fa	NA18952_hap2_hprc_r2_v1.0.1_HML-2_Xq28b assembly_coords:NA18952#2#JBHIJT010000038.1:101037884-101044547 genomic_strand:-	c1739ba038c0917a355f4a39d946448b7e3a28df5dc4e27b0608c03e112d415e
NA18959_hap2_hprc_r2_v1.0.1_HML-2_Xq28b	HML-2_Xq28b	HML-2_Xq28b	NA18959	h2	NA18959#2#CM101585.1:152884586-152888065	Xq28b	Fragment	q6374	historical_source/Documents/HML2_project_data/processed_loci/HML-2_Xq28b/NA18959_hap2_hprc_r2_v1.0.1_HML-2_Xq28b.fa	NA18959_hap2_hprc_r2_v1.0.1_HML-2_Xq28b assembly_coords:NA18959#2#CM101585.1:152905071-152911730 genomic_strand:-	c219886fa0902c58b10421499125d596fb2acb2627460eb93793590968925dc1
NA18967_hap2_hprc_r2_v1.0.1_HML-2_Xq28b	HML-2_Xq28b	HML-2_Xq28b	NA18967	h2	NA18967#2#CM101525.1:153601793-153605273	Xq28b	Fragment	q6376	historical_source/Documents/HML2_project_data/processed_loci/HML-2_Xq28b/NA18967_hap2_hprc_r2_v1.0.1_HML-2_Xq28b.fa	NA18967_hap2_hprc_r2_v1.0.1_HML-2_Xq28b assembly_coords:NA18967#2#CM101525.1:153622253-153628915 genomic_strand:-	9a23f166555a3047181f30abe12b624ec9e5141e0cb921f8ea4c67c2df588a63
NA18970_hap2_hprc_r2_v1.0.1_HML-2_Xq28b	HML-2_Xq28b	HML-2_Xq28b	NA18970	h2	NA18970#2#CM101494.1:153631395-153634875	Xq28b	Fragment	q6377	historical_source/Documents/HML2_project_data/processed_loci/HML-2_Xq28b/NA18970_hap2_hprc_r2_v1.0.1_HML-2_Xq28b.fa	NA18970_hap2_hprc_r2_v1.0.1_HML-2_Xq28b assembly_coords:NA18970#2#CM101494.1:153651855-153658517 genomic_strand:-	f58710c416a88e69a111a00164ed043464f335d7d3bb28962b2f88539fb2b157
NA18971_hap2_hprc_r2_v1.0.1_HML-2_Xq28b	HML-2_Xq28b	HML-2_Xq28b	NA18971	h2	NA18971#2#JBHDWL010000010.1:31771567-31775048	Xq28b	Fragment	q6378	historical_source/Documents/HML2_project_data/processed_loci/HML-2_Xq28b/NA18971_hap2_hprc_r2_v1.0.1_HML-2_Xq28b.fa	NA18971_hap2_hprc_r2_v1.0.1_HML-2_Xq28b assembly_coords:NA18971#2#JBHDWL010000010.1:31792038-31798700 genomic_strand:-	988c4d8ef064cecf9083e1539827c5cf04eb0d60b5323025d520768bf34fcae5
NA18974_hap2_hprc_r2_v1.0.1_HML-2_Xq28b	HML-2_Xq28b	HML-2_Xq28b	NA18974	h2	NA18974#2#CM089807.1:152746543-152750024	Xq28b	Fragment	q6379	historical_source/Documents/HML2_project_data/processed_loci/HML-2_Xq28b/NA18974_hap2_hprc_r2_v1.0.1_HML-2_Xq28b.fa	NA18974_hap2_hprc_r2_v1.0.1_HML-2_Xq28b assembly_coords:NA18974#2#CM089807.1:152767014-152773677 genomic_strand:-	89577bd8b95139636d09dd85b0b36fc12a6748edcaadb69287d2111ef56a9aca
NA18976_hap1_hprc_r2_v1.0.1_HML-2_Xq28b	HML-2_Xq28b	HML-2_Xq28b	NA18976	h1	NA18976#1#JBHIJO010000017.1:52084593-52088074	Xq28b	Fragment	q6380	historical_source/Documents/HML2_project_data/processed_loci/HML-2_Xq28b/NA18976_hap1_hprc_r2_v1.0.1_HML-2_Xq28b.fa	NA18976_hap1_hprc_r2_v1.0.1_HML-2_Xq28b assembly_coords:NA18976#1#JBHIJO010000017.1:52105064-52111726 genomic_strand:-	ebc7a8f25f7cf0d4d146dc03a808ed95c6bebaf5a8245123fc696cfbc600cebb
NA18976_hap2_hprc_r2_v1.0.1_HML-2_Xq28b	HML-2_Xq28b	HML-2_Xq28b	NA18976	h2	NA18976#2#JBHIJP010000012.1:52191645-52195126	Xq28b	Fragment	q6381	historical_source/Documents/HML2_project_data/processed_loci/HML-2_Xq28b/NA18976_hap2_hprc_r2_v1.0.1_HML-2_Xq28b.fa	NA18976_hap2_hprc_r2_v1.0.1_HML-2_Xq28b assembly_coords:NA18976#2#JBHIJP010000012.1:52212106-52218768 genomic_strand:-	dd206020972c9cdfcd00bb04ac21756fd3b5d18ac5b67873057cddfeb066dd76
NA18982_hap2_hprc_r2_v1.0.1_HML-2_Xq28b	HML-2_Xq28b	HML-2_Xq28b	NA18982	h2	NA18982#2#JBKABT010000023.1:153511798-153515279	Xq28b	Fragment	q6382	historical_source/Documents/HML2_project_data/processed_loci/HML-2_Xq28b/NA18982_hap2_hprc_r2_v1.0.1_HML-2_Xq28b.fa	NA18982_hap2_hprc_r2_v1.0.1_HML-2_Xq28b assembly_coords:NA18982#2#JBKABT010000023.1:153532273-153538935 genomic_strand:-	4b1b497576aff21518865e422dcddf3e04ec5e0b4a1aed6cab2f6c8206ab506f
NA18983_hap2_hprc_r2_v1.0.1_HML-2_Xq28b	HML-2_Xq28b	HML-2_Xq28b	NA18983	h2	NA18983#2#JBHDWV010000007.1:81558822-81562303	Xq28b	Fragment	q6383	historical_source/Documents/HML2_project_data/processed_loci/HML-2_Xq28b/NA18983_hap2_hprc_r2_v1.0.1_HML-2_Xq28b.fa	NA18983_hap2_hprc_r2_v1.0.1_HML-2_Xq28b assembly_coords:NA18983#2#JBHDWV010000007.1:81579293-81585955 genomic_strand:-	e5a7a27fd73a29b72a67f362e9eff32f13fd35b96305be50d368da2e922ea215
NA19087_hap1_hprc_r2_v1.0.1_HML-2_Xq28b	HML-2_Xq28b	HML-2_Xq28b	NA19087	h1	NA19087#1#JBHDXP010000006.1:52029534-52033015	Xq28b	Fragment	q6386	historical_source/Documents/HML2_project_data/processed_loci/HML-2_Xq28b/NA19087_hap1_hprc_r2_v1.0.1_HML-2_Xq28b.fa	NA19087_hap1_hprc_r2_v1.0.1_HML-2_Xq28b assembly_coords:NA19087#1#JBHDXP010000006.1:52050005-52056667 genomic_strand:-	e5420decb5cc03cb689145f697d261b589238549790998a31d7c5f402cc2704c
NA19087_hap2_hprc_r2_v1.0.1_HML-2_Xq28b	HML-2_Xq28b	HML-2_Xq28b	NA19087	h2	NA19087#2#JBHDXQ010000053.1:51994139-51997620	Xq28b	Fragment	q6387	historical_source/Documents/HML2_project_data/processed_loci/HML-2_Xq28b/NA19087_hap2_hprc_r2_v1.0.1_HML-2_Xq28b.fa	NA19087_hap2_hprc_r2_v1.0.1_HML-2_Xq28b assembly_coords:NA19087#2#JBHDXQ010000053.1:52014610-52021272 genomic_strand:-	983645c0166d604dc2f78e92886da6432cd6fdf509c5a669b0e09d046410ffa1
NA19159_hap2_hprc_r2_v1.0.1_HML-2_Xq28b	HML-2_Xq28b	HML-2_Xq28b	NA19159	h2	NA19159#2#JBJXQM010000002.1:98519670-98523150	Xq28b	Fragment	q6389	historical_source/Documents/HML2_project_data/processed_loci/HML-2_Xq28b/NA19159_hap2_hprc_r2_v1.0.1_HML-2_Xq28b.fa	NA19159_hap2_hprc_r2_v1.0.1_HML-2_Xq28b assembly_coords:NA19159#2#JBJXQM010000002.1:98540126-98546788 genomic_strand:-	ad27d818acc96c9733414f4e7036b5f7e510e8a50acb3b0db50b18691b1f7597
NA19682_hap2_hprc_r2_v1.0.1_HML-2_Xq28b	HML-2_Xq28b	HML-2_Xq28b	NA19682	h2	NA19682#2#JBIRDK010000043.1:106023455-106026937	Xq28b	Fragment	q6398	historical_source/Documents/HML2_project_data/processed_loci/HML-2_Xq28b/NA19682_hap2_hprc_r2_v1.0.1_HML-2_Xq28b.fa	NA19682_hap2_hprc_r2_v1.0.1_HML-2_Xq28b assembly_coords:NA19682#2#JBIRDK010000043.1:106043929-106050591 genomic_strand:-	9c576586f6ceed9b54ded6cc05063eacae75d85f80bbec770052a43a9294daa5
NA19909_hap2_hprc_r2_v1.0.1_HML-2_Xq28b	HML-2_Xq28b	HML-2_Xq28b	NA19909	h2	NA19909#2#CM094146.1:152807697-152811176	Xq28b	Fragment	q6404	historical_source/Documents/HML2_project_data/processed_loci/HML-2_Xq28b/NA19909_hap2_hprc_r2_v1.0.1_HML-2_Xq28b.fa	NA19909_hap2_hprc_r2_v1.0.1_HML-2_Xq28b assembly_coords:NA19909#2#CM094146.1:152828157-152834817 genomic_strand:-	005f2c5fdb0f197f67f18245a1929112200c2a5ace52aa67feef107d565a9da5
NA20282_hap2_hprc_r2_v1.0.1_HML-2_Xq28b	HML-2_Xq28b	HML-2_Xq28b	NA20282	h2	NA20282#2#CM094289.1:152975135-152978614	Xq28b	Fragment	q6408	historical_source/Documents/HML2_project_data/processed_loci/HML-2_Xq28b/NA20282_hap2_hprc_r2_v1.0.1_HML-2_Xq28b.fa	NA20282_hap2_hprc_r2_v1.0.1_HML-2_Xq28b assembly_coords:NA20282#2#CM094289.1:152995598-153002257 genomic_strand:-	5afab4e5df8415f2eb26bb1850358855ad9c0ad4456456cef7cc2b7f47a62e9f
NA20762_hap2_hprc_r2_v1.0.1_HML-2_Xq28b	HML-2_Xq28b	HML-2_Xq28b	NA20762	h2	NA20762#2#JBKOQX010000024.1:153141950-153145432	Xq28b	Fragment	q6411	historical_source/Documents/HML2_project_data/processed_loci/HML-2_Xq28b/NA20762_hap2_hprc_r2_v1.0.1_HML-2_Xq28b.fa	NA20762_hap2_hprc_r2_v1.0.1_HML-2_Xq28b assembly_coords:NA20762#2#JBKOQX010000024.1:153162424-153169086 genomic_strand:-	3b3d35ef0ead76a8191ed56230f4227bb6711e198d84ced91c904c15291e897e
NA20799_hap2_hprc_r2_v1.0.1_HML-2_Xq28b	HML-2_Xq28b	HML-2_Xq28b	NA20799	h2	NA20799#2#JBJKOF010000014.1:51993947-51997429	Xq28b	Fragment	q6412	historical_source/Documents/HML2_project_data/processed_loci/HML-2_Xq28b/NA20799_hap2_hprc_r2_v1.0.1_HML-2_Xq28b.fa	NA20799_hap2_hprc_r2_v1.0.1_HML-2_Xq28b assembly_coords:NA20799#2#JBJKOF010000014.1:52014420-52021082 genomic_strand:-	801ba0af94739931acd4e1ab16f368b4da88fe5db161f047e4a6640d2cc3bb9a
NA20806_hap2_hprc_r2_v1.0.1_HML-2_Xq28b	HML-2_Xq28b	HML-2_Xq28b	NA20806	h2	NA20806#2#JBKOQV010000002.1:153539073-153542555	Xq28b	Fragment	q6413	historical_source/Documents/HML2_project_data/processed_loci/HML-2_Xq28b/NA20806_hap2_hprc_r2_v1.0.1_HML-2_Xq28b.fa	NA20806_hap2_hprc_r2_v1.0.1_HML-2_Xq28b assembly_coords:NA20806#2#JBKOQV010000002.1:153559547-153566209 genomic_strand:-	af9b610b586f7fdb7c287f25f3164f41188e3dd5e23861802f00d7a919d019c6
NA20809_hap2_hprc_r2_v1.0.1_HML-2_Xq28b	HML-2_Xq28b	HML-2_Xq28b	NA20809	h2	NA20809#2#JBIREA010000009.1:82788316-82791798	Xq28b	Fragment	q6414	historical_source/Documents/HML2_project_data/processed_loci/HML-2_Xq28b/NA20809_hap2_hprc_r2_v1.0.1_HML-2_Xq28b.fa	NA20809_hap2_hprc_r2_v1.0.1_HML-2_Xq28b assembly_coords:NA20809#2#JBIREA010000009.1:82808790-82815452 genomic_strand:-	291926a4f7379516bc1a3800674c8e5d6c8ae087f19c2fdaa15993d50f7da055
NA20827_hap2_hprc_r2_v1.0.1_HML-2_Xq28b	HML-2_Xq28b	HML-2_Xq28b	NA20827	h2	NA20827#2#CM102581.1:152685706-152689184	Xq28b	Fragment	q6415	historical_source/Documents/HML2_project_data/processed_loci/HML-2_Xq28b/NA20827_hap2_hprc_r2_v1.0.1_HML-2_Xq28b.fa	NA20827_hap2_hprc_r2_v1.0.1_HML-2_Xq28b assembly_coords:NA20827#2#CM102581.1:152706185-152712844 genomic_strand:-	f931a1baf9a164273c47c5e5d2a57b2fae4dd71e466de2bd70522b64d31dfcb8
NA20850_hap2_hprc_r2_v1.0.1_HML-2_Xq28b	HML-2_Xq28b	HML-2_Xq28b	NA20850	h2	NA20850#2#JBIRDW010000004.1:93338727-93342209	Xq28b	Fragment	q6416	historical_source/Documents/HML2_project_data/processed_loci/HML-2_Xq28b/NA20850_hap2_hprc_r2_v1.0.1_HML-2_Xq28b.fa	NA20850_hap2_hprc_r2_v1.0.1_HML-2_Xq28b assembly_coords:NA20850#2#JBIRDW010000004.1:93359201-93365863 genomic_strand:-	1bc6c24154a820d03f3daac065caf422947e744174673dc80b650c9e61b3e3d4
NA21106_hap1_hprc_r2_v1.0.1_HML-2_Xq28b	HML-2_Xq28b	HML-2_Xq28b	NA21106	h1	NA21106#1#CM089566.1:154005149-154008630	Xq28b	Fragment	q6420	historical_source/Documents/HML2_project_data/processed_loci/HML-2_Xq28b/NA21106_hap1_hprc_r2_v1.0.1_HML-2_Xq28b.fa	NA21106_hap1_hprc_r2_v1.0.1_HML-2_Xq28b assembly_coords:NA21106#1#CM089566.1:154025620-154032282 genomic_strand:-	24d9b27364b2e72eb416373d101ff6ee313b4878ced61c40da4d3dde0f625ba1
NA21110_hap1_hprc_r2_v1.0.1_HML-2_Xq28b_alt1	HML-2_Xq28b	HML-2_Xq28b	NA21110	h1	NA21110#1#CM089677.1:153645018-153648499	Xq28b	Fragment	q6421	historical_source/Documents/HML2_project_data/processed_loci/HML-2_Xq28b/NA21110_hap1_hprc_r2_v1.0.1_HML-2_Xq28b_alt1.fa	NA21110_hap1_hprc_r2_v1.0.1_HML-2_Xq28b_alt1 assembly_coords:NA21110#1#CM089677.1:153665491-153672153 genomic_strand:-	3edbdcea25bf009aae6e9eb520f6fead90d38cbbfee4431ceff7fd1bf61e0490
NA21144_hap1_hprc_r2_v1.0.1_HML-2_Xq28b	HML-2_Xq28b	HML-2_Xq28b	NA21144	h1	NA21144#1#CM094105.1:152522730-152526211	Xq28b	Fragment	q6424	historical_source/Documents/HML2_project_data/processed_loci/HML-2_Xq28b/NA21144_hap1_hprc_r2_v1.0.1_HML-2_Xq28b.fa	NA21144_hap1_hprc_r2_v1.0.1_HML-2_Xq28b assembly_coords:NA21144#1#CM094105.1:152543201-152549863 genomic_strand:-	91909c6833e68da551a81708f9d4f379bc7790215d9b36c0fc477b8c98d658c2
NA21144_hap2_hprc_r2_v1.0.1_HML-2_Xq28b	HML-2_Xq28b	HML-2_Xq28b	NA21144	h2	NA21144#2#CM094120.1:154039809-154043288	Xq28b	Fragment	q6425	historical_source/Documents/HML2_project_data/processed_loci/HML-2_Xq28b/NA21144_hap2_hprc_r2_v1.0.1_HML-2_Xq28b.fa	NA21144_hap2_hprc_r2_v1.0.1_HML-2_Xq28b assembly_coords:NA21144#2#CM094120.1:154060286-154066945 genomic_strand:-	ed2dad42f075ba9f572c4fe16b9827af0136a8d3bf22187ed2bf8bdf56e47db2
