original_id	current_id	locus	before	after	observation_state	sequence_sha256	changed_fields
HG00096_h1_HML-2_11p15.4b_technical_error	HG00096_h1_HML-2_11p15.4b_graph_hgsvc3-2024-02-23-mc-chm13	HML-2_11p15.4b	Technical_Error	Solo-LTR	PRESENT	ef0db573b1133db7d0aa0f0a7127ed5c347c8925f8da8a80759daee9cbd9b7a7	ID_Full,Source_Identifier,Structure,presence_call,observation_state,observation_state_reason,observation_source_kind,source_specific_state,graph_observation_state,QC_State,QC_Reason,Technical_Error_Reason,observation_role,observation_sequence_bytes,observation_sequence_sha256,provirus_type,row_source_role,row_source_generation,row_source_path,row_source_sha256,row_source_bytes,row_source_mtime_utc,haplotype_evidence,haplotype_pansn_digit,observation_class_v3,observation_class_evidence_v3,source_record_class_v3,source_record_path_v3,source_record_sha256_v3,source_record_bases_v3,source_record_header_v3,extraction_branch_provenance_v3,stable_source_identity_v3,v3_row_origin,v3_supersession_state,representative_ID_Full
HG00096_h2_HML-2_11p15.4b_technical_error	HG00096_h2_HML-2_11p15.4b_graph_hgsvc3-2024-02-23-mc-chm13	HML-2_11p15.4b	Technical_Error	Solo-LTR	PRESENT	ef0db573b1133db7d0aa0f0a7127ed5c347c8925f8da8a80759daee9cbd9b7a7	ID_Full,Source_Identifier,Structure,presence_call,observation_state,observation_state_reason,observation_source_kind,source_specific_state,graph_observation_state,QC_State,QC_Reason,Technical_Error_Reason,observation_role,observation_sequence_bytes,observation_sequence_sha256,provirus_type,row_source_role,row_source_generation,row_source_path,row_source_sha256,row_source_bytes,row_source_mtime_utc,haplotype_evidence,haplotype_pansn_digit,observation_class_v3,observation_class_evidence_v3,source_record_class_v3,source_record_path_v3,source_record_sha256_v3,source_record_bases_v3,source_record_header_v3,extraction_branch_provenance_v3,stable_source_identity_v3,v3_row_origin,v3_supersession_state,representative_ID_Full
HG00171_h1_HML-2_11p15.4b_technical_error	HG00171_h1_HML-2_11p15.4b_graph_hgsvc3-2024-02-23-mc-chm13	HML-2_11p15.4b	Technical_Error	Solo-LTR	PRESENT	7994bbdad781bc69686e5450abba00bf5764aa379edaaef7fe99ef467b55a55b	ID_Full,Source_Identifier,Structure,presence_call,observation_state,observation_state_reason,observation_source_kind,source_specific_state,graph_observation_state,QC_State,QC_Reason,Technical_Error_Reason,observation_role,observation_sequence_bytes,observation_sequence_sha256,provirus_type,row_source_role,row_source_generation,row_source_path,row_source_sha256,row_source_bytes,row_source_mtime_utc,haplotype_evidence,haplotype_pansn_digit,observation_class_v3,observation_class_evidence_v3,source_record_class_v3,source_record_path_v3,source_record_sha256_v3,source_record_bases_v3,source_record_header_v3,extraction_branch_provenance_v3,stable_source_identity_v3,v3_row_origin,v3_supersession_state,representative_ID_Full
HG00171_h2_HML-2_11p15.4b_technical_error	HG00171_h2_HML-2_11p15.4b_graph_hgsvc3-2024-02-23-mc-chm13	HML-2_11p15.4b	Technical_Error	Solo-LTR	PRESENT	ef0db573b1133db7d0aa0f0a7127ed5c347c8925f8da8a80759daee9cbd9b7a7	ID_Full,Source_Identifier,Structure,presence_call,observation_state,observation_state_reason,observation_source_kind,source_specific_state,graph_observation_state,QC_State,QC_Reason,Technical_Error_Reason,observation_role,observation_sequence_bytes,observation_sequence_sha256,provirus_type,row_source_role,row_source_generation,row_source_path,row_source_sha256,row_source_bytes,row_source_mtime_utc,haplotype_evidence,haplotype_pansn_digit,observation_class_v3,observation_class_evidence_v3,source_record_class_v3,source_record_path_v3,source_record_sha256_v3,source_record_bases_v3,source_record_header_v3,extraction_branch_provenance_v3,stable_source_identity_v3,v3_row_origin,v3_supersession_state,representative_ID_Full
HG00268_h1_HML-2_11p15.4b_technical_error	HG00268_h1_HML-2_11p15.4b_graph_hgsvc3-2024-02-23-mc-chm13	HML-2_11p15.4b	Technical_Error	Insertion_Absent	NONCARRIER_SENTINEL_OBSERVATION	8ce86a6ae65d3692e7305e2c58ac62eebd97d3d943e093f577da25c36988246b	ID_Full,Source_Identifier,Structure,presence_call,observation_state,observation_state_reason,observation_source_kind,source_specific_state,graph_observation_state,QC_State,QC_Reason,Technical_Error_Reason,observation_role,observation_sequence_bytes,observation_sequence_sha256,Strand,row_source_role,row_source_generation,row_source_path,row_source_sha256,row_source_bytes,row_source_mtime_utc,observation_class_v3,observation_class_evidence_v3,source_record_class_v3,source_record_path_v3,source_record_sha256_v3,source_record_bases_v3,source_record_header_v3,noncarrier_evidence_mode_v3,extraction_branch_provenance_v3,stable_source_identity_v3,v3_row_origin,v3_supersession_state,representative_ID_Full
HG00268_h2_HML-2_11p15.4b_technical_error	HG00268_h2_HML-2_11p15.4b_graph_hgsvc3-2024-02-23-mc-chm13	HML-2_11p15.4b	Technical_Error	Solo-LTR	PRESENT	ef0db573b1133db7d0aa0f0a7127ed5c347c8925f8da8a80759daee9cbd9b7a7	ID_Full,Source_Identifier,Structure,presence_call,observation_state,observation_state_reason,observation_source_kind,source_specific_state,graph_observation_state,QC_State,QC_Reason,Technical_Error_Reason,observation_role,observation_sequence_bytes,observation_sequence_sha256,provirus_type,row_source_role,row_source_generation,row_source_path,row_source_sha256,row_source_bytes,row_source_mtime_utc,haplotype_evidence,haplotype_pansn_digit,observation_class_v3,observation_class_evidence_v3,source_record_class_v3,source_record_path_v3,source_record_sha256_v3,source_record_bases_v3,source_record_header_v3,extraction_branch_provenance_v3,stable_source_identity_v3,v3_row_origin,v3_supersession_state,representative_ID_Full
HG00358_h1_HML-2_11p15.4b_technical_error	HG00358_h1_HML-2_11p15.4b_graph_hgsvc3-2024-02-23-mc-chm13	HML-2_11p15.4b	Technical_Error	Solo-LTR	PRESENT	ef0db573b1133db7d0aa0f0a7127ed5c347c8925f8da8a80759daee9cbd9b7a7	ID_Full,Source_Identifier,Structure,presence_call,observation_state,observation_state_reason,observation_source_kind,source_specific_state,graph_observation_state,QC_State,QC_Reason,Technical_Error_Reason,observation_role,observation_sequence_bytes,observation_sequence_sha256,provirus_type,row_source_role,row_source_generation,row_source_path,row_source_sha256,row_source_bytes,row_source_mtime_utc,haplotype_evidence,haplotype_pansn_digit,observation_class_v3,observation_class_evidence_v3,source_record_class_v3,source_record_path_v3,source_record_sha256_v3,source_record_bases_v3,source_record_header_v3,extraction_branch_provenance_v3,stable_source_identity_v3,v3_row_origin,v3_supersession_state,representative_ID_Full
HG00358_h2_HML-2_11p15.4b_technical_error	HG00358_h2_HML-2_11p15.4b_graph_hgsvc3-2024-02-23-mc-chm13	HML-2_11p15.4b	Technical_Error	Solo-LTR	PRESENT	ef0db573b1133db7d0aa0f0a7127ed5c347c8925f8da8a80759daee9cbd9b7a7	ID_Full,Source_Identifier,Structure,presence_call,observation_state,observation_state_reason,observation_source_kind,source_specific_state,graph_observation_state,QC_State,QC_Reason,Technical_Error_Reason,observation_role,observation_sequence_bytes,observation_sequence_sha256,provirus_type,row_source_role,row_source_generation,row_source_path,row_source_sha256,row_source_bytes,row_source_mtime_utc,haplotype_evidence,haplotype_pansn_digit,observation_class_v3,observation_class_evidence_v3,source_record_class_v3,source_record_path_v3,source_record_sha256_v3,source_record_bases_v3,source_record_header_v3,extraction_branch_provenance_v3,stable_source_identity_v3,v3_row_origin,v3_supersession_state,representative_ID_Full
HG00512_h1_HML-2_11p15.4b_technical_error	HG00512_h1_HML-2_11p15.4b_graph_hgsvc3-2024-02-23-mc-chm13	HML-2_11p15.4b	Technical_Error	Solo-LTR	PRESENT	5e00862b48a2c6d8bb9bd5eb9c67dba7f18b22bf785a1ac3114a4b4039b30254	ID_Full,Source_Identifier,Structure,presence_call,observation_state,observation_state_reason,observation_source_kind,source_specific_state,graph_observation_state,QC_State,QC_Reason,Technical_Error_Reason,observation_role,observation_sequence_bytes,observation_sequence_sha256,provirus_type,row_source_role,row_source_generation,row_source_path,row_source_sha256,row_source_bytes,row_source_mtime_utc,haplotype_evidence,haplotype_pansn_digit,observation_class_v3,observation_class_evidence_v3,source_record_class_v3,source_record_path_v3,source_record_sha256_v3,source_record_bases_v3,source_record_header_v3,extraction_branch_provenance_v3,stable_source_identity_v3,v3_row_origin,v3_supersession_state,representative_ID_Full
HG00512_h2_HML-2_11p15.4b_technical_error	HG00512_h2_HML-2_11p15.4b_graph_hgsvc3-2024-02-23-mc-chm13	HML-2_11p15.4b	Technical_Error	Solo-LTR	PRESENT	c85a1d582940929cf82304062ab9434c37b085573a83e522d4cb6a71eae998c1	ID_Full,Source_Identifier,Structure,presence_call,observation_state,observation_state_reason,observation_source_kind,source_specific_state,graph_observation_state,QC_State,QC_Reason,Technical_Error_Reason,observation_role,observation_sequence_bytes,observation_sequence_sha256,provirus_type,row_source_role,row_source_generation,row_source_path,row_source_sha256,row_source_bytes,row_source_mtime_utc,haplotype_evidence,haplotype_pansn_digit,observation_class_v3,observation_class_evidence_v3,source_record_class_v3,source_record_path_v3,source_record_sha256_v3,source_record_bases_v3,source_record_header_v3,extraction_branch_provenance_v3,stable_source_identity_v3,v3_row_origin,v3_supersession_state,representative_ID_Full
HG00513_h1_HML-2_11p15.4b_technical_error	HG00513_h1_HML-2_11p15.4b_graph_hgsvc3-2024-02-23-mc-chm13	HML-2_11p15.4b	Technical_Error	Solo-LTR	PRESENT	7994bbdad781bc69686e5450abba00bf5764aa379edaaef7fe99ef467b55a55b	ID_Full,Source_Identifier,Structure,presence_call,observation_state,observation_state_reason,observation_source_kind,source_specific_state,graph_observation_state,QC_State,QC_Reason,Technical_Error_Reason,observation_role,observation_sequence_bytes,observation_sequence_sha256,provirus_type,row_source_role,row_source_generation,row_source_path,row_source_sha256,row_source_bytes,row_source_mtime_utc,haplotype_evidence,haplotype_pansn_digit,observation_class_v3,observation_class_evidence_v3,source_record_class_v3,source_record_path_v3,source_record_sha256_v3,source_record_bases_v3,source_record_header_v3,extraction_branch_provenance_v3,stable_source_identity_v3,v3_row_origin,v3_supersession_state,representative_ID_Full
HG00513_h2_HML-2_11p15.4b_technical_error	HG00513_h2_HML-2_11p15.4b_graph_hgsvc3-2024-02-23-mc-chm13	HML-2_11p15.4b	Technical_Error	Solo-LTR	PRESENT	7994bbdad781bc69686e5450abba00bf5764aa379edaaef7fe99ef467b55a55b	ID_Full,Source_Identifier,Structure,presence_call,observation_state,observation_state_reason,observation_source_kind,source_specific_state,graph_observation_state,QC_State,QC_Reason,Technical_Error_Reason,observation_role,observation_sequence_bytes,observation_sequence_sha256,provirus_type,row_source_role,row_source_generation,row_source_path,row_source_sha256,row_source_bytes,row_source_mtime_utc,haplotype_evidence,haplotype_pansn_digit,observation_class_v3,observation_class_evidence_v3,source_record_class_v3,source_record_path_v3,source_record_sha256_v3,source_record_bases_v3,source_record_header_v3,extraction_branch_provenance_v3,stable_source_identity_v3,v3_row_origin,v3_supersession_state,representative_ID_Full
HG00514_h1_HML-2_11p15.4b_technical_error	HG00514_h1_HML-2_11p15.4b_graph_hgsvc3-2024-02-23-mc-chm13	HML-2_11p15.4b	Technical_Error	Solo-LTR	PRESENT	7994bbdad781bc69686e5450abba00bf5764aa379edaaef7fe99ef467b55a55b	ID_Full,Source_Identifier,Structure,presence_call,observation_state,observation_state_reason,observation_source_kind,source_specific_state,graph_observation_state,QC_State,QC_Reason,Technical_Error_Reason,observation_role,observation_sequence_bytes,observation_sequence_sha256,provirus_type,row_source_role,row_source_generation,row_source_path,row_source_sha256,row_source_bytes,row_source_mtime_utc,haplotype_evidence,haplotype_pansn_digit,observation_class_v3,observation_class_evidence_v3,source_record_class_v3,source_record_path_v3,source_record_sha256_v3,source_record_bases_v3,source_record_header_v3,extraction_branch_provenance_v3,stable_source_identity_v3,v3_row_origin,v3_supersession_state,representative_ID_Full
HG00514_h2_HML-2_11p15.4b_technical_error	HG00514_h2_HML-2_11p15.4b_graph_hgsvc3-2024-02-23-mc-chm13	HML-2_11p15.4b	Technical_Error	Solo-LTR	PRESENT	c85a1d582940929cf82304062ab9434c37b085573a83e522d4cb6a71eae998c1	ID_Full,Source_Identifier,Structure,presence_call,observation_state,observation_state_reason,observation_source_kind,source_specific_state,graph_observation_state,QC_State,QC_Reason,Technical_Error_Reason,observation_role,observation_sequence_bytes,observation_sequence_sha256,provirus_type,row_source_role,row_source_generation,row_source_path,row_source_sha256,row_source_bytes,row_source_mtime_utc,haplotype_evidence,haplotype_pansn_digit,observation_class_v3,observation_class_evidence_v3,source_record_class_v3,source_record_path_v3,source_record_sha256_v3,source_record_bases_v3,source_record_header_v3,extraction_branch_provenance_v3,stable_source_identity_v3,v3_row_origin,v3_supersession_state,representative_ID_Full
HG00731_h1_HML-2_11p15.4b_technical_error	HG00731_h1_HML-2_11p15.4b_graph_hgsvc3-2024-02-23-mc-chm13	HML-2_11p15.4b	Technical_Error	Solo-LTR	PRESENT	ef0db573b1133db7d0aa0f0a7127ed5c347c8925f8da8a80759daee9cbd9b7a7	ID_Full,Source_Identifier,Structure,presence_call,observation_state,observation_state_reason,observation_source_kind,source_specific_state,graph_observation_state,QC_State,QC_Reason,Technical_Error_Reason,observation_role,observation_sequence_bytes,observation_sequence_sha256,provirus_type,row_source_role,row_source_generation,row_source_path,row_source_sha256,row_source_bytes,row_source_mtime_utc,haplotype_evidence,haplotype_pansn_digit,observation_class_v3,observation_class_evidence_v3,source_record_class_v3,source_record_path_v3,source_record_sha256_v3,source_record_bases_v3,source_record_header_v3,extraction_branch_provenance_v3,stable_source_identity_v3,v3_row_origin,v3_supersession_state,representative_ID_Full
HG00731_h2_HML-2_11p15.4b_technical_error	HG00731_h2_HML-2_11p15.4b_graph_hgsvc3-2024-02-23-mc-chm13	HML-2_11p15.4b	Technical_Error	Insertion_Absent	NONCARRIER_SENTINEL_OBSERVATION	8ce86a6ae65d3692e7305e2c58ac62eebd97d3d943e093f577da25c36988246b	ID_Full,Source_Identifier,Structure,presence_call,observation_state,observation_state_reason,observation_source_kind,source_specific_state,graph_observation_state,QC_State,QC_Reason,Technical_Error_Reason,observation_role,observation_sequence_bytes,observation_sequence_sha256,Strand,row_source_role,row_source_generation,row_source_path,row_source_sha256,row_source_bytes,row_source_mtime_utc,observation_class_v3,observation_class_evidence_v3,source_record_class_v3,source_record_path_v3,source_record_sha256_v3,source_record_bases_v3,source_record_header_v3,noncarrier_evidence_mode_v3,extraction_branch_provenance_v3,stable_source_identity_v3,v3_row_origin,v3_supersession_state,representative_ID_Full
HG00732_h1_HML-2_11p15.4b_technical_error	HG00732_h1_HML-2_11p15.4b_graph_hgsvc3-2024-02-23-mc-chm13	HML-2_11p15.4b	Technical_Error	Solo-LTR	PRESENT	8c4521d8a7c2fe7c7a971a0a58b3c16613c471d951b3becf1f63e3bc07db6b59	ID_Full,Source_Identifier,Structure,presence_call,observation_state,observation_state_reason,observation_source_kind,source_specific_state,graph_observation_state,QC_State,QC_Reason,Technical_Error_Reason,observation_role,observation_sequence_bytes,observation_sequence_sha256,provirus_type,row_source_role,row_source_generation,row_source_path,row_source_sha256,row_source_bytes,row_source_mtime_utc,haplotype_evidence,haplotype_pansn_digit,observation_class_v3,observation_class_evidence_v3,source_record_class_v3,source_record_path_v3,source_record_sha256_v3,source_record_bases_v3,source_record_header_v3,extraction_branch_provenance_v3,stable_source_identity_v3,v3_row_origin,v3_supersession_state,representative_ID_Full
HG00732_h2_HML-2_11p15.4b_technical_error	HG00732_h2_HML-2_11p15.4b_graph_hgsvc3-2024-02-23-mc-chm13	HML-2_11p15.4b	Technical_Error	Solo-LTR	PRESENT	cdabc9653222fb14785a6246836dba2517707369669985004ecff25df83ee4b8	ID_Full,Source_Identifier,Structure,presence_call,observation_state,observation_state_reason,observation_source_kind,source_specific_state,graph_observation_state,QC_State,QC_Reason,Technical_Error_Reason,observation_role,observation_sequence_bytes,observation_sequence_sha256,provirus_type,row_source_role,row_source_generation,row_source_path,row_source_sha256,row_source_bytes,row_source_mtime_utc,haplotype_evidence,haplotype_pansn_digit,observation_class_v3,observation_class_evidence_v3,source_record_class_v3,source_record_path_v3,source_record_sha256_v3,source_record_bases_v3,source_record_header_v3,extraction_branch_provenance_v3,stable_source_identity_v3,v3_row_origin,v3_supersession_state,representative_ID_Full
HG00864_h1_HML-2_11p15.4b_technical_error	HG00864_h1_HML-2_11p15.4b_graph_hgsvc3-2024-02-23-mc-chm13	HML-2_11p15.4b	Technical_Error	Solo-LTR	PRESENT	7994bbdad781bc69686e5450abba00bf5764aa379edaaef7fe99ef467b55a55b	ID_Full,Source_Identifier,Structure,presence_call,observation_state,observation_state_reason,observation_source_kind,source_specific_state,graph_observation_state,QC_State,QC_Reason,Technical_Error_Reason,observation_role,observation_sequence_bytes,observation_sequence_sha256,provirus_type,row_source_role,row_source_generation,row_source_path,row_source_sha256,row_source_bytes,row_source_mtime_utc,haplotype_evidence,haplotype_pansn_digit,observation_class_v3,observation_class_evidence_v3,source_record_class_v3,source_record_path_v3,source_record_sha256_v3,source_record_bases_v3,source_record_header_v3,extraction_branch_provenance_v3,stable_source_identity_v3,v3_row_origin,v3_supersession_state,representative_ID_Full
HG00864_h2_HML-2_11p15.4b_technical_error	HG00864_h2_HML-2_11p15.4b_graph_hgsvc3-2024-02-23-mc-chm13	HML-2_11p15.4b	Technical_Error	Insertion_Absent	NONCARRIER_SENTINEL_OBSERVATION	8ce86a6ae65d3692e7305e2c58ac62eebd97d3d943e093f577da25c36988246b	ID_Full,Source_Identifier,Structure,presence_call,observation_state,observation_state_reason,observation_source_kind,source_specific_state,graph_observation_state,QC_State,QC_Reason,Technical_Error_Reason,observation_role,observation_sequence_bytes,observation_sequence_sha256,Strand,row_source_role,row_source_generation,row_source_path,row_source_sha256,row_source_bytes,row_source_mtime_utc,observation_class_v3,observation_class_evidence_v3,source_record_class_v3,source_record_path_v3,source_record_sha256_v3,source_record_bases_v3,source_record_header_v3,noncarrier_evidence_mode_v3,extraction_branch_provenance_v3,stable_source_identity_v3,v3_row_origin,v3_supersession_state,representative_ID_Full
HG01114_h1_HML-2_11p15.4b_technical_error	HG01114_h1_HML-2_11p15.4b_graph_hgsvc3-2024-02-23-mc-chm13	HML-2_11p15.4b	Technical_Error	Solo-LTR	PRESENT	7994bbdad781bc69686e5450abba00bf5764aa379edaaef7fe99ef467b55a55b	ID_Full,Source_Identifier,Structure,presence_call,observation_state,observation_state_reason,observation_source_kind,source_specific_state,graph_observation_state,QC_State,QC_Reason,Technical_Error_Reason,observation_role,observation_sequence_bytes,observation_sequence_sha256,provirus_type,row_source_role,row_source_generation,row_source_path,row_source_sha256,row_source_bytes,row_source_mtime_utc,haplotype_evidence,haplotype_pansn_digit,observation_class_v3,observation_class_evidence_v3,source_record_class_v3,source_record_path_v3,source_record_sha256_v3,source_record_bases_v3,source_record_header_v3,extraction_branch_provenance_v3,stable_source_identity_v3,v3_row_origin,v3_supersession_state,representative_ID_Full
HG01114_h2_HML-2_11p15.4b_technical_error	HG01114_h2_HML-2_11p15.4b_graph_hgsvc3-2024-02-23-mc-chm13	HML-2_11p15.4b	Technical_Error	Solo-LTR	PRESENT	7994bbdad781bc69686e5450abba00bf5764aa379edaaef7fe99ef467b55a55b	ID_Full,Source_Identifier,Structure,presence_call,observation_state,observation_state_reason,observation_source_kind,source_specific_state,graph_observation_state,QC_State,QC_Reason,Technical_Error_Reason,observation_role,observation_sequence_bytes,observation_sequence_sha256,provirus_type,row_source_role,row_source_generation,row_source_path,row_source_sha256,row_source_bytes,row_source_mtime_utc,haplotype_evidence,haplotype_pansn_digit,observation_class_v3,observation_class_evidence_v3,source_record_class_v3,source_record_path_v3,source_record_sha256_v3,source_record_bases_v3,source_record_header_v3,extraction_branch_provenance_v3,stable_source_identity_v3,v3_row_origin,v3_supersession_state,representative_ID_Full
HG01352_h1_HML-2_11p15.4b_technical_error	HG01352_h1_HML-2_11p15.4b_graph_hgsvc3-2024-02-23-mc-chm13	HML-2_11p15.4b	Technical_Error	Solo-LTR	PRESENT	ef0db573b1133db7d0aa0f0a7127ed5c347c8925f8da8a80759daee9cbd9b7a7	ID_Full,Source_Identifier,Structure,presence_call,observation_state,observation_state_reason,observation_source_kind,source_specific_state,graph_observation_state,QC_State,QC_Reason,Technical_Error_Reason,observation_role,observation_sequence_bytes,observation_sequence_sha256,provirus_type,row_source_role,row_source_generation,row_source_path,row_source_sha256,row_source_bytes,row_source_mtime_utc,haplotype_evidence,haplotype_pansn_digit,observation_class_v3,observation_class_evidence_v3,source_record_class_v3,source_record_path_v3,source_record_sha256_v3,source_record_bases_v3,source_record_header_v3,extraction_branch_provenance_v3,stable_source_identity_v3,v3_row_origin,v3_supersession_state,representative_ID_Full
HG01352_h2_HML-2_11p15.4b_technical_error	HG01352_h2_HML-2_11p15.4b_graph_hgsvc3-2024-02-23-mc-chm13	HML-2_11p15.4b	Technical_Error	Solo-LTR	PRESENT	ef0db573b1133db7d0aa0f0a7127ed5c347c8925f8da8a80759daee9cbd9b7a7	ID_Full,Source_Identifier,Structure,presence_call,observation_state,observation_state_reason,observation_source_kind,source_specific_state,graph_observation_state,QC_State,QC_Reason,Technical_Error_Reason,observation_role,observation_sequence_bytes,observation_sequence_sha256,provirus_type,row_source_role,row_source_generation,row_source_path,row_source_sha256,row_source_bytes,row_source_mtime_utc,haplotype_evidence,haplotype_pansn_digit,observation_class_v3,observation_class_evidence_v3,source_record_class_v3,source_record_path_v3,source_record_sha256_v3,source_record_bases_v3,source_record_header_v3,extraction_branch_provenance_v3,stable_source_identity_v3,v3_row_origin,v3_supersession_state,representative_ID_Full
HG01457_h1_HML-2_11p15.4b_technical_error	HG01457_h1_HML-2_11p15.4b_graph_hgsvc3-2024-02-23-mc-chm13	HML-2_11p15.4b	Technical_Error	Solo-LTR	PRESENT	ef0db573b1133db7d0aa0f0a7127ed5c347c8925f8da8a80759daee9cbd9b7a7	ID_Full,Source_Identifier,Structure,presence_call,observation_state,observation_state_reason,observation_source_kind,source_specific_state,graph_observation_state,QC_State,QC_Reason,Technical_Error_Reason,observation_role,observation_sequence_bytes,observation_sequence_sha256,provirus_type,row_source_role,row_source_generation,row_source_path,row_source_sha256,row_source_bytes,row_source_mtime_utc,haplotype_evidence,haplotype_pansn_digit,observation_class_v3,observation_class_evidence_v3,source_record_class_v3,source_record_path_v3,source_record_sha256_v3,source_record_bases_v3,source_record_header_v3,extraction_branch_provenance_v3,stable_source_identity_v3,v3_row_origin,v3_supersession_state,representative_ID_Full
HG01457_h2_HML-2_11p15.4b_technical_error	HG01457_h2_HML-2_11p15.4b_graph_hgsvc3-2024-02-23-mc-chm13	HML-2_11p15.4b	Technical_Error	Insertion_Absent	NONCARRIER_SENTINEL_OBSERVATION	8ce86a6ae65d3692e7305e2c58ac62eebd97d3d943e093f577da25c36988246b	ID_Full,Source_Identifier,Structure,presence_call,observation_state,observation_state_reason,observation_source_kind,source_specific_state,graph_observation_state,QC_State,QC_Reason,Technical_Error_Reason,observation_role,observation_sequence_bytes,observation_sequence_sha256,Strand,row_source_role,row_source_generation,row_source_path,row_source_sha256,row_source_bytes,row_source_mtime_utc,observation_class_v3,observation_class_evidence_v3,source_record_class_v3,source_record_path_v3,source_record_sha256_v3,source_record_bases_v3,source_record_header_v3,noncarrier_evidence_mode_v3,extraction_branch_provenance_v3,stable_source_identity_v3,v3_row_origin,v3_supersession_state,representative_ID_Full
HG01505_h1_HML-2_11p15.4b_technical_error	HG01505_h1_HML-2_11p15.4b_graph_hgsvc3-2024-02-23-mc-chm13	HML-2_11p15.4b	Technical_Error	Solo-LTR	PRESENT	7994bbdad781bc69686e5450abba00bf5764aa379edaaef7fe99ef467b55a55b	ID_Full,Source_Identifier,Structure,presence_call,observation_state,observation_state_reason,observation_source_kind,source_specific_state,graph_observation_state,QC_State,QC_Reason,Technical_Error_Reason,observation_role,observation_sequence_bytes,observation_sequence_sha256,provirus_type,row_source_role,row_source_generation,row_source_path,row_source_sha256,row_source_bytes,row_source_mtime_utc,haplotype_evidence,haplotype_pansn_digit,observation_class_v3,observation_class_evidence_v3,source_record_class_v3,source_record_path_v3,source_record_sha256_v3,source_record_bases_v3,source_record_header_v3,extraction_branch_provenance_v3,stable_source_identity_v3,v3_row_origin,v3_supersession_state,representative_ID_Full
HG01505_h2_HML-2_11p15.4b_technical_error	HG01505_h2_HML-2_11p15.4b_graph_hgsvc3-2024-02-23-mc-chm13	HML-2_11p15.4b	Technical_Error	Solo-LTR	PRESENT	ef0db573b1133db7d0aa0f0a7127ed5c347c8925f8da8a80759daee9cbd9b7a7	ID_Full,Source_Identifier,Structure,presence_call,observation_state,observation_state_reason,observation_source_kind,source_specific_state,graph_observation_state,QC_State,QC_Reason,Technical_Error_Reason,observation_role,observation_sequence_bytes,observation_sequence_sha256,provirus_type,row_source_role,row_source_generation,row_source_path,row_source_sha256,row_source_bytes,row_source_mtime_utc,haplotype_evidence,haplotype_pansn_digit,observation_class_v3,observation_class_evidence_v3,source_record_class_v3,source_record_path_v3,source_record_sha256_v3,source_record_bases_v3,source_record_header_v3,extraction_branch_provenance_v3,stable_source_identity_v3,v3_row_origin,v3_supersession_state,representative_ID_Full
HG01573_h1_HML-2_11p15.4b_technical_error	HG01573_h1_HML-2_11p15.4b_graph_hgsvc3-2024-02-23-mc-chm13	HML-2_11p15.4b	Technical_Error	Solo-LTR	PRESENT	ef0db573b1133db7d0aa0f0a7127ed5c347c8925f8da8a80759daee9cbd9b7a7	ID_Full,Source_Identifier,Structure,presence_call,observation_state,observation_state_reason,observation_source_kind,source_specific_state,graph_observation_state,QC_State,QC_Reason,Technical_Error_Reason,observation_role,observation_sequence_bytes,observation_sequence_sha256,provirus_type,row_source_role,row_source_generation,row_source_path,row_source_sha256,row_source_bytes,row_source_mtime_utc,haplotype_evidence,haplotype_pansn_digit,observation_class_v3,observation_class_evidence_v3,source_record_class_v3,source_record_path_v3,source_record_sha256_v3,source_record_bases_v3,source_record_header_v3,extraction_branch_provenance_v3,stable_source_identity_v3,v3_row_origin,v3_supersession_state,representative_ID_Full
HG01573_h2_HML-2_11p15.4b_technical_error	HG01573_h2_HML-2_11p15.4b_graph_hgsvc3-2024-02-23-mc-chm13	HML-2_11p15.4b	Technical_Error	Solo-LTR	PRESENT	7994bbdad781bc69686e5450abba00bf5764aa379edaaef7fe99ef467b55a55b	ID_Full,Source_Identifier,Structure,presence_call,observation_state,observation_state_reason,observation_source_kind,source_specific_state,graph_observation_state,QC_State,QC_Reason,Technical_Error_Reason,observation_role,observation_sequence_bytes,observation_sequence_sha256,provirus_type,row_source_role,row_source_generation,row_source_path,row_source_sha256,row_source_bytes,row_source_mtime_utc,haplotype_evidence,haplotype_pansn_digit,observation_class_v3,observation_class_evidence_v3,source_record_class_v3,source_record_path_v3,source_record_sha256_v3,source_record_bases_v3,source_record_header_v3,extraction_branch_provenance_v3,stable_source_identity_v3,v3_row_origin,v3_supersession_state,representative_ID_Full
HG01596_h1_HML-2_11p15.4b_technical_error	HG01596_h1_HML-2_11p15.4b_graph_hgsvc3-2024-02-23-mc-chm13	HML-2_11p15.4b	Technical_Error	Solo-LTR	PRESENT	ef0db573b1133db7d0aa0f0a7127ed5c347c8925f8da8a80759daee9cbd9b7a7	ID_Full,Source_Identifier,Structure,presence_call,observation_state,observation_state_reason,observation_source_kind,source_specific_state,graph_observation_state,QC_State,QC_Reason,Technical_Error_Reason,observation_role,observation_sequence_bytes,observation_sequence_sha256,provirus_type,row_source_role,row_source_generation,row_source_path,row_source_sha256,row_source_bytes,row_source_mtime_utc,haplotype_evidence,haplotype_pansn_digit,observation_class_v3,observation_class_evidence_v3,source_record_class_v3,source_record_path_v3,source_record_sha256_v3,source_record_bases_v3,source_record_header_v3,extraction_branch_provenance_v3,stable_source_identity_v3,v3_row_origin,v3_supersession_state,representative_ID_Full
HG01596_h2_HML-2_11p15.4b_technical_error	HG01596_h2_HML-2_11p15.4b_graph_hgsvc3-2024-02-23-mc-chm13	HML-2_11p15.4b	Technical_Error	Insertion_Absent	NONCARRIER_SENTINEL_OBSERVATION	8ce86a6ae65d3692e7305e2c58ac62eebd97d3d943e093f577da25c36988246b	ID_Full,Source_Identifier,Structure,presence_call,observation_state,observation_state_reason,observation_source_kind,source_specific_state,graph_observation_state,QC_State,QC_Reason,Technical_Error_Reason,observation_role,observation_sequence_bytes,observation_sequence_sha256,Strand,row_source_role,row_source_generation,row_source_path,row_source_sha256,row_source_bytes,row_source_mtime_utc,observation_class_v3,observation_class_evidence_v3,source_record_class_v3,source_record_path_v3,source_record_sha256_v3,source_record_bases_v3,source_record_header_v3,noncarrier_evidence_mode_v3,extraction_branch_provenance_v3,stable_source_identity_v3,v3_row_origin,v3_supersession_state,representative_ID_Full
HG01890_h1_HML-2_11p15.4b_technical_error	HG01890_h1_HML-2_11p15.4b_graph_hgsvc3-2024-02-23-mc-chm13	HML-2_11p15.4b	Technical_Error	Insertion_Absent	NONCARRIER_SENTINEL_OBSERVATION	8ce86a6ae65d3692e7305e2c58ac62eebd97d3d943e093f577da25c36988246b	ID_Full,Source_Identifier,Structure,presence_call,observation_state,observation_state_reason,observation_source_kind,source_specific_state,graph_observation_state,QC_State,QC_Reason,Technical_Error_Reason,observation_role,observation_sequence_bytes,observation_sequence_sha256,Strand,row_source_role,row_source_generation,row_source_path,row_source_sha256,row_source_bytes,row_source_mtime_utc,observation_class_v3,observation_class_evidence_v3,source_record_class_v3,source_record_path_v3,source_record_sha256_v3,source_record_bases_v3,source_record_header_v3,noncarrier_evidence_mode_v3,extraction_branch_provenance_v3,stable_source_identity_v3,v3_row_origin,v3_supersession_state,representative_ID_Full
HG01890_h2_HML-2_11p15.4b_technical_error	HG01890_h2_HML-2_11p15.4b_graph_hgsvc3-2024-02-23-mc-chm13	HML-2_11p15.4b	Technical_Error	Insertion_Absent	NONCARRIER_SENTINEL_OBSERVATION	8ce86a6ae65d3692e7305e2c58ac62eebd97d3d943e093f577da25c36988246b	ID_Full,Source_Identifier,Structure,presence_call,observation_state,observation_state_reason,observation_source_kind,source_specific_state,graph_observation_state,QC_State,QC_Reason,Technical_Error_Reason,observation_role,observation_sequence_bytes,observation_sequence_sha256,Strand,row_source_role,row_source_generation,row_source_path,row_source_sha256,row_source_bytes,row_source_mtime_utc,observation_class_v3,observation_class_evidence_v3,source_record_class_v3,source_record_path_v3,source_record_sha256_v3,source_record_bases_v3,source_record_header_v3,noncarrier_evidence_mode_v3,extraction_branch_provenance_v3,stable_source_identity_v3,v3_row_origin,v3_supersession_state,representative_ID_Full
HG02011_h1_HML-2_11p15.4b_technical_error	HG02011_h1_HML-2_11p15.4b_graph_hgsvc3-2024-02-23-mc-chm13	HML-2_11p15.4b	Technical_Error	Solo-LTR	PRESENT	ef0db573b1133db7d0aa0f0a7127ed5c347c8925f8da8a80759daee9cbd9b7a7	ID_Full,Source_Identifier,Structure,presence_call,observation_state,observation_state_reason,observation_source_kind,source_specific_state,graph_observation_state,QC_State,QC_Reason,Technical_Error_Reason,observation_role,observation_sequence_bytes,observation_sequence_sha256,provirus_type,row_source_role,row_source_generation,row_source_path,row_source_sha256,row_source_bytes,row_source_mtime_utc,haplotype_evidence,haplotype_pansn_digit,observation_class_v3,observation_class_evidence_v3,source_record_class_v3,source_record_path_v3,source_record_sha256_v3,source_record_bases_v3,source_record_header_v3,extraction_branch_provenance_v3,stable_source_identity_v3,v3_row_origin,v3_supersession_state,representative_ID_Full
HG02011_h2_HML-2_11p15.4b_technical_error	HG02011_h2_HML-2_11p15.4b_graph_hgsvc3-2024-02-23-mc-chm13	HML-2_11p15.4b	Technical_Error	Insertion_Absent	NONCARRIER_SENTINEL_OBSERVATION	8ce86a6ae65d3692e7305e2c58ac62eebd97d3d943e093f577da25c36988246b	ID_Full,Source_Identifier,Structure,presence_call,observation_state,observation_state_reason,observation_source_kind,source_specific_state,graph_observation_state,QC_State,QC_Reason,Technical_Error_Reason,observation_role,observation_sequence_bytes,observation_sequence_sha256,Strand,row_source_role,row_source_generation,row_source_path,row_source_sha256,row_source_bytes,row_source_mtime_utc,observation_class_v3,observation_class_evidence_v3,source_record_class_v3,source_record_path_v3,source_record_sha256_v3,source_record_bases_v3,source_record_header_v3,noncarrier_evidence_mode_v3,extraction_branch_provenance_v3,stable_source_identity_v3,v3_row_origin,v3_supersession_state,representative_ID_Full
HG02018_h1_HML-2_11p15.4b_technical_error	HG02018_h1_HML-2_11p15.4b_graph_hgsvc3-2024-02-23-mc-chm13	HML-2_11p15.4b	Technical_Error	Solo-LTR	PRESENT	7994bbdad781bc69686e5450abba00bf5764aa379edaaef7fe99ef467b55a55b	ID_Full,Source_Identifier,Structure,presence_call,observation_state,observation_state_reason,observation_source_kind,source_specific_state,graph_observation_state,QC_State,QC_Reason,Technical_Error_Reason,observation_role,observation_sequence_bytes,observation_sequence_sha256,provirus_type,row_source_role,row_source_generation,row_source_path,row_source_sha256,row_source_bytes,row_source_mtime_utc,haplotype_evidence,haplotype_pansn_digit,observation_class_v3,observation_class_evidence_v3,source_record_class_v3,source_record_path_v3,source_record_sha256_v3,source_record_bases_v3,source_record_header_v3,extraction_branch_provenance_v3,stable_source_identity_v3,v3_row_origin,v3_supersession_state,representative_ID_Full
HG02018_h2_HML-2_11p15.4b_technical_error	HG02018_h2_HML-2_11p15.4b_graph_hgsvc3-2024-02-23-mc-chm13	HML-2_11p15.4b	Technical_Error	Insertion_Absent	NONCARRIER_SENTINEL_OBSERVATION	8ce86a6ae65d3692e7305e2c58ac62eebd97d3d943e093f577da25c36988246b	ID_Full,Source_Identifier,Structure,presence_call,observation_state,observation_state_reason,observation_source_kind,source_specific_state,graph_observation_state,QC_State,QC_Reason,Technical_Error_Reason,observation_role,observation_sequence_bytes,observation_sequence_sha256,Strand,row_source_role,row_source_generation,row_source_path,row_source_sha256,row_source_bytes,row_source_mtime_utc,observation_class_v3,observation_class_evidence_v3,source_record_class_v3,source_record_path_v3,source_record_sha256_v3,source_record_bases_v3,source_record_header_v3,noncarrier_evidence_mode_v3,extraction_branch_provenance_v3,stable_source_identity_v3,v3_row_origin,v3_supersession_state,representative_ID_Full
HG02059_h1_HML-2_11p15.4b_technical_error	HG02059_h1_HML-2_11p15.4b_graph_hgsvc3-2024-02-23-mc-chm13	HML-2_11p15.4b	Technical_Error	Solo-LTR	PRESENT	7994bbdad781bc69686e5450abba00bf5764aa379edaaef7fe99ef467b55a55b	ID_Full,Source_Identifier,Structure,presence_call,observation_state,observation_state_reason,observation_source_kind,source_specific_state,graph_observation_state,QC_State,QC_Reason,Technical_Error_Reason,observation_role,observation_sequence_bytes,observation_sequence_sha256,provirus_type,row_source_role,row_source_generation,row_source_path,row_source_sha256,row_source_bytes,row_source_mtime_utc,haplotype_evidence,haplotype_pansn_digit,observation_class_v3,observation_class_evidence_v3,source_record_class_v3,source_record_path_v3,source_record_sha256_v3,source_record_bases_v3,source_record_header_v3,extraction_branch_provenance_v3,stable_source_identity_v3,v3_row_origin,v3_supersession_state,representative_ID_Full
HG02059_h2_HML-2_11p15.4b_technical_error	HG02059_h2_HML-2_11p15.4b_graph_hgsvc3-2024-02-23-mc-chm13	HML-2_11p15.4b	Technical_Error	Solo-LTR	PRESENT	ef0db573b1133db7d0aa0f0a7127ed5c347c8925f8da8a80759daee9cbd9b7a7	ID_Full,Source_Identifier,Structure,presence_call,observation_state,observation_state_reason,observation_source_kind,source_specific_state,graph_observation_state,QC_State,QC_Reason,Technical_Error_Reason,observation_role,observation_sequence_bytes,observation_sequence_sha256,provirus_type,row_source_role,row_source_generation,row_source_path,row_source_sha256,row_source_bytes,row_source_mtime_utc,haplotype_evidence,haplotype_pansn_digit,observation_class_v3,observation_class_evidence_v3,source_record_class_v3,source_record_path_v3,source_record_sha256_v3,source_record_bases_v3,source_record_header_v3,extraction_branch_provenance_v3,stable_source_identity_v3,v3_row_origin,v3_supersession_state,representative_ID_Full
HG02106_h1_HML-2_11p15.4b_technical_error	HG02106_h1_HML-2_11p15.4b_graph_hgsvc3-2024-02-23-mc-chm13	HML-2_11p15.4b	Technical_Error	Solo-LTR	PRESENT	7994bbdad781bc69686e5450abba00bf5764aa379edaaef7fe99ef467b55a55b	ID_Full,Source_Identifier,Structure,presence_call,observation_state,observation_state_reason,observation_source_kind,source_specific_state,graph_observation_state,QC_State,QC_Reason,Technical_Error_Reason,observation_role,observation_sequence_bytes,observation_sequence_sha256,provirus_type,row_source_role,row_source_generation,row_source_path,row_source_sha256,row_source_bytes,row_source_mtime_utc,haplotype_evidence,haplotype_pansn_digit,observation_class_v3,observation_class_evidence_v3,source_record_class_v3,source_record_path_v3,source_record_sha256_v3,source_record_bases_v3,source_record_header_v3,extraction_branch_provenance_v3,stable_source_identity_v3,v3_row_origin,v3_supersession_state,representative_ID_Full
HG02106_h2_HML-2_11p15.4b_technical_error	HG02106_h2_HML-2_11p15.4b_graph_hgsvc3-2024-02-23-mc-chm13	HML-2_11p15.4b	Technical_Error	Solo-LTR	PRESENT	7994bbdad781bc69686e5450abba00bf5764aa379edaaef7fe99ef467b55a55b	ID_Full,Source_Identifier,Structure,presence_call,observation_state,observation_state_reason,observation_source_kind,source_specific_state,graph_observation_state,QC_State,QC_Reason,Technical_Error_Reason,observation_role,observation_sequence_bytes,observation_sequence_sha256,provirus_type,row_source_role,row_source_generation,row_source_path,row_source_sha256,row_source_bytes,row_source_mtime_utc,haplotype_evidence,haplotype_pansn_digit,observation_class_v3,observation_class_evidence_v3,source_record_class_v3,source_record_path_v3,source_record_sha256_v3,source_record_bases_v3,source_record_header_v3,extraction_branch_provenance_v3,stable_source_identity_v3,v3_row_origin,v3_supersession_state,representative_ID_Full
HG02282_h1_HML-2_11p15.4b_technical_error	HG02282_h1_HML-2_11p15.4b_graph_hgsvc3-2024-02-23-mc-chm13	HML-2_11p15.4b	Technical_Error	Solo-LTR	PRESENT	7994bbdad781bc69686e5450abba00bf5764aa379edaaef7fe99ef467b55a55b	ID_Full,Source_Identifier,Structure,presence_call,observation_state,observation_state_reason,observation_source_kind,source_specific_state,graph_observation_state,QC_State,QC_Reason,Technical_Error_Reason,observation_role,observation_sequence_bytes,observation_sequence_sha256,provirus_type,row_source_role,row_source_generation,row_source_path,row_source_sha256,row_source_bytes,row_source_mtime_utc,haplotype_evidence,haplotype_pansn_digit,observation_class_v3,observation_class_evidence_v3,source_record_class_v3,source_record_path_v3,source_record_sha256_v3,source_record_bases_v3,source_record_header_v3,extraction_branch_provenance_v3,stable_source_identity_v3,v3_row_origin,v3_supersession_state,representative_ID_Full
HG02282_h2_HML-2_11p15.4b_technical_error	HG02282_h2_HML-2_11p15.4b_graph_hgsvc3-2024-02-23-mc-chm13	HML-2_11p15.4b	Technical_Error	Solo-LTR	PRESENT	8098fcecba2d4abd431baa5c192c014dbd6b8c49f0ac396f2a548bece4e1ae02	ID_Full,Source_Identifier,Structure,presence_call,observation_state,observation_state_reason,observation_source_kind,source_specific_state,graph_observation_state,QC_State,QC_Reason,Technical_Error_Reason,observation_role,observation_sequence_bytes,observation_sequence_sha256,provirus_type,row_source_role,row_source_generation,row_source_path,row_source_sha256,row_source_bytes,row_source_mtime_utc,haplotype_evidence,haplotype_pansn_digit,observation_class_v3,observation_class_evidence_v3,source_record_class_v3,source_record_path_v3,source_record_sha256_v3,source_record_bases_v3,source_record_header_v3,extraction_branch_provenance_v3,stable_source_identity_v3,v3_row_origin,v3_supersession_state,representative_ID_Full
HG02492_h1_HML-2_11p15.4b_technical_error	HG02492_h1_HML-2_11p15.4b_graph_hgsvc3-2024-02-23-mc-chm13	HML-2_11p15.4b	Technical_Error	Solo-LTR	PRESENT	0045da417f5684a472875132464ae04c942b52fe2bf49c0f5439065d870e4f0d	ID_Full,Source_Identifier,Structure,presence_call,observation_state,observation_state_reason,observation_source_kind,source_specific_state,graph_observation_state,QC_State,QC_Reason,Technical_Error_Reason,observation_role,observation_sequence_bytes,observation_sequence_sha256,provirus_type,row_source_role,row_source_generation,row_source_path,row_source_sha256,row_source_bytes,row_source_mtime_utc,haplotype_evidence,haplotype_pansn_digit,observation_class_v3,observation_class_evidence_v3,source_record_class_v3,source_record_path_v3,source_record_sha256_v3,source_record_bases_v3,source_record_header_v3,extraction_branch_provenance_v3,stable_source_identity_v3,v3_row_origin,v3_supersession_state,representative_ID_Full
HG02492_h2_HML-2_11p15.4b_technical_error	HG02492_h2_HML-2_11p15.4b_graph_hgsvc3-2024-02-23-mc-chm13	HML-2_11p15.4b	Technical_Error	Solo-LTR	PRESENT	ef0db573b1133db7d0aa0f0a7127ed5c347c8925f8da8a80759daee9cbd9b7a7	ID_Full,Source_Identifier,Structure,presence_call,observation_state,observation_state_reason,observation_source_kind,source_specific_state,graph_observation_state,QC_State,QC_Reason,Technical_Error_Reason,observation_role,observation_sequence_bytes,observation_sequence_sha256,provirus_type,row_source_role,row_source_generation,row_source_path,row_source_sha256,row_source_bytes,row_source_mtime_utc,haplotype_evidence,haplotype_pansn_digit,observation_class_v3,observation_class_evidence_v3,source_record_class_v3,source_record_path_v3,source_record_sha256_v3,source_record_bases_v3,source_record_header_v3,extraction_branch_provenance_v3,stable_source_identity_v3,v3_row_origin,v3_supersession_state,representative_ID_Full
HG02554_h1_HML-2_11p15.4b_technical_error	HG02554_h1_HML-2_11p15.4b_graph_hgsvc3-2024-02-23-mc-chm13	HML-2_11p15.4b	Technical_Error	Insertion_Absent	NONCARRIER_SENTINEL_OBSERVATION	8ce86a6ae65d3692e7305e2c58ac62eebd97d3d943e093f577da25c36988246b	ID_Full,Source_Identifier,Structure,presence_call,observation_state,observation_state_reason,observation_source_kind,source_specific_state,graph_observation_state,QC_State,QC_Reason,Technical_Error_Reason,observation_role,observation_sequence_bytes,observation_sequence_sha256,Strand,row_source_role,row_source_generation,row_source_path,row_source_sha256,row_source_bytes,row_source_mtime_utc,observation_class_v3,observation_class_evidence_v3,source_record_class_v3,source_record_path_v3,source_record_sha256_v3,source_record_bases_v3,source_record_header_v3,noncarrier_evidence_mode_v3,extraction_branch_provenance_v3,stable_source_identity_v3,v3_row_origin,v3_supersession_state,representative_ID_Full
HG02554_h2_HML-2_11p15.4b_technical_error	HG02554_h2_HML-2_11p15.4b_graph_hgsvc3-2024-02-23-mc-chm13	HML-2_11p15.4b	Technical_Error	Insertion_Absent	NONCARRIER_SENTINEL_OBSERVATION	8ce86a6ae65d3692e7305e2c58ac62eebd97d3d943e093f577da25c36988246b	ID_Full,Source_Identifier,Structure,presence_call,observation_state,observation_state_reason,observation_source_kind,source_specific_state,graph_observation_state,QC_State,QC_Reason,Technical_Error_Reason,observation_role,observation_sequence_bytes,observation_sequence_sha256,Strand,row_source_role,row_source_generation,row_source_path,row_source_sha256,row_source_bytes,row_source_mtime_utc,observation_class_v3,observation_class_evidence_v3,source_record_class_v3,source_record_path_v3,source_record_sha256_v3,source_record_bases_v3,source_record_header_v3,noncarrier_evidence_mode_v3,extraction_branch_provenance_v3,stable_source_identity_v3,v3_row_origin,v3_supersession_state,representative_ID_Full
HG02587_h1_HML-2_11p15.4b_technical_error	HG02587_h1_HML-2_11p15.4b_graph_hgsvc3-2024-02-23-mc-chm13	HML-2_11p15.4b	Technical_Error	Solo-LTR	PRESENT	ef0db573b1133db7d0aa0f0a7127ed5c347c8925f8da8a80759daee9cbd9b7a7	ID_Full,Source_Identifier,Structure,presence_call,observation_state,observation_state_reason,observation_source_kind,source_specific_state,graph_observation_state,QC_State,QC_Reason,Technical_Error_Reason,observation_role,observation_sequence_bytes,observation_sequence_sha256,provirus_type,row_source_role,row_source_generation,row_source_path,row_source_sha256,row_source_bytes,row_source_mtime_utc,haplotype_evidence,haplotype_pansn_digit,observation_class_v3,observation_class_evidence_v3,source_record_class_v3,source_record_path_v3,source_record_sha256_v3,source_record_bases_v3,source_record_header_v3,extraction_branch_provenance_v3,stable_source_identity_v3,v3_row_origin,v3_supersession_state,representative_ID_Full
HG02587_h2_HML-2_11p15.4b_technical_error	HG02587_h2_HML-2_11p15.4b_graph_hgsvc3-2024-02-23-mc-chm13	HML-2_11p15.4b	Technical_Error	Insertion_Absent	NONCARRIER_SENTINEL_OBSERVATION	8ce86a6ae65d3692e7305e2c58ac62eebd97d3d943e093f577da25c36988246b	ID_Full,Source_Identifier,Structure,presence_call,observation_state,observation_state_reason,observation_source_kind,source_specific_state,graph_observation_state,QC_State,QC_Reason,Technical_Error_Reason,observation_role,observation_sequence_bytes,observation_sequence_sha256,Strand,row_source_role,row_source_generation,row_source_path,row_source_sha256,row_source_bytes,row_source_mtime_utc,observation_class_v3,observation_class_evidence_v3,source_record_class_v3,source_record_path_v3,source_record_sha256_v3,source_record_bases_v3,source_record_header_v3,noncarrier_evidence_mode_v3,extraction_branch_provenance_v3,stable_source_identity_v3,v3_row_origin,v3_supersession_state,representative_ID_Full
HG02666_h1_HML-2_11p15.4b_technical_error	HG02666_h1_HML-2_11p15.4b_graph_hgsvc3-2024-02-23-mc-chm13	HML-2_11p15.4b	Technical_Error	Solo-LTR	PRESENT	3dd9e2454042d699bb2f21c873f2e5736641019fbde416f1efb57d711bb8142a	ID_Full,Source_Identifier,Structure,presence_call,observation_state,observation_state_reason,observation_source_kind,source_specific_state,graph_observation_state,QC_State,QC_Reason,Technical_Error_Reason,observation_role,observation_sequence_bytes,observation_sequence_sha256,provirus_type,row_source_role,row_source_generation,row_source_path,row_source_sha256,row_source_bytes,row_source_mtime_utc,haplotype_evidence,haplotype_pansn_digit,observation_class_v3,observation_class_evidence_v3,source_record_class_v3,source_record_path_v3,source_record_sha256_v3,source_record_bases_v3,source_record_header_v3,extraction_branch_provenance_v3,stable_source_identity_v3,v3_row_origin,v3_supersession_state,representative_ID_Full
HG02666_h2_HML-2_11p15.4b_technical_error	HG02666_h2_HML-2_11p15.4b_graph_hgsvc3-2024-02-23-mc-chm13	HML-2_11p15.4b	Technical_Error	Solo-LTR	PRESENT	7994bbdad781bc69686e5450abba00bf5764aa379edaaef7fe99ef467b55a55b	ID_Full,Source_Identifier,Structure,presence_call,observation_state,observation_state_reason,observation_source_kind,source_specific_state,graph_observation_state,QC_State,QC_Reason,Technical_Error_Reason,observation_role,observation_sequence_bytes,observation_sequence_sha256,provirus_type,row_source_role,row_source_generation,row_source_path,row_source_sha256,row_source_bytes,row_source_mtime_utc,haplotype_evidence,haplotype_pansn_digit,observation_class_v3,observation_class_evidence_v3,source_record_class_v3,source_record_path_v3,source_record_sha256_v3,source_record_bases_v3,source_record_header_v3,extraction_branch_provenance_v3,stable_source_identity_v3,v3_row_origin,v3_supersession_state,representative_ID_Full
HG02769_h1_HML-2_11p15.4b_technical_error	HG02769_h1_HML-2_11p15.4b_graph_hgsvc3-2024-02-23-mc-chm13	HML-2_11p15.4b	Technical_Error	Insertion_Absent	NONCARRIER_SENTINEL_OBSERVATION	8ce86a6ae65d3692e7305e2c58ac62eebd97d3d943e093f577da25c36988246b	ID_Full,Source_Identifier,Structure,presence_call,observation_state,observation_state_reason,observation_source_kind,source_specific_state,graph_observation_state,QC_State,QC_Reason,Technical_Error_Reason,observation_role,observation_sequence_bytes,observation_sequence_sha256,Strand,row_source_role,row_source_generation,row_source_path,row_source_sha256,row_source_bytes,row_source_mtime_utc,observation_class_v3,observation_class_evidence_v3,source_record_class_v3,source_record_path_v3,source_record_sha256_v3,source_record_bases_v3,source_record_header_v3,noncarrier_evidence_mode_v3,extraction_branch_provenance_v3,stable_source_identity_v3,v3_row_origin,v3_supersession_state,representative_ID_Full
HG02769_h2_HML-2_11p15.4b_technical_error	HG02769_h2_HML-2_11p15.4b_graph_hgsvc3-2024-02-23-mc-chm13	HML-2_11p15.4b	Technical_Error	Insertion_Absent	NONCARRIER_SENTINEL_OBSERVATION	8ce86a6ae65d3692e7305e2c58ac62eebd97d3d943e093f577da25c36988246b	ID_Full,Source_Identifier,Structure,presence_call,observation_state,observation_state_reason,observation_source_kind,source_specific_state,graph_observation_state,QC_State,QC_Reason,Technical_Error_Reason,observation_role,observation_sequence_bytes,observation_sequence_sha256,Strand,row_source_role,row_source_generation,row_source_path,row_source_sha256,row_source_bytes,row_source_mtime_utc,observation_class_v3,observation_class_evidence_v3,source_record_class_v3,source_record_path_v3,source_record_sha256_v3,source_record_bases_v3,source_record_header_v3,noncarrier_evidence_mode_v3,extraction_branch_provenance_v3,stable_source_identity_v3,v3_row_origin,v3_supersession_state,representative_ID_Full
HG02953_h1_HML-2_11p15.4b_technical_error	HG02953_h1_HML-2_11p15.4b_graph_hgsvc3-2024-02-23-mc-chm13	HML-2_11p15.4b	Technical_Error	Solo-LTR	PRESENT	ef0db573b1133db7d0aa0f0a7127ed5c347c8925f8da8a80759daee9cbd9b7a7	ID_Full,Source_Identifier,Structure,presence_call,observation_state,observation_state_reason,observation_source_kind,source_specific_state,graph_observation_state,QC_State,QC_Reason,Technical_Error_Reason,observation_role,observation_sequence_bytes,observation_sequence_sha256,provirus_type,row_source_role,row_source_generation,row_source_path,row_source_sha256,row_source_bytes,row_source_mtime_utc,haplotype_evidence,haplotype_pansn_digit,observation_class_v3,observation_class_evidence_v3,source_record_class_v3,source_record_path_v3,source_record_sha256_v3,source_record_bases_v3,source_record_header_v3,extraction_branch_provenance_v3,stable_source_identity_v3,v3_row_origin,v3_supersession_state,representative_ID_Full
HG02953_h2_HML-2_11p15.4b_technical_error	HG02953_h2_HML-2_11p15.4b_graph_hgsvc3-2024-02-23-mc-chm13	HML-2_11p15.4b	Technical_Error	Solo-LTR	PRESENT	d409d8beda77e98762012d246133b232eed4a0b0ddc9f2bfb87bac875b737a4a	ID_Full,Source_Identifier,Structure,presence_call,observation_state,observation_state_reason,observation_source_kind,source_specific_state,graph_observation_state,QC_State,QC_Reason,Technical_Error_Reason,observation_role,observation_sequence_bytes,observation_sequence_sha256,provirus_type,row_source_role,row_source_generation,row_source_path,row_source_sha256,row_source_bytes,row_source_mtime_utc,haplotype_evidence,haplotype_pansn_digit,observation_class_v3,observation_class_evidence_v3,source_record_class_v3,source_record_path_v3,source_record_sha256_v3,source_record_bases_v3,source_record_header_v3,extraction_branch_provenance_v3,stable_source_identity_v3,v3_row_origin,v3_supersession_state,representative_ID_Full
HG03009_h1_HML-2_11p15.4b_technical_error	HG03009_h1_HML-2_11p15.4b_graph_hgsvc3-2024-02-23-mc-chm13	HML-2_11p15.4b	Technical_Error	Solo-LTR	PRESENT	a2ccc92482e6ab7c5fce0e567a2651a0b94c145d26ad050cdd1bee93620cafab	ID_Full,Source_Identifier,Structure,presence_call,observation_state,observation_state_reason,observation_source_kind,source_specific_state,graph_observation_state,QC_State,QC_Reason,Technical_Error_Reason,observation_role,observation_sequence_bytes,observation_sequence_sha256,provirus_type,row_source_role,row_source_generation,row_source_path,row_source_sha256,row_source_bytes,row_source_mtime_utc,haplotype_evidence,haplotype_pansn_digit,observation_class_v3,observation_class_evidence_v3,source_record_class_v3,source_record_path_v3,source_record_sha256_v3,source_record_bases_v3,source_record_header_v3,extraction_branch_provenance_v3,stable_source_identity_v3,v3_row_origin,v3_supersession_state,representative_ID_Full
HG03009_h2_HML-2_11p15.4b_technical_error	HG03009_h2_HML-2_11p15.4b_graph_hgsvc3-2024-02-23-mc-chm13	HML-2_11p15.4b	Technical_Error	Solo-LTR	PRESENT	7994bbdad781bc69686e5450abba00bf5764aa379edaaef7fe99ef467b55a55b	ID_Full,Source_Identifier,Structure,presence_call,observation_state,observation_state_reason,observation_source_kind,source_specific_state,graph_observation_state,QC_State,QC_Reason,Technical_Error_Reason,observation_role,observation_sequence_bytes,observation_sequence_sha256,provirus_type,row_source_role,row_source_generation,row_source_path,row_source_sha256,row_source_bytes,row_source_mtime_utc,haplotype_evidence,haplotype_pansn_digit,observation_class_v3,observation_class_evidence_v3,source_record_class_v3,source_record_path_v3,source_record_sha256_v3,source_record_bases_v3,source_record_header_v3,extraction_branch_provenance_v3,stable_source_identity_v3,v3_row_origin,v3_supersession_state,representative_ID_Full
HG03065_h1_HML-2_11p15.4b_technical_error	HG03065_h1_HML-2_11p15.4b_graph_hgsvc3-2024-02-23-mc-chm13	HML-2_11p15.4b	Technical_Error	Solo-LTR	PRESENT	7994bbdad781bc69686e5450abba00bf5764aa379edaaef7fe99ef467b55a55b	ID_Full,Source_Identifier,Structure,presence_call,observation_state,observation_state_reason,observation_source_kind,source_specific_state,graph_observation_state,QC_State,QC_Reason,Technical_Error_Reason,observation_role,observation_sequence_bytes,observation_sequence_sha256,provirus_type,row_source_role,row_source_generation,row_source_path,row_source_sha256,row_source_bytes,row_source_mtime_utc,haplotype_evidence,haplotype_pansn_digit,observation_class_v3,observation_class_evidence_v3,source_record_class_v3,source_record_path_v3,source_record_sha256_v3,source_record_bases_v3,source_record_header_v3,extraction_branch_provenance_v3,stable_source_identity_v3,v3_row_origin,v3_supersession_state,representative_ID_Full
HG03065_h2_HML-2_11p15.4b_technical_error	HG03065_h2_HML-2_11p15.4b_graph_hgsvc3-2024-02-23-mc-chm13	HML-2_11p15.4b	Technical_Error	Solo-LTR	PRESENT	3dd9e2454042d699bb2f21c873f2e5736641019fbde416f1efb57d711bb8142a	ID_Full,Source_Identifier,Structure,presence_call,observation_state,observation_state_reason,observation_source_kind,source_specific_state,graph_observation_state,QC_State,QC_Reason,Technical_Error_Reason,observation_role,observation_sequence_bytes,observation_sequence_sha256,provirus_type,row_source_role,row_source_generation,row_source_path,row_source_sha256,row_source_bytes,row_source_mtime_utc,haplotype_evidence,haplotype_pansn_digit,observation_class_v3,observation_class_evidence_v3,source_record_class_v3,source_record_path_v3,source_record_sha256_v3,source_record_bases_v3,source_record_header_v3,extraction_branch_provenance_v3,stable_source_identity_v3,v3_row_origin,v3_supersession_state,representative_ID_Full
HG03248_h1_HML-2_11p15.4b_technical_error	HG03248_h1_HML-2_11p15.4b_graph_hgsvc3-2024-02-23-mc-chm13	HML-2_11p15.4b	Technical_Error	Insertion_Absent	NONCARRIER_SENTINEL_OBSERVATION	8ce86a6ae65d3692e7305e2c58ac62eebd97d3d943e093f577da25c36988246b	ID_Full,Source_Identifier,Structure,presence_call,observation_state,observation_state_reason,observation_source_kind,source_specific_state,graph_observation_state,QC_State,QC_Reason,Technical_Error_Reason,observation_role,observation_sequence_bytes,observation_sequence_sha256,Strand,row_source_role,row_source_generation,row_source_path,row_source_sha256,row_source_bytes,row_source_mtime_utc,observation_class_v3,observation_class_evidence_v3,source_record_class_v3,source_record_path_v3,source_record_sha256_v3,source_record_bases_v3,source_record_header_v3,noncarrier_evidence_mode_v3,extraction_branch_provenance_v3,stable_source_identity_v3,v3_row_origin,v3_supersession_state,representative_ID_Full
HG03248_h2_HML-2_11p15.4b_technical_error	HG03248_h2_HML-2_11p15.4b_graph_hgsvc3-2024-02-23-mc-chm13	HML-2_11p15.4b	Technical_Error	Insertion_Absent	NONCARRIER_SENTINEL_OBSERVATION	8ce86a6ae65d3692e7305e2c58ac62eebd97d3d943e093f577da25c36988246b	ID_Full,Source_Identifier,Structure,presence_call,observation_state,observation_state_reason,observation_source_kind,source_specific_state,graph_observation_state,QC_State,QC_Reason,Technical_Error_Reason,observation_role,observation_sequence_bytes,observation_sequence_sha256,Strand,row_source_role,row_source_generation,row_source_path,row_source_sha256,row_source_bytes,row_source_mtime_utc,observation_class_v3,observation_class_evidence_v3,source_record_class_v3,source_record_path_v3,source_record_sha256_v3,source_record_bases_v3,source_record_header_v3,noncarrier_evidence_mode_v3,extraction_branch_provenance_v3,stable_source_identity_v3,v3_row_origin,v3_supersession_state,representative_ID_Full
HG03371_h1_HML-2_11p15.4b_technical_error	HG03371_h1_HML-2_11p15.4b_graph_hgsvc3-2024-02-23-mc-chm13	HML-2_11p15.4b	Technical_Error	Solo-LTR	PRESENT	3dd9e2454042d699bb2f21c873f2e5736641019fbde416f1efb57d711bb8142a	ID_Full,Source_Identifier,Structure,presence_call,observation_state,observation_state_reason,observation_source_kind,source_specific_state,graph_observation_state,QC_State,QC_Reason,Technical_Error_Reason,observation_role,observation_sequence_bytes,observation_sequence_sha256,provirus_type,row_source_role,row_source_generation,row_source_path,row_source_sha256,row_source_bytes,row_source_mtime_utc,haplotype_evidence,haplotype_pansn_digit,observation_class_v3,observation_class_evidence_v3,source_record_class_v3,source_record_path_v3,source_record_sha256_v3,source_record_bases_v3,source_record_header_v3,extraction_branch_provenance_v3,stable_source_identity_v3,v3_row_origin,v3_supersession_state,representative_ID_Full
HG03371_h2_HML-2_11p15.4b_technical_error	HG03371_h2_HML-2_11p15.4b_graph_hgsvc3-2024-02-23-mc-chm13	HML-2_11p15.4b	Technical_Error	Insertion_Absent	NONCARRIER_SENTINEL_OBSERVATION	8ce86a6ae65d3692e7305e2c58ac62eebd97d3d943e093f577da25c36988246b	ID_Full,Source_Identifier,Structure,presence_call,observation_state,observation_state_reason,observation_source_kind,source_specific_state,graph_observation_state,QC_State,QC_Reason,Technical_Error_Reason,observation_role,observation_sequence_bytes,observation_sequence_sha256,Strand,row_source_role,row_source_generation,row_source_path,row_source_sha256,row_source_bytes,row_source_mtime_utc,observation_class_v3,observation_class_evidence_v3,source_record_class_v3,source_record_path_v3,source_record_sha256_v3,source_record_bases_v3,source_record_header_v3,noncarrier_evidence_mode_v3,extraction_branch_provenance_v3,stable_source_identity_v3,v3_row_origin,v3_supersession_state,representative_ID_Full
HG03452_h1_HML-2_11p15.4b_technical_error	HG03452_h1_HML-2_11p15.4b_graph_hgsvc3-2024-02-23-mc-chm13	HML-2_11p15.4b	Technical_Error	Solo-LTR	PRESENT	ef0db573b1133db7d0aa0f0a7127ed5c347c8925f8da8a80759daee9cbd9b7a7	ID_Full,Source_Identifier,Structure,presence_call,observation_state,observation_state_reason,observation_source_kind,source_specific_state,graph_observation_state,QC_State,QC_Reason,Technical_Error_Reason,observation_role,observation_sequence_bytes,observation_sequence_sha256,provirus_type,row_source_role,row_source_generation,row_source_path,row_source_sha256,row_source_bytes,row_source_mtime_utc,haplotype_evidence,haplotype_pansn_digit,observation_class_v3,observation_class_evidence_v3,source_record_class_v3,source_record_path_v3,source_record_sha256_v3,source_record_bases_v3,source_record_header_v3,extraction_branch_provenance_v3,stable_source_identity_v3,v3_row_origin,v3_supersession_state,representative_ID_Full
HG03452_h2_HML-2_11p15.4b_technical_error	HG03452_h2_HML-2_11p15.4b_graph_hgsvc3-2024-02-23-mc-chm13	HML-2_11p15.4b	Technical_Error	Insertion_Absent	NONCARRIER_SENTINEL_OBSERVATION	8ce86a6ae65d3692e7305e2c58ac62eebd97d3d943e093f577da25c36988246b	ID_Full,Source_Identifier,Structure,presence_call,observation_state,observation_state_reason,observation_source_kind,source_specific_state,graph_observation_state,QC_State,QC_Reason,Technical_Error_Reason,observation_role,observation_sequence_bytes,observation_sequence_sha256,Strand,row_source_role,row_source_generation,row_source_path,row_source_sha256,row_source_bytes,row_source_mtime_utc,observation_class_v3,observation_class_evidence_v3,source_record_class_v3,source_record_path_v3,source_record_sha256_v3,source_record_bases_v3,source_record_header_v3,noncarrier_evidence_mode_v3,extraction_branch_provenance_v3,stable_source_identity_v3,v3_row_origin,v3_supersession_state,representative_ID_Full
HG03456_h1_HML-2_11p15.4b_technical_error	HG03456_h1_HML-2_11p15.4b_graph_hgsvc3-2024-02-23-mc-chm13	HML-2_11p15.4b	Technical_Error	Solo-LTR	PRESENT	ef0db573b1133db7d0aa0f0a7127ed5c347c8925f8da8a80759daee9cbd9b7a7	ID_Full,Source_Identifier,Structure,presence_call,observation_state,observation_state_reason,observation_source_kind,source_specific_state,graph_observation_state,QC_State,QC_Reason,Technical_Error_Reason,observation_role,observation_sequence_bytes,observation_sequence_sha256,provirus_type,row_source_role,row_source_generation,row_source_path,row_source_sha256,row_source_bytes,row_source_mtime_utc,haplotype_evidence,haplotype_pansn_digit,observation_class_v3,observation_class_evidence_v3,source_record_class_v3,source_record_path_v3,source_record_sha256_v3,source_record_bases_v3,source_record_header_v3,extraction_branch_provenance_v3,stable_source_identity_v3,v3_row_origin,v3_supersession_state,representative_ID_Full
HG03456_h2_HML-2_11p15.4b_technical_error	HG03456_h2_HML-2_11p15.4b_graph_hgsvc3-2024-02-23-mc-chm13	HML-2_11p15.4b	Technical_Error	Solo-LTR	PRESENT	7994bbdad781bc69686e5450abba00bf5764aa379edaaef7fe99ef467b55a55b	ID_Full,Source_Identifier,Structure,presence_call,observation_state,observation_state_reason,observation_source_kind,source_specific_state,graph_observation_state,QC_State,QC_Reason,Technical_Error_Reason,observation_role,observation_sequence_bytes,observation_sequence_sha256,provirus_type,row_source_role,row_source_generation,row_source_path,row_source_sha256,row_source_bytes,row_source_mtime_utc,haplotype_evidence,haplotype_pansn_digit,observation_class_v3,observation_class_evidence_v3,source_record_class_v3,source_record_path_v3,source_record_sha256_v3,source_record_bases_v3,source_record_header_v3,extraction_branch_provenance_v3,stable_source_identity_v3,v3_row_origin,v3_supersession_state,representative_ID_Full
HG03520_h1_HML-2_11p15.4b_technical_error	HG03520_h1_HML-2_11p15.4b_graph_hgsvc3-2024-02-23-mc-chm13	HML-2_11p15.4b	Technical_Error	Insertion_Absent	NONCARRIER_SENTINEL_OBSERVATION	8ce86a6ae65d3692e7305e2c58ac62eebd97d3d943e093f577da25c36988246b	ID_Full,Source_Identifier,Structure,presence_call,observation_state,observation_state_reason,observation_source_kind,source_specific_state,graph_observation_state,QC_State,QC_Reason,Technical_Error_Reason,observation_role,observation_sequence_bytes,observation_sequence_sha256,Strand,row_source_role,row_source_generation,row_source_path,row_source_sha256,row_source_bytes,row_source_mtime_utc,observation_class_v3,observation_class_evidence_v3,source_record_class_v3,source_record_path_v3,source_record_sha256_v3,source_record_bases_v3,source_record_header_v3,noncarrier_evidence_mode_v3,extraction_branch_provenance_v3,stable_source_identity_v3,v3_row_origin,v3_supersession_state,representative_ID_Full
HG03520_h2_HML-2_11p15.4b_technical_error	HG03520_h2_HML-2_11p15.4b_graph_hgsvc3-2024-02-23-mc-chm13	HML-2_11p15.4b	Technical_Error	Insertion_Absent	NONCARRIER_SENTINEL_OBSERVATION	8ce86a6ae65d3692e7305e2c58ac62eebd97d3d943e093f577da25c36988246b	ID_Full,Source_Identifier,Structure,presence_call,observation_state,observation_state_reason,observation_source_kind,source_specific_state,graph_observation_state,QC_State,QC_Reason,Technical_Error_Reason,observation_role,observation_sequence_bytes,observation_sequence_sha256,Strand,row_source_role,row_source_generation,row_source_path,row_source_sha256,row_source_bytes,row_source_mtime_utc,observation_class_v3,observation_class_evidence_v3,source_record_class_v3,source_record_path_v3,source_record_sha256_v3,source_record_bases_v3,source_record_header_v3,noncarrier_evidence_mode_v3,extraction_branch_provenance_v3,stable_source_identity_v3,v3_row_origin,v3_supersession_state,representative_ID_Full
HG03683_h1_HML-2_11p15.4b_technical_error	HG03683_h1_HML-2_11p15.4b_graph_hgsvc3-2024-02-23-mc-chm13	HML-2_11p15.4b	Technical_Error	Solo-LTR	PRESENT	2e422ace4a1d992e464dfe3313c39871872db5b9df935e5f860d7c328e41084b	ID_Full,Source_Identifier,Structure,presence_call,observation_state,observation_state_reason,observation_source_kind,source_specific_state,graph_observation_state,QC_State,QC_Reason,Technical_Error_Reason,observation_role,observation_sequence_bytes,observation_sequence_sha256,provirus_type,row_source_role,row_source_generation,row_source_path,row_source_sha256,row_source_bytes,row_source_mtime_utc,haplotype_evidence,haplotype_pansn_digit,observation_class_v3,observation_class_evidence_v3,source_record_class_v3,source_record_path_v3,source_record_sha256_v3,source_record_bases_v3,source_record_header_v3,extraction_branch_provenance_v3,stable_source_identity_v3,v3_row_origin,v3_supersession_state,representative_ID_Full
HG03683_h2_HML-2_11p15.4b_technical_error	HG03683_h2_HML-2_11p15.4b_graph_hgsvc3-2024-02-23-mc-chm13	HML-2_11p15.4b	Technical_Error	Solo-LTR	PRESENT	7994bbdad781bc69686e5450abba00bf5764aa379edaaef7fe99ef467b55a55b	ID_Full,Source_Identifier,Structure,presence_call,observation_state,observation_state_reason,observation_source_kind,source_specific_state,graph_observation_state,QC_State,QC_Reason,Technical_Error_Reason,observation_role,observation_sequence_bytes,observation_sequence_sha256,provirus_type,row_source_role,row_source_generation,row_source_path,row_source_sha256,row_source_bytes,row_source_mtime_utc,haplotype_evidence,haplotype_pansn_digit,observation_class_v3,observation_class_evidence_v3,source_record_class_v3,source_record_path_v3,source_record_sha256_v3,source_record_bases_v3,source_record_header_v3,extraction_branch_provenance_v3,stable_source_identity_v3,v3_row_origin,v3_supersession_state,representative_ID_Full
HG03732_h1_HML-2_11p15.4b_technical_error	HG03732_h1_HML-2_11p15.4b_graph_hgsvc3-2024-02-23-mc-chm13	HML-2_11p15.4b	Technical_Error	Solo-LTR	PRESENT	c605a9ae7b2f2b4b7fff9cfa06c3bd125c0ce1a546604f97ff0af8987ce5ab2a	ID_Full,Source_Identifier,Structure,presence_call,observation_state,observation_state_reason,observation_source_kind,source_specific_state,graph_observation_state,QC_State,QC_Reason,Technical_Error_Reason,observation_role,observation_sequence_bytes,observation_sequence_sha256,provirus_type,row_source_role,row_source_generation,row_source_path,row_source_sha256,row_source_bytes,row_source_mtime_utc,haplotype_evidence,haplotype_pansn_digit,observation_class_v3,observation_class_evidence_v3,source_record_class_v3,source_record_path_v3,source_record_sha256_v3,source_record_bases_v3,source_record_header_v3,extraction_branch_provenance_v3,stable_source_identity_v3,v3_row_origin,v3_supersession_state,representative_ID_Full
HG03732_h2_HML-2_11p15.4b_technical_error	HG03732_h2_HML-2_11p15.4b_graph_hgsvc3-2024-02-23-mc-chm13	HML-2_11p15.4b	Technical_Error	Solo-LTR	PRESENT	0045da417f5684a472875132464ae04c942b52fe2bf49c0f5439065d870e4f0d	ID_Full,Source_Identifier,Structure,presence_call,observation_state,observation_state_reason,observation_source_kind,source_specific_state,graph_observation_state,QC_State,QC_Reason,Technical_Error_Reason,observation_role,observation_sequence_bytes,observation_sequence_sha256,provirus_type,row_source_role,row_source_generation,row_source_path,row_source_sha256,row_source_bytes,row_source_mtime_utc,haplotype_evidence,haplotype_pansn_digit,observation_class_v3,observation_class_evidence_v3,source_record_class_v3,source_record_path_v3,source_record_sha256_v3,source_record_bases_v3,source_record_header_v3,extraction_branch_provenance_v3,stable_source_identity_v3,v3_row_origin,v3_supersession_state,representative_ID_Full
HG03807_h1_HML-2_11p15.4b_technical_error	HG03807_h1_HML-2_11p15.4b_graph_hgsvc3-2024-02-23-mc-chm13	HML-2_11p15.4b	Technical_Error	Solo-LTR	PRESENT	ef0db573b1133db7d0aa0f0a7127ed5c347c8925f8da8a80759daee9cbd9b7a7	ID_Full,Source_Identifier,Structure,presence_call,observation_state,observation_state_reason,observation_source_kind,source_specific_state,graph_observation_state,QC_State,QC_Reason,Technical_Error_Reason,observation_role,observation_sequence_bytes,observation_sequence_sha256,provirus_type,row_source_role,row_source_generation,row_source_path,row_source_sha256,row_source_bytes,row_source_mtime_utc,haplotype_evidence,haplotype_pansn_digit,observation_class_v3,observation_class_evidence_v3,source_record_class_v3,source_record_path_v3,source_record_sha256_v3,source_record_bases_v3,source_record_header_v3,extraction_branch_provenance_v3,stable_source_identity_v3,v3_row_origin,v3_supersession_state,representative_ID_Full
HG03807_h2_HML-2_11p15.4b_technical_error	HG03807_h2_HML-2_11p15.4b_graph_hgsvc3-2024-02-23-mc-chm13	HML-2_11p15.4b	Technical_Error	Solo-LTR	PRESENT	0045da417f5684a472875132464ae04c942b52fe2bf49c0f5439065d870e4f0d	ID_Full,Source_Identifier,Structure,presence_call,observation_state,observation_state_reason,observation_source_kind,source_specific_state,graph_observation_state,QC_State,QC_Reason,Technical_Error_Reason,observation_role,observation_sequence_bytes,observation_sequence_sha256,provirus_type,row_source_role,row_source_generation,row_source_path,row_source_sha256,row_source_bytes,row_source_mtime_utc,haplotype_evidence,haplotype_pansn_digit,observation_class_v3,observation_class_evidence_v3,source_record_class_v3,source_record_path_v3,source_record_sha256_v3,source_record_bases_v3,source_record_header_v3,extraction_branch_provenance_v3,stable_source_identity_v3,v3_row_origin,v3_supersession_state,representative_ID_Full
HG04036_h1_HML-2_11p15.4b_technical_error	HG04036_h1_HML-2_11p15.4b_graph_hgsvc3-2024-02-23-mc-chm13	HML-2_11p15.4b	Technical_Error	Solo-LTR	PRESENT	ef0db573b1133db7d0aa0f0a7127ed5c347c8925f8da8a80759daee9cbd9b7a7	ID_Full,Source_Identifier,Structure,presence_call,observation_state,observation_state_reason,observation_source_kind,source_specific_state,graph_observation_state,QC_State,QC_Reason,Technical_Error_Reason,observation_role,observation_sequence_bytes,observation_sequence_sha256,provirus_type,row_source_role,row_source_generation,row_source_path,row_source_sha256,row_source_bytes,row_source_mtime_utc,haplotype_evidence,haplotype_pansn_digit,observation_class_v3,observation_class_evidence_v3,source_record_class_v3,source_record_path_v3,source_record_sha256_v3,source_record_bases_v3,source_record_header_v3,extraction_branch_provenance_v3,stable_source_identity_v3,v3_row_origin,v3_supersession_state,representative_ID_Full
HG04036_h2_HML-2_11p15.4b_technical_error	HG04036_h2_HML-2_11p15.4b_graph_hgsvc3-2024-02-23-mc-chm13	HML-2_11p15.4b	Technical_Error	Insertion_Absent	NONCARRIER_SENTINEL_OBSERVATION	8ce86a6ae65d3692e7305e2c58ac62eebd97d3d943e093f577da25c36988246b	ID_Full,Source_Identifier,Structure,presence_call,observation_state,observation_state_reason,observation_source_kind,source_specific_state,graph_observation_state,QC_State,QC_Reason,Technical_Error_Reason,observation_role,observation_sequence_bytes,observation_sequence_sha256,Strand,row_source_role,row_source_generation,row_source_path,row_source_sha256,row_source_bytes,row_source_mtime_utc,observation_class_v3,observation_class_evidence_v3,source_record_class_v3,source_record_path_v3,source_record_sha256_v3,source_record_bases_v3,source_record_header_v3,noncarrier_evidence_mode_v3,extraction_branch_provenance_v3,stable_source_identity_v3,v3_row_origin,v3_supersession_state,representative_ID_Full
HG04217_h1_HML-2_11p15.4b_technical_error	HG04217_h1_HML-2_11p15.4b_graph_hgsvc3-2024-02-23-mc-chm13	HML-2_11p15.4b	Technical_Error	Insertion_Absent	NONCARRIER_SENTINEL_OBSERVATION	8ce86a6ae65d3692e7305e2c58ac62eebd97d3d943e093f577da25c36988246b	ID_Full,Source_Identifier,Structure,presence_call,observation_state,observation_state_reason,observation_source_kind,source_specific_state,graph_observation_state,QC_State,QC_Reason,Technical_Error_Reason,observation_role,observation_sequence_bytes,observation_sequence_sha256,Strand,row_source_role,row_source_generation,row_source_path,row_source_sha256,row_source_bytes,row_source_mtime_utc,observation_class_v3,observation_class_evidence_v3,source_record_class_v3,source_record_path_v3,source_record_sha256_v3,source_record_bases_v3,source_record_header_v3,noncarrier_evidence_mode_v3,extraction_branch_provenance_v3,stable_source_identity_v3,v3_row_origin,v3_supersession_state,representative_ID_Full
HG04217_h2_HML-2_11p15.4b_technical_error	HG04217_h2_HML-2_11p15.4b_graph_hgsvc3-2024-02-23-mc-chm13	HML-2_11p15.4b	Technical_Error	Solo-LTR	PRESENT	ef0db573b1133db7d0aa0f0a7127ed5c347c8925f8da8a80759daee9cbd9b7a7	ID_Full,Source_Identifier,Structure,presence_call,observation_state,observation_state_reason,observation_source_kind,source_specific_state,graph_observation_state,QC_State,QC_Reason,Technical_Error_Reason,observation_role,observation_sequence_bytes,observation_sequence_sha256,provirus_type,row_source_role,row_source_generation,row_source_path,row_source_sha256,row_source_bytes,row_source_mtime_utc,haplotype_evidence,haplotype_pansn_digit,observation_class_v3,observation_class_evidence_v3,source_record_class_v3,source_record_path_v3,source_record_sha256_v3,source_record_bases_v3,source_record_header_v3,extraction_branch_provenance_v3,stable_source_identity_v3,v3_row_origin,v3_supersession_state,representative_ID_Full
NA12329_h1_HML-2_11p15.4b_technical_error	NA12329_h1_HML-2_11p15.4b_graph_hgsvc3-2024-02-23-mc-chm13	HML-2_11p15.4b	Technical_Error	Solo-LTR	PRESENT	7994bbdad781bc69686e5450abba00bf5764aa379edaaef7fe99ef467b55a55b	ID_Full,Source_Identifier,Structure,presence_call,observation_state,observation_state_reason,observation_source_kind,source_specific_state,graph_observation_state,QC_State,QC_Reason,Technical_Error_Reason,observation_role,observation_sequence_bytes,observation_sequence_sha256,provirus_type,row_source_role,row_source_generation,row_source_path,row_source_sha256,row_source_bytes,row_source_mtime_utc,haplotype_evidence,haplotype_pansn_digit,observation_class_v3,observation_class_evidence_v3,source_record_class_v3,source_record_path_v3,source_record_sha256_v3,source_record_bases_v3,source_record_header_v3,extraction_branch_provenance_v3,stable_source_identity_v3,v3_row_origin,v3_supersession_state,representative_ID_Full
NA12329_h2_HML-2_11p15.4b_technical_error	NA12329_h2_HML-2_11p15.4b_graph_hgsvc3-2024-02-23-mc-chm13	HML-2_11p15.4b	Technical_Error	Solo-LTR	PRESENT	06131ef4e31f570aa7f4fb5a2571aef43bdcca92b73b2a7a5c2db8adfb8bc0c4	ID_Full,Source_Identifier,Structure,presence_call,observation_state,observation_state_reason,observation_source_kind,source_specific_state,graph_observation_state,QC_State,QC_Reason,Technical_Error_Reason,observation_role,observation_sequence_bytes,observation_sequence_sha256,provirus_type,row_source_role,row_source_generation,row_source_path,row_source_sha256,row_source_bytes,row_source_mtime_utc,haplotype_evidence,haplotype_pansn_digit,observation_class_v3,observation_class_evidence_v3,source_record_class_v3,source_record_path_v3,source_record_sha256_v3,source_record_bases_v3,source_record_header_v3,extraction_branch_provenance_v3,stable_source_identity_v3,v3_row_origin,v3_supersession_state,representative_ID_Full
NA18534_h1_HML-2_11p15.4b_technical_error	NA18534_h1_HML-2_11p15.4b_graph_hgsvc3-2024-02-23-mc-chm13	HML-2_11p15.4b	Technical_Error	Solo-LTR	PRESENT	7994bbdad781bc69686e5450abba00bf5764aa379edaaef7fe99ef467b55a55b	ID_Full,Source_Identifier,Structure,presence_call,observation_state,observation_state_reason,observation_source_kind,source_specific_state,graph_observation_state,QC_State,QC_Reason,Technical_Error_Reason,observation_role,observation_sequence_bytes,observation_sequence_sha256,provirus_type,row_source_role,row_source_generation,row_source_path,row_source_sha256,row_source_bytes,row_source_mtime_utc,haplotype_evidence,haplotype_pansn_digit,observation_class_v3,observation_class_evidence_v3,source_record_class_v3,source_record_path_v3,source_record_sha256_v3,source_record_bases_v3,source_record_header_v3,extraction_branch_provenance_v3,stable_source_identity_v3,v3_row_origin,v3_supersession_state,representative_ID_Full
NA18534_h2_HML-2_11p15.4b_technical_error	NA18534_h2_HML-2_11p15.4b_graph_hgsvc3-2024-02-23-mc-chm13	HML-2_11p15.4b	Technical_Error	Solo-LTR	PRESENT	ef0db573b1133db7d0aa0f0a7127ed5c347c8925f8da8a80759daee9cbd9b7a7	ID_Full,Source_Identifier,Structure,presence_call,observation_state,observation_state_reason,observation_source_kind,source_specific_state,graph_observation_state,QC_State,QC_Reason,Technical_Error_Reason,observation_role,observation_sequence_bytes,observation_sequence_sha256,provirus_type,row_source_role,row_source_generation,row_source_path,row_source_sha256,row_source_bytes,row_source_mtime_utc,haplotype_evidence,haplotype_pansn_digit,observation_class_v3,observation_class_evidence_v3,source_record_class_v3,source_record_path_v3,source_record_sha256_v3,source_record_bases_v3,source_record_header_v3,extraction_branch_provenance_v3,stable_source_identity_v3,v3_row_origin,v3_supersession_state,representative_ID_Full
NA18939_h1_HML-2_11p15.4b_technical_error	NA18939_h1_HML-2_11p15.4b_graph_hgsvc3-2024-02-23-mc-chm13	HML-2_11p15.4b	Technical_Error	Solo-LTR	PRESENT	ef0db573b1133db7d0aa0f0a7127ed5c347c8925f8da8a80759daee9cbd9b7a7	ID_Full,Source_Identifier,Structure,presence_call,observation_state,observation_state_reason,observation_source_kind,source_specific_state,graph_observation_state,QC_State,QC_Reason,Technical_Error_Reason,observation_role,observation_sequence_bytes,observation_sequence_sha256,provirus_type,row_source_role,row_source_generation,row_source_path,row_source_sha256,row_source_bytes,row_source_mtime_utc,haplotype_evidence,haplotype_pansn_digit,observation_class_v3,observation_class_evidence_v3,source_record_class_v3,source_record_path_v3,source_record_sha256_v3,source_record_bases_v3,source_record_header_v3,extraction_branch_provenance_v3,stable_source_identity_v3,v3_row_origin,v3_supersession_state,representative_ID_Full
NA18939_h2_HML-2_11p15.4b_technical_error	NA18939_h2_HML-2_11p15.4b_graph_hgsvc3-2024-02-23-mc-chm13	HML-2_11p15.4b	Technical_Error	Solo-LTR	PRESENT	7994bbdad781bc69686e5450abba00bf5764aa379edaaef7fe99ef467b55a55b	ID_Full,Source_Identifier,Structure,presence_call,observation_state,observation_state_reason,observation_source_kind,source_specific_state,graph_observation_state,QC_State,QC_Reason,Technical_Error_Reason,observation_role,observation_sequence_bytes,observation_sequence_sha256,provirus_type,row_source_role,row_source_generation,row_source_path,row_source_sha256,row_source_bytes,row_source_mtime_utc,haplotype_evidence,haplotype_pansn_digit,observation_class_v3,observation_class_evidence_v3,source_record_class_v3,source_record_path_v3,source_record_sha256_v3,source_record_bases_v3,source_record_header_v3,extraction_branch_provenance_v3,stable_source_identity_v3,v3_row_origin,v3_supersession_state,representative_ID_Full
NA18989_h1_HML-2_11p15.4b_technical_error	NA18989_h1_HML-2_11p15.4b_graph_hgsvc3-2024-02-23-mc-chm13	HML-2_11p15.4b	Technical_Error	Insertion_Absent	NONCARRIER_SENTINEL_OBSERVATION	8ce86a6ae65d3692e7305e2c58ac62eebd97d3d943e093f577da25c36988246b	ID_Full,Source_Identifier,Structure,presence_call,observation_state,observation_state_reason,observation_source_kind,source_specific_state,graph_observation_state,QC_State,QC_Reason,Technical_Error_Reason,observation_role,observation_sequence_bytes,observation_sequence_sha256,Strand,row_source_role,row_source_generation,row_source_path,row_source_sha256,row_source_bytes,row_source_mtime_utc,observation_class_v3,observation_class_evidence_v3,source_record_class_v3,source_record_path_v3,source_record_sha256_v3,source_record_bases_v3,source_record_header_v3,noncarrier_evidence_mode_v3,extraction_branch_provenance_v3,stable_source_identity_v3,v3_row_origin,v3_supersession_state,representative_ID_Full
NA18989_h2_HML-2_11p15.4b_technical_error	NA18989_h2_HML-2_11p15.4b_graph_hgsvc3-2024-02-23-mc-chm13	HML-2_11p15.4b	Technical_Error	Solo-LTR	PRESENT	7994bbdad781bc69686e5450abba00bf5764aa379edaaef7fe99ef467b55a55b	ID_Full,Source_Identifier,Structure,presence_call,observation_state,observation_state_reason,observation_source_kind,source_specific_state,graph_observation_state,QC_State,QC_Reason,Technical_Error_Reason,observation_role,observation_sequence_bytes,observation_sequence_sha256,provirus_type,row_source_role,row_source_generation,row_source_path,row_source_sha256,row_source_bytes,row_source_mtime_utc,haplotype_evidence,haplotype_pansn_digit,observation_class_v3,observation_class_evidence_v3,source_record_class_v3,source_record_path_v3,source_record_sha256_v3,source_record_bases_v3,source_record_header_v3,extraction_branch_provenance_v3,stable_source_identity_v3,v3_row_origin,v3_supersession_state,representative_ID_Full
NA19129_h1_HML-2_11p15.4b_technical_error	NA19129_h1_HML-2_11p15.4b_graph_hgsvc3-2024-02-23-mc-chm13	HML-2_11p15.4b	Technical_Error	Solo-LTR	PRESENT	ef0db573b1133db7d0aa0f0a7127ed5c347c8925f8da8a80759daee9cbd9b7a7	ID_Full,Source_Identifier,Structure,presence_call,observation_state,observation_state_reason,observation_source_kind,source_specific_state,graph_observation_state,QC_State,QC_Reason,Technical_Error_Reason,observation_role,observation_sequence_bytes,observation_sequence_sha256,provirus_type,row_source_role,row_source_generation,row_source_path,row_source_sha256,row_source_bytes,row_source_mtime_utc,haplotype_evidence,haplotype_pansn_digit,observation_class_v3,observation_class_evidence_v3,source_record_class_v3,source_record_path_v3,source_record_sha256_v3,source_record_bases_v3,source_record_header_v3,extraction_branch_provenance_v3,stable_source_identity_v3,v3_row_origin,v3_supersession_state,representative_ID_Full
NA19129_h2_HML-2_11p15.4b_technical_error	NA19129_h2_HML-2_11p15.4b_graph_hgsvc3-2024-02-23-mc-chm13	HML-2_11p15.4b	Technical_Error	Insertion_Absent	NONCARRIER_SENTINEL_OBSERVATION	8ce86a6ae65d3692e7305e2c58ac62eebd97d3d943e093f577da25c36988246b	ID_Full,Source_Identifier,Structure,presence_call,observation_state,observation_state_reason,observation_source_kind,source_specific_state,graph_observation_state,QC_State,QC_Reason,Technical_Error_Reason,observation_role,observation_sequence_bytes,observation_sequence_sha256,Strand,row_source_role,row_source_generation,row_source_path,row_source_sha256,row_source_bytes,row_source_mtime_utc,observation_class_v3,observation_class_evidence_v3,source_record_class_v3,source_record_path_v3,source_record_sha256_v3,source_record_bases_v3,source_record_header_v3,noncarrier_evidence_mode_v3,extraction_branch_provenance_v3,stable_source_identity_v3,v3_row_origin,v3_supersession_state,representative_ID_Full
NA19238_h1_HML-2_11p15.4b_technical_error	NA19238_h1_HML-2_11p15.4b_graph_hgsvc3-2024-02-23-mc-chm13	HML-2_11p15.4b	Technical_Error	Insertion_Absent	NONCARRIER_SENTINEL_OBSERVATION	8ce86a6ae65d3692e7305e2c58ac62eebd97d3d943e093f577da25c36988246b	ID_Full,Source_Identifier,Structure,presence_call,observation_state,observation_state_reason,observation_source_kind,source_specific_state,graph_observation_state,QC_State,QC_Reason,Technical_Error_Reason,observation_role,observation_sequence_bytes,observation_sequence_sha256,Strand,row_source_role,row_source_generation,row_source_path,row_source_sha256,row_source_bytes,row_source_mtime_utc,observation_class_v3,observation_class_evidence_v3,source_record_class_v3,source_record_path_v3,source_record_sha256_v3,source_record_bases_v3,source_record_header_v3,noncarrier_evidence_mode_v3,extraction_branch_provenance_v3,stable_source_identity_v3,v3_row_origin,v3_supersession_state,representative_ID_Full
NA19238_h2_HML-2_11p15.4b_technical_error	NA19238_h2_HML-2_11p15.4b_graph_hgsvc3-2024-02-23-mc-chm13	HML-2_11p15.4b	Technical_Error	Insertion_Absent	NONCARRIER_SENTINEL_OBSERVATION	8ce86a6ae65d3692e7305e2c58ac62eebd97d3d943e093f577da25c36988246b	ID_Full,Source_Identifier,Structure,presence_call,observation_state,observation_state_reason,observation_source_kind,source_specific_state,graph_observation_state,QC_State,QC_Reason,Technical_Error_Reason,observation_role,observation_sequence_bytes,observation_sequence_sha256,Strand,row_source_role,row_source_generation,row_source_path,row_source_sha256,row_source_bytes,row_source_mtime_utc,observation_class_v3,observation_class_evidence_v3,source_record_class_v3,source_record_path_v3,source_record_sha256_v3,source_record_bases_v3,source_record_header_v3,noncarrier_evidence_mode_v3,extraction_branch_provenance_v3,stable_source_identity_v3,v3_row_origin,v3_supersession_state,representative_ID_Full
NA19239_h1_HML-2_11p15.4b_technical_error	NA19239_h1_HML-2_11p15.4b_graph_hgsvc3-2024-02-23-mc-chm13	HML-2_11p15.4b	Technical_Error	Solo-LTR	PRESENT	3dd9e2454042d699bb2f21c873f2e5736641019fbde416f1efb57d711bb8142a	ID_Full,Source_Identifier,Structure,presence_call,observation_state,observation_state_reason,observation_source_kind,source_specific_state,graph_observation_state,QC_State,QC_Reason,Technical_Error_Reason,observation_role,observation_sequence_bytes,observation_sequence_sha256,provirus_type,row_source_role,row_source_generation,row_source_path,row_source_sha256,row_source_bytes,row_source_mtime_utc,haplotype_evidence,haplotype_pansn_digit,observation_class_v3,observation_class_evidence_v3,source_record_class_v3,source_record_path_v3,source_record_sha256_v3,source_record_bases_v3,source_record_header_v3,extraction_branch_provenance_v3,stable_source_identity_v3,v3_row_origin,v3_supersession_state,representative_ID_Full
NA19239_h2_HML-2_11p15.4b_technical_error	NA19239_h2_HML-2_11p15.4b_graph_hgsvc3-2024-02-23-mc-chm13	HML-2_11p15.4b	Technical_Error	Solo-LTR	PRESENT	3dd9e2454042d699bb2f21c873f2e5736641019fbde416f1efb57d711bb8142a	ID_Full,Source_Identifier,Structure,presence_call,observation_state,observation_state_reason,observation_source_kind,source_specific_state,graph_observation_state,QC_State,QC_Reason,Technical_Error_Reason,observation_role,observation_sequence_bytes,observation_sequence_sha256,provirus_type,row_source_role,row_source_generation,row_source_path,row_source_sha256,row_source_bytes,row_source_mtime_utc,haplotype_evidence,haplotype_pansn_digit,observation_class_v3,observation_class_evidence_v3,source_record_class_v3,source_record_path_v3,source_record_sha256_v3,source_record_bases_v3,source_record_header_v3,extraction_branch_provenance_v3,stable_source_identity_v3,v3_row_origin,v3_supersession_state,representative_ID_Full
NA19317_h1_HML-2_11p15.4b_technical_error	NA19317_h1_HML-2_11p15.4b_graph_hgsvc3-2024-02-23-mc-chm13	HML-2_11p15.4b	Technical_Error	Insertion_Absent	NONCARRIER_SENTINEL_OBSERVATION	8ce86a6ae65d3692e7305e2c58ac62eebd97d3d943e093f577da25c36988246b	ID_Full,Source_Identifier,Structure,presence_call,observation_state,observation_state_reason,observation_source_kind,source_specific_state,graph_observation_state,QC_State,QC_Reason,Technical_Error_Reason,observation_role,observation_sequence_bytes,observation_sequence_sha256,Strand,row_source_role,row_source_generation,row_source_path,row_source_sha256,row_source_bytes,row_source_mtime_utc,observation_class_v3,observation_class_evidence_v3,source_record_class_v3,source_record_path_v3,source_record_sha256_v3,source_record_bases_v3,source_record_header_v3,noncarrier_evidence_mode_v3,extraction_branch_provenance_v3,stable_source_identity_v3,v3_row_origin,v3_supersession_state,representative_ID_Full
NA19317_h2_HML-2_11p15.4b_technical_error	NA19317_h2_HML-2_11p15.4b_graph_hgsvc3-2024-02-23-mc-chm13	HML-2_11p15.4b	Technical_Error	Solo-LTR	PRESENT	139ea129056f103db16ca483ef8e6aa521da7886153ed5379499665bfbcb2303	ID_Full,Source_Identifier,Structure,presence_call,observation_state,observation_state_reason,observation_source_kind,source_specific_state,graph_observation_state,QC_State,QC_Reason,Technical_Error_Reason,observation_role,observation_sequence_bytes,observation_sequence_sha256,provirus_type,row_source_role,row_source_generation,row_source_path,row_source_sha256,row_source_bytes,row_source_mtime_utc,haplotype_evidence,haplotype_pansn_digit,observation_class_v3,observation_class_evidence_v3,source_record_class_v3,source_record_path_v3,source_record_sha256_v3,source_record_bases_v3,source_record_header_v3,extraction_branch_provenance_v3,stable_source_identity_v3,v3_row_origin,v3_supersession_state,representative_ID_Full
NA19331_h1_HML-2_11p15.4b_technical_error	NA19331_h1_HML-2_11p15.4b_graph_hgsvc3-2024-02-23-mc-chm13	HML-2_11p15.4b	Technical_Error	Solo-LTR	PRESENT	7994bbdad781bc69686e5450abba00bf5764aa379edaaef7fe99ef467b55a55b	ID_Full,Source_Identifier,Structure,presence_call,observation_state,observation_state_reason,observation_source_kind,source_specific_state,graph_observation_state,QC_State,QC_Reason,Technical_Error_Reason,observation_role,observation_sequence_bytes,observation_sequence_sha256,provirus_type,row_source_role,row_source_generation,row_source_path,row_source_sha256,row_source_bytes,row_source_mtime_utc,haplotype_evidence,haplotype_pansn_digit,observation_class_v3,observation_class_evidence_v3,source_record_class_v3,source_record_path_v3,source_record_sha256_v3,source_record_bases_v3,source_record_header_v3,extraction_branch_provenance_v3,stable_source_identity_v3,v3_row_origin,v3_supersession_state,representative_ID_Full
NA19331_h2_HML-2_11p15.4b_technical_error	NA19331_h2_HML-2_11p15.4b_graph_hgsvc3-2024-02-23-mc-chm13	HML-2_11p15.4b	Technical_Error	Insertion_Absent	NONCARRIER_SENTINEL_OBSERVATION	8ce86a6ae65d3692e7305e2c58ac62eebd97d3d943e093f577da25c36988246b	ID_Full,Source_Identifier,Structure,presence_call,observation_state,observation_state_reason,observation_source_kind,source_specific_state,graph_observation_state,QC_State,QC_Reason,Technical_Error_Reason,observation_role,observation_sequence_bytes,observation_sequence_sha256,Strand,row_source_role,row_source_generation,row_source_path,row_source_sha256,row_source_bytes,row_source_mtime_utc,observation_class_v3,observation_class_evidence_v3,source_record_class_v3,source_record_path_v3,source_record_sha256_v3,source_record_bases_v3,source_record_header_v3,noncarrier_evidence_mode_v3,extraction_branch_provenance_v3,stable_source_identity_v3,v3_row_origin,v3_supersession_state,representative_ID_Full
NA19347_h1_HML-2_11p15.4b_technical_error	NA19347_h1_HML-2_11p15.4b_graph_hgsvc3-2024-02-23-mc-chm13	HML-2_11p15.4b	Technical_Error	Solo-LTR	PRESENT	3dd9e2454042d699bb2f21c873f2e5736641019fbde416f1efb57d711bb8142a	ID_Full,Source_Identifier,Structure,presence_call,observation_state,observation_state_reason,observation_source_kind,source_specific_state,graph_observation_state,QC_State,QC_Reason,Technical_Error_Reason,observation_role,observation_sequence_bytes,observation_sequence_sha256,provirus_type,row_source_role,row_source_generation,row_source_path,row_source_sha256,row_source_bytes,row_source_mtime_utc,haplotype_evidence,haplotype_pansn_digit,observation_class_v3,observation_class_evidence_v3,source_record_class_v3,source_record_path_v3,source_record_sha256_v3,source_record_bases_v3,source_record_header_v3,extraction_branch_provenance_v3,stable_source_identity_v3,v3_row_origin,v3_supersession_state,representative_ID_Full
NA19347_h2_HML-2_11p15.4b_technical_error	NA19347_h2_HML-2_11p15.4b_graph_hgsvc3-2024-02-23-mc-chm13	HML-2_11p15.4b	Technical_Error	Solo-LTR	PRESENT	139ea129056f103db16ca483ef8e6aa521da7886153ed5379499665bfbcb2303	ID_Full,Source_Identifier,Structure,presence_call,observation_state,observation_state_reason,observation_source_kind,source_specific_state,graph_observation_state,QC_State,QC_Reason,Technical_Error_Reason,observation_role,observation_sequence_bytes,observation_sequence_sha256,provirus_type,row_source_role,row_source_generation,row_source_path,row_source_sha256,row_source_bytes,row_source_mtime_utc,haplotype_evidence,haplotype_pansn_digit,observation_class_v3,observation_class_evidence_v3,source_record_class_v3,source_record_path_v3,source_record_sha256_v3,source_record_bases_v3,source_record_header_v3,extraction_branch_provenance_v3,stable_source_identity_v3,v3_row_origin,v3_supersession_state,representative_ID_Full
NA19384_h1_HML-2_11p15.4b_technical_error	NA19384_h1_HML-2_11p15.4b_graph_hgsvc3-2024-02-23-mc-chm13	HML-2_11p15.4b	Technical_Error	Insertion_Absent	NONCARRIER_SENTINEL_OBSERVATION	8ce86a6ae65d3692e7305e2c58ac62eebd97d3d943e093f577da25c36988246b	ID_Full,Source_Identifier,Structure,presence_call,observation_state,observation_state_reason,observation_source_kind,source_specific_state,graph_observation_state,QC_State,QC_Reason,Technical_Error_Reason,observation_role,observation_sequence_bytes,observation_sequence_sha256,Strand,row_source_role,row_source_generation,row_source_path,row_source_sha256,row_source_bytes,row_source_mtime_utc,observation_class_v3,observation_class_evidence_v3,source_record_class_v3,source_record_path_v3,source_record_sha256_v3,source_record_bases_v3,source_record_header_v3,noncarrier_evidence_mode_v3,extraction_branch_provenance_v3,stable_source_identity_v3,v3_row_origin,v3_supersession_state,representative_ID_Full
NA19384_h2_HML-2_11p15.4b_technical_error	NA19384_h2_HML-2_11p15.4b_graph_hgsvc3-2024-02-23-mc-chm13	HML-2_11p15.4b	Technical_Error	Solo-LTR	PRESENT	7994bbdad781bc69686e5450abba00bf5764aa379edaaef7fe99ef467b55a55b	ID_Full,Source_Identifier,Structure,presence_call,observation_state,observation_state_reason,observation_source_kind,source_specific_state,graph_observation_state,QC_State,QC_Reason,Technical_Error_Reason,observation_role,observation_sequence_bytes,observation_sequence_sha256,provirus_type,row_source_role,row_source_generation,row_source_path,row_source_sha256,row_source_bytes,row_source_mtime_utc,haplotype_evidence,haplotype_pansn_digit,observation_class_v3,observation_class_evidence_v3,source_record_class_v3,source_record_path_v3,source_record_sha256_v3,source_record_bases_v3,source_record_header_v3,extraction_branch_provenance_v3,stable_source_identity_v3,v3_row_origin,v3_supersession_state,representative_ID_Full
NA19434_h1_HML-2_11p15.4b_technical_error	NA19434_h1_HML-2_11p15.4b_graph_hgsvc3-2024-02-23-mc-chm13	HML-2_11p15.4b	Technical_Error	Insertion_Absent	NONCARRIER_SENTINEL_OBSERVATION	8ce86a6ae65d3692e7305e2c58ac62eebd97d3d943e093f577da25c36988246b	ID_Full,Source_Identifier,Structure,presence_call,observation_state,observation_state_reason,observation_source_kind,source_specific_state,graph_observation_state,QC_State,QC_Reason,Technical_Error_Reason,observation_role,observation_sequence_bytes,observation_sequence_sha256,Strand,row_source_role,row_source_generation,row_source_path,row_source_sha256,row_source_bytes,row_source_mtime_utc,observation_class_v3,observation_class_evidence_v3,source_record_class_v3,source_record_path_v3,source_record_sha256_v3,source_record_bases_v3,source_record_header_v3,noncarrier_evidence_mode_v3,extraction_branch_provenance_v3,stable_source_identity_v3,v3_row_origin,v3_supersession_state,representative_ID_Full
NA19434_h2_HML-2_11p15.4b_technical_error	NA19434_h2_HML-2_11p15.4b_graph_hgsvc3-2024-02-23-mc-chm13	HML-2_11p15.4b	Technical_Error	Solo-LTR	PRESENT	7994bbdad781bc69686e5450abba00bf5764aa379edaaef7fe99ef467b55a55b	ID_Full,Source_Identifier,Structure,presence_call,observation_state,observation_state_reason,observation_source_kind,source_specific_state,graph_observation_state,QC_State,QC_Reason,Technical_Error_Reason,observation_role,observation_sequence_bytes,observation_sequence_sha256,provirus_type,row_source_role,row_source_generation,row_source_path,row_source_sha256,row_source_bytes,row_source_mtime_utc,haplotype_evidence,haplotype_pansn_digit,observation_class_v3,observation_class_evidence_v3,source_record_class_v3,source_record_path_v3,source_record_sha256_v3,source_record_bases_v3,source_record_header_v3,extraction_branch_provenance_v3,stable_source_identity_v3,v3_row_origin,v3_supersession_state,representative_ID_Full
NA19650_h1_HML-2_11p15.4b_technical_error	NA19650_h1_HML-2_11p15.4b_graph_hgsvc3-2024-02-23-mc-chm13	HML-2_11p15.4b	Technical_Error	Solo-LTR	PRESENT	7994bbdad781bc69686e5450abba00bf5764aa379edaaef7fe99ef467b55a55b	ID_Full,Source_Identifier,Structure,presence_call,observation_state,observation_state_reason,observation_source_kind,source_specific_state,graph_observation_state,QC_State,QC_Reason,Technical_Error_Reason,observation_role,observation_sequence_bytes,observation_sequence_sha256,provirus_type,row_source_role,row_source_generation,row_source_path,row_source_sha256,row_source_bytes,row_source_mtime_utc,haplotype_evidence,haplotype_pansn_digit,observation_class_v3,observation_class_evidence_v3,source_record_class_v3,source_record_path_v3,source_record_sha256_v3,source_record_bases_v3,source_record_header_v3,extraction_branch_provenance_v3,stable_source_identity_v3,v3_row_origin,v3_supersession_state,representative_ID_Full
NA19650_h2_HML-2_11p15.4b_technical_error	NA19650_h2_HML-2_11p15.4b_graph_hgsvc3-2024-02-23-mc-chm13	HML-2_11p15.4b	Technical_Error	Solo-LTR	PRESENT	ef0db573b1133db7d0aa0f0a7127ed5c347c8925f8da8a80759daee9cbd9b7a7	ID_Full,Source_Identifier,Structure,presence_call,observation_state,observation_state_reason,observation_source_kind,source_specific_state,graph_observation_state,QC_State,QC_Reason,Technical_Error_Reason,observation_role,observation_sequence_bytes,observation_sequence_sha256,provirus_type,row_source_role,row_source_generation,row_source_path,row_source_sha256,row_source_bytes,row_source_mtime_utc,haplotype_evidence,haplotype_pansn_digit,observation_class_v3,observation_class_evidence_v3,source_record_class_v3,source_record_path_v3,source_record_sha256_v3,source_record_bases_v3,source_record_header_v3,extraction_branch_provenance_v3,stable_source_identity_v3,v3_row_origin,v3_supersession_state,representative_ID_Full
NA19705_h1_HML-2_11p15.4b_technical_error	NA19705_h1_HML-2_11p15.4b_graph_hgsvc3-2024-02-23-mc-chm13	HML-2_11p15.4b	Technical_Error	Solo-LTR	PRESENT	7994bbdad781bc69686e5450abba00bf5764aa379edaaef7fe99ef467b55a55b	ID_Full,Source_Identifier,Structure,presence_call,observation_state,observation_state_reason,observation_source_kind,source_specific_state,graph_observation_state,QC_State,QC_Reason,Technical_Error_Reason,observation_role,observation_sequence_bytes,observation_sequence_sha256,provirus_type,row_source_role,row_source_generation,row_source_path,row_source_sha256,row_source_bytes,row_source_mtime_utc,haplotype_evidence,haplotype_pansn_digit,observation_class_v3,observation_class_evidence_v3,source_record_class_v3,source_record_path_v3,source_record_sha256_v3,source_record_bases_v3,source_record_header_v3,extraction_branch_provenance_v3,stable_source_identity_v3,v3_row_origin,v3_supersession_state,representative_ID_Full
NA19705_h2_HML-2_11p15.4b_technical_error	NA19705_h2_HML-2_11p15.4b_graph_hgsvc3-2024-02-23-mc-chm13	HML-2_11p15.4b	Technical_Error	Insertion_Absent	NONCARRIER_SENTINEL_OBSERVATION	8ce86a6ae65d3692e7305e2c58ac62eebd97d3d943e093f577da25c36988246b	ID_Full,Source_Identifier,Structure,presence_call,observation_state,observation_state_reason,observation_source_kind,source_specific_state,graph_observation_state,QC_State,QC_Reason,Technical_Error_Reason,observation_role,observation_sequence_bytes,observation_sequence_sha256,Strand,row_source_role,row_source_generation,row_source_path,row_source_sha256,row_source_bytes,row_source_mtime_utc,observation_class_v3,observation_class_evidence_v3,source_record_class_v3,source_record_path_v3,source_record_sha256_v3,source_record_bases_v3,source_record_header_v3,noncarrier_evidence_mode_v3,extraction_branch_provenance_v3,stable_source_identity_v3,v3_row_origin,v3_supersession_state,representative_ID_Full
NA19836_h1_HML-2_11p15.4b_technical_error	NA19836_h1_HML-2_11p15.4b_graph_hgsvc3-2024-02-23-mc-chm13	HML-2_11p15.4b	Technical_Error	Solo-LTR	PRESENT	7994bbdad781bc69686e5450abba00bf5764aa379edaaef7fe99ef467b55a55b	ID_Full,Source_Identifier,Structure,presence_call,observation_state,observation_state_reason,observation_source_kind,source_specific_state,graph_observation_state,QC_State,QC_Reason,Technical_Error_Reason,observation_role,observation_sequence_bytes,observation_sequence_sha256,provirus_type,row_source_role,row_source_generation,row_source_path,row_source_sha256,row_source_bytes,row_source_mtime_utc,haplotype_evidence,haplotype_pansn_digit,observation_class_v3,observation_class_evidence_v3,source_record_class_v3,source_record_path_v3,source_record_sha256_v3,source_record_bases_v3,source_record_header_v3,extraction_branch_provenance_v3,stable_source_identity_v3,v3_row_origin,v3_supersession_state,representative_ID_Full
NA19836_h2_HML-2_11p15.4b_technical_error	NA19836_h2_HML-2_11p15.4b_graph_hgsvc3-2024-02-23-mc-chm13	HML-2_11p15.4b	Technical_Error	Insertion_Absent	NONCARRIER_SENTINEL_OBSERVATION	8ce86a6ae65d3692e7305e2c58ac62eebd97d3d943e093f577da25c36988246b	ID_Full,Source_Identifier,Structure,presence_call,observation_state,observation_state_reason,observation_source_kind,source_specific_state,graph_observation_state,QC_State,QC_Reason,Technical_Error_Reason,observation_role,observation_sequence_bytes,observation_sequence_sha256,Strand,row_source_role,row_source_generation,row_source_path,row_source_sha256,row_source_bytes,row_source_mtime_utc,observation_class_v3,observation_class_evidence_v3,source_record_class_v3,source_record_path_v3,source_record_sha256_v3,source_record_bases_v3,source_record_header_v3,noncarrier_evidence_mode_v3,extraction_branch_provenance_v3,stable_source_identity_v3,v3_row_origin,v3_supersession_state,representative_ID_Full
NA19983_h1_HML-2_11p15.4b_technical_error	NA19983_h1_HML-2_11p15.4b_graph_hgsvc3-2024-02-23-mc-chm13	HML-2_11p15.4b	Technical_Error	Insertion_Absent	NONCARRIER_SENTINEL_OBSERVATION	8ce86a6ae65d3692e7305e2c58ac62eebd97d3d943e093f577da25c36988246b	ID_Full,Source_Identifier,Structure,presence_call,observation_state,observation_state_reason,observation_source_kind,source_specific_state,graph_observation_state,QC_State,QC_Reason,Technical_Error_Reason,observation_role,observation_sequence_bytes,observation_sequence_sha256,Strand,row_source_role,row_source_generation,row_source_path,row_source_sha256,row_source_bytes,row_source_mtime_utc,observation_class_v3,observation_class_evidence_v3,source_record_class_v3,source_record_path_v3,source_record_sha256_v3,source_record_bases_v3,source_record_header_v3,noncarrier_evidence_mode_v3,extraction_branch_provenance_v3,stable_source_identity_v3,v3_row_origin,v3_supersession_state,representative_ID_Full
NA19983_h2_HML-2_11p15.4b_technical_error	NA19983_h2_HML-2_11p15.4b_graph_hgsvc3-2024-02-23-mc-chm13	HML-2_11p15.4b	Technical_Error	Insertion_Absent	NONCARRIER_SENTINEL_OBSERVATION	8ce86a6ae65d3692e7305e2c58ac62eebd97d3d943e093f577da25c36988246b	ID_Full,Source_Identifier,Structure,presence_call,observation_state,observation_state_reason,observation_source_kind,source_specific_state,graph_observation_state,QC_State,QC_Reason,Technical_Error_Reason,observation_role,observation_sequence_bytes,observation_sequence_sha256,Strand,row_source_role,row_source_generation,row_source_path,row_source_sha256,row_source_bytes,row_source_mtime_utc,observation_class_v3,observation_class_evidence_v3,source_record_class_v3,source_record_path_v3,source_record_sha256_v3,source_record_bases_v3,source_record_header_v3,noncarrier_evidence_mode_v3,extraction_branch_provenance_v3,stable_source_identity_v3,v3_row_origin,v3_supersession_state,representative_ID_Full
NA20355_h1_HML-2_11p15.4b_technical_error	NA20355_h1_HML-2_11p15.4b_graph_hgsvc3-2024-02-23-mc-chm13	HML-2_11p15.4b	Technical_Error	Insertion_Absent	NONCARRIER_SENTINEL_OBSERVATION	8ce86a6ae65d3692e7305e2c58ac62eebd97d3d943e093f577da25c36988246b	ID_Full,Source_Identifier,Structure,presence_call,observation_state,observation_state_reason,observation_source_kind,source_specific_state,graph_observation_state,QC_State,QC_Reason,Technical_Error_Reason,observation_role,observation_sequence_bytes,observation_sequence_sha256,Strand,row_source_role,row_source_generation,row_source_path,row_source_sha256,row_source_bytes,row_source_mtime_utc,observation_class_v3,observation_class_evidence_v3,source_record_class_v3,source_record_path_v3,source_record_sha256_v3,source_record_bases_v3,source_record_header_v3,noncarrier_evidence_mode_v3,extraction_branch_provenance_v3,stable_source_identity_v3,v3_row_origin,v3_supersession_state,representative_ID_Full
NA20355_h2_HML-2_11p15.4b_technical_error	NA20355_h2_HML-2_11p15.4b_graph_hgsvc3-2024-02-23-mc-chm13	HML-2_11p15.4b	Technical_Error	Solo-LTR	PRESENT	ef0db573b1133db7d0aa0f0a7127ed5c347c8925f8da8a80759daee9cbd9b7a7	ID_Full,Source_Identifier,Structure,presence_call,observation_state,observation_state_reason,observation_source_kind,source_specific_state,graph_observation_state,QC_State,QC_Reason,Technical_Error_Reason,observation_role,observation_sequence_bytes,observation_sequence_sha256,provirus_type,row_source_role,row_source_generation,row_source_path,row_source_sha256,row_source_bytes,row_source_mtime_utc,haplotype_evidence,haplotype_pansn_digit,observation_class_v3,observation_class_evidence_v3,source_record_class_v3,source_record_path_v3,source_record_sha256_v3,source_record_bases_v3,source_record_header_v3,extraction_branch_provenance_v3,stable_source_identity_v3,v3_row_origin,v3_supersession_state,representative_ID_Full
NA20509_h1_HML-2_11p15.4b_technical_error	NA20509_h1_HML-2_11p15.4b_graph_hgsvc3-2024-02-23-mc-chm13	HML-2_11p15.4b	Technical_Error	Solo-LTR	PRESENT	013f2adc431e397e8def33b7408e1894b3d210ed221dc995505343cc8be8df41	ID_Full,Source_Identifier,Structure,presence_call,observation_state,observation_state_reason,observation_source_kind,source_specific_state,graph_observation_state,QC_State,QC_Reason,Technical_Error_Reason,observation_role,observation_sequence_bytes,observation_sequence_sha256,provirus_type,row_source_role,row_source_generation,row_source_path,row_source_sha256,row_source_bytes,row_source_mtime_utc,haplotype_evidence,haplotype_pansn_digit,observation_class_v3,observation_class_evidence_v3,source_record_class_v3,source_record_path_v3,source_record_sha256_v3,source_record_bases_v3,source_record_header_v3,extraction_branch_provenance_v3,stable_source_identity_v3,v3_row_origin,v3_supersession_state,representative_ID_Full
NA20509_h2_HML-2_11p15.4b_technical_error	NA20509_h2_HML-2_11p15.4b_graph_hgsvc3-2024-02-23-mc-chm13	HML-2_11p15.4b	Technical_Error	Solo-LTR	PRESENT	ef0db573b1133db7d0aa0f0a7127ed5c347c8925f8da8a80759daee9cbd9b7a7	ID_Full,Source_Identifier,Structure,presence_call,observation_state,observation_state_reason,observation_source_kind,source_specific_state,graph_observation_state,QC_State,QC_Reason,Technical_Error_Reason,observation_role,observation_sequence_bytes,observation_sequence_sha256,provirus_type,row_source_role,row_source_generation,row_source_path,row_source_sha256,row_source_bytes,row_source_mtime_utc,haplotype_evidence,haplotype_pansn_digit,observation_class_v3,observation_class_evidence_v3,source_record_class_v3,source_record_path_v3,source_record_sha256_v3,source_record_bases_v3,source_record_header_v3,extraction_branch_provenance_v3,stable_source_identity_v3,v3_row_origin,v3_supersession_state,representative_ID_Full
NA20847_h1_HML-2_11p15.4b_technical_error	NA20847_h1_HML-2_11p15.4b_graph_hgsvc3-2024-02-23-mc-chm13	HML-2_11p15.4b	Technical_Error	Solo-LTR	PRESENT	ef0db573b1133db7d0aa0f0a7127ed5c347c8925f8da8a80759daee9cbd9b7a7	ID_Full,Source_Identifier,Structure,presence_call,observation_state,observation_state_reason,observation_source_kind,source_specific_state,graph_observation_state,QC_State,QC_Reason,Technical_Error_Reason,observation_role,observation_sequence_bytes,observation_sequence_sha256,provirus_type,row_source_role,row_source_generation,row_source_path,row_source_sha256,row_source_bytes,row_source_mtime_utc,haplotype_evidence,haplotype_pansn_digit,observation_class_v3,observation_class_evidence_v3,source_record_class_v3,source_record_path_v3,source_record_sha256_v3,source_record_bases_v3,source_record_header_v3,extraction_branch_provenance_v3,stable_source_identity_v3,v3_row_origin,v3_supersession_state,representative_ID_Full
NA20847_h2_HML-2_11p15.4b_technical_error	NA20847_h2_HML-2_11p15.4b_graph_hgsvc3-2024-02-23-mc-chm13	HML-2_11p15.4b	Technical_Error	Solo-LTR	PRESENT	ef0db573b1133db7d0aa0f0a7127ed5c347c8925f8da8a80759daee9cbd9b7a7	ID_Full,Source_Identifier,Structure,presence_call,observation_state,observation_state_reason,observation_source_kind,source_specific_state,graph_observation_state,QC_State,QC_Reason,Technical_Error_Reason,observation_role,observation_sequence_bytes,observation_sequence_sha256,provirus_type,row_source_role,row_source_generation,row_source_path,row_source_sha256,row_source_bytes,row_source_mtime_utc,haplotype_evidence,haplotype_pansn_digit,observation_class_v3,observation_class_evidence_v3,source_record_class_v3,source_record_path_v3,source_record_sha256_v3,source_record_bases_v3,source_record_header_v3,extraction_branch_provenance_v3,stable_source_identity_v3,v3_row_origin,v3_supersession_state,representative_ID_Full
NA21487_h1_HML-2_11p15.4b_technical_error	NA21487_h1_HML-2_11p15.4b_graph_hgsvc3-2024-02-23-mc-chm13	HML-2_11p15.4b	Technical_Error	Solo-LTR	PRESENT	ef0db573b1133db7d0aa0f0a7127ed5c347c8925f8da8a80759daee9cbd9b7a7	ID_Full,Source_Identifier,Structure,presence_call,observation_state,observation_state_reason,observation_source_kind,source_specific_state,graph_observation_state,QC_State,QC_Reason,Technical_Error_Reason,observation_role,observation_sequence_bytes,observation_sequence_sha256,provirus_type,row_source_role,row_source_generation,row_source_path,row_source_sha256,row_source_bytes,row_source_mtime_utc,haplotype_evidence,haplotype_pansn_digit,observation_class_v3,observation_class_evidence_v3,source_record_class_v3,source_record_path_v3,source_record_sha256_v3,source_record_bases_v3,source_record_header_v3,extraction_branch_provenance_v3,stable_source_identity_v3,v3_row_origin,v3_supersession_state,representative_ID_Full
NA21487_h2_HML-2_11p15.4b_technical_error	NA21487_h2_HML-2_11p15.4b_graph_hgsvc3-2024-02-23-mc-chm13	HML-2_11p15.4b	Technical_Error	Solo-LTR	PRESENT	ef0db573b1133db7d0aa0f0a7127ed5c347c8925f8da8a80759daee9cbd9b7a7	ID_Full,Source_Identifier,Structure,presence_call,observation_state,observation_state_reason,observation_source_kind,source_specific_state,graph_observation_state,QC_State,QC_Reason,Technical_Error_Reason,observation_role,observation_sequence_bytes,observation_sequence_sha256,provirus_type,row_source_role,row_source_generation,row_source_path,row_source_sha256,row_source_bytes,row_source_mtime_utc,haplotype_evidence,haplotype_pansn_digit,observation_class_v3,observation_class_evidence_v3,source_record_class_v3,source_record_path_v3,source_record_sha256_v3,source_record_bases_v3,source_record_header_v3,extraction_branch_provenance_v3,stable_source_identity_v3,v3_row_origin,v3_supersession_state,representative_ID_Full
NA24385_h1_HML-2_11p15.4b_technical_error	NA24385_h1_HML-2_11p15.4b_graph_hgsvc3-2024-02-23-mc-chm13	HML-2_11p15.4b	Technical_Error	Insertion_Absent	NONCARRIER_SENTINEL_OBSERVATION	8ce86a6ae65d3692e7305e2c58ac62eebd97d3d943e093f577da25c36988246b	ID_Full,Source_Identifier,Structure,presence_call,observation_state,observation_state_reason,observation_source_kind,source_specific_state,graph_observation_state,QC_State,QC_Reason,Technical_Error_Reason,observation_role,observation_sequence_bytes,observation_sequence_sha256,Strand,row_source_role,row_source_generation,row_source_path,row_source_sha256,row_source_bytes,row_source_mtime_utc,observation_class_v3,observation_class_evidence_v3,source_record_class_v3,source_record_path_v3,source_record_sha256_v3,source_record_bases_v3,source_record_header_v3,noncarrier_evidence_mode_v3,extraction_branch_provenance_v3,stable_source_identity_v3,v3_row_origin,v3_supersession_state,representative_ID_Full
NA24385_h2_HML-2_11p15.4b_technical_error	NA24385_h2_HML-2_11p15.4b_graph_hgsvc3-2024-02-23-mc-chm13	HML-2_11p15.4b	Technical_Error	Solo-LTR	PRESENT	ef0db573b1133db7d0aa0f0a7127ed5c347c8925f8da8a80759daee9cbd9b7a7	ID_Full,Source_Identifier,Structure,presence_call,observation_state,observation_state_reason,observation_source_kind,source_specific_state,graph_observation_state,QC_State,QC_Reason,Technical_Error_Reason,observation_role,observation_sequence_bytes,observation_sequence_sha256,provirus_type,row_source_role,row_source_generation,row_source_path,row_source_sha256,row_source_bytes,row_source_mtime_utc,haplotype_evidence,haplotype_pansn_digit,observation_class_v3,observation_class_evidence_v3,source_record_class_v3,source_record_path_v3,source_record_sha256_v3,source_record_bases_v3,source_record_header_v3,extraction_branch_provenance_v3,stable_source_identity_v3,v3_row_origin,v3_supersession_state,representative_ID_Full
NA20847_h1_HML-2_13p13_placeholder	NA20847_h1_HML-2_13p13_graph_hgsvc3_linked_recovery	HML-2_13p13	Technical_Error	Fragment	PRESENT	9e9f470077097648c5f03f9b0bf9b95cca9aec1518cfcfbe8156d8ce4f5bd678	ID_Full,Source_Identifier,Structure,presence_call,observation_state,observation_state_reason,observation_source_kind,source_specific_state,graph_observation_state,QC_Reason,Technical_Error_Reason,observation_role,observation_sequence_bytes,observation_sequence_sha256,gag,missense_gag,gag_coverage,pro,missense_pro,pro_dna_identity,pro_protein_identity,pro_coverage,pol,missense_pol,pol_dna_identity,pol_protein_identity,pol_coverage,pol_region_present,pol_translation_compatible,pol_translation_basis,env,missense_env,env_dna_identity,env_protein_identity,env_coverage,np9,missense_np9,np9_dna_identity,np9_protein_identity,np9_coverage,all_orfs_intact,Strand,provirus_type,row_source_role,row_source_generation,row_source_path,row_source_sha256,row_source_bytes,row_source_mtime_utc,haplotype_evidence,haplotype_pansn_digit,observation_class_v3,observation_class_evidence_v3,source_record_class_v3,source_record_path_v3,source_record_sha256_v3,source_record_bases_v3,source_record_header_v3,extraction_branch_provenance_v3,stable_source_identity_v3,v3_row_origin,v3_supersession_state,representative_ID_Full
NA20355_h1_HML-2_15p13a_placeholder	NA20355_h1_HML-2_15p13a_graph_hgsvc3_linked_recovery	HML-2_15p13a	Technical_Error	Fragment	PRESENT	59f435768ce3c8a25ff990a2df5a3b3b5f055b74bfabfada801eca5435c974d1	ID_Full,Source_Identifier,Structure,presence_call,observation_state,observation_state_reason,observation_source_kind,source_specific_state,graph_observation_state,QC_Reason,Technical_Error_Reason,observation_role,observation_sequence_bytes,observation_sequence_sha256,gag,missense_gag,gag_coverage,pro,missense_pro,pro_coverage,pol,missense_pol,pol_dna_identity,pol_protein_identity,pol_coverage,pol_region_present,pol_translation_compatible,pol_translation_basis,env,missense_env,env_dna_identity,env_protein_identity,env_coverage,all_orfs_intact,Strand,provirus_type,row_source_role,row_source_generation,row_source_path,row_source_sha256,row_source_bytes,row_source_mtime_utc,rec,missense_rec,rec_dna_identity,rec_protein_identity,rec_coverage,haplotype_evidence,haplotype_pansn_digit,observation_class_v3,observation_class_evidence_v3,source_record_class_v3,source_record_path_v3,source_record_sha256_v3,source_record_bases_v3,source_record_header_v3,extraction_branch_provenance_v3,stable_source_identity_v3,v3_row_origin,v3_supersession_state,representative_ID_Full
HG00096_h1_HML-2_15q25.2_technical_error	HG00096_h1_HML-2_15q25.2_graph_hgsvc3-2024-02-23-mc-chm13_DEGRADED_KCON_1912	HML-2_15q25.2	Technical_Error	Fragment	PRESENT	99be1d95885bb7c17b20152b994917289493dd72b300b06c4119f3354af51592	ID_Full,Source_Identifier,Structure,presence_call,observation_state,observation_state_reason,observation_source_kind,source_specific_state,graph_observation_state,QC_State,QC_Reason,Technical_Error_Reason,observation_role,observation_sequence_bytes,observation_sequence_sha256,gag,missense_gag,gag_coverage,pro,missense_pro,pro_coverage,pol,missense_pol,pol_dna_identity,pol_protein_identity,pol_coverage,pol_region_present,pol_translation_compatible,pol_translation_basis,env,missense_env,env_coverage,all_orfs_intact,Strand,provirus_type,row_source_role,row_source_generation,row_source_path,row_source_sha256,row_source_bytes,row_source_mtime_utc,rec,missense_rec,rec_dna_identity,rec_protein_identity,rec_coverage,haplotype_evidence,haplotype_pansn_digit,observation_class_v3,observation_class_evidence_v3,source_record_class_v3,source_record_path_v3,source_record_sha256_v3,source_record_bases_v3,source_record_header_v3,extraction_branch_provenance_v3,stable_source_identity_v3,v3_row_origin,v3_supersession_state,representative_ID_Full
HG00096_h2_HML-2_15q25.2_technical_error	HG00096_h2_HML-2_15q25.2_graph_hgsvc3-2024-02-23-mc-chm13_DEGRADED_KCON_1912	HML-2_15q25.2	Technical_Error	Fragment	PRESENT	0ce353bd4db9ac41bdaf917d000791570e2cef8a5cf856d94bb783790df0e0b0	ID_Full,Source_Identifier,Structure,presence_call,observation_state,observation_state_reason,observation_source_kind,source_specific_state,graph_observation_state,QC_State,QC_Reason,Technical_Error_Reason,observation_role,observation_sequence_bytes,observation_sequence_sha256,gag,missense_gag,gag_coverage,pro,missense_pro,pro_coverage,pol,missense_pol,pol_dna_identity,pol_protein_identity,pol_coverage,pol_region_present,pol_translation_compatible,pol_translation_basis,env,missense_env,env_coverage,all_orfs_intact,Strand,provirus_type,row_source_role,row_source_generation,row_source_path,row_source_sha256,row_source_bytes,row_source_mtime_utc,rec,missense_rec,rec_dna_identity,rec_protein_identity,rec_coverage,haplotype_evidence,haplotype_pansn_digit,observation_class_v3,observation_class_evidence_v3,source_record_class_v3,source_record_path_v3,source_record_sha256_v3,source_record_bases_v3,source_record_header_v3,extraction_branch_provenance_v3,stable_source_identity_v3,v3_row_origin,v3_supersession_state,representative_ID_Full
HG00171_h1_HML-2_15q25.2_technical_error	HG00171_h1_HML-2_15q25.2_graph_hgsvc3-2024-02-23-mc-chm13_DEGRADED_KCON_1912	HML-2_15q25.2	Technical_Error	Fragment	PRESENT	dfbfb8ed5cfa393fe9db2e54fd34701c0daac90276c6403ae1e00f964a346713	ID_Full,Source_Identifier,Structure,presence_call,observation_state,observation_state_reason,observation_source_kind,source_specific_state,graph_observation_state,QC_State,QC_Reason,Technical_Error_Reason,observation_role,observation_sequence_bytes,observation_sequence_sha256,gag,missense_gag,gag_coverage,pro,missense_pro,pro_coverage,pol,missense_pol,pol_dna_identity,pol_protein_identity,pol_coverage,pol_region_present,pol_translation_compatible,pol_translation_basis,env,missense_env,env_coverage,all_orfs_intact,Strand,provirus_type,row_source_role,row_source_generation,row_source_path,row_source_sha256,row_source_bytes,row_source_mtime_utc,rec,missense_rec,rec_dna_identity,rec_protein_identity,rec_coverage,haplotype_evidence,haplotype_pansn_digit,observation_class_v3,observation_class_evidence_v3,source_record_class_v3,source_record_path_v3,source_record_sha256_v3,source_record_bases_v3,source_record_header_v3,extraction_branch_provenance_v3,stable_source_identity_v3,v3_row_origin,v3_supersession_state,representative_ID_Full
HG00171_h2_HML-2_15q25.2_technical_error	HG00171_h2_HML-2_15q25.2_graph_hgsvc3-2024-02-23-mc-chm13_DEGRADED_KCON_1912	HML-2_15q25.2	Technical_Error	Fragment	PRESENT	8bb3be0242599901b9efb9e224544eee0608837dd2d1a1cb19070c503b622bcc	ID_Full,Source_Identifier,Structure,presence_call,observation_state,observation_state_reason,observation_source_kind,source_specific_state,graph_observation_state,QC_State,QC_Reason,Technical_Error_Reason,observation_role,observation_sequence_bytes,observation_sequence_sha256,gag,missense_gag,gag_coverage,pro,missense_pro,pro_coverage,pol,missense_pol,pol_dna_identity,pol_protein_identity,pol_coverage,pol_region_present,pol_translation_compatible,pol_translation_basis,env,missense_env,env_coverage,all_orfs_intact,Strand,provirus_type,row_source_role,row_source_generation,row_source_path,row_source_sha256,row_source_bytes,row_source_mtime_utc,rec,missense_rec,rec_dna_identity,rec_protein_identity,rec_coverage,haplotype_evidence,haplotype_pansn_digit,observation_class_v3,observation_class_evidence_v3,source_record_class_v3,source_record_path_v3,source_record_sha256_v3,source_record_bases_v3,source_record_header_v3,extraction_branch_provenance_v3,stable_source_identity_v3,v3_row_origin,v3_supersession_state,representative_ID_Full
HG00268_h1_HML-2_15q25.2_technical_error	HG00268_h1_HML-2_15q25.2_graph_hgsvc3-2024-02-23-mc-chm13_DEGRADED_KCON_1912	HML-2_15q25.2	Technical_Error	Fragment	PRESENT	0ce353bd4db9ac41bdaf917d000791570e2cef8a5cf856d94bb783790df0e0b0	ID_Full,Source_Identifier,Structure,presence_call,observation_state,observation_state_reason,observation_source_kind,source_specific_state,graph_observation_state,QC_State,QC_Reason,Technical_Error_Reason,observation_role,observation_sequence_bytes,observation_sequence_sha256,gag,missense_gag,gag_coverage,pro,missense_pro,pro_coverage,pol,missense_pol,pol_dna_identity,pol_protein_identity,pol_coverage,pol_region_present,pol_translation_compatible,pol_translation_basis,env,missense_env,env_coverage,all_orfs_intact,Strand,provirus_type,row_source_role,row_source_generation,row_source_path,row_source_sha256,row_source_bytes,row_source_mtime_utc,rec,missense_rec,rec_dna_identity,rec_protein_identity,rec_coverage,haplotype_evidence,haplotype_pansn_digit,observation_class_v3,observation_class_evidence_v3,source_record_class_v3,source_record_path_v3,source_record_sha256_v3,source_record_bases_v3,source_record_header_v3,extraction_branch_provenance_v3,stable_source_identity_v3,v3_row_origin,v3_supersession_state,representative_ID_Full
HG00268_h2_HML-2_15q25.2_technical_error	HG00268_h2_HML-2_15q25.2_graph_hgsvc3-2024-02-23-mc-chm13_DEGRADED_KCON_1912	HML-2_15q25.2	Technical_Error	Fragment	PRESENT	99be1d95885bb7c17b20152b994917289493dd72b300b06c4119f3354af51592	ID_Full,Source_Identifier,Structure,presence_call,observation_state,observation_state_reason,observation_source_kind,source_specific_state,graph_observation_state,QC_State,QC_Reason,Technical_Error_Reason,observation_role,observation_sequence_bytes,observation_sequence_sha256,gag,missense_gag,gag_coverage,pro,missense_pro,pro_coverage,pol,missense_pol,pol_dna_identity,pol_protein_identity,pol_coverage,pol_region_present,pol_translation_compatible,pol_translation_basis,env,missense_env,env_coverage,all_orfs_intact,Strand,provirus_type,row_source_role,row_source_generation,row_source_path,row_source_sha256,row_source_bytes,row_source_mtime_utc,rec,missense_rec,rec_dna_identity,rec_protein_identity,rec_coverage,haplotype_evidence,haplotype_pansn_digit,observation_class_v3,observation_class_evidence_v3,source_record_class_v3,source_record_path_v3,source_record_sha256_v3,source_record_bases_v3,source_record_header_v3,extraction_branch_provenance_v3,stable_source_identity_v3,v3_row_origin,v3_supersession_state,representative_ID_Full
HG00358_h1_HML-2_15q25.2_technical_error	HG00358_h1_HML-2_15q25.2_graph_hgsvc3-2024-02-23-mc-chm13_DEGRADED_KCON_1912	HML-2_15q25.2	Technical_Error	Fragment	PRESENT	4c9102bbfeae8df57d0f2a66c7dd1f52989bc494835d5451060e766a3c359659	ID_Full,Source_Identifier,Structure,presence_call,observation_state,observation_state_reason,observation_source_kind,source_specific_state,graph_observation_state,QC_State,QC_Reason,Technical_Error_Reason,observation_role,observation_sequence_bytes,observation_sequence_sha256,gag,missense_gag,gag_coverage,pro,missense_pro,pro_coverage,pol,missense_pol,pol_dna_identity,pol_protein_identity,pol_coverage,pol_region_present,pol_translation_compatible,pol_translation_basis,env,missense_env,env_coverage,all_orfs_intact,Strand,provirus_type,row_source_role,row_source_generation,row_source_path,row_source_sha256,row_source_bytes,row_source_mtime_utc,rec,missense_rec,rec_dna_identity,rec_protein_identity,rec_coverage,haplotype_evidence,haplotype_pansn_digit,observation_class_v3,observation_class_evidence_v3,source_record_class_v3,source_record_path_v3,source_record_sha256_v3,source_record_bases_v3,source_record_header_v3,extraction_branch_provenance_v3,stable_source_identity_v3,v3_row_origin,v3_supersession_state,representative_ID_Full
HG00358_h2_HML-2_15q25.2_technical_error	HG00358_h2_HML-2_15q25.2_graph_hgsvc3-2024-02-23-mc-chm13_DEGRADED_KCON_1912	HML-2_15q25.2	Technical_Error	Fragment	PRESENT	63c26fb66398802a21a7e98d95d474586e7ad646a93bdf37c79556c4ba074464	ID_Full,Source_Identifier,Structure,presence_call,observation_state,observation_state_reason,observation_source_kind,source_specific_state,graph_observation_state,QC_State,QC_Reason,Technical_Error_Reason,observation_role,observation_sequence_bytes,observation_sequence_sha256,gag,missense_gag,gag_coverage,pro,missense_pro,pro_coverage,pol,missense_pol,pol_dna_identity,pol_protein_identity,pol_coverage,pol_region_present,pol_translation_compatible,pol_translation_basis,env,missense_env,env_coverage,all_orfs_intact,Strand,provirus_type,row_source_role,row_source_generation,row_source_path,row_source_sha256,row_source_bytes,row_source_mtime_utc,rec,missense_rec,rec_dna_identity,rec_protein_identity,rec_coverage,haplotype_evidence,haplotype_pansn_digit,observation_class_v3,observation_class_evidence_v3,source_record_class_v3,source_record_path_v3,source_record_sha256_v3,source_record_bases_v3,source_record_header_v3,extraction_branch_provenance_v3,stable_source_identity_v3,v3_row_origin,v3_supersession_state,representative_ID_Full
HG00512_h1_HML-2_15q25.2_technical_error	HG00512_h1_HML-2_15q25.2_graph_hgsvc3-2024-02-23-mc-chm13_DEGRADED_KCON_1912	HML-2_15q25.2	Technical_Error	Fragment	PRESENT	8bb3be0242599901b9efb9e224544eee0608837dd2d1a1cb19070c503b622bcc	ID_Full,Source_Identifier,Structure,presence_call,observation_state,observation_state_reason,observation_source_kind,source_specific_state,graph_observation_state,QC_State,QC_Reason,Technical_Error_Reason,observation_role,observation_sequence_bytes,observation_sequence_sha256,gag,missense_gag,gag_coverage,pro,missense_pro,pro_coverage,pol,missense_pol,pol_dna_identity,pol_protein_identity,pol_coverage,pol_region_present,pol_translation_compatible,pol_translation_basis,env,missense_env,env_coverage,all_orfs_intact,Strand,provirus_type,row_source_role,row_source_generation,row_source_path,row_source_sha256,row_source_bytes,row_source_mtime_utc,rec,missense_rec,rec_dna_identity,rec_protein_identity,rec_coverage,haplotype_evidence,haplotype_pansn_digit,observation_class_v3,observation_class_evidence_v3,source_record_class_v3,source_record_path_v3,source_record_sha256_v3,source_record_bases_v3,source_record_header_v3,extraction_branch_provenance_v3,stable_source_identity_v3,v3_row_origin,v3_supersession_state,representative_ID_Full
HG00512_h2_HML-2_15q25.2_technical_error	HG00512_h2_HML-2_15q25.2_graph_hgsvc3-2024-02-23-mc-chm13_DEGRADED_KCON_1912	HML-2_15q25.2	Technical_Error	Fragment	PRESENT	81917f09a2825ed09e93c03fea58bfe68da7e9292ef1705e3a5d40c89a3f0f8e	ID_Full,Source_Identifier,Structure,presence_call,observation_state,observation_state_reason,observation_source_kind,source_specific_state,graph_observation_state,QC_State,QC_Reason,Technical_Error_Reason,observation_role,observation_sequence_bytes,observation_sequence_sha256,gag,missense_gag,gag_coverage,pro,missense_pro,pro_coverage,pol,missense_pol,pol_dna_identity,pol_protein_identity,pol_coverage,pol_region_present,pol_translation_compatible,pol_translation_basis,env,missense_env,env_coverage,all_orfs_intact,Strand,provirus_type,row_source_role,row_source_generation,row_source_path,row_source_sha256,row_source_bytes,row_source_mtime_utc,rec,missense_rec,rec_dna_identity,rec_protein_identity,rec_coverage,haplotype_evidence,haplotype_pansn_digit,observation_class_v3,observation_class_evidence_v3,source_record_class_v3,source_record_path_v3,source_record_sha256_v3,source_record_bases_v3,source_record_header_v3,extraction_branch_provenance_v3,stable_source_identity_v3,v3_row_origin,v3_supersession_state,representative_ID_Full
HG00513_h1_HML-2_15q25.2_technical_error	HG00513_h1_HML-2_15q25.2_graph_hgsvc3-2024-02-23-mc-chm13_DEGRADED_KCON_1912	HML-2_15q25.2	Technical_Error	Fragment	PRESENT	019f7020536941b56b891b9025be39b80c3ec838de5628e7481409c2ce8c1be2	ID_Full,Source_Identifier,Structure,presence_call,observation_state,observation_state_reason,observation_source_kind,source_specific_state,graph_observation_state,QC_State,QC_Reason,Technical_Error_Reason,observation_role,observation_sequence_bytes,observation_sequence_sha256,gag,missense_gag,gag_coverage,pro,missense_pro,pro_coverage,pol,missense_pol,pol_dna_identity,pol_protein_identity,pol_coverage,pol_region_present,pol_translation_compatible,pol_translation_basis,env,missense_env,env_coverage,all_orfs_intact,Strand,provirus_type,row_source_role,row_source_generation,row_source_path,row_source_sha256,row_source_bytes,row_source_mtime_utc,rec,missense_rec,rec_dna_identity,rec_protein_identity,rec_coverage,haplotype_evidence,haplotype_pansn_digit,observation_class_v3,observation_class_evidence_v3,source_record_class_v3,source_record_path_v3,source_record_sha256_v3,source_record_bases_v3,source_record_header_v3,extraction_branch_provenance_v3,stable_source_identity_v3,v3_row_origin,v3_supersession_state,representative_ID_Full
HG00513_h2_HML-2_15q25.2_technical_error	HG00513_h2_HML-2_15q25.2_graph_hgsvc3-2024-02-23-mc-chm13_DEGRADED_KCON_1912	HML-2_15q25.2	Technical_Error	Fragment	PRESENT	4604db925fa1c7d7c41e2bbdd2ca5a356940ddd5c068486b227ee518a02af1e7	ID_Full,Source_Identifier,Structure,presence_call,observation_state,observation_state_reason,observation_source_kind,source_specific_state,graph_observation_state,QC_State,QC_Reason,Technical_Error_Reason,observation_role,observation_sequence_bytes,observation_sequence_sha256,gag,missense_gag,gag_coverage,pro,missense_pro,pro_coverage,pol,missense_pol,pol_dna_identity,pol_protein_identity,pol_coverage,pol_region_present,pol_translation_compatible,pol_translation_basis,env,missense_env,env_coverage,all_orfs_intact,Strand,provirus_type,row_source_role,row_source_generation,row_source_path,row_source_sha256,row_source_bytes,row_source_mtime_utc,rec,missense_rec,rec_dna_identity,rec_protein_identity,rec_coverage,haplotype_evidence,haplotype_pansn_digit,observation_class_v3,observation_class_evidence_v3,source_record_class_v3,source_record_path_v3,source_record_sha256_v3,source_record_bases_v3,source_record_header_v3,extraction_branch_provenance_v3,stable_source_identity_v3,v3_row_origin,v3_supersession_state,representative_ID_Full
HG00514_h1_HML-2_15q25.2_technical_error	HG00514_h1_HML-2_15q25.2_graph_hgsvc3-2024-02-23-mc-chm13_DEGRADED_KCON_1912	HML-2_15q25.2	Technical_Error	Fragment	PRESENT	0a2db8cd8a73770191c13459873133b2cdd1e0b663915ab31d730ce3a9d7446c	ID_Full,Source_Identifier,Structure,presence_call,observation_state,observation_state_reason,observation_source_kind,source_specific_state,graph_observation_state,QC_State,QC_Reason,Technical_Error_Reason,observation_role,observation_sequence_bytes,observation_sequence_sha256,gag,missense_gag,gag_coverage,pro,missense_pro,pro_coverage,pol,missense_pol,pol_dna_identity,pol_protein_identity,pol_coverage,pol_region_present,pol_translation_compatible,pol_translation_basis,env,missense_env,env_coverage,all_orfs_intact,Strand,provirus_type,row_source_role,row_source_generation,row_source_path,row_source_sha256,row_source_bytes,row_source_mtime_utc,rec,missense_rec,rec_dna_identity,rec_protein_identity,rec_coverage,haplotype_evidence,haplotype_pansn_digit,observation_class_v3,observation_class_evidence_v3,source_record_class_v3,source_record_path_v3,source_record_sha256_v3,source_record_bases_v3,source_record_header_v3,extraction_branch_provenance_v3,stable_source_identity_v3,v3_row_origin,v3_supersession_state,representative_ID_Full
HG00514_h2_HML-2_15q25.2_technical_error	HG00514_h2_HML-2_15q25.2_graph_hgsvc3-2024-02-23-mc-chm13_DEGRADED_KCON_1912	HML-2_15q25.2	Technical_Error	Fragment	PRESENT	b9b58be6235a8cddfa1823940e601e9c91ce3c2f3c94f3b6d60b0ade0bdafcdb	ID_Full,Source_Identifier,Structure,presence_call,observation_state,observation_state_reason,observation_source_kind,source_specific_state,graph_observation_state,QC_State,QC_Reason,Technical_Error_Reason,observation_role,observation_sequence_bytes,observation_sequence_sha256,gag,missense_gag,gag_coverage,pro,missense_pro,pro_coverage,pol,missense_pol,pol_dna_identity,pol_protein_identity,pol_coverage,pol_region_present,pol_translation_compatible,pol_translation_basis,env,missense_env,env_coverage,all_orfs_intact,Strand,provirus_type,row_source_role,row_source_generation,row_source_path,row_source_sha256,row_source_bytes,row_source_mtime_utc,rec,missense_rec,rec_dna_identity,rec_protein_identity,rec_coverage,haplotype_evidence,haplotype_pansn_digit,observation_class_v3,observation_class_evidence_v3,source_record_class_v3,source_record_path_v3,source_record_sha256_v3,source_record_bases_v3,source_record_header_v3,extraction_branch_provenance_v3,stable_source_identity_v3,v3_row_origin,v3_supersession_state,representative_ID_Full
HG00731_h1_HML-2_15q25.2_technical_error	HG00731_h1_HML-2_15q25.2_graph_hgsvc3-2024-02-23-mc-chm13_DEGRADED_KCON_1912	HML-2_15q25.2	Technical_Error	Fragment	PRESENT	1e4b738c736effcdb58aca753c420b20f48bb87d4854b27072ee239d3e86dc68	ID_Full,Source_Identifier,Structure,presence_call,observation_state,observation_state_reason,observation_source_kind,source_specific_state,graph_observation_state,QC_State,QC_Reason,Technical_Error_Reason,observation_role,observation_sequence_bytes,observation_sequence_sha256,gag,missense_gag,gag_coverage,pro,missense_pro,pro_coverage,pol,missense_pol,pol_dna_identity,pol_protein_identity,pol_coverage,pol_region_present,pol_translation_compatible,pol_translation_basis,env,missense_env,env_coverage,all_orfs_intact,Strand,provirus_type,row_source_role,row_source_generation,row_source_path,row_source_sha256,row_source_bytes,row_source_mtime_utc,rec,missense_rec,rec_dna_identity,rec_protein_identity,rec_coverage,haplotype_evidence,haplotype_pansn_digit,observation_class_v3,observation_class_evidence_v3,source_record_class_v3,source_record_path_v3,source_record_sha256_v3,source_record_bases_v3,source_record_header_v3,extraction_branch_provenance_v3,stable_source_identity_v3,v3_row_origin,v3_supersession_state,representative_ID_Full
HG00731_h2_HML-2_15q25.2_technical_error	HG00731_h2_HML-2_15q25.2_graph_hgsvc3-2024-02-23-mc-chm13_DEGRADED_KCON_1912	HML-2_15q25.2	Technical_Error	Fragment	PRESENT	0ce353bd4db9ac41bdaf917d000791570e2cef8a5cf856d94bb783790df0e0b0	ID_Full,Source_Identifier,Structure,presence_call,observation_state,observation_state_reason,observation_source_kind,source_specific_state,graph_observation_state,QC_State,QC_Reason,Technical_Error_Reason,observation_role,observation_sequence_bytes,observation_sequence_sha256,gag,missense_gag,gag_coverage,pro,missense_pro,pro_coverage,pol,missense_pol,pol_dna_identity,pol_protein_identity,pol_coverage,pol_region_present,pol_translation_compatible,pol_translation_basis,env,missense_env,env_coverage,all_orfs_intact,Strand,provirus_type,row_source_role,row_source_generation,row_source_path,row_source_sha256,row_source_bytes,row_source_mtime_utc,rec,missense_rec,rec_dna_identity,rec_protein_identity,rec_coverage,haplotype_evidence,haplotype_pansn_digit,observation_class_v3,observation_class_evidence_v3,source_record_class_v3,source_record_path_v3,source_record_sha256_v3,source_record_bases_v3,source_record_header_v3,extraction_branch_provenance_v3,stable_source_identity_v3,v3_row_origin,v3_supersession_state,representative_ID_Full
HG00732_h1_HML-2_15q25.2_technical_error	HG00732_h1_HML-2_15q25.2_graph_hgsvc3-2024-02-23-mc-chm13_DEGRADED_KCON_1912	HML-2_15q25.2	Technical_Error	Fragment	PRESENT	8bb3be0242599901b9efb9e224544eee0608837dd2d1a1cb19070c503b622bcc	ID_Full,Source_Identifier,Structure,presence_call,observation_state,observation_state_reason,observation_source_kind,source_specific_state,graph_observation_state,QC_State,QC_Reason,Technical_Error_Reason,observation_role,observation_sequence_bytes,observation_sequence_sha256,gag,missense_gag,gag_coverage,pro,missense_pro,pro_coverage,pol,missense_pol,pol_dna_identity,pol_protein_identity,pol_coverage,pol_region_present,pol_translation_compatible,pol_translation_basis,env,missense_env,env_coverage,all_orfs_intact,Strand,provirus_type,row_source_role,row_source_generation,row_source_path,row_source_sha256,row_source_bytes,row_source_mtime_utc,rec,missense_rec,rec_dna_identity,rec_protein_identity,rec_coverage,haplotype_evidence,haplotype_pansn_digit,observation_class_v3,observation_class_evidence_v3,source_record_class_v3,source_record_path_v3,source_record_sha256_v3,source_record_bases_v3,source_record_header_v3,extraction_branch_provenance_v3,stable_source_identity_v3,v3_row_origin,v3_supersession_state,representative_ID_Full
HG00732_h2_HML-2_15q25.2_technical_error	HG00732_h2_HML-2_15q25.2_graph_hgsvc3-2024-02-23-mc-chm13_DEGRADED_KCON_1912	HML-2_15q25.2	Technical_Error	Fragment	PRESENT	8bb3be0242599901b9efb9e224544eee0608837dd2d1a1cb19070c503b622bcc	ID_Full,Source_Identifier,Structure,presence_call,observation_state,observation_state_reason,observation_source_kind,source_specific_state,graph_observation_state,QC_State,QC_Reason,Technical_Error_Reason,observation_role,observation_sequence_bytes,observation_sequence_sha256,gag,missense_gag,gag_coverage,pro,missense_pro,pro_coverage,pol,missense_pol,pol_dna_identity,pol_protein_identity,pol_coverage,pol_region_present,pol_translation_compatible,pol_translation_basis,env,missense_env,env_coverage,all_orfs_intact,Strand,provirus_type,row_source_role,row_source_generation,row_source_path,row_source_sha256,row_source_bytes,row_source_mtime_utc,rec,missense_rec,rec_dna_identity,rec_protein_identity,rec_coverage,haplotype_evidence,haplotype_pansn_digit,observation_class_v3,observation_class_evidence_v3,source_record_class_v3,source_record_path_v3,source_record_sha256_v3,source_record_bases_v3,source_record_header_v3,extraction_branch_provenance_v3,stable_source_identity_v3,v3_row_origin,v3_supersession_state,representative_ID_Full
HG00864_h1_HML-2_15q25.2_technical_error	HG00864_h1_HML-2_15q25.2_graph_hgsvc3-2024-02-23-mc-chm13_DEGRADED_KCON_1912	HML-2_15q25.2	Technical_Error	Fragment	PRESENT	0ce353bd4db9ac41bdaf917d000791570e2cef8a5cf856d94bb783790df0e0b0	ID_Full,Source_Identifier,Structure,presence_call,observation_state,observation_state_reason,observation_source_kind,source_specific_state,graph_observation_state,QC_State,QC_Reason,Technical_Error_Reason,observation_role,observation_sequence_bytes,observation_sequence_sha256,gag,missense_gag,gag_coverage,pro,missense_pro,pro_coverage,pol,missense_pol,pol_dna_identity,pol_protein_identity,pol_coverage,pol_region_present,pol_translation_compatible,pol_translation_basis,env,missense_env,env_coverage,all_orfs_intact,Strand,provirus_type,row_source_role,row_source_generation,row_source_path,row_source_sha256,row_source_bytes,row_source_mtime_utc,rec,missense_rec,rec_dna_identity,rec_protein_identity,rec_coverage,haplotype_evidence,haplotype_pansn_digit,observation_class_v3,observation_class_evidence_v3,source_record_class_v3,source_record_path_v3,source_record_sha256_v3,source_record_bases_v3,source_record_header_v3,extraction_branch_provenance_v3,stable_source_identity_v3,v3_row_origin,v3_supersession_state,representative_ID_Full
HG00864_h2_HML-2_15q25.2_technical_error	HG00864_h2_HML-2_15q25.2_graph_hgsvc3-2024-02-23-mc-chm13_DEGRADED_KCON_1912	HML-2_15q25.2	Technical_Error	Fragment	PRESENT	0216f0636d05b85f12514e2d650de8d7ca385c513ab835691eb23c58d1fa32f7	ID_Full,Source_Identifier,Structure,presence_call,observation_state,observation_state_reason,observation_source_kind,source_specific_state,graph_observation_state,QC_State,QC_Reason,Technical_Error_Reason,observation_role,observation_sequence_bytes,observation_sequence_sha256,gag,missense_gag,gag_coverage,pro,missense_pro,pro_coverage,pol,missense_pol,pol_dna_identity,pol_protein_identity,pol_coverage,pol_region_present,pol_translation_compatible,pol_translation_basis,env,missense_env,env_coverage,all_orfs_intact,Strand,provirus_type,row_source_role,row_source_generation,row_source_path,row_source_sha256,row_source_bytes,row_source_mtime_utc,rec,missense_rec,rec_dna_identity,rec_protein_identity,rec_coverage,haplotype_evidence,haplotype_pansn_digit,observation_class_v3,observation_class_evidence_v3,source_record_class_v3,source_record_path_v3,source_record_sha256_v3,source_record_bases_v3,source_record_header_v3,extraction_branch_provenance_v3,stable_source_identity_v3,v3_row_origin,v3_supersession_state,representative_ID_Full
HG01114_h1_HML-2_15q25.2_technical_error	HG01114_h1_HML-2_15q25.2_graph_hgsvc3-2024-02-23-mc-chm13_DEGRADED_KCON_1912	HML-2_15q25.2	Technical_Error	Fragment	PRESENT	8bb3be0242599901b9efb9e224544eee0608837dd2d1a1cb19070c503b622bcc	ID_Full,Source_Identifier,Structure,presence_call,observation_state,observation_state_reason,observation_source_kind,source_specific_state,graph_observation_state,QC_State,QC_Reason,Technical_Error_Reason,observation_role,observation_sequence_bytes,observation_sequence_sha256,gag,missense_gag,gag_coverage,pro,missense_pro,pro_coverage,pol,missense_pol,pol_dna_identity,pol_protein_identity,pol_coverage,pol_region_present,pol_translation_compatible,pol_translation_basis,env,missense_env,env_coverage,all_orfs_intact,Strand,provirus_type,row_source_role,row_source_generation,row_source_path,row_source_sha256,row_source_bytes,row_source_mtime_utc,rec,missense_rec,rec_dna_identity,rec_protein_identity,rec_coverage,haplotype_evidence,haplotype_pansn_digit,observation_class_v3,observation_class_evidence_v3,source_record_class_v3,source_record_path_v3,source_record_sha256_v3,source_record_bases_v3,source_record_header_v3,extraction_branch_provenance_v3,stable_source_identity_v3,v3_row_origin,v3_supersession_state,representative_ID_Full
HG01114_h2_HML-2_15q25.2_technical_error	HG01114_h2_HML-2_15q25.2_graph_hgsvc3-2024-02-23-mc-chm13_DEGRADED_KCON_1912	HML-2_15q25.2	Technical_Error	Fragment	PRESENT	8bb3be0242599901b9efb9e224544eee0608837dd2d1a1cb19070c503b622bcc	ID_Full,Source_Identifier,Structure,presence_call,observation_state,observation_state_reason,observation_source_kind,source_specific_state,graph_observation_state,QC_State,QC_Reason,Technical_Error_Reason,observation_role,observation_sequence_bytes,observation_sequence_sha256,gag,missense_gag,gag_coverage,pro,missense_pro,pro_coverage,pol,missense_pol,pol_dna_identity,pol_protein_identity,pol_coverage,pol_region_present,pol_translation_compatible,pol_translation_basis,env,missense_env,env_coverage,all_orfs_intact,Strand,provirus_type,row_source_role,row_source_generation,row_source_path,row_source_sha256,row_source_bytes,row_source_mtime_utc,rec,missense_rec,rec_dna_identity,rec_protein_identity,rec_coverage,haplotype_evidence,haplotype_pansn_digit,observation_class_v3,observation_class_evidence_v3,source_record_class_v3,source_record_path_v3,source_record_sha256_v3,source_record_bases_v3,source_record_header_v3,extraction_branch_provenance_v3,stable_source_identity_v3,v3_row_origin,v3_supersession_state,representative_ID_Full
HG01352_h1_HML-2_15q25.2_technical_error	HG01352_h1_HML-2_15q25.2_graph_hgsvc3-2024-02-23-mc-chm13_DEGRADED_KCON_1912	HML-2_15q25.2	Technical_Error	Fragment	PRESENT	4c9102bbfeae8df57d0f2a66c7dd1f52989bc494835d5451060e766a3c359659	ID_Full,Source_Identifier,Structure,presence_call,observation_state,observation_state_reason,observation_source_kind,source_specific_state,graph_observation_state,QC_State,QC_Reason,Technical_Error_Reason,observation_role,observation_sequence_bytes,observation_sequence_sha256,gag,missense_gag,gag_coverage,pro,missense_pro,pro_coverage,pol,missense_pol,pol_dna_identity,pol_protein_identity,pol_coverage,pol_region_present,pol_translation_compatible,pol_translation_basis,env,missense_env,env_coverage,all_orfs_intact,Strand,provirus_type,row_source_role,row_source_generation,row_source_path,row_source_sha256,row_source_bytes,row_source_mtime_utc,rec,missense_rec,rec_dna_identity,rec_protein_identity,rec_coverage,haplotype_evidence,haplotype_pansn_digit,observation_class_v3,observation_class_evidence_v3,source_record_class_v3,source_record_path_v3,source_record_sha256_v3,source_record_bases_v3,source_record_header_v3,extraction_branch_provenance_v3,stable_source_identity_v3,v3_row_origin,v3_supersession_state,representative_ID_Full
HG01352_h2_HML-2_15q25.2_technical_error	HG01352_h2_HML-2_15q25.2_graph_hgsvc3-2024-02-23-mc-chm13_DEGRADED_KCON_1912	HML-2_15q25.2	Technical_Error	Fragment	PRESENT	4c9102bbfeae8df57d0f2a66c7dd1f52989bc494835d5451060e766a3c359659	ID_Full,Source_Identifier,Structure,presence_call,observation_state,observation_state_reason,observation_source_kind,source_specific_state,graph_observation_state,QC_State,QC_Reason,Technical_Error_Reason,observation_role,observation_sequence_bytes,observation_sequence_sha256,gag,missense_gag,gag_coverage,pro,missense_pro,pro_coverage,pol,missense_pol,pol_dna_identity,pol_protein_identity,pol_coverage,pol_region_present,pol_translation_compatible,pol_translation_basis,env,missense_env,env_coverage,all_orfs_intact,Strand,provirus_type,row_source_role,row_source_generation,row_source_path,row_source_sha256,row_source_bytes,row_source_mtime_utc,rec,missense_rec,rec_dna_identity,rec_protein_identity,rec_coverage,haplotype_evidence,haplotype_pansn_digit,observation_class_v3,observation_class_evidence_v3,source_record_class_v3,source_record_path_v3,source_record_sha256_v3,source_record_bases_v3,source_record_header_v3,extraction_branch_provenance_v3,stable_source_identity_v3,v3_row_origin,v3_supersession_state,representative_ID_Full
HG01457_h1_HML-2_15q25.2_technical_error	HG01457_h1_HML-2_15q25.2_graph_hgsvc3-2024-02-23-mc-chm13_DEGRADED_KCON_1912	HML-2_15q25.2	Technical_Error	Fragment	PRESENT	8bb3be0242599901b9efb9e224544eee0608837dd2d1a1cb19070c503b622bcc	ID_Full,Source_Identifier,Structure,presence_call,observation_state,observation_state_reason,observation_source_kind,source_specific_state,graph_observation_state,QC_State,QC_Reason,Technical_Error_Reason,observation_role,observation_sequence_bytes,observation_sequence_sha256,gag,missense_gag,gag_coverage,pro,missense_pro,pro_coverage,pol,missense_pol,pol_dna_identity,pol_protein_identity,pol_coverage,pol_region_present,pol_translation_compatible,pol_translation_basis,env,missense_env,env_coverage,all_orfs_intact,Strand,provirus_type,row_source_role,row_source_generation,row_source_path,row_source_sha256,row_source_bytes,row_source_mtime_utc,rec,missense_rec,rec_dna_identity,rec_protein_identity,rec_coverage,haplotype_evidence,haplotype_pansn_digit,observation_class_v3,observation_class_evidence_v3,source_record_class_v3,source_record_path_v3,source_record_sha256_v3,source_record_bases_v3,source_record_header_v3,extraction_branch_provenance_v3,stable_source_identity_v3,v3_row_origin,v3_supersession_state,representative_ID_Full
HG01457_h2_HML-2_15q25.2_technical_error	HG01457_h2_HML-2_15q25.2_graph_hgsvc3-2024-02-23-mc-chm13_DEGRADED_KCON_1912	HML-2_15q25.2	Technical_Error	Fragment	PRESENT	8bb3be0242599901b9efb9e224544eee0608837dd2d1a1cb19070c503b622bcc	ID_Full,Source_Identifier,Structure,presence_call,observation_state,observation_state_reason,observation_source_kind,source_specific_state,graph_observation_state,QC_State,QC_Reason,Technical_Error_Reason,observation_role,observation_sequence_bytes,observation_sequence_sha256,gag,missense_gag,gag_coverage,pro,missense_pro,pro_coverage,pol,missense_pol,pol_dna_identity,pol_protein_identity,pol_coverage,pol_region_present,pol_translation_compatible,pol_translation_basis,env,missense_env,env_coverage,all_orfs_intact,Strand,provirus_type,row_source_role,row_source_generation,row_source_path,row_source_sha256,row_source_bytes,row_source_mtime_utc,rec,missense_rec,rec_dna_identity,rec_protein_identity,rec_coverage,haplotype_evidence,haplotype_pansn_digit,observation_class_v3,observation_class_evidence_v3,source_record_class_v3,source_record_path_v3,source_record_sha256_v3,source_record_bases_v3,source_record_header_v3,extraction_branch_provenance_v3,stable_source_identity_v3,v3_row_origin,v3_supersession_state,representative_ID_Full
HG01505_h1_HML-2_15q25.2_technical_error	HG01505_h1_HML-2_15q25.2_graph_hgsvc3-2024-02-23-mc-chm13_DEGRADED_KCON_1912	HML-2_15q25.2	Technical_Error	Fragment	PRESENT	1fed33ada8a14e5bb84feb53a875d05767c8b21bc055c1e4714828c581b17e39	ID_Full,Source_Identifier,Structure,presence_call,observation_state,observation_state_reason,observation_source_kind,source_specific_state,graph_observation_state,QC_State,QC_Reason,Technical_Error_Reason,observation_role,observation_sequence_bytes,observation_sequence_sha256,gag,missense_gag,gag_coverage,pro,missense_pro,pro_coverage,pol,missense_pol,pol_dna_identity,pol_protein_identity,pol_coverage,pol_region_present,pol_translation_compatible,pol_translation_basis,env,missense_env,env_coverage,all_orfs_intact,Strand,provirus_type,row_source_role,row_source_generation,row_source_path,row_source_sha256,row_source_bytes,row_source_mtime_utc,rec,missense_rec,rec_dna_identity,rec_protein_identity,rec_coverage,haplotype_evidence,haplotype_pansn_digit,observation_class_v3,observation_class_evidence_v3,source_record_class_v3,source_record_path_v3,source_record_sha256_v3,source_record_bases_v3,source_record_header_v3,extraction_branch_provenance_v3,stable_source_identity_v3,v3_row_origin,v3_supersession_state,representative_ID_Full
HG01505_h2_HML-2_15q25.2_technical_error	HG01505_h2_HML-2_15q25.2_graph_hgsvc3-2024-02-23-mc-chm13_DEGRADED_KCON_1912	HML-2_15q25.2	Technical_Error	Fragment	PRESENT	0ce353bd4db9ac41bdaf917d000791570e2cef8a5cf856d94bb783790df0e0b0	ID_Full,Source_Identifier,Structure,presence_call,observation_state,observation_state_reason,observation_source_kind,source_specific_state,graph_observation_state,QC_State,QC_Reason,Technical_Error_Reason,observation_role,observation_sequence_bytes,observation_sequence_sha256,gag,missense_gag,gag_coverage,pro,missense_pro,pro_coverage,pol,missense_pol,pol_dna_identity,pol_protein_identity,pol_coverage,pol_region_present,pol_translation_compatible,pol_translation_basis,env,missense_env,env_coverage,all_orfs_intact,Strand,provirus_type,row_source_role,row_source_generation,row_source_path,row_source_sha256,row_source_bytes,row_source_mtime_utc,rec,missense_rec,rec_dna_identity,rec_protein_identity,rec_coverage,haplotype_evidence,haplotype_pansn_digit,observation_class_v3,observation_class_evidence_v3,source_record_class_v3,source_record_path_v3,source_record_sha256_v3,source_record_bases_v3,source_record_header_v3,extraction_branch_provenance_v3,stable_source_identity_v3,v3_row_origin,v3_supersession_state,representative_ID_Full
HG01573_h1_HML-2_15q25.2_technical_error	HG01573_h1_HML-2_15q25.2_graph_hgsvc3-2024-02-23-mc-chm13_DEGRADED_KCON_1912	HML-2_15q25.2	Technical_Error	Fragment	PRESENT	0ce353bd4db9ac41bdaf917d000791570e2cef8a5cf856d94bb783790df0e0b0	ID_Full,Source_Identifier,Structure,presence_call,observation_state,observation_state_reason,observation_source_kind,source_specific_state,graph_observation_state,QC_State,QC_Reason,Technical_Error_Reason,observation_role,observation_sequence_bytes,observation_sequence_sha256,gag,missense_gag,gag_coverage,pro,missense_pro,pro_coverage,pol,missense_pol,pol_dna_identity,pol_protein_identity,pol_coverage,pol_region_present,pol_translation_compatible,pol_translation_basis,env,missense_env,env_coverage,all_orfs_intact,Strand,provirus_type,row_source_role,row_source_generation,row_source_path,row_source_sha256,row_source_bytes,row_source_mtime_utc,rec,missense_rec,rec_dna_identity,rec_protein_identity,rec_coverage,haplotype_evidence,haplotype_pansn_digit,observation_class_v3,observation_class_evidence_v3,source_record_class_v3,source_record_path_v3,source_record_sha256_v3,source_record_bases_v3,source_record_header_v3,extraction_branch_provenance_v3,stable_source_identity_v3,v3_row_origin,v3_supersession_state,representative_ID_Full
HG01573_h2_HML-2_15q25.2_technical_error	HG01573_h2_HML-2_15q25.2_graph_hgsvc3-2024-02-23-mc-chm13_DEGRADED_KCON_1912	HML-2_15q25.2	Technical_Error	Fragment	PRESENT	aaec47e3a6de64eab7fa31133577397d2c27b8e06ac30c76996ec8fc20538ab9	ID_Full,Source_Identifier,Structure,presence_call,observation_state,observation_state_reason,observation_source_kind,source_specific_state,graph_observation_state,QC_State,QC_Reason,Technical_Error_Reason,observation_role,observation_sequence_bytes,observation_sequence_sha256,gag,missense_gag,gag_coverage,pro,missense_pro,pro_coverage,pol,missense_pol,pol_dna_identity,pol_protein_identity,pol_coverage,pol_region_present,pol_translation_compatible,pol_translation_basis,env,missense_env,env_coverage,all_orfs_intact,Strand,provirus_type,row_source_role,row_source_generation,row_source_path,row_source_sha256,row_source_bytes,row_source_mtime_utc,rec,missense_rec,rec_dna_identity,rec_protein_identity,rec_coverage,haplotype_evidence,haplotype_pansn_digit,observation_class_v3,observation_class_evidence_v3,source_record_class_v3,source_record_path_v3,source_record_sha256_v3,source_record_bases_v3,source_record_header_v3,extraction_branch_provenance_v3,stable_source_identity_v3,v3_row_origin,v3_supersession_state,representative_ID_Full
HG01596_h1_HML-2_15q25.2_technical_error	HG01596_h1_HML-2_15q25.2_graph_hgsvc3-2024-02-23-mc-chm13_DEGRADED_KCON_1912	HML-2_15q25.2	Technical_Error	Fragment	PRESENT	65c249dbff366da84fe739d11e40b640dab776fca5cb576ce04a9a245846f384	ID_Full,Source_Identifier,Structure,presence_call,observation_state,observation_state_reason,observation_source_kind,source_specific_state,graph_observation_state,QC_State,QC_Reason,Technical_Error_Reason,observation_role,observation_sequence_bytes,observation_sequence_sha256,gag,missense_gag,gag_coverage,pro,missense_pro,pro_coverage,pol,missense_pol,pol_dna_identity,pol_protein_identity,pol_coverage,pol_region_present,pol_translation_compatible,pol_translation_basis,env,missense_env,env_coverage,all_orfs_intact,Strand,provirus_type,row_source_role,row_source_generation,row_source_path,row_source_sha256,row_source_bytes,row_source_mtime_utc,rec,missense_rec,rec_dna_identity,rec_protein_identity,rec_coverage,haplotype_evidence,haplotype_pansn_digit,observation_class_v3,observation_class_evidence_v3,source_record_class_v3,source_record_path_v3,source_record_sha256_v3,source_record_bases_v3,source_record_header_v3,extraction_branch_provenance_v3,stable_source_identity_v3,v3_row_origin,v3_supersession_state,representative_ID_Full
HG01596_h2_HML-2_15q25.2_technical_error	HG01596_h2_HML-2_15q25.2_graph_hgsvc3-2024-02-23-mc-chm13_DEGRADED_KCON_1912	HML-2_15q25.2	Technical_Error	Fragment	PRESENT	8bb3be0242599901b9efb9e224544eee0608837dd2d1a1cb19070c503b622bcc	ID_Full,Source_Identifier,Structure,presence_call,observation_state,observation_state_reason,observation_source_kind,source_specific_state,graph_observation_state,QC_State,QC_Reason,Technical_Error_Reason,observation_role,observation_sequence_bytes,observation_sequence_sha256,gag,missense_gag,gag_coverage,pro,missense_pro,pro_coverage,pol,missense_pol,pol_dna_identity,pol_protein_identity,pol_coverage,pol_region_present,pol_translation_compatible,pol_translation_basis,env,missense_env,env_coverage,all_orfs_intact,Strand,provirus_type,row_source_role,row_source_generation,row_source_path,row_source_sha256,row_source_bytes,row_source_mtime_utc,rec,missense_rec,rec_dna_identity,rec_protein_identity,rec_coverage,haplotype_evidence,haplotype_pansn_digit,observation_class_v3,observation_class_evidence_v3,source_record_class_v3,source_record_path_v3,source_record_sha256_v3,source_record_bases_v3,source_record_header_v3,extraction_branch_provenance_v3,stable_source_identity_v3,v3_row_origin,v3_supersession_state,representative_ID_Full
HG01890_h1_HML-2_15q25.2_technical_error	HG01890_h1_HML-2_15q25.2_graph_hgsvc3-2024-02-23-mc-chm13_DEGRADED_KCON_1912	HML-2_15q25.2	Technical_Error	Fragment	PRESENT	0ce353bd4db9ac41bdaf917d000791570e2cef8a5cf856d94bb783790df0e0b0	ID_Full,Source_Identifier,Structure,presence_call,observation_state,observation_state_reason,observation_source_kind,source_specific_state,graph_observation_state,QC_State,QC_Reason,Technical_Error_Reason,observation_role,observation_sequence_bytes,observation_sequence_sha256,gag,missense_gag,gag_coverage,pro,missense_pro,pro_coverage,pol,missense_pol,pol_dna_identity,pol_protein_identity,pol_coverage,pol_region_present,pol_translation_compatible,pol_translation_basis,env,missense_env,env_coverage,all_orfs_intact,Strand,provirus_type,row_source_role,row_source_generation,row_source_path,row_source_sha256,row_source_bytes,row_source_mtime_utc,rec,missense_rec,rec_dna_identity,rec_protein_identity,rec_coverage,haplotype_evidence,haplotype_pansn_digit,observation_class_v3,observation_class_evidence_v3,source_record_class_v3,source_record_path_v3,source_record_sha256_v3,source_record_bases_v3,source_record_header_v3,extraction_branch_provenance_v3,stable_source_identity_v3,v3_row_origin,v3_supersession_state,representative_ID_Full
HG01890_h2_HML-2_15q25.2_technical_error	HG01890_h2_HML-2_15q25.2_graph_hgsvc3-2024-02-23-mc-chm13_DEGRADED_KCON_1913	HML-2_15q25.2	Technical_Error	Fragment	PRESENT	03bf3c46b3c940299c28324a4685a3bd1a74c8db175d5f5fa804bcadf3fd7080	ID_Full,Source_Identifier,Structure,presence_call,observation_state,observation_state_reason,observation_source_kind,source_specific_state,graph_observation_state,QC_State,QC_Reason,Technical_Error_Reason,observation_role,observation_sequence_bytes,observation_sequence_sha256,gag,missense_gag,gag_coverage,pro,missense_pro,pro_coverage,pol,missense_pol,pol_dna_identity,pol_protein_identity,pol_coverage,pol_region_present,pol_translation_compatible,pol_translation_basis,env,missense_env,env_coverage,all_orfs_intact,Strand,provirus_type,row_source_role,row_source_generation,row_source_path,row_source_sha256,row_source_bytes,row_source_mtime_utc,rec,missense_rec,rec_dna_identity,rec_protein_identity,rec_coverage,haplotype_evidence,haplotype_pansn_digit,observation_class_v3,observation_class_evidence_v3,source_record_class_v3,source_record_path_v3,source_record_sha256_v3,source_record_bases_v3,source_record_header_v3,extraction_branch_provenance_v3,stable_source_identity_v3,v3_row_origin,v3_supersession_state,representative_ID_Full
HG02011_h1_HML-2_15q25.2_technical_error	HG02011_h1_HML-2_15q25.2_graph_hgsvc3-2024-02-23-mc-chm13_DEGRADED_KCON_1912	HML-2_15q25.2	Technical_Error	Fragment	PRESENT	8bb3be0242599901b9efb9e224544eee0608837dd2d1a1cb19070c503b622bcc	ID_Full,Source_Identifier,Structure,presence_call,observation_state,observation_state_reason,observation_source_kind,source_specific_state,graph_observation_state,QC_State,QC_Reason,Technical_Error_Reason,observation_role,observation_sequence_bytes,observation_sequence_sha256,gag,missense_gag,gag_coverage,pro,missense_pro,pro_coverage,pol,missense_pol,pol_dna_identity,pol_protein_identity,pol_coverage,pol_region_present,pol_translation_compatible,pol_translation_basis,env,missense_env,env_coverage,all_orfs_intact,Strand,provirus_type,row_source_role,row_source_generation,row_source_path,row_source_sha256,row_source_bytes,row_source_mtime_utc,rec,missense_rec,rec_dna_identity,rec_protein_identity,rec_coverage,haplotype_evidence,haplotype_pansn_digit,observation_class_v3,observation_class_evidence_v3,source_record_class_v3,source_record_path_v3,source_record_sha256_v3,source_record_bases_v3,source_record_header_v3,extraction_branch_provenance_v3,stable_source_identity_v3,v3_row_origin,v3_supersession_state,representative_ID_Full
HG02011_h2_HML-2_15q25.2_technical_error	HG02011_h2_HML-2_15q25.2_graph_hgsvc3-2024-02-23-mc-chm13_DEGRADED_KCON_1912	HML-2_15q25.2	Technical_Error	Fragment	PRESENT	8bb3be0242599901b9efb9e224544eee0608837dd2d1a1cb19070c503b622bcc	ID_Full,Source_Identifier,Structure,presence_call,observation_state,observation_state_reason,observation_source_kind,source_specific_state,graph_observation_state,QC_State,QC_Reason,Technical_Error_Reason,observation_role,observation_sequence_bytes,observation_sequence_sha256,gag,missense_gag,gag_coverage,pro,missense_pro,pro_coverage,pol,missense_pol,pol_dna_identity,pol_protein_identity,pol_coverage,pol_region_present,pol_translation_compatible,pol_translation_basis,env,missense_env,env_coverage,all_orfs_intact,Strand,provirus_type,row_source_role,row_source_generation,row_source_path,row_source_sha256,row_source_bytes,row_source_mtime_utc,rec,missense_rec,rec_dna_identity,rec_protein_identity,rec_coverage,haplotype_evidence,haplotype_pansn_digit,observation_class_v3,observation_class_evidence_v3,source_record_class_v3,source_record_path_v3,source_record_sha256_v3,source_record_bases_v3,source_record_header_v3,extraction_branch_provenance_v3,stable_source_identity_v3,v3_row_origin,v3_supersession_state,representative_ID_Full
HG02018_h1_HML-2_15q25.2_technical_error	HG02018_h1_HML-2_15q25.2_graph_hgsvc3-2024-02-23-mc-chm13_DEGRADED_KCON_1912	HML-2_15q25.2	Technical_Error	Fragment	PRESENT	8bb3be0242599901b9efb9e224544eee0608837dd2d1a1cb19070c503b622bcc	ID_Full,Source_Identifier,Structure,presence_call,observation_state,observation_state_reason,observation_source_kind,source_specific_state,graph_observation_state,QC_State,QC_Reason,Technical_Error_Reason,observation_role,observation_sequence_bytes,observation_sequence_sha256,gag,missense_gag,gag_coverage,pro,missense_pro,pro_coverage,pol,missense_pol,pol_dna_identity,pol_protein_identity,pol_coverage,pol_region_present,pol_translation_compatible,pol_translation_basis,env,missense_env,env_coverage,all_orfs_intact,Strand,provirus_type,row_source_role,row_source_generation,row_source_path,row_source_sha256,row_source_bytes,row_source_mtime_utc,rec,missense_rec,rec_dna_identity,rec_protein_identity,rec_coverage,haplotype_evidence,haplotype_pansn_digit,observation_class_v3,observation_class_evidence_v3,source_record_class_v3,source_record_path_v3,source_record_sha256_v3,source_record_bases_v3,source_record_header_v3,extraction_branch_provenance_v3,stable_source_identity_v3,v3_row_origin,v3_supersession_state,representative_ID_Full
HG02018_h2_HML-2_15q25.2_technical_error	HG02018_h2_HML-2_15q25.2_graph_hgsvc3-2024-02-23-mc-chm13_DEGRADED_KCON_1912	HML-2_15q25.2	Technical_Error	Fragment	PRESENT	8bb3be0242599901b9efb9e224544eee0608837dd2d1a1cb19070c503b622bcc	ID_Full,Source_Identifier,Structure,presence_call,observation_state,observation_state_reason,observation_source_kind,source_specific_state,graph_observation_state,QC_State,QC_Reason,Technical_Error_Reason,observation_role,observation_sequence_bytes,observation_sequence_sha256,gag,missense_gag,gag_coverage,pro,missense_pro,pro_coverage,pol,missense_pol,pol_dna_identity,pol_protein_identity,pol_coverage,pol_region_present,pol_translation_compatible,pol_translation_basis,env,missense_env,env_coverage,all_orfs_intact,Strand,provirus_type,row_source_role,row_source_generation,row_source_path,row_source_sha256,row_source_bytes,row_source_mtime_utc,rec,missense_rec,rec_dna_identity,rec_protein_identity,rec_coverage,haplotype_evidence,haplotype_pansn_digit,observation_class_v3,observation_class_evidence_v3,source_record_class_v3,source_record_path_v3,source_record_sha256_v3,source_record_bases_v3,source_record_header_v3,extraction_branch_provenance_v3,stable_source_identity_v3,v3_row_origin,v3_supersession_state,representative_ID_Full
HG02059_h1_HML-2_15q25.2_technical_error	HG02059_h1_HML-2_15q25.2_graph_hgsvc3-2024-02-23-mc-chm13_DEGRADED_KCON_1912	HML-2_15q25.2	Technical_Error	Fragment	PRESENT	0ce353bd4db9ac41bdaf917d000791570e2cef8a5cf856d94bb783790df0e0b0	ID_Full,Source_Identifier,Structure,presence_call,observation_state,observation_state_reason,observation_source_kind,source_specific_state,graph_observation_state,QC_State,QC_Reason,Technical_Error_Reason,observation_role,observation_sequence_bytes,observation_sequence_sha256,gag,missense_gag,gag_coverage,pro,missense_pro,pro_coverage,pol,missense_pol,pol_dna_identity,pol_protein_identity,pol_coverage,pol_region_present,pol_translation_compatible,pol_translation_basis,env,missense_env,env_coverage,all_orfs_intact,Strand,provirus_type,row_source_role,row_source_generation,row_source_path,row_source_sha256,row_source_bytes,row_source_mtime_utc,rec,missense_rec,rec_dna_identity,rec_protein_identity,rec_coverage,haplotype_evidence,haplotype_pansn_digit,observation_class_v3,observation_class_evidence_v3,source_record_class_v3,source_record_path_v3,source_record_sha256_v3,source_record_bases_v3,source_record_header_v3,extraction_branch_provenance_v3,stable_source_identity_v3,v3_row_origin,v3_supersession_state,representative_ID_Full
HG02059_h2_HML-2_15q25.2_technical_error	HG02059_h2_HML-2_15q25.2_graph_hgsvc3-2024-02-23-mc-chm13_DEGRADED_KCON_1912	HML-2_15q25.2	Technical_Error	Fragment	PRESENT	4e25cba98474e994ad79b99d2a5b22b63f1abffe739ba953b31f2be3cb6aa604	ID_Full,Source_Identifier,Structure,presence_call,observation_state,observation_state_reason,observation_source_kind,source_specific_state,graph_observation_state,QC_State,QC_Reason,Technical_Error_Reason,observation_role,observation_sequence_bytes,observation_sequence_sha256,gag,missense_gag,gag_coverage,pro,missense_pro,pro_coverage,pol,missense_pol,pol_dna_identity,pol_protein_identity,pol_coverage,pol_region_present,pol_translation_compatible,pol_translation_basis,env,missense_env,env_coverage,all_orfs_intact,Strand,provirus_type,row_source_role,row_source_generation,row_source_path,row_source_sha256,row_source_bytes,row_source_mtime_utc,rec,missense_rec,rec_dna_identity,rec_protein_identity,rec_coverage,haplotype_evidence,haplotype_pansn_digit,observation_class_v3,observation_class_evidence_v3,source_record_class_v3,source_record_path_v3,source_record_sha256_v3,source_record_bases_v3,source_record_header_v3,extraction_branch_provenance_v3,stable_source_identity_v3,v3_row_origin,v3_supersession_state,representative_ID_Full
HG02106_h1_HML-2_15q25.2_technical_error	HG02106_h1_HML-2_15q25.2_graph_hgsvc3-2024-02-23-mc-chm13_DEGRADED_KCON_1912	HML-2_15q25.2	Technical_Error	Fragment	PRESENT	aaec47e3a6de64eab7fa31133577397d2c27b8e06ac30c76996ec8fc20538ab9	ID_Full,Source_Identifier,Structure,presence_call,observation_state,observation_state_reason,observation_source_kind,source_specific_state,graph_observation_state,QC_State,QC_Reason,Technical_Error_Reason,observation_role,observation_sequence_bytes,observation_sequence_sha256,gag,missense_gag,gag_coverage,pro,missense_pro,pro_coverage,pol,missense_pol,pol_dna_identity,pol_protein_identity,pol_coverage,pol_region_present,pol_translation_compatible,pol_translation_basis,env,missense_env,env_coverage,all_orfs_intact,Strand,provirus_type,row_source_role,row_source_generation,row_source_path,row_source_sha256,row_source_bytes,row_source_mtime_utc,rec,missense_rec,rec_dna_identity,rec_protein_identity,rec_coverage,haplotype_evidence,haplotype_pansn_digit,observation_class_v3,observation_class_evidence_v3,source_record_class_v3,source_record_path_v3,source_record_sha256_v3,source_record_bases_v3,source_record_header_v3,extraction_branch_provenance_v3,stable_source_identity_v3,v3_row_origin,v3_supersession_state,representative_ID_Full
HG02106_h2_HML-2_15q25.2_technical_error	HG02106_h2_HML-2_15q25.2_graph_hgsvc3-2024-02-23-mc-chm13_DEGRADED_KCON_1912	HML-2_15q25.2	Technical_Error	Fragment	PRESENT	aaec47e3a6de64eab7fa31133577397d2c27b8e06ac30c76996ec8fc20538ab9	ID_Full,Source_Identifier,Structure,presence_call,observation_state,observation_state_reason,observation_source_kind,source_specific_state,graph_observation_state,QC_State,QC_Reason,Technical_Error_Reason,observation_role,observation_sequence_bytes,observation_sequence_sha256,gag,missense_gag,gag_coverage,pro,missense_pro,pro_coverage,pol,missense_pol,pol_dna_identity,pol_protein_identity,pol_coverage,pol_region_present,pol_translation_compatible,pol_translation_basis,env,missense_env,env_coverage,all_orfs_intact,Strand,provirus_type,row_source_role,row_source_generation,row_source_path,row_source_sha256,row_source_bytes,row_source_mtime_utc,rec,missense_rec,rec_dna_identity,rec_protein_identity,rec_coverage,haplotype_evidence,haplotype_pansn_digit,observation_class_v3,observation_class_evidence_v3,source_record_class_v3,source_record_path_v3,source_record_sha256_v3,source_record_bases_v3,source_record_header_v3,extraction_branch_provenance_v3,stable_source_identity_v3,v3_row_origin,v3_supersession_state,representative_ID_Full
HG02282_h1_HML-2_15q25.2_technical_error	HG02282_h1_HML-2_15q25.2_graph_hgsvc3-2024-02-23-mc-chm13_DEGRADED_KCON_1912	HML-2_15q25.2	Technical_Error	Fragment	PRESENT	b0e03ac451a981fc8e6fcc7732bc4da6463b802b5345d55df83c29d1b482b8eb	ID_Full,Source_Identifier,Structure,presence_call,observation_state,observation_state_reason,observation_source_kind,source_specific_state,graph_observation_state,QC_State,QC_Reason,Technical_Error_Reason,observation_role,observation_sequence_bytes,observation_sequence_sha256,gag,missense_gag,gag_coverage,pro,missense_pro,pro_coverage,pol,missense_pol,pol_dna_identity,pol_protein_identity,pol_coverage,pol_region_present,pol_translation_compatible,pol_translation_basis,env,missense_env,env_coverage,all_orfs_intact,Strand,provirus_type,row_source_role,row_source_generation,row_source_path,row_source_sha256,row_source_bytes,row_source_mtime_utc,rec,missense_rec,rec_dna_identity,rec_protein_identity,rec_coverage,haplotype_evidence,haplotype_pansn_digit,observation_class_v3,observation_class_evidence_v3,source_record_class_v3,source_record_path_v3,source_record_sha256_v3,source_record_bases_v3,source_record_header_v3,extraction_branch_provenance_v3,stable_source_identity_v3,v3_row_origin,v3_supersession_state,representative_ID_Full
HG02282_h2_HML-2_15q25.2_technical_error	HG02282_h2_HML-2_15q25.2_graph_hgsvc3-2024-02-23-mc-chm13_DEGRADED_KCON_1912	HML-2_15q25.2	Technical_Error	Fragment	PRESENT	99be1d95885bb7c17b20152b994917289493dd72b300b06c4119f3354af51592	ID_Full,Source_Identifier,Structure,presence_call,observation_state,observation_state_reason,observation_source_kind,source_specific_state,graph_observation_state,QC_State,QC_Reason,Technical_Error_Reason,observation_role,observation_sequence_bytes,observation_sequence_sha256,gag,missense_gag,gag_coverage,pro,missense_pro,pro_coverage,pol,missense_pol,pol_dna_identity,pol_protein_identity,pol_coverage,pol_region_present,pol_translation_compatible,pol_translation_basis,env,missense_env,env_coverage,all_orfs_intact,Strand,provirus_type,row_source_role,row_source_generation,row_source_path,row_source_sha256,row_source_bytes,row_source_mtime_utc,rec,missense_rec,rec_dna_identity,rec_protein_identity,rec_coverage,haplotype_evidence,haplotype_pansn_digit,observation_class_v3,observation_class_evidence_v3,source_record_class_v3,source_record_path_v3,source_record_sha256_v3,source_record_bases_v3,source_record_header_v3,extraction_branch_provenance_v3,stable_source_identity_v3,v3_row_origin,v3_supersession_state,representative_ID_Full
HG02492_h1_HML-2_15q25.2_technical_error	HG02492_h1_HML-2_15q25.2_graph_hgsvc3-2024-02-23-mc-chm13_DEGRADED_KCON_1912	HML-2_15q25.2	Technical_Error	Fragment	PRESENT	8bb3be0242599901b9efb9e224544eee0608837dd2d1a1cb19070c503b622bcc	ID_Full,Source_Identifier,Structure,presence_call,observation_state,observation_state_reason,observation_source_kind,source_specific_state,graph_observation_state,QC_State,QC_Reason,Technical_Error_Reason,observation_role,observation_sequence_bytes,observation_sequence_sha256,gag,missense_gag,gag_coverage,pro,missense_pro,pro_coverage,pol,missense_pol,pol_dna_identity,pol_protein_identity,pol_coverage,pol_region_present,pol_translation_compatible,pol_translation_basis,env,missense_env,env_coverage,all_orfs_intact,Strand,provirus_type,row_source_role,row_source_generation,row_source_path,row_source_sha256,row_source_bytes,row_source_mtime_utc,rec,missense_rec,rec_dna_identity,rec_protein_identity,rec_coverage,haplotype_evidence,haplotype_pansn_digit,observation_class_v3,observation_class_evidence_v3,source_record_class_v3,source_record_path_v3,source_record_sha256_v3,source_record_bases_v3,source_record_header_v3,extraction_branch_provenance_v3,stable_source_identity_v3,v3_row_origin,v3_supersession_state,representative_ID_Full
HG02492_h2_HML-2_15q25.2_technical_error	HG02492_h2_HML-2_15q25.2_graph_hgsvc3-2024-02-23-mc-chm13_DEGRADED_KCON_1912	HML-2_15q25.2	Technical_Error	Fragment	PRESENT	65c249dbff366da84fe739d11e40b640dab776fca5cb576ce04a9a245846f384	ID_Full,Source_Identifier,Structure,presence_call,observation_state,observation_state_reason,observation_source_kind,source_specific_state,graph_observation_state,QC_State,QC_Reason,Technical_Error_Reason,observation_role,observation_sequence_bytes,observation_sequence_sha256,gag,missense_gag,gag_coverage,pro,missense_pro,pro_coverage,pol,missense_pol,pol_dna_identity,pol_protein_identity,pol_coverage,pol_region_present,pol_translation_compatible,pol_translation_basis,env,missense_env,env_coverage,all_orfs_intact,Strand,provirus_type,row_source_role,row_source_generation,row_source_path,row_source_sha256,row_source_bytes,row_source_mtime_utc,rec,missense_rec,rec_dna_identity,rec_protein_identity,rec_coverage,haplotype_evidence,haplotype_pansn_digit,observation_class_v3,observation_class_evidence_v3,source_record_class_v3,source_record_path_v3,source_record_sha256_v3,source_record_bases_v3,source_record_header_v3,extraction_branch_provenance_v3,stable_source_identity_v3,v3_row_origin,v3_supersession_state,representative_ID_Full
HG02554_h1_HML-2_15q25.2_technical_error	HG02554_h1_HML-2_15q25.2_graph_hgsvc3-2024-02-23-mc-chm13_DEGRADED_KCON_1912	HML-2_15q25.2	Technical_Error	Fragment	PRESENT	4e25cba98474e994ad79b99d2a5b22b63f1abffe739ba953b31f2be3cb6aa604	ID_Full,Source_Identifier,Structure,presence_call,observation_state,observation_state_reason,observation_source_kind,source_specific_state,graph_observation_state,QC_State,QC_Reason,Technical_Error_Reason,observation_role,observation_sequence_bytes,observation_sequence_sha256,gag,missense_gag,gag_coverage,pro,missense_pro,pro_coverage,pol,missense_pol,pol_dna_identity,pol_protein_identity,pol_coverage,pol_region_present,pol_translation_compatible,pol_translation_basis,env,missense_env,env_coverage,all_orfs_intact,Strand,provirus_type,row_source_role,row_source_generation,row_source_path,row_source_sha256,row_source_bytes,row_source_mtime_utc,rec,missense_rec,rec_dna_identity,rec_protein_identity,rec_coverage,haplotype_evidence,haplotype_pansn_digit,observation_class_v3,observation_class_evidence_v3,source_record_class_v3,source_record_path_v3,source_record_sha256_v3,source_record_bases_v3,source_record_header_v3,extraction_branch_provenance_v3,stable_source_identity_v3,v3_row_origin,v3_supersession_state,representative_ID_Full
HG02554_h2_HML-2_15q25.2_technical_error	HG02554_h2_HML-2_15q25.2_graph_hgsvc3-2024-02-23-mc-chm13_DEGRADED_KCON_1912	HML-2_15q25.2	Technical_Error	Fragment	PRESENT	0ce353bd4db9ac41bdaf917d000791570e2cef8a5cf856d94bb783790df0e0b0	ID_Full,Source_Identifier,Structure,presence_call,observation_state,observation_state_reason,observation_source_kind,source_specific_state,graph_observation_state,QC_State,QC_Reason,Technical_Error_Reason,observation_role,observation_sequence_bytes,observation_sequence_sha256,gag,missense_gag,gag_coverage,pro,missense_pro,pro_coverage,pol,missense_pol,pol_dna_identity,pol_protein_identity,pol_coverage,pol_region_present,pol_translation_compatible,pol_translation_basis,env,missense_env,env_coverage,all_orfs_intact,Strand,provirus_type,row_source_role,row_source_generation,row_source_path,row_source_sha256,row_source_bytes,row_source_mtime_utc,rec,missense_rec,rec_dna_identity,rec_protein_identity,rec_coverage,haplotype_evidence,haplotype_pansn_digit,observation_class_v3,observation_class_evidence_v3,source_record_class_v3,source_record_path_v3,source_record_sha256_v3,source_record_bases_v3,source_record_header_v3,extraction_branch_provenance_v3,stable_source_identity_v3,v3_row_origin,v3_supersession_state,representative_ID_Full
HG02587_h1_HML-2_15q25.2_technical_error	HG02587_h1_HML-2_15q25.2_graph_hgsvc3-2024-02-23-mc-chm13_DEGRADED_KCON_1912	HML-2_15q25.2	Technical_Error	Fragment	PRESENT	8bb3be0242599901b9efb9e224544eee0608837dd2d1a1cb19070c503b622bcc	ID_Full,Source_Identifier,Structure,presence_call,observation_state,observation_state_reason,observation_source_kind,source_specific_state,graph_observation_state,QC_State,QC_Reason,Technical_Error_Reason,observation_role,observation_sequence_bytes,observation_sequence_sha256,gag,missense_gag,gag_coverage,pro,missense_pro,pro_coverage,pol,missense_pol,pol_dna_identity,pol_protein_identity,pol_coverage,pol_region_present,pol_translation_compatible,pol_translation_basis,env,missense_env,env_coverage,all_orfs_intact,Strand,provirus_type,row_source_role,row_source_generation,row_source_path,row_source_sha256,row_source_bytes,row_source_mtime_utc,rec,missense_rec,rec_dna_identity,rec_protein_identity,rec_coverage,haplotype_evidence,haplotype_pansn_digit,observation_class_v3,observation_class_evidence_v3,source_record_class_v3,source_record_path_v3,source_record_sha256_v3,source_record_bases_v3,source_record_header_v3,extraction_branch_provenance_v3,stable_source_identity_v3,v3_row_origin,v3_supersession_state,representative_ID_Full
HG02587_h2_HML-2_15q25.2_technical_error	HG02587_h2_HML-2_15q25.2_graph_hgsvc3-2024-02-23-mc-chm13_DEGRADED_KCON_1912	HML-2_15q25.2	Technical_Error	Fragment	PRESENT	8bb3be0242599901b9efb9e224544eee0608837dd2d1a1cb19070c503b622bcc	ID_Full,Source_Identifier,Structure,presence_call,observation_state,observation_state_reason,observation_source_kind,source_specific_state,graph_observation_state,QC_State,QC_Reason,Technical_Error_Reason,observation_role,observation_sequence_bytes,observation_sequence_sha256,gag,missense_gag,gag_coverage,pro,missense_pro,pro_coverage,pol,missense_pol,pol_dna_identity,pol_protein_identity,pol_coverage,pol_region_present,pol_translation_compatible,pol_translation_basis,env,missense_env,env_coverage,all_orfs_intact,Strand,provirus_type,row_source_role,row_source_generation,row_source_path,row_source_sha256,row_source_bytes,row_source_mtime_utc,rec,missense_rec,rec_dna_identity,rec_protein_identity,rec_coverage,haplotype_evidence,haplotype_pansn_digit,observation_class_v3,observation_class_evidence_v3,source_record_class_v3,source_record_path_v3,source_record_sha256_v3,source_record_bases_v3,source_record_header_v3,extraction_branch_provenance_v3,stable_source_identity_v3,v3_row_origin,v3_supersession_state,representative_ID_Full
HG02666_h1_HML-2_15q25.2_technical_error	HG02666_h1_HML-2_15q25.2_graph_hgsvc3-2024-02-23-mc-chm13_DEGRADED_KCON_1912	HML-2_15q25.2	Technical_Error	Fragment	PRESENT	0ad39baf46f818275b2c5a347e585270a45290d985d19743807c49a8d7b9b3a6	ID_Full,Source_Identifier,Structure,presence_call,observation_state,observation_state_reason,observation_source_kind,source_specific_state,graph_observation_state,QC_State,QC_Reason,Technical_Error_Reason,observation_role,observation_sequence_bytes,observation_sequence_sha256,gag,missense_gag,gag_coverage,pro,missense_pro,pro_coverage,pol,missense_pol,pol_dna_identity,pol_protein_identity,pol_coverage,pol_region_present,pol_translation_compatible,pol_translation_basis,env,missense_env,env_coverage,all_orfs_intact,Strand,provirus_type,row_source_role,row_source_generation,row_source_path,row_source_sha256,row_source_bytes,row_source_mtime_utc,rec,missense_rec,rec_dna_identity,rec_protein_identity,rec_coverage,haplotype_evidence,haplotype_pansn_digit,observation_class_v3,observation_class_evidence_v3,source_record_class_v3,source_record_path_v3,source_record_sha256_v3,source_record_bases_v3,source_record_header_v3,extraction_branch_provenance_v3,stable_source_identity_v3,v3_row_origin,v3_supersession_state,representative_ID_Full
HG02666_h2_HML-2_15q25.2_technical_error	HG02666_h2_HML-2_15q25.2_graph_hgsvc3-2024-02-23-mc-chm13_DEGRADED_KCON_1912	HML-2_15q25.2	Technical_Error	Fragment	PRESENT	8bb3be0242599901b9efb9e224544eee0608837dd2d1a1cb19070c503b622bcc	ID_Full,Source_Identifier,Structure,presence_call,observation_state,observation_state_reason,observation_source_kind,source_specific_state,graph_observation_state,QC_State,QC_Reason,Technical_Error_Reason,observation_role,observation_sequence_bytes,observation_sequence_sha256,gag,missense_gag,gag_coverage,pro,missense_pro,pro_coverage,pol,missense_pol,pol_dna_identity,pol_protein_identity,pol_coverage,pol_region_present,pol_translation_compatible,pol_translation_basis,env,missense_env,env_coverage,all_orfs_intact,Strand,provirus_type,row_source_role,row_source_generation,row_source_path,row_source_sha256,row_source_bytes,row_source_mtime_utc,rec,missense_rec,rec_dna_identity,rec_protein_identity,rec_coverage,haplotype_evidence,haplotype_pansn_digit,observation_class_v3,observation_class_evidence_v3,source_record_class_v3,source_record_path_v3,source_record_sha256_v3,source_record_bases_v3,source_record_header_v3,extraction_branch_provenance_v3,stable_source_identity_v3,v3_row_origin,v3_supersession_state,representative_ID_Full
HG02769_h1_HML-2_15q25.2_technical_error	HG02769_h1_HML-2_15q25.2_graph_hgsvc3-2024-02-23-mc-chm13_DEGRADED_KCON_1912	HML-2_15q25.2	Technical_Error	Fragment	PRESENT	8bb3be0242599901b9efb9e224544eee0608837dd2d1a1cb19070c503b622bcc	ID_Full,Source_Identifier,Structure,presence_call,observation_state,observation_state_reason,observation_source_kind,source_specific_state,graph_observation_state,QC_State,QC_Reason,Technical_Error_Reason,observation_role,observation_sequence_bytes,observation_sequence_sha256,gag,missense_gag,gag_coverage,pro,missense_pro,pro_coverage,pol,missense_pol,pol_dna_identity,pol_protein_identity,pol_coverage,pol_region_present,pol_translation_compatible,pol_translation_basis,env,missense_env,env_coverage,all_orfs_intact,Strand,provirus_type,row_source_role,row_source_generation,row_source_path,row_source_sha256,row_source_bytes,row_source_mtime_utc,rec,missense_rec,rec_dna_identity,rec_protein_identity,rec_coverage,haplotype_evidence,haplotype_pansn_digit,observation_class_v3,observation_class_evidence_v3,source_record_class_v3,source_record_path_v3,source_record_sha256_v3,source_record_bases_v3,source_record_header_v3,extraction_branch_provenance_v3,stable_source_identity_v3,v3_row_origin,v3_supersession_state,representative_ID_Full
HG02769_h2_HML-2_15q25.2_technical_error	HG02769_h2_HML-2_15q25.2_graph_hgsvc3-2024-02-23-mc-chm13_DEGRADED_KCON_1912	HML-2_15q25.2	Technical_Error	Fragment	PRESENT	8bb3be0242599901b9efb9e224544eee0608837dd2d1a1cb19070c503b622bcc	ID_Full,Source_Identifier,Structure,presence_call,observation_state,observation_state_reason,observation_source_kind,source_specific_state,graph_observation_state,QC_State,QC_Reason,Technical_Error_Reason,observation_role,observation_sequence_bytes,observation_sequence_sha256,gag,missense_gag,gag_coverage,pro,missense_pro,pro_coverage,pol,missense_pol,pol_dna_identity,pol_protein_identity,pol_coverage,pol_region_present,pol_translation_compatible,pol_translation_basis,env,missense_env,env_coverage,all_orfs_intact,Strand,provirus_type,row_source_role,row_source_generation,row_source_path,row_source_sha256,row_source_bytes,row_source_mtime_utc,rec,missense_rec,rec_dna_identity,rec_protein_identity,rec_coverage,haplotype_evidence,haplotype_pansn_digit,observation_class_v3,observation_class_evidence_v3,source_record_class_v3,source_record_path_v3,source_record_sha256_v3,source_record_bases_v3,source_record_header_v3,extraction_branch_provenance_v3,stable_source_identity_v3,v3_row_origin,v3_supersession_state,representative_ID_Full
HG02953_h1_HML-2_15q25.2_technical_error	HG02953_h1_HML-2_15q25.2_graph_hgsvc3-2024-02-23-mc-chm13_DEGRADED_KCON_1912	HML-2_15q25.2	Technical_Error	Fragment	PRESENT	c1103ccee0483afa152262f75c861d608d9b36bc67e015640b119c945886a90f	ID_Full,Source_Identifier,Structure,presence_call,observation_state,observation_state_reason,observation_source_kind,source_specific_state,graph_observation_state,QC_State,QC_Reason,Technical_Error_Reason,observation_role,observation_sequence_bytes,observation_sequence_sha256,gag,missense_gag,gag_coverage,pro,missense_pro,pro_coverage,pol,missense_pol,pol_dna_identity,pol_protein_identity,pol_coverage,pol_region_present,pol_translation_compatible,pol_translation_basis,env,missense_env,env_coverage,all_orfs_intact,Strand,provirus_type,row_source_role,row_source_generation,row_source_path,row_source_sha256,row_source_bytes,row_source_mtime_utc,rec,missense_rec,rec_dna_identity,rec_protein_identity,rec_coverage,haplotype_evidence,haplotype_pansn_digit,observation_class_v3,observation_class_evidence_v3,source_record_class_v3,source_record_path_v3,source_record_sha256_v3,source_record_bases_v3,source_record_header_v3,extraction_branch_provenance_v3,stable_source_identity_v3,v3_row_origin,v3_supersession_state,representative_ID_Full
HG02953_h2_HML-2_15q25.2_technical_error	HG02953_h2_HML-2_15q25.2_graph_hgsvc3-2024-02-23-mc-chm13_DEGRADED_KCON_1912	HML-2_15q25.2	Technical_Error	Fragment	PRESENT	0ce353bd4db9ac41bdaf917d000791570e2cef8a5cf856d94bb783790df0e0b0	ID_Full,Source_Identifier,Structure,presence_call,observation_state,observation_state_reason,observation_source_kind,source_specific_state,graph_observation_state,QC_State,QC_Reason,Technical_Error_Reason,observation_role,observation_sequence_bytes,observation_sequence_sha256,gag,missense_gag,gag_coverage,pro,missense_pro,pro_coverage,pol,missense_pol,pol_dna_identity,pol_protein_identity,pol_coverage,pol_region_present,pol_translation_compatible,pol_translation_basis,env,missense_env,env_coverage,all_orfs_intact,Strand,provirus_type,row_source_role,row_source_generation,row_source_path,row_source_sha256,row_source_bytes,row_source_mtime_utc,rec,missense_rec,rec_dna_identity,rec_protein_identity,rec_coverage,haplotype_evidence,haplotype_pansn_digit,observation_class_v3,observation_class_evidence_v3,source_record_class_v3,source_record_path_v3,source_record_sha256_v3,source_record_bases_v3,source_record_header_v3,extraction_branch_provenance_v3,stable_source_identity_v3,v3_row_origin,v3_supersession_state,representative_ID_Full
HG03009_h1_HML-2_15q25.2_technical_error	HG03009_h1_HML-2_15q25.2_graph_hgsvc3-2024-02-23-mc-chm13_DEGRADED_KCON_1912	HML-2_15q25.2	Technical_Error	Fragment	PRESENT	8bb3be0242599901b9efb9e224544eee0608837dd2d1a1cb19070c503b622bcc	ID_Full,Source_Identifier,Structure,presence_call,observation_state,observation_state_reason,observation_source_kind,source_specific_state,graph_observation_state,QC_State,QC_Reason,Technical_Error_Reason,observation_role,observation_sequence_bytes,observation_sequence_sha256,gag,missense_gag,gag_coverage,pro,missense_pro,pro_coverage,pol,missense_pol,pol_dna_identity,pol_protein_identity,pol_coverage,pol_region_present,pol_translation_compatible,pol_translation_basis,env,missense_env,env_coverage,all_orfs_intact,Strand,provirus_type,row_source_role,row_source_generation,row_source_path,row_source_sha256,row_source_bytes,row_source_mtime_utc,rec,missense_rec,rec_dna_identity,rec_protein_identity,rec_coverage,haplotype_evidence,haplotype_pansn_digit,observation_class_v3,observation_class_evidence_v3,source_record_class_v3,source_record_path_v3,source_record_sha256_v3,source_record_bases_v3,source_record_header_v3,extraction_branch_provenance_v3,stable_source_identity_v3,v3_row_origin,v3_supersession_state,representative_ID_Full
HG03009_h2_HML-2_15q25.2_technical_error	HG03009_h2_HML-2_15q25.2_graph_hgsvc3-2024-02-23-mc-chm13_DEGRADED_KCON_1912	HML-2_15q25.2	Technical_Error	Fragment	PRESENT	0216f0636d05b85f12514e2d650de8d7ca385c513ab835691eb23c58d1fa32f7	ID_Full,Source_Identifier,Structure,presence_call,observation_state,observation_state_reason,observation_source_kind,source_specific_state,graph_observation_state,QC_State,QC_Reason,Technical_Error_Reason,observation_role,observation_sequence_bytes,observation_sequence_sha256,gag,missense_gag,gag_coverage,pro,missense_pro,pro_coverage,pol,missense_pol,pol_dna_identity,pol_protein_identity,pol_coverage,pol_region_present,pol_translation_compatible,pol_translation_basis,env,missense_env,env_coverage,all_orfs_intact,Strand,provirus_type,row_source_role,row_source_generation,row_source_path,row_source_sha256,row_source_bytes,row_source_mtime_utc,rec,missense_rec,rec_dna_identity,rec_protein_identity,rec_coverage,haplotype_evidence,haplotype_pansn_digit,observation_class_v3,observation_class_evidence_v3,source_record_class_v3,source_record_path_v3,source_record_sha256_v3,source_record_bases_v3,source_record_header_v3,extraction_branch_provenance_v3,stable_source_identity_v3,v3_row_origin,v3_supersession_state,representative_ID_Full
HG03065_h1_HML-2_15q25.2_technical_error	HG03065_h1_HML-2_15q25.2_graph_hgsvc3-2024-02-23-mc-chm13_DEGRADED_KCON_1912	HML-2_15q25.2	Technical_Error	Fragment	PRESENT	8bb3be0242599901b9efb9e224544eee0608837dd2d1a1cb19070c503b622bcc	ID_Full,Source_Identifier,Structure,presence_call,observation_state,observation_state_reason,observation_source_kind,source_specific_state,graph_observation_state,QC_State,QC_Reason,Technical_Error_Reason,observation_role,observation_sequence_bytes,observation_sequence_sha256,gag,missense_gag,gag_coverage,pro,missense_pro,pro_coverage,pol,missense_pol,pol_dna_identity,pol_protein_identity,pol_coverage,pol_region_present,pol_translation_compatible,pol_translation_basis,env,missense_env,env_coverage,all_orfs_intact,Strand,provirus_type,row_source_role,row_source_generation,row_source_path,row_source_sha256,row_source_bytes,row_source_mtime_utc,rec,missense_rec,rec_dna_identity,rec_protein_identity,rec_coverage,haplotype_evidence,haplotype_pansn_digit,observation_class_v3,observation_class_evidence_v3,source_record_class_v3,source_record_path_v3,source_record_sha256_v3,source_record_bases_v3,source_record_header_v3,extraction_branch_provenance_v3,stable_source_identity_v3,v3_row_origin,v3_supersession_state,representative_ID_Full
HG03065_h2_HML-2_15q25.2_technical_error	HG03065_h2_HML-2_15q25.2_graph_hgsvc3-2024-02-23-mc-chm13_DEGRADED_KCON_1912	HML-2_15q25.2	Technical_Error	Fragment	PRESENT	0ce353bd4db9ac41bdaf917d000791570e2cef8a5cf856d94bb783790df0e0b0	ID_Full,Source_Identifier,Structure,presence_call,observation_state,observation_state_reason,observation_source_kind,source_specific_state,graph_observation_state,QC_State,QC_Reason,Technical_Error_Reason,observation_role,observation_sequence_bytes,observation_sequence_sha256,gag,missense_gag,gag_coverage,pro,missense_pro,pro_coverage,pol,missense_pol,pol_dna_identity,pol_protein_identity,pol_coverage,pol_region_present,pol_translation_compatible,pol_translation_basis,env,missense_env,env_coverage,all_orfs_intact,Strand,provirus_type,row_source_role,row_source_generation,row_source_path,row_source_sha256,row_source_bytes,row_source_mtime_utc,rec,missense_rec,rec_dna_identity,rec_protein_identity,rec_coverage,haplotype_evidence,haplotype_pansn_digit,observation_class_v3,observation_class_evidence_v3,source_record_class_v3,source_record_path_v3,source_record_sha256_v3,source_record_bases_v3,source_record_header_v3,extraction_branch_provenance_v3,stable_source_identity_v3,v3_row_origin,v3_supersession_state,representative_ID_Full
HG03248_h1_HML-2_15q25.2_technical_error	HG03248_h1_HML-2_15q25.2_graph_hgsvc3-2024-02-23-mc-chm13_DEGRADED_KCON_1912	HML-2_15q25.2	Technical_Error	Fragment	PRESENT	0ce353bd4db9ac41bdaf917d000791570e2cef8a5cf856d94bb783790df0e0b0	ID_Full,Source_Identifier,Structure,presence_call,observation_state,observation_state_reason,observation_source_kind,source_specific_state,graph_observation_state,QC_State,QC_Reason,Technical_Error_Reason,observation_role,observation_sequence_bytes,observation_sequence_sha256,gag,missense_gag,gag_coverage,pro,missense_pro,pro_coverage,pol,missense_pol,pol_dna_identity,pol_protein_identity,pol_coverage,pol_region_present,pol_translation_compatible,pol_translation_basis,env,missense_env,env_coverage,all_orfs_intact,Strand,provirus_type,row_source_role,row_source_generation,row_source_path,row_source_sha256,row_source_bytes,row_source_mtime_utc,rec,missense_rec,rec_dna_identity,rec_protein_identity,rec_coverage,haplotype_evidence,haplotype_pansn_digit,observation_class_v3,observation_class_evidence_v3,source_record_class_v3,source_record_path_v3,source_record_sha256_v3,source_record_bases_v3,source_record_header_v3,extraction_branch_provenance_v3,stable_source_identity_v3,v3_row_origin,v3_supersession_state,representative_ID_Full
HG03248_h2_HML-2_15q25.2_technical_error	HG03248_h2_HML-2_15q25.2_graph_hgsvc3-2024-02-23-mc-chm13_DEGRADED_KCON_1912	HML-2_15q25.2	Technical_Error	Fragment	PRESENT	0ce353bd4db9ac41bdaf917d000791570e2cef8a5cf856d94bb783790df0e0b0	ID_Full,Source_Identifier,Structure,presence_call,observation_state,observation_state_reason,observation_source_kind,source_specific_state,graph_observation_state,QC_State,QC_Reason,Technical_Error_Reason,observation_role,observation_sequence_bytes,observation_sequence_sha256,gag,missense_gag,gag_coverage,pro,missense_pro,pro_coverage,pol,missense_pol,pol_dna_identity,pol_protein_identity,pol_coverage,pol_region_present,pol_translation_compatible,pol_translation_basis,env,missense_env,env_coverage,all_orfs_intact,Strand,provirus_type,row_source_role,row_source_generation,row_source_path,row_source_sha256,row_source_bytes,row_source_mtime_utc,rec,missense_rec,rec_dna_identity,rec_protein_identity,rec_coverage,haplotype_evidence,haplotype_pansn_digit,observation_class_v3,observation_class_evidence_v3,source_record_class_v3,source_record_path_v3,source_record_sha256_v3,source_record_bases_v3,source_record_header_v3,extraction_branch_provenance_v3,stable_source_identity_v3,v3_row_origin,v3_supersession_state,representative_ID_Full
HG03371_h1_HML-2_15q25.2_technical_error	HG03371_h1_HML-2_15q25.2_graph_hgsvc3-2024-02-23-mc-chm13_DEGRADED_KCON_1912	HML-2_15q25.2	Technical_Error	Fragment	PRESENT	5eda5618ace88a05f8c19deb7800c56e825263741ae5d09adff3ece72d9080cc	ID_Full,Source_Identifier,Structure,presence_call,observation_state,observation_state_reason,observation_source_kind,source_specific_state,graph_observation_state,QC_State,QC_Reason,Technical_Error_Reason,observation_role,observation_sequence_bytes,observation_sequence_sha256,gag,missense_gag,gag_coverage,pro,missense_pro,pro_coverage,pol,missense_pol,pol_dna_identity,pol_protein_identity,pol_coverage,pol_region_present,pol_translation_compatible,pol_translation_basis,env,missense_env,env_coverage,all_orfs_intact,Strand,provirus_type,row_source_role,row_source_generation,row_source_path,row_source_sha256,row_source_bytes,row_source_mtime_utc,rec,missense_rec,rec_dna_identity,rec_protein_identity,rec_coverage,haplotype_evidence,haplotype_pansn_digit,observation_class_v3,observation_class_evidence_v3,source_record_class_v3,source_record_path_v3,source_record_sha256_v3,source_record_bases_v3,source_record_header_v3,extraction_branch_provenance_v3,stable_source_identity_v3,v3_row_origin,v3_supersession_state,representative_ID_Full
HG03371_h2_HML-2_15q25.2_technical_error	HG03371_h2_HML-2_15q25.2_graph_hgsvc3-2024-02-23-mc-chm13_DEGRADED_KCON_1908	HML-2_15q25.2	Technical_Error	Fragment	PRESENT	17ebdf24fc0221751baf53f591a610f346560b0b2c7529f0821dd5c80c98e9b8	ID_Full,Source_Identifier,Structure,presence_call,observation_state,observation_state_reason,observation_source_kind,source_specific_state,graph_observation_state,QC_State,QC_Reason,Technical_Error_Reason,observation_role,observation_sequence_bytes,observation_sequence_sha256,gag,missense_gag,gag_coverage,pro,missense_pro,pro_coverage,pol,missense_pol,pol_dna_identity,pol_protein_identity,pol_coverage,pol_region_present,pol_translation_compatible,pol_translation_basis,env,missense_env,env_coverage,all_orfs_intact,Strand,provirus_type,row_source_role,row_source_generation,row_source_path,row_source_sha256,row_source_bytes,row_source_mtime_utc,rec,missense_rec,rec_dna_identity,rec_protein_identity,rec_coverage,haplotype_evidence,haplotype_pansn_digit,observation_class_v3,observation_class_evidence_v3,source_record_class_v3,source_record_path_v3,source_record_sha256_v3,source_record_bases_v3,source_record_header_v3,extraction_branch_provenance_v3,stable_source_identity_v3,v3_row_origin,v3_supersession_state,representative_ID_Full
HG03452_h1_HML-2_15q25.2_technical_error	HG03452_h1_HML-2_15q25.2_graph_hgsvc3-2024-02-23-mc-chm13_DEGRADED_KCON_1912	HML-2_15q25.2	Technical_Error	Fragment	PRESENT	0a2db8cd8a73770191c13459873133b2cdd1e0b663915ab31d730ce3a9d7446c	ID_Full,Source_Identifier,Structure,presence_call,observation_state,observation_state_reason,observation_source_kind,source_specific_state,graph_observation_state,QC_State,QC_Reason,Technical_Error_Reason,observation_role,observation_sequence_bytes,observation_sequence_sha256,gag,missense_gag,gag_coverage,pro,missense_pro,pro_coverage,pol,missense_pol,pol_dna_identity,pol_protein_identity,pol_coverage,pol_region_present,pol_translation_compatible,pol_translation_basis,env,missense_env,env_coverage,all_orfs_intact,Strand,provirus_type,row_source_role,row_source_generation,row_source_path,row_source_sha256,row_source_bytes,row_source_mtime_utc,rec,missense_rec,rec_dna_identity,rec_protein_identity,rec_coverage,haplotype_evidence,haplotype_pansn_digit,observation_class_v3,observation_class_evidence_v3,source_record_class_v3,source_record_path_v3,source_record_sha256_v3,source_record_bases_v3,source_record_header_v3,extraction_branch_provenance_v3,stable_source_identity_v3,v3_row_origin,v3_supersession_state,representative_ID_Full
HG03452_h2_HML-2_15q25.2_technical_error	HG03452_h2_HML-2_15q25.2_graph_hgsvc3-2024-02-23-mc-chm13_DEGRADED_KCON_1912	HML-2_15q25.2	Technical_Error	Fragment	PRESENT	8bb3be0242599901b9efb9e224544eee0608837dd2d1a1cb19070c503b622bcc	ID_Full,Source_Identifier,Structure,presence_call,observation_state,observation_state_reason,observation_source_kind,source_specific_state,graph_observation_state,QC_State,QC_Reason,Technical_Error_Reason,observation_role,observation_sequence_bytes,observation_sequence_sha256,gag,missense_gag,gag_coverage,pro,missense_pro,pro_coverage,pol,missense_pol,pol_dna_identity,pol_protein_identity,pol_coverage,pol_region_present,pol_translation_compatible,pol_translation_basis,env,missense_env,env_coverage,all_orfs_intact,Strand,provirus_type,row_source_role,row_source_generation,row_source_path,row_source_sha256,row_source_bytes,row_source_mtime_utc,rec,missense_rec,rec_dna_identity,rec_protein_identity,rec_coverage,haplotype_evidence,haplotype_pansn_digit,observation_class_v3,observation_class_evidence_v3,source_record_class_v3,source_record_path_v3,source_record_sha256_v3,source_record_bases_v3,source_record_header_v3,extraction_branch_provenance_v3,stable_source_identity_v3,v3_row_origin,v3_supersession_state,representative_ID_Full
HG03456_h1_HML-2_15q25.2_technical_error	HG03456_h1_HML-2_15q25.2_graph_hgsvc3-2024-02-23-mc-chm13_DEGRADED_KCON_1912	HML-2_15q25.2	Technical_Error	Fragment	PRESENT	0a2db8cd8a73770191c13459873133b2cdd1e0b663915ab31d730ce3a9d7446c	ID_Full,Source_Identifier,Structure,presence_call,observation_state,observation_state_reason,observation_source_kind,source_specific_state,graph_observation_state,QC_State,QC_Reason,Technical_Error_Reason,observation_role,observation_sequence_bytes,observation_sequence_sha256,gag,missense_gag,gag_coverage,pro,missense_pro,pro_coverage,pol,missense_pol,pol_dna_identity,pol_protein_identity,pol_coverage,pol_region_present,pol_translation_compatible,pol_translation_basis,env,missense_env,env_coverage,all_orfs_intact,Strand,provirus_type,row_source_role,row_source_generation,row_source_path,row_source_sha256,row_source_bytes,row_source_mtime_utc,rec,missense_rec,rec_dna_identity,rec_protein_identity,rec_coverage,haplotype_evidence,haplotype_pansn_digit,observation_class_v3,observation_class_evidence_v3,source_record_class_v3,source_record_path_v3,source_record_sha256_v3,source_record_bases_v3,source_record_header_v3,extraction_branch_provenance_v3,stable_source_identity_v3,v3_row_origin,v3_supersession_state,representative_ID_Full
HG03456_h2_HML-2_15q25.2_technical_error	HG03456_h2_HML-2_15q25.2_graph_hgsvc3-2024-02-23-mc-chm13_DEGRADED_KCON_1912	HML-2_15q25.2	Technical_Error	Fragment	PRESENT	8bb3be0242599901b9efb9e224544eee0608837dd2d1a1cb19070c503b622bcc	ID_Full,Source_Identifier,Structure,presence_call,observation_state,observation_state_reason,observation_source_kind,source_specific_state,graph_observation_state,QC_State,QC_Reason,Technical_Error_Reason,observation_role,observation_sequence_bytes,observation_sequence_sha256,gag,missense_gag,gag_coverage,pro,missense_pro,pro_coverage,pol,missense_pol,pol_dna_identity,pol_protein_identity,pol_coverage,pol_region_present,pol_translation_compatible,pol_translation_basis,env,missense_env,env_coverage,all_orfs_intact,Strand,provirus_type,row_source_role,row_source_generation,row_source_path,row_source_sha256,row_source_bytes,row_source_mtime_utc,rec,missense_rec,rec_dna_identity,rec_protein_identity,rec_coverage,haplotype_evidence,haplotype_pansn_digit,observation_class_v3,observation_class_evidence_v3,source_record_class_v3,source_record_path_v3,source_record_sha256_v3,source_record_bases_v3,source_record_header_v3,extraction_branch_provenance_v3,stable_source_identity_v3,v3_row_origin,v3_supersession_state,representative_ID_Full
HG03520_h1_HML-2_15q25.2_technical_error	HG03520_h1_HML-2_15q25.2_graph_hgsvc3-2024-02-23-mc-chm13_DEGRADED_KCON_1912	HML-2_15q25.2	Technical_Error	Fragment	PRESENT	0ce353bd4db9ac41bdaf917d000791570e2cef8a5cf856d94bb783790df0e0b0	ID_Full,Source_Identifier,Structure,presence_call,observation_state,observation_state_reason,observation_source_kind,source_specific_state,graph_observation_state,QC_State,QC_Reason,Technical_Error_Reason,observation_role,observation_sequence_bytes,observation_sequence_sha256,gag,missense_gag,gag_coverage,pro,missense_pro,pro_coverage,pol,missense_pol,pol_dna_identity,pol_protein_identity,pol_coverage,pol_region_present,pol_translation_compatible,pol_translation_basis,env,missense_env,env_coverage,all_orfs_intact,Strand,provirus_type,row_source_role,row_source_generation,row_source_path,row_source_sha256,row_source_bytes,row_source_mtime_utc,rec,missense_rec,rec_dna_identity,rec_protein_identity,rec_coverage,haplotype_evidence,haplotype_pansn_digit,observation_class_v3,observation_class_evidence_v3,source_record_class_v3,source_record_path_v3,source_record_sha256_v3,source_record_bases_v3,source_record_header_v3,extraction_branch_provenance_v3,stable_source_identity_v3,v3_row_origin,v3_supersession_state,representative_ID_Full
HG03520_h2_HML-2_15q25.2_technical_error	HG03520_h2_HML-2_15q25.2_graph_hgsvc3-2024-02-23-mc-chm13_DEGRADED_KCON_1912	HML-2_15q25.2	Technical_Error	Fragment	PRESENT	0ce353bd4db9ac41bdaf917d000791570e2cef8a5cf856d94bb783790df0e0b0	ID_Full,Source_Identifier,Structure,presence_call,observation_state,observation_state_reason,observation_source_kind,source_specific_state,graph_observation_state,QC_State,QC_Reason,Technical_Error_Reason,observation_role,observation_sequence_bytes,observation_sequence_sha256,gag,missense_gag,gag_coverage,pro,missense_pro,pro_coverage,pol,missense_pol,pol_dna_identity,pol_protein_identity,pol_coverage,pol_region_present,pol_translation_compatible,pol_translation_basis,env,missense_env,env_coverage,all_orfs_intact,Strand,provirus_type,row_source_role,row_source_generation,row_source_path,row_source_sha256,row_source_bytes,row_source_mtime_utc,rec,missense_rec,rec_dna_identity,rec_protein_identity,rec_coverage,haplotype_evidence,haplotype_pansn_digit,observation_class_v3,observation_class_evidence_v3,source_record_class_v3,source_record_path_v3,source_record_sha256_v3,source_record_bases_v3,source_record_header_v3,extraction_branch_provenance_v3,stable_source_identity_v3,v3_row_origin,v3_supersession_state,representative_ID_Full
HG03683_h1_HML-2_15q25.2_technical_error	HG03683_h1_HML-2_15q25.2_graph_hgsvc3-2024-02-23-mc-chm13_DEGRADED_KCON_1912	HML-2_15q25.2	Technical_Error	Fragment	PRESENT	fa4c3c79db7565292ba4efc5e9a2ac054920b2c75864a0b6e9a8cdab4fb2ecc5	ID_Full,Source_Identifier,Structure,presence_call,observation_state,observation_state_reason,observation_source_kind,source_specific_state,graph_observation_state,QC_State,QC_Reason,Technical_Error_Reason,observation_role,observation_sequence_bytes,observation_sequence_sha256,gag,missense_gag,gag_coverage,pro,missense_pro,pro_coverage,pol,missense_pol,pol_dna_identity,pol_protein_identity,pol_coverage,pol_region_present,pol_translation_compatible,pol_translation_basis,env,missense_env,env_coverage,all_orfs_intact,Strand,provirus_type,row_source_role,row_source_generation,row_source_path,row_source_sha256,row_source_bytes,row_source_mtime_utc,rec,missense_rec,rec_dna_identity,rec_protein_identity,rec_coverage,haplotype_evidence,haplotype_pansn_digit,observation_class_v3,observation_class_evidence_v3,source_record_class_v3,source_record_path_v3,source_record_sha256_v3,source_record_bases_v3,source_record_header_v3,extraction_branch_provenance_v3,stable_source_identity_v3,v3_row_origin,v3_supersession_state,representative_ID_Full
HG03683_h2_HML-2_15q25.2_technical_error	HG03683_h2_HML-2_15q25.2_graph_hgsvc3-2024-02-23-mc-chm13_DEGRADED_KCON_1912	HML-2_15q25.2	Technical_Error	Fragment	PRESENT	9a78c64d820de697372fb4083898d484130359aed0754646760bc7adee458493	ID_Full,Source_Identifier,Structure,presence_call,observation_state,observation_state_reason,observation_source_kind,source_specific_state,graph_observation_state,QC_State,QC_Reason,Technical_Error_Reason,observation_role,observation_sequence_bytes,observation_sequence_sha256,gag,missense_gag,gag_coverage,pro,missense_pro,pro_coverage,pol,missense_pol,pol_dna_identity,pol_protein_identity,pol_coverage,pol_region_present,pol_translation_compatible,pol_translation_basis,env,missense_env,env_coverage,all_orfs_intact,Strand,provirus_type,row_source_role,row_source_generation,row_source_path,row_source_sha256,row_source_bytes,row_source_mtime_utc,rec,missense_rec,rec_dna_identity,rec_protein_identity,rec_coverage,haplotype_evidence,haplotype_pansn_digit,observation_class_v3,observation_class_evidence_v3,source_record_class_v3,source_record_path_v3,source_record_sha256_v3,source_record_bases_v3,source_record_header_v3,extraction_branch_provenance_v3,stable_source_identity_v3,v3_row_origin,v3_supersession_state,representative_ID_Full
HG03732_h1_HML-2_15q25.2_technical_error	HG03732_h1_HML-2_15q25.2_graph_hgsvc3-2024-02-23-mc-chm13_DEGRADED_KCON_1912	HML-2_15q25.2	Technical_Error	Fragment	PRESENT	99be1d95885bb7c17b20152b994917289493dd72b300b06c4119f3354af51592	ID_Full,Source_Identifier,Structure,presence_call,observation_state,observation_state_reason,observation_source_kind,source_specific_state,graph_observation_state,QC_State,QC_Reason,Technical_Error_Reason,observation_role,observation_sequence_bytes,observation_sequence_sha256,gag,missense_gag,gag_coverage,pro,missense_pro,pro_coverage,pol,missense_pol,pol_dna_identity,pol_protein_identity,pol_coverage,pol_region_present,pol_translation_compatible,pol_translation_basis,env,missense_env,env_coverage,all_orfs_intact,Strand,provirus_type,row_source_role,row_source_generation,row_source_path,row_source_sha256,row_source_bytes,row_source_mtime_utc,rec,missense_rec,rec_dna_identity,rec_protein_identity,rec_coverage,haplotype_evidence,haplotype_pansn_digit,observation_class_v3,observation_class_evidence_v3,source_record_class_v3,source_record_path_v3,source_record_sha256_v3,source_record_bases_v3,source_record_header_v3,extraction_branch_provenance_v3,stable_source_identity_v3,v3_row_origin,v3_supersession_state,representative_ID_Full
HG03732_h2_HML-2_15q25.2_technical_error	HG03732_h2_HML-2_15q25.2_graph_hgsvc3-2024-02-23-mc-chm13_DEGRADED_KCON_1912	HML-2_15q25.2	Technical_Error	Fragment	PRESENT	4e25cba98474e994ad79b99d2a5b22b63f1abffe739ba953b31f2be3cb6aa604	ID_Full,Source_Identifier,Structure,presence_call,observation_state,observation_state_reason,observation_source_kind,source_specific_state,graph_observation_state,QC_State,QC_Reason,Technical_Error_Reason,observation_role,observation_sequence_bytes,observation_sequence_sha256,gag,missense_gag,gag_coverage,pro,missense_pro,pro_coverage,pol,missense_pol,pol_dna_identity,pol_protein_identity,pol_coverage,pol_region_present,pol_translation_compatible,pol_translation_basis,env,missense_env,env_coverage,all_orfs_intact,Strand,provirus_type,row_source_role,row_source_generation,row_source_path,row_source_sha256,row_source_bytes,row_source_mtime_utc,rec,missense_rec,rec_dna_identity,rec_protein_identity,rec_coverage,haplotype_evidence,haplotype_pansn_digit,observation_class_v3,observation_class_evidence_v3,source_record_class_v3,source_record_path_v3,source_record_sha256_v3,source_record_bases_v3,source_record_header_v3,extraction_branch_provenance_v3,stable_source_identity_v3,v3_row_origin,v3_supersession_state,representative_ID_Full
HG03807_h1_HML-2_15q25.2_technical_error	HG03807_h1_HML-2_15q25.2_graph_hgsvc3-2024-02-23-mc-chm13_DEGRADED_KCON_1912	HML-2_15q25.2	Technical_Error	Fragment	PRESENT	8bb3be0242599901b9efb9e224544eee0608837dd2d1a1cb19070c503b622bcc	ID_Full,Source_Identifier,Structure,presence_call,observation_state,observation_state_reason,observation_source_kind,source_specific_state,graph_observation_state,QC_State,QC_Reason,Technical_Error_Reason,observation_role,observation_sequence_bytes,observation_sequence_sha256,gag,missense_gag,gag_coverage,pro,missense_pro,pro_coverage,pol,missense_pol,pol_dna_identity,pol_protein_identity,pol_coverage,pol_region_present,pol_translation_compatible,pol_translation_basis,env,missense_env,env_coverage,all_orfs_intact,Strand,provirus_type,row_source_role,row_source_generation,row_source_path,row_source_sha256,row_source_bytes,row_source_mtime_utc,rec,missense_rec,rec_dna_identity,rec_protein_identity,rec_coverage,haplotype_evidence,haplotype_pansn_digit,observation_class_v3,observation_class_evidence_v3,source_record_class_v3,source_record_path_v3,source_record_sha256_v3,source_record_bases_v3,source_record_header_v3,extraction_branch_provenance_v3,stable_source_identity_v3,v3_row_origin,v3_supersession_state,representative_ID_Full
HG03807_h2_HML-2_15q25.2_technical_error	HG03807_h2_HML-2_15q25.2_graph_hgsvc3-2024-02-23-mc-chm13_DEGRADED_KCON_1912	HML-2_15q25.2	Technical_Error	Fragment	PRESENT	8bb3be0242599901b9efb9e224544eee0608837dd2d1a1cb19070c503b622bcc	ID_Full,Source_Identifier,Structure,presence_call,observation_state,observation_state_reason,observation_source_kind,source_specific_state,graph_observation_state,QC_State,QC_Reason,Technical_Error_Reason,observation_role,observation_sequence_bytes,observation_sequence_sha256,gag,missense_gag,gag_coverage,pro,missense_pro,pro_coverage,pol,missense_pol,pol_dna_identity,pol_protein_identity,pol_coverage,pol_region_present,pol_translation_compatible,pol_translation_basis,env,missense_env,env_coverage,all_orfs_intact,Strand,provirus_type,row_source_role,row_source_generation,row_source_path,row_source_sha256,row_source_bytes,row_source_mtime_utc,rec,missense_rec,rec_dna_identity,rec_protein_identity,rec_coverage,haplotype_evidence,haplotype_pansn_digit,observation_class_v3,observation_class_evidence_v3,source_record_class_v3,source_record_path_v3,source_record_sha256_v3,source_record_bases_v3,source_record_header_v3,extraction_branch_provenance_v3,stable_source_identity_v3,v3_row_origin,v3_supersession_state,representative_ID_Full
HG04036_h1_HML-2_15q25.2_technical_error	HG04036_h1_HML-2_15q25.2_graph_hgsvc3-2024-02-23-mc-chm13_DEGRADED_KCON_1912	HML-2_15q25.2	Technical_Error	Fragment	PRESENT	2362a15239dec982e3ed2a724344da6fe6c92d6af5d72c30008ee690c8e79c08	ID_Full,Source_Identifier,Structure,presence_call,observation_state,observation_state_reason,observation_source_kind,source_specific_state,graph_observation_state,QC_State,QC_Reason,Technical_Error_Reason,observation_role,observation_sequence_bytes,observation_sequence_sha256,gag,missense_gag,gag_coverage,pro,missense_pro,pro_coverage,pol,missense_pol,pol_dna_identity,pol_protein_identity,pol_coverage,pol_region_present,pol_translation_compatible,pol_translation_basis,env,missense_env,env_coverage,all_orfs_intact,Strand,provirus_type,row_source_role,row_source_generation,row_source_path,row_source_sha256,row_source_bytes,row_source_mtime_utc,rec,missense_rec,rec_dna_identity,rec_protein_identity,rec_coverage,haplotype_evidence,haplotype_pansn_digit,observation_class_v3,observation_class_evidence_v3,source_record_class_v3,source_record_path_v3,source_record_sha256_v3,source_record_bases_v3,source_record_header_v3,extraction_branch_provenance_v3,stable_source_identity_v3,v3_row_origin,v3_supersession_state,representative_ID_Full
HG04036_h2_HML-2_15q25.2_technical_error	HG04036_h2_HML-2_15q25.2_graph_hgsvc3-2024-02-23-mc-chm13_DEGRADED_KCON_1912	HML-2_15q25.2	Technical_Error	Fragment	PRESENT	8bb3be0242599901b9efb9e224544eee0608837dd2d1a1cb19070c503b622bcc	ID_Full,Source_Identifier,Structure,presence_call,observation_state,observation_state_reason,observation_source_kind,source_specific_state,graph_observation_state,QC_State,QC_Reason,Technical_Error_Reason,observation_role,observation_sequence_bytes,observation_sequence_sha256,gag,missense_gag,gag_coverage,pro,missense_pro,pro_coverage,pol,missense_pol,pol_dna_identity,pol_protein_identity,pol_coverage,pol_region_present,pol_translation_compatible,pol_translation_basis,env,missense_env,env_coverage,all_orfs_intact,Strand,provirus_type,row_source_role,row_source_generation,row_source_path,row_source_sha256,row_source_bytes,row_source_mtime_utc,rec,missense_rec,rec_dna_identity,rec_protein_identity,rec_coverage,haplotype_evidence,haplotype_pansn_digit,observation_class_v3,observation_class_evidence_v3,source_record_class_v3,source_record_path_v3,source_record_sha256_v3,source_record_bases_v3,source_record_header_v3,extraction_branch_provenance_v3,stable_source_identity_v3,v3_row_origin,v3_supersession_state,representative_ID_Full
HG04217_h1_HML-2_15q25.2_technical_error	HG04217_h1_HML-2_15q25.2_graph_hgsvc3-2024-02-23-mc-chm13_DEGRADED_KCON_1912	HML-2_15q25.2	Technical_Error	Fragment	PRESENT	558c1c1a2599fb0f1f449f68d74adc263cb212ed7997e6a64aa3fe1dcab11f93	ID_Full,Source_Identifier,Structure,presence_call,observation_state,observation_state_reason,observation_source_kind,source_specific_state,graph_observation_state,QC_State,QC_Reason,Technical_Error_Reason,observation_role,observation_sequence_bytes,observation_sequence_sha256,gag,missense_gag,gag_coverage,pro,missense_pro,pro_coverage,pol,missense_pol,pol_dna_identity,pol_protein_identity,pol_coverage,pol_region_present,pol_translation_compatible,pol_translation_basis,env,missense_env,env_coverage,all_orfs_intact,Strand,provirus_type,row_source_role,row_source_generation,row_source_path,row_source_sha256,row_source_bytes,row_source_mtime_utc,rec,missense_rec,rec_dna_identity,rec_protein_identity,rec_coverage,haplotype_evidence,haplotype_pansn_digit,observation_class_v3,observation_class_evidence_v3,source_record_class_v3,source_record_path_v3,source_record_sha256_v3,source_record_bases_v3,source_record_header_v3,extraction_branch_provenance_v3,stable_source_identity_v3,v3_row_origin,v3_supersession_state,representative_ID_Full
HG04217_h2_HML-2_15q25.2_technical_error	HG04217_h2_HML-2_15q25.2_graph_hgsvc3-2024-02-23-mc-chm13_DEGRADED_KCON_1912	HML-2_15q25.2	Technical_Error	Fragment	PRESENT	4e25cba98474e994ad79b99d2a5b22b63f1abffe739ba953b31f2be3cb6aa604	ID_Full,Source_Identifier,Structure,presence_call,observation_state,observation_state_reason,observation_source_kind,source_specific_state,graph_observation_state,QC_State,QC_Reason,Technical_Error_Reason,observation_role,observation_sequence_bytes,observation_sequence_sha256,gag,missense_gag,gag_coverage,pro,missense_pro,pro_coverage,pol,missense_pol,pol_dna_identity,pol_protein_identity,pol_coverage,pol_region_present,pol_translation_compatible,pol_translation_basis,env,missense_env,env_coverage,all_orfs_intact,Strand,provirus_type,row_source_role,row_source_generation,row_source_path,row_source_sha256,row_source_bytes,row_source_mtime_utc,rec,missense_rec,rec_dna_identity,rec_protein_identity,rec_coverage,haplotype_evidence,haplotype_pansn_digit,observation_class_v3,observation_class_evidence_v3,source_record_class_v3,source_record_path_v3,source_record_sha256_v3,source_record_bases_v3,source_record_header_v3,extraction_branch_provenance_v3,stable_source_identity_v3,v3_row_origin,v3_supersession_state,representative_ID_Full
NA12329_h1_HML-2_15q25.2_technical_error	NA12329_h1_HML-2_15q25.2_graph_hgsvc3-2024-02-23-mc-chm13_DEGRADED_KCON_1912	HML-2_15q25.2	Technical_Error	Fragment	PRESENT	4e25cba98474e994ad79b99d2a5b22b63f1abffe739ba953b31f2be3cb6aa604	ID_Full,Source_Identifier,Structure,presence_call,observation_state,observation_state_reason,observation_source_kind,source_specific_state,graph_observation_state,QC_State,QC_Reason,Technical_Error_Reason,observation_role,observation_sequence_bytes,observation_sequence_sha256,gag,missense_gag,gag_coverage,pro,missense_pro,pro_coverage,pol,missense_pol,pol_dna_identity,pol_protein_identity,pol_coverage,pol_region_present,pol_translation_compatible,pol_translation_basis,env,missense_env,env_coverage,all_orfs_intact,Strand,provirus_type,row_source_role,row_source_generation,row_source_path,row_source_sha256,row_source_bytes,row_source_mtime_utc,rec,missense_rec,rec_dna_identity,rec_protein_identity,rec_coverage,haplotype_evidence,haplotype_pansn_digit,observation_class_v3,observation_class_evidence_v3,source_record_class_v3,source_record_path_v3,source_record_sha256_v3,source_record_bases_v3,source_record_header_v3,extraction_branch_provenance_v3,stable_source_identity_v3,v3_row_origin,v3_supersession_state,representative_ID_Full
NA12329_h2_HML-2_15q25.2_technical_error	NA12329_h2_HML-2_15q25.2_graph_hgsvc3-2024-02-23-mc-chm13_DEGRADED_KCON_1912	HML-2_15q25.2	Technical_Error	Fragment	PRESENT	2362a15239dec982e3ed2a724344da6fe6c92d6af5d72c30008ee690c8e79c08	ID_Full,Source_Identifier,Structure,presence_call,observation_state,observation_state_reason,observation_source_kind,source_specific_state,graph_observation_state,QC_State,QC_Reason,Technical_Error_Reason,observation_role,observation_sequence_bytes,observation_sequence_sha256,gag,missense_gag,gag_coverage,pro,missense_pro,pro_coverage,pol,missense_pol,pol_dna_identity,pol_protein_identity,pol_coverage,pol_region_present,pol_translation_compatible,pol_translation_basis,env,missense_env,env_coverage,all_orfs_intact,Strand,provirus_type,row_source_role,row_source_generation,row_source_path,row_source_sha256,row_source_bytes,row_source_mtime_utc,rec,missense_rec,rec_dna_identity,rec_protein_identity,rec_coverage,haplotype_evidence,haplotype_pansn_digit,observation_class_v3,observation_class_evidence_v3,source_record_class_v3,source_record_path_v3,source_record_sha256_v3,source_record_bases_v3,source_record_header_v3,extraction_branch_provenance_v3,stable_source_identity_v3,v3_row_origin,v3_supersession_state,representative_ID_Full
NA18534_h1_HML-2_15q25.2_technical_error	NA18534_h1_HML-2_15q25.2_graph_hgsvc3-2024-02-23-mc-chm13_DEGRADED_KCON_1912	HML-2_15q25.2	Technical_Error	Fragment	PRESENT	65c249dbff366da84fe739d11e40b640dab776fca5cb576ce04a9a245846f384	ID_Full,Source_Identifier,Structure,presence_call,observation_state,observation_state_reason,observation_source_kind,source_specific_state,graph_observation_state,QC_State,QC_Reason,Technical_Error_Reason,observation_role,observation_sequence_bytes,observation_sequence_sha256,gag,missense_gag,gag_coverage,pro,missense_pro,pro_coverage,pol,missense_pol,pol_dna_identity,pol_protein_identity,pol_coverage,pol_region_present,pol_translation_compatible,pol_translation_basis,env,missense_env,env_coverage,all_orfs_intact,Strand,provirus_type,row_source_role,row_source_generation,row_source_path,row_source_sha256,row_source_bytes,row_source_mtime_utc,rec,missense_rec,rec_dna_identity,rec_protein_identity,rec_coverage,haplotype_evidence,haplotype_pansn_digit,observation_class_v3,observation_class_evidence_v3,source_record_class_v3,source_record_path_v3,source_record_sha256_v3,source_record_bases_v3,source_record_header_v3,extraction_branch_provenance_v3,stable_source_identity_v3,v3_row_origin,v3_supersession_state,representative_ID_Full
NA18534_h2_HML-2_15q25.2_technical_error	NA18534_h2_HML-2_15q25.2_graph_hgsvc3-2024-02-23-mc-chm13_DEGRADED_KCON_1912	HML-2_15q25.2	Technical_Error	Fragment	PRESENT	8bb3be0242599901b9efb9e224544eee0608837dd2d1a1cb19070c503b622bcc	ID_Full,Source_Identifier,Structure,presence_call,observation_state,observation_state_reason,observation_source_kind,source_specific_state,graph_observation_state,QC_State,QC_Reason,Technical_Error_Reason,observation_role,observation_sequence_bytes,observation_sequence_sha256,gag,missense_gag,gag_coverage,pro,missense_pro,pro_coverage,pol,missense_pol,pol_dna_identity,pol_protein_identity,pol_coverage,pol_region_present,pol_translation_compatible,pol_translation_basis,env,missense_env,env_coverage,all_orfs_intact,Strand,provirus_type,row_source_role,row_source_generation,row_source_path,row_source_sha256,row_source_bytes,row_source_mtime_utc,rec,missense_rec,rec_dna_identity,rec_protein_identity,rec_coverage,haplotype_evidence,haplotype_pansn_digit,observation_class_v3,observation_class_evidence_v3,source_record_class_v3,source_record_path_v3,source_record_sha256_v3,source_record_bases_v3,source_record_header_v3,extraction_branch_provenance_v3,stable_source_identity_v3,v3_row_origin,v3_supersession_state,representative_ID_Full
NA18939_h1_HML-2_15q25.2_technical_error	NA18939_h1_HML-2_15q25.2_graph_hgsvc3-2024-02-23-mc-chm13_DEGRADED_KCON_1912	HML-2_15q25.2	Technical_Error	Fragment	PRESENT	8bb3be0242599901b9efb9e224544eee0608837dd2d1a1cb19070c503b622bcc	ID_Full,Source_Identifier,Structure,presence_call,observation_state,observation_state_reason,observation_source_kind,source_specific_state,graph_observation_state,QC_State,QC_Reason,Technical_Error_Reason,observation_role,observation_sequence_bytes,observation_sequence_sha256,gag,missense_gag,gag_coverage,pro,missense_pro,pro_coverage,pol,missense_pol,pol_dna_identity,pol_protein_identity,pol_coverage,pol_region_present,pol_translation_compatible,pol_translation_basis,env,missense_env,env_coverage,all_orfs_intact,Strand,provirus_type,row_source_role,row_source_generation,row_source_path,row_source_sha256,row_source_bytes,row_source_mtime_utc,rec,missense_rec,rec_dna_identity,rec_protein_identity,rec_coverage,haplotype_evidence,haplotype_pansn_digit,observation_class_v3,observation_class_evidence_v3,source_record_class_v3,source_record_path_v3,source_record_sha256_v3,source_record_bases_v3,source_record_header_v3,extraction_branch_provenance_v3,stable_source_identity_v3,v3_row_origin,v3_supersession_state,representative_ID_Full
NA18939_h2_HML-2_15q25.2_technical_error	NA18939_h2_HML-2_15q25.2_graph_hgsvc3-2024-02-23-mc-chm13_DEGRADED_KCON_1912	HML-2_15q25.2	Technical_Error	Fragment	PRESENT	8bb3be0242599901b9efb9e224544eee0608837dd2d1a1cb19070c503b622bcc	ID_Full,Source_Identifier,Structure,presence_call,observation_state,observation_state_reason,observation_source_kind,source_specific_state,graph_observation_state,QC_State,QC_Reason,Technical_Error_Reason,observation_role,observation_sequence_bytes,observation_sequence_sha256,gag,missense_gag,gag_coverage,pro,missense_pro,pro_coverage,pol,missense_pol,pol_dna_identity,pol_protein_identity,pol_coverage,pol_region_present,pol_translation_compatible,pol_translation_basis,env,missense_env,env_coverage,all_orfs_intact,Strand,provirus_type,row_source_role,row_source_generation,row_source_path,row_source_sha256,row_source_bytes,row_source_mtime_utc,rec,missense_rec,rec_dna_identity,rec_protein_identity,rec_coverage,haplotype_evidence,haplotype_pansn_digit,observation_class_v3,observation_class_evidence_v3,source_record_class_v3,source_record_path_v3,source_record_sha256_v3,source_record_bases_v3,source_record_header_v3,extraction_branch_provenance_v3,stable_source_identity_v3,v3_row_origin,v3_supersession_state,representative_ID_Full
NA18989_h1_HML-2_15q25.2_technical_error	NA18989_h1_HML-2_15q25.2_graph_hgsvc3-2024-02-23-mc-chm13_DEGRADED_KCON_1912	HML-2_15q25.2	Technical_Error	Fragment	PRESENT	8bb3be0242599901b9efb9e224544eee0608837dd2d1a1cb19070c503b622bcc	ID_Full,Source_Identifier,Structure,presence_call,observation_state,observation_state_reason,observation_source_kind,source_specific_state,graph_observation_state,QC_State,QC_Reason,Technical_Error_Reason,observation_role,observation_sequence_bytes,observation_sequence_sha256,gag,missense_gag,gag_coverage,pro,missense_pro,pro_coverage,pol,missense_pol,pol_dna_identity,pol_protein_identity,pol_coverage,pol_region_present,pol_translation_compatible,pol_translation_basis,env,missense_env,env_coverage,all_orfs_intact,Strand,provirus_type,row_source_role,row_source_generation,row_source_path,row_source_sha256,row_source_bytes,row_source_mtime_utc,rec,missense_rec,rec_dna_identity,rec_protein_identity,rec_coverage,haplotype_evidence,haplotype_pansn_digit,observation_class_v3,observation_class_evidence_v3,source_record_class_v3,source_record_path_v3,source_record_sha256_v3,source_record_bases_v3,source_record_header_v3,extraction_branch_provenance_v3,stable_source_identity_v3,v3_row_origin,v3_supersession_state,representative_ID_Full
NA18989_h2_HML-2_15q25.2_technical_error	NA18989_h2_HML-2_15q25.2_graph_hgsvc3-2024-02-23-mc-chm13_DEGRADED_KCON_1912	HML-2_15q25.2	Technical_Error	Fragment	PRESENT	8bb3be0242599901b9efb9e224544eee0608837dd2d1a1cb19070c503b622bcc	ID_Full,Source_Identifier,Structure,presence_call,observation_state,observation_state_reason,observation_source_kind,source_specific_state,graph_observation_state,QC_State,QC_Reason,Technical_Error_Reason,observation_role,observation_sequence_bytes,observation_sequence_sha256,gag,missense_gag,gag_coverage,pro,missense_pro,pro_coverage,pol,missense_pol,pol_dna_identity,pol_protein_identity,pol_coverage,pol_region_present,pol_translation_compatible,pol_translation_basis,env,missense_env,env_coverage,all_orfs_intact,Strand,provirus_type,row_source_role,row_source_generation,row_source_path,row_source_sha256,row_source_bytes,row_source_mtime_utc,rec,missense_rec,rec_dna_identity,rec_protein_identity,rec_coverage,haplotype_evidence,haplotype_pansn_digit,observation_class_v3,observation_class_evidence_v3,source_record_class_v3,source_record_path_v3,source_record_sha256_v3,source_record_bases_v3,source_record_header_v3,extraction_branch_provenance_v3,stable_source_identity_v3,v3_row_origin,v3_supersession_state,representative_ID_Full
NA19129_h1_HML-2_15q25.2_technical_error	NA19129_h1_HML-2_15q25.2_graph_hgsvc3-2024-02-23-mc-chm13_DEGRADED_KCON_1912	HML-2_15q25.2	Technical_Error	Fragment	PRESENT	8bb3be0242599901b9efb9e224544eee0608837dd2d1a1cb19070c503b622bcc	ID_Full,Source_Identifier,Structure,presence_call,observation_state,observation_state_reason,observation_source_kind,source_specific_state,graph_observation_state,QC_State,QC_Reason,Technical_Error_Reason,observation_role,observation_sequence_bytes,observation_sequence_sha256,gag,missense_gag,gag_coverage,pro,missense_pro,pro_coverage,pol,missense_pol,pol_dna_identity,pol_protein_identity,pol_coverage,pol_region_present,pol_translation_compatible,pol_translation_basis,env,missense_env,env_coverage,all_orfs_intact,Strand,provirus_type,row_source_role,row_source_generation,row_source_path,row_source_sha256,row_source_bytes,row_source_mtime_utc,rec,missense_rec,rec_dna_identity,rec_protein_identity,rec_coverage,haplotype_evidence,haplotype_pansn_digit,observation_class_v3,observation_class_evidence_v3,source_record_class_v3,source_record_path_v3,source_record_sha256_v3,source_record_bases_v3,source_record_header_v3,extraction_branch_provenance_v3,stable_source_identity_v3,v3_row_origin,v3_supersession_state,representative_ID_Full
NA19129_h2_HML-2_15q25.2_technical_error	NA19129_h2_HML-2_15q25.2_graph_hgsvc3-2024-02-23-mc-chm13_DEGRADED_KCON_1912	HML-2_15q25.2	Technical_Error	Fragment	PRESENT	8bb3be0242599901b9efb9e224544eee0608837dd2d1a1cb19070c503b622bcc	ID_Full,Source_Identifier,Structure,presence_call,observation_state,observation_state_reason,observation_source_kind,source_specific_state,graph_observation_state,QC_State,QC_Reason,Technical_Error_Reason,observation_role,observation_sequence_bytes,observation_sequence_sha256,gag,missense_gag,gag_coverage,pro,missense_pro,pro_coverage,pol,missense_pol,pol_dna_identity,pol_protein_identity,pol_coverage,pol_region_present,pol_translation_compatible,pol_translation_basis,env,missense_env,env_coverage,all_orfs_intact,Strand,provirus_type,row_source_role,row_source_generation,row_source_path,row_source_sha256,row_source_bytes,row_source_mtime_utc,rec,missense_rec,rec_dna_identity,rec_protein_identity,rec_coverage,haplotype_evidence,haplotype_pansn_digit,observation_class_v3,observation_class_evidence_v3,source_record_class_v3,source_record_path_v3,source_record_sha256_v3,source_record_bases_v3,source_record_header_v3,extraction_branch_provenance_v3,stable_source_identity_v3,v3_row_origin,v3_supersession_state,representative_ID_Full
NA19238_h1_HML-2_15q25.2_technical_error	NA19238_h1_HML-2_15q25.2_graph_hgsvc3-2024-02-23-mc-chm13_DEGRADED_KCON_1912	HML-2_15q25.2	Technical_Error	Fragment	PRESENT	0ce353bd4db9ac41bdaf917d000791570e2cef8a5cf856d94bb783790df0e0b0	ID_Full,Source_Identifier,Structure,presence_call,observation_state,observation_state_reason,observation_source_kind,source_specific_state,graph_observation_state,QC_State,QC_Reason,Technical_Error_Reason,observation_role,observation_sequence_bytes,observation_sequence_sha256,gag,missense_gag,gag_coverage,pro,missense_pro,pro_coverage,pol,missense_pol,pol_dna_identity,pol_protein_identity,pol_coverage,pol_region_present,pol_translation_compatible,pol_translation_basis,env,missense_env,env_coverage,all_orfs_intact,Strand,provirus_type,row_source_role,row_source_generation,row_source_path,row_source_sha256,row_source_bytes,row_source_mtime_utc,rec,missense_rec,rec_dna_identity,rec_protein_identity,rec_coverage,haplotype_evidence,haplotype_pansn_digit,observation_class_v3,observation_class_evidence_v3,source_record_class_v3,source_record_path_v3,source_record_sha256_v3,source_record_bases_v3,source_record_header_v3,extraction_branch_provenance_v3,stable_source_identity_v3,v3_row_origin,v3_supersession_state,representative_ID_Full
NA19238_h2_HML-2_15q25.2_technical_error	NA19238_h2_HML-2_15q25.2_graph_hgsvc3-2024-02-23-mc-chm13_DEGRADED_KCON_1912	HML-2_15q25.2	Technical_Error	Fragment	PRESENT	aaec47e3a6de64eab7fa31133577397d2c27b8e06ac30c76996ec8fc20538ab9	ID_Full,Source_Identifier,Structure,presence_call,observation_state,observation_state_reason,observation_source_kind,source_specific_state,graph_observation_state,QC_State,QC_Reason,Technical_Error_Reason,observation_role,observation_sequence_bytes,observation_sequence_sha256,gag,missense_gag,gag_coverage,pro,missense_pro,pro_coverage,pol,missense_pol,pol_dna_identity,pol_protein_identity,pol_coverage,pol_region_present,pol_translation_compatible,pol_translation_basis,env,missense_env,env_coverage,all_orfs_intact,Strand,provirus_type,row_source_role,row_source_generation,row_source_path,row_source_sha256,row_source_bytes,row_source_mtime_utc,rec,missense_rec,rec_dna_identity,rec_protein_identity,rec_coverage,haplotype_evidence,haplotype_pansn_digit,observation_class_v3,observation_class_evidence_v3,source_record_class_v3,source_record_path_v3,source_record_sha256_v3,source_record_bases_v3,source_record_header_v3,extraction_branch_provenance_v3,stable_source_identity_v3,v3_row_origin,v3_supersession_state,representative_ID_Full
NA19239_h1_HML-2_15q25.2_technical_error	NA19239_h1_HML-2_15q25.2_graph_hgsvc3-2024-02-23-mc-chm13_DEGRADED_KCON_1912	HML-2_15q25.2	Technical_Error	Fragment	PRESENT	8bb3be0242599901b9efb9e224544eee0608837dd2d1a1cb19070c503b622bcc	ID_Full,Source_Identifier,Structure,presence_call,observation_state,observation_state_reason,observation_source_kind,source_specific_state,graph_observation_state,QC_State,QC_Reason,Technical_Error_Reason,observation_role,observation_sequence_bytes,observation_sequence_sha256,gag,missense_gag,gag_coverage,pro,missense_pro,pro_coverage,pol,missense_pol,pol_dna_identity,pol_protein_identity,pol_coverage,pol_region_present,pol_translation_compatible,pol_translation_basis,env,missense_env,env_coverage,all_orfs_intact,Strand,provirus_type,row_source_role,row_source_generation,row_source_path,row_source_sha256,row_source_bytes,row_source_mtime_utc,rec,missense_rec,rec_dna_identity,rec_protein_identity,rec_coverage,haplotype_evidence,haplotype_pansn_digit,observation_class_v3,observation_class_evidence_v3,source_record_class_v3,source_record_path_v3,source_record_sha256_v3,source_record_bases_v3,source_record_header_v3,extraction_branch_provenance_v3,stable_source_identity_v3,v3_row_origin,v3_supersession_state,representative_ID_Full
NA19239_h2_HML-2_15q25.2_technical_error	NA19239_h2_HML-2_15q25.2_graph_hgsvc3-2024-02-23-mc-chm13_DEGRADED_KCON_1912	HML-2_15q25.2	Technical_Error	Fragment	PRESENT	8bb3be0242599901b9efb9e224544eee0608837dd2d1a1cb19070c503b622bcc	ID_Full,Source_Identifier,Structure,presence_call,observation_state,observation_state_reason,observation_source_kind,source_specific_state,graph_observation_state,QC_State,QC_Reason,Technical_Error_Reason,observation_role,observation_sequence_bytes,observation_sequence_sha256,gag,missense_gag,gag_coverage,pro,missense_pro,pro_coverage,pol,missense_pol,pol_dna_identity,pol_protein_identity,pol_coverage,pol_region_present,pol_translation_compatible,pol_translation_basis,env,missense_env,env_coverage,all_orfs_intact,Strand,provirus_type,row_source_role,row_source_generation,row_source_path,row_source_sha256,row_source_bytes,row_source_mtime_utc,rec,missense_rec,rec_dna_identity,rec_protein_identity,rec_coverage,haplotype_evidence,haplotype_pansn_digit,observation_class_v3,observation_class_evidence_v3,source_record_class_v3,source_record_path_v3,source_record_sha256_v3,source_record_bases_v3,source_record_header_v3,extraction_branch_provenance_v3,stable_source_identity_v3,v3_row_origin,v3_supersession_state,representative_ID_Full
NA19317_h1_HML-2_15q25.2_technical_error	NA19317_h1_HML-2_15q25.2_graph_hgsvc3-2024-02-23-mc-chm13_DEGRADED_KCON_1912	HML-2_15q25.2	Technical_Error	Fragment	PRESENT	0ce353bd4db9ac41bdaf917d000791570e2cef8a5cf856d94bb783790df0e0b0	ID_Full,Source_Identifier,Structure,presence_call,observation_state,observation_state_reason,observation_source_kind,source_specific_state,graph_observation_state,QC_State,QC_Reason,Technical_Error_Reason,observation_role,observation_sequence_bytes,observation_sequence_sha256,gag,missense_gag,gag_coverage,pro,missense_pro,pro_coverage,pol,missense_pol,pol_dna_identity,pol_protein_identity,pol_coverage,pol_region_present,pol_translation_compatible,pol_translation_basis,env,missense_env,env_coverage,all_orfs_intact,Strand,provirus_type,row_source_role,row_source_generation,row_source_path,row_source_sha256,row_source_bytes,row_source_mtime_utc,rec,missense_rec,rec_dna_identity,rec_protein_identity,rec_coverage,haplotype_evidence,haplotype_pansn_digit,observation_class_v3,observation_class_evidence_v3,source_record_class_v3,source_record_path_v3,source_record_sha256_v3,source_record_bases_v3,source_record_header_v3,extraction_branch_provenance_v3,stable_source_identity_v3,v3_row_origin,v3_supersession_state,representative_ID_Full
NA19317_h2_HML-2_15q25.2_technical_error	NA19317_h2_HML-2_15q25.2_graph_hgsvc3-2024-02-23-mc-chm13_DEGRADED_KCON_1911	HML-2_15q25.2	Technical_Error	Fragment	PRESENT	1c6053dce019fd961839ff683eda207f6c9d28eb88e7c51ff57fa10f6638ad54	ID_Full,Source_Identifier,Structure,presence_call,observation_state,observation_state_reason,observation_source_kind,source_specific_state,graph_observation_state,QC_State,QC_Reason,Technical_Error_Reason,observation_role,observation_sequence_bytes,observation_sequence_sha256,gag,missense_gag,gag_coverage,pro,missense_pro,pro_coverage,pol,missense_pol,pol_dna_identity,pol_protein_identity,pol_coverage,pol_region_present,pol_translation_compatible,pol_translation_basis,env,missense_env,env_coverage,all_orfs_intact,Strand,provirus_type,row_source_role,row_source_generation,row_source_path,row_source_sha256,row_source_bytes,row_source_mtime_utc,rec,missense_rec,rec_dna_identity,rec_protein_identity,rec_coverage,haplotype_evidence,haplotype_pansn_digit,observation_class_v3,observation_class_evidence_v3,source_record_class_v3,source_record_path_v3,source_record_sha256_v3,source_record_bases_v3,source_record_header_v3,extraction_branch_provenance_v3,stable_source_identity_v3,v3_row_origin,v3_supersession_state,representative_ID_Full
NA19331_h1_HML-2_15q25.2_technical_error	NA19331_h1_HML-2_15q25.2_graph_hgsvc3-2024-02-23-mc-chm13_DEGRADED_KCON_1912	HML-2_15q25.2	Technical_Error	Fragment	PRESENT	3951f760caa9020d179d371d63ea3aeb0ad82b91d5150d18eb96680ffa404ecd	ID_Full,Source_Identifier,Structure,presence_call,observation_state,observation_state_reason,observation_source_kind,source_specific_state,graph_observation_state,QC_State,QC_Reason,Technical_Error_Reason,observation_role,observation_sequence_bytes,observation_sequence_sha256,gag,missense_gag,gag_coverage,pro,missense_pro,pro_coverage,pol,missense_pol,pol_dna_identity,pol_protein_identity,pol_coverage,pol_region_present,pol_translation_compatible,pol_translation_basis,env,missense_env,env_coverage,all_orfs_intact,Strand,provirus_type,row_source_role,row_source_generation,row_source_path,row_source_sha256,row_source_bytes,row_source_mtime_utc,rec,missense_rec,rec_dna_identity,rec_protein_identity,rec_coverage,haplotype_evidence,haplotype_pansn_digit,observation_class_v3,observation_class_evidence_v3,source_record_class_v3,source_record_path_v3,source_record_sha256_v3,source_record_bases_v3,source_record_header_v3,extraction_branch_provenance_v3,stable_source_identity_v3,v3_row_origin,v3_supersession_state,representative_ID_Full
NA19331_h2_HML-2_15q25.2_technical_error	NA19331_h2_HML-2_15q25.2_graph_hgsvc3-2024-02-23-mc-chm13_DEGRADED_KCON_1909	HML-2_15q25.2	Technical_Error	Fragment	PRESENT	53e478cc7c24a37789b6bed911e57504f99c15c06b8f41b0cea4bf8487bc7756	ID_Full,Source_Identifier,Structure,presence_call,observation_state,observation_state_reason,observation_source_kind,source_specific_state,graph_observation_state,QC_State,QC_Reason,Technical_Error_Reason,observation_role,observation_sequence_bytes,observation_sequence_sha256,gag,missense_gag,gag_coverage,pro,missense_pro,pro_coverage,pol,missense_pol,pol_dna_identity,pol_protein_identity,pol_coverage,pol_region_present,pol_translation_compatible,pol_translation_basis,env,missense_env,env_coverage,all_orfs_intact,Strand,provirus_type,row_source_role,row_source_generation,row_source_path,row_source_sha256,row_source_bytes,row_source_mtime_utc,rec,missense_rec,rec_dna_identity,rec_protein_identity,rec_coverage,haplotype_evidence,haplotype_pansn_digit,observation_class_v3,observation_class_evidence_v3,source_record_class_v3,source_record_path_v3,source_record_sha256_v3,source_record_bases_v3,source_record_header_v3,extraction_branch_provenance_v3,stable_source_identity_v3,v3_row_origin,v3_supersession_state,representative_ID_Full
NA19347_h1_HML-2_15q25.2_technical_error	NA19347_h1_HML-2_15q25.2_graph_hgsvc3-2024-02-23-mc-chm13_DEGRADED_KCON_1912	HML-2_15q25.2	Technical_Error	Fragment	PRESENT	0ce353bd4db9ac41bdaf917d000791570e2cef8a5cf856d94bb783790df0e0b0	ID_Full,Source_Identifier,Structure,presence_call,observation_state,observation_state_reason,observation_source_kind,source_specific_state,graph_observation_state,QC_State,QC_Reason,Technical_Error_Reason,observation_role,observation_sequence_bytes,observation_sequence_sha256,gag,missense_gag,gag_coverage,pro,missense_pro,pro_coverage,pol,missense_pol,pol_dna_identity,pol_protein_identity,pol_coverage,pol_region_present,pol_translation_compatible,pol_translation_basis,env,missense_env,env_coverage,all_orfs_intact,Strand,provirus_type,row_source_role,row_source_generation,row_source_path,row_source_sha256,row_source_bytes,row_source_mtime_utc,rec,missense_rec,rec_dna_identity,rec_protein_identity,rec_coverage,haplotype_evidence,haplotype_pansn_digit,observation_class_v3,observation_class_evidence_v3,source_record_class_v3,source_record_path_v3,source_record_sha256_v3,source_record_bases_v3,source_record_header_v3,extraction_branch_provenance_v3,stable_source_identity_v3,v3_row_origin,v3_supersession_state,representative_ID_Full
NA19347_h2_HML-2_15q25.2_technical_error	NA19347_h2_HML-2_15q25.2_graph_hgsvc3-2024-02-23-mc-chm13_DEGRADED_KCON_1911	HML-2_15q25.2	Technical_Error	Fragment	PRESENT	1c6053dce019fd961839ff683eda207f6c9d28eb88e7c51ff57fa10f6638ad54	ID_Full,Source_Identifier,Structure,presence_call,observation_state,observation_state_reason,observation_source_kind,source_specific_state,graph_observation_state,QC_State,QC_Reason,Technical_Error_Reason,observation_role,observation_sequence_bytes,observation_sequence_sha256,gag,missense_gag,gag_coverage,pro,missense_pro,pro_coverage,pol,missense_pol,pol_dna_identity,pol_protein_identity,pol_coverage,pol_region_present,pol_translation_compatible,pol_translation_basis,env,missense_env,env_coverage,all_orfs_intact,Strand,provirus_type,row_source_role,row_source_generation,row_source_path,row_source_sha256,row_source_bytes,row_source_mtime_utc,rec,missense_rec,rec_dna_identity,rec_protein_identity,rec_coverage,haplotype_evidence,haplotype_pansn_digit,observation_class_v3,observation_class_evidence_v3,source_record_class_v3,source_record_path_v3,source_record_sha256_v3,source_record_bases_v3,source_record_header_v3,extraction_branch_provenance_v3,stable_source_identity_v3,v3_row_origin,v3_supersession_state,representative_ID_Full
NA19384_h1_HML-2_15q25.2_technical_error	NA19384_h1_HML-2_15q25.2_graph_hgsvc3-2024-02-23-mc-chm13_DEGRADED_KCON_1912	HML-2_15q25.2	Technical_Error	Fragment	PRESENT	9a82cebc67dfcee2267d5be13060c86ec4c5f61fdab3614d3189191886b507ae	ID_Full,Source_Identifier,Structure,presence_call,observation_state,observation_state_reason,observation_source_kind,source_specific_state,graph_observation_state,QC_State,QC_Reason,Technical_Error_Reason,observation_role,observation_sequence_bytes,observation_sequence_sha256,gag,missense_gag,gag_coverage,pro,missense_pro,pro_coverage,pol,missense_pol,pol_dna_identity,pol_protein_identity,pol_coverage,pol_region_present,pol_translation_compatible,pol_translation_basis,env,missense_env,env_coverage,all_orfs_intact,Strand,provirus_type,row_source_role,row_source_generation,row_source_path,row_source_sha256,row_source_bytes,row_source_mtime_utc,rec,missense_rec,rec_dna_identity,rec_protein_identity,rec_coverage,haplotype_evidence,haplotype_pansn_digit,observation_class_v3,observation_class_evidence_v3,source_record_class_v3,source_record_path_v3,source_record_sha256_v3,source_record_bases_v3,source_record_header_v3,extraction_branch_provenance_v3,stable_source_identity_v3,v3_row_origin,v3_supersession_state,representative_ID_Full
NA19384_h2_HML-2_15q25.2_technical_error	NA19384_h2_HML-2_15q25.2_graph_hgsvc3-2024-02-23-mc-chm13_DEGRADED_KCON_1912	HML-2_15q25.2	Technical_Error	Fragment	PRESENT	8a9bdef2ddce8ba2afa3b66c360ebbcf09daba902b3b9f030adb52740754f79d	ID_Full,Source_Identifier,Structure,presence_call,observation_state,observation_state_reason,observation_source_kind,source_specific_state,graph_observation_state,QC_State,QC_Reason,Technical_Error_Reason,observation_role,observation_sequence_bytes,observation_sequence_sha256,gag,missense_gag,gag_coverage,pro,missense_pro,pro_coverage,pol,missense_pol,pol_dna_identity,pol_protein_identity,pol_coverage,pol_region_present,pol_translation_compatible,pol_translation_basis,env,missense_env,env_coverage,all_orfs_intact,Strand,provirus_type,row_source_role,row_source_generation,row_source_path,row_source_sha256,row_source_bytes,row_source_mtime_utc,rec,missense_rec,rec_dna_identity,rec_protein_identity,rec_coverage,haplotype_evidence,haplotype_pansn_digit,observation_class_v3,observation_class_evidence_v3,source_record_class_v3,source_record_path_v3,source_record_sha256_v3,source_record_bases_v3,source_record_header_v3,extraction_branch_provenance_v3,stable_source_identity_v3,v3_row_origin,v3_supersession_state,representative_ID_Full
NA19434_h1_HML-2_15q25.2_technical_error	NA19434_h1_HML-2_15q25.2_graph_hgsvc3-2024-02-23-mc-chm13_DEGRADED_KCON_1912	HML-2_15q25.2	Technical_Error	Fragment	PRESENT	0ce353bd4db9ac41bdaf917d000791570e2cef8a5cf856d94bb783790df0e0b0	ID_Full,Source_Identifier,Structure,presence_call,observation_state,observation_state_reason,observation_source_kind,source_specific_state,graph_observation_state,QC_State,QC_Reason,Technical_Error_Reason,observation_role,observation_sequence_bytes,observation_sequence_sha256,gag,missense_gag,gag_coverage,pro,missense_pro,pro_coverage,pol,missense_pol,pol_dna_identity,pol_protein_identity,pol_coverage,pol_region_present,pol_translation_compatible,pol_translation_basis,env,missense_env,env_coverage,all_orfs_intact,Strand,provirus_type,row_source_role,row_source_generation,row_source_path,row_source_sha256,row_source_bytes,row_source_mtime_utc,rec,missense_rec,rec_dna_identity,rec_protein_identity,rec_coverage,haplotype_evidence,haplotype_pansn_digit,observation_class_v3,observation_class_evidence_v3,source_record_class_v3,source_record_path_v3,source_record_sha256_v3,source_record_bases_v3,source_record_header_v3,extraction_branch_provenance_v3,stable_source_identity_v3,v3_row_origin,v3_supersession_state,representative_ID_Full
NA19434_h2_HML-2_15q25.2_technical_error	NA19434_h2_HML-2_15q25.2_graph_hgsvc3-2024-02-23-mc-chm13_DEGRADED_KCON_1912	HML-2_15q25.2	Technical_Error	Fragment	PRESENT	0ce353bd4db9ac41bdaf917d000791570e2cef8a5cf856d94bb783790df0e0b0	ID_Full,Source_Identifier,Structure,presence_call,observation_state,observation_state_reason,observation_source_kind,source_specific_state,graph_observation_state,QC_State,QC_Reason,Technical_Error_Reason,observation_role,observation_sequence_bytes,observation_sequence_sha256,gag,missense_gag,gag_coverage,pro,missense_pro,pro_coverage,pol,missense_pol,pol_dna_identity,pol_protein_identity,pol_coverage,pol_region_present,pol_translation_compatible,pol_translation_basis,env,missense_env,env_coverage,all_orfs_intact,Strand,provirus_type,row_source_role,row_source_generation,row_source_path,row_source_sha256,row_source_bytes,row_source_mtime_utc,rec,missense_rec,rec_dna_identity,rec_protein_identity,rec_coverage,haplotype_evidence,haplotype_pansn_digit,observation_class_v3,observation_class_evidence_v3,source_record_class_v3,source_record_path_v3,source_record_sha256_v3,source_record_bases_v3,source_record_header_v3,extraction_branch_provenance_v3,stable_source_identity_v3,v3_row_origin,v3_supersession_state,representative_ID_Full
NA19650_h1_HML-2_15q25.2_technical_error	NA19650_h1_HML-2_15q25.2_graph_hgsvc3-2024-02-23-mc-chm13_DEGRADED_KCON_1912	HML-2_15q25.2	Technical_Error	Fragment	PRESENT	2362a15239dec982e3ed2a724344da6fe6c92d6af5d72c30008ee690c8e79c08	ID_Full,Source_Identifier,Structure,presence_call,observation_state,observation_state_reason,observation_source_kind,source_specific_state,graph_observation_state,QC_State,QC_Reason,Technical_Error_Reason,observation_role,observation_sequence_bytes,observation_sequence_sha256,gag,missense_gag,gag_coverage,pro,missense_pro,pro_coverage,pol,missense_pol,pol_dna_identity,pol_protein_identity,pol_coverage,pol_region_present,pol_translation_compatible,pol_translation_basis,env,missense_env,env_coverage,all_orfs_intact,Strand,provirus_type,row_source_role,row_source_generation,row_source_path,row_source_sha256,row_source_bytes,row_source_mtime_utc,rec,missense_rec,rec_dna_identity,rec_protein_identity,rec_coverage,haplotype_evidence,haplotype_pansn_digit,observation_class_v3,observation_class_evidence_v3,source_record_class_v3,source_record_path_v3,source_record_sha256_v3,source_record_bases_v3,source_record_header_v3,extraction_branch_provenance_v3,stable_source_identity_v3,v3_row_origin,v3_supersession_state,representative_ID_Full
NA19650_h2_HML-2_15q25.2_technical_error	NA19650_h2_HML-2_15q25.2_graph_hgsvc3-2024-02-23-mc-chm13_DEGRADED_KCON_1912	HML-2_15q25.2	Technical_Error	Fragment	PRESENT	65c249dbff366da84fe739d11e40b640dab776fca5cb576ce04a9a245846f384	ID_Full,Source_Identifier,Structure,presence_call,observation_state,observation_state_reason,observation_source_kind,source_specific_state,graph_observation_state,QC_State,QC_Reason,Technical_Error_Reason,observation_role,observation_sequence_bytes,observation_sequence_sha256,gag,missense_gag,gag_coverage,pro,missense_pro,pro_coverage,pol,missense_pol,pol_dna_identity,pol_protein_identity,pol_coverage,pol_region_present,pol_translation_compatible,pol_translation_basis,env,missense_env,env_coverage,all_orfs_intact,Strand,provirus_type,row_source_role,row_source_generation,row_source_path,row_source_sha256,row_source_bytes,row_source_mtime_utc,rec,missense_rec,rec_dna_identity,rec_protein_identity,rec_coverage,haplotype_evidence,haplotype_pansn_digit,observation_class_v3,observation_class_evidence_v3,source_record_class_v3,source_record_path_v3,source_record_sha256_v3,source_record_bases_v3,source_record_header_v3,extraction_branch_provenance_v3,stable_source_identity_v3,v3_row_origin,v3_supersession_state,representative_ID_Full
NA19705_h1_HML-2_15q25.2_technical_error	NA19705_h1_HML-2_15q25.2_graph_hgsvc3-2024-02-23-mc-chm13_DEGRADED_KCON_1912	HML-2_15q25.2	Technical_Error	Fragment	PRESENT	0ce353bd4db9ac41bdaf917d000791570e2cef8a5cf856d94bb783790df0e0b0	ID_Full,Source_Identifier,Structure,presence_call,observation_state,observation_state_reason,observation_source_kind,source_specific_state,graph_observation_state,QC_State,QC_Reason,Technical_Error_Reason,observation_role,observation_sequence_bytes,observation_sequence_sha256,gag,missense_gag,gag_coverage,pro,missense_pro,pro_coverage,pol,missense_pol,pol_dna_identity,pol_protein_identity,pol_coverage,pol_region_present,pol_translation_compatible,pol_translation_basis,env,missense_env,env_coverage,all_orfs_intact,Strand,provirus_type,row_source_role,row_source_generation,row_source_path,row_source_sha256,row_source_bytes,row_source_mtime_utc,rec,missense_rec,rec_dna_identity,rec_protein_identity,rec_coverage,haplotype_evidence,haplotype_pansn_digit,observation_class_v3,observation_class_evidence_v3,source_record_class_v3,source_record_path_v3,source_record_sha256_v3,source_record_bases_v3,source_record_header_v3,extraction_branch_provenance_v3,stable_source_identity_v3,v3_row_origin,v3_supersession_state,representative_ID_Full
NA19705_h2_HML-2_15q25.2_technical_error	NA19705_h2_HML-2_15q25.2_graph_hgsvc3-2024-02-23-mc-chm13_DEGRADED_KCON_1912	HML-2_15q25.2	Technical_Error	Fragment	PRESENT	0ce353bd4db9ac41bdaf917d000791570e2cef8a5cf856d94bb783790df0e0b0	ID_Full,Source_Identifier,Structure,presence_call,observation_state,observation_state_reason,observation_source_kind,source_specific_state,graph_observation_state,QC_State,QC_Reason,Technical_Error_Reason,observation_role,observation_sequence_bytes,observation_sequence_sha256,gag,missense_gag,gag_coverage,pro,missense_pro,pro_coverage,pol,missense_pol,pol_dna_identity,pol_protein_identity,pol_coverage,pol_region_present,pol_translation_compatible,pol_translation_basis,env,missense_env,env_coverage,all_orfs_intact,Strand,provirus_type,row_source_role,row_source_generation,row_source_path,row_source_sha256,row_source_bytes,row_source_mtime_utc,rec,missense_rec,rec_dna_identity,rec_protein_identity,rec_coverage,haplotype_evidence,haplotype_pansn_digit,observation_class_v3,observation_class_evidence_v3,source_record_class_v3,source_record_path_v3,source_record_sha256_v3,source_record_bases_v3,source_record_header_v3,extraction_branch_provenance_v3,stable_source_identity_v3,v3_row_origin,v3_supersession_state,representative_ID_Full
NA19836_h1_HML-2_15q25.2_technical_error	NA19836_h1_HML-2_15q25.2_graph_hgsvc3-2024-02-23-mc-chm13_DEGRADED_KCON_1912	HML-2_15q25.2	Technical_Error	Fragment	PRESENT	0ce353bd4db9ac41bdaf917d000791570e2cef8a5cf856d94bb783790df0e0b0	ID_Full,Source_Identifier,Structure,presence_call,observation_state,observation_state_reason,observation_source_kind,source_specific_state,graph_observation_state,QC_State,QC_Reason,Technical_Error_Reason,observation_role,observation_sequence_bytes,observation_sequence_sha256,gag,missense_gag,gag_coverage,pro,missense_pro,pro_coverage,pol,missense_pol,pol_dna_identity,pol_protein_identity,pol_coverage,pol_region_present,pol_translation_compatible,pol_translation_basis,env,missense_env,env_coverage,all_orfs_intact,Strand,provirus_type,row_source_role,row_source_generation,row_source_path,row_source_sha256,row_source_bytes,row_source_mtime_utc,rec,missense_rec,rec_dna_identity,rec_protein_identity,rec_coverage,haplotype_evidence,haplotype_pansn_digit,observation_class_v3,observation_class_evidence_v3,source_record_class_v3,source_record_path_v3,source_record_sha256_v3,source_record_bases_v3,source_record_header_v3,extraction_branch_provenance_v3,stable_source_identity_v3,v3_row_origin,v3_supersession_state,representative_ID_Full
NA19836_h2_HML-2_15q25.2_technical_error	NA19836_h2_HML-2_15q25.2_graph_hgsvc3-2024-02-23-mc-chm13_DEGRADED_KCON_1912	HML-2_15q25.2	Technical_Error	Fragment	PRESENT	0ce353bd4db9ac41bdaf917d000791570e2cef8a5cf856d94bb783790df0e0b0	ID_Full,Source_Identifier,Structure,presence_call,observation_state,observation_state_reason,observation_source_kind,source_specific_state,graph_observation_state,QC_State,QC_Reason,Technical_Error_Reason,observation_role,observation_sequence_bytes,observation_sequence_sha256,gag,missense_gag,gag_coverage,pro,missense_pro,pro_coverage,pol,missense_pol,pol_dna_identity,pol_protein_identity,pol_coverage,pol_region_present,pol_translation_compatible,pol_translation_basis,env,missense_env,env_coverage,all_orfs_intact,Strand,provirus_type,row_source_role,row_source_generation,row_source_path,row_source_sha256,row_source_bytes,row_source_mtime_utc,rec,missense_rec,rec_dna_identity,rec_protein_identity,rec_coverage,haplotype_evidence,haplotype_pansn_digit,observation_class_v3,observation_class_evidence_v3,source_record_class_v3,source_record_path_v3,source_record_sha256_v3,source_record_bases_v3,source_record_header_v3,extraction_branch_provenance_v3,stable_source_identity_v3,v3_row_origin,v3_supersession_state,representative_ID_Full
NA19983_h1_HML-2_15q25.2_technical_error	NA19983_h1_HML-2_15q25.2_graph_hgsvc3-2024-02-23-mc-chm13_DEGRADED_KCON_1912	HML-2_15q25.2	Technical_Error	Fragment	PRESENT	0ce353bd4db9ac41bdaf917d000791570e2cef8a5cf856d94bb783790df0e0b0	ID_Full,Source_Identifier,Structure,presence_call,observation_state,observation_state_reason,observation_source_kind,source_specific_state,graph_observation_state,QC_State,QC_Reason,Technical_Error_Reason,observation_role,observation_sequence_bytes,observation_sequence_sha256,gag,missense_gag,gag_coverage,pro,missense_pro,pro_coverage,pol,missense_pol,pol_dna_identity,pol_protein_identity,pol_coverage,pol_region_present,pol_translation_compatible,pol_translation_basis,env,missense_env,env_coverage,all_orfs_intact,Strand,provirus_type,row_source_role,row_source_generation,row_source_path,row_source_sha256,row_source_bytes,row_source_mtime_utc,rec,missense_rec,rec_dna_identity,rec_protein_identity,rec_coverage,haplotype_evidence,haplotype_pansn_digit,observation_class_v3,observation_class_evidence_v3,source_record_class_v3,source_record_path_v3,source_record_sha256_v3,source_record_bases_v3,source_record_header_v3,extraction_branch_provenance_v3,stable_source_identity_v3,v3_row_origin,v3_supersession_state,representative_ID_Full
NA19983_h2_HML-2_15q25.2_technical_error	NA19983_h2_HML-2_15q25.2_graph_hgsvc3-2024-02-23-mc-chm13_DEGRADED_KCON_1912	HML-2_15q25.2	Technical_Error	Fragment	PRESENT	0a2db8cd8a73770191c13459873133b2cdd1e0b663915ab31d730ce3a9d7446c	ID_Full,Source_Identifier,Structure,presence_call,observation_state,observation_state_reason,observation_source_kind,source_specific_state,graph_observation_state,QC_State,QC_Reason,Technical_Error_Reason,observation_role,observation_sequence_bytes,observation_sequence_sha256,gag,missense_gag,gag_coverage,pro,missense_pro,pro_coverage,pol,missense_pol,pol_dna_identity,pol_protein_identity,pol_coverage,pol_region_present,pol_translation_compatible,pol_translation_basis,env,missense_env,env_coverage,all_orfs_intact,Strand,provirus_type,row_source_role,row_source_generation,row_source_path,row_source_sha256,row_source_bytes,row_source_mtime_utc,rec,missense_rec,rec_dna_identity,rec_protein_identity,rec_coverage,haplotype_evidence,haplotype_pansn_digit,observation_class_v3,observation_class_evidence_v3,source_record_class_v3,source_record_path_v3,source_record_sha256_v3,source_record_bases_v3,source_record_header_v3,extraction_branch_provenance_v3,stable_source_identity_v3,v3_row_origin,v3_supersession_state,representative_ID_Full
NA20355_h1_HML-2_15q25.2_technical_error	NA20355_h1_HML-2_15q25.2_graph_hgsvc3-2024-02-23-mc-chm13_DEGRADED_KCON_1912	HML-2_15q25.2	Technical_Error	Fragment	PRESENT	0ce353bd4db9ac41bdaf917d000791570e2cef8a5cf856d94bb783790df0e0b0	ID_Full,Source_Identifier,Structure,presence_call,observation_state,observation_state_reason,observation_source_kind,source_specific_state,graph_observation_state,QC_State,QC_Reason,Technical_Error_Reason,observation_role,observation_sequence_bytes,observation_sequence_sha256,gag,missense_gag,gag_coverage,pro,missense_pro,pro_coverage,pol,missense_pol,pol_dna_identity,pol_protein_identity,pol_coverage,pol_region_present,pol_translation_compatible,pol_translation_basis,env,missense_env,env_coverage,all_orfs_intact,Strand,provirus_type,row_source_role,row_source_generation,row_source_path,row_source_sha256,row_source_bytes,row_source_mtime_utc,rec,missense_rec,rec_dna_identity,rec_protein_identity,rec_coverage,haplotype_evidence,haplotype_pansn_digit,observation_class_v3,observation_class_evidence_v3,source_record_class_v3,source_record_path_v3,source_record_sha256_v3,source_record_bases_v3,source_record_header_v3,extraction_branch_provenance_v3,stable_source_identity_v3,v3_row_origin,v3_supersession_state,representative_ID_Full
NA20355_h2_HML-2_15q25.2_technical_error	NA20355_h2_HML-2_15q25.2_graph_hgsvc3-2024-02-23-mc-chm13_DEGRADED_KCON_1912	HML-2_15q25.2	Technical_Error	Fragment	PRESENT	0ce353bd4db9ac41bdaf917d000791570e2cef8a5cf856d94bb783790df0e0b0	ID_Full,Source_Identifier,Structure,presence_call,observation_state,observation_state_reason,observation_source_kind,source_specific_state,graph_observation_state,QC_State,QC_Reason,Technical_Error_Reason,observation_role,observation_sequence_bytes,observation_sequence_sha256,gag,missense_gag,gag_coverage,pro,missense_pro,pro_coverage,pol,missense_pol,pol_dna_identity,pol_protein_identity,pol_coverage,pol_region_present,pol_translation_compatible,pol_translation_basis,env,missense_env,env_coverage,all_orfs_intact,Strand,provirus_type,row_source_role,row_source_generation,row_source_path,row_source_sha256,row_source_bytes,row_source_mtime_utc,rec,missense_rec,rec_dna_identity,rec_protein_identity,rec_coverage,haplotype_evidence,haplotype_pansn_digit,observation_class_v3,observation_class_evidence_v3,source_record_class_v3,source_record_path_v3,source_record_sha256_v3,source_record_bases_v3,source_record_header_v3,extraction_branch_provenance_v3,stable_source_identity_v3,v3_row_origin,v3_supersession_state,representative_ID_Full
NA20509_h1_HML-2_15q25.2_technical_error	NA20509_h1_HML-2_15q25.2_graph_hgsvc3-2024-02-23-mc-chm13_DEGRADED_KCON_1912	HML-2_15q25.2	Technical_Error	Fragment	PRESENT	4e25cba98474e994ad79b99d2a5b22b63f1abffe739ba953b31f2be3cb6aa604	ID_Full,Source_Identifier,Structure,presence_call,observation_state,observation_state_reason,observation_source_kind,source_specific_state,graph_observation_state,QC_State,QC_Reason,Technical_Error_Reason,observation_role,observation_sequence_bytes,observation_sequence_sha256,gag,missense_gag,gag_coverage,pro,missense_pro,pro_coverage,pol,missense_pol,pol_dna_identity,pol_protein_identity,pol_coverage,pol_region_present,pol_translation_compatible,pol_translation_basis,env,missense_env,env_coverage,all_orfs_intact,Strand,provirus_type,row_source_role,row_source_generation,row_source_path,row_source_sha256,row_source_bytes,row_source_mtime_utc,rec,missense_rec,rec_dna_identity,rec_protein_identity,rec_coverage,haplotype_evidence,haplotype_pansn_digit,observation_class_v3,observation_class_evidence_v3,source_record_class_v3,source_record_path_v3,source_record_sha256_v3,source_record_bases_v3,source_record_header_v3,extraction_branch_provenance_v3,stable_source_identity_v3,v3_row_origin,v3_supersession_state,representative_ID_Full
NA20509_h2_HML-2_15q25.2_technical_error	NA20509_h2_HML-2_15q25.2_graph_hgsvc3-2024-02-23-mc-chm13_DEGRADED_KCON_1912	HML-2_15q25.2	Technical_Error	Fragment	PRESENT	0ce353bd4db9ac41bdaf917d000791570e2cef8a5cf856d94bb783790df0e0b0	ID_Full,Source_Identifier,Structure,presence_call,observation_state,observation_state_reason,observation_source_kind,source_specific_state,graph_observation_state,QC_State,QC_Reason,Technical_Error_Reason,observation_role,observation_sequence_bytes,observation_sequence_sha256,gag,missense_gag,gag_coverage,pro,missense_pro,pro_coverage,pol,missense_pol,pol_dna_identity,pol_protein_identity,pol_coverage,pol_region_present,pol_translation_compatible,pol_translation_basis,env,missense_env,env_coverage,all_orfs_intact,Strand,provirus_type,row_source_role,row_source_generation,row_source_path,row_source_sha256,row_source_bytes,row_source_mtime_utc,rec,missense_rec,rec_dna_identity,rec_protein_identity,rec_coverage,haplotype_evidence,haplotype_pansn_digit,observation_class_v3,observation_class_evidence_v3,source_record_class_v3,source_record_path_v3,source_record_sha256_v3,source_record_bases_v3,source_record_header_v3,extraction_branch_provenance_v3,stable_source_identity_v3,v3_row_origin,v3_supersession_state,representative_ID_Full
NA20847_h1_HML-2_15q25.2_technical_error	NA20847_h1_HML-2_15q25.2_graph_hgsvc3-2024-02-23-mc-chm13_DEGRADED_KCON_1912	HML-2_15q25.2	Technical_Error	Fragment	PRESENT	99be1d95885bb7c17b20152b994917289493dd72b300b06c4119f3354af51592	ID_Full,Source_Identifier,Structure,presence_call,observation_state,observation_state_reason,observation_source_kind,source_specific_state,graph_observation_state,QC_State,QC_Reason,Technical_Error_Reason,observation_role,observation_sequence_bytes,observation_sequence_sha256,gag,missense_gag,gag_coverage,pro,missense_pro,pro_coverage,pol,missense_pol,pol_dna_identity,pol_protein_identity,pol_coverage,pol_region_present,pol_translation_compatible,pol_translation_basis,env,missense_env,env_coverage,all_orfs_intact,Strand,provirus_type,row_source_role,row_source_generation,row_source_path,row_source_sha256,row_source_bytes,row_source_mtime_utc,rec,missense_rec,rec_dna_identity,rec_protein_identity,rec_coverage,haplotype_evidence,haplotype_pansn_digit,observation_class_v3,observation_class_evidence_v3,source_record_class_v3,source_record_path_v3,source_record_sha256_v3,source_record_bases_v3,source_record_header_v3,extraction_branch_provenance_v3,stable_source_identity_v3,v3_row_origin,v3_supersession_state,representative_ID_Full
NA20847_h2_HML-2_15q25.2_technical_error	NA20847_h2_HML-2_15q25.2_graph_hgsvc3-2024-02-23-mc-chm13_DEGRADED_KCON_1912	HML-2_15q25.2	Technical_Error	Fragment	PRESENT	1fed33ada8a14e5bb84feb53a875d05767c8b21bc055c1e4714828c581b17e39	ID_Full,Source_Identifier,Structure,presence_call,observation_state,observation_state_reason,observation_source_kind,source_specific_state,graph_observation_state,QC_State,QC_Reason,Technical_Error_Reason,observation_role,observation_sequence_bytes,observation_sequence_sha256,gag,missense_gag,gag_coverage,pro,missense_pro,pro_coverage,pol,missense_pol,pol_dna_identity,pol_protein_identity,pol_coverage,pol_region_present,pol_translation_compatible,pol_translation_basis,env,missense_env,env_coverage,all_orfs_intact,Strand,provirus_type,row_source_role,row_source_generation,row_source_path,row_source_sha256,row_source_bytes,row_source_mtime_utc,rec,missense_rec,rec_dna_identity,rec_protein_identity,rec_coverage,haplotype_evidence,haplotype_pansn_digit,observation_class_v3,observation_class_evidence_v3,source_record_class_v3,source_record_path_v3,source_record_sha256_v3,source_record_bases_v3,source_record_header_v3,extraction_branch_provenance_v3,stable_source_identity_v3,v3_row_origin,v3_supersession_state,representative_ID_Full
NA21487_h1_HML-2_15q25.2_technical_error	NA21487_h1_HML-2_15q25.2_graph_hgsvc3-2024-02-23-mc-chm13_DEGRADED_KCON_1912	HML-2_15q25.2	Technical_Error	Fragment	PRESENT	8a9bdef2ddce8ba2afa3b66c360ebbcf09daba902b3b9f030adb52740754f79d	ID_Full,Source_Identifier,Structure,presence_call,observation_state,observation_state_reason,observation_source_kind,source_specific_state,graph_observation_state,QC_State,QC_Reason,Technical_Error_Reason,observation_role,observation_sequence_bytes,observation_sequence_sha256,gag,missense_gag,gag_coverage,pro,missense_pro,pro_coverage,pol,missense_pol,pol_dna_identity,pol_protein_identity,pol_coverage,pol_region_present,pol_translation_compatible,pol_translation_basis,env,missense_env,env_coverage,all_orfs_intact,Strand,provirus_type,row_source_role,row_source_generation,row_source_path,row_source_sha256,row_source_bytes,row_source_mtime_utc,rec,missense_rec,rec_dna_identity,rec_protein_identity,rec_coverage,haplotype_evidence,haplotype_pansn_digit,observation_class_v3,observation_class_evidence_v3,source_record_class_v3,source_record_path_v3,source_record_sha256_v3,source_record_bases_v3,source_record_header_v3,extraction_branch_provenance_v3,stable_source_identity_v3,v3_row_origin,v3_supersession_state,representative_ID_Full
NA21487_h2_HML-2_15q25.2_technical_error	NA21487_h2_HML-2_15q25.2_graph_hgsvc3-2024-02-23-mc-chm13_DEGRADED_KCON_1912	HML-2_15q25.2	Technical_Error	Fragment	PRESENT	8bb3be0242599901b9efb9e224544eee0608837dd2d1a1cb19070c503b622bcc	ID_Full,Source_Identifier,Structure,presence_call,observation_state,observation_state_reason,observation_source_kind,source_specific_state,graph_observation_state,QC_State,QC_Reason,Technical_Error_Reason,observation_role,observation_sequence_bytes,observation_sequence_sha256,gag,missense_gag,gag_coverage,pro,missense_pro,pro_coverage,pol,missense_pol,pol_dna_identity,pol_protein_identity,pol_coverage,pol_region_present,pol_translation_compatible,pol_translation_basis,env,missense_env,env_coverage,all_orfs_intact,Strand,provirus_type,row_source_role,row_source_generation,row_source_path,row_source_sha256,row_source_bytes,row_source_mtime_utc,rec,missense_rec,rec_dna_identity,rec_protein_identity,rec_coverage,haplotype_evidence,haplotype_pansn_digit,observation_class_v3,observation_class_evidence_v3,source_record_class_v3,source_record_path_v3,source_record_sha256_v3,source_record_bases_v3,source_record_header_v3,extraction_branch_provenance_v3,stable_source_identity_v3,v3_row_origin,v3_supersession_state,representative_ID_Full
NA24385_h1_HML-2_15q25.2_technical_error	NA24385_h1_HML-2_15q25.2_graph_hgsvc3-2024-02-23-mc-chm13_DEGRADED_KCON_1912	HML-2_15q25.2	Technical_Error	Fragment	PRESENT	4c9102bbfeae8df57d0f2a66c7dd1f52989bc494835d5451060e766a3c359659	ID_Full,Source_Identifier,Structure,presence_call,observation_state,observation_state_reason,observation_source_kind,source_specific_state,graph_observation_state,QC_State,QC_Reason,Technical_Error_Reason,observation_role,observation_sequence_bytes,observation_sequence_sha256,gag,missense_gag,gag_coverage,pro,missense_pro,pro_coverage,pol,missense_pol,pol_dna_identity,pol_protein_identity,pol_coverage,pol_region_present,pol_translation_compatible,pol_translation_basis,env,missense_env,env_coverage,all_orfs_intact,Strand,provirus_type,row_source_role,row_source_generation,row_source_path,row_source_sha256,row_source_bytes,row_source_mtime_utc,rec,missense_rec,rec_dna_identity,rec_protein_identity,rec_coverage,haplotype_evidence,haplotype_pansn_digit,observation_class_v3,observation_class_evidence_v3,source_record_class_v3,source_record_path_v3,source_record_sha256_v3,source_record_bases_v3,source_record_header_v3,extraction_branch_provenance_v3,stable_source_identity_v3,v3_row_origin,v3_supersession_state,representative_ID_Full
NA24385_h2_HML-2_15q25.2_technical_error	NA24385_h2_HML-2_15q25.2_graph_hgsvc3-2024-02-23-mc-chm13_DEGRADED_KCON_1912	HML-2_15q25.2	Technical_Error	Fragment	PRESENT	4c9102bbfeae8df57d0f2a66c7dd1f52989bc494835d5451060e766a3c359659	ID_Full,Source_Identifier,Structure,presence_call,observation_state,observation_state_reason,observation_source_kind,source_specific_state,graph_observation_state,QC_State,QC_Reason,Technical_Error_Reason,observation_role,observation_sequence_bytes,observation_sequence_sha256,gag,missense_gag,gag_coverage,pro,missense_pro,pro_coverage,pol,missense_pol,pol_dna_identity,pol_protein_identity,pol_coverage,pol_region_present,pol_translation_compatible,pol_translation_basis,env,missense_env,env_coverage,all_orfs_intact,Strand,provirus_type,row_source_role,row_source_generation,row_source_path,row_source_sha256,row_source_bytes,row_source_mtime_utc,rec,missense_rec,rec_dna_identity,rec_protein_identity,rec_coverage,haplotype_evidence,haplotype_pansn_digit,observation_class_v3,observation_class_evidence_v3,source_record_class_v3,source_record_path_v3,source_record_sha256_v3,source_record_bases_v3,source_record_header_v3,extraction_branch_provenance_v3,stable_source_identity_v3,v3_row_origin,v3_supersession_state,representative_ID_Full
HG00514_h1_HML-2_22p13_placeholder	HG00514_h1_HML-2_22p13_graph_hgsvc3_linked_recovery	HML-2_22p13	Technical_Error	Fragment	PRESENT	92d486c141e4af1c2e4c7920821e7aa86db6088da0d2bbc0007da196e2490405	ID_Full,Source_Identifier,Structure,presence_call,observation_state,observation_state_reason,observation_source_kind,source_specific_state,graph_observation_state,QC_Reason,Technical_Error_Reason,observation_role,observation_sequence_bytes,observation_sequence_sha256,gag,missense_gag,gag_coverage,pro,missense_pro,pro_coverage,pol,missense_pol,pol_dna_identity,pol_protein_identity,pol_coverage,pol_region_present,pol_translation_compatible,pol_translation_basis,env,missense_env,env_dna_identity,env_protein_identity,env_coverage,all_orfs_intact,Strand,provirus_type,row_source_role,row_source_generation,row_source_path,row_source_sha256,row_source_bytes,row_source_mtime_utc,rec,missense_rec,rec_dna_identity,rec_protein_identity,rec_coverage,haplotype_evidence,haplotype_pansn_digit,observation_class_v3,observation_class_evidence_v3,source_record_class_v3,source_record_path_v3,source_record_sha256_v3,source_record_bases_v3,source_record_header_v3,extraction_branch_provenance_v3,stable_source_identity_v3,v3_row_origin,v3_supersession_state,representative_ID_Full
HG00171_h2_HML-2_4q35.2_hg38_placeholder	HG00171_h2_HML-2_4q35.2_hg38_graph_hgsvc3_linked_recovery	HML-2_4q35.2_hg38	Technical_Error	Fragment	PRESENT	ee79df4e7249fd972078c16804f127b06112ebd0cd16e5ba6a607b9e180b1c55	ID_Full,Source_Identifier,Structure,presence_call,observation_state,observation_state_reason,observation_source_kind,source_specific_state,graph_observation_state,QC_Reason,Technical_Error_Reason,observation_role,observation_sequence_bytes,observation_sequence_sha256,gag,missense_gag,gag_coverage,pro,missense_pro,pro_coverage,pol,missense_pol,pol_dna_identity,pol_protein_identity,pol_coverage,pol_region_present,pol_translation_compatible,pol_translation_basis,env,missense_env,env_dna_identity,env_protein_identity,env_coverage,all_orfs_intact,Strand,provirus_type,row_source_role,row_source_generation,row_source_path,row_source_sha256,row_source_bytes,row_source_mtime_utc,rec,missense_rec,rec_dna_identity,rec_protein_identity,rec_coverage,haplotype_evidence,haplotype_pansn_digit,observation_class_v3,observation_class_evidence_v3,source_record_class_v3,source_record_path_v3,source_record_sha256_v3,source_record_bases_v3,source_record_header_v3,extraction_branch_provenance_v3,stable_source_identity_v3,v3_row_origin,v3_supersession_state,representative_ID_Full
HG00268_h1_HML-2_4q35.2_hg38_placeholder	HG00268_h1_HML-2_4q35.2_hg38_graph_hgsvc3_linked_recovery	HML-2_4q35.2_hg38	Technical_Error	Fragment	PRESENT	416183a929cbc93be011252ec5dbc845394ba1cdb20bbf3f03be6e48f0df7e32	ID_Full,Source_Identifier,Structure,presence_call,observation_state,observation_state_reason,observation_source_kind,source_specific_state,graph_observation_state,QC_Reason,Technical_Error_Reason,observation_role,observation_sequence_bytes,observation_sequence_sha256,gag,missense_gag,gag_coverage,pro,missense_pro,pro_coverage,pol,missense_pol,pol_dna_identity,pol_protein_identity,pol_coverage,pol_region_present,pol_translation_compatible,pol_translation_basis,env,missense_env,env_dna_identity,env_protein_identity,env_coverage,all_orfs_intact,Strand,provirus_type,row_source_role,row_source_generation,row_source_path,row_source_sha256,row_source_bytes,row_source_mtime_utc,rec,missense_rec,rec_dna_identity,rec_protein_identity,rec_coverage,haplotype_evidence,haplotype_pansn_digit,observation_class_v3,observation_class_evidence_v3,source_record_class_v3,source_record_path_v3,source_record_sha256_v3,source_record_bases_v3,source_record_header_v3,extraction_branch_provenance_v3,stable_source_identity_v3,v3_row_origin,v3_supersession_state,representative_ID_Full
HG00268_h2_HML-2_4q35.2_hg38_placeholder	HG00268_h2_HML-2_4q35.2_hg38_graph_hgsvc3_linked_recovery	HML-2_4q35.2_hg38	Technical_Error	Fragment	PRESENT	416183a929cbc93be011252ec5dbc845394ba1cdb20bbf3f03be6e48f0df7e32	ID_Full,Source_Identifier,Structure,presence_call,observation_state,observation_state_reason,observation_source_kind,source_specific_state,graph_observation_state,QC_Reason,Technical_Error_Reason,observation_role,observation_sequence_bytes,observation_sequence_sha256,gag,missense_gag,gag_coverage,pro,missense_pro,pro_coverage,pol,missense_pol,pol_dna_identity,pol_protein_identity,pol_coverage,pol_region_present,pol_translation_compatible,pol_translation_basis,env,missense_env,env_dna_identity,env_protein_identity,env_coverage,all_orfs_intact,Strand,provirus_type,row_source_role,row_source_generation,row_source_path,row_source_sha256,row_source_bytes,row_source_mtime_utc,rec,missense_rec,rec_dna_identity,rec_protein_identity,rec_coverage,haplotype_evidence,haplotype_pansn_digit,observation_class_v3,observation_class_evidence_v3,source_record_class_v3,source_record_path_v3,source_record_sha256_v3,source_record_bases_v3,source_record_header_v3,extraction_branch_provenance_v3,stable_source_identity_v3,v3_row_origin,v3_supersession_state,representative_ID_Full
HG00512_h1_HML-2_4q35.2_hg38_placeholder	HG00512_h1_HML-2_4q35.2_hg38_graph_hgsvc3_linked_recovery	HML-2_4q35.2_hg38	Technical_Error	Fragment	PRESENT	3d3e7e0ac0306537d037be2cb49abe88f48617cc0e99942239b355aec803653d	ID_Full,Source_Identifier,Structure,presence_call,observation_state,observation_state_reason,observation_source_kind,source_specific_state,graph_observation_state,QC_Reason,Technical_Error_Reason,observation_role,observation_sequence_bytes,observation_sequence_sha256,gag,missense_gag,gag_coverage,pro,missense_pro,pro_coverage,pol,missense_pol,pol_dna_identity,pol_protein_identity,pol_coverage,pol_region_present,pol_translation_compatible,pol_translation_basis,env,missense_env,env_dna_identity,env_protein_identity,env_coverage,all_orfs_intact,Strand,provirus_type,row_source_role,row_source_generation,row_source_path,row_source_sha256,row_source_bytes,row_source_mtime_utc,rec,missense_rec,rec_dna_identity,rec_protein_identity,rec_coverage,haplotype_evidence,haplotype_pansn_digit,observation_class_v3,observation_class_evidence_v3,source_record_class_v3,source_record_path_v3,source_record_sha256_v3,source_record_bases_v3,source_record_header_v3,extraction_branch_provenance_v3,stable_source_identity_v3,v3_row_origin,v3_supersession_state,representative_ID_Full
HG00731_h1_HML-2_4q35.2_hg38_placeholder	HG00731_h1_HML-2_4q35.2_hg38_graph_hgsvc3_linked_recovery	HML-2_4q35.2_hg38	Technical_Error	Fragment	PRESENT	3064d4385e14b9341434f950a11f331f4b8cfea7dd09d2e5f919fb654590212c	ID_Full,Source_Identifier,Structure,presence_call,observation_state,observation_state_reason,observation_source_kind,source_specific_state,graph_observation_state,QC_Reason,Technical_Error_Reason,observation_role,observation_sequence_bytes,observation_sequence_sha256,gag,missense_gag,gag_coverage,pro,missense_pro,pro_coverage,pol,missense_pol,pol_dna_identity,pol_protein_identity,pol_coverage,pol_region_present,pol_translation_compatible,pol_translation_basis,env,missense_env,env_dna_identity,env_protein_identity,env_coverage,all_orfs_intact,Strand,provirus_type,row_source_role,row_source_generation,row_source_path,row_source_sha256,row_source_bytes,row_source_mtime_utc,rec,missense_rec,rec_dna_identity,rec_protein_identity,rec_coverage,haplotype_evidence,haplotype_pansn_digit,observation_class_v3,observation_class_evidence_v3,source_record_class_v3,source_record_path_v3,source_record_sha256_v3,source_record_bases_v3,source_record_header_v3,extraction_branch_provenance_v3,stable_source_identity_v3,v3_row_origin,v3_supersession_state,representative_ID_Full
HG01114_h2_HML-2_4q35.2_hg38_placeholder	HG01114_h2_HML-2_4q35.2_hg38_graph_hgsvc3_linked_recovery	HML-2_4q35.2_hg38	Technical_Error	Fragment	PRESENT	2c553d71afea3bb1973732edd2f1be7e6da0f8e115e75deeaaedd3467c499d0c	ID_Full,Source_Identifier,Structure,presence_call,observation_state,observation_state_reason,observation_source_kind,source_specific_state,graph_observation_state,QC_Reason,Technical_Error_Reason,observation_role,observation_sequence_bytes,observation_sequence_sha256,gag,missense_gag,gag_coverage,pro,missense_pro,pro_coverage,pol,missense_pol,pol_dna_identity,pol_protein_identity,pol_coverage,pol_region_present,pol_translation_compatible,pol_translation_basis,env,missense_env,env_dna_identity,env_protein_identity,env_coverage,all_orfs_intact,Strand,provirus_type,row_source_role,row_source_generation,row_source_path,row_source_sha256,row_source_bytes,row_source_mtime_utc,rec,missense_rec,rec_dna_identity,rec_protein_identity,rec_coverage,haplotype_evidence,haplotype_pansn_digit,observation_class_v3,observation_class_evidence_v3,source_record_class_v3,source_record_path_v3,source_record_sha256_v3,source_record_bases_v3,source_record_header_v3,extraction_branch_provenance_v3,stable_source_identity_v3,v3_row_origin,v3_supersession_state,representative_ID_Full
HG01457_h1_HML-2_4q35.2_hg38_placeholder	HG01457_h1_HML-2_4q35.2_hg38_graph_hgsvc3_linked_recovery	HML-2_4q35.2_hg38	Technical_Error	Fragment	PRESENT	c552ade8534bd0a4cbebb5fb1dbac5b962636b8251dc10a31934f9b964e491a4	ID_Full,Source_Identifier,Structure,presence_call,observation_state,observation_state_reason,observation_source_kind,source_specific_state,graph_observation_state,QC_Reason,Technical_Error_Reason,observation_role,observation_sequence_bytes,observation_sequence_sha256,gag,missense_gag,gag_coverage,pro,missense_pro,pro_coverage,pol,missense_pol,pol_dna_identity,pol_protein_identity,pol_coverage,pol_region_present,pol_translation_compatible,pol_translation_basis,env,missense_env,env_dna_identity,env_protein_identity,env_coverage,all_orfs_intact,Strand,provirus_type,row_source_role,row_source_generation,row_source_path,row_source_sha256,row_source_bytes,row_source_mtime_utc,rec,missense_rec,rec_dna_identity,rec_protein_identity,rec_coverage,haplotype_evidence,haplotype_pansn_digit,observation_class_v3,observation_class_evidence_v3,source_record_class_v3,source_record_path_v3,source_record_sha256_v3,source_record_bases_v3,source_record_header_v3,extraction_branch_provenance_v3,stable_source_identity_v3,v3_row_origin,v3_supersession_state,representative_ID_Full
HG01505_h2_HML-2_4q35.2_hg38_placeholder	HG01505_h2_HML-2_4q35.2_hg38_graph_hgsvc3_linked_recovery	HML-2_4q35.2_hg38	Technical_Error	Fragment	PRESENT	6d85a062333ad8cd2aab5ea7012c7eb0f3eef67df3e433f7b9508e2aca41283a	ID_Full,Source_Identifier,Structure,presence_call,observation_state,observation_state_reason,observation_source_kind,source_specific_state,graph_observation_state,QC_Reason,Technical_Error_Reason,observation_role,observation_sequence_bytes,observation_sequence_sha256,gag,missense_gag,gag_coverage,pro,missense_pro,pro_coverage,pol,missense_pol,pol_dna_identity,pol_protein_identity,pol_coverage,pol_region_present,pol_translation_compatible,pol_translation_basis,env,missense_env,env_dna_identity,env_protein_identity,env_coverage,all_orfs_intact,Strand,provirus_type,row_source_role,row_source_generation,row_source_path,row_source_sha256,row_source_bytes,row_source_mtime_utc,rec,missense_rec,rec_dna_identity,rec_protein_identity,rec_coverage,haplotype_evidence,haplotype_pansn_digit,observation_class_v3,observation_class_evidence_v3,source_record_class_v3,source_record_path_v3,source_record_sha256_v3,source_record_bases_v3,source_record_header_v3,extraction_branch_provenance_v3,stable_source_identity_v3,v3_row_origin,v3_supersession_state,representative_ID_Full
HG01596_h2_HML-2_4q35.2_hg38_placeholder	HG01596_h2_HML-2_4q35.2_hg38_graph_hgsvc3_linked_recovery	HML-2_4q35.2_hg38	Technical_Error	Fragment	PRESENT	0ff97c87151aad3df8d9ca996c9f0aa6694b28ca170dbe7c48291df245848fa4	ID_Full,Source_Identifier,Structure,presence_call,observation_state,observation_state_reason,observation_source_kind,source_specific_state,graph_observation_state,QC_Reason,Technical_Error_Reason,observation_role,observation_sequence_bytes,observation_sequence_sha256,gag,missense_gag,gag_coverage,pro,missense_pro,pro_coverage,pol,missense_pol,pol_dna_identity,pol_protein_identity,pol_coverage,pol_region_present,pol_translation_compatible,pol_translation_basis,env,missense_env,env_dna_identity,env_protein_identity,env_coverage,all_orfs_intact,Strand,provirus_type,row_source_role,row_source_generation,row_source_path,row_source_sha256,row_source_bytes,row_source_mtime_utc,rec,missense_rec,rec_dna_identity,rec_protein_identity,rec_coverage,haplotype_evidence,haplotype_pansn_digit,observation_class_v3,observation_class_evidence_v3,source_record_class_v3,source_record_path_v3,source_record_sha256_v3,source_record_bases_v3,source_record_header_v3,extraction_branch_provenance_v3,stable_source_identity_v3,v3_row_origin,v3_supersession_state,representative_ID_Full
HG02492_h1_HML-2_4q35.2_hg38_placeholder	HG02492_h1_HML-2_4q35.2_hg38_graph_hgsvc3_linked_recovery	HML-2_4q35.2_hg38	Technical_Error	Fragment	PRESENT	ecb9a40f91447e7ea0aa94cade38e2368cbcc2ebbbda57808a9f7b90a4ec835c	ID_Full,Source_Identifier,Structure,presence_call,observation_state,observation_state_reason,observation_source_kind,source_specific_state,graph_observation_state,QC_Reason,Technical_Error_Reason,observation_role,observation_sequence_bytes,observation_sequence_sha256,gag,missense_gag,gag_coverage,pro,missense_pro,pro_coverage,pol,missense_pol,pol_dna_identity,pol_protein_identity,pol_coverage,pol_region_present,pol_translation_compatible,pol_translation_basis,env,missense_env,env_dna_identity,env_protein_identity,env_coverage,all_orfs_intact,Strand,provirus_type,row_source_role,row_source_generation,row_source_path,row_source_sha256,row_source_bytes,row_source_mtime_utc,rec,missense_rec,rec_dna_identity,rec_protein_identity,rec_coverage,haplotype_evidence,haplotype_pansn_digit,observation_class_v3,observation_class_evidence_v3,source_record_class_v3,source_record_path_v3,source_record_sha256_v3,source_record_bases_v3,source_record_header_v3,extraction_branch_provenance_v3,stable_source_identity_v3,v3_row_origin,v3_supersession_state,representative_ID_Full
HG02554_h1_HML-2_4q35.2_hg38_placeholder	HG02554_h1_HML-2_4q35.2_hg38_graph_hgsvc3_linked_recovery	HML-2_4q35.2_hg38	Technical_Error	Fragment	PRESENT	b4a478aa7863f622d2fa112be3b1161a542a24ae79ca99a04cbe4580df6f6867	ID_Full,Source_Identifier,Structure,presence_call,observation_state,observation_state_reason,observation_source_kind,source_specific_state,graph_observation_state,QC_Reason,Technical_Error_Reason,observation_role,observation_sequence_bytes,observation_sequence_sha256,gag,missense_gag,gag_coverage,pro,missense_pro,pro_coverage,pol,missense_pol,pol_dna_identity,pol_protein_identity,pol_coverage,pol_region_present,pol_translation_compatible,pol_translation_basis,env,missense_env,env_dna_identity,env_protein_identity,env_coverage,all_orfs_intact,Strand,provirus_type,row_source_role,row_source_generation,row_source_path,row_source_sha256,row_source_bytes,row_source_mtime_utc,rec,missense_rec,rec_dna_identity,rec_protein_identity,rec_coverage,haplotype_evidence,haplotype_pansn_digit,observation_class_v3,observation_class_evidence_v3,source_record_class_v3,source_record_path_v3,source_record_sha256_v3,source_record_bases_v3,source_record_header_v3,extraction_branch_provenance_v3,stable_source_identity_v3,v3_row_origin,v3_supersession_state,representative_ID_Full
HG02554_h2_HML-2_4q35.2_hg38_placeholder	HG02554_h2_HML-2_4q35.2_hg38_graph_hgsvc3_linked_recovery	HML-2_4q35.2_hg38	Technical_Error	Fragment	PRESENT	ee79df4e7249fd972078c16804f127b06112ebd0cd16e5ba6a607b9e180b1c55	ID_Full,Source_Identifier,Structure,presence_call,observation_state,observation_state_reason,observation_source_kind,source_specific_state,graph_observation_state,QC_Reason,Technical_Error_Reason,observation_role,observation_sequence_bytes,observation_sequence_sha256,gag,missense_gag,gag_coverage,pro,missense_pro,pro_coverage,pol,missense_pol,pol_dna_identity,pol_protein_identity,pol_coverage,pol_region_present,pol_translation_compatible,pol_translation_basis,env,missense_env,env_dna_identity,env_protein_identity,env_coverage,all_orfs_intact,Strand,provirus_type,row_source_role,row_source_generation,row_source_path,row_source_sha256,row_source_bytes,row_source_mtime_utc,rec,missense_rec,rec_dna_identity,rec_protein_identity,rec_coverage,haplotype_evidence,haplotype_pansn_digit,observation_class_v3,observation_class_evidence_v3,source_record_class_v3,source_record_path_v3,source_record_sha256_v3,source_record_bases_v3,source_record_header_v3,extraction_branch_provenance_v3,stable_source_identity_v3,v3_row_origin,v3_supersession_state,representative_ID_Full
HG03009_h1_HML-2_4q35.2_hg38_placeholder	HG03009_h1_HML-2_4q35.2_hg38_graph_hgsvc3_linked_recovery	HML-2_4q35.2_hg38	Technical_Error	Fragment	PRESENT	b545cebb718bafab71357f25218d59a3bbfcf5e5614342d6761dc03462c0b4ed	ID_Full,Source_Identifier,Structure,presence_call,observation_state,observation_state_reason,observation_source_kind,source_specific_state,graph_observation_state,QC_Reason,Technical_Error_Reason,observation_role,observation_sequence_bytes,observation_sequence_sha256,gag,missense_gag,gag_coverage,pro,missense_pro,pro_coverage,pol,missense_pol,pol_dna_identity,pol_protein_identity,pol_coverage,pol_region_present,pol_translation_compatible,pol_translation_basis,env,missense_env,env_dna_identity,env_protein_identity,env_coverage,all_orfs_intact,Strand,provirus_type,row_source_role,row_source_generation,row_source_path,row_source_sha256,row_source_bytes,row_source_mtime_utc,rec,missense_rec,rec_dna_identity,rec_protein_identity,rec_coverage,haplotype_evidence,haplotype_pansn_digit,observation_class_v3,observation_class_evidence_v3,source_record_class_v3,source_record_path_v3,source_record_sha256_v3,source_record_bases_v3,source_record_header_v3,extraction_branch_provenance_v3,stable_source_identity_v3,v3_row_origin,v3_supersession_state,representative_ID_Full
HG03065_h1_HML-2_4q35.2_hg38_placeholder	HG03065_h1_HML-2_4q35.2_hg38_graph_hgsvc3_linked_recovery	HML-2_4q35.2_hg38	Technical_Error	Fragment	PRESENT	622cacf805828ccc4ce1a162357ea8e35a5df532f3144501949295a039883a02	ID_Full,Source_Identifier,Structure,presence_call,observation_state,observation_state_reason,observation_source_kind,source_specific_state,graph_observation_state,QC_Reason,Technical_Error_Reason,observation_role,observation_sequence_bytes,observation_sequence_sha256,gag,missense_gag,gag_coverage,pro,missense_pro,pro_coverage,pol,missense_pol,pol_dna_identity,pol_protein_identity,pol_coverage,pol_region_present,pol_translation_compatible,pol_translation_basis,env,missense_env,env_dna_identity,env_protein_identity,env_coverage,all_orfs_intact,Strand,provirus_type,row_source_role,row_source_generation,row_source_path,row_source_sha256,row_source_bytes,row_source_mtime_utc,rec,missense_rec,rec_dna_identity,rec_protein_identity,rec_coverage,haplotype_evidence,haplotype_pansn_digit,observation_class_v3,observation_class_evidence_v3,source_record_class_v3,source_record_path_v3,source_record_sha256_v3,source_record_bases_v3,source_record_header_v3,extraction_branch_provenance_v3,stable_source_identity_v3,v3_row_origin,v3_supersession_state,representative_ID_Full
HG03456_h1_HML-2_4q35.2_hg38_placeholder	HG03456_h1_HML-2_4q35.2_hg38_graph_hgsvc3_linked_recovery	HML-2_4q35.2_hg38	Technical_Error	Fragment	PRESENT	2798c21ff82692033610f755edae65ed4b15f676664724cbee882cce3bf263f0	ID_Full,Source_Identifier,Structure,presence_call,observation_state,observation_state_reason,observation_source_kind,source_specific_state,graph_observation_state,QC_Reason,Technical_Error_Reason,observation_role,observation_sequence_bytes,observation_sequence_sha256,gag,missense_gag,gag_coverage,pro,missense_pro,pro_coverage,pol,missense_pol,pol_dna_identity,pol_protein_identity,pol_coverage,pol_region_present,pol_translation_compatible,pol_translation_basis,env,missense_env,env_dna_identity,env_protein_identity,env_coverage,all_orfs_intact,Strand,provirus_type,row_source_role,row_source_generation,row_source_path,row_source_sha256,row_source_bytes,row_source_mtime_utc,rec,missense_rec,rec_dna_identity,rec_protein_identity,rec_coverage,haplotype_evidence,haplotype_pansn_digit,observation_class_v3,observation_class_evidence_v3,source_record_class_v3,source_record_path_v3,source_record_sha256_v3,source_record_bases_v3,source_record_header_v3,extraction_branch_provenance_v3,stable_source_identity_v3,v3_row_origin,v3_supersession_state,representative_ID_Full
HG03732_h1_HML-2_4q35.2_hg38_placeholder	HG03732_h1_HML-2_4q35.2_hg38_graph_hgsvc3_linked_recovery	HML-2_4q35.2_hg38	Technical_Error	Fragment	PRESENT	ed62a9d5d00057ca7ca6f5201c46377c39b0e6b7370885caf706021dd231551c	ID_Full,Source_Identifier,Structure,presence_call,observation_state,observation_state_reason,observation_source_kind,source_specific_state,graph_observation_state,QC_Reason,Technical_Error_Reason,observation_role,observation_sequence_bytes,observation_sequence_sha256,gag,missense_gag,gag_coverage,pro,missense_pro,pro_coverage,pol,missense_pol,pol_dna_identity,pol_protein_identity,pol_coverage,pol_region_present,pol_translation_compatible,pol_translation_basis,env,missense_env,env_dna_identity,env_protein_identity,env_coverage,all_orfs_intact,Strand,provirus_type,row_source_role,row_source_generation,row_source_path,row_source_sha256,row_source_bytes,row_source_mtime_utc,rec,missense_rec,rec_dna_identity,rec_protein_identity,rec_coverage,haplotype_evidence,haplotype_pansn_digit,observation_class_v3,observation_class_evidence_v3,source_record_class_v3,source_record_path_v3,source_record_sha256_v3,source_record_bases_v3,source_record_header_v3,extraction_branch_provenance_v3,stable_source_identity_v3,v3_row_origin,v3_supersession_state,representative_ID_Full
HG03807_h1_HML-2_4q35.2_hg38_placeholder	HG03807_h1_HML-2_4q35.2_hg38_graph_hgsvc3_linked_recovery	HML-2_4q35.2_hg38	Technical_Error	Fragment	PRESENT	87e909005a30f61b235eb914a72317162e3199d760e02a36ead8818b88a51845	ID_Full,Source_Identifier,Structure,presence_call,observation_state,observation_state_reason,observation_source_kind,source_specific_state,graph_observation_state,QC_Reason,Technical_Error_Reason,observation_role,observation_sequence_bytes,observation_sequence_sha256,gag,missense_gag,gag_coverage,pro,missense_pro,pro_coverage,pol,missense_pol,pol_dna_identity,pol_protein_identity,pol_coverage,pol_region_present,pol_translation_compatible,pol_translation_basis,env,missense_env,env_dna_identity,env_protein_identity,env_coverage,all_orfs_intact,Strand,provirus_type,row_source_role,row_source_generation,row_source_path,row_source_sha256,row_source_bytes,row_source_mtime_utc,rec,missense_rec,rec_dna_identity,rec_protein_identity,rec_coverage,haplotype_evidence,haplotype_pansn_digit,observation_class_v3,observation_class_evidence_v3,source_record_class_v3,source_record_path_v3,source_record_sha256_v3,source_record_bases_v3,source_record_header_v3,extraction_branch_provenance_v3,stable_source_identity_v3,v3_row_origin,v3_supersession_state,representative_ID_Full
NA12329_h2_HML-2_4q35.2_hg38_placeholder	NA12329_h2_HML-2_4q35.2_hg38_graph_hgsvc3_linked_recovery	HML-2_4q35.2_hg38	Technical_Error	Fragment	PRESENT	0ff97c87151aad3df8d9ca996c9f0aa6694b28ca170dbe7c48291df245848fa4	ID_Full,Source_Identifier,Structure,presence_call,observation_state,observation_state_reason,observation_source_kind,source_specific_state,graph_observation_state,QC_Reason,Technical_Error_Reason,observation_role,observation_sequence_bytes,observation_sequence_sha256,gag,missense_gag,gag_coverage,pro,missense_pro,pro_coverage,pol,missense_pol,pol_dna_identity,pol_protein_identity,pol_coverage,pol_region_present,pol_translation_compatible,pol_translation_basis,env,missense_env,env_dna_identity,env_protein_identity,env_coverage,all_orfs_intact,Strand,provirus_type,row_source_role,row_source_generation,row_source_path,row_source_sha256,row_source_bytes,row_source_mtime_utc,rec,missense_rec,rec_dna_identity,rec_protein_identity,rec_coverage,haplotype_evidence,haplotype_pansn_digit,observation_class_v3,observation_class_evidence_v3,source_record_class_v3,source_record_path_v3,source_record_sha256_v3,source_record_bases_v3,source_record_header_v3,extraction_branch_provenance_v3,stable_source_identity_v3,v3_row_origin,v3_supersession_state,representative_ID_Full
NA18939_h1_HML-2_4q35.2_hg38_placeholder	NA18939_h1_HML-2_4q35.2_hg38_graph_hgsvc3_linked_recovery	HML-2_4q35.2_hg38	Technical_Error	Fragment	PRESENT	bd2fe75558cb30ad58ba0bc4780f6ea18aa800b6dd0c7fdb7bf008db47ae136a	ID_Full,Source_Identifier,Structure,presence_call,observation_state,observation_state_reason,observation_source_kind,source_specific_state,graph_observation_state,QC_Reason,Technical_Error_Reason,observation_role,observation_sequence_bytes,observation_sequence_sha256,gag,missense_gag,gag_coverage,pro,missense_pro,pro_coverage,pol,missense_pol,pol_dna_identity,pol_protein_identity,pol_coverage,pol_region_present,pol_translation_compatible,pol_translation_basis,env,missense_env,env_dna_identity,env_protein_identity,env_coverage,all_orfs_intact,Strand,provirus_type,row_source_role,row_source_generation,row_source_path,row_source_sha256,row_source_bytes,row_source_mtime_utc,rec,missense_rec,rec_dna_identity,rec_protein_identity,rec_coverage,haplotype_evidence,haplotype_pansn_digit,observation_class_v3,observation_class_evidence_v3,source_record_class_v3,source_record_path_v3,source_record_sha256_v3,source_record_bases_v3,source_record_header_v3,extraction_branch_provenance_v3,stable_source_identity_v3,v3_row_origin,v3_supersession_state,representative_ID_Full
NA19239_h1_HML-2_4q35.2_hg38_placeholder	NA19239_h1_HML-2_4q35.2_hg38_graph_hgsvc3_linked_recovery	HML-2_4q35.2_hg38	Technical_Error	Fragment	PRESENT	622cacf805828ccc4ce1a162357ea8e35a5df532f3144501949295a039883a02	ID_Full,Source_Identifier,Structure,presence_call,observation_state,observation_state_reason,observation_source_kind,source_specific_state,graph_observation_state,QC_Reason,Technical_Error_Reason,observation_role,observation_sequence_bytes,observation_sequence_sha256,gag,missense_gag,gag_coverage,pro,missense_pro,pro_coverage,pol,missense_pol,pol_dna_identity,pol_protein_identity,pol_coverage,pol_region_present,pol_translation_compatible,pol_translation_basis,env,missense_env,env_dna_identity,env_protein_identity,env_coverage,all_orfs_intact,Strand,provirus_type,row_source_role,row_source_generation,row_source_path,row_source_sha256,row_source_bytes,row_source_mtime_utc,rec,missense_rec,rec_dna_identity,rec_protein_identity,rec_coverage,haplotype_evidence,haplotype_pansn_digit,observation_class_v3,observation_class_evidence_v3,source_record_class_v3,source_record_path_v3,source_record_sha256_v3,source_record_bases_v3,source_record_header_v3,extraction_branch_provenance_v3,stable_source_identity_v3,v3_row_origin,v3_supersession_state,representative_ID_Full
NA19650_h2_HML-2_4q35.2_hg38_placeholder	NA19650_h2_HML-2_4q35.2_hg38_graph_hgsvc3_linked_recovery	HML-2_4q35.2_hg38	Technical_Error	Fragment	PRESENT	9667dc4f522ec4eb3ab4f2565f3148a6562131f3e75d234d3a1629fa9a6e1dc9	ID_Full,Source_Identifier,Structure,presence_call,observation_state,observation_state_reason,observation_source_kind,source_specific_state,graph_observation_state,QC_Reason,Technical_Error_Reason,observation_role,observation_sequence_bytes,observation_sequence_sha256,gag,missense_gag,gag_coverage,pro,missense_pro,pro_coverage,pol,missense_pol,pol_dna_identity,pol_protein_identity,pol_coverage,pol_region_present,pol_translation_compatible,pol_translation_basis,env,missense_env,env_dna_identity,env_protein_identity,env_coverage,all_orfs_intact,Strand,provirus_type,row_source_role,row_source_generation,row_source_path,row_source_sha256,row_source_bytes,row_source_mtime_utc,rec,missense_rec,rec_dna_identity,rec_protein_identity,rec_coverage,haplotype_evidence,haplotype_pansn_digit,observation_class_v3,observation_class_evidence_v3,source_record_class_v3,source_record_path_v3,source_record_sha256_v3,source_record_bases_v3,source_record_header_v3,extraction_branch_provenance_v3,stable_source_identity_v3,v3_row_origin,v3_supersession_state,representative_ID_Full
NA20509_h1_HML-2_4q35.2_hg38_placeholder	NA20509_h1_HML-2_4q35.2_hg38_graph_hgsvc3_linked_recovery	HML-2_4q35.2_hg38	Technical_Error	Fragment	PRESENT	c552ade8534bd0a4cbebb5fb1dbac5b962636b8251dc10a31934f9b964e491a4	ID_Full,Source_Identifier,Structure,presence_call,observation_state,observation_state_reason,observation_source_kind,source_specific_state,graph_observation_state,QC_Reason,Technical_Error_Reason,observation_role,observation_sequence_bytes,observation_sequence_sha256,gag,missense_gag,gag_coverage,pro,missense_pro,pro_coverage,pol,missense_pol,pol_dna_identity,pol_protein_identity,pol_coverage,pol_region_present,pol_translation_compatible,pol_translation_basis,env,missense_env,env_dna_identity,env_protein_identity,env_coverage,all_orfs_intact,Strand,provirus_type,row_source_role,row_source_generation,row_source_path,row_source_sha256,row_source_bytes,row_source_mtime_utc,rec,missense_rec,rec_dna_identity,rec_protein_identity,rec_coverage,haplotype_evidence,haplotype_pansn_digit,observation_class_v3,observation_class_evidence_v3,source_record_class_v3,source_record_path_v3,source_record_sha256_v3,source_record_bases_v3,source_record_header_v3,extraction_branch_provenance_v3,stable_source_identity_v3,v3_row_origin,v3_supersession_state,representative_ID_Full
NA20509_h2_HML-2_4q35.2_hg38_placeholder	NA20509_h2_HML-2_4q35.2_hg38_graph_hgsvc3_linked_recovery	HML-2_4q35.2_hg38	Technical_Error	Fragment	PRESENT	c552ade8534bd0a4cbebb5fb1dbac5b962636b8251dc10a31934f9b964e491a4	ID_Full,Source_Identifier,Structure,presence_call,observation_state,observation_state_reason,observation_source_kind,source_specific_state,graph_observation_state,QC_Reason,Technical_Error_Reason,observation_role,observation_sequence_bytes,observation_sequence_sha256,gag,missense_gag,gag_coverage,pro,missense_pro,pro_coverage,pol,missense_pol,pol_dna_identity,pol_protein_identity,pol_coverage,pol_region_present,pol_translation_compatible,pol_translation_basis,env,missense_env,env_dna_identity,env_protein_identity,env_coverage,all_orfs_intact,Strand,provirus_type,row_source_role,row_source_generation,row_source_path,row_source_sha256,row_source_bytes,row_source_mtime_utc,rec,missense_rec,rec_dna_identity,rec_protein_identity,rec_coverage,haplotype_evidence,haplotype_pansn_digit,observation_class_v3,observation_class_evidence_v3,source_record_class_v3,source_record_path_v3,source_record_sha256_v3,source_record_bases_v3,source_record_header_v3,extraction_branch_provenance_v3,stable_source_identity_v3,v3_row_origin,v3_supersession_state,representative_ID_Full
NA24385_h2_HML-2_4q35.2_hg38_placeholder	NA24385_h2_HML-2_4q35.2_hg38_graph_hgsvc3_linked_recovery	HML-2_4q35.2_hg38	Technical_Error	Fragment	PRESENT	cc6e19a9318daddef84cd57e8004b8d2a4c5fa98d735b80b62e420cf397d674f	ID_Full,Source_Identifier,Structure,presence_call,observation_state,observation_state_reason,observation_source_kind,source_specific_state,graph_observation_state,QC_Reason,Technical_Error_Reason,observation_role,observation_sequence_bytes,observation_sequence_sha256,gag,missense_gag,gag_coverage,pro,missense_pro,pro_coverage,pol,missense_pol,pol_dna_identity,pol_protein_identity,pol_coverage,pol_region_present,pol_translation_compatible,pol_translation_basis,env,missense_env,env_dna_identity,env_protein_identity,env_coverage,all_orfs_intact,Strand,provirus_type,row_source_role,row_source_generation,row_source_path,row_source_sha256,row_source_bytes,row_source_mtime_utc,rec,missense_rec,rec_dna_identity,rec_protein_identity,rec_coverage,haplotype_evidence,haplotype_pansn_digit,observation_class_v3,observation_class_evidence_v3,source_record_class_v3,source_record_path_v3,source_record_sha256_v3,source_record_bases_v3,source_record_header_v3,extraction_branch_provenance_v3,stable_source_identity_v3,v3_row_origin,v3_supersession_state,representative_ID_Full
HG00096_h1_HML-2_5q11.2_technical_error	HG00096_h1_HML-2_5q11.2_graph_hgsvc3-2024-02-23-mc-chm13	HML-2_5q11.2	Technical_Error	Solo-LTR	PRESENT	fbdfa017bb7903947701dc3b2ebc5bd738408e143c4859dcb9642d2899ffed75	ID_Full,Source_Identifier,Structure,presence_call,observation_state,observation_state_reason,observation_source_kind,source_specific_state,graph_observation_state,QC_State,QC_Reason,Technical_Error_Reason,observation_role,observation_sequence_bytes,observation_sequence_sha256,provirus_type,row_source_role,row_source_generation,row_source_path,row_source_sha256,row_source_bytes,row_source_mtime_utc,haplotype_evidence,haplotype_pansn_digit,observation_class_v3,observation_class_evidence_v3,source_record_class_v3,source_record_path_v3,source_record_sha256_v3,source_record_bases_v3,source_record_header_v3,extraction_branch_provenance_v3,stable_source_identity_v3,v3_row_origin,v3_supersession_state,representative_ID_Full
HG00096_h2_HML-2_5q11.2_technical_error	HG00096_h2_HML-2_5q11.2_graph_hgsvc3-2024-02-23-mc-chm13	HML-2_5q11.2	Technical_Error	Solo-LTR	PRESENT	fbdfa017bb7903947701dc3b2ebc5bd738408e143c4859dcb9642d2899ffed75	ID_Full,Source_Identifier,Structure,presence_call,observation_state,observation_state_reason,observation_source_kind,source_specific_state,graph_observation_state,QC_State,QC_Reason,Technical_Error_Reason,observation_role,observation_sequence_bytes,observation_sequence_sha256,provirus_type,row_source_role,row_source_generation,row_source_path,row_source_sha256,row_source_bytes,row_source_mtime_utc,haplotype_evidence,haplotype_pansn_digit,observation_class_v3,observation_class_evidence_v3,source_record_class_v3,source_record_path_v3,source_record_sha256_v3,source_record_bases_v3,source_record_header_v3,extraction_branch_provenance_v3,stable_source_identity_v3,v3_row_origin,v3_supersession_state,representative_ID_Full
HG00171_h1_HML-2_5q11.2_technical_error	HG00171_h1_HML-2_5q11.2_graph_hgsvc3-2024-02-23-mc-chm13	HML-2_5q11.2	Technical_Error	Solo-LTR	PRESENT	fbdfa017bb7903947701dc3b2ebc5bd738408e143c4859dcb9642d2899ffed75	ID_Full,Source_Identifier,Structure,presence_call,observation_state,observation_state_reason,observation_source_kind,source_specific_state,graph_observation_state,QC_State,QC_Reason,Technical_Error_Reason,observation_role,observation_sequence_bytes,observation_sequence_sha256,provirus_type,row_source_role,row_source_generation,row_source_path,row_source_sha256,row_source_bytes,row_source_mtime_utc,haplotype_evidence,haplotype_pansn_digit,observation_class_v3,observation_class_evidence_v3,source_record_class_v3,source_record_path_v3,source_record_sha256_v3,source_record_bases_v3,source_record_header_v3,extraction_branch_provenance_v3,stable_source_identity_v3,v3_row_origin,v3_supersession_state,representative_ID_Full
HG00171_h2_HML-2_5q11.2_technical_error	HG00171_h2_HML-2_5q11.2_graph_hgsvc3-2024-02-23-mc-chm13	HML-2_5q11.2	Technical_Error	Solo-LTR	PRESENT	8e0887beb359d052cef233bfff6df2890ffc56fc33f62b389bfbac8a87083946	ID_Full,Source_Identifier,Structure,presence_call,observation_state,observation_state_reason,observation_source_kind,source_specific_state,graph_observation_state,QC_State,QC_Reason,Technical_Error_Reason,observation_role,observation_sequence_bytes,observation_sequence_sha256,provirus_type,row_source_role,row_source_generation,row_source_path,row_source_sha256,row_source_bytes,row_source_mtime_utc,haplotype_evidence,haplotype_pansn_digit,observation_class_v3,observation_class_evidence_v3,source_record_class_v3,source_record_path_v3,source_record_sha256_v3,source_record_bases_v3,source_record_header_v3,extraction_branch_provenance_v3,stable_source_identity_v3,v3_row_origin,v3_supersession_state,representative_ID_Full
HG00268_h1_HML-2_5q11.2_technical_error	HG00268_h1_HML-2_5q11.2_graph_hgsvc3-2024-02-23-mc-chm13	HML-2_5q11.2	Technical_Error	Solo-LTR	PRESENT	86082d6e84f90bd08eb810a5de68d078275573a02e8d4c852125336e342e4c92	ID_Full,Source_Identifier,Structure,presence_call,observation_state,observation_state_reason,observation_source_kind,source_specific_state,graph_observation_state,QC_State,QC_Reason,Technical_Error_Reason,observation_role,observation_sequence_bytes,observation_sequence_sha256,provirus_type,row_source_role,row_source_generation,row_source_path,row_source_sha256,row_source_bytes,row_source_mtime_utc,haplotype_evidence,haplotype_pansn_digit,observation_class_v3,observation_class_evidence_v3,source_record_class_v3,source_record_path_v3,source_record_sha256_v3,source_record_bases_v3,source_record_header_v3,extraction_branch_provenance_v3,stable_source_identity_v3,v3_row_origin,v3_supersession_state,representative_ID_Full
HG00268_h2_HML-2_5q11.2_technical_error	HG00268_h2_HML-2_5q11.2_graph_hgsvc3-2024-02-23-mc-chm13	HML-2_5q11.2	Technical_Error	Solo-LTR	PRESENT	fbdfa017bb7903947701dc3b2ebc5bd738408e143c4859dcb9642d2899ffed75	ID_Full,Source_Identifier,Structure,presence_call,observation_state,observation_state_reason,observation_source_kind,source_specific_state,graph_observation_state,QC_State,QC_Reason,Technical_Error_Reason,observation_role,observation_sequence_bytes,observation_sequence_sha256,provirus_type,row_source_role,row_source_generation,row_source_path,row_source_sha256,row_source_bytes,row_source_mtime_utc,haplotype_evidence,haplotype_pansn_digit,observation_class_v3,observation_class_evidence_v3,source_record_class_v3,source_record_path_v3,source_record_sha256_v3,source_record_bases_v3,source_record_header_v3,extraction_branch_provenance_v3,stable_source_identity_v3,v3_row_origin,v3_supersession_state,representative_ID_Full
HG00358_h1_HML-2_5q11.2_technical_error	HG00358_h1_HML-2_5q11.2_graph_hgsvc3-2024-02-23-mc-chm13	HML-2_5q11.2	Technical_Error	Solo-LTR	PRESENT	8e0887beb359d052cef233bfff6df2890ffc56fc33f62b389bfbac8a87083946	ID_Full,Source_Identifier,Structure,presence_call,observation_state,observation_state_reason,observation_source_kind,source_specific_state,graph_observation_state,QC_State,QC_Reason,Technical_Error_Reason,observation_role,observation_sequence_bytes,observation_sequence_sha256,provirus_type,row_source_role,row_source_generation,row_source_path,row_source_sha256,row_source_bytes,row_source_mtime_utc,haplotype_evidence,haplotype_pansn_digit,observation_class_v3,observation_class_evidence_v3,source_record_class_v3,source_record_path_v3,source_record_sha256_v3,source_record_bases_v3,source_record_header_v3,extraction_branch_provenance_v3,stable_source_identity_v3,v3_row_origin,v3_supersession_state,representative_ID_Full
HG00358_h2_HML-2_5q11.2_technical_error	HG00358_h2_HML-2_5q11.2_graph_hgsvc3-2024-02-23-mc-chm13	HML-2_5q11.2	Technical_Error	Solo-LTR	PRESENT	fbdfa017bb7903947701dc3b2ebc5bd738408e143c4859dcb9642d2899ffed75	ID_Full,Source_Identifier,Structure,presence_call,observation_state,observation_state_reason,observation_source_kind,source_specific_state,graph_observation_state,QC_State,QC_Reason,Technical_Error_Reason,observation_role,observation_sequence_bytes,observation_sequence_sha256,provirus_type,row_source_role,row_source_generation,row_source_path,row_source_sha256,row_source_bytes,row_source_mtime_utc,haplotype_evidence,haplotype_pansn_digit,observation_class_v3,observation_class_evidence_v3,source_record_class_v3,source_record_path_v3,source_record_sha256_v3,source_record_bases_v3,source_record_header_v3,extraction_branch_provenance_v3,stable_source_identity_v3,v3_row_origin,v3_supersession_state,representative_ID_Full
HG00512_h1_HML-2_5q11.2_technical_error	HG00512_h1_HML-2_5q11.2_graph_hgsvc3-2024-02-23-mc-chm13	HML-2_5q11.2	Technical_Error	Solo-LTR	PRESENT	8e0887beb359d052cef233bfff6df2890ffc56fc33f62b389bfbac8a87083946	ID_Full,Source_Identifier,Structure,presence_call,observation_state,observation_state_reason,observation_source_kind,source_specific_state,graph_observation_state,QC_State,QC_Reason,Technical_Error_Reason,observation_role,observation_sequence_bytes,observation_sequence_sha256,provirus_type,row_source_role,row_source_generation,row_source_path,row_source_sha256,row_source_bytes,row_source_mtime_utc,haplotype_evidence,haplotype_pansn_digit,observation_class_v3,observation_class_evidence_v3,source_record_class_v3,source_record_path_v3,source_record_sha256_v3,source_record_bases_v3,source_record_header_v3,extraction_branch_provenance_v3,stable_source_identity_v3,v3_row_origin,v3_supersession_state,representative_ID_Full
HG00512_h2_HML-2_5q11.2_technical_error	HG00512_h2_HML-2_5q11.2_graph_hgsvc3-2024-02-23-mc-chm13	HML-2_5q11.2	Technical_Error	Solo-LTR	PRESENT	fbdfa017bb7903947701dc3b2ebc5bd738408e143c4859dcb9642d2899ffed75	ID_Full,Source_Identifier,Structure,presence_call,observation_state,observation_state_reason,observation_source_kind,source_specific_state,graph_observation_state,QC_State,QC_Reason,Technical_Error_Reason,observation_role,observation_sequence_bytes,observation_sequence_sha256,provirus_type,row_source_role,row_source_generation,row_source_path,row_source_sha256,row_source_bytes,row_source_mtime_utc,haplotype_evidence,haplotype_pansn_digit,observation_class_v3,observation_class_evidence_v3,source_record_class_v3,source_record_path_v3,source_record_sha256_v3,source_record_bases_v3,source_record_header_v3,extraction_branch_provenance_v3,stable_source_identity_v3,v3_row_origin,v3_supersession_state,representative_ID_Full
HG00513_h1_HML-2_5q11.2_technical_error	HG00513_h1_HML-2_5q11.2_graph_hgsvc3-2024-02-23-mc-chm13	HML-2_5q11.2	Technical_Error	Solo-LTR	PRESENT	fbdfa017bb7903947701dc3b2ebc5bd738408e143c4859dcb9642d2899ffed75	ID_Full,Source_Identifier,Structure,presence_call,observation_state,observation_state_reason,observation_source_kind,source_specific_state,graph_observation_state,QC_State,QC_Reason,Technical_Error_Reason,observation_role,observation_sequence_bytes,observation_sequence_sha256,provirus_type,row_source_role,row_source_generation,row_source_path,row_source_sha256,row_source_bytes,row_source_mtime_utc,haplotype_evidence,haplotype_pansn_digit,observation_class_v3,observation_class_evidence_v3,source_record_class_v3,source_record_path_v3,source_record_sha256_v3,source_record_bases_v3,source_record_header_v3,extraction_branch_provenance_v3,stable_source_identity_v3,v3_row_origin,v3_supersession_state,representative_ID_Full
HG00513_h2_HML-2_5q11.2_technical_error	HG00513_h2_HML-2_5q11.2_graph_hgsvc3-2024-02-23-mc-chm13	HML-2_5q11.2	Technical_Error	Solo-LTR	PRESENT	7568fc71dd2f6fd925cc29c71b31eb8a316eac143b337285811233da96b0b9fb	ID_Full,Source_Identifier,Structure,presence_call,observation_state,observation_state_reason,observation_source_kind,source_specific_state,graph_observation_state,QC_State,QC_Reason,Technical_Error_Reason,observation_role,observation_sequence_bytes,observation_sequence_sha256,provirus_type,row_source_role,row_source_generation,row_source_path,row_source_sha256,row_source_bytes,row_source_mtime_utc,haplotype_evidence,haplotype_pansn_digit,observation_class_v3,observation_class_evidence_v3,source_record_class_v3,source_record_path_v3,source_record_sha256_v3,source_record_bases_v3,source_record_header_v3,extraction_branch_provenance_v3,stable_source_identity_v3,v3_row_origin,v3_supersession_state,representative_ID_Full
HG00514_h1_HML-2_5q11.2_technical_error	HG00514_h1_HML-2_5q11.2_graph_hgsvc3-2024-02-23-mc-chm13	HML-2_5q11.2	Technical_Error	Solo-LTR	PRESENT	fbdfa017bb7903947701dc3b2ebc5bd738408e143c4859dcb9642d2899ffed75	ID_Full,Source_Identifier,Structure,presence_call,observation_state,observation_state_reason,observation_source_kind,source_specific_state,graph_observation_state,QC_State,QC_Reason,Technical_Error_Reason,observation_role,observation_sequence_bytes,observation_sequence_sha256,provirus_type,row_source_role,row_source_generation,row_source_path,row_source_sha256,row_source_bytes,row_source_mtime_utc,haplotype_evidence,haplotype_pansn_digit,observation_class_v3,observation_class_evidence_v3,source_record_class_v3,source_record_path_v3,source_record_sha256_v3,source_record_bases_v3,source_record_header_v3,extraction_branch_provenance_v3,stable_source_identity_v3,v3_row_origin,v3_supersession_state,representative_ID_Full
HG00514_h2_HML-2_5q11.2_technical_error	HG00514_h2_HML-2_5q11.2_graph_hgsvc3-2024-02-23-mc-chm13	HML-2_5q11.2	Technical_Error	Solo-LTR	PRESENT	8e0887beb359d052cef233bfff6df2890ffc56fc33f62b389bfbac8a87083946	ID_Full,Source_Identifier,Structure,presence_call,observation_state,observation_state_reason,observation_source_kind,source_specific_state,graph_observation_state,QC_State,QC_Reason,Technical_Error_Reason,observation_role,observation_sequence_bytes,observation_sequence_sha256,provirus_type,row_source_role,row_source_generation,row_source_path,row_source_sha256,row_source_bytes,row_source_mtime_utc,haplotype_evidence,haplotype_pansn_digit,observation_class_v3,observation_class_evidence_v3,source_record_class_v3,source_record_path_v3,source_record_sha256_v3,source_record_bases_v3,source_record_header_v3,extraction_branch_provenance_v3,stable_source_identity_v3,v3_row_origin,v3_supersession_state,representative_ID_Full
HG00731_h1_HML-2_5q11.2_technical_error	HG00731_h1_HML-2_5q11.2_graph_hgsvc3-2024-02-23-mc-chm13	HML-2_5q11.2	Technical_Error	Solo-LTR	PRESENT	fbdfa017bb7903947701dc3b2ebc5bd738408e143c4859dcb9642d2899ffed75	ID_Full,Source_Identifier,Structure,presence_call,observation_state,observation_state_reason,observation_source_kind,source_specific_state,graph_observation_state,QC_State,QC_Reason,Technical_Error_Reason,observation_role,observation_sequence_bytes,observation_sequence_sha256,provirus_type,row_source_role,row_source_generation,row_source_path,row_source_sha256,row_source_bytes,row_source_mtime_utc,haplotype_evidence,haplotype_pansn_digit,observation_class_v3,observation_class_evidence_v3,source_record_class_v3,source_record_path_v3,source_record_sha256_v3,source_record_bases_v3,source_record_header_v3,extraction_branch_provenance_v3,stable_source_identity_v3,v3_row_origin,v3_supersession_state,representative_ID_Full
HG00731_h2_HML-2_5q11.2_technical_error	HG00731_h2_HML-2_5q11.2_graph_hgsvc3-2024-02-23-mc-chm13	HML-2_5q11.2	Technical_Error	Solo-LTR	PRESENT	fbdfa017bb7903947701dc3b2ebc5bd738408e143c4859dcb9642d2899ffed75	ID_Full,Source_Identifier,Structure,presence_call,observation_state,observation_state_reason,observation_source_kind,source_specific_state,graph_observation_state,QC_State,QC_Reason,Technical_Error_Reason,observation_role,observation_sequence_bytes,observation_sequence_sha256,provirus_type,row_source_role,row_source_generation,row_source_path,row_source_sha256,row_source_bytes,row_source_mtime_utc,haplotype_evidence,haplotype_pansn_digit,observation_class_v3,observation_class_evidence_v3,source_record_class_v3,source_record_path_v3,source_record_sha256_v3,source_record_bases_v3,source_record_header_v3,extraction_branch_provenance_v3,stable_source_identity_v3,v3_row_origin,v3_supersession_state,representative_ID_Full
HG00732_h1_HML-2_5q11.2_technical_error	HG00732_h1_HML-2_5q11.2_graph_hgsvc3-2024-02-23-mc-chm13	HML-2_5q11.2	Technical_Error	Solo-LTR	PRESENT	fbdfa017bb7903947701dc3b2ebc5bd738408e143c4859dcb9642d2899ffed75	ID_Full,Source_Identifier,Structure,presence_call,observation_state,observation_state_reason,observation_source_kind,source_specific_state,graph_observation_state,QC_State,QC_Reason,Technical_Error_Reason,observation_role,observation_sequence_bytes,observation_sequence_sha256,provirus_type,row_source_role,row_source_generation,row_source_path,row_source_sha256,row_source_bytes,row_source_mtime_utc,haplotype_evidence,haplotype_pansn_digit,observation_class_v3,observation_class_evidence_v3,source_record_class_v3,source_record_path_v3,source_record_sha256_v3,source_record_bases_v3,source_record_header_v3,extraction_branch_provenance_v3,stable_source_identity_v3,v3_row_origin,v3_supersession_state,representative_ID_Full
HG00732_h2_HML-2_5q11.2_technical_error	HG00732_h2_HML-2_5q11.2_graph_hgsvc3-2024-02-23-mc-chm13	HML-2_5q11.2	Technical_Error	Solo-LTR	PRESENT	fbdfa017bb7903947701dc3b2ebc5bd738408e143c4859dcb9642d2899ffed75	ID_Full,Source_Identifier,Structure,presence_call,observation_state,observation_state_reason,observation_source_kind,source_specific_state,graph_observation_state,QC_State,QC_Reason,Technical_Error_Reason,observation_role,observation_sequence_bytes,observation_sequence_sha256,provirus_type,row_source_role,row_source_generation,row_source_path,row_source_sha256,row_source_bytes,row_source_mtime_utc,haplotype_evidence,haplotype_pansn_digit,observation_class_v3,observation_class_evidence_v3,source_record_class_v3,source_record_path_v3,source_record_sha256_v3,source_record_bases_v3,source_record_header_v3,extraction_branch_provenance_v3,stable_source_identity_v3,v3_row_origin,v3_supersession_state,representative_ID_Full
HG00864_h1_HML-2_5q11.2_technical_error	HG00864_h1_HML-2_5q11.2_graph_hgsvc3-2024-02-23-mc-chm13	HML-2_5q11.2	Technical_Error	Solo-LTR	PRESENT	fbdfa017bb7903947701dc3b2ebc5bd738408e143c4859dcb9642d2899ffed75	ID_Full,Source_Identifier,Structure,presence_call,observation_state,observation_state_reason,observation_source_kind,source_specific_state,graph_observation_state,QC_State,QC_Reason,Technical_Error_Reason,observation_role,observation_sequence_bytes,observation_sequence_sha256,provirus_type,row_source_role,row_source_generation,row_source_path,row_source_sha256,row_source_bytes,row_source_mtime_utc,haplotype_evidence,haplotype_pansn_digit,observation_class_v3,observation_class_evidence_v3,source_record_class_v3,source_record_path_v3,source_record_sha256_v3,source_record_bases_v3,source_record_header_v3,extraction_branch_provenance_v3,stable_source_identity_v3,v3_row_origin,v3_supersession_state,representative_ID_Full
HG00864_h2_HML-2_5q11.2_technical_error	HG00864_h2_HML-2_5q11.2_graph_hgsvc3-2024-02-23-mc-chm13	HML-2_5q11.2	Technical_Error	Solo-LTR	PRESENT	fbdfa017bb7903947701dc3b2ebc5bd738408e143c4859dcb9642d2899ffed75	ID_Full,Source_Identifier,Structure,presence_call,observation_state,observation_state_reason,observation_source_kind,source_specific_state,graph_observation_state,QC_State,QC_Reason,Technical_Error_Reason,observation_role,observation_sequence_bytes,observation_sequence_sha256,provirus_type,row_source_role,row_source_generation,row_source_path,row_source_sha256,row_source_bytes,row_source_mtime_utc,haplotype_evidence,haplotype_pansn_digit,observation_class_v3,observation_class_evidence_v3,source_record_class_v3,source_record_path_v3,source_record_sha256_v3,source_record_bases_v3,source_record_header_v3,extraction_branch_provenance_v3,stable_source_identity_v3,v3_row_origin,v3_supersession_state,representative_ID_Full
HG01114_h1_HML-2_5q11.2_technical_error	HG01114_h1_HML-2_5q11.2_graph_hgsvc3-2024-02-23-mc-chm13	HML-2_5q11.2	Technical_Error	Solo-LTR	PRESENT	fbdfa017bb7903947701dc3b2ebc5bd738408e143c4859dcb9642d2899ffed75	ID_Full,Source_Identifier,Structure,presence_call,observation_state,observation_state_reason,observation_source_kind,source_specific_state,graph_observation_state,QC_State,QC_Reason,Technical_Error_Reason,observation_role,observation_sequence_bytes,observation_sequence_sha256,provirus_type,row_source_role,row_source_generation,row_source_path,row_source_sha256,row_source_bytes,row_source_mtime_utc,haplotype_evidence,haplotype_pansn_digit,observation_class_v3,observation_class_evidence_v3,source_record_class_v3,source_record_path_v3,source_record_sha256_v3,source_record_bases_v3,source_record_header_v3,extraction_branch_provenance_v3,stable_source_identity_v3,v3_row_origin,v3_supersession_state,representative_ID_Full
HG01114_h2_HML-2_5q11.2_technical_error	HG01114_h2_HML-2_5q11.2_graph_hgsvc3-2024-02-23-mc-chm13	HML-2_5q11.2	Technical_Error	Solo-LTR	PRESENT	8e0887beb359d052cef233bfff6df2890ffc56fc33f62b389bfbac8a87083946	ID_Full,Source_Identifier,Structure,presence_call,observation_state,observation_state_reason,observation_source_kind,source_specific_state,graph_observation_state,QC_State,QC_Reason,Technical_Error_Reason,observation_role,observation_sequence_bytes,observation_sequence_sha256,provirus_type,row_source_role,row_source_generation,row_source_path,row_source_sha256,row_source_bytes,row_source_mtime_utc,haplotype_evidence,haplotype_pansn_digit,observation_class_v3,observation_class_evidence_v3,source_record_class_v3,source_record_path_v3,source_record_sha256_v3,source_record_bases_v3,source_record_header_v3,extraction_branch_provenance_v3,stable_source_identity_v3,v3_row_origin,v3_supersession_state,representative_ID_Full
HG01352_h1_HML-2_5q11.2_technical_error	HG01352_h1_HML-2_5q11.2_graph_hgsvc3-2024-02-23-mc-chm13	HML-2_5q11.2	Technical_Error	Solo-LTR	PRESENT	fbdfa017bb7903947701dc3b2ebc5bd738408e143c4859dcb9642d2899ffed75	ID_Full,Source_Identifier,Structure,presence_call,observation_state,observation_state_reason,observation_source_kind,source_specific_state,graph_observation_state,QC_State,QC_Reason,Technical_Error_Reason,observation_role,observation_sequence_bytes,observation_sequence_sha256,provirus_type,row_source_role,row_source_generation,row_source_path,row_source_sha256,row_source_bytes,row_source_mtime_utc,haplotype_evidence,haplotype_pansn_digit,observation_class_v3,observation_class_evidence_v3,source_record_class_v3,source_record_path_v3,source_record_sha256_v3,source_record_bases_v3,source_record_header_v3,extraction_branch_provenance_v3,stable_source_identity_v3,v3_row_origin,v3_supersession_state,representative_ID_Full
HG01352_h2_HML-2_5q11.2_technical_error	HG01352_h2_HML-2_5q11.2_graph_hgsvc3-2024-02-23-mc-chm13	HML-2_5q11.2	Technical_Error	Solo-LTR	PRESENT	fbdfa017bb7903947701dc3b2ebc5bd738408e143c4859dcb9642d2899ffed75	ID_Full,Source_Identifier,Structure,presence_call,observation_state,observation_state_reason,observation_source_kind,source_specific_state,graph_observation_state,QC_State,QC_Reason,Technical_Error_Reason,observation_role,observation_sequence_bytes,observation_sequence_sha256,provirus_type,row_source_role,row_source_generation,row_source_path,row_source_sha256,row_source_bytes,row_source_mtime_utc,haplotype_evidence,haplotype_pansn_digit,observation_class_v3,observation_class_evidence_v3,source_record_class_v3,source_record_path_v3,source_record_sha256_v3,source_record_bases_v3,source_record_header_v3,extraction_branch_provenance_v3,stable_source_identity_v3,v3_row_origin,v3_supersession_state,representative_ID_Full
HG01457_h1_HML-2_5q11.2_technical_error	HG01457_h1_HML-2_5q11.2_graph_hgsvc3-2024-02-23-mc-chm13	HML-2_5q11.2	Technical_Error	Solo-LTR	PRESENT	fbdfa017bb7903947701dc3b2ebc5bd738408e143c4859dcb9642d2899ffed75	ID_Full,Source_Identifier,Structure,presence_call,observation_state,observation_state_reason,observation_source_kind,source_specific_state,graph_observation_state,QC_State,QC_Reason,Technical_Error_Reason,observation_role,observation_sequence_bytes,observation_sequence_sha256,provirus_type,row_source_role,row_source_generation,row_source_path,row_source_sha256,row_source_bytes,row_source_mtime_utc,haplotype_evidence,haplotype_pansn_digit,observation_class_v3,observation_class_evidence_v3,source_record_class_v3,source_record_path_v3,source_record_sha256_v3,source_record_bases_v3,source_record_header_v3,extraction_branch_provenance_v3,stable_source_identity_v3,v3_row_origin,v3_supersession_state,representative_ID_Full
HG01457_h2_HML-2_5q11.2_technical_error	HG01457_h2_HML-2_5q11.2_graph_hgsvc3-2024-02-23-mc-chm13	HML-2_5q11.2	Technical_Error	Solo-LTR	PRESENT	8e0887beb359d052cef233bfff6df2890ffc56fc33f62b389bfbac8a87083946	ID_Full,Source_Identifier,Structure,presence_call,observation_state,observation_state_reason,observation_source_kind,source_specific_state,graph_observation_state,QC_State,QC_Reason,Technical_Error_Reason,observation_role,observation_sequence_bytes,observation_sequence_sha256,provirus_type,row_source_role,row_source_generation,row_source_path,row_source_sha256,row_source_bytes,row_source_mtime_utc,haplotype_evidence,haplotype_pansn_digit,observation_class_v3,observation_class_evidence_v3,source_record_class_v3,source_record_path_v3,source_record_sha256_v3,source_record_bases_v3,source_record_header_v3,extraction_branch_provenance_v3,stable_source_identity_v3,v3_row_origin,v3_supersession_state,representative_ID_Full
HG01505_h1_HML-2_5q11.2_technical_error	HG01505_h1_HML-2_5q11.2_graph_hgsvc3-2024-02-23-mc-chm13	HML-2_5q11.2	Technical_Error	Solo-LTR	PRESENT	8e0887beb359d052cef233bfff6df2890ffc56fc33f62b389bfbac8a87083946	ID_Full,Source_Identifier,Structure,presence_call,observation_state,observation_state_reason,observation_source_kind,source_specific_state,graph_observation_state,QC_State,QC_Reason,Technical_Error_Reason,observation_role,observation_sequence_bytes,observation_sequence_sha256,provirus_type,row_source_role,row_source_generation,row_source_path,row_source_sha256,row_source_bytes,row_source_mtime_utc,haplotype_evidence,haplotype_pansn_digit,observation_class_v3,observation_class_evidence_v3,source_record_class_v3,source_record_path_v3,source_record_sha256_v3,source_record_bases_v3,source_record_header_v3,extraction_branch_provenance_v3,stable_source_identity_v3,v3_row_origin,v3_supersession_state,representative_ID_Full
HG01505_h2_HML-2_5q11.2_technical_error	HG01505_h2_HML-2_5q11.2_graph_hgsvc3-2024-02-23-mc-chm13	HML-2_5q11.2	Technical_Error	Solo-LTR	PRESENT	fbdfa017bb7903947701dc3b2ebc5bd738408e143c4859dcb9642d2899ffed75	ID_Full,Source_Identifier,Structure,presence_call,observation_state,observation_state_reason,observation_source_kind,source_specific_state,graph_observation_state,QC_State,QC_Reason,Technical_Error_Reason,observation_role,observation_sequence_bytes,observation_sequence_sha256,provirus_type,row_source_role,row_source_generation,row_source_path,row_source_sha256,row_source_bytes,row_source_mtime_utc,haplotype_evidence,haplotype_pansn_digit,observation_class_v3,observation_class_evidence_v3,source_record_class_v3,source_record_path_v3,source_record_sha256_v3,source_record_bases_v3,source_record_header_v3,extraction_branch_provenance_v3,stable_source_identity_v3,v3_row_origin,v3_supersession_state,representative_ID_Full
HG01573_h1_HML-2_5q11.2_technical_error	HG01573_h1_HML-2_5q11.2_graph_hgsvc3-2024-02-23-mc-chm13	HML-2_5q11.2	Technical_Error	Solo-LTR	PRESENT	fbdfa017bb7903947701dc3b2ebc5bd738408e143c4859dcb9642d2899ffed75	ID_Full,Source_Identifier,Structure,presence_call,observation_state,observation_state_reason,observation_source_kind,source_specific_state,graph_observation_state,QC_State,QC_Reason,Technical_Error_Reason,observation_role,observation_sequence_bytes,observation_sequence_sha256,provirus_type,row_source_role,row_source_generation,row_source_path,row_source_sha256,row_source_bytes,row_source_mtime_utc,haplotype_evidence,haplotype_pansn_digit,observation_class_v3,observation_class_evidence_v3,source_record_class_v3,source_record_path_v3,source_record_sha256_v3,source_record_bases_v3,source_record_header_v3,extraction_branch_provenance_v3,stable_source_identity_v3,v3_row_origin,v3_supersession_state,representative_ID_Full
HG01573_h2_HML-2_5q11.2_technical_error	HG01573_h2_HML-2_5q11.2_graph_hgsvc3-2024-02-23-mc-chm13	HML-2_5q11.2	Technical_Error	Solo-LTR	PRESENT	fbdfa017bb7903947701dc3b2ebc5bd738408e143c4859dcb9642d2899ffed75	ID_Full,Source_Identifier,Structure,presence_call,observation_state,observation_state_reason,observation_source_kind,source_specific_state,graph_observation_state,QC_State,QC_Reason,Technical_Error_Reason,observation_role,observation_sequence_bytes,observation_sequence_sha256,provirus_type,row_source_role,row_source_generation,row_source_path,row_source_sha256,row_source_bytes,row_source_mtime_utc,haplotype_evidence,haplotype_pansn_digit,observation_class_v3,observation_class_evidence_v3,source_record_class_v3,source_record_path_v3,source_record_sha256_v3,source_record_bases_v3,source_record_header_v3,extraction_branch_provenance_v3,stable_source_identity_v3,v3_row_origin,v3_supersession_state,representative_ID_Full
HG01596_h1_HML-2_5q11.2_technical_error	HG01596_h1_HML-2_5q11.2_graph_hgsvc3-2024-02-23-mc-chm13	HML-2_5q11.2	Technical_Error	Solo-LTR	PRESENT	fbdfa017bb7903947701dc3b2ebc5bd738408e143c4859dcb9642d2899ffed75	ID_Full,Source_Identifier,Structure,presence_call,observation_state,observation_state_reason,observation_source_kind,source_specific_state,graph_observation_state,QC_State,QC_Reason,Technical_Error_Reason,observation_role,observation_sequence_bytes,observation_sequence_sha256,provirus_type,row_source_role,row_source_generation,row_source_path,row_source_sha256,row_source_bytes,row_source_mtime_utc,haplotype_evidence,haplotype_pansn_digit,observation_class_v3,observation_class_evidence_v3,source_record_class_v3,source_record_path_v3,source_record_sha256_v3,source_record_bases_v3,source_record_header_v3,extraction_branch_provenance_v3,stable_source_identity_v3,v3_row_origin,v3_supersession_state,representative_ID_Full
HG01596_h2_HML-2_5q11.2_technical_error	HG01596_h2_HML-2_5q11.2_graph_hgsvc3-2024-02-23-mc-chm13	HML-2_5q11.2	Technical_Error	Solo-LTR	PRESENT	8e0887beb359d052cef233bfff6df2890ffc56fc33f62b389bfbac8a87083946	ID_Full,Source_Identifier,Structure,presence_call,observation_state,observation_state_reason,observation_source_kind,source_specific_state,graph_observation_state,QC_State,QC_Reason,Technical_Error_Reason,observation_role,observation_sequence_bytes,observation_sequence_sha256,provirus_type,row_source_role,row_source_generation,row_source_path,row_source_sha256,row_source_bytes,row_source_mtime_utc,haplotype_evidence,haplotype_pansn_digit,observation_class_v3,observation_class_evidence_v3,source_record_class_v3,source_record_path_v3,source_record_sha256_v3,source_record_bases_v3,source_record_header_v3,extraction_branch_provenance_v3,stable_source_identity_v3,v3_row_origin,v3_supersession_state,representative_ID_Full
HG01890_h1_HML-2_5q11.2_technical_error	HG01890_h1_HML-2_5q11.2_graph_hgsvc3-2024-02-23-mc-chm13	HML-2_5q11.2	Technical_Error	Solo-LTR	PRESENT	8d3c2254b68e62b7817e46a65d1582ca9afca81ec196a151fa09dd807ca39d23	ID_Full,Source_Identifier,Structure,presence_call,observation_state,observation_state_reason,observation_source_kind,source_specific_state,graph_observation_state,QC_State,QC_Reason,Technical_Error_Reason,observation_role,observation_sequence_bytes,observation_sequence_sha256,provirus_type,row_source_role,row_source_generation,row_source_path,row_source_sha256,row_source_bytes,row_source_mtime_utc,haplotype_evidence,haplotype_pansn_digit,observation_class_v3,observation_class_evidence_v3,source_record_class_v3,source_record_path_v3,source_record_sha256_v3,source_record_bases_v3,source_record_header_v3,extraction_branch_provenance_v3,stable_source_identity_v3,v3_row_origin,v3_supersession_state,representative_ID_Full
HG01890_h2_HML-2_5q11.2_technical_error	HG01890_h2_HML-2_5q11.2_graph_hgsvc3-2024-02-23-mc-chm13	HML-2_5q11.2	Technical_Error	Solo-LTR	PRESENT	8d3c2254b68e62b7817e46a65d1582ca9afca81ec196a151fa09dd807ca39d23	ID_Full,Source_Identifier,Structure,presence_call,observation_state,observation_state_reason,observation_source_kind,source_specific_state,graph_observation_state,QC_State,QC_Reason,Technical_Error_Reason,observation_role,observation_sequence_bytes,observation_sequence_sha256,provirus_type,row_source_role,row_source_generation,row_source_path,row_source_sha256,row_source_bytes,row_source_mtime_utc,haplotype_evidence,haplotype_pansn_digit,observation_class_v3,observation_class_evidence_v3,source_record_class_v3,source_record_path_v3,source_record_sha256_v3,source_record_bases_v3,source_record_header_v3,extraction_branch_provenance_v3,stable_source_identity_v3,v3_row_origin,v3_supersession_state,representative_ID_Full
HG02011_h1_HML-2_5q11.2_technical_error	HG02011_h1_HML-2_5q11.2_graph_hgsvc3-2024-02-23-mc-chm13	HML-2_5q11.2	Technical_Error	Solo-LTR	PRESENT	fbdfa017bb7903947701dc3b2ebc5bd738408e143c4859dcb9642d2899ffed75	ID_Full,Source_Identifier,Structure,presence_call,observation_state,observation_state_reason,observation_source_kind,source_specific_state,graph_observation_state,QC_State,QC_Reason,Technical_Error_Reason,observation_role,observation_sequence_bytes,observation_sequence_sha256,provirus_type,row_source_role,row_source_generation,row_source_path,row_source_sha256,row_source_bytes,row_source_mtime_utc,haplotype_evidence,haplotype_pansn_digit,observation_class_v3,observation_class_evidence_v3,source_record_class_v3,source_record_path_v3,source_record_sha256_v3,source_record_bases_v3,source_record_header_v3,extraction_branch_provenance_v3,stable_source_identity_v3,v3_row_origin,v3_supersession_state,representative_ID_Full
HG02011_h2_HML-2_5q11.2_technical_error	HG02011_h2_HML-2_5q11.2_graph_hgsvc3-2024-02-23-mc-chm13	HML-2_5q11.2	Technical_Error	Solo-LTR	PRESENT	fbdfa017bb7903947701dc3b2ebc5bd738408e143c4859dcb9642d2899ffed75	ID_Full,Source_Identifier,Structure,presence_call,observation_state,observation_state_reason,observation_source_kind,source_specific_state,graph_observation_state,QC_State,QC_Reason,Technical_Error_Reason,observation_role,observation_sequence_bytes,observation_sequence_sha256,provirus_type,row_source_role,row_source_generation,row_source_path,row_source_sha256,row_source_bytes,row_source_mtime_utc,haplotype_evidence,haplotype_pansn_digit,observation_class_v3,observation_class_evidence_v3,source_record_class_v3,source_record_path_v3,source_record_sha256_v3,source_record_bases_v3,source_record_header_v3,extraction_branch_provenance_v3,stable_source_identity_v3,v3_row_origin,v3_supersession_state,representative_ID_Full
HG02018_h1_HML-2_5q11.2_technical_error	HG02018_h1_HML-2_5q11.2_graph_hgsvc3-2024-02-23-mc-chm13	HML-2_5q11.2	Technical_Error	Solo-LTR	PRESENT	fbdfa017bb7903947701dc3b2ebc5bd738408e143c4859dcb9642d2899ffed75	ID_Full,Source_Identifier,Structure,presence_call,observation_state,observation_state_reason,observation_source_kind,source_specific_state,graph_observation_state,QC_State,QC_Reason,Technical_Error_Reason,observation_role,observation_sequence_bytes,observation_sequence_sha256,provirus_type,row_source_role,row_source_generation,row_source_path,row_source_sha256,row_source_bytes,row_source_mtime_utc,haplotype_evidence,haplotype_pansn_digit,observation_class_v3,observation_class_evidence_v3,source_record_class_v3,source_record_path_v3,source_record_sha256_v3,source_record_bases_v3,source_record_header_v3,extraction_branch_provenance_v3,stable_source_identity_v3,v3_row_origin,v3_supersession_state,representative_ID_Full
HG02018_h2_HML-2_5q11.2_technical_error	HG02018_h2_HML-2_5q11.2_graph_hgsvc3-2024-02-23-mc-chm13	HML-2_5q11.2	Technical_Error	Solo-LTR	PRESENT	8e0887beb359d052cef233bfff6df2890ffc56fc33f62b389bfbac8a87083946	ID_Full,Source_Identifier,Structure,presence_call,observation_state,observation_state_reason,observation_source_kind,source_specific_state,graph_observation_state,QC_State,QC_Reason,Technical_Error_Reason,observation_role,observation_sequence_bytes,observation_sequence_sha256,provirus_type,row_source_role,row_source_generation,row_source_path,row_source_sha256,row_source_bytes,row_source_mtime_utc,haplotype_evidence,haplotype_pansn_digit,observation_class_v3,observation_class_evidence_v3,source_record_class_v3,source_record_path_v3,source_record_sha256_v3,source_record_bases_v3,source_record_header_v3,extraction_branch_provenance_v3,stable_source_identity_v3,v3_row_origin,v3_supersession_state,representative_ID_Full
HG02059_h1_HML-2_5q11.2_technical_error	HG02059_h1_HML-2_5q11.2_graph_hgsvc3-2024-02-23-mc-chm13	HML-2_5q11.2	Technical_Error	Solo-LTR	PRESENT	fbdfa017bb7903947701dc3b2ebc5bd738408e143c4859dcb9642d2899ffed75	ID_Full,Source_Identifier,Structure,presence_call,observation_state,observation_state_reason,observation_source_kind,source_specific_state,graph_observation_state,QC_State,QC_Reason,Technical_Error_Reason,observation_role,observation_sequence_bytes,observation_sequence_sha256,provirus_type,row_source_role,row_source_generation,row_source_path,row_source_sha256,row_source_bytes,row_source_mtime_utc,haplotype_evidence,haplotype_pansn_digit,observation_class_v3,observation_class_evidence_v3,source_record_class_v3,source_record_path_v3,source_record_sha256_v3,source_record_bases_v3,source_record_header_v3,extraction_branch_provenance_v3,stable_source_identity_v3,v3_row_origin,v3_supersession_state,representative_ID_Full
HG02059_h2_HML-2_5q11.2_technical_error	HG02059_h2_HML-2_5q11.2_graph_hgsvc3-2024-02-23-mc-chm13	HML-2_5q11.2	Technical_Error	Solo-LTR	PRESENT	9e6c205acb1e90b5bad2957e7b72b95db21ebd516b12ea0d52437a1f87a8ecde	ID_Full,Source_Identifier,Structure,presence_call,observation_state,observation_state_reason,observation_source_kind,source_specific_state,graph_observation_state,QC_State,QC_Reason,Technical_Error_Reason,observation_role,observation_sequence_bytes,observation_sequence_sha256,provirus_type,row_source_role,row_source_generation,row_source_path,row_source_sha256,row_source_bytes,row_source_mtime_utc,haplotype_evidence,haplotype_pansn_digit,observation_class_v3,observation_class_evidence_v3,source_record_class_v3,source_record_path_v3,source_record_sha256_v3,source_record_bases_v3,source_record_header_v3,extraction_branch_provenance_v3,stable_source_identity_v3,v3_row_origin,v3_supersession_state,representative_ID_Full
HG02106_h1_HML-2_5q11.2_technical_error	HG02106_h1_HML-2_5q11.2_graph_hgsvc3-2024-02-23-mc-chm13	HML-2_5q11.2	Technical_Error	Solo-LTR	PRESENT	fbdfa017bb7903947701dc3b2ebc5bd738408e143c4859dcb9642d2899ffed75	ID_Full,Source_Identifier,Structure,presence_call,observation_state,observation_state_reason,observation_source_kind,source_specific_state,graph_observation_state,QC_State,QC_Reason,Technical_Error_Reason,observation_role,observation_sequence_bytes,observation_sequence_sha256,provirus_type,row_source_role,row_source_generation,row_source_path,row_source_sha256,row_source_bytes,row_source_mtime_utc,haplotype_evidence,haplotype_pansn_digit,observation_class_v3,observation_class_evidence_v3,source_record_class_v3,source_record_path_v3,source_record_sha256_v3,source_record_bases_v3,source_record_header_v3,extraction_branch_provenance_v3,stable_source_identity_v3,v3_row_origin,v3_supersession_state,representative_ID_Full
HG02106_h2_HML-2_5q11.2_technical_error	HG02106_h2_HML-2_5q11.2_graph_hgsvc3-2024-02-23-mc-chm13	HML-2_5q11.2	Technical_Error	Solo-LTR	PRESENT	fbdfa017bb7903947701dc3b2ebc5bd738408e143c4859dcb9642d2899ffed75	ID_Full,Source_Identifier,Structure,presence_call,observation_state,observation_state_reason,observation_source_kind,source_specific_state,graph_observation_state,QC_State,QC_Reason,Technical_Error_Reason,observation_role,observation_sequence_bytes,observation_sequence_sha256,provirus_type,row_source_role,row_source_generation,row_source_path,row_source_sha256,row_source_bytes,row_source_mtime_utc,haplotype_evidence,haplotype_pansn_digit,observation_class_v3,observation_class_evidence_v3,source_record_class_v3,source_record_path_v3,source_record_sha256_v3,source_record_bases_v3,source_record_header_v3,extraction_branch_provenance_v3,stable_source_identity_v3,v3_row_origin,v3_supersession_state,representative_ID_Full
HG02282_h1_HML-2_5q11.2_technical_error	HG02282_h1_HML-2_5q11.2_graph_hgsvc3-2024-02-23-mc-chm13	HML-2_5q11.2	Technical_Error	Solo-LTR	PRESENT	8e0887beb359d052cef233bfff6df2890ffc56fc33f62b389bfbac8a87083946	ID_Full,Source_Identifier,Structure,presence_call,observation_state,observation_state_reason,observation_source_kind,source_specific_state,graph_observation_state,QC_State,QC_Reason,Technical_Error_Reason,observation_role,observation_sequence_bytes,observation_sequence_sha256,provirus_type,row_source_role,row_source_generation,row_source_path,row_source_sha256,row_source_bytes,row_source_mtime_utc,haplotype_evidence,haplotype_pansn_digit,observation_class_v3,observation_class_evidence_v3,source_record_class_v3,source_record_path_v3,source_record_sha256_v3,source_record_bases_v3,source_record_header_v3,extraction_branch_provenance_v3,stable_source_identity_v3,v3_row_origin,v3_supersession_state,representative_ID_Full
HG02282_h2_HML-2_5q11.2_technical_error	HG02282_h2_HML-2_5q11.2_graph_hgsvc3-2024-02-23-mc-chm13	HML-2_5q11.2	Technical_Error	Solo-LTR	PRESENT	fbdfa017bb7903947701dc3b2ebc5bd738408e143c4859dcb9642d2899ffed75	ID_Full,Source_Identifier,Structure,presence_call,observation_state,observation_state_reason,observation_source_kind,source_specific_state,graph_observation_state,QC_State,QC_Reason,Technical_Error_Reason,observation_role,observation_sequence_bytes,observation_sequence_sha256,provirus_type,row_source_role,row_source_generation,row_source_path,row_source_sha256,row_source_bytes,row_source_mtime_utc,haplotype_evidence,haplotype_pansn_digit,observation_class_v3,observation_class_evidence_v3,source_record_class_v3,source_record_path_v3,source_record_sha256_v3,source_record_bases_v3,source_record_header_v3,extraction_branch_provenance_v3,stable_source_identity_v3,v3_row_origin,v3_supersession_state,representative_ID_Full
HG02492_h1_HML-2_5q11.2_technical_error	HG02492_h1_HML-2_5q11.2_graph_hgsvc3-2024-02-23-mc-chm13	HML-2_5q11.2	Technical_Error	Solo-LTR	PRESENT	fbdfa017bb7903947701dc3b2ebc5bd738408e143c4859dcb9642d2899ffed75	ID_Full,Source_Identifier,Structure,presence_call,observation_state,observation_state_reason,observation_source_kind,source_specific_state,graph_observation_state,QC_State,QC_Reason,Technical_Error_Reason,observation_role,observation_sequence_bytes,observation_sequence_sha256,provirus_type,row_source_role,row_source_generation,row_source_path,row_source_sha256,row_source_bytes,row_source_mtime_utc,haplotype_evidence,haplotype_pansn_digit,observation_class_v3,observation_class_evidence_v3,source_record_class_v3,source_record_path_v3,source_record_sha256_v3,source_record_bases_v3,source_record_header_v3,extraction_branch_provenance_v3,stable_source_identity_v3,v3_row_origin,v3_supersession_state,representative_ID_Full
HG02492_h2_HML-2_5q11.2_technical_error	HG02492_h2_HML-2_5q11.2_graph_hgsvc3-2024-02-23-mc-chm13	HML-2_5q11.2	Technical_Error	Solo-LTR	PRESENT	8e0887beb359d052cef233bfff6df2890ffc56fc33f62b389bfbac8a87083946	ID_Full,Source_Identifier,Structure,presence_call,observation_state,observation_state_reason,observation_source_kind,source_specific_state,graph_observation_state,QC_State,QC_Reason,Technical_Error_Reason,observation_role,observation_sequence_bytes,observation_sequence_sha256,provirus_type,row_source_role,row_source_generation,row_source_path,row_source_sha256,row_source_bytes,row_source_mtime_utc,haplotype_evidence,haplotype_pansn_digit,observation_class_v3,observation_class_evidence_v3,source_record_class_v3,source_record_path_v3,source_record_sha256_v3,source_record_bases_v3,source_record_header_v3,extraction_branch_provenance_v3,stable_source_identity_v3,v3_row_origin,v3_supersession_state,representative_ID_Full
HG02554_h1_HML-2_5q11.2_technical_error	HG02554_h1_HML-2_5q11.2_graph_hgsvc3-2024-02-23-mc-chm13	HML-2_5q11.2	Technical_Error	Solo-LTR	PRESENT	9a3db08428c1e52bb1256bb41c16a6d27187c24f6ebc70edc8bbdbd5f42e5342	ID_Full,Source_Identifier,Structure,presence_call,observation_state,observation_state_reason,observation_source_kind,source_specific_state,graph_observation_state,QC_State,QC_Reason,Technical_Error_Reason,observation_role,observation_sequence_bytes,observation_sequence_sha256,provirus_type,row_source_role,row_source_generation,row_source_path,row_source_sha256,row_source_bytes,row_source_mtime_utc,haplotype_evidence,haplotype_pansn_digit,observation_class_v3,observation_class_evidence_v3,source_record_class_v3,source_record_path_v3,source_record_sha256_v3,source_record_bases_v3,source_record_header_v3,extraction_branch_provenance_v3,stable_source_identity_v3,v3_row_origin,v3_supersession_state,representative_ID_Full
HG02554_h2_HML-2_5q11.2_technical_error	HG02554_h2_HML-2_5q11.2_graph_hgsvc3-2024-02-23-mc-chm13	HML-2_5q11.2	Technical_Error	Solo-LTR	PRESENT	8e0887beb359d052cef233bfff6df2890ffc56fc33f62b389bfbac8a87083946	ID_Full,Source_Identifier,Structure,presence_call,observation_state,observation_state_reason,observation_source_kind,source_specific_state,graph_observation_state,QC_State,QC_Reason,Technical_Error_Reason,observation_role,observation_sequence_bytes,observation_sequence_sha256,provirus_type,row_source_role,row_source_generation,row_source_path,row_source_sha256,row_source_bytes,row_source_mtime_utc,haplotype_evidence,haplotype_pansn_digit,observation_class_v3,observation_class_evidence_v3,source_record_class_v3,source_record_path_v3,source_record_sha256_v3,source_record_bases_v3,source_record_header_v3,extraction_branch_provenance_v3,stable_source_identity_v3,v3_row_origin,v3_supersession_state,representative_ID_Full
HG02587_h1_HML-2_5q11.2_technical_error	HG02587_h1_HML-2_5q11.2_graph_hgsvc3-2024-02-23-mc-chm13	HML-2_5q11.2	Technical_Error	Solo-LTR	PRESENT	8e0887beb359d052cef233bfff6df2890ffc56fc33f62b389bfbac8a87083946	ID_Full,Source_Identifier,Structure,presence_call,observation_state,observation_state_reason,observation_source_kind,source_specific_state,graph_observation_state,QC_State,QC_Reason,Technical_Error_Reason,observation_role,observation_sequence_bytes,observation_sequence_sha256,provirus_type,row_source_role,row_source_generation,row_source_path,row_source_sha256,row_source_bytes,row_source_mtime_utc,haplotype_evidence,haplotype_pansn_digit,observation_class_v3,observation_class_evidence_v3,source_record_class_v3,source_record_path_v3,source_record_sha256_v3,source_record_bases_v3,source_record_header_v3,extraction_branch_provenance_v3,stable_source_identity_v3,v3_row_origin,v3_supersession_state,representative_ID_Full
HG02587_h2_HML-2_5q11.2_technical_error	HG02587_h2_HML-2_5q11.2_graph_hgsvc3-2024-02-23-mc-chm13	HML-2_5q11.2	Technical_Error	Solo-LTR	PRESENT	8e0887beb359d052cef233bfff6df2890ffc56fc33f62b389bfbac8a87083946	ID_Full,Source_Identifier,Structure,presence_call,observation_state,observation_state_reason,observation_source_kind,source_specific_state,graph_observation_state,QC_State,QC_Reason,Technical_Error_Reason,observation_role,observation_sequence_bytes,observation_sequence_sha256,provirus_type,row_source_role,row_source_generation,row_source_path,row_source_sha256,row_source_bytes,row_source_mtime_utc,haplotype_evidence,haplotype_pansn_digit,observation_class_v3,observation_class_evidence_v3,source_record_class_v3,source_record_path_v3,source_record_sha256_v3,source_record_bases_v3,source_record_header_v3,extraction_branch_provenance_v3,stable_source_identity_v3,v3_row_origin,v3_supersession_state,representative_ID_Full
HG02666_h1_HML-2_5q11.2_technical_error	HG02666_h1_HML-2_5q11.2_graph_hgsvc3-2024-02-23-mc-chm13	HML-2_5q11.2	Technical_Error	Solo-LTR	PRESENT	fbdfa017bb7903947701dc3b2ebc5bd738408e143c4859dcb9642d2899ffed75	ID_Full,Source_Identifier,Structure,presence_call,observation_state,observation_state_reason,observation_source_kind,source_specific_state,graph_observation_state,QC_State,QC_Reason,Technical_Error_Reason,observation_role,observation_sequence_bytes,observation_sequence_sha256,provirus_type,row_source_role,row_source_generation,row_source_path,row_source_sha256,row_source_bytes,row_source_mtime_utc,haplotype_evidence,haplotype_pansn_digit,observation_class_v3,observation_class_evidence_v3,source_record_class_v3,source_record_path_v3,source_record_sha256_v3,source_record_bases_v3,source_record_header_v3,extraction_branch_provenance_v3,stable_source_identity_v3,v3_row_origin,v3_supersession_state,representative_ID_Full
HG02666_h2_HML-2_5q11.2_technical_error	HG02666_h2_HML-2_5q11.2_graph_hgsvc3-2024-02-23-mc-chm13	HML-2_5q11.2	Technical_Error	Solo-LTR	PRESENT	a3de7f62e1e671cb99aa6d4aafda47e02d47f1ef9afc430d080aae13a7773880	ID_Full,Source_Identifier,Structure,presence_call,observation_state,observation_state_reason,observation_source_kind,source_specific_state,graph_observation_state,QC_State,QC_Reason,Technical_Error_Reason,observation_role,observation_sequence_bytes,observation_sequence_sha256,provirus_type,row_source_role,row_source_generation,row_source_path,row_source_sha256,row_source_bytes,row_source_mtime_utc,haplotype_evidence,haplotype_pansn_digit,observation_class_v3,observation_class_evidence_v3,source_record_class_v3,source_record_path_v3,source_record_sha256_v3,source_record_bases_v3,source_record_header_v3,extraction_branch_provenance_v3,stable_source_identity_v3,v3_row_origin,v3_supersession_state,representative_ID_Full
HG02769_h1_HML-2_5q11.2_technical_error	HG02769_h1_HML-2_5q11.2_graph_hgsvc3-2024-02-23-mc-chm13	HML-2_5q11.2	Technical_Error	Solo-LTR	PRESENT	c550f3520cf31b61cbd270dc5f3ddc46dee54a6dbc2ebfb2f7089d1db86da0b0	ID_Full,Source_Identifier,Structure,presence_call,observation_state,observation_state_reason,observation_source_kind,source_specific_state,graph_observation_state,QC_State,QC_Reason,Technical_Error_Reason,observation_role,observation_sequence_bytes,observation_sequence_sha256,provirus_type,row_source_role,row_source_generation,row_source_path,row_source_sha256,row_source_bytes,row_source_mtime_utc,haplotype_evidence,haplotype_pansn_digit,observation_class_v3,observation_class_evidence_v3,source_record_class_v3,source_record_path_v3,source_record_sha256_v3,source_record_bases_v3,source_record_header_v3,extraction_branch_provenance_v3,stable_source_identity_v3,v3_row_origin,v3_supersession_state,representative_ID_Full
HG02769_h2_HML-2_5q11.2_technical_error	HG02769_h2_HML-2_5q11.2_graph_hgsvc3-2024-02-23-mc-chm13	HML-2_5q11.2	Technical_Error	Solo-LTR	PRESENT	8e0887beb359d052cef233bfff6df2890ffc56fc33f62b389bfbac8a87083946	ID_Full,Source_Identifier,Structure,presence_call,observation_state,observation_state_reason,observation_source_kind,source_specific_state,graph_observation_state,QC_State,QC_Reason,Technical_Error_Reason,observation_role,observation_sequence_bytes,observation_sequence_sha256,provirus_type,row_source_role,row_source_generation,row_source_path,row_source_sha256,row_source_bytes,row_source_mtime_utc,haplotype_evidence,haplotype_pansn_digit,observation_class_v3,observation_class_evidence_v3,source_record_class_v3,source_record_path_v3,source_record_sha256_v3,source_record_bases_v3,source_record_header_v3,extraction_branch_provenance_v3,stable_source_identity_v3,v3_row_origin,v3_supersession_state,representative_ID_Full
HG02953_h1_HML-2_5q11.2_technical_error	HG02953_h1_HML-2_5q11.2_graph_hgsvc3-2024-02-23-mc-chm13	HML-2_5q11.2	Technical_Error	Solo-LTR	PRESENT	fbdfa017bb7903947701dc3b2ebc5bd738408e143c4859dcb9642d2899ffed75	ID_Full,Source_Identifier,Structure,presence_call,observation_state,observation_state_reason,observation_source_kind,source_specific_state,graph_observation_state,QC_State,QC_Reason,Technical_Error_Reason,observation_role,observation_sequence_bytes,observation_sequence_sha256,provirus_type,row_source_role,row_source_generation,row_source_path,row_source_sha256,row_source_bytes,row_source_mtime_utc,haplotype_evidence,haplotype_pansn_digit,observation_class_v3,observation_class_evidence_v3,source_record_class_v3,source_record_path_v3,source_record_sha256_v3,source_record_bases_v3,source_record_header_v3,extraction_branch_provenance_v3,stable_source_identity_v3,v3_row_origin,v3_supersession_state,representative_ID_Full
HG02953_h2_HML-2_5q11.2_technical_error	HG02953_h2_HML-2_5q11.2_graph_hgsvc3-2024-02-23-mc-chm13	HML-2_5q11.2	Technical_Error	Solo-LTR	PRESENT	8e0887beb359d052cef233bfff6df2890ffc56fc33f62b389bfbac8a87083946	ID_Full,Source_Identifier,Structure,presence_call,observation_state,observation_state_reason,observation_source_kind,source_specific_state,graph_observation_state,QC_State,QC_Reason,Technical_Error_Reason,observation_role,observation_sequence_bytes,observation_sequence_sha256,provirus_type,row_source_role,row_source_generation,row_source_path,row_source_sha256,row_source_bytes,row_source_mtime_utc,haplotype_evidence,haplotype_pansn_digit,observation_class_v3,observation_class_evidence_v3,source_record_class_v3,source_record_path_v3,source_record_sha256_v3,source_record_bases_v3,source_record_header_v3,extraction_branch_provenance_v3,stable_source_identity_v3,v3_row_origin,v3_supersession_state,representative_ID_Full
HG03009_h1_HML-2_5q11.2_technical_error	HG03009_h1_HML-2_5q11.2_graph_hgsvc3-2024-02-23-mc-chm13	HML-2_5q11.2	Technical_Error	Solo-LTR	PRESENT	fbdfa017bb7903947701dc3b2ebc5bd738408e143c4859dcb9642d2899ffed75	ID_Full,Source_Identifier,Structure,presence_call,observation_state,observation_state_reason,observation_source_kind,source_specific_state,graph_observation_state,QC_State,QC_Reason,Technical_Error_Reason,observation_role,observation_sequence_bytes,observation_sequence_sha256,provirus_type,row_source_role,row_source_generation,row_source_path,row_source_sha256,row_source_bytes,row_source_mtime_utc,haplotype_evidence,haplotype_pansn_digit,observation_class_v3,observation_class_evidence_v3,source_record_class_v3,source_record_path_v3,source_record_sha256_v3,source_record_bases_v3,source_record_header_v3,extraction_branch_provenance_v3,stable_source_identity_v3,v3_row_origin,v3_supersession_state,representative_ID_Full
HG03009_h2_HML-2_5q11.2_technical_error	HG03009_h2_HML-2_5q11.2_graph_hgsvc3-2024-02-23-mc-chm13	HML-2_5q11.2	Technical_Error	Solo-LTR	PRESENT	fbdfa017bb7903947701dc3b2ebc5bd738408e143c4859dcb9642d2899ffed75	ID_Full,Source_Identifier,Structure,presence_call,observation_state,observation_state_reason,observation_source_kind,source_specific_state,graph_observation_state,QC_State,QC_Reason,Technical_Error_Reason,observation_role,observation_sequence_bytes,observation_sequence_sha256,provirus_type,row_source_role,row_source_generation,row_source_path,row_source_sha256,row_source_bytes,row_source_mtime_utc,haplotype_evidence,haplotype_pansn_digit,observation_class_v3,observation_class_evidence_v3,source_record_class_v3,source_record_path_v3,source_record_sha256_v3,source_record_bases_v3,source_record_header_v3,extraction_branch_provenance_v3,stable_source_identity_v3,v3_row_origin,v3_supersession_state,representative_ID_Full
HG03065_h1_HML-2_5q11.2_technical_error	HG03065_h1_HML-2_5q11.2_graph_hgsvc3-2024-02-23-mc-chm13	HML-2_5q11.2	Technical_Error	Solo-LTR	PRESENT	fbdfa017bb7903947701dc3b2ebc5bd738408e143c4859dcb9642d2899ffed75	ID_Full,Source_Identifier,Structure,presence_call,observation_state,observation_state_reason,observation_source_kind,source_specific_state,graph_observation_state,QC_State,QC_Reason,Technical_Error_Reason,observation_role,observation_sequence_bytes,observation_sequence_sha256,provirus_type,row_source_role,row_source_generation,row_source_path,row_source_sha256,row_source_bytes,row_source_mtime_utc,haplotype_evidence,haplotype_pansn_digit,observation_class_v3,observation_class_evidence_v3,source_record_class_v3,source_record_path_v3,source_record_sha256_v3,source_record_bases_v3,source_record_header_v3,extraction_branch_provenance_v3,stable_source_identity_v3,v3_row_origin,v3_supersession_state,representative_ID_Full
HG03065_h2_HML-2_5q11.2_technical_error	HG03065_h2_HML-2_5q11.2_graph_hgsvc3-2024-02-23-mc-chm13	HML-2_5q11.2	Technical_Error	Solo-LTR	PRESENT	fbdfa017bb7903947701dc3b2ebc5bd738408e143c4859dcb9642d2899ffed75	ID_Full,Source_Identifier,Structure,presence_call,observation_state,observation_state_reason,observation_source_kind,source_specific_state,graph_observation_state,QC_State,QC_Reason,Technical_Error_Reason,observation_role,observation_sequence_bytes,observation_sequence_sha256,provirus_type,row_source_role,row_source_generation,row_source_path,row_source_sha256,row_source_bytes,row_source_mtime_utc,haplotype_evidence,haplotype_pansn_digit,observation_class_v3,observation_class_evidence_v3,source_record_class_v3,source_record_path_v3,source_record_sha256_v3,source_record_bases_v3,source_record_header_v3,extraction_branch_provenance_v3,stable_source_identity_v3,v3_row_origin,v3_supersession_state,representative_ID_Full
HG03248_h1_HML-2_5q11.2_technical_error	HG03248_h1_HML-2_5q11.2_graph_hgsvc3-2024-02-23-mc-chm13	HML-2_5q11.2	Technical_Error	Solo-LTR	PRESENT	8d3c2254b68e62b7817e46a65d1582ca9afca81ec196a151fa09dd807ca39d23	ID_Full,Source_Identifier,Structure,presence_call,observation_state,observation_state_reason,observation_source_kind,source_specific_state,graph_observation_state,QC_State,QC_Reason,Technical_Error_Reason,observation_role,observation_sequence_bytes,observation_sequence_sha256,provirus_type,row_source_role,row_source_generation,row_source_path,row_source_sha256,row_source_bytes,row_source_mtime_utc,haplotype_evidence,haplotype_pansn_digit,observation_class_v3,observation_class_evidence_v3,source_record_class_v3,source_record_path_v3,source_record_sha256_v3,source_record_bases_v3,source_record_header_v3,extraction_branch_provenance_v3,stable_source_identity_v3,v3_row_origin,v3_supersession_state,representative_ID_Full
HG03248_h2_HML-2_5q11.2_technical_error	HG03248_h2_HML-2_5q11.2_graph_hgsvc3-2024-02-23-mc-chm13	HML-2_5q11.2	Technical_Error	Solo-LTR	PRESENT	fbdfa017bb7903947701dc3b2ebc5bd738408e143c4859dcb9642d2899ffed75	ID_Full,Source_Identifier,Structure,presence_call,observation_state,observation_state_reason,observation_source_kind,source_specific_state,graph_observation_state,QC_State,QC_Reason,Technical_Error_Reason,observation_role,observation_sequence_bytes,observation_sequence_sha256,provirus_type,row_source_role,row_source_generation,row_source_path,row_source_sha256,row_source_bytes,row_source_mtime_utc,haplotype_evidence,haplotype_pansn_digit,observation_class_v3,observation_class_evidence_v3,source_record_class_v3,source_record_path_v3,source_record_sha256_v3,source_record_bases_v3,source_record_header_v3,extraction_branch_provenance_v3,stable_source_identity_v3,v3_row_origin,v3_supersession_state,representative_ID_Full
HG03371_h1_HML-2_5q11.2_technical_error	HG03371_h1_HML-2_5q11.2_graph_hgsvc3-2024-02-23-mc-chm13	HML-2_5q11.2	Technical_Error	Solo-LTR	PRESENT	7568fc71dd2f6fd925cc29c71b31eb8a316eac143b337285811233da96b0b9fb	ID_Full,Source_Identifier,Structure,presence_call,observation_state,observation_state_reason,observation_source_kind,source_specific_state,graph_observation_state,QC_State,QC_Reason,Technical_Error_Reason,observation_role,observation_sequence_bytes,observation_sequence_sha256,provirus_type,row_source_role,row_source_generation,row_source_path,row_source_sha256,row_source_bytes,row_source_mtime_utc,haplotype_evidence,haplotype_pansn_digit,observation_class_v3,observation_class_evidence_v3,source_record_class_v3,source_record_path_v3,source_record_sha256_v3,source_record_bases_v3,source_record_header_v3,extraction_branch_provenance_v3,stable_source_identity_v3,v3_row_origin,v3_supersession_state,representative_ID_Full
HG03371_h2_HML-2_5q11.2_technical_error	HG03371_h2_HML-2_5q11.2_graph_hgsvc3-2024-02-23-mc-chm13	HML-2_5q11.2	Technical_Error	Solo-LTR	PRESENT	8e0887beb359d052cef233bfff6df2890ffc56fc33f62b389bfbac8a87083946	ID_Full,Source_Identifier,Structure,presence_call,observation_state,observation_state_reason,observation_source_kind,source_specific_state,graph_observation_state,QC_State,QC_Reason,Technical_Error_Reason,observation_role,observation_sequence_bytes,observation_sequence_sha256,provirus_type,row_source_role,row_source_generation,row_source_path,row_source_sha256,row_source_bytes,row_source_mtime_utc,haplotype_evidence,haplotype_pansn_digit,observation_class_v3,observation_class_evidence_v3,source_record_class_v3,source_record_path_v3,source_record_sha256_v3,source_record_bases_v3,source_record_header_v3,extraction_branch_provenance_v3,stable_source_identity_v3,v3_row_origin,v3_supersession_state,representative_ID_Full
HG03452_h1_HML-2_5q11.2_technical_error	HG03452_h1_HML-2_5q11.2_graph_hgsvc3-2024-02-23-mc-chm13	HML-2_5q11.2	Technical_Error	Solo-LTR	PRESENT	8e0887beb359d052cef233bfff6df2890ffc56fc33f62b389bfbac8a87083946	ID_Full,Source_Identifier,Structure,presence_call,observation_state,observation_state_reason,observation_source_kind,source_specific_state,graph_observation_state,QC_State,QC_Reason,Technical_Error_Reason,observation_role,observation_sequence_bytes,observation_sequence_sha256,provirus_type,row_source_role,row_source_generation,row_source_path,row_source_sha256,row_source_bytes,row_source_mtime_utc,haplotype_evidence,haplotype_pansn_digit,observation_class_v3,observation_class_evidence_v3,source_record_class_v3,source_record_path_v3,source_record_sha256_v3,source_record_bases_v3,source_record_header_v3,extraction_branch_provenance_v3,stable_source_identity_v3,v3_row_origin,v3_supersession_state,representative_ID_Full
HG03452_h2_HML-2_5q11.2_technical_error	HG03452_h2_HML-2_5q11.2_graph_hgsvc3-2024-02-23-mc-chm13	HML-2_5q11.2	Technical_Error	Solo-LTR	PRESENT	8e0887beb359d052cef233bfff6df2890ffc56fc33f62b389bfbac8a87083946	ID_Full,Source_Identifier,Structure,presence_call,observation_state,observation_state_reason,observation_source_kind,source_specific_state,graph_observation_state,QC_State,QC_Reason,Technical_Error_Reason,observation_role,observation_sequence_bytes,observation_sequence_sha256,provirus_type,row_source_role,row_source_generation,row_source_path,row_source_sha256,row_source_bytes,row_source_mtime_utc,haplotype_evidence,haplotype_pansn_digit,observation_class_v3,observation_class_evidence_v3,source_record_class_v3,source_record_path_v3,source_record_sha256_v3,source_record_bases_v3,source_record_header_v3,extraction_branch_provenance_v3,stable_source_identity_v3,v3_row_origin,v3_supersession_state,representative_ID_Full
HG03456_h1_HML-2_5q11.2_technical_error	HG03456_h1_HML-2_5q11.2_graph_hgsvc3-2024-02-23-mc-chm13	HML-2_5q11.2	Technical_Error	Solo-LTR	PRESENT	7568fc71dd2f6fd925cc29c71b31eb8a316eac143b337285811233da96b0b9fb	ID_Full,Source_Identifier,Structure,presence_call,observation_state,observation_state_reason,observation_source_kind,source_specific_state,graph_observation_state,QC_State,QC_Reason,Technical_Error_Reason,observation_role,observation_sequence_bytes,observation_sequence_sha256,provirus_type,row_source_role,row_source_generation,row_source_path,row_source_sha256,row_source_bytes,row_source_mtime_utc,haplotype_evidence,haplotype_pansn_digit,observation_class_v3,observation_class_evidence_v3,source_record_class_v3,source_record_path_v3,source_record_sha256_v3,source_record_bases_v3,source_record_header_v3,extraction_branch_provenance_v3,stable_source_identity_v3,v3_row_origin,v3_supersession_state,representative_ID_Full
HG03456_h2_HML-2_5q11.2_technical_error	HG03456_h2_HML-2_5q11.2_graph_hgsvc3-2024-02-23-mc-chm13	HML-2_5q11.2	Technical_Error	Solo-LTR	PRESENT	8e0887beb359d052cef233bfff6df2890ffc56fc33f62b389bfbac8a87083946	ID_Full,Source_Identifier,Structure,presence_call,observation_state,observation_state_reason,observation_source_kind,source_specific_state,graph_observation_state,QC_State,QC_Reason,Technical_Error_Reason,observation_role,observation_sequence_bytes,observation_sequence_sha256,provirus_type,row_source_role,row_source_generation,row_source_path,row_source_sha256,row_source_bytes,row_source_mtime_utc,haplotype_evidence,haplotype_pansn_digit,observation_class_v3,observation_class_evidence_v3,source_record_class_v3,source_record_path_v3,source_record_sha256_v3,source_record_bases_v3,source_record_header_v3,extraction_branch_provenance_v3,stable_source_identity_v3,v3_row_origin,v3_supersession_state,representative_ID_Full
HG03520_h1_HML-2_5q11.2_technical_error	HG03520_h1_HML-2_5q11.2_graph_hgsvc3-2024-02-23-mc-chm13	HML-2_5q11.2	Technical_Error	Solo-LTR	PRESENT	8e0887beb359d052cef233bfff6df2890ffc56fc33f62b389bfbac8a87083946	ID_Full,Source_Identifier,Structure,presence_call,observation_state,observation_state_reason,observation_source_kind,source_specific_state,graph_observation_state,QC_State,QC_Reason,Technical_Error_Reason,observation_role,observation_sequence_bytes,observation_sequence_sha256,provirus_type,row_source_role,row_source_generation,row_source_path,row_source_sha256,row_source_bytes,row_source_mtime_utc,haplotype_evidence,haplotype_pansn_digit,observation_class_v3,observation_class_evidence_v3,source_record_class_v3,source_record_path_v3,source_record_sha256_v3,source_record_bases_v3,source_record_header_v3,extraction_branch_provenance_v3,stable_source_identity_v3,v3_row_origin,v3_supersession_state,representative_ID_Full
HG03520_h2_HML-2_5q11.2_technical_error	HG03520_h2_HML-2_5q11.2_graph_hgsvc3-2024-02-23-mc-chm13	HML-2_5q11.2	Technical_Error	Solo-LTR	PRESENT	9a3db08428c1e52bb1256bb41c16a6d27187c24f6ebc70edc8bbdbd5f42e5342	ID_Full,Source_Identifier,Structure,presence_call,observation_state,observation_state_reason,observation_source_kind,source_specific_state,graph_observation_state,QC_State,QC_Reason,Technical_Error_Reason,observation_role,observation_sequence_bytes,observation_sequence_sha256,provirus_type,row_source_role,row_source_generation,row_source_path,row_source_sha256,row_source_bytes,row_source_mtime_utc,haplotype_evidence,haplotype_pansn_digit,observation_class_v3,observation_class_evidence_v3,source_record_class_v3,source_record_path_v3,source_record_sha256_v3,source_record_bases_v3,source_record_header_v3,extraction_branch_provenance_v3,stable_source_identity_v3,v3_row_origin,v3_supersession_state,representative_ID_Full
HG03683_h1_HML-2_5q11.2_technical_error	HG03683_h1_HML-2_5q11.2_graph_hgsvc3-2024-02-23-mc-chm13	HML-2_5q11.2	Technical_Error	Solo-LTR	PRESENT	8e0887beb359d052cef233bfff6df2890ffc56fc33f62b389bfbac8a87083946	ID_Full,Source_Identifier,Structure,presence_call,observation_state,observation_state_reason,observation_source_kind,source_specific_state,graph_observation_state,QC_State,QC_Reason,Technical_Error_Reason,observation_role,observation_sequence_bytes,observation_sequence_sha256,provirus_type,row_source_role,row_source_generation,row_source_path,row_source_sha256,row_source_bytes,row_source_mtime_utc,haplotype_evidence,haplotype_pansn_digit,observation_class_v3,observation_class_evidence_v3,source_record_class_v3,source_record_path_v3,source_record_sha256_v3,source_record_bases_v3,source_record_header_v3,extraction_branch_provenance_v3,stable_source_identity_v3,v3_row_origin,v3_supersession_state,representative_ID_Full
HG03683_h2_HML-2_5q11.2_technical_error	HG03683_h2_HML-2_5q11.2_graph_hgsvc3-2024-02-23-mc-chm13	HML-2_5q11.2	Technical_Error	Solo-LTR	PRESENT	fbdfa017bb7903947701dc3b2ebc5bd738408e143c4859dcb9642d2899ffed75	ID_Full,Source_Identifier,Structure,presence_call,observation_state,observation_state_reason,observation_source_kind,source_specific_state,graph_observation_state,QC_State,QC_Reason,Technical_Error_Reason,observation_role,observation_sequence_bytes,observation_sequence_sha256,provirus_type,row_source_role,row_source_generation,row_source_path,row_source_sha256,row_source_bytes,row_source_mtime_utc,haplotype_evidence,haplotype_pansn_digit,observation_class_v3,observation_class_evidence_v3,source_record_class_v3,source_record_path_v3,source_record_sha256_v3,source_record_bases_v3,source_record_header_v3,extraction_branch_provenance_v3,stable_source_identity_v3,v3_row_origin,v3_supersession_state,representative_ID_Full
HG03732_h1_HML-2_5q11.2_technical_error	HG03732_h1_HML-2_5q11.2_graph_hgsvc3-2024-02-23-mc-chm13	HML-2_5q11.2	Technical_Error	Solo-LTR	PRESENT	fbdfa017bb7903947701dc3b2ebc5bd738408e143c4859dcb9642d2899ffed75	ID_Full,Source_Identifier,Structure,presence_call,observation_state,observation_state_reason,observation_source_kind,source_specific_state,graph_observation_state,QC_State,QC_Reason,Technical_Error_Reason,observation_role,observation_sequence_bytes,observation_sequence_sha256,provirus_type,row_source_role,row_source_generation,row_source_path,row_source_sha256,row_source_bytes,row_source_mtime_utc,haplotype_evidence,haplotype_pansn_digit,observation_class_v3,observation_class_evidence_v3,source_record_class_v3,source_record_path_v3,source_record_sha256_v3,source_record_bases_v3,source_record_header_v3,extraction_branch_provenance_v3,stable_source_identity_v3,v3_row_origin,v3_supersession_state,representative_ID_Full
HG03732_h2_HML-2_5q11.2_technical_error	HG03732_h2_HML-2_5q11.2_graph_hgsvc3-2024-02-23-mc-chm13	HML-2_5q11.2	Technical_Error	Solo-LTR	PRESENT	fbdfa017bb7903947701dc3b2ebc5bd738408e143c4859dcb9642d2899ffed75	ID_Full,Source_Identifier,Structure,presence_call,observation_state,observation_state_reason,observation_source_kind,source_specific_state,graph_observation_state,QC_State,QC_Reason,Technical_Error_Reason,observation_role,observation_sequence_bytes,observation_sequence_sha256,provirus_type,row_source_role,row_source_generation,row_source_path,row_source_sha256,row_source_bytes,row_source_mtime_utc,haplotype_evidence,haplotype_pansn_digit,observation_class_v3,observation_class_evidence_v3,source_record_class_v3,source_record_path_v3,source_record_sha256_v3,source_record_bases_v3,source_record_header_v3,extraction_branch_provenance_v3,stable_source_identity_v3,v3_row_origin,v3_supersession_state,representative_ID_Full
HG03807_h1_HML-2_5q11.2_technical_error	HG03807_h1_HML-2_5q11.2_graph_hgsvc3-2024-02-23-mc-chm13	HML-2_5q11.2	Technical_Error	Solo-LTR	PRESENT	86082d6e84f90bd08eb810a5de68d078275573a02e8d4c852125336e342e4c92	ID_Full,Source_Identifier,Structure,presence_call,observation_state,observation_state_reason,observation_source_kind,source_specific_state,graph_observation_state,QC_State,QC_Reason,Technical_Error_Reason,observation_role,observation_sequence_bytes,observation_sequence_sha256,provirus_type,row_source_role,row_source_generation,row_source_path,row_source_sha256,row_source_bytes,row_source_mtime_utc,haplotype_evidence,haplotype_pansn_digit,observation_class_v3,observation_class_evidence_v3,source_record_class_v3,source_record_path_v3,source_record_sha256_v3,source_record_bases_v3,source_record_header_v3,extraction_branch_provenance_v3,stable_source_identity_v3,v3_row_origin,v3_supersession_state,representative_ID_Full
HG03807_h2_HML-2_5q11.2_technical_error	HG03807_h2_HML-2_5q11.2_graph_hgsvc3-2024-02-23-mc-chm13	HML-2_5q11.2	Technical_Error	Solo-LTR	PRESENT	8e0887beb359d052cef233bfff6df2890ffc56fc33f62b389bfbac8a87083946	ID_Full,Source_Identifier,Structure,presence_call,observation_state,observation_state_reason,observation_source_kind,source_specific_state,graph_observation_state,QC_State,QC_Reason,Technical_Error_Reason,observation_role,observation_sequence_bytes,observation_sequence_sha256,provirus_type,row_source_role,row_source_generation,row_source_path,row_source_sha256,row_source_bytes,row_source_mtime_utc,haplotype_evidence,haplotype_pansn_digit,observation_class_v3,observation_class_evidence_v3,source_record_class_v3,source_record_path_v3,source_record_sha256_v3,source_record_bases_v3,source_record_header_v3,extraction_branch_provenance_v3,stable_source_identity_v3,v3_row_origin,v3_supersession_state,representative_ID_Full
HG04036_h1_HML-2_5q11.2_technical_error	HG04036_h1_HML-2_5q11.2_graph_hgsvc3-2024-02-23-mc-chm13	HML-2_5q11.2	Technical_Error	Solo-LTR	PRESENT	9f8b6d6a1dae7e7f30e36fa55b536ddf2d011e4ca83fdb55c145e8c40278a034	ID_Full,Source_Identifier,Structure,presence_call,observation_state,observation_state_reason,observation_source_kind,source_specific_state,graph_observation_state,QC_State,QC_Reason,Technical_Error_Reason,observation_role,observation_sequence_bytes,observation_sequence_sha256,provirus_type,row_source_role,row_source_generation,row_source_path,row_source_sha256,row_source_bytes,row_source_mtime_utc,haplotype_evidence,haplotype_pansn_digit,observation_class_v3,observation_class_evidence_v3,source_record_class_v3,source_record_path_v3,source_record_sha256_v3,source_record_bases_v3,source_record_header_v3,extraction_branch_provenance_v3,stable_source_identity_v3,v3_row_origin,v3_supersession_state,representative_ID_Full
HG04036_h2_HML-2_5q11.2_technical_error	HG04036_h2_HML-2_5q11.2_graph_hgsvc3-2024-02-23-mc-chm13	HML-2_5q11.2	Technical_Error	Solo-LTR	PRESENT	fbdfa017bb7903947701dc3b2ebc5bd738408e143c4859dcb9642d2899ffed75	ID_Full,Source_Identifier,Structure,presence_call,observation_state,observation_state_reason,observation_source_kind,source_specific_state,graph_observation_state,QC_State,QC_Reason,Technical_Error_Reason,observation_role,observation_sequence_bytes,observation_sequence_sha256,provirus_type,row_source_role,row_source_generation,row_source_path,row_source_sha256,row_source_bytes,row_source_mtime_utc,haplotype_evidence,haplotype_pansn_digit,observation_class_v3,observation_class_evidence_v3,source_record_class_v3,source_record_path_v3,source_record_sha256_v3,source_record_bases_v3,source_record_header_v3,extraction_branch_provenance_v3,stable_source_identity_v3,v3_row_origin,v3_supersession_state,representative_ID_Full
HG04217_h1_HML-2_5q11.2_technical_error	HG04217_h1_HML-2_5q11.2_graph_hgsvc3-2024-02-23-mc-chm13	HML-2_5q11.2	Technical_Error	Solo-LTR	PRESENT	fbdfa017bb7903947701dc3b2ebc5bd738408e143c4859dcb9642d2899ffed75	ID_Full,Source_Identifier,Structure,presence_call,observation_state,observation_state_reason,observation_source_kind,source_specific_state,graph_observation_state,QC_State,QC_Reason,Technical_Error_Reason,observation_role,observation_sequence_bytes,observation_sequence_sha256,provirus_type,row_source_role,row_source_generation,row_source_path,row_source_sha256,row_source_bytes,row_source_mtime_utc,haplotype_evidence,haplotype_pansn_digit,observation_class_v3,observation_class_evidence_v3,source_record_class_v3,source_record_path_v3,source_record_sha256_v3,source_record_bases_v3,source_record_header_v3,extraction_branch_provenance_v3,stable_source_identity_v3,v3_row_origin,v3_supersession_state,representative_ID_Full
HG04217_h2_HML-2_5q11.2_technical_error	HG04217_h2_HML-2_5q11.2_graph_hgsvc3-2024-02-23-mc-chm13	HML-2_5q11.2	Technical_Error	Solo-LTR	PRESENT	fbdfa017bb7903947701dc3b2ebc5bd738408e143c4859dcb9642d2899ffed75	ID_Full,Source_Identifier,Structure,presence_call,observation_state,observation_state_reason,observation_source_kind,source_specific_state,graph_observation_state,QC_State,QC_Reason,Technical_Error_Reason,observation_role,observation_sequence_bytes,observation_sequence_sha256,provirus_type,row_source_role,row_source_generation,row_source_path,row_source_sha256,row_source_bytes,row_source_mtime_utc,haplotype_evidence,haplotype_pansn_digit,observation_class_v3,observation_class_evidence_v3,source_record_class_v3,source_record_path_v3,source_record_sha256_v3,source_record_bases_v3,source_record_header_v3,extraction_branch_provenance_v3,stable_source_identity_v3,v3_row_origin,v3_supersession_state,representative_ID_Full
NA12329_h1_HML-2_5q11.2_technical_error	NA12329_h1_HML-2_5q11.2_graph_hgsvc3-2024-02-23-mc-chm13	HML-2_5q11.2	Technical_Error	Solo-LTR	PRESENT	fbdfa017bb7903947701dc3b2ebc5bd738408e143c4859dcb9642d2899ffed75	ID_Full,Source_Identifier,Structure,presence_call,observation_state,observation_state_reason,observation_source_kind,source_specific_state,graph_observation_state,QC_State,QC_Reason,Technical_Error_Reason,observation_role,observation_sequence_bytes,observation_sequence_sha256,provirus_type,row_source_role,row_source_generation,row_source_path,row_source_sha256,row_source_bytes,row_source_mtime_utc,haplotype_evidence,haplotype_pansn_digit,observation_class_v3,observation_class_evidence_v3,source_record_class_v3,source_record_path_v3,source_record_sha256_v3,source_record_bases_v3,source_record_header_v3,extraction_branch_provenance_v3,stable_source_identity_v3,v3_row_origin,v3_supersession_state,representative_ID_Full
NA12329_h2_HML-2_5q11.2_technical_error	NA12329_h2_HML-2_5q11.2_graph_hgsvc3-2024-02-23-mc-chm13	HML-2_5q11.2	Technical_Error	Solo-LTR	PRESENT	c833c6e987f5a6afbf47aeb4b3ef2b8aa21094ef1e313a36e849196f249d6eb5	ID_Full,Source_Identifier,Structure,presence_call,observation_state,observation_state_reason,observation_source_kind,source_specific_state,graph_observation_state,QC_State,QC_Reason,Technical_Error_Reason,observation_role,observation_sequence_bytes,observation_sequence_sha256,provirus_type,row_source_role,row_source_generation,row_source_path,row_source_sha256,row_source_bytes,row_source_mtime_utc,haplotype_evidence,haplotype_pansn_digit,observation_class_v3,observation_class_evidence_v3,source_record_class_v3,source_record_path_v3,source_record_sha256_v3,source_record_bases_v3,source_record_header_v3,extraction_branch_provenance_v3,stable_source_identity_v3,v3_row_origin,v3_supersession_state,representative_ID_Full
NA18534_h1_HML-2_5q11.2_technical_error	NA18534_h1_HML-2_5q11.2_graph_hgsvc3-2024-02-23-mc-chm13	HML-2_5q11.2	Technical_Error	Solo-LTR	PRESENT	fbdfa017bb7903947701dc3b2ebc5bd738408e143c4859dcb9642d2899ffed75	ID_Full,Source_Identifier,Structure,presence_call,observation_state,observation_state_reason,observation_source_kind,source_specific_state,graph_observation_state,QC_State,QC_Reason,Technical_Error_Reason,observation_role,observation_sequence_bytes,observation_sequence_sha256,provirus_type,row_source_role,row_source_generation,row_source_path,row_source_sha256,row_source_bytes,row_source_mtime_utc,haplotype_evidence,haplotype_pansn_digit,observation_class_v3,observation_class_evidence_v3,source_record_class_v3,source_record_path_v3,source_record_sha256_v3,source_record_bases_v3,source_record_header_v3,extraction_branch_provenance_v3,stable_source_identity_v3,v3_row_origin,v3_supersession_state,representative_ID_Full
NA18534_h2_HML-2_5q11.2_technical_error	NA18534_h2_HML-2_5q11.2_graph_hgsvc3-2024-02-23-mc-chm13	HML-2_5q11.2	Technical_Error	Solo-LTR	PRESENT	7568fc71dd2f6fd925cc29c71b31eb8a316eac143b337285811233da96b0b9fb	ID_Full,Source_Identifier,Structure,presence_call,observation_state,observation_state_reason,observation_source_kind,source_specific_state,graph_observation_state,QC_State,QC_Reason,Technical_Error_Reason,observation_role,observation_sequence_bytes,observation_sequence_sha256,provirus_type,row_source_role,row_source_generation,row_source_path,row_source_sha256,row_source_bytes,row_source_mtime_utc,haplotype_evidence,haplotype_pansn_digit,observation_class_v3,observation_class_evidence_v3,source_record_class_v3,source_record_path_v3,source_record_sha256_v3,source_record_bases_v3,source_record_header_v3,extraction_branch_provenance_v3,stable_source_identity_v3,v3_row_origin,v3_supersession_state,representative_ID_Full
NA18939_h1_HML-2_5q11.2_technical_error	NA18939_h1_HML-2_5q11.2_graph_hgsvc3-2024-02-23-mc-chm13	HML-2_5q11.2	Technical_Error	Solo-LTR	PRESENT	7568fc71dd2f6fd925cc29c71b31eb8a316eac143b337285811233da96b0b9fb	ID_Full,Source_Identifier,Structure,presence_call,observation_state,observation_state_reason,observation_source_kind,source_specific_state,graph_observation_state,QC_State,QC_Reason,Technical_Error_Reason,observation_role,observation_sequence_bytes,observation_sequence_sha256,provirus_type,row_source_role,row_source_generation,row_source_path,row_source_sha256,row_source_bytes,row_source_mtime_utc,haplotype_evidence,haplotype_pansn_digit,observation_class_v3,observation_class_evidence_v3,source_record_class_v3,source_record_path_v3,source_record_sha256_v3,source_record_bases_v3,source_record_header_v3,extraction_branch_provenance_v3,stable_source_identity_v3,v3_row_origin,v3_supersession_state,representative_ID_Full
NA18939_h2_HML-2_5q11.2_technical_error	NA18939_h2_HML-2_5q11.2_graph_hgsvc3-2024-02-23-mc-chm13	HML-2_5q11.2	Technical_Error	Solo-LTR	PRESENT	fbdfa017bb7903947701dc3b2ebc5bd738408e143c4859dcb9642d2899ffed75	ID_Full,Source_Identifier,Structure,presence_call,observation_state,observation_state_reason,observation_source_kind,source_specific_state,graph_observation_state,QC_State,QC_Reason,Technical_Error_Reason,observation_role,observation_sequence_bytes,observation_sequence_sha256,provirus_type,row_source_role,row_source_generation,row_source_path,row_source_sha256,row_source_bytes,row_source_mtime_utc,haplotype_evidence,haplotype_pansn_digit,observation_class_v3,observation_class_evidence_v3,source_record_class_v3,source_record_path_v3,source_record_sha256_v3,source_record_bases_v3,source_record_header_v3,extraction_branch_provenance_v3,stable_source_identity_v3,v3_row_origin,v3_supersession_state,representative_ID_Full
NA18989_h1_HML-2_5q11.2_technical_error	NA18989_h1_HML-2_5q11.2_graph_hgsvc3-2024-02-23-mc-chm13	HML-2_5q11.2	Technical_Error	Solo-LTR	PRESENT	fbdfa017bb7903947701dc3b2ebc5bd738408e143c4859dcb9642d2899ffed75	ID_Full,Source_Identifier,Structure,presence_call,observation_state,observation_state_reason,observation_source_kind,source_specific_state,graph_observation_state,QC_State,QC_Reason,Technical_Error_Reason,observation_role,observation_sequence_bytes,observation_sequence_sha256,provirus_type,row_source_role,row_source_generation,row_source_path,row_source_sha256,row_source_bytes,row_source_mtime_utc,haplotype_evidence,haplotype_pansn_digit,observation_class_v3,observation_class_evidence_v3,source_record_class_v3,source_record_path_v3,source_record_sha256_v3,source_record_bases_v3,source_record_header_v3,extraction_branch_provenance_v3,stable_source_identity_v3,v3_row_origin,v3_supersession_state,representative_ID_Full
NA18989_h2_HML-2_5q11.2_technical_error	NA18989_h2_HML-2_5q11.2_graph_hgsvc3-2024-02-23-mc-chm13	HML-2_5q11.2	Technical_Error	Solo-LTR	PRESENT	fbdfa017bb7903947701dc3b2ebc5bd738408e143c4859dcb9642d2899ffed75	ID_Full,Source_Identifier,Structure,presence_call,observation_state,observation_state_reason,observation_source_kind,source_specific_state,graph_observation_state,QC_State,QC_Reason,Technical_Error_Reason,observation_role,observation_sequence_bytes,observation_sequence_sha256,provirus_type,row_source_role,row_source_generation,row_source_path,row_source_sha256,row_source_bytes,row_source_mtime_utc,haplotype_evidence,haplotype_pansn_digit,observation_class_v3,observation_class_evidence_v3,source_record_class_v3,source_record_path_v3,source_record_sha256_v3,source_record_bases_v3,source_record_header_v3,extraction_branch_provenance_v3,stable_source_identity_v3,v3_row_origin,v3_supersession_state,representative_ID_Full
NA19129_h1_HML-2_5q11.2_technical_error	NA19129_h1_HML-2_5q11.2_graph_hgsvc3-2024-02-23-mc-chm13	HML-2_5q11.2	Technical_Error	Solo-LTR	PRESENT	8e0887beb359d052cef233bfff6df2890ffc56fc33f62b389bfbac8a87083946	ID_Full,Source_Identifier,Structure,presence_call,observation_state,observation_state_reason,observation_source_kind,source_specific_state,graph_observation_state,QC_State,QC_Reason,Technical_Error_Reason,observation_role,observation_sequence_bytes,observation_sequence_sha256,provirus_type,row_source_role,row_source_generation,row_source_path,row_source_sha256,row_source_bytes,row_source_mtime_utc,haplotype_evidence,haplotype_pansn_digit,observation_class_v3,observation_class_evidence_v3,source_record_class_v3,source_record_path_v3,source_record_sha256_v3,source_record_bases_v3,source_record_header_v3,extraction_branch_provenance_v3,stable_source_identity_v3,v3_row_origin,v3_supersession_state,representative_ID_Full
NA19129_h2_HML-2_5q11.2_technical_error	NA19129_h2_HML-2_5q11.2_graph_hgsvc3-2024-02-23-mc-chm13	HML-2_5q11.2	Technical_Error	Solo-LTR	PRESENT	7568fc71dd2f6fd925cc29c71b31eb8a316eac143b337285811233da96b0b9fb	ID_Full,Source_Identifier,Structure,presence_call,observation_state,observation_state_reason,observation_source_kind,source_specific_state,graph_observation_state,QC_State,QC_Reason,Technical_Error_Reason,observation_role,observation_sequence_bytes,observation_sequence_sha256,provirus_type,row_source_role,row_source_generation,row_source_path,row_source_sha256,row_source_bytes,row_source_mtime_utc,haplotype_evidence,haplotype_pansn_digit,observation_class_v3,observation_class_evidence_v3,source_record_class_v3,source_record_path_v3,source_record_sha256_v3,source_record_bases_v3,source_record_header_v3,extraction_branch_provenance_v3,stable_source_identity_v3,v3_row_origin,v3_supersession_state,representative_ID_Full
NA19238_h1_HML-2_5q11.2_technical_error	NA19238_h1_HML-2_5q11.2_graph_hgsvc3-2024-02-23-mc-chm13	HML-2_5q11.2	Technical_Error	Solo-LTR	PRESENT	a3de7f62e1e671cb99aa6d4aafda47e02d47f1ef9afc430d080aae13a7773880	ID_Full,Source_Identifier,Structure,presence_call,observation_state,observation_state_reason,observation_source_kind,source_specific_state,graph_observation_state,QC_State,QC_Reason,Technical_Error_Reason,observation_role,observation_sequence_bytes,observation_sequence_sha256,provirus_type,row_source_role,row_source_generation,row_source_path,row_source_sha256,row_source_bytes,row_source_mtime_utc,haplotype_evidence,haplotype_pansn_digit,observation_class_v3,observation_class_evidence_v3,source_record_class_v3,source_record_path_v3,source_record_sha256_v3,source_record_bases_v3,source_record_header_v3,extraction_branch_provenance_v3,stable_source_identity_v3,v3_row_origin,v3_supersession_state,representative_ID_Full
NA19238_h2_HML-2_5q11.2_technical_error	NA19238_h2_HML-2_5q11.2_graph_hgsvc3-2024-02-23-mc-chm13	HML-2_5q11.2	Technical_Error	Solo-LTR	PRESENT	8e0887beb359d052cef233bfff6df2890ffc56fc33f62b389bfbac8a87083946	ID_Full,Source_Identifier,Structure,presence_call,observation_state,observation_state_reason,observation_source_kind,source_specific_state,graph_observation_state,QC_State,QC_Reason,Technical_Error_Reason,observation_role,observation_sequence_bytes,observation_sequence_sha256,provirus_type,row_source_role,row_source_generation,row_source_path,row_source_sha256,row_source_bytes,row_source_mtime_utc,haplotype_evidence,haplotype_pansn_digit,observation_class_v3,observation_class_evidence_v3,source_record_class_v3,source_record_path_v3,source_record_sha256_v3,source_record_bases_v3,source_record_header_v3,extraction_branch_provenance_v3,stable_source_identity_v3,v3_row_origin,v3_supersession_state,representative_ID_Full
NA19239_h1_HML-2_5q11.2_technical_error	NA19239_h1_HML-2_5q11.2_graph_hgsvc3-2024-02-23-mc-chm13	HML-2_5q11.2	Technical_Error	Solo-LTR	PRESENT	81b7143151dd538d303a017e3ff229fb5a0dfdedab1c52f65ca3da0778a1c504	ID_Full,Source_Identifier,Structure,presence_call,observation_state,observation_state_reason,observation_source_kind,source_specific_state,graph_observation_state,QC_State,QC_Reason,Technical_Error_Reason,observation_role,observation_sequence_bytes,observation_sequence_sha256,provirus_type,row_source_role,row_source_generation,row_source_path,row_source_sha256,row_source_bytes,row_source_mtime_utc,haplotype_evidence,haplotype_pansn_digit,observation_class_v3,observation_class_evidence_v3,source_record_class_v3,source_record_path_v3,source_record_sha256_v3,source_record_bases_v3,source_record_header_v3,extraction_branch_provenance_v3,stable_source_identity_v3,v3_row_origin,v3_supersession_state,representative_ID_Full
NA19239_h2_HML-2_5q11.2_technical_error	NA19239_h2_HML-2_5q11.2_graph_hgsvc3-2024-02-23-mc-chm13	HML-2_5q11.2	Technical_Error	Solo-LTR	PRESENT	8e0887beb359d052cef233bfff6df2890ffc56fc33f62b389bfbac8a87083946	ID_Full,Source_Identifier,Structure,presence_call,observation_state,observation_state_reason,observation_source_kind,source_specific_state,graph_observation_state,QC_State,QC_Reason,Technical_Error_Reason,observation_role,observation_sequence_bytes,observation_sequence_sha256,provirus_type,row_source_role,row_source_generation,row_source_path,row_source_sha256,row_source_bytes,row_source_mtime_utc,haplotype_evidence,haplotype_pansn_digit,observation_class_v3,observation_class_evidence_v3,source_record_class_v3,source_record_path_v3,source_record_sha256_v3,source_record_bases_v3,source_record_header_v3,extraction_branch_provenance_v3,stable_source_identity_v3,v3_row_origin,v3_supersession_state,representative_ID_Full
NA19317_h1_HML-2_5q11.2_technical_error	NA19317_h1_HML-2_5q11.2_graph_hgsvc3-2024-02-23-mc-chm13	HML-2_5q11.2	Technical_Error	Solo-LTR	PRESENT	fbdfa017bb7903947701dc3b2ebc5bd738408e143c4859dcb9642d2899ffed75	ID_Full,Source_Identifier,Structure,presence_call,observation_state,observation_state_reason,observation_source_kind,source_specific_state,graph_observation_state,QC_State,QC_Reason,Technical_Error_Reason,observation_role,observation_sequence_bytes,observation_sequence_sha256,provirus_type,row_source_role,row_source_generation,row_source_path,row_source_sha256,row_source_bytes,row_source_mtime_utc,haplotype_evidence,haplotype_pansn_digit,observation_class_v3,observation_class_evidence_v3,source_record_class_v3,source_record_path_v3,source_record_sha256_v3,source_record_bases_v3,source_record_header_v3,extraction_branch_provenance_v3,stable_source_identity_v3,v3_row_origin,v3_supersession_state,representative_ID_Full
NA19317_h2_HML-2_5q11.2_technical_error	NA19317_h2_HML-2_5q11.2_graph_hgsvc3-2024-02-23-mc-chm13	HML-2_5q11.2	Technical_Error	Solo-LTR	PRESENT	8e0887beb359d052cef233bfff6df2890ffc56fc33f62b389bfbac8a87083946	ID_Full,Source_Identifier,Structure,presence_call,observation_state,observation_state_reason,observation_source_kind,source_specific_state,graph_observation_state,QC_State,QC_Reason,Technical_Error_Reason,observation_role,observation_sequence_bytes,observation_sequence_sha256,provirus_type,row_source_role,row_source_generation,row_source_path,row_source_sha256,row_source_bytes,row_source_mtime_utc,haplotype_evidence,haplotype_pansn_digit,observation_class_v3,observation_class_evidence_v3,source_record_class_v3,source_record_path_v3,source_record_sha256_v3,source_record_bases_v3,source_record_header_v3,extraction_branch_provenance_v3,stable_source_identity_v3,v3_row_origin,v3_supersession_state,representative_ID_Full
NA19331_h1_HML-2_5q11.2_technical_error	NA19331_h1_HML-2_5q11.2_graph_hgsvc3-2024-02-23-mc-chm13	HML-2_5q11.2	Technical_Error	Solo-LTR	PRESENT	fbdfa017bb7903947701dc3b2ebc5bd738408e143c4859dcb9642d2899ffed75	ID_Full,Source_Identifier,Structure,presence_call,observation_state,observation_state_reason,observation_source_kind,source_specific_state,graph_observation_state,QC_State,QC_Reason,Technical_Error_Reason,observation_role,observation_sequence_bytes,observation_sequence_sha256,provirus_type,row_source_role,row_source_generation,row_source_path,row_source_sha256,row_source_bytes,row_source_mtime_utc,haplotype_evidence,haplotype_pansn_digit,observation_class_v3,observation_class_evidence_v3,source_record_class_v3,source_record_path_v3,source_record_sha256_v3,source_record_bases_v3,source_record_header_v3,extraction_branch_provenance_v3,stable_source_identity_v3,v3_row_origin,v3_supersession_state,representative_ID_Full
NA19331_h2_HML-2_5q11.2_technical_error	NA19331_h2_HML-2_5q11.2_graph_hgsvc3-2024-02-23-mc-chm13	HML-2_5q11.2	Technical_Error	Solo-LTR	PRESENT	8e0887beb359d052cef233bfff6df2890ffc56fc33f62b389bfbac8a87083946	ID_Full,Source_Identifier,Structure,presence_call,observation_state,observation_state_reason,observation_source_kind,source_specific_state,graph_observation_state,QC_State,QC_Reason,Technical_Error_Reason,observation_role,observation_sequence_bytes,observation_sequence_sha256,provirus_type,row_source_role,row_source_generation,row_source_path,row_source_sha256,row_source_bytes,row_source_mtime_utc,haplotype_evidence,haplotype_pansn_digit,observation_class_v3,observation_class_evidence_v3,source_record_class_v3,source_record_path_v3,source_record_sha256_v3,source_record_bases_v3,source_record_header_v3,extraction_branch_provenance_v3,stable_source_identity_v3,v3_row_origin,v3_supersession_state,representative_ID_Full
NA19347_h1_HML-2_5q11.2_technical_error	NA19347_h1_HML-2_5q11.2_graph_hgsvc3-2024-02-23-mc-chm13	HML-2_5q11.2	Technical_Error	Solo-LTR	PRESENT	8e0887beb359d052cef233bfff6df2890ffc56fc33f62b389bfbac8a87083946	ID_Full,Source_Identifier,Structure,presence_call,observation_state,observation_state_reason,observation_source_kind,source_specific_state,graph_observation_state,QC_State,QC_Reason,Technical_Error_Reason,observation_role,observation_sequence_bytes,observation_sequence_sha256,provirus_type,row_source_role,row_source_generation,row_source_path,row_source_sha256,row_source_bytes,row_source_mtime_utc,haplotype_evidence,haplotype_pansn_digit,observation_class_v3,observation_class_evidence_v3,source_record_class_v3,source_record_path_v3,source_record_sha256_v3,source_record_bases_v3,source_record_header_v3,extraction_branch_provenance_v3,stable_source_identity_v3,v3_row_origin,v3_supersession_state,representative_ID_Full
NA19347_h2_HML-2_5q11.2_technical_error	NA19347_h2_HML-2_5q11.2_graph_hgsvc3-2024-02-23-mc-chm13	HML-2_5q11.2	Technical_Error	Solo-LTR	PRESENT	8d3c2254b68e62b7817e46a65d1582ca9afca81ec196a151fa09dd807ca39d23	ID_Full,Source_Identifier,Structure,presence_call,observation_state,observation_state_reason,observation_source_kind,source_specific_state,graph_observation_state,QC_State,QC_Reason,Technical_Error_Reason,observation_role,observation_sequence_bytes,observation_sequence_sha256,provirus_type,row_source_role,row_source_generation,row_source_path,row_source_sha256,row_source_bytes,row_source_mtime_utc,haplotype_evidence,haplotype_pansn_digit,observation_class_v3,observation_class_evidence_v3,source_record_class_v3,source_record_path_v3,source_record_sha256_v3,source_record_bases_v3,source_record_header_v3,extraction_branch_provenance_v3,stable_source_identity_v3,v3_row_origin,v3_supersession_state,representative_ID_Full
NA19384_h1_HML-2_5q11.2_technical_error	NA19384_h1_HML-2_5q11.2_graph_hgsvc3-2024-02-23-mc-chm13	HML-2_5q11.2	Technical_Error	Solo-LTR	PRESENT	8e0887beb359d052cef233bfff6df2890ffc56fc33f62b389bfbac8a87083946	ID_Full,Source_Identifier,Structure,presence_call,observation_state,observation_state_reason,observation_source_kind,source_specific_state,graph_observation_state,QC_State,QC_Reason,Technical_Error_Reason,observation_role,observation_sequence_bytes,observation_sequence_sha256,provirus_type,row_source_role,row_source_generation,row_source_path,row_source_sha256,row_source_bytes,row_source_mtime_utc,haplotype_evidence,haplotype_pansn_digit,observation_class_v3,observation_class_evidence_v3,source_record_class_v3,source_record_path_v3,source_record_sha256_v3,source_record_bases_v3,source_record_header_v3,extraction_branch_provenance_v3,stable_source_identity_v3,v3_row_origin,v3_supersession_state,representative_ID_Full
NA19384_h2_HML-2_5q11.2_technical_error	NA19384_h2_HML-2_5q11.2_graph_hgsvc3-2024-02-23-mc-chm13	HML-2_5q11.2	Technical_Error	Solo-LTR	PRESENT	8d3c2254b68e62b7817e46a65d1582ca9afca81ec196a151fa09dd807ca39d23	ID_Full,Source_Identifier,Structure,presence_call,observation_state,observation_state_reason,observation_source_kind,source_specific_state,graph_observation_state,QC_State,QC_Reason,Technical_Error_Reason,observation_role,observation_sequence_bytes,observation_sequence_sha256,provirus_type,row_source_role,row_source_generation,row_source_path,row_source_sha256,row_source_bytes,row_source_mtime_utc,haplotype_evidence,haplotype_pansn_digit,observation_class_v3,observation_class_evidence_v3,source_record_class_v3,source_record_path_v3,source_record_sha256_v3,source_record_bases_v3,source_record_header_v3,extraction_branch_provenance_v3,stable_source_identity_v3,v3_row_origin,v3_supersession_state,representative_ID_Full
NA19434_h1_HML-2_5q11.2_technical_error	NA19434_h1_HML-2_5q11.2_graph_hgsvc3-2024-02-23-mc-chm13	HML-2_5q11.2	Technical_Error	Solo-LTR	PRESENT	fbdfa017bb7903947701dc3b2ebc5bd738408e143c4859dcb9642d2899ffed75	ID_Full,Source_Identifier,Structure,presence_call,observation_state,observation_state_reason,observation_source_kind,source_specific_state,graph_observation_state,QC_State,QC_Reason,Technical_Error_Reason,observation_role,observation_sequence_bytes,observation_sequence_sha256,provirus_type,row_source_role,row_source_generation,row_source_path,row_source_sha256,row_source_bytes,row_source_mtime_utc,haplotype_evidence,haplotype_pansn_digit,observation_class_v3,observation_class_evidence_v3,source_record_class_v3,source_record_path_v3,source_record_sha256_v3,source_record_bases_v3,source_record_header_v3,extraction_branch_provenance_v3,stable_source_identity_v3,v3_row_origin,v3_supersession_state,representative_ID_Full
NA19434_h2_HML-2_5q11.2_technical_error	NA19434_h2_HML-2_5q11.2_graph_hgsvc3-2024-02-23-mc-chm13	HML-2_5q11.2	Technical_Error	Solo-LTR	PRESENT	fbdfa017bb7903947701dc3b2ebc5bd738408e143c4859dcb9642d2899ffed75	ID_Full,Source_Identifier,Structure,presence_call,observation_state,observation_state_reason,observation_source_kind,source_specific_state,graph_observation_state,QC_State,QC_Reason,Technical_Error_Reason,observation_role,observation_sequence_bytes,observation_sequence_sha256,provirus_type,row_source_role,row_source_generation,row_source_path,row_source_sha256,row_source_bytes,row_source_mtime_utc,haplotype_evidence,haplotype_pansn_digit,observation_class_v3,observation_class_evidence_v3,source_record_class_v3,source_record_path_v3,source_record_sha256_v3,source_record_bases_v3,source_record_header_v3,extraction_branch_provenance_v3,stable_source_identity_v3,v3_row_origin,v3_supersession_state,representative_ID_Full
NA19650_h1_HML-2_5q11.2_technical_error	NA19650_h1_HML-2_5q11.2_graph_hgsvc3-2024-02-23-mc-chm13	HML-2_5q11.2	Technical_Error	Solo-LTR	PRESENT	8e0887beb359d052cef233bfff6df2890ffc56fc33f62b389bfbac8a87083946	ID_Full,Source_Identifier,Structure,presence_call,observation_state,observation_state_reason,observation_source_kind,source_specific_state,graph_observation_state,QC_State,QC_Reason,Technical_Error_Reason,observation_role,observation_sequence_bytes,observation_sequence_sha256,provirus_type,row_source_role,row_source_generation,row_source_path,row_source_sha256,row_source_bytes,row_source_mtime_utc,haplotype_evidence,haplotype_pansn_digit,observation_class_v3,observation_class_evidence_v3,source_record_class_v3,source_record_path_v3,source_record_sha256_v3,source_record_bases_v3,source_record_header_v3,extraction_branch_provenance_v3,stable_source_identity_v3,v3_row_origin,v3_supersession_state,representative_ID_Full
NA19650_h2_HML-2_5q11.2_technical_error	NA19650_h2_HML-2_5q11.2_graph_hgsvc3-2024-02-23-mc-chm13	HML-2_5q11.2	Technical_Error	Solo-LTR	PRESENT	fbdfa017bb7903947701dc3b2ebc5bd738408e143c4859dcb9642d2899ffed75	ID_Full,Source_Identifier,Structure,presence_call,observation_state,observation_state_reason,observation_source_kind,source_specific_state,graph_observation_state,QC_State,QC_Reason,Technical_Error_Reason,observation_role,observation_sequence_bytes,observation_sequence_sha256,provirus_type,row_source_role,row_source_generation,row_source_path,row_source_sha256,row_source_bytes,row_source_mtime_utc,haplotype_evidence,haplotype_pansn_digit,observation_class_v3,observation_class_evidence_v3,source_record_class_v3,source_record_path_v3,source_record_sha256_v3,source_record_bases_v3,source_record_header_v3,extraction_branch_provenance_v3,stable_source_identity_v3,v3_row_origin,v3_supersession_state,representative_ID_Full
NA19705_h1_HML-2_5q11.2_technical_error	NA19705_h1_HML-2_5q11.2_graph_hgsvc3-2024-02-23-mc-chm13	HML-2_5q11.2	Technical_Error	Solo-LTR	PRESENT	fbdfa017bb7903947701dc3b2ebc5bd738408e143c4859dcb9642d2899ffed75	ID_Full,Source_Identifier,Structure,presence_call,observation_state,observation_state_reason,observation_source_kind,source_specific_state,graph_observation_state,QC_State,QC_Reason,Technical_Error_Reason,observation_role,observation_sequence_bytes,observation_sequence_sha256,provirus_type,row_source_role,row_source_generation,row_source_path,row_source_sha256,row_source_bytes,row_source_mtime_utc,haplotype_evidence,haplotype_pansn_digit,observation_class_v3,observation_class_evidence_v3,source_record_class_v3,source_record_path_v3,source_record_sha256_v3,source_record_bases_v3,source_record_header_v3,extraction_branch_provenance_v3,stable_source_identity_v3,v3_row_origin,v3_supersession_state,representative_ID_Full
NA19705_h2_HML-2_5q11.2_technical_error	NA19705_h2_HML-2_5q11.2_graph_hgsvc3-2024-02-23-mc-chm13	HML-2_5q11.2	Technical_Error	Solo-LTR	PRESENT	fbdfa017bb7903947701dc3b2ebc5bd738408e143c4859dcb9642d2899ffed75	ID_Full,Source_Identifier,Structure,presence_call,observation_state,observation_state_reason,observation_source_kind,source_specific_state,graph_observation_state,QC_State,QC_Reason,Technical_Error_Reason,observation_role,observation_sequence_bytes,observation_sequence_sha256,provirus_type,row_source_role,row_source_generation,row_source_path,row_source_sha256,row_source_bytes,row_source_mtime_utc,haplotype_evidence,haplotype_pansn_digit,observation_class_v3,observation_class_evidence_v3,source_record_class_v3,source_record_path_v3,source_record_sha256_v3,source_record_bases_v3,source_record_header_v3,extraction_branch_provenance_v3,stable_source_identity_v3,v3_row_origin,v3_supersession_state,representative_ID_Full
NA19836_h1_HML-2_5q11.2_technical_error	NA19836_h1_HML-2_5q11.2_graph_hgsvc3-2024-02-23-mc-chm13	HML-2_5q11.2	Technical_Error	Solo-LTR	PRESENT	d6a7da7d6ae90e048fc147ea426ef366d4c14ded9b927926a9501ebbf23985df	ID_Full,Source_Identifier,Structure,presence_call,observation_state,observation_state_reason,observation_source_kind,source_specific_state,graph_observation_state,QC_State,QC_Reason,Technical_Error_Reason,observation_role,observation_sequence_bytes,observation_sequence_sha256,provirus_type,row_source_role,row_source_generation,row_source_path,row_source_sha256,row_source_bytes,row_source_mtime_utc,haplotype_evidence,haplotype_pansn_digit,observation_class_v3,observation_class_evidence_v3,source_record_class_v3,source_record_path_v3,source_record_sha256_v3,source_record_bases_v3,source_record_header_v3,extraction_branch_provenance_v3,stable_source_identity_v3,v3_row_origin,v3_supersession_state,representative_ID_Full
NA19836_h2_HML-2_5q11.2_technical_error	NA19836_h2_HML-2_5q11.2_graph_hgsvc3-2024-02-23-mc-chm13	HML-2_5q11.2	Technical_Error	Solo-LTR	PRESENT	747088ec91c169e437846d4cec7977852cfecac513478f8302ef74ad4b537b46	ID_Full,Source_Identifier,Structure,presence_call,observation_state,observation_state_reason,observation_source_kind,source_specific_state,graph_observation_state,QC_State,QC_Reason,Technical_Error_Reason,observation_role,observation_sequence_bytes,observation_sequence_sha256,provirus_type,row_source_role,row_source_generation,row_source_path,row_source_sha256,row_source_bytes,row_source_mtime_utc,haplotype_evidence,haplotype_pansn_digit,observation_class_v3,observation_class_evidence_v3,source_record_class_v3,source_record_path_v3,source_record_sha256_v3,source_record_bases_v3,source_record_header_v3,extraction_branch_provenance_v3,stable_source_identity_v3,v3_row_origin,v3_supersession_state,representative_ID_Full
NA19983_h1_HML-2_5q11.2_technical_error	NA19983_h1_HML-2_5q11.2_graph_hgsvc3-2024-02-23-mc-chm13	HML-2_5q11.2	Technical_Error	Solo-LTR	PRESENT	fbdfa017bb7903947701dc3b2ebc5bd738408e143c4859dcb9642d2899ffed75	ID_Full,Source_Identifier,Structure,presence_call,observation_state,observation_state_reason,observation_source_kind,source_specific_state,graph_observation_state,QC_State,QC_Reason,Technical_Error_Reason,observation_role,observation_sequence_bytes,observation_sequence_sha256,provirus_type,row_source_role,row_source_generation,row_source_path,row_source_sha256,row_source_bytes,row_source_mtime_utc,haplotype_evidence,haplotype_pansn_digit,observation_class_v3,observation_class_evidence_v3,source_record_class_v3,source_record_path_v3,source_record_sha256_v3,source_record_bases_v3,source_record_header_v3,extraction_branch_provenance_v3,stable_source_identity_v3,v3_row_origin,v3_supersession_state,representative_ID_Full
NA19983_h2_HML-2_5q11.2_technical_error	NA19983_h2_HML-2_5q11.2_graph_hgsvc3-2024-02-23-mc-chm13	HML-2_5q11.2	Technical_Error	Solo-LTR	PRESENT	fbdfa017bb7903947701dc3b2ebc5bd738408e143c4859dcb9642d2899ffed75	ID_Full,Source_Identifier,Structure,presence_call,observation_state,observation_state_reason,observation_source_kind,source_specific_state,graph_observation_state,QC_State,QC_Reason,Technical_Error_Reason,observation_role,observation_sequence_bytes,observation_sequence_sha256,provirus_type,row_source_role,row_source_generation,row_source_path,row_source_sha256,row_source_bytes,row_source_mtime_utc,haplotype_evidence,haplotype_pansn_digit,observation_class_v3,observation_class_evidence_v3,source_record_class_v3,source_record_path_v3,source_record_sha256_v3,source_record_bases_v3,source_record_header_v3,extraction_branch_provenance_v3,stable_source_identity_v3,v3_row_origin,v3_supersession_state,representative_ID_Full
NA20355_h1_HML-2_5q11.2_technical_error	NA20355_h1_HML-2_5q11.2_graph_hgsvc3-2024-02-23-mc-chm13	HML-2_5q11.2	Technical_Error	Solo-LTR	PRESENT	fbdfa017bb7903947701dc3b2ebc5bd738408e143c4859dcb9642d2899ffed75	ID_Full,Source_Identifier,Structure,presence_call,observation_state,observation_state_reason,observation_source_kind,source_specific_state,graph_observation_state,QC_State,QC_Reason,Technical_Error_Reason,observation_role,observation_sequence_bytes,observation_sequence_sha256,provirus_type,row_source_role,row_source_generation,row_source_path,row_source_sha256,row_source_bytes,row_source_mtime_utc,haplotype_evidence,haplotype_pansn_digit,observation_class_v3,observation_class_evidence_v3,source_record_class_v3,source_record_path_v3,source_record_sha256_v3,source_record_bases_v3,source_record_header_v3,extraction_branch_provenance_v3,stable_source_identity_v3,v3_row_origin,v3_supersession_state,representative_ID_Full
NA20355_h2_HML-2_5q11.2_technical_error	NA20355_h2_HML-2_5q11.2_graph_hgsvc3-2024-02-23-mc-chm13	HML-2_5q11.2	Technical_Error	Solo-LTR	PRESENT	fbdfa017bb7903947701dc3b2ebc5bd738408e143c4859dcb9642d2899ffed75	ID_Full,Source_Identifier,Structure,presence_call,observation_state,observation_state_reason,observation_source_kind,source_specific_state,graph_observation_state,QC_State,QC_Reason,Technical_Error_Reason,observation_role,observation_sequence_bytes,observation_sequence_sha256,provirus_type,row_source_role,row_source_generation,row_source_path,row_source_sha256,row_source_bytes,row_source_mtime_utc,haplotype_evidence,haplotype_pansn_digit,observation_class_v3,observation_class_evidence_v3,source_record_class_v3,source_record_path_v3,source_record_sha256_v3,source_record_bases_v3,source_record_header_v3,extraction_branch_provenance_v3,stable_source_identity_v3,v3_row_origin,v3_supersession_state,representative_ID_Full
NA20509_h1_HML-2_5q11.2_technical_error	NA20509_h1_HML-2_5q11.2_graph_hgsvc3-2024-02-23-mc-chm13	HML-2_5q11.2	Technical_Error	Solo-LTR	PRESENT	fbdfa017bb7903947701dc3b2ebc5bd738408e143c4859dcb9642d2899ffed75	ID_Full,Source_Identifier,Structure,presence_call,observation_state,observation_state_reason,observation_source_kind,source_specific_state,graph_observation_state,QC_State,QC_Reason,Technical_Error_Reason,observation_role,observation_sequence_bytes,observation_sequence_sha256,provirus_type,row_source_role,row_source_generation,row_source_path,row_source_sha256,row_source_bytes,row_source_mtime_utc,haplotype_evidence,haplotype_pansn_digit,observation_class_v3,observation_class_evidence_v3,source_record_class_v3,source_record_path_v3,source_record_sha256_v3,source_record_bases_v3,source_record_header_v3,extraction_branch_provenance_v3,stable_source_identity_v3,v3_row_origin,v3_supersession_state,representative_ID_Full
NA20509_h2_HML-2_5q11.2_technical_error	NA20509_h2_HML-2_5q11.2_graph_hgsvc3-2024-02-23-mc-chm13	HML-2_5q11.2	Technical_Error	Solo-LTR	PRESENT	fbdfa017bb7903947701dc3b2ebc5bd738408e143c4859dcb9642d2899ffed75	ID_Full,Source_Identifier,Structure,presence_call,observation_state,observation_state_reason,observation_source_kind,source_specific_state,graph_observation_state,QC_State,QC_Reason,Technical_Error_Reason,observation_role,observation_sequence_bytes,observation_sequence_sha256,provirus_type,row_source_role,row_source_generation,row_source_path,row_source_sha256,row_source_bytes,row_source_mtime_utc,haplotype_evidence,haplotype_pansn_digit,observation_class_v3,observation_class_evidence_v3,source_record_class_v3,source_record_path_v3,source_record_sha256_v3,source_record_bases_v3,source_record_header_v3,extraction_branch_provenance_v3,stable_source_identity_v3,v3_row_origin,v3_supersession_state,representative_ID_Full
NA20847_h1_HML-2_5q11.2_technical_error	NA20847_h1_HML-2_5q11.2_graph_hgsvc3-2024-02-23-mc-chm13	HML-2_5q11.2	Technical_Error	Solo-LTR	PRESENT	fbdfa017bb7903947701dc3b2ebc5bd738408e143c4859dcb9642d2899ffed75	ID_Full,Source_Identifier,Structure,presence_call,observation_state,observation_state_reason,observation_source_kind,source_specific_state,graph_observation_state,QC_State,QC_Reason,Technical_Error_Reason,observation_role,observation_sequence_bytes,observation_sequence_sha256,provirus_type,row_source_role,row_source_generation,row_source_path,row_source_sha256,row_source_bytes,row_source_mtime_utc,haplotype_evidence,haplotype_pansn_digit,observation_class_v3,observation_class_evidence_v3,source_record_class_v3,source_record_path_v3,source_record_sha256_v3,source_record_bases_v3,source_record_header_v3,extraction_branch_provenance_v3,stable_source_identity_v3,v3_row_origin,v3_supersession_state,representative_ID_Full
NA20847_h2_HML-2_5q11.2_technical_error	NA20847_h2_HML-2_5q11.2_graph_hgsvc3-2024-02-23-mc-chm13	HML-2_5q11.2	Technical_Error	Solo-LTR	PRESENT	fbdfa017bb7903947701dc3b2ebc5bd738408e143c4859dcb9642d2899ffed75	ID_Full,Source_Identifier,Structure,presence_call,observation_state,observation_state_reason,observation_source_kind,source_specific_state,graph_observation_state,QC_State,QC_Reason,Technical_Error_Reason,observation_role,observation_sequence_bytes,observation_sequence_sha256,provirus_type,row_source_role,row_source_generation,row_source_path,row_source_sha256,row_source_bytes,row_source_mtime_utc,haplotype_evidence,haplotype_pansn_digit,observation_class_v3,observation_class_evidence_v3,source_record_class_v3,source_record_path_v3,source_record_sha256_v3,source_record_bases_v3,source_record_header_v3,extraction_branch_provenance_v3,stable_source_identity_v3,v3_row_origin,v3_supersession_state,representative_ID_Full
NA21487_h1_HML-2_5q11.2_technical_error	NA21487_h1_HML-2_5q11.2_graph_hgsvc3-2024-02-23-mc-chm13	HML-2_5q11.2	Technical_Error	Solo-LTR	PRESENT	d6a7da7d6ae90e048fc147ea426ef366d4c14ded9b927926a9501ebbf23985df	ID_Full,Source_Identifier,Structure,presence_call,observation_state,observation_state_reason,observation_source_kind,source_specific_state,graph_observation_state,QC_State,QC_Reason,Technical_Error_Reason,observation_role,observation_sequence_bytes,observation_sequence_sha256,provirus_type,row_source_role,row_source_generation,row_source_path,row_source_sha256,row_source_bytes,row_source_mtime_utc,haplotype_evidence,haplotype_pansn_digit,observation_class_v3,observation_class_evidence_v3,source_record_class_v3,source_record_path_v3,source_record_sha256_v3,source_record_bases_v3,source_record_header_v3,extraction_branch_provenance_v3,stable_source_identity_v3,v3_row_origin,v3_supersession_state,representative_ID_Full
NA21487_h2_HML-2_5q11.2_technical_error	NA21487_h2_HML-2_5q11.2_graph_hgsvc3-2024-02-23-mc-chm13	HML-2_5q11.2	Technical_Error	Solo-LTR	PRESENT	fbdfa017bb7903947701dc3b2ebc5bd738408e143c4859dcb9642d2899ffed75	ID_Full,Source_Identifier,Structure,presence_call,observation_state,observation_state_reason,observation_source_kind,source_specific_state,graph_observation_state,QC_State,QC_Reason,Technical_Error_Reason,observation_role,observation_sequence_bytes,observation_sequence_sha256,provirus_type,row_source_role,row_source_generation,row_source_path,row_source_sha256,row_source_bytes,row_source_mtime_utc,haplotype_evidence,haplotype_pansn_digit,observation_class_v3,observation_class_evidence_v3,source_record_class_v3,source_record_path_v3,source_record_sha256_v3,source_record_bases_v3,source_record_header_v3,extraction_branch_provenance_v3,stable_source_identity_v3,v3_row_origin,v3_supersession_state,representative_ID_Full
NA24385_h1_HML-2_5q11.2_technical_error	NA24385_h1_HML-2_5q11.2_graph_hgsvc3-2024-02-23-mc-chm13	HML-2_5q11.2	Technical_Error	Solo-LTR	PRESENT	fbdfa017bb7903947701dc3b2ebc5bd738408e143c4859dcb9642d2899ffed75	ID_Full,Source_Identifier,Structure,presence_call,observation_state,observation_state_reason,observation_source_kind,source_specific_state,graph_observation_state,QC_State,QC_Reason,Technical_Error_Reason,observation_role,observation_sequence_bytes,observation_sequence_sha256,provirus_type,row_source_role,row_source_generation,row_source_path,row_source_sha256,row_source_bytes,row_source_mtime_utc,haplotype_evidence,haplotype_pansn_digit,observation_class_v3,observation_class_evidence_v3,source_record_class_v3,source_record_path_v3,source_record_sha256_v3,source_record_bases_v3,source_record_header_v3,extraction_branch_provenance_v3,stable_source_identity_v3,v3_row_origin,v3_supersession_state,representative_ID_Full
NA24385_h2_HML-2_5q11.2_technical_error	NA24385_h2_HML-2_5q11.2_graph_hgsvc3-2024-02-23-mc-chm13	HML-2_5q11.2	Technical_Error	Solo-LTR	PRESENT	fbdfa017bb7903947701dc3b2ebc5bd738408e143c4859dcb9642d2899ffed75	ID_Full,Source_Identifier,Structure,presence_call,observation_state,observation_state_reason,observation_source_kind,source_specific_state,graph_observation_state,QC_State,QC_Reason,Technical_Error_Reason,observation_role,observation_sequence_bytes,observation_sequence_sha256,provirus_type,row_source_role,row_source_generation,row_source_path,row_source_sha256,row_source_bytes,row_source_mtime_utc,haplotype_evidence,haplotype_pansn_digit,observation_class_v3,observation_class_evidence_v3,source_record_class_v3,source_record_path_v3,source_record_sha256_v3,source_record_bases_v3,source_record_header_v3,extraction_branch_provenance_v3,stable_source_identity_v3,v3_row_origin,v3_supersession_state,representative_ID_Full
HG03065_h2_HML-2_8p23.1b_placeholder	HG03065_h2_HML-2_8p23.1b_graph_hgsvc3_linked_recovery	HML-2_8p23.1b	Technical_Error	Provirus	PRESENT	e8adb4d455ddaa251a6b5ac418e6d307d6b23d9ba159b19b83cf816eded40738	ID_Full,Source_Identifier,Structure,presence_call,observation_state,observation_state_reason,observation_source_kind,source_specific_state,graph_observation_state,QC_Reason,Technical_Error_Reason,observation_role,observation_sequence_bytes,observation_sequence_sha256,gag,missense_gag,gag_dna_identity,gag_protein_identity,gag_coverage,pro,missense_pro,pro_dna_identity,pro_protein_identity,pro_coverage,pol,missense_pol,pol_dna_identity,pol_protein_identity,pol_coverage,pol_region_present,pol_translation_compatible,pol_translation_basis,env,missense_env,env_dna_identity,env_protein_identity,env_coverage,all_orfs_intact,Strand,provirus_type,row_source_role,row_source_generation,row_source_path,row_source_sha256,row_source_bytes,row_source_mtime_utc,rec,missense_rec,rec_dna_identity,rec_protein_identity,rec_coverage,haplotype_evidence,haplotype_pansn_digit,observation_class_v3,observation_class_evidence_v3,source_record_class_v3,source_record_path_v3,source_record_sha256_v3,source_record_bases_v3,source_record_header_v3,extraction_branch_provenance_v3,stable_source_identity_v3,v3_row_origin,v3_supersession_state,representative_ID_Full
NA19129_h2_HML-2_8p23.1b_placeholder	NA19129_h2_HML-2_8p23.1b_graph_hgsvc3_linked_recovery	HML-2_8p23.1b	Technical_Error	Provirus	PRESENT	bdd1816d3f3ae1960276f711e0ddb0a7631b09a46f5c65920a02428a805f59de	ID_Full,Source_Identifier,Structure,presence_call,observation_state,observation_state_reason,observation_source_kind,source_specific_state,graph_observation_state,QC_Reason,Technical_Error_Reason,observation_role,observation_sequence_bytes,observation_sequence_sha256,gag,missense_gag,gag_dna_identity,gag_protein_identity,gag_coverage,pro,missense_pro,pro_dna_identity,pro_protein_identity,pro_coverage,pol,missense_pol,pol_dna_identity,pol_protein_identity,pol_coverage,pol_region_present,pol_translation_compatible,pol_translation_basis,env,missense_env,env_dna_identity,env_protein_identity,env_coverage,all_orfs_intact,Strand,provirus_type,row_source_role,row_source_generation,row_source_path,row_source_sha256,row_source_bytes,row_source_mtime_utc,rec,missense_rec,rec_dna_identity,rec_protein_identity,rec_coverage,haplotype_evidence,haplotype_pansn_digit,observation_class_v3,observation_class_evidence_v3,source_record_class_v3,source_record_path_v3,source_record_sha256_v3,source_record_bases_v3,source_record_header_v3,extraction_branch_provenance_v3,stable_source_identity_v3,v3_row_origin,v3_supersession_state,representative_ID_Full
NA19331_h1_HML-2_8p23.1b_placeholder	NA19331_h1_HML-2_8p23.1b_graph_hgsvc3_linked_recovery	HML-2_8p23.1b	Technical_Error	Provirus	PRESENT	e91734675910f0e6de66ad3893371d3f16ceeae4426310a7f73cefe56e1a53bc	ID_Full,Source_Identifier,Structure,presence_call,observation_state,observation_state_reason,observation_source_kind,source_specific_state,graph_observation_state,QC_Reason,Technical_Error_Reason,observation_role,observation_sequence_bytes,observation_sequence_sha256,gag,missense_gag,gag_dna_identity,gag_protein_identity,gag_coverage,pro,missense_pro,pro_dna_identity,pro_protein_identity,pro_coverage,pol,missense_pol,pol_dna_identity,pol_protein_identity,pol_coverage,pol_region_present,pol_translation_compatible,pol_translation_basis,env,missense_env,env_dna_identity,env_protein_identity,env_coverage,all_orfs_intact,Strand,provirus_type,row_source_role,row_source_generation,row_source_path,row_source_sha256,row_source_bytes,row_source_mtime_utc,rec,missense_rec,rec_dna_identity,rec_protein_identity,rec_coverage,haplotype_evidence,haplotype_pansn_digit,observation_class_v3,observation_class_evidence_v3,source_record_class_v3,source_record_path_v3,source_record_sha256_v3,source_record_bases_v3,source_record_header_v3,extraction_branch_provenance_v3,stable_source_identity_v3,v3_row_origin,v3_supersession_state,representative_ID_Full
NA21487_h1_HML-2_8p23.1b_placeholder	NA21487_h1_HML-2_8p23.1b_graph_hgsvc3_linked_recovery	HML-2_8p23.1b	Technical_Error	Provirus	PRESENT	16d6bf1f1b7ace5c1968f9d7c621a62a1b92c771c45ec899910df84f88d7d144	ID_Full,Source_Identifier,Structure,presence_call,observation_state,observation_state_reason,observation_source_kind,source_specific_state,graph_observation_state,QC_Reason,Technical_Error_Reason,observation_role,observation_sequence_bytes,observation_sequence_sha256,gag,missense_gag,gag_dna_identity,gag_protein_identity,gag_coverage,pro,missense_pro,pro_dna_identity,pro_protein_identity,pro_coverage,pol,missense_pol,pol_dna_identity,pol_protein_identity,pol_coverage,pol_region_present,pol_translation_compatible,pol_translation_basis,env,missense_env,env_dna_identity,env_protein_identity,env_coverage,all_orfs_intact,Strand,provirus_type,row_source_role,row_source_generation,row_source_path,row_source_sha256,row_source_bytes,row_source_mtime_utc,rec,missense_rec,rec_dna_identity,rec_protein_identity,rec_coverage,haplotype_evidence,haplotype_pansn_digit,observation_class_v3,observation_class_evidence_v3,source_record_class_v3,source_record_path_v3,source_record_sha256_v3,source_record_bases_v3,source_record_header_v3,extraction_branch_provenance_v3,stable_source_identity_v3,v3_row_origin,v3_supersession_state,representative_ID_Full
HG00732_h1_HML-2_8p23.1c_placeholder	HG00732_h1_HML-2_8p23.1c_graph_hgsvc3_linked_recovery	HML-2_8p23.1c	Technical_Error	Provirus	PRESENT	924ac9dd4f14ece13997b6d0e92e48563568f956820e5bf91bf8c5e62487b677	ID_Full,Source_Identifier,Structure,presence_call,observation_state,observation_state_reason,observation_source_kind,source_specific_state,graph_observation_state,QC_Reason,Technical_Error_Reason,observation_role,observation_sequence_bytes,observation_sequence_sha256,gag,missense_gag,gag_dna_identity,gag_protein_identity,gag_coverage,pro,missense_pro,pro_dna_identity,pro_protein_identity,pro_coverage,pol,missense_pol,pol_dna_identity,pol_protein_identity,pol_coverage,pol_region_present,pol_translation_compatible,pol_translation_basis,env,missense_env,env_dna_identity,env_protein_identity,env_coverage,all_orfs_intact,Strand,provirus_type,row_source_role,row_source_generation,row_source_path,row_source_sha256,row_source_bytes,row_source_mtime_utc,rec,missense_rec,rec_dna_identity,rec_protein_identity,rec_coverage,haplotype_evidence,haplotype_pansn_digit,observation_class_v3,observation_class_evidence_v3,source_record_class_v3,source_record_path_v3,source_record_sha256_v3,source_record_bases_v3,source_record_header_v3,extraction_branch_provenance_v3,stable_source_identity_v3,v3_row_origin,v3_supersession_state,representative_ID_Full
HG01457_h2_HML-2_8p23.1c_placeholder	HG01457_h2_HML-2_8p23.1c_graph_hgsvc3_linked_recovery	HML-2_8p23.1c	Technical_Error	Provirus	PRESENT	015a534786d66cc5411d850735d46715cd14c7b823a673fed69d0b46f3cfeb03	ID_Full,Source_Identifier,Structure,presence_call,observation_state,observation_state_reason,observation_source_kind,source_specific_state,graph_observation_state,QC_Reason,Technical_Error_Reason,observation_role,observation_sequence_bytes,observation_sequence_sha256,gag,missense_gag,gag_dna_identity,gag_protein_identity,gag_coverage,pro,missense_pro,pro_dna_identity,pro_protein_identity,pro_coverage,pol,missense_pol,pol_dna_identity,pol_protein_identity,pol_coverage,pol_region_present,pol_translation_compatible,pol_translation_basis,env,missense_env,env_dna_identity,env_protein_identity,env_coverage,all_orfs_intact,Strand,provirus_type,row_source_role,row_source_generation,row_source_path,row_source_sha256,row_source_bytes,row_source_mtime_utc,rec,missense_rec,rec_dna_identity,rec_protein_identity,rec_coverage,haplotype_evidence,haplotype_pansn_digit,observation_class_v3,observation_class_evidence_v3,source_record_class_v3,source_record_path_v3,source_record_sha256_v3,source_record_bases_v3,source_record_header_v3,extraction_branch_provenance_v3,stable_source_identity_v3,v3_row_origin,v3_supersession_state,representative_ID_Full
HG02282_h1_HML-2_8p23.1c_placeholder	HG02282_h1_HML-2_8p23.1c_graph_hgsvc3_linked_recovery	HML-2_8p23.1c	Technical_Error	Provirus	PRESENT	aafe039f847998b82112c759cf67faa2bdaada5a4340472d5702b784bfb8ad2f	ID_Full,Source_Identifier,Structure,presence_call,observation_state,observation_state_reason,observation_source_kind,source_specific_state,graph_observation_state,QC_Reason,Technical_Error_Reason,observation_role,observation_sequence_bytes,observation_sequence_sha256,gag,missense_gag,gag_dna_identity,gag_protein_identity,gag_coverage,pro,missense_pro,pro_dna_identity,pro_protein_identity,pro_coverage,pol,missense_pol,pol_dna_identity,pol_protein_identity,pol_coverage,pol_region_present,pol_translation_compatible,pol_translation_basis,env,missense_env,env_dna_identity,env_protein_identity,env_coverage,all_orfs_intact,Strand,provirus_type,row_source_role,row_source_generation,row_source_path,row_source_sha256,row_source_bytes,row_source_mtime_utc,rec,missense_rec,rec_dna_identity,rec_protein_identity,rec_coverage,haplotype_evidence,haplotype_pansn_digit,observation_class_v3,observation_class_evidence_v3,source_record_class_v3,source_record_path_v3,source_record_sha256_v3,source_record_bases_v3,source_record_header_v3,extraction_branch_provenance_v3,stable_source_identity_v3,v3_row_origin,v3_supersession_state,representative_ID_Full
HG02666_h2_HML-2_8p23.1c_placeholder	HG02666_h2_HML-2_8p23.1c_graph_hgsvc3_linked_recovery	HML-2_8p23.1c	Technical_Error	Provirus	PRESENT	2aad9d440901fa41c71fb42434d76dea2d09cb42af5acd20694939391997d06a	ID_Full,Source_Identifier,Structure,presence_call,observation_state,observation_state_reason,observation_source_kind,source_specific_state,graph_observation_state,QC_Reason,Technical_Error_Reason,observation_role,observation_sequence_bytes,observation_sequence_sha256,gag,missense_gag,gag_dna_identity,gag_protein_identity,gag_coverage,pro,missense_pro,pro_dna_identity,pro_protein_identity,pro_coverage,pol,missense_pol,pol_dna_identity,pol_protein_identity,pol_coverage,pol_region_present,pol_translation_compatible,pol_translation_basis,env,missense_env,env_dna_identity,env_protein_identity,env_coverage,all_orfs_intact,Strand,provirus_type,row_source_role,row_source_generation,row_source_path,row_source_sha256,row_source_bytes,row_source_mtime_utc,rec,missense_rec,rec_dna_identity,rec_protein_identity,rec_coverage,haplotype_evidence,haplotype_pansn_digit,observation_class_v3,observation_class_evidence_v3,source_record_class_v3,source_record_path_v3,source_record_sha256_v3,source_record_bases_v3,source_record_header_v3,extraction_branch_provenance_v3,stable_source_identity_v3,v3_row_origin,v3_supersession_state,representative_ID_Full
HG02769_h1_HML-2_8p23.1c_placeholder	HG02769_h1_HML-2_8p23.1c_graph_hgsvc3_linked_recovery	HML-2_8p23.1c	Technical_Error	Provirus	PRESENT	2de77f3b6d574aaf998aa808f28e1069f03b0d61210ccbabc6bc2bd891b6dda9	ID_Full,Source_Identifier,Structure,presence_call,observation_state,observation_state_reason,observation_source_kind,source_specific_state,graph_observation_state,QC_Reason,Technical_Error_Reason,observation_role,observation_sequence_bytes,observation_sequence_sha256,gag,missense_gag,gag_dna_identity,gag_protein_identity,gag_coverage,pro,missense_pro,pro_dna_identity,pro_protein_identity,pro_coverage,pol,missense_pol,pol_dna_identity,pol_protein_identity,pol_coverage,pol_region_present,pol_translation_compatible,pol_translation_basis,env,missense_env,env_dna_identity,env_protein_identity,env_coverage,all_orfs_intact,Strand,provirus_type,row_source_role,row_source_generation,row_source_path,row_source_sha256,row_source_bytes,row_source_mtime_utc,rec,missense_rec,rec_dna_identity,rec_protein_identity,rec_coverage,haplotype_evidence,haplotype_pansn_digit,observation_class_v3,observation_class_evidence_v3,source_record_class_v3,source_record_path_v3,source_record_sha256_v3,source_record_bases_v3,source_record_header_v3,extraction_branch_provenance_v3,stable_source_identity_v3,v3_row_origin,v3_supersession_state,representative_ID_Full
HG02953_h2_HML-2_8p23.1c_placeholder	HG02953_h2_HML-2_8p23.1c_graph_hgsvc3_linked_recovery	HML-2_8p23.1c	Technical_Error	Provirus	PRESENT	c64108d3b8404d6f6a1a4fc9ec2325ee5ef19750542a1f82a74242f0329ca2b2	ID_Full,Source_Identifier,Structure,presence_call,observation_state,observation_state_reason,observation_source_kind,source_specific_state,graph_observation_state,QC_Reason,Technical_Error_Reason,observation_role,observation_sequence_bytes,observation_sequence_sha256,gag,missense_gag,gag_dna_identity,gag_protein_identity,gag_coverage,pro,missense_pro,pro_dna_identity,pro_protein_identity,pro_coverage,pol,missense_pol,pol_dna_identity,pol_protein_identity,pol_coverage,pol_region_present,pol_translation_compatible,pol_translation_basis,env,missense_env,env_dna_identity,env_protein_identity,env_coverage,all_orfs_intact,Strand,provirus_type,row_source_role,row_source_generation,row_source_path,row_source_sha256,row_source_bytes,row_source_mtime_utc,rec,missense_rec,rec_dna_identity,rec_protein_identity,rec_coverage,haplotype_evidence,haplotype_pansn_digit,observation_class_v3,observation_class_evidence_v3,source_record_class_v3,source_record_path_v3,source_record_sha256_v3,source_record_bases_v3,source_record_header_v3,extraction_branch_provenance_v3,stable_source_identity_v3,v3_row_origin,v3_supersession_state,representative_ID_Full
HG03248_h1_HML-2_8p23.1c_placeholder	HG03248_h1_HML-2_8p23.1c_graph_hgsvc3_linked_recovery	HML-2_8p23.1c	Technical_Error	Provirus	PRESENT	4581de0a8da2690d265c38845b3e044a1ec6fa53412b924e2801d39484ecf19c	ID_Full,Source_Identifier,Structure,presence_call,observation_state,observation_state_reason,observation_source_kind,source_specific_state,graph_observation_state,QC_Reason,Technical_Error_Reason,observation_role,observation_sequence_bytes,observation_sequence_sha256,gag,missense_gag,gag_dna_identity,gag_protein_identity,gag_coverage,pro,missense_pro,pro_dna_identity,pro_protein_identity,pro_coverage,pol,missense_pol,pol_dna_identity,pol_protein_identity,pol_coverage,pol_region_present,pol_translation_compatible,pol_translation_basis,env,missense_env,env_dna_identity,env_protein_identity,env_coverage,all_orfs_intact,Strand,provirus_type,row_source_role,row_source_generation,row_source_path,row_source_sha256,row_source_bytes,row_source_mtime_utc,rec,missense_rec,rec_dna_identity,rec_protein_identity,rec_coverage,haplotype_evidence,haplotype_pansn_digit,observation_class_v3,observation_class_evidence_v3,source_record_class_v3,source_record_path_v3,source_record_sha256_v3,source_record_bases_v3,source_record_header_v3,extraction_branch_provenance_v3,stable_source_identity_v3,v3_row_origin,v3_supersession_state,representative_ID_Full
HG03371_h1_HML-2_8p23.1c_placeholder	HG03371_h1_HML-2_8p23.1c_graph_hgsvc3_linked_recovery	HML-2_8p23.1c	Technical_Error	Provirus	PRESENT	f0df5df8737152178cbc63037b2c19091edc06b1db8b54fff5084fe4c25e32c0	ID_Full,Source_Identifier,Structure,presence_call,observation_state,observation_state_reason,observation_source_kind,source_specific_state,graph_observation_state,QC_Reason,Technical_Error_Reason,observation_role,observation_sequence_bytes,observation_sequence_sha256,gag,missense_gag,gag_dna_identity,gag_protein_identity,gag_coverage,pro,missense_pro,pro_dna_identity,pro_protein_identity,pro_coverage,pol,missense_pol,pol_dna_identity,pol_protein_identity,pol_coverage,pol_region_present,pol_translation_compatible,pol_translation_basis,env,missense_env,env_dna_identity,env_protein_identity,env_coverage,all_orfs_intact,Strand,provirus_type,row_source_role,row_source_generation,row_source_path,row_source_sha256,row_source_bytes,row_source_mtime_utc,rec,missense_rec,rec_dna_identity,rec_protein_identity,rec_coverage,haplotype_evidence,haplotype_pansn_digit,observation_class_v3,observation_class_evidence_v3,source_record_class_v3,source_record_path_v3,source_record_sha256_v3,source_record_bases_v3,source_record_header_v3,extraction_branch_provenance_v3,stable_source_identity_v3,v3_row_origin,v3_supersession_state,representative_ID_Full
HG04217_h1_HML-2_8p23.1c_placeholder	HG04217_h1_HML-2_8p23.1c_graph_hgsvc3_linked_recovery	HML-2_8p23.1c	Technical_Error	Provirus	PRESENT	28da70dfb05e6b956087766c57448d8f860b8f1618bd071d326223d816e5d25a	ID_Full,Source_Identifier,Structure,presence_call,observation_state,observation_state_reason,observation_source_kind,source_specific_state,graph_observation_state,QC_Reason,Technical_Error_Reason,observation_role,observation_sequence_bytes,observation_sequence_sha256,gag,missense_gag,gag_dna_identity,gag_protein_identity,gag_coverage,pro,missense_pro,pro_dna_identity,pro_protein_identity,pro_coverage,pol,missense_pol,pol_dna_identity,pol_protein_identity,pol_coverage,pol_region_present,pol_translation_compatible,pol_translation_basis,env,missense_env,env_dna_identity,env_protein_identity,env_coverage,all_orfs_intact,Strand,provirus_type,row_source_role,row_source_generation,row_source_path,row_source_sha256,row_source_bytes,row_source_mtime_utc,rec,missense_rec,rec_dna_identity,rec_protein_identity,rec_coverage,haplotype_evidence,haplotype_pansn_digit,observation_class_v3,observation_class_evidence_v3,source_record_class_v3,source_record_path_v3,source_record_sha256_v3,source_record_bases_v3,source_record_header_v3,extraction_branch_provenance_v3,stable_source_identity_v3,v3_row_origin,v3_supersession_state,representative_ID_Full
NA19239_h2_HML-2_8p23.1c_placeholder	NA19239_h2_HML-2_8p23.1c_graph_hgsvc3_linked_recovery	HML-2_8p23.1c	Technical_Error	Provirus	PRESENT	6e3116c6f313c90c76494f4c153d7a611c5accb8c7ccb86e16a4904c7f9597f6	ID_Full,Source_Identifier,Structure,presence_call,observation_state,observation_state_reason,observation_source_kind,source_specific_state,graph_observation_state,QC_Reason,Technical_Error_Reason,observation_role,observation_sequence_bytes,observation_sequence_sha256,gag,missense_gag,gag_dna_identity,gag_protein_identity,gag_coverage,pro,missense_pro,pro_dna_identity,pro_protein_identity,pro_coverage,pol,missense_pol,pol_dna_identity,pol_protein_identity,pol_coverage,pol_region_present,pol_translation_compatible,pol_translation_basis,env,missense_env,env_dna_identity,env_protein_identity,env_coverage,all_orfs_intact,Strand,provirus_type,row_source_role,row_source_generation,row_source_path,row_source_sha256,row_source_bytes,row_source_mtime_utc,rec,missense_rec,rec_dna_identity,rec_protein_identity,rec_coverage,haplotype_evidence,haplotype_pansn_digit,observation_class_v3,observation_class_evidence_v3,source_record_class_v3,source_record_path_v3,source_record_sha256_v3,source_record_bases_v3,source_record_header_v3,extraction_branch_provenance_v3,stable_source_identity_v3,v3_row_origin,v3_supersession_state,representative_ID_Full
NA19331_h2_HML-2_8p23.1c_placeholder	NA19331_h2_HML-2_8p23.1c_graph_hgsvc3_linked_recovery	HML-2_8p23.1c	Technical_Error	Provirus	PRESENT	feb550d3c7ff9aecd0c653ad76c10642a37fd54f00984714035fed6c1a32d825	ID_Full,Source_Identifier,Structure,presence_call,observation_state,observation_state_reason,observation_source_kind,source_specific_state,graph_observation_state,QC_Reason,Technical_Error_Reason,observation_role,observation_sequence_bytes,observation_sequence_sha256,gag,missense_gag,gag_dna_identity,gag_protein_identity,gag_coverage,pro,missense_pro,pro_dna_identity,pro_protein_identity,pro_coverage,pol,missense_pol,pol_dna_identity,pol_protein_identity,pol_coverage,pol_region_present,pol_translation_compatible,pol_translation_basis,env,missense_env,env_dna_identity,env_protein_identity,env_coverage,all_orfs_intact,Strand,provirus_type,row_source_role,row_source_generation,row_source_path,row_source_sha256,row_source_bytes,row_source_mtime_utc,rec,missense_rec,rec_dna_identity,rec_protein_identity,rec_coverage,haplotype_evidence,haplotype_pansn_digit,observation_class_v3,observation_class_evidence_v3,source_record_class_v3,source_record_path_v3,source_record_sha256_v3,source_record_bases_v3,source_record_header_v3,extraction_branch_provenance_v3,stable_source_identity_v3,v3_row_origin,v3_supersession_state,representative_ID_Full
NA19434_h2_HML-2_8p23.1c_placeholder	NA19434_h2_HML-2_8p23.1c_graph_hgsvc3_linked_recovery	HML-2_8p23.1c	Technical_Error	Provirus	PRESENT	f3d5a3812f0fb4de625037ab5c3db98618ca4565cdc757c8f1b853ff46c552a1	ID_Full,Source_Identifier,Structure,presence_call,observation_state,observation_state_reason,observation_source_kind,source_specific_state,graph_observation_state,QC_Reason,Technical_Error_Reason,observation_role,observation_sequence_bytes,observation_sequence_sha256,gag,missense_gag,gag_dna_identity,gag_protein_identity,gag_coverage,pro,missense_pro,pro_dna_identity,pro_protein_identity,pro_coverage,pol,missense_pol,pol_dna_identity,pol_protein_identity,pol_coverage,pol_region_present,pol_translation_compatible,pol_translation_basis,env,missense_env,env_dna_identity,env_protein_identity,env_coverage,all_orfs_intact,Strand,provirus_type,row_source_role,row_source_generation,row_source_path,row_source_sha256,row_source_bytes,row_source_mtime_utc,rec,missense_rec,rec_dna_identity,rec_protein_identity,rec_coverage,haplotype_evidence,haplotype_pansn_digit,observation_class_v3,observation_class_evidence_v3,source_record_class_v3,source_record_path_v3,source_record_sha256_v3,source_record_bases_v3,source_record_header_v3,extraction_branch_provenance_v3,stable_source_identity_v3,v3_row_origin,v3_supersession_state,representative_ID_Full
NA19705_h1_HML-2_8p23.1c_placeholder	NA19705_h1_HML-2_8p23.1c_graph_hgsvc3_linked_recovery	HML-2_8p23.1c	Technical_Error	Provirus	PRESENT	fbf468b86304aa4f39665bfc5e045df4fcb6a31dc51e8ca13b2ffc1e24f84e7f	ID_Full,Source_Identifier,Structure,presence_call,observation_state,observation_state_reason,observation_source_kind,source_specific_state,graph_observation_state,QC_Reason,Technical_Error_Reason,observation_role,observation_sequence_bytes,observation_sequence_sha256,gag,missense_gag,gag_dna_identity,gag_protein_identity,gag_coverage,pro,missense_pro,pro_dna_identity,pro_protein_identity,pro_coverage,pol,missense_pol,pol_dna_identity,pol_protein_identity,pol_coverage,pol_region_present,pol_translation_compatible,pol_translation_basis,env,missense_env,env_dna_identity,env_protein_identity,env_coverage,all_orfs_intact,Strand,provirus_type,row_source_role,row_source_generation,row_source_path,row_source_sha256,row_source_bytes,row_source_mtime_utc,rec,missense_rec,rec_dna_identity,rec_protein_identity,rec_coverage,haplotype_evidence,haplotype_pansn_digit,observation_class_v3,observation_class_evidence_v3,source_record_class_v3,source_record_path_v3,source_record_sha256_v3,source_record_bases_v3,source_record_header_v3,extraction_branch_provenance_v3,stable_source_identity_v3,v3_row_origin,v3_supersession_state,representative_ID_Full
NA19836_h2_HML-2_8p23.1c_placeholder	NA19836_h2_HML-2_8p23.1c_graph_hgsvc3_linked_recovery	HML-2_8p23.1c	Technical_Error	Provirus	PRESENT	3d3c3e10a28e6388ffe8b2710b59fcf2b94c2eff45da0922813945c1b9ea946f	ID_Full,Source_Identifier,Structure,presence_call,observation_state,observation_state_reason,observation_source_kind,source_specific_state,graph_observation_state,QC_Reason,Technical_Error_Reason,observation_role,observation_sequence_bytes,observation_sequence_sha256,gag,missense_gag,gag_dna_identity,gag_protein_identity,gag_coverage,pro,missense_pro,pro_dna_identity,pro_protein_identity,pro_coverage,pol,missense_pol,pol_dna_identity,pol_protein_identity,pol_coverage,pol_region_present,pol_translation_compatible,pol_translation_basis,env,missense_env,env_dna_identity,env_protein_identity,env_coverage,all_orfs_intact,Strand,provirus_type,row_source_role,row_source_generation,row_source_path,row_source_sha256,row_source_bytes,row_source_mtime_utc,rec,missense_rec,rec_dna_identity,rec_protein_identity,rec_coverage,haplotype_evidence,haplotype_pansn_digit,observation_class_v3,observation_class_evidence_v3,source_record_class_v3,source_record_path_v3,source_record_sha256_v3,source_record_bases_v3,source_record_header_v3,extraction_branch_provenance_v3,stable_source_identity_v3,v3_row_origin,v3_supersession_state,representative_ID_Full
NA19983_h1_HML-2_8p23.1c_placeholder	NA19983_h1_HML-2_8p23.1c_graph_hgsvc3_linked_recovery	HML-2_8p23.1c	Technical_Error	Provirus	PRESENT	91d833a8fb151421d2aadebda26a707b8e88971b92b305e8e79fa25f1f565632	ID_Full,Source_Identifier,Structure,presence_call,observation_state,observation_state_reason,observation_source_kind,source_specific_state,graph_observation_state,QC_Reason,Technical_Error_Reason,observation_role,observation_sequence_bytes,observation_sequence_sha256,gag,missense_gag,gag_dna_identity,gag_protein_identity,gag_coverage,pro,missense_pro,pro_dna_identity,pro_protein_identity,pro_coverage,pol,missense_pol,pol_dna_identity,pol_protein_identity,pol_coverage,pol_region_present,pol_translation_compatible,pol_translation_basis,env,missense_env,env_dna_identity,env_protein_identity,env_coverage,all_orfs_intact,Strand,provirus_type,row_source_role,row_source_generation,row_source_path,row_source_sha256,row_source_bytes,row_source_mtime_utc,rec,missense_rec,rec_dna_identity,rec_protein_identity,rec_coverage,haplotype_evidence,haplotype_pansn_digit,observation_class_v3,observation_class_evidence_v3,source_record_class_v3,source_record_path_v3,source_record_sha256_v3,source_record_bases_v3,source_record_header_v3,extraction_branch_provenance_v3,stable_source_identity_v3,v3_row_origin,v3_supersession_state,representative_ID_Full
NA21487_h2_HML-2_8p23.1c_placeholder	NA21487_h2_HML-2_8p23.1c_graph_hgsvc3_linked_recovery	HML-2_8p23.1c	Technical_Error	Provirus	PRESENT	2de77f3b6d574aaf998aa808f28e1069f03b0d61210ccbabc6bc2bd891b6dda9	ID_Full,Source_Identifier,Structure,presence_call,observation_state,observation_state_reason,observation_source_kind,source_specific_state,graph_observation_state,QC_Reason,Technical_Error_Reason,observation_role,observation_sequence_bytes,observation_sequence_sha256,gag,missense_gag,gag_dna_identity,gag_protein_identity,gag_coverage,pro,missense_pro,pro_dna_identity,pro_protein_identity,pro_coverage,pol,missense_pol,pol_dna_identity,pol_protein_identity,pol_coverage,pol_region_present,pol_translation_compatible,pol_translation_basis,env,missense_env,env_dna_identity,env_protein_identity,env_coverage,all_orfs_intact,Strand,provirus_type,row_source_role,row_source_generation,row_source_path,row_source_sha256,row_source_bytes,row_source_mtime_utc,rec,missense_rec,rec_dna_identity,rec_protein_identity,rec_coverage,haplotype_evidence,haplotype_pansn_digit,observation_class_v3,observation_class_evidence_v3,source_record_class_v3,source_record_path_v3,source_record_sha256_v3,source_record_bases_v3,source_record_header_v3,extraction_branch_provenance_v3,stable_source_identity_v3,v3_row_origin,v3_supersession_state,representative_ID_Full
HG02554_h1_HML-2_8p23.1d_placeholder	HG02554_h1_HML-2_8p23.1d_graph_hgsvc3_linked_recovery	HML-2_8p23.1d	Technical_Error	Provirus	PRESENT	02d2490068aed135e166d30b2e2e3719f31e24ca5beb2c16f85b7a2dcdf992a2	ID_Full,Source_Identifier,Structure,presence_call,observation_state,observation_state_reason,observation_source_kind,source_specific_state,graph_observation_state,QC_Reason,Technical_Error_Reason,observation_role,observation_sequence_bytes,observation_sequence_sha256,gag,missense_gag,gag_dna_identity,gag_protein_identity,gag_coverage,pro,missense_pro,pro_dna_identity,pro_protein_identity,pro_coverage,pol,missense_pol,pol_dna_identity,pol_protein_identity,pol_coverage,pol_region_present,pol_translation_compatible,pol_translation_basis,env,missense_env,env_dna_identity,env_protein_identity,env_coverage,all_orfs_intact,Strand,provirus_type,row_source_role,row_source_generation,row_source_path,row_source_sha256,row_source_bytes,row_source_mtime_utc,rec,missense_rec,rec_dna_identity,rec_protein_identity,rec_coverage,haplotype_evidence,haplotype_pansn_digit,observation_class_v3,observation_class_evidence_v3,source_record_class_v3,source_record_path_v3,source_record_sha256_v3,source_record_bases_v3,source_record_header_v3,extraction_branch_provenance_v3,stable_source_identity_v3,v3_row_origin,v3_supersession_state,representative_ID_Full
HG03452_h1_HML-2_8p23.1d_placeholder	HG03452_h1_HML-2_8p23.1d_graph_hgsvc3_linked_recovery	HML-2_8p23.1d	Technical_Error	Provirus	PRESENT	4a8dc8f77f79df9dcd52bc6d32b1e02f59fc7032ec84f5dc4ea0ec42d63ba770	ID_Full,Source_Identifier,Structure,presence_call,observation_state,observation_state_reason,observation_source_kind,source_specific_state,graph_observation_state,QC_Reason,Technical_Error_Reason,observation_role,observation_sequence_bytes,observation_sequence_sha256,gag,missense_gag,gag_dna_identity,gag_protein_identity,gag_coverage,pro,missense_pro,pro_dna_identity,pro_protein_identity,pro_coverage,pol,missense_pol,pol_dna_identity,pol_protein_identity,pol_coverage,pol_region_present,pol_translation_compatible,pol_translation_basis,env,missense_env,env_dna_identity,env_protein_identity,env_coverage,all_orfs_intact,Strand,provirus_type,row_source_role,row_source_generation,row_source_path,row_source_sha256,row_source_bytes,row_source_mtime_utc,rec,missense_rec,rec_dna_identity,rec_protein_identity,rec_coverage,haplotype_evidence,haplotype_pansn_digit,observation_class_v3,observation_class_evidence_v3,source_record_class_v3,source_record_path_v3,source_record_sha256_v3,source_record_bases_v3,source_record_header_v3,extraction_branch_provenance_v3,stable_source_identity_v3,v3_row_origin,v3_supersession_state,representative_ID_Full
NA19347_h2_HML-2_8p23.1d_placeholder	NA19347_h2_HML-2_8p23.1d_graph_hgsvc3_linked_recovery	HML-2_8p23.1d	Technical_Error	Provirus	PRESENT	146ada2a733b8584659867e1c6b829518e75522d4439c6713cc01f232d7c29c9	ID_Full,Source_Identifier,Structure,presence_call,observation_state,observation_state_reason,observation_source_kind,source_specific_state,graph_observation_state,QC_Reason,Technical_Error_Reason,observation_role,observation_sequence_bytes,observation_sequence_sha256,gag,missense_gag,gag_dna_identity,gag_protein_identity,gag_coverage,pro,missense_pro,pro_dna_identity,pro_protein_identity,pro_coverage,pol,missense_pol,pol_dna_identity,pol_protein_identity,pol_coverage,pol_region_present,pol_translation_compatible,pol_translation_basis,env,missense_env,env_dna_identity,env_protein_identity,env_coverage,all_orfs_intact,Strand,provirus_type,row_source_role,row_source_generation,row_source_path,row_source_sha256,row_source_bytes,row_source_mtime_utc,rec,missense_rec,rec_dna_identity,rec_protein_identity,rec_coverage,haplotype_evidence,haplotype_pansn_digit,observation_class_v3,observation_class_evidence_v3,source_record_class_v3,source_record_path_v3,source_record_sha256_v3,source_record_bases_v3,source_record_header_v3,extraction_branch_provenance_v3,stable_source_identity_v3,v3_row_origin,v3_supersession_state,representative_ID_Full
NA19705_h2_HML-2_8p23.1d_placeholder	NA19705_h2_HML-2_8p23.1d_graph_hgsvc3_linked_recovery	HML-2_8p23.1d	Technical_Error	Provirus	PRESENT	800938697c7f6d9338af4c3ff594d8287212d4b7ae2a2e05ca100ba09e6dbe84	ID_Full,Source_Identifier,Structure,presence_call,observation_state,observation_state_reason,observation_source_kind,source_specific_state,graph_observation_state,QC_Reason,Technical_Error_Reason,observation_role,observation_sequence_bytes,observation_sequence_sha256,gag,missense_gag,gag_dna_identity,gag_protein_identity,gag_coverage,pro,missense_pro,pro_dna_identity,pro_protein_identity,pro_coverage,pol,missense_pol,pol_dna_identity,pol_protein_identity,pol_coverage,pol_region_present,pol_translation_compatible,pol_translation_basis,env,missense_env,env_dna_identity,env_protein_identity,env_coverage,all_orfs_intact,Strand,provirus_type,row_source_role,row_source_generation,row_source_path,row_source_sha256,row_source_bytes,row_source_mtime_utc,rec,missense_rec,rec_dna_identity,rec_protein_identity,rec_coverage,haplotype_evidence,haplotype_pansn_digit,observation_class_v3,observation_class_evidence_v3,source_record_class_v3,source_record_path_v3,source_record_sha256_v3,source_record_bases_v3,source_record_header_v3,extraction_branch_provenance_v3,stable_source_identity_v3,v3_row_origin,v3_supersession_state,representative_ID_Full
NA20355_h2_HML-2_8p23.1d_placeholder	NA20355_h2_HML-2_8p23.1d_graph_hgsvc3_linked_recovery	HML-2_8p23.1d	Technical_Error	Provirus	PRESENT	d89daf3dc1de5febdd7f638d7a3276cb5f5d7df464a0e8d06482694c9ba384bf	ID_Full,Source_Identifier,Structure,presence_call,observation_state,observation_state_reason,observation_source_kind,source_specific_state,graph_observation_state,QC_Reason,Technical_Error_Reason,observation_role,observation_sequence_bytes,observation_sequence_sha256,gag,missense_gag,gag_dna_identity,gag_protein_identity,gag_coverage,pro,missense_pro,pro_dna_identity,pro_protein_identity,pro_coverage,pol,missense_pol,pol_dna_identity,pol_protein_identity,pol_coverage,pol_region_present,pol_translation_compatible,pol_translation_basis,env,missense_env,env_dna_identity,env_protein_identity,env_coverage,all_orfs_intact,Strand,provirus_type,row_source_role,row_source_generation,row_source_path,row_source_sha256,row_source_bytes,row_source_mtime_utc,rec,missense_rec,rec_dna_identity,rec_protein_identity,rec_coverage,haplotype_evidence,haplotype_pansn_digit,observation_class_v3,observation_class_evidence_v3,source_record_class_v3,source_record_path_v3,source_record_sha256_v3,source_record_bases_v3,source_record_header_v3,extraction_branch_provenance_v3,stable_source_identity_v3,v3_row_origin,v3_supersession_state,representative_ID_Full
HG02492_h1_HML-2_Yq11.23a_technical_error	HG02492_h1_HML-2_Yq11.23a_graph_hgsvc3-2024-02-23-mc-chm13	HML-2_Yq11.23a	Technical_Error	Insertion_Absent	NONCARRIER_SENTINEL_OBSERVATION	8ce86a6ae65d3692e7305e2c58ac62eebd97d3d943e093f577da25c36988246b	ID_Full,Source_Identifier,Structure,presence_call,observation_state,observation_state_reason,observation_source_kind,source_specific_state,graph_observation_state,QC_State,QC_Reason,Technical_Error_Reason,observation_role,observation_sequence_bytes,observation_sequence_sha256,Strand,row_source_role,row_source_generation,row_source_path,row_source_sha256,row_source_bytes,row_source_mtime_utc,observation_class_v3,observation_class_evidence_v3,source_record_class_v3,source_record_path_v3,source_record_sha256_v3,source_record_bases_v3,source_record_header_v3,noncarrier_evidence_mode_v3,extraction_branch_provenance_v3,stable_source_identity_v3,v3_row_origin,v3_supersession_state,representative_ID_Full
HG03009_h1_HML-2_Yq11.23a_technical_error	HG03009_h1_HML-2_Yq11.23a_graph_hgsvc3-2024-02-23-mc-chm13	HML-2_Yq11.23a	Technical_Error	Insertion_Absent	NONCARRIER_SENTINEL_OBSERVATION	8ce86a6ae65d3692e7305e2c58ac62eebd97d3d943e093f577da25c36988246b	ID_Full,Source_Identifier,Structure,presence_call,observation_state,observation_state_reason,observation_source_kind,source_specific_state,graph_observation_state,QC_State,QC_Reason,Technical_Error_Reason,observation_role,observation_sequence_bytes,observation_sequence_sha256,Strand,row_source_role,row_source_generation,row_source_path,row_source_sha256,row_source_bytes,row_source_mtime_utc,observation_class_v3,observation_class_evidence_v3,source_record_class_v3,source_record_path_v3,source_record_sha256_v3,source_record_bases_v3,source_record_header_v3,noncarrier_evidence_mode_v3,extraction_branch_provenance_v3,stable_source_identity_v3,v3_row_origin,v3_supersession_state,representative_ID_Full
HG03065_h1_HML-2_Yq11.23a_technical_error	HG03065_h1_HML-2_Yq11.23a_graph_hgsvc3-2024-02-23-mc-chm13	HML-2_Yq11.23a	Technical_Error	Insertion_Absent	NONCARRIER_SENTINEL_OBSERVATION	8ce86a6ae65d3692e7305e2c58ac62eebd97d3d943e093f577da25c36988246b	ID_Full,Source_Identifier,Structure,presence_call,observation_state,observation_state_reason,observation_source_kind,source_specific_state,graph_observation_state,QC_State,QC_Reason,Technical_Error_Reason,observation_role,observation_sequence_bytes,observation_sequence_sha256,Strand,row_source_role,row_source_generation,row_source_path,row_source_sha256,row_source_bytes,row_source_mtime_utc,observation_class_v3,observation_class_evidence_v3,source_record_class_v3,source_record_path_v3,source_record_sha256_v3,source_record_bases_v3,source_record_header_v3,noncarrier_evidence_mode_v3,extraction_branch_provenance_v3,stable_source_identity_v3,v3_row_origin,v3_supersession_state,representative_ID_Full
NA19384_h1_HML-2_Yq11.23a_technical_error	NA19384_h1_HML-2_Yq11.23a_graph_hgsvc3-2024-02-23-mc-chm13	HML-2_Yq11.23a	Technical_Error	Insertion_Absent	NONCARRIER_SENTINEL_OBSERVATION	8ce86a6ae65d3692e7305e2c58ac62eebd97d3d943e093f577da25c36988246b	ID_Full,Source_Identifier,Structure,presence_call,observation_state,observation_state_reason,observation_source_kind,source_specific_state,graph_observation_state,QC_State,QC_Reason,Technical_Error_Reason,observation_role,observation_sequence_bytes,observation_sequence_sha256,Strand,row_source_role,row_source_generation,row_source_path,row_source_sha256,row_source_bytes,row_source_mtime_utc,observation_class_v3,observation_class_evidence_v3,source_record_class_v3,source_record_path_v3,source_record_sha256_v3,source_record_bases_v3,source_record_header_v3,noncarrier_evidence_mode_v3,extraction_branch_provenance_v3,stable_source_identity_v3,v3_row_origin,v3_supersession_state,representative_ID_Full
NA19705_h1_HML-2_Yq11.23a_technical_error	NA19705_h1_HML-2_Yq11.23a_graph_hgsvc3-2024-02-23-mc-chm13	HML-2_Yq11.23a	Technical_Error	Insertion_Absent	NONCARRIER_SENTINEL_OBSERVATION	8ce86a6ae65d3692e7305e2c58ac62eebd97d3d943e093f577da25c36988246b	ID_Full,Source_Identifier,Structure,presence_call,observation_state,observation_state_reason,observation_source_kind,source_specific_state,graph_observation_state,QC_State,QC_Reason,Technical_Error_Reason,observation_role,observation_sequence_bytes,observation_sequence_sha256,Strand,row_source_role,row_source_generation,row_source_path,row_source_sha256,row_source_bytes,row_source_mtime_utc,observation_class_v3,observation_class_evidence_v3,source_record_class_v3,source_record_path_v3,source_record_sha256_v3,source_record_bases_v3,source_record_header_v3,noncarrier_evidence_mode_v3,extraction_branch_provenance_v3,stable_source_identity_v3,v3_row_origin,v3_supersession_state,representative_ID_Full
NA24385_h2_HML-2_Yq11.23a_technical_error	NA24385_h2_HML-2_Yq11.23a_graph_hgsvc3-2024-02-23-mc-chm13	HML-2_Yq11.23a	Technical_Error	Insertion_Absent	NONCARRIER_SENTINEL_OBSERVATION	8ce86a6ae65d3692e7305e2c58ac62eebd97d3d943e093f577da25c36988246b	ID_Full,Source_Identifier,Structure,presence_call,observation_state,observation_state_reason,observation_source_kind,source_specific_state,graph_observation_state,QC_State,QC_Reason,Technical_Error_Reason,observation_role,observation_sequence_bytes,observation_sequence_sha256,Strand,row_source_role,row_source_generation,row_source_path,row_source_sha256,row_source_bytes,row_source_mtime_utc,observation_class_v3,observation_class_evidence_v3,source_record_class_v3,source_record_path_v3,source_record_sha256_v3,source_record_bases_v3,source_record_header_v3,noncarrier_evidence_mode_v3,extraction_branch_provenance_v3,stable_source_identity_v3,v3_row_origin,v3_supersession_state,representative_ID_Full
HG00358_h1_HML-2_Yq11.23b_technical_error	HG00358_h1_HML-2_Yq11.23b_graph_hgsvc3-2024-02-23-mc-chm13	HML-2_Yq11.23b	Technical_Error	Insertion_Absent	NONCARRIER_SENTINEL_OBSERVATION	8ce86a6ae65d3692e7305e2c58ac62eebd97d3d943e093f577da25c36988246b	ID_Full,Source_Identifier,Structure,presence_call,observation_state,observation_state_reason,observation_source_kind,source_specific_state,graph_observation_state,QC_State,QC_Reason,Technical_Error_Reason,observation_role,observation_sequence_bytes,observation_sequence_sha256,Strand,row_source_role,row_source_generation,row_source_path,row_source_sha256,row_source_bytes,row_source_mtime_utc,observation_class_v3,observation_class_evidence_v3,source_record_class_v3,source_record_path_v3,source_record_sha256_v3,source_record_bases_v3,source_record_header_v3,noncarrier_evidence_mode_v3,extraction_branch_provenance_v3,stable_source_identity_v3,v3_row_origin,v3_supersession_state,representative_ID_Full
HG02492_h1_HML-2_Yq11.23b_technical_error	HG02492_h1_HML-2_Yq11.23b_graph_hgsvc3-2024-02-23-mc-chm13	HML-2_Yq11.23b	Technical_Error	Insertion_Absent	NONCARRIER_SENTINEL_OBSERVATION	8ce86a6ae65d3692e7305e2c58ac62eebd97d3d943e093f577da25c36988246b	ID_Full,Source_Identifier,Structure,presence_call,observation_state,observation_state_reason,observation_source_kind,source_specific_state,graph_observation_state,QC_State,QC_Reason,Technical_Error_Reason,observation_role,observation_sequence_bytes,observation_sequence_sha256,Strand,row_source_role,row_source_generation,row_source_path,row_source_sha256,row_source_bytes,row_source_mtime_utc,observation_class_v3,observation_class_evidence_v3,source_record_class_v3,source_record_path_v3,source_record_sha256_v3,source_record_bases_v3,source_record_header_v3,noncarrier_evidence_mode_v3,extraction_branch_provenance_v3,stable_source_identity_v3,v3_row_origin,v3_supersession_state,representative_ID_Full
HG02666_h2_HML-2_Yq11.23b_technical_error	HG02666_h2_HML-2_Yq11.23b_graph_hgsvc3-2024-02-23-mc-chm13	HML-2_Yq11.23b	Technical_Error	Insertion_Absent	NONCARRIER_SENTINEL_OBSERVATION	8ce86a6ae65d3692e7305e2c58ac62eebd97d3d943e093f577da25c36988246b	ID_Full,Source_Identifier,Structure,presence_call,observation_state,observation_state_reason,observation_source_kind,source_specific_state,graph_observation_state,QC_State,QC_Reason,Technical_Error_Reason,observation_role,observation_sequence_bytes,observation_sequence_sha256,Strand,row_source_role,row_source_generation,row_source_path,row_source_sha256,row_source_bytes,row_source_mtime_utc,observation_class_v3,observation_class_evidence_v3,source_record_class_v3,source_record_path_v3,source_record_sha256_v3,source_record_bases_v3,source_record_header_v3,noncarrier_evidence_mode_v3,extraction_branch_provenance_v3,stable_source_identity_v3,v3_row_origin,v3_supersession_state,representative_ID_Full
HG03009_h1_HML-2_Yq11.23b_technical_error	HG03009_h1_HML-2_Yq11.23b_graph_hgsvc3-2024-02-23-mc-chm13	HML-2_Yq11.23b	Technical_Error	Insertion_Absent	NONCARRIER_SENTINEL_OBSERVATION	8ce86a6ae65d3692e7305e2c58ac62eebd97d3d943e093f577da25c36988246b	ID_Full,Source_Identifier,Structure,presence_call,observation_state,observation_state_reason,observation_source_kind,source_specific_state,graph_observation_state,QC_State,QC_Reason,Technical_Error_Reason,observation_role,observation_sequence_bytes,observation_sequence_sha256,Strand,row_source_role,row_source_generation,row_source_path,row_source_sha256,row_source_bytes,row_source_mtime_utc,observation_class_v3,observation_class_evidence_v3,source_record_class_v3,source_record_path_v3,source_record_sha256_v3,source_record_bases_v3,source_record_header_v3,noncarrier_evidence_mode_v3,extraction_branch_provenance_v3,stable_source_identity_v3,v3_row_origin,v3_supersession_state,representative_ID_Full
NA19384_h1_HML-2_Yq11.23b_technical_error	NA19384_h1_HML-2_Yq11.23b_graph_hgsvc3-2024-02-23-mc-chm13	HML-2_Yq11.23b	Technical_Error	Insertion_Absent	NONCARRIER_SENTINEL_OBSERVATION	8ce86a6ae65d3692e7305e2c58ac62eebd97d3d943e093f577da25c36988246b	ID_Full,Source_Identifier,Structure,presence_call,observation_state,observation_state_reason,observation_source_kind,source_specific_state,graph_observation_state,QC_State,QC_Reason,Technical_Error_Reason,observation_role,observation_sequence_bytes,observation_sequence_sha256,Strand,row_source_role,row_source_generation,row_source_path,row_source_sha256,row_source_bytes,row_source_mtime_utc,observation_class_v3,observation_class_evidence_v3,source_record_class_v3,source_record_path_v3,source_record_sha256_v3,source_record_bases_v3,source_record_header_v3,noncarrier_evidence_mode_v3,extraction_branch_provenance_v3,stable_source_identity_v3,v3_row_origin,v3_supersession_state,representative_ID_Full
NA24385_h2_HML-2_Yq11.23b_technical_error	NA24385_h2_HML-2_Yq11.23b_graph_hgsvc3-2024-02-23-mc-chm13	HML-2_Yq11.23b	Technical_Error	Insertion_Absent	NONCARRIER_SENTINEL_OBSERVATION	8ce86a6ae65d3692e7305e2c58ac62eebd97d3d943e093f577da25c36988246b	ID_Full,Source_Identifier,Structure,presence_call,observation_state,observation_state_reason,observation_source_kind,source_specific_state,graph_observation_state,QC_State,QC_Reason,Technical_Error_Reason,observation_role,observation_sequence_bytes,observation_sequence_sha256,Strand,row_source_role,row_source_generation,row_source_path,row_source_sha256,row_source_bytes,row_source_mtime_utc,observation_class_v3,observation_class_evidence_v3,source_record_class_v3,source_record_path_v3,source_record_sha256_v3,source_record_bases_v3,source_record_header_v3,noncarrier_evidence_mode_v3,extraction_branch_provenance_v3,stable_source_identity_v3,v3_row_origin,v3_supersession_state,representative_ID_Full
