locus	sample_id	haplotype	state	catalog_row_count	catalog_ID_Fulls
10p12.1	HG00096	h1	TypeI	1	HG00096_h1_HML-2_10p12.1_graph_hgsvc3-2024-02-23-mc-chm13
10p12.1	HG00096	h2	TypeI	1	HG00096_h2_HML-2_10p12.1_graph_hgsvc3-2024-02-23-mc-chm13
10p12.1	HG00097	h1	TypeI	1	HG00097_hap1_hprc_r2_v1.0.1_HML-2_10p12.1
10p12.1	HG00097	h2	TypeI	1	HG00097_hap2_hprc_r2_v1.0.1_HML-2_10p12.1
10p12.1	HG00099	h1	TypeI	1	HG00099_hap1_hprc_r2_v1.0.1_HML-2_10p12.1
10p12.1	HG00099	h2	TypeI	1	HG00099_hap2_hprc_r2_v1.0.1_HML-2_10p12.1
10p12.1	HG00126	h1	TypeI	1	HG00126_hap1_hprc_r2_v1.0.1_HML-2_10p12.1
10p12.1	HG00126	h2	TypeI	1	HG00126_hap2_hprc_r2_v1.0.1_HML-2_10p12.1
10p12.1	HG00128	h1	TypeI	1	HG00128_hap1_hprc_r2_v1.0.1_HML-2_10p12.1
10p12.1	HG00128	h2	TypeI	1	HG00128_hap2_hprc_r2_v1.0.1_HML-2_10p12.1
10p12.1	HG00133	h1	TypeI	1	HG00133_hap1_hprc_r2_v1.0.1_HML-2_10p12.1
10p12.1	HG00133	h2	TypeI	1	HG00133_hap2_hprc_r2_v1.0.1_HML-2_10p12.1
10p12.1	HG00140	h1	TypeI	1	HG00140_hap1_hprc_r2_v1.0.1_HML-2_10p12.1
10p12.1	HG00140	h2	TypeI	1	HG00140_hap2_hprc_r2_v1.0.1_HML-2_10p12.1
10p12.1	HG00146	h1	TypeI	1	HG00146_hap1_hprc_r2_v1.0.1_HML-2_10p12.1
10p12.1	HG00146	h2	TypeI	1	HG00146_hap2_hprc_r2_v1.0.1_HML-2_10p12.1
10p12.1	HG00171	h1	TypeI	1	HG00171_h1_HML-2_10p12.1_graph_hgsvc3-2024-02-23-mc-chm13
10p12.1	HG00171	h2	TypeI	1	HG00171_h2_HML-2_10p12.1_graph_hgsvc3-2024-02-23-mc-chm13
10p12.1	HG00232	h1	TypeI	1	HG00232_hap1_hprc_r2_v1.0.1_HML-2_10p12.1
10p12.1	HG00232	h2	TypeI	1	HG00232_hap2_hprc_r2_v1.0.1_HML-2_10p12.1
10p12.1	HG00235	h1	TypeI	1	HG00235_hap1_hprc_r2_v1.0.1_HML-2_10p12.1
10p12.1	HG00235	h2	TypeI	1	HG00235_hap2_hprc_r2_v1.0.1_HML-2_10p12.1
10p12.1	HG00253	h1	TypeI	1	HG00253_hap1_hprc_r2_v1.0.1_HML-2_10p12.1
10p12.1	HG00253	h2	TypeI	1	HG00253_hap2_hprc_r2_v1.0.1_HML-2_10p12.1
10p12.1	HG00268	h1	TypeI	1	HG00268_h1_HML-2_10p12.1_graph_hgsvc3-2024-02-23-mc-chm13
10p12.1	HG00268	h2	TypeI	1	HG00268_h2_HML-2_10p12.1_graph_hgsvc3-2024-02-23-mc-chm13
10p12.1	HG00272	h1	TypeI	1	HG00272_hap1_hprc_r2_v1.0.1_HML-2_10p12.1
10p12.1	HG00272	h2	TypeI	1	HG00272_hap2_hprc_r2_v1.0.1_HML-2_10p12.1
10p12.1	HG00280	h1	TypeI	1	HG00280_hap1_hprc_r2_v1.0.1_HML-2_10p12.1
10p12.1	HG00280	h2	TypeI	1	HG00280_hap2_hprc_r2_v1.0.1_HML-2_10p12.1
10p12.1	HG00290	h1	TypeI	1	HG00290_hap1_hprc_r2_v1.0.1_HML-2_10p12.1
10p12.1	HG00290	h2	TypeI	1	HG00290_hap2_hprc_r2_v1.0.1_HML-2_10p12.1
10p12.1	HG00320	h1	TypeI	1	HG00320_hap1_hprc_r2_v1.0.1_HML-2_10p12.1
10p12.1	HG00320	h2	TypeI	1	HG00320_hap2_hprc_r2_v1.0.1_HML-2_10p12.1
10p12.1	HG00321	h1	TypeI	1	HG00321_hap1_hprc_r2_v1.0.1_HML-2_10p12.1
10p12.1	HG00321	h2	TypeI	1	HG00321_hap2_hprc_r2_v1.0.1_HML-2_10p12.1
10p12.1	HG00323	h1	TypeI	1	HG00323_hap1_hprc_r2_v1.0.1_HML-2_10p12.1
10p12.1	HG00323	h2	TypeI	1	HG00323_hap2_hprc_r2_v1.0.1_HML-2_10p12.1
10p12.1	HG00329	h1	TypeI	1	HG00329_hap1_hprc_r2_v1.0.1_HML-2_10p12.1
10p12.1	HG00329	h2	TypeI	1	HG00329_hap2_hprc_r2_v1.0.1_HML-2_10p12.1
10p12.1	HG00344	h1	TypeI	1	HG00344_hap1_hprc_r2_v1.0.1_HML-2_10p12.1
10p12.1	HG00344	h2	TypeI	1	HG00344_hap2_hprc_r2_v1.0.1_HML-2_10p12.1
10p12.1	HG00350	h1	TypeI	1	HG00350_hap1_hprc_r2_v1.0.1_HML-2_10p12.1
10p12.1	HG00350	h2	TypeI	1	HG00350_hap2_hprc_r2_v1.0.1_HML-2_10p12.1
10p12.1	HG00358	h1	TypeI	1	HG00358_h1_HML-2_10p12.1_graph_hgsvc3-2024-02-23-mc-chm13
10p12.1	HG00358	h2	TypeI	1	HG00358_h2_HML-2_10p12.1_graph_hgsvc3-2024-02-23-mc-chm13
10p12.1	HG00408	mat	TypeI	1	HG00408_mat_hprc_r2_v1.0.1_HML-2_10p12.1
10p12.1	HG00408	pat	TypeI	1	HG00408_pat_hprc_r2_v1.0.1_HML-2_10p12.1
10p12.1	HG00423	mat	TypeI	1	HG00423_mat_hprc_r2_v1.0.1_HML-2_10p12.1
10p12.1	HG00423	pat	TypeI	1	HG00423_pat_hprc_r2_v1.0.1_HML-2_10p12.1
10p12.1	HG00438	mat	TypeI	1	HG00438_mat_hprc_r2_v1.0.1_HML-2_10p12.1
10p12.1	HG00438	pat	TypeI	1	HG00438_pat_hprc_r2_v1.0.1_HML-2_10p12.1
10p12.1	HG005	mat	TypeI	1	HG005_mat_hprc_r2_v1.0.1_HML-2_10p12.1
10p12.1	HG005	pat	TypeI	1	HG005_pat_hprc_r2_v1.0.1_HML-2_10p12.1
10p12.1	HG00512	h1	TypeI	1	HG00512_h1_HML-2_10p12.1_graph_hgsvc3-2024-02-23-mc-chm13
10p12.1	HG00512	h2	TypeI	1	HG00512_h2_HML-2_10p12.1_graph_hgsvc3-2024-02-23-mc-chm13
10p12.1	HG00513	h1	TypeI	1	HG00513_h1_HML-2_10p12.1_graph_hgsvc3-2024-02-23-mc-chm13
10p12.1	HG00513	h2	TypeI	1	HG00513_h2_HML-2_10p12.1_graph_hgsvc3-2024-02-23-mc-chm13
10p12.1	HG00514	h1	TypeI	1	HG00514_h1_HML-2_10p12.1_graph_hgsvc3-2024-02-23-mc-chm13
10p12.1	HG00514	h2	TypeI	1	HG00514_h2_HML-2_10p12.1_graph_hgsvc3-2024-02-23-mc-chm13
10p12.1	HG00544	mat	TypeI	1	HG00544_mat_hprc_r2_v1.0.1_HML-2_10p12.1
10p12.1	HG00544	pat	TypeI	1	HG00544_pat_hprc_r2_v1.0.1_HML-2_10p12.1
10p12.1	HG00558	mat	TypeI	1	HG00558_mat_hprc_r2_v1.0.1_HML-2_10p12.1
10p12.1	HG00558	pat	TypeI	1	HG00558_pat_hprc_r2_v1.0.1_HML-2_10p12.1
10p12.1	HG00597	mat	TypeI	1	HG00597_mat_hprc_r2_v1.0.1_HML-2_10p12.1
10p12.1	HG00597	pat	TypeI	1	HG00597_pat_hprc_r2_v1.0.1_HML-2_10p12.1
10p12.1	HG00609	mat	TypeI	1	HG00609_mat_hprc_r2_v1.0.1_HML-2_10p12.1
10p12.1	HG00609	pat	TypeI	1	HG00609_pat_hprc_r2_v1.0.1_HML-2_10p12.1
10p12.1	HG00621	mat	TypeI	1	HG00621_mat_hprc_r2_v1.0.1_HML-2_10p12.1
10p12.1	HG00621	pat	TypeI	1	HG00621_pat_hprc_r2_v1.0.1_HML-2_10p12.1
10p12.1	HG00639	mat	TypeI	1	HG00639_mat_hprc_r2_v1.0.1_HML-2_10p12.1
10p12.1	HG00639	pat	TypeI	1	HG00639_pat_hprc_r2_v1.0.1_HML-2_10p12.1
10p12.1	HG00642	mat	TypeI	1	HG00642_mat_hprc_r2_v1.0.1_HML-2_10p12.1
10p12.1	HG00642	pat	TypeI	1	HG00642_pat_hprc_r2_v1.0.1_HML-2_10p12.1
10p12.1	HG00658	mat	TypeI	1	HG00658_mat_hprc_r2_v1.0.1_HML-2_10p12.1
10p12.1	HG00658	pat	TypeI	1	HG00658_pat_hprc_r2_v1.0.1_HML-2_10p12.1
10p12.1	HG00673	mat	TypeI	1	HG00673_mat_hprc_r2_v1.0.1_HML-2_10p12.1
10p12.1	HG00673	pat	TypeI	1	HG00673_pat_hprc_r2_v1.0.1_HML-2_10p12.1
10p12.1	HG00706	mat	TypeI	1	HG00706_mat_hprc_r2_v1.0.1_HML-2_10p12.1
10p12.1	HG00706	pat	TypeI	1	HG00706_pat_hprc_r2_v1.0.1_HML-2_10p12.1
10p12.1	HG00731	h1	TypeI	1	HG00731_h1_HML-2_10p12.1_graph_hgsvc3-2024-02-23-mc-chm13
10p12.1	HG00731	h2	TypeI	1	HG00731_h2_HML-2_10p12.1_graph_hgsvc3-2024-02-23-mc-chm13
10p12.1	HG00732	h1	TypeI	1	HG00732_h1_HML-2_10p12.1_graph_hgsvc3-2024-02-23-mc-chm13
10p12.1	HG00732	h2	TypeI	1	HG00732_h2_HML-2_10p12.1_graph_hgsvc3-2024-02-23-mc-chm13
10p12.1	HG00733	mat	TypeI	1	HG00733_mat_hprc_r2_v1.0.1_HML-2_10p12.1
10p12.1	HG00733	pat	TypeI	1	HG00733_pat_hprc_r2_v1.0.1_HML-2_10p12.1
10p12.1	HG00735	mat	TypeI	1	HG00735_mat_hprc_r2_v1.0.1_HML-2_10p12.1
10p12.1	HG00735	pat	TypeI	1	HG00735_pat_hprc_r2_v1.0.1_HML-2_10p12.1
10p12.1	HG00738	mat	TypeI	1	HG00738_mat_hprc_r2_v1.0.1_HML-2_10p12.1
10p12.1	HG00738	pat	TypeI	1	HG00738_pat_hprc_r2_v1.0.1_HML-2_10p12.1
10p12.1	HG00741	mat	TypeI	1	HG00741_mat_hprc_r2_v1.0.1_HML-2_10p12.1
10p12.1	HG00741	pat	TypeI	1	HG00741_pat_hprc_r2_v1.0.1_HML-2_10p12.1
10p12.1	HG00864	h1	TypeI	1	HG00864_h1_HML-2_10p12.1_graph_hgsvc3-2024-02-23-mc-chm13
10p12.1	HG00864	h2	TypeI	1	HG00864_h2_HML-2_10p12.1_graph_hgsvc3-2024-02-23-mc-chm13
10p12.1	HG01071	mat	TypeI	1	HG01071_mat_hprc_r2_v1.0.1_HML-2_10p12.1
10p12.1	HG01071	pat	TypeI	1	HG01071_pat_hprc_r2_v1.0.1_HML-2_10p12.1
10p12.1	HG01074	mat	TypeI	1	HG01074_mat_hprc_r2_v1.0.1_HML-2_10p12.1
10p12.1	HG01074	pat	TypeI	1	HG01074_pat_hprc_r2_v1.0.1_HML-2_10p12.1
10p12.1	HG01081	mat	TypeI	1	HG01081_mat_hprc_r2_v1.0.1_HML-2_10p12.1
10p12.1	HG01081	pat	TypeI	1	HG01081_pat_hprc_r2_v1.0.1_HML-2_10p12.1
10p12.1	HG01099	mat	TypeI	1	HG01099_mat_hprc_r2_v1.0.1_HML-2_10p12.1
10p12.1	HG01099	pat	TypeI	1	HG01099_pat_hprc_r2_v1.0.1_HML-2_10p12.1
10p12.1	HG01106	mat	TypeI	1	HG01106_mat_hprc_r2_v1.0.1_HML-2_10p12.1
10p12.1	HG01106	pat	TypeI	1	HG01106_pat_hprc_r2_v1.0.1_HML-2_10p12.1
10p12.1	HG01109	mat	TypeI	1	HG01109_mat_hprc_r2_v1.0.1_HML-2_10p12.1
10p12.1	HG01109	pat	TypeI	1	HG01109_pat_hprc_r2_v1.0.1_HML-2_10p12.1
10p12.1	HG01114	h1	TypeI	1	HG01114_h1_HML-2_10p12.1_graph_hgsvc3-2024-02-23-mc-chm13
10p12.1	HG01114	h2	TypeI	1	HG01114_h2_HML-2_10p12.1_graph_hgsvc3-2024-02-23-mc-chm13
10p12.1	HG01123	mat	solo_LTR	1	HG01123_mat_hprc_r2_v1.0.1_HML-2_10p12.1
10p12.1	HG01123	pat	TypeI	1	HG01123_pat_hprc_r2_v1.0.1_HML-2_10p12.1
10p12.1	HG01150	mat	TypeI	1	HG01150_mat_hprc_r2_v1.0.1_HML-2_10p12.1
10p12.1	HG01150	pat	TypeI	1	HG01150_pat_hprc_r2_v1.0.1_HML-2_10p12.1
10p12.1	HG01167	h1	TypeI	1	HG01167_hap1_hprc_r2_v1.0.1_HML-2_10p12.1
10p12.1	HG01167	h2	TypeI	1	HG01167_hap2_hprc_r2_v1.0.1_HML-2_10p12.1
10p12.1	HG01175	mat	TypeI	1	HG01175_mat_hprc_r2_v1.0.1_HML-2_10p12.1
10p12.1	HG01175	pat	TypeI	1	HG01175_pat_hprc_r2_v1.0.1_HML-2_10p12.1
10p12.1	HG01192	mat	TypeI	1	HG01192_mat_hprc_r2_v1.0.1_HML-2_10p12.1
10p12.1	HG01192	pat	TypeI	1	HG01192_pat_hprc_r2_v1.0.1_HML-2_10p12.1
10p12.1	HG01243	mat	TypeI	1	HG01243_mat_hprc_r2_v1.0.1_HML-2_10p12.1
10p12.1	HG01243	pat	TypeI	1	HG01243_pat_hprc_r2_v1.0.1_HML-2_10p12.1
10p12.1	HG01252	mat	TypeI	1	HG01252_mat_hprc_r2_v1.0.1_HML-2_10p12.1
10p12.1	HG01252	pat	TypeI	1	HG01252_pat_hprc_r2_v1.0.1_HML-2_10p12.1
10p12.1	HG01255	mat	TypeI	1	HG01255_mat_hprc_r2_v1.0.1_HML-2_10p12.1
10p12.1	HG01255	pat	TypeI	1	HG01255_pat_hprc_r2_v1.0.1_HML-2_10p12.1
10p12.1	HG01258	mat	TypeI	1	HG01258_mat_hprc_r2_v1.0.1_HML-2_10p12.1
10p12.1	HG01258	pat	TypeI	1	HG01258_pat_hprc_r2_v1.0.1_HML-2_10p12.1
10p12.1	HG01261	mat	TypeI	1	HG01261_mat_hprc_r2_v1.0.1_HML-2_10p12.1
10p12.1	HG01261	pat	TypeI	1	HG01261_pat_hprc_r2_v1.0.1_HML-2_10p12.1
10p12.1	HG01346	mat	TypeI	1	HG01346_mat_hprc_r2_v1.0.1_HML-2_10p12.1
10p12.1	HG01346	pat	TypeI	1	HG01346_pat_hprc_r2_v1.0.1_HML-2_10p12.1
10p12.1	HG01352	h1	TypeI	1	HG01352_h1_HML-2_10p12.1_graph_hgsvc3-2024-02-23-mc-chm13
10p12.1	HG01352	h2	TypeI	1	HG01352_h2_HML-2_10p12.1_graph_hgsvc3-2024-02-23-mc-chm13
10p12.1	HG01358	mat	TypeI	1	HG01358_mat_hprc_r2_v1.0.1_HML-2_10p12.1
10p12.1	HG01358	pat	TypeI	1	HG01358_pat_hprc_r2_v1.0.1_HML-2_10p12.1
10p12.1	HG01361	mat	TypeI	1	HG01361_mat_hprc_r2_v1.0.1_HML-2_10p12.1
10p12.1	HG01361	pat	TypeI	1	HG01361_pat_hprc_r2_v1.0.1_HML-2_10p12.1
10p12.1	HG01433	mat	TypeI	1	HG01433_mat_hprc_r2_v1.0.1_HML-2_10p12.1
10p12.1	HG01433	pat	TypeI	1	HG01433_pat_hprc_r2_v1.0.1_HML-2_10p12.1
10p12.1	HG01457	h1	TypeI	1	HG01457_h1_HML-2_10p12.1_graph_hgsvc3-2024-02-23-mc-chm13
10p12.1	HG01457	h2	TypeI	1	HG01457_h2_HML-2_10p12.1_graph_hgsvc3-2024-02-23-mc-chm13
10p12.1	HG01496	mat	TypeI	1	HG01496_mat_hprc_r2_v1.0.1_HML-2_10p12.1
10p12.1	HG01496	pat	TypeI	1	HG01496_pat_hprc_r2_v1.0.1_HML-2_10p12.1
10p12.1	HG01505	h1	TypeI	1	HG01505_h1_HML-2_10p12.1_graph_hgsvc3-2024-02-23-mc-chm13
10p12.1	HG01505	h2	TypeI	1	HG01505_h2_HML-2_10p12.1_graph_hgsvc3-2024-02-23-mc-chm13
10p12.1	HG01530	h1	TypeI	1	HG01530_hap1_hprc_r2_v1.0.1_HML-2_10p12.1
10p12.1	HG01530	h2	TypeI	1	HG01530_hap2_hprc_r2_v1.0.1_HML-2_10p12.1
10p12.1	HG01573	h1	TypeI	1	HG01573_h1_HML-2_10p12.1_graph_hgsvc3-2024-02-23-mc-chm13
10p12.1	HG01573	h2	TypeI	1	HG01573_h2_HML-2_10p12.1_graph_hgsvc3-2024-02-23-mc-chm13
10p12.1	HG01596	h1	TypeI	1	HG01596_h1_HML-2_10p12.1_graph_hgsvc3-2024-02-23-mc-chm13
10p12.1	HG01596	h2	TypeI	1	HG01596_h2_HML-2_10p12.1_graph_hgsvc3-2024-02-23-mc-chm13
10p12.1	HG01784	h1	TypeI	1	HG01784_hap1_hprc_r2_v1.0.1_HML-2_10p12.1
10p12.1	HG01784	h2	TypeI	1	HG01784_hap2_hprc_r2_v1.0.1_HML-2_10p12.1
10p12.1	HG01786	h1	TypeI	1	HG01786_hap1_hprc_r2_v1.0.1_HML-2_10p12.1
10p12.1	HG01786	h2	TypeI	1	HG01786_hap2_hprc_r2_v1.0.1_HML-2_10p12.1
10p12.1	HG01884	mat	TypeI	1	HG01884_mat_hprc_r2_v1.0.1_HML-2_10p12.1
10p12.1	HG01884	pat	TypeI	1	HG01884_pat_hprc_r2_v1.0.1_HML-2_10p12.1
10p12.1	HG01890	h1	TypeI	1	HG01890_h1_HML-2_10p12.1_graph_hgsvc3-2024-02-23-mc-chm13
10p12.1	HG01890	h2	TypeI	1	HG01890_h2_HML-2_10p12.1_graph_hgsvc3-2024-02-23-mc-chm13
10p12.1	HG01891	mat	solo_LTR	1	HG01891_mat_hprc_r2_v1.0.1_HML-2_10p12.1
10p12.1	HG01891	pat	TypeI	1	HG01891_pat_hprc_r2_v1.0.1_HML-2_10p12.1
10p12.1	HG01928	mat	TypeI	1	HG01928_mat_hprc_r2_v1.0.1_HML-2_10p12.1
10p12.1	HG01928	pat	TypeI	1	HG01928_pat_hprc_r2_v1.0.1_HML-2_10p12.1
10p12.1	HG01934	mat	TypeI	1	HG01934_mat_hprc_r2_v1.0.1_HML-2_10p12.1
10p12.1	HG01934	pat	TypeI	1	HG01934_pat_hprc_r2_v1.0.1_HML-2_10p12.1
10p12.1	HG01940	mat	TypeI	1	HG01940_mat_hprc_r2_v1.0.1_HML-2_10p12.1
10p12.1	HG01940	pat	TypeI	1	HG01940_pat_hprc_r2_v1.0.1_HML-2_10p12.1
10p12.1	HG01943	mat	TypeI	1	HG01943_mat_hprc_r2_v1.0.1_HML-2_10p12.1
10p12.1	HG01943	pat	TypeI	1	HG01943_pat_hprc_r2_v1.0.1_HML-2_10p12.1
10p12.1	HG01952	mat	TypeI	1	HG01952_mat_hprc_r2_v1.0.1_HML-2_10p12.1
10p12.1	HG01952	pat	TypeI	1	HG01952_pat_hprc_r2_v1.0.1_HML-2_10p12.1
10p12.1	HG01960	mat	TypeI	1	HG01960_mat_hprc_r2_v1.0.1_HML-2_10p12.1
10p12.1	HG01960	pat	TypeI	1	HG01960_pat_hprc_r2_v1.0.1_HML-2_10p12.1
10p12.1	HG01969	mat	TypeI	1	HG01969_mat_hprc_r2_v1.0.1_HML-2_10p12.1
10p12.1	HG01969	pat	TypeI	1	HG01969_pat_hprc_r2_v1.0.1_HML-2_10p12.1
10p12.1	HG01975	mat	TypeI	1	HG01975_mat_hprc_r2_v1.0.1_HML-2_10p12.1
10p12.1	HG01975	pat	TypeI	1	HG01975_pat_hprc_r2_v1.0.1_HML-2_10p12.1
10p12.1	HG01978	mat	TypeI	1	HG01978_mat_hprc_r2_v1.1.0_HML-2_10p12.1
10p12.1	HG01978	pat	TypeI	1	HG01978_pat_hprc_r2_v1.1.0_HML-2_10p12.1
10p12.1	HG01981	mat	TypeI	1	HG01981_mat_hprc_r2_v1.0.1_HML-2_10p12.1
10p12.1	HG01981	pat	TypeI	1	HG01981_pat_hprc_r2_v1.0.1_HML-2_10p12.1
10p12.1	HG01993	mat	TypeI	1	HG01993_mat_hprc_r2_v1.0.1_HML-2_10p12.1
10p12.1	HG01993	pat	TypeI	1	HG01993_pat_hprc_r2_v1.0.1_HML-2_10p12.1
10p12.1	HG02004	mat	TypeI	1	HG02004_mat_hprc_r2_v1.0.1_HML-2_10p12.1
10p12.1	HG02004	pat	TypeI	1	HG02004_pat_hprc_r2_v1.0.1_HML-2_10p12.1
10p12.1	HG02011	h1	TypeI	1	HG02011_h1_HML-2_10p12.1_graph_hgsvc3-2024-02-23-mc-chm13
10p12.1	HG02011	h2	TypeI	1	HG02011_h2_HML-2_10p12.1_graph_hgsvc3-2024-02-23-mc-chm13
10p12.1	HG02015	mat	TypeI	1	HG02015_mat_hprc_r2_v1.0.1_HML-2_10p12.1
10p12.1	HG02015	pat	TypeI	1	HG02015_pat_hprc_r2_v1.0.1_HML-2_10p12.1
10p12.1	HG02018	h1	TypeI	1	HG02018_h1_HML-2_10p12.1_graph_hgsvc3-2024-02-23-mc-chm13
10p12.1	HG02018	h2	TypeI	1	HG02018_h2_HML-2_10p12.1_graph_hgsvc3-2024-02-23-mc-chm13
10p12.1	HG02027	mat	TypeI	1	HG02027_mat_hprc_r2_v1.0.1_HML-2_10p12.1
10p12.1	HG02027	pat	TypeI	1	HG02027_pat_hprc_r2_v1.0.1_HML-2_10p12.1
10p12.1	HG02040	h1	TypeI	1	HG02040_hap1_hprc_r2_v1.0.1_HML-2_10p12.1
10p12.1	HG02040	h2	TypeI	1	HG02040_hap2_hprc_r2_v1.0.1_HML-2_10p12.1
10p12.1	HG02055	mat	TypeI	1	HG02055_mat_hprc_r2_v1.0.1_HML-2_10p12.1
10p12.1	HG02055	pat	TypeI	1	HG02055_pat_hprc_r2_v1.0.1_HML-2_10p12.1
10p12.1	HG02056	mat	TypeI	1	HG02056_mat_hprc_r2_v1.0.1_HML-2_10p12.1
10p12.1	HG02056	pat	TypeI	1	HG02056_pat_hprc_r2_v1.0.1_HML-2_10p12.1
10p12.1	HG02059	h1	TypeI	1	HG02059_h1_HML-2_10p12.1_graph_hgsvc3-2024-02-23-mc-chm13
10p12.1	HG02059	h2	TypeI	1	HG02059_h2_HML-2_10p12.1_graph_hgsvc3-2024-02-23-mc-chm13
10p12.1	HG02071	mat	TypeI	1	HG02071_mat_hprc_r2_v1.0.1_HML-2_10p12.1
10p12.1	HG02071	pat	TypeI	1	HG02071_pat_hprc_r2_v1.0.1_HML-2_10p12.1
10p12.1	HG02074	mat	TypeI	1	HG02074_mat_hprc_r2_v1.0.1_HML-2_10p12.1
10p12.1	HG02074	pat	TypeI	1	HG02074_pat_hprc_r2_v1.0.1_HML-2_10p12.1
10p12.1	HG02080	mat	TypeI	1	HG02080_mat_hprc_r2_v1.0.1_HML-2_10p12.1
10p12.1	HG02080	pat	TypeI	1	HG02080_pat_hprc_r2_v1.0.1_HML-2_10p12.1
10p12.1	HG02083	mat	TypeI	1	HG02083_mat_hprc_r2_v1.0.1_HML-2_10p12.1
10p12.1	HG02083	pat	TypeI	1	HG02083_pat_hprc_r2_v1.0.1_HML-2_10p12.1
10p12.1	HG02106	h1	TypeI	1	HG02106_h1_HML-2_10p12.1_graph_hgsvc3-2024-02-23-mc-chm13
10p12.1	HG02106	h2	TypeI	1	HG02106_h2_HML-2_10p12.1_graph_hgsvc3-2024-02-23-mc-chm13
10p12.1	HG02109	mat	TypeI	1	HG02109_mat_hprc_r2_v1.0.1_HML-2_10p12.1
10p12.1	HG02109	pat	solo_LTR	1	HG02109_pat_hprc_r2_v1.0.1_HML-2_10p12.1
10p12.1	HG02129	mat	TypeI	1	HG02129_mat_hprc_r2_v1.0.1_HML-2_10p12.1
10p12.1	HG02129	pat	TypeI	1	HG02129_pat_hprc_r2_v1.0.1_HML-2_10p12.1
10p12.1	HG02132	mat	TypeI	1	HG02132_mat_hprc_r2_v1.0.1_HML-2_10p12.1
10p12.1	HG02132	pat	TypeI	1	HG02132_pat_hprc_r2_v1.0.1_HML-2_10p12.1
10p12.1	HG02135	mat	TypeI	1	HG02135_mat_hprc_r2_v1.0.1_HML-2_10p12.1
10p12.1	HG02135	pat	TypeI	1	HG02135_pat_hprc_r2_v1.0.1_HML-2_10p12.1
10p12.1	HG02145	mat	TypeI	1	HG02145_mat_hprc_r2_v1.0.1_HML-2_10p12.1
10p12.1	HG02145	pat	solo_LTR	1	HG02145_pat_hprc_r2_v1.0.1_HML-2_10p12.1
10p12.1	HG02148	mat	TypeI	1	HG02148_mat_hprc_r2_v1.0.1_HML-2_10p12.1
10p12.1	HG02148	pat	TypeI	1	HG02148_pat_hprc_r2_v1.0.1_HML-2_10p12.1
10p12.1	HG02155	h1	TypeI	1	HG02155_hap1_hprc_r2_v1.0.1_HML-2_10p12.1
10p12.1	HG02155	h2	TypeI	1	HG02155_hap2_hprc_r2_v1.0.1_HML-2_10p12.1
10p12.1	HG02165	h1	TypeI	1	HG02165_hap1_hprc_r2_v1.0.1_HML-2_10p12.1
10p12.1	HG02165	h2	TypeI	1	HG02165_hap2_hprc_r2_v1.0.1_HML-2_10p12.1
10p12.1	HG02178	h1	TypeI	1	HG02178_hap1_hprc_r2_v1.0.1_HML-2_10p12.1
10p12.1	HG02178	h2	TypeI	1	HG02178_hap2_hprc_r2_v1.0.1_HML-2_10p12.1
10p12.1	HG02257	mat	TypeI	1	HG02257_mat_hprc_r2_v1.1.0_HML-2_10p12.1
10p12.1	HG02257	pat	TypeI	1	HG02257_pat_hprc_r2_v1.1.0_HML-2_10p12.1
10p12.1	HG02258	mat	TypeI	1	HG02258_mat_hprc_r2_v1.0.1_HML-2_10p12.1
10p12.1	HG02258	pat	solo_LTR	1	HG02258_pat_hprc_r2_v1.0.1_HML-2_10p12.1
10p12.1	HG02273	h1	TypeI	1	HG02273_hap1_hprc_r2_v1.0.1_HML-2_10p12.1
10p12.1	HG02273	h2	TypeI	1	HG02273_hap2_hprc_r2_v1.0.1_HML-2_10p12.1
10p12.1	HG02280	mat	TypeI	1	HG02280_mat_hprc_r2_v1.0.1_HML-2_10p12.1
10p12.1	HG02280	pat	TypeI	1	HG02280_pat_hprc_r2_v1.0.1_HML-2_10p12.1
10p12.1	HG02282	h1	TypeI	1	HG02282_h1_HML-2_10p12.1_graph_hgsvc3-2024-02-23-mc-chm13
10p12.1	HG02282	h2	TypeI	1	HG02282_h2_HML-2_10p12.1_graph_hgsvc3-2024-02-23-mc-chm13
10p12.1	HG02293	mat	TypeI	1	HG02293_mat_hprc_r2_v1.0.1_HML-2_10p12.1
10p12.1	HG02293	pat	TypeI	1	HG02293_pat_hprc_r2_v1.0.1_HML-2_10p12.1
10p12.1	HG02300	mat	TypeI	1	HG02300_mat_hprc_r2_v1.0.1_HML-2_10p12.1
10p12.1	HG02300	pat	TypeI	1	HG02300_pat_hprc_r2_v1.0.1_HML-2_10p12.1
10p12.1	HG02391	h1	TypeI	1	HG02391_hap1_hprc_r2_v1.0.1_HML-2_10p12.1
10p12.1	HG02391	h2	TypeI	1	HG02391_hap2_hprc_r2_v1.0.1_HML-2_10p12.1
10p12.1	HG02392	h1	TypeI	1	HG02392_hap1_hprc_r2_v1.0.1_HML-2_10p12.1
10p12.1	HG02392	h2	TypeI	1	HG02392_hap2_hprc_r2_v1.0.1_HML-2_10p12.1
10p12.1	HG02451	mat	TypeI	1	HG02451_mat_hprc_r2_v1.0.1_HML-2_10p12.1
10p12.1	HG02451	pat	TypeI	1	HG02451_pat_hprc_r2_v1.0.1_HML-2_10p12.1
10p12.1	HG02486	mat	TypeI	1	HG02486_mat_hprc_r2_v1.0.1_HML-2_10p12.1
10p12.1	HG02486	pat	TypeI	1	HG02486_pat_hprc_r2_v1.0.1_HML-2_10p12.1
10p12.1	HG02492	h1	TypeI	1	HG02492_h1_HML-2_10p12.1_graph_hgsvc3-2024-02-23-mc-chm13
10p12.1	HG02492	h2	TypeI	1	HG02492_h2_HML-2_10p12.1_graph_hgsvc3-2024-02-23-mc-chm13
10p12.1	HG02514	mat	TypeI	1	HG02514_mat_hprc_r2_v1.0.1_HML-2_10p12.1
10p12.1	HG02514	pat	TypeI	1	HG02514_pat_hprc_r2_v1.0.1_HML-2_10p12.1
10p12.1	HG02523	mat	TypeI	1	HG02523_mat_hprc_r2_v1.0.1_HML-2_10p12.1
10p12.1	HG02523	pat	TypeI	1	HG02523_pat_hprc_r2_v1.0.1_HML-2_10p12.1
10p12.1	HG02554	h1	TypeI	1	HG02554_h1_HML-2_10p12.1_graph_hgsvc3-2024-02-23-mc-chm13
10p12.1	HG02554	h2	TypeI	1	HG02554_h2_HML-2_10p12.1_graph_hgsvc3-2024-02-23-mc-chm13
10p12.1	HG02559	mat	TypeI	1	HG02559_mat_hprc_r2_v1.0.1_HML-2_10p12.1
10p12.1	HG02559	pat	solo_LTR	1	HG02559_pat_hprc_r2_v1.0.1_HML-2_10p12.1
10p12.1	HG02572	mat	TypeI	1	HG02572_mat_hprc_r2_v1.0.1_HML-2_10p12.1
10p12.1	HG02572	pat	TypeI	1	HG02572_pat_hprc_r2_v1.0.1_HML-2_10p12.1
10p12.1	HG02583	h1	TypeI	1	HG02583_hap1_hprc_r2_v1.0.1_HML-2_10p12.1
10p12.1	HG02583	h2	solo_LTR	1	HG02583_hap2_hprc_r2_v1.0.1_HML-2_10p12.1
10p12.1	HG02587	h1	TypeI	1	HG02587_h1_HML-2_10p12.1_graph_hgsvc3-2024-02-23-mc-chm13
10p12.1	HG02587	h2	TypeI	1	HG02587_h2_HML-2_10p12.1_graph_hgsvc3-2024-02-23-mc-chm13
10p12.1	HG02602	mat	TypeI	1	HG02602_mat_hprc_r2_v1.0.1_HML-2_10p12.1
10p12.1	HG02602	pat	TypeI	1	HG02602_pat_hprc_r2_v1.0.1_HML-2_10p12.1
10p12.1	HG02615	mat	TypeI	1	HG02615_mat_hprc_r2_v1.0.1_HML-2_10p12.1
10p12.1	HG02615	pat	TypeI	1	HG02615_pat_hprc_r2_v1.0.1_HML-2_10p12.1
10p12.1	HG02622	mat	TypeI	1	HG02622_mat_hprc_r2_v1.0.1_HML-2_10p12.1
10p12.1	HG02622	pat	solo_LTR	1	HG02622_pat_hprc_r2_v1.0.1_HML-2_10p12.1
10p12.1	HG02630	mat	TypeI	1	HG02630_mat_hprc_r2_v1.0.1_HML-2_10p12.1
10p12.1	HG02630	pat	TypeI	1	HG02630_pat_hprc_r2_v1.0.1_HML-2_10p12.1
10p12.1	HG02647	mat	TypeI	1	HG02647_mat_hprc_r2_v1.0.1_HML-2_10p12.1
10p12.1	HG02647	pat	TypeI	1	HG02647_pat_hprc_r2_v1.0.1_HML-2_10p12.1
10p12.1	HG02666	h1	TypeI	1	HG02666_h1_HML-2_10p12.1_graph_hgsvc3-2024-02-23-mc-chm13
10p12.1	HG02666	h2	TypeI	1	HG02666_h2_HML-2_10p12.1_graph_hgsvc3-2024-02-23-mc-chm13
10p12.1	HG02668	mat	TypeI	1	HG02668_mat_hprc_r2_v1.0.1_HML-2_10p12.1
10p12.1	HG02668	pat	TypeI	1	HG02668_pat_hprc_r2_v1.0.1_HML-2_10p12.1
10p12.1	HG02698	mat	TypeI	1	HG02698_mat_hprc_r2_v1.0.1_HML-2_10p12.1
10p12.1	HG02698	pat	TypeI	1	HG02698_pat_hprc_r2_v1.0.1_HML-2_10p12.1
10p12.1	HG02717	mat	TypeI	1	HG02717_mat_hprc_r2_v1.0.1_HML-2_10p12.1
10p12.1	HG02717	pat	TypeI	1	HG02717_pat_hprc_r2_v1.0.1_HML-2_10p12.1
10p12.1	HG02723	mat	TypeI	1	HG02723_mat_hprc_r2_v1.0.1_HML-2_10p12.1
10p12.1	HG02723	pat	TypeI	1	HG02723_pat_hprc_r2_v1.0.1_HML-2_10p12.1
10p12.1	HG02735	mat	TypeI	1	HG02735_mat_hprc_r2_v1.0.1_HML-2_10p12.1
10p12.1	HG02735	pat	TypeI	1	HG02735_pat_hprc_r2_v1.0.1_HML-2_10p12.1
10p12.1	HG02738	mat	TypeI	1	HG02738_mat_hprc_r2_v1.0.1_HML-2_10p12.1
10p12.1	HG02738	pat	TypeI	1	HG02738_pat_hprc_r2_v1.0.1_HML-2_10p12.1
10p12.1	HG02769	h1	TypeI	1	HG02769_h1_HML-2_10p12.1_graph_hgsvc3-2024-02-23-mc-chm13
10p12.1	HG02769	h2	TypeI	1	HG02769_h2_HML-2_10p12.1_graph_hgsvc3-2024-02-23-mc-chm13
10p12.1	HG02809	mat	TypeI	1	HG02809_mat_hprc_r2_v1.0.1_HML-2_10p12.1
10p12.1	HG02809	pat	TypeI	1	HG02809_pat_hprc_r2_v1.0.1_HML-2_10p12.1
10p12.1	HG02818	mat	TypeI	1	HG02818_mat_hprc_r2_v1.0.1_HML-2_10p12.1
10p12.1	HG02818	pat	TypeI	1	HG02818_pat_hprc_r2_v1.0.1_HML-2_10p12.1
10p12.1	HG02841	mat	solo_LTR	1	HG02841_mat_hprc_r2_v1.0.1_HML-2_10p12.1
10p12.1	HG02841	pat	TypeI	1	HG02841_pat_hprc_r2_v1.0.1_HML-2_10p12.1
10p12.1	HG02886	mat	TypeI	1	HG02886_mat_hprc_r2_v1.0.1_HML-2_10p12.1
10p12.1	HG02886	pat	TypeI	1	HG02886_pat_hprc_r2_v1.0.1_HML-2_10p12.1
10p12.1	HG02922	h1	TypeI	1	HG02922_hap1_hprc_r2_v1.0.1_HML-2_10p12.1
10p12.1	HG02922	h2	TypeI	1	HG02922_hap2_hprc_r2_v1.0.1_HML-2_10p12.1
10p12.1	HG02953	h1	TypeI	1	HG02953_h1_HML-2_10p12.1_graph_hgsvc3-2024-02-23-mc-chm13
10p12.1	HG02953	h2	TypeI	1	HG02953_h2_HML-2_10p12.1_graph_hgsvc3-2024-02-23-mc-chm13
10p12.1	HG02965	h1	solo_LTR	1	HG02965_hap1_hprc_r2_v1.0.1_HML-2_10p12.1
10p12.1	HG02965	h2	TypeI	1	HG02965_hap2_hprc_r2_v1.0.1_HML-2_10p12.1
10p12.1	HG02976	h1	TypeI	1	HG02976_hap1_hprc_r2_v1.0.1_HML-2_10p12.1
10p12.1	HG02976	h2	TypeI	1	HG02976_hap2_hprc_r2_v1.0.1_HML-2_10p12.1
10p12.1	HG02984	mat	TypeI	1	HG02984_mat_hprc_r2_v1.0.1_HML-2_10p12.1
10p12.1	HG02984	pat	TypeI	1	HG02984_pat_hprc_r2_v1.0.1_HML-2_10p12.1
10p12.1	HG03009	h1	TypeI	1	HG03009_h1_HML-2_10p12.1_graph_hgsvc3-2024-02-23-mc-chm13
10p12.1	HG03009	h2	TypeI	1	HG03009_h2_HML-2_10p12.1_graph_hgsvc3-2024-02-23-mc-chm13
10p12.1	HG03017	mat	TypeI	1	HG03017_mat_hprc_r2_v1.0.1_HML-2_10p12.1
10p12.1	HG03017	pat	TypeI	1	HG03017_pat_hprc_r2_v1.0.1_HML-2_10p12.1
10p12.1	HG03041	mat	TypeI	1	HG03041_mat_hprc_r2_v1.0.1_HML-2_10p12.1
10p12.1	HG03041	pat	TypeI	1	HG03041_pat_hprc_r2_v1.0.1_HML-2_10p12.1
10p12.1	HG03050	mat	solo_LTR	1	HG03050_mat_hprc_r2_v1.0.1_HML-2_10p12.1
10p12.1	HG03050	pat	TypeI	1	HG03050_pat_hprc_r2_v1.0.1_HML-2_10p12.1
10p12.1	HG03065	h1	TypeI	1	HG03065_h1_HML-2_10p12.1_graph_hgsvc3-2024-02-23-mc-chm13
10p12.1	HG03065	h2	TypeI	1	HG03065_h2_HML-2_10p12.1_graph_hgsvc3-2024-02-23-mc-chm13
10p12.1	HG03098	mat	TypeI	1	HG03098_mat_hprc_r2_v1.0.1_HML-2_10p12.1
10p12.1	HG03098	pat	TypeI	1	HG03098_pat_hprc_r2_v1.0.1_HML-2_10p12.1
10p12.1	HG03130	h1	TypeI	1	HG03130_hap1_hprc_r2_v1.0.1_HML-2_10p12.1
10p12.1	HG03130	h2	TypeI	1	HG03130_hap2_hprc_r2_v1.0.1_HML-2_10p12.1
10p12.1	HG03139	h1	TypeI	1	HG03139_hap1_hprc_r2_v1.0.1_HML-2_10p12.1
10p12.1	HG03139	h2	solo_LTR	1	HG03139_hap2_hprc_r2_v1.0.1_HML-2_10p12.1
10p12.1	HG03195	h1	TypeI	1	HG03195_hap1_hprc_r2_v1.0.1_HML-2_10p12.1
10p12.1	HG03195	h2	TypeI	1	HG03195_hap2_hprc_r2_v1.0.1_HML-2_10p12.1
10p12.1	HG03209	h1	TypeI	1	HG03209_hap1_hprc_r2_v1.0.1_HML-2_10p12.1
10p12.1	HG03209	h2	TypeI	1	HG03209_hap2_hprc_r2_v1.0.1_HML-2_10p12.1
10p12.1	HG03225	h1	TypeI	1	HG03225_hap1_hprc_r2_v1.0.1_HML-2_10p12.1
10p12.1	HG03225	h2	TypeI	1	HG03225_hap2_hprc_r2_v1.0.1_HML-2_10p12.1
10p12.1	HG03239	mat	TypeI	1	HG03239_mat_hprc_r2_v1.0.1_HML-2_10p12.1
10p12.1	HG03239	pat	TypeI	1	HG03239_pat_hprc_r2_v1.0.1_HML-2_10p12.1
10p12.1	HG03248	h1	TypeI	1	HG03248_h1_HML-2_10p12.1_graph_hgsvc3-2024-02-23-mc-chm13
10p12.1	HG03248	h2	TypeI	1	HG03248_h2_HML-2_10p12.1_graph_hgsvc3-2024-02-23-mc-chm13
10p12.1	HG03270	h1	solo_LTR	1	HG03270_hap1_hprc_r2_v1.0.1_HML-2_10p12.1
10p12.1	HG03270	h2	TypeI	1	HG03270_hap2_hprc_r2_v1.0.1_HML-2_10p12.1
10p12.1	HG03369	h1	TypeI	1	HG03369_hap1_hprc_r2_v1.0.1_HML-2_10p12.1
10p12.1	HG03369	h2	TypeI	1	HG03369_hap2_hprc_r2_v1.0.1_HML-2_10p12.1
10p12.1	HG03371	h1	TypeI	1	HG03371_h1_HML-2_10p12.1_graph_hgsvc3-2024-02-23-mc-chm13
10p12.1	HG03371	h2	TypeI	1	HG03371_h2_HML-2_10p12.1_graph_hgsvc3-2024-02-23-mc-chm13
10p12.1	HG03452	h1	TypeI	1	HG03452_h1_HML-2_10p12.1_graph_hgsvc3-2024-02-23-mc-chm13
10p12.1	HG03452	h2	TypeI	1	HG03452_h2_HML-2_10p12.1_graph_hgsvc3-2024-02-23-mc-chm13
10p12.1	HG03453	mat	TypeI	1	HG03453_mat_hprc_r2_v1.0.1_HML-2_10p12.1
10p12.1	HG03453	pat	TypeI	1	HG03453_pat_hprc_r2_v1.0.1_HML-2_10p12.1
10p12.1	HG03456	h1	TypeI	1	HG03456_h1_HML-2_10p12.1_graph_hgsvc3-2024-02-23-mc-chm13
10p12.1	HG03456	h2	TypeI	1	HG03456_h2_HML-2_10p12.1_graph_hgsvc3-2024-02-23-mc-chm13
10p12.1	HG03470	h1	TypeI	1	HG03470_hap1_hprc_r2_v1.0.1_HML-2_10p12.1
10p12.1	HG03470	h2	TypeI	1	HG03470_hap2_hprc_r2_v1.0.1_HML-2_10p12.1
10p12.1	HG03471	h1	solo_LTR	1	HG03471_hap1_hprc_r2_v1.0.1_HML-2_10p12.1
10p12.1	HG03471	h2	TypeI	1	HG03471_hap2_hprc_r2_v1.0.1_HML-2_10p12.1
10p12.1	HG03486	mat	solo_LTR	1	HG03486_mat_hprc_r2_v1.0.1_HML-2_10p12.1
10p12.1	HG03486	pat	TypeI	1	HG03486_pat_hprc_r2_v1.0.1_HML-2_10p12.1
10p12.1	HG03516	mat	TypeI	1	HG03516_mat_hprc_r2_v1.1.0_HML-2_10p12.1
10p12.1	HG03516	pat	solo_LTR	1	HG03516_pat_hprc_r2_v1.1.0_HML-2_10p12.1
10p12.1	HG03520	h1	solo_LTR	1	HG03520_h1_HML-2_10p12.1_graph_hgsvc3-2024-02-23-mc-chm13
10p12.1	HG03520	h2	TypeI	1	HG03520_h2_HML-2_10p12.1_graph_hgsvc3-2024-02-23-mc-chm13
10p12.1	HG03521	h1	TypeI	1	HG03521_hap1_hprc_r2_v1.0.1_HML-2_10p12.1
10p12.1	HG03521	h2	TypeI	1	HG03521_hap2_hprc_r2_v1.0.1_HML-2_10p12.1
10p12.1	HG03540	mat	TypeI	1	HG03540_mat_hprc_r2_v1.0.1_HML-2_10p12.1
10p12.1	HG03540	pat	TypeI	1	HG03540_pat_hprc_r2_v1.0.1_HML-2_10p12.1
10p12.1	HG03579	mat	TypeI	1	HG03579_mat_hprc_r2_v1.0.1_HML-2_10p12.1
10p12.1	HG03579	pat	TypeI	1	HG03579_pat_hprc_r2_v1.0.1_HML-2_10p12.1
10p12.1	HG03583	h1	TypeI	1	HG03583_hap1_hprc_r2_v1.0.1_HML-2_10p12.1
10p12.1	HG03583	h2	TypeI	1	HG03583_hap2_hprc_r2_v1.0.1_HML-2_10p12.1
10p12.1	HG03654	mat	TypeI	1	HG03654_mat_hprc_r2_v1.0.1_HML-2_10p12.1
10p12.1	HG03654	pat	TypeI	1	HG03654_pat_hprc_r2_v1.0.1_HML-2_10p12.1
10p12.1	HG03669	mat	TypeI	1	HG03669_mat_hprc_r2_v1.0.1_HML-2_10p12.1
10p12.1	HG03669	pat	TypeI	1	HG03669_pat_hprc_r2_v1.0.1_HML-2_10p12.1
10p12.1	HG03683	h1	TypeI	1	HG03683_h1_HML-2_10p12.1_graph_hgsvc3-2024-02-23-mc-chm13
10p12.1	HG03683	h2	TypeI	1	HG03683_h2_HML-2_10p12.1_graph_hgsvc3-2024-02-23-mc-chm13
10p12.1	HG03688	mat	TypeI	1	HG03688_mat_hprc_r2_v1.0.1_HML-2_10p12.1
10p12.1	HG03688	pat	TypeI	1	HG03688_pat_hprc_r2_v1.0.1_HML-2_10p12.1
10p12.1	HG03704	mat	TypeI	1	HG03704_mat_hprc_r2_v1.0.1_HML-2_10p12.1
10p12.1	HG03704	pat	TypeI	1	HG03704_pat_hprc_r2_v1.0.1_HML-2_10p12.1
10p12.1	HG03710	mat	TypeI	1	HG03710_mat_hprc_r2_v1.0.1_HML-2_10p12.1
10p12.1	HG03710	pat	TypeI	1	HG03710_pat_hprc_r2_v1.0.1_HML-2_10p12.1
10p12.1	HG03732	h1	TypeI	1	HG03732_h1_HML-2_10p12.1_graph_hgsvc3-2024-02-23-mc-chm13
10p12.1	HG03732	h2	TypeI	1	HG03732_h2_HML-2_10p12.1_graph_hgsvc3-2024-02-23-mc-chm13
10p12.1	HG03742	h1	TypeI	1	HG03742_hap1_hprc_r2_v1.0.1_HML-2_10p12.1
10p12.1	HG03742	h2	TypeI	1	HG03742_hap2_hprc_r2_v1.0.1_HML-2_10p12.1
10p12.1	HG03784	h1	TypeI	1	HG03784_hap1_hprc_r2_v1.0.1_HML-2_10p12.1
10p12.1	HG03784	h2	TypeI	1	HG03784_hap2_hprc_r2_v1.0.1_HML-2_10p12.1
10p12.1	HG03804	mat	TypeI	1	HG03804_mat_hprc_r2_v1.0.1_HML-2_10p12.1
10p12.1	HG03804	pat	TypeI	1	HG03804_pat_hprc_r2_v1.0.1_HML-2_10p12.1
10p12.1	HG03807	h1	TypeI	1	HG03807_h1_HML-2_10p12.1_graph_hgsvc3-2024-02-23-mc-chm13
10p12.1	HG03807	h2	TypeI	1	HG03807_h2_HML-2_10p12.1_graph_hgsvc3-2024-02-23-mc-chm13
10p12.1	HG03816	mat	TypeI	1	HG03816_mat_hprc_r2_v1.0.1_HML-2_10p12.1
10p12.1	HG03816	pat	TypeI	2	HG03816_pat_hprc_r2_v1.0.1_HML-2_10p12.1_MULTI_part1|HG03816_pat_hprc_r2_v1.0.1_HML-2_10p12.1_MULTI_part2
10p12.1	HG03831	mat	TypeI	1	HG03831_mat_hprc_r2_v1.0.1_HML-2_10p12.1
10p12.1	HG03831	pat	TypeI	1	HG03831_pat_hprc_r2_v1.0.1_HML-2_10p12.1
10p12.1	HG03834	mat	TypeI	1	HG03834_mat_hprc_r2_v1.0.1_HML-2_10p12.1
10p12.1	HG03834	pat	TypeI	1	HG03834_pat_hprc_r2_v1.0.1_HML-2_10p12.1
10p12.1	HG03874	h1	TypeI	1	HG03874_hap1_hprc_r2_v1.0.1_HML-2_10p12.1
10p12.1	HG03874	h2	TypeI	1	HG03874_hap2_hprc_r2_v1.0.1_HML-2_10p12.1
10p12.1	HG03927	mat	TypeI	1	HG03927_mat_hprc_r2_v1.0.1_HML-2_10p12.1
10p12.1	HG03927	pat	TypeI	1	HG03927_pat_hprc_r2_v1.0.1_HML-2_10p12.1
10p12.1	HG03942	mat	TypeI	1	HG03942_mat_hprc_r2_v1.0.1_HML-2_10p12.1
10p12.1	HG03942	pat	TypeI	1	HG03942_pat_hprc_r2_v1.0.1_HML-2_10p12.1
10p12.1	HG04036	h1	TypeI	1	HG04036_h1_HML-2_10p12.1_graph_hgsvc3-2024-02-23-mc-chm13
10p12.1	HG04036	h2	TypeI	1	HG04036_h2_HML-2_10p12.1_graph_hgsvc3-2024-02-23-mc-chm13
10p12.1	HG04115	mat	TypeI	1	HG04115_mat_hprc_r2_v1.0.1_HML-2_10p12.1
10p12.1	HG04115	pat	TypeI	1	HG04115_pat_hprc_r2_v1.0.1_HML-2_10p12.1
10p12.1	HG04157	mat	TypeI	1	HG04157_mat_hprc_r2_v1.0.1_HML-2_10p12.1
10p12.1	HG04157	pat	TypeI	1	HG04157_pat_hprc_r2_v1.0.1_HML-2_10p12.1
10p12.1	HG04160	mat	TypeI	1	HG04160_mat_hprc_r2_v1.0.1_HML-2_10p12.1
10p12.1	HG04160	pat	TypeI	1	HG04160_pat_hprc_r2_v1.0.1_HML-2_10p12.1
10p12.1	HG04184	mat	TypeI	1	HG04184_mat_hprc_r2_v1.0.1_HML-2_10p12.1
10p12.1	HG04184	pat	TypeI	1	HG04184_pat_hprc_r2_v1.0.1_HML-2_10p12.1
10p12.1	HG04187	mat	TypeI	1	HG04187_mat_hprc_r2_v1.0.1_HML-2_10p12.1
10p12.1	HG04187	pat	TypeI	1	HG04187_pat_hprc_r2_v1.0.1_HML-2_10p12.1
10p12.1	HG04199	mat	TypeI	1	HG04199_mat_hprc_r2_v1.0.1_HML-2_10p12.1
10p12.1	HG04199	pat	TypeI	1	HG04199_pat_hprc_r2_v1.0.1_HML-2_10p12.1
10p12.1	HG04204	mat	TypeI	1	HG04204_mat_hprc_r2_v1.0.1_HML-2_10p12.1
10p12.1	HG04204	pat	TypeI	1	HG04204_pat_hprc_r2_v1.0.1_HML-2_10p12.1
10p12.1	HG04217	h1	TypeI	1	HG04217_h1_HML-2_10p12.1_graph_hgsvc3-2024-02-23-mc-chm13
10p12.1	HG04217	h2	TypeI	1	HG04217_h2_HML-2_10p12.1_graph_hgsvc3-2024-02-23-mc-chm13
10p12.1	HG04228	mat	TypeI	1	HG04228_mat_hprc_r2_v1.0.1_HML-2_10p12.1
10p12.1	HG04228	pat	TypeI	1	HG04228_pat_hprc_r2_v1.0.1_HML-2_10p12.1
10p12.1	HG06807	mat	TypeI	1	HG06807_mat_v1.0.genbank_HML-2_10p12.1
10p12.1	HG06807	pat	TypeI	1	HG06807_pat_v1.0.genbank_HML-2_10p12.1
10p12.1	NA12329	h1	TypeI	1	NA12329_h1_HML-2_10p12.1_graph_hgsvc3-2024-02-23-mc-chm13
10p12.1	NA12329	h2	TypeI	1	NA12329_h2_HML-2_10p12.1_graph_hgsvc3-2024-02-23-mc-chm13
10p12.1	NA18505	h1	TypeI	1	NA18505_hap1_hprc_r2_v1.0.1_HML-2_10p12.1
10p12.1	NA18505	h2	TypeI	1	NA18505_hap2_hprc_r2_v1.0.1_HML-2_10p12.1
10p12.1	NA18508	h1	TypeI	1	NA18508_hap1_hprc_r2_v1.0.1_HML-2_10p12.1
10p12.1	NA18508	h2	TypeI	1	NA18508_hap2_hprc_r2_v1.0.1_HML-2_10p12.1
10p12.1	NA18522	h1	TypeI	1	NA18522_hap1_hprc_r2_v1.0.1_HML-2_10p12.1
10p12.1	NA18522	h2	TypeI	1	NA18522_hap2_hprc_r2_v1.0.1_HML-2_10p12.1
10p12.1	NA18534	h1	TypeI	1	NA18534_h1_HML-2_10p12.1_graph_hgsvc3-2024-02-23-mc-chm13
10p12.1	NA18534	h2	TypeI	1	NA18534_h2_HML-2_10p12.1_graph_hgsvc3-2024-02-23-mc-chm13
10p12.1	NA18565	h1	TypeI	1	NA18565_hap1_hprc_r2_v1.0.1_HML-2_10p12.1
10p12.1	NA18565	h2	TypeI	1	NA18565_hap2_hprc_r2_v1.0.1_HML-2_10p12.1
10p12.1	NA18570	h1	TypeI	1	NA18570_hap1_hprc_r2_v1.0.1_HML-2_10p12.1
10p12.1	NA18570	h2	TypeI	1	NA18570_hap2_hprc_r2_v1.0.1_HML-2_10p12.1
10p12.1	NA18608	h1	TypeI	1	NA18608_hap1_hprc_r2_v1.0.1_HML-2_10p12.1
10p12.1	NA18608	h2	TypeI	1	NA18608_hap2_hprc_r2_v1.0.1_HML-2_10p12.1
10p12.1	NA18620	h1	TypeI	1	NA18620_hap1_hprc_r2_v1.0.1_HML-2_10p12.1
10p12.1	NA18620	h2	TypeI	1	NA18620_hap2_hprc_r2_v1.0.1_HML-2_10p12.1
10p12.1	NA18747	h1	TypeI	1	NA18747_hap1_hprc_r2_v1.0.1_HML-2_10p12.1
10p12.1	NA18747	h2	TypeI	1	NA18747_hap2_hprc_r2_v1.0.1_HML-2_10p12.1
10p12.1	NA18879	h1	TypeI	1	NA18879_hap1_hprc_r2_v1.0.1_HML-2_10p12.1
10p12.1	NA18879	h2	TypeI	1	NA18879_hap2_hprc_r2_v1.0.1_HML-2_10p12.1
10p12.1	NA18906	mat	TypeI	1	NA18906_mat_hprc_r2_v1.0.1_HML-2_10p12.1
10p12.1	NA18906	pat	TypeI	1	NA18906_pat_hprc_r2_v1.0.1_HML-2_10p12.1
10p12.1	NA18939	h1	TypeI	1	NA18939_h1_HML-2_10p12.1_graph_hgsvc3-2024-02-23-mc-chm13
10p12.1	NA18939	h2	TypeI	1	NA18939_h2_HML-2_10p12.1_graph_hgsvc3-2024-02-23-mc-chm13
10p12.1	NA18940	h1	TypeI	1	NA18940_hap1_hprc_r2_v1.0.1_HML-2_10p12.1
10p12.1	NA18940	h2	TypeI	1	NA18940_hap2_hprc_r2_v1.0.1_HML-2_10p12.1
10p12.1	NA18943	h1	TypeI	1	NA18943_hap1_hprc_r2_v1.0.1_HML-2_10p12.1
10p12.1	NA18943	h2	TypeI	1	NA18943_hap2_hprc_r2_v1.0.1_HML-2_10p12.1
10p12.1	NA18944	h1	TypeI	1	NA18944_hap1_hprc_r2_v1.0.1_HML-2_10p12.1
10p12.1	NA18944	h2	TypeI	1	NA18944_hap2_hprc_r2_v1.0.1_HML-2_10p12.1
10p12.1	NA18945	h1	TypeI	1	NA18945_hap1_hprc_r2_v1.0.1_HML-2_10p12.1
10p12.1	NA18945	h2	TypeI	1	NA18945_hap2_hprc_r2_v1.0.1_HML-2_10p12.1
10p12.1	NA18948	h1	TypeI	1	NA18948_hap1_hprc_r2_v1.0.1_HML-2_10p12.1
10p12.1	NA18948	h2	TypeI	1	NA18948_hap2_hprc_r2_v1.0.1_HML-2_10p12.1
10p12.1	NA18952	h1	TypeI	1	NA18952_hap1_hprc_r2_v1.0.1_HML-2_10p12.1
10p12.1	NA18952	h2	TypeI	1	NA18952_hap2_hprc_r2_v1.0.1_HML-2_10p12.1
10p12.1	NA18959	h1	TypeI	1	NA18959_hap1_hprc_r2_v1.0.1_HML-2_10p12.1
10p12.1	NA18959	h2	TypeI	1	NA18959_hap2_hprc_r2_v1.0.1_HML-2_10p12.1
10p12.1	NA18960	h1	TypeI	1	NA18960_hap1_hprc_r2_v1.0.1_HML-2_10p12.1
10p12.1	NA18960	h2	TypeI	1	NA18960_hap2_hprc_r2_v1.0.1_HML-2_10p12.1
10p12.1	NA18967	h1	TypeI	1	NA18967_hap1_hprc_r2_v1.0.1_HML-2_10p12.1
10p12.1	NA18967	h2	TypeI	1	NA18967_hap2_hprc_r2_v1.0.1_HML-2_10p12.1
10p12.1	NA18970	h1	TypeI	1	NA18970_hap1_hprc_r2_v1.0.1_HML-2_10p12.1
10p12.1	NA18970	h2	TypeI	1	NA18970_hap2_hprc_r2_v1.0.1_HML-2_10p12.1
10p12.1	NA18971	h1	TypeI	1	NA18971_hap1_hprc_r2_v1.0.1_HML-2_10p12.1
10p12.1	NA18971	h2	TypeI	1	NA18971_hap2_hprc_r2_v1.0.1_HML-2_10p12.1
10p12.1	NA18974	h1	TypeI	1	NA18974_hap1_hprc_r2_v1.0.1_HML-2_10p12.1
10p12.1	NA18974	h2	TypeI	1	NA18974_hap2_hprc_r2_v1.0.1_HML-2_10p12.1
10p12.1	NA18976	h1	TypeI	1	NA18976_hap1_hprc_r2_v1.0.1_HML-2_10p12.1
10p12.1	NA18976	h2	TypeI	1	NA18976_hap2_hprc_r2_v1.0.1_HML-2_10p12.1
10p12.1	NA18982	h1	TypeI	1	NA18982_hap1_hprc_r2_v1.0.1_HML-2_10p12.1
10p12.1	NA18982	h2	TypeI	1	NA18982_hap2_hprc_r2_v1.0.1_HML-2_10p12.1
10p12.1	NA18983	h1	TypeI	1	NA18983_hap1_hprc_r2_v1.0.1_HML-2_10p12.1
10p12.1	NA18983	h2	TypeI	1	NA18983_hap2_hprc_r2_v1.0.1_HML-2_10p12.1
10p12.1	NA18989	h1	TypeI	1	NA18989_h1_HML-2_10p12.1_graph_hgsvc3-2024-02-23-mc-chm13
10p12.1	NA18989	h2	TypeI	1	NA18989_h2_HML-2_10p12.1_graph_hgsvc3-2024-02-23-mc-chm13
10p12.1	NA19036	h1	TypeI	1	NA19036_hap1_hprc_r2_v1.0.1_HML-2_10p12.1
10p12.1	NA19036	h2	TypeI	1	NA19036_hap2_hprc_r2_v1.0.1_HML-2_10p12.1
10p12.1	NA19043	h1	TypeI	1	NA19043_hap1_hprc_r2_v1.0.1_HML-2_10p12.1
10p12.1	NA19043	h2	TypeI	1	NA19043_hap2_hprc_r2_v1.0.1_HML-2_10p12.1
10p12.1	NA19087	h1	TypeI	1	NA19087_hap1_hprc_r2_v1.0.1_HML-2_10p12.1
10p12.1	NA19087	h2	TypeI	1	NA19087_hap2_hprc_r2_v1.0.1_HML-2_10p12.1
10p12.1	NA19129	h1	TypeI	1	NA19129_h1_HML-2_10p12.1_graph_hgsvc3-2024-02-23-mc-chm13
10p12.1	NA19129	h2	TypeI	1	NA19129_h2_HML-2_10p12.1_graph_hgsvc3-2024-02-23-mc-chm13
10p12.1	NA19159	h1	TypeI	1	NA19159_hap1_hprc_r2_v1.0.1_HML-2_10p12.1
10p12.1	NA19159	h2	TypeI	1	NA19159_hap2_hprc_r2_v1.0.1_HML-2_10p12.1
10p12.1	NA19185	h1	TypeI	1	NA19185_hap1_hprc_r2_v1.0.1_HML-2_10p12.1
10p12.1	NA19185	h2	solo_LTR	1	NA19185_hap2_hprc_r2_v1.0.1_HML-2_10p12.1
10p12.1	NA19238	h1	TypeI	1	NA19238_h1_HML-2_10p12.1_graph_hgsvc3-2024-02-23-mc-chm13
10p12.1	NA19238	h2	TypeI	1	NA19238_h2_HML-2_10p12.1_graph_hgsvc3-2024-02-23-mc-chm13
10p12.1	NA19239	h1	TypeI	1	NA19239_h1_HML-2_10p12.1_graph_hgsvc3-2024-02-23-mc-chm13
10p12.1	NA19239	h2	TypeI	1	NA19239_h2_HML-2_10p12.1_graph_hgsvc3-2024-02-23-mc-chm13
10p12.1	NA19240	mat	TypeI	1	NA19240_mat_hprc_r2_v1.0.1_HML-2_10p12.1
10p12.1	NA19240	pat	TypeI	1	NA19240_pat_hprc_r2_v1.0.1_HML-2_10p12.1
10p12.1	NA19317	h1	TypeI	1	NA19317_h1_HML-2_10p12.1_graph_hgsvc3-2024-02-23-mc-chm13
10p12.1	NA19317	h2	TypeI	1	NA19317_h2_HML-2_10p12.1_graph_hgsvc3-2024-02-23-mc-chm13
10p12.1	NA19331	h1	TypeI	1	NA19331_h1_HML-2_10p12.1_graph_hgsvc3-2024-02-23-mc-chm13
10p12.1	NA19331	h2	TypeI	1	NA19331_h2_HML-2_10p12.1_graph_hgsvc3-2024-02-23-mc-chm13
10p12.1	NA19338	h1	TypeI	1	NA19338_hap1_hprc_r2_v1.0.1_HML-2_10p12.1
10p12.1	NA19338	h2	TypeI	1	NA19338_hap2_hprc_r2_v1.0.1_HML-2_10p12.1
10p12.1	NA19347	h1	TypeI	1	NA19347_h1_HML-2_10p12.1_graph_hgsvc3-2024-02-23-mc-chm13
10p12.1	NA19347	h2	TypeI	1	NA19347_h2_HML-2_10p12.1_graph_hgsvc3-2024-02-23-mc-chm13
10p12.1	NA19384	h1	TypeI	1	NA19384_h1_HML-2_10p12.1_graph_hgsvc3-2024-02-23-mc-chm13
10p12.1	NA19384	h2	TypeI	1	NA19384_h2_HML-2_10p12.1_graph_hgsvc3-2024-02-23-mc-chm13
10p12.1	NA19391	h1	TypeI	1	NA19391_hap1_hprc_r2_v1.0.1_HML-2_10p12.1
10p12.1	NA19391	h2	TypeI	1	NA19391_hap2_hprc_r2_v1.0.1_HML-2_10p12.1
10p12.1	NA19434	h1	TypeI	1	NA19434_h1_HML-2_10p12.1_graph_hgsvc3-2024-02-23-mc-chm13
10p12.1	NA19434	h2	solo_LTR	1	NA19434_h2_HML-2_10p12.1_graph_hgsvc3-2024-02-23-mc-chm13
10p12.1	NA19443	h1	TypeI	1	NA19443_hap1_hprc_r2_v1.0.1_HML-2_10p12.1
10p12.1	NA19443	h2	solo_LTR	1	NA19443_hap2_hprc_r2_v1.0.1_HML-2_10p12.1
10p12.1	NA19468	h1	TypeI	1	NA19468_hap1_hprc_r2_v1.0.1_HML-2_10p12.1
10p12.1	NA19468	h2	TypeI	1	NA19468_hap2_hprc_r2_v1.0.1_HML-2_10p12.1
10p12.1	NA19650	h1	TypeI	1	NA19650_h1_HML-2_10p12.1_graph_hgsvc3-2024-02-23-mc-chm13
10p12.1	NA19650	h2	TypeI	1	NA19650_h2_HML-2_10p12.1_graph_hgsvc3-2024-02-23-mc-chm13
10p12.1	NA19682	h1	TypeI	1	NA19682_hap1_hprc_r2_v1.0.1_HML-2_10p12.1
10p12.1	NA19682	h2	TypeI	1	NA19682_hap2_hprc_r2_v1.0.1_HML-2_10p12.1
10p12.1	NA19700	h1	TypeI	1	NA19700_hap1_hprc_r2_v1.0.1_HML-2_10p12.1
10p12.1	NA19700	h2	TypeI	1	NA19700_hap2_hprc_r2_v1.0.1_HML-2_10p12.1
10p12.1	NA19705	h1	TypeI	1	NA19705_h1_HML-2_10p12.1_graph_hgsvc3-2024-02-23-mc-chm13
10p12.1	NA19705	h2	TypeI	1	NA19705_h2_HML-2_10p12.1_graph_hgsvc3-2024-02-23-mc-chm13
10p12.1	NA19776	h1	TypeI	1	NA19776_hap1_hprc_r2_v1.0.1_HML-2_10p12.1
10p12.1	NA19776	h2	TypeI	1	NA19776_hap2_hprc_r2_v1.0.1_HML-2_10p12.1
10p12.1	NA19835	h1	solo_LTR	1	NA19835_hap1_hprc_r2_v1.0.1_HML-2_10p12.1
10p12.1	NA19835	h2	TypeI	1	NA19835_hap2_hprc_r2_v1.0.1_HML-2_10p12.1
10p12.1	NA19836	h1	TypeI	1	NA19836_h1_HML-2_10p12.1_graph_hgsvc3-2024-02-23-mc-chm13
10p12.1	NA19836	h2	TypeI	1	NA19836_h2_HML-2_10p12.1_graph_hgsvc3-2024-02-23-mc-chm13
10p12.1	NA19909	h1	solo_LTR	1	NA19909_hap1_hprc_r2_v1.0.1_HML-2_10p12.1
10p12.1	NA19909	h2	TypeI	1	NA19909_hap2_hprc_r2_v1.0.1_HML-2_10p12.1
10p12.1	NA19983	h1	TypeI	1	NA19983_h1_HML-2_10p12.1_graph_hgsvc3-2024-02-23-mc-chm13
10p12.1	NA19983	h2	TypeI	1	NA19983_h2_HML-2_10p12.1_graph_hgsvc3-2024-02-23-mc-chm13
10p12.1	NA20129	mat	TypeI	1	NA20129_mat_hprc_r2_v1.0.1_HML-2_10p12.1
10p12.1	NA20129	pat	TypeI	1	NA20129_pat_hprc_r2_v1.0.1_HML-2_10p12.1
10p12.1	NA20282	h1	TypeI	1	NA20282_hap1_hprc_r2_v1.0.1_HML-2_10p12.1
10p12.1	NA20282	h2	solo_LTR	1	NA20282_hap2_hprc_r2_v1.0.1_HML-2_10p12.1
10p12.1	NA20346	h1	TypeI	1	NA20346_hap1_hprc_r2_v1.0.1_HML-2_10p12.1
10p12.1	NA20346	h2	TypeI	1	NA20346_hap2_hprc_r2_v1.0.1_HML-2_10p12.1
10p12.1	NA20355	h1	solo_LTR	1	NA20355_h1_HML-2_10p12.1_graph_hgsvc3-2024-02-23-mc-chm13
10p12.1	NA20355	h2	TypeI	1	NA20355_h2_HML-2_10p12.1_graph_hgsvc3-2024-02-23-mc-chm13
10p12.1	NA20503	h1	TypeI	1	NA20503_hap1_hprc_r2_v1.0.1_HML-2_10p12.1
10p12.1	NA20503	h2	TypeI	1	NA20503_hap2_hprc_r2_v1.0.1_HML-2_10p12.1
10p12.1	NA20509	h1	TypeI	1	NA20509_h1_HML-2_10p12.1_graph_hgsvc3-2024-02-23-mc-chm13
10p12.1	NA20509	h2	TypeI	1	NA20509_h2_HML-2_10p12.1_graph_hgsvc3-2024-02-23-mc-chm13
10p12.1	NA20752	h1	TypeI	1	NA20752_hap1_hprc_r2_v1.0.1_HML-2_10p12.1
10p12.1	NA20752	h2	TypeI	1	NA20752_hap2_hprc_r2_v1.0.1_HML-2_10p12.1
10p12.1	NA20762	h1	TypeI	1	NA20762_hap1_hprc_r2_v1.0.1_HML-2_10p12.1
10p12.1	NA20762	h2	TypeI	1	NA20762_hap2_hprc_r2_v1.0.1_HML-2_10p12.1
10p12.1	NA20799	h1	TypeI	1	NA20799_hap1_hprc_r2_v1.0.1_HML-2_10p12.1
10p12.1	NA20799	h2	TypeI	1	NA20799_hap2_hprc_r2_v1.0.1_HML-2_10p12.1
10p12.1	NA20805	h1	TypeI	1	NA20805_hap1_hprc_r2_v1.0.1_HML-2_10p12.1
10p12.1	NA20805	h2	TypeI	1	NA20805_hap2_hprc_r2_v1.0.1_HML-2_10p12.1
10p12.1	NA20806	h1	TypeI	1	NA20806_hap1_hprc_r2_v1.0.1_HML-2_10p12.1
10p12.1	NA20806	h2	TypeI	1	NA20806_hap2_hprc_r2_v1.0.1_HML-2_10p12.1
10p12.1	NA20809	h1	TypeI	1	NA20809_hap1_hprc_r2_v1.0.1_HML-2_10p12.1
10p12.1	NA20809	h2	TypeI	1	NA20809_hap2_hprc_r2_v1.0.1_HML-2_10p12.1
10p12.1	NA20827	h1	TypeI	1	NA20827_hap1_hprc_r2_v1.0.1_HML-2_10p12.1
10p12.1	NA20827	h2	TypeI	1	NA20827_hap2_hprc_r2_v1.0.1_HML-2_10p12.1
10p12.1	NA20847	h1	TypeI	1	NA20847_h1_HML-2_10p12.1_graph_hgsvc3-2024-02-23-mc-chm13
10p12.1	NA20847	h2	TypeI	1	NA20847_h2_HML-2_10p12.1_graph_hgsvc3-2024-02-23-mc-chm13
10p12.1	NA20850	h1	TypeI	1	NA20850_hap1_hprc_r2_v1.0.1_HML-2_10p12.1
10p12.1	NA20850	h2	TypeI	1	NA20850_hap2_hprc_r2_v1.0.1_HML-2_10p12.1
10p12.1	NA20870	h1	TypeI	1	NA20870_hap1_hprc_r2_v1.0.1_HML-2_10p12.1
10p12.1	NA20870	h2	TypeI	1	NA20870_hap2_hprc_r2_v1.0.1_HML-2_10p12.1
10p12.1	NA20905	h1	TypeI	1	NA20905_hap1_hprc_r2_v1.0.1_HML-2_10p12.1
10p12.1	NA20905	h2	TypeI	1	NA20905_hap2_hprc_r2_v1.0.1_HML-2_10p12.1
10p12.1	NA21093	h1	TypeI	1	NA21093_hap1_hprc_r2_v1.0.1_HML-2_10p12.1
10p12.1	NA21093	h2	TypeI	1	NA21093_hap2_hprc_r2_v1.0.1_HML-2_10p12.1
10p12.1	NA21102	h1	TypeI	1	NA21102_hap1_hprc_r2_v1.0.1_HML-2_10p12.1
10p12.1	NA21102	h2	solo_LTR	1	NA21102_hap2_hprc_r2_v1.0.1_HML-2_10p12.1
10p12.1	NA21106	h1	TypeI	1	NA21106_hap1_hprc_r2_v1.0.1_HML-2_10p12.1
10p12.1	NA21106	h2	TypeI	1	NA21106_hap2_hprc_r2_v1.0.1_HML-2_10p12.1
10p12.1	NA21110	h1	TypeI	1	NA21110_hap1_hprc_r2_v1.0.1_HML-2_10p12.1
10p12.1	NA21110	h2	TypeI	1	NA21110_hap2_hprc_r2_v1.0.1_HML-2_10p12.1
10p12.1	NA21144	h1	TypeI	1	NA21144_hap1_hprc_r2_v1.0.1_HML-2_10p12.1
10p12.1	NA21144	h2	TypeI	1	NA21144_hap2_hprc_r2_v1.0.1_HML-2_10p12.1
10p12.1	NA21309	mat	TypeI	1	NA21309_mat_hprc_r2_v1.0.1_HML-2_10p12.1
10p12.1	NA21309	pat	TypeI	1	NA21309_pat_hprc_r2_v1.0.1_HML-2_10p12.1
10p12.1	NA21487	h1	TypeI	1	NA21487_h1_HML-2_10p12.1_graph_hgsvc3-2024-02-23-mc-chm13
10p12.1	NA21487	h2	TypeI	1	NA21487_h2_HML-2_10p12.1_graph_hgsvc3-2024-02-23-mc-chm13
10p12.1	NA24385	h1	TypeI	1	NA24385_h1_HML-2_10p12.1_graph_hgsvc3-2024-02-23-mc-chm13
10p12.1	NA24385	h2	TypeI	1	NA24385_h2_HML-2_10p12.1_graph_hgsvc3-2024-02-23-mc-chm13
11q23.3	HG00096	h1	TypeI	1	HG00096_h1_HML-2_11q23.3_graph_hgsvc3-2024-02-23-mc-chm13
11q23.3	HG00096	h2	TypeI	1	HG00096_h2_HML-2_11q23.3_graph_hgsvc3-2024-02-23-mc-chm13
11q23.3	HG00097	h1	TypeI	1	HG00097_hap1_hprc_r2_v1.0.1_HML-2_11q23.3
11q23.3	HG00097	h2	TypeI	1	HG00097_hap2_hprc_r2_v1.0.1_HML-2_11q23.3
11q23.3	HG00099	h1	TypeI	1	HG00099_hap1_hprc_r2_v1.0.1_HML-2_11q23.3
11q23.3	HG00099	h2	TypeI	1	HG00099_hap2_hprc_r2_v1.0.1_HML-2_11q23.3
11q23.3	HG00126	h1	TypeI	1	HG00126_hap1_hprc_r2_v1.0.1_HML-2_11q23.3
11q23.3	HG00126	h2	TypeI	1	HG00126_hap2_hprc_r2_v1.0.1_HML-2_11q23.3
11q23.3	HG00128	h1	TypeI	1	HG00128_hap1_hprc_r2_v1.0.1_HML-2_11q23.3
11q23.3	HG00128	h2	TypeI	1	HG00128_hap2_hprc_r2_v1.0.1_HML-2_11q23.3
11q23.3	HG00133	h1	TypeI	1	HG00133_hap1_hprc_r2_v1.0.1_HML-2_11q23.3
11q23.3	HG00133	h2	TypeI	1	HG00133_hap2_hprc_r2_v1.0.1_HML-2_11q23.3
11q23.3	HG00140	h1	TypeI	1	HG00140_hap1_hprc_r2_v1.0.1_HML-2_11q23.3
11q23.3	HG00140	h2	TypeI	1	HG00140_hap2_hprc_r2_v1.0.1_HML-2_11q23.3
11q23.3	HG00146	h1	TypeI	1	HG00146_hap1_hprc_r2_v1.0.1_HML-2_11q23.3
11q23.3	HG00146	h2	TypeI	1	HG00146_hap2_hprc_r2_v1.0.1_HML-2_11q23.3
11q23.3	HG00171	h1	TypeI	1	HG00171_h1_HML-2_11q23.3_graph_hgsvc3-2024-02-23-mc-chm13
11q23.3	HG00171	h2	TypeI	1	HG00171_h2_HML-2_11q23.3_graph_hgsvc3-2024-02-23-mc-chm13
11q23.3	HG00232	h1	TypeI	1	HG00232_hap1_hprc_r2_v1.0.1_HML-2_11q23.3
11q23.3	HG00232	h2	TypeI	1	HG00232_hap2_hprc_r2_v1.0.1_HML-2_11q23.3
11q23.3	HG00235	h1	TypeI	1	HG00235_hap1_hprc_r2_v1.0.1_HML-2_11q23.3
11q23.3	HG00235	h2	TypeI	1	HG00235_hap2_hprc_r2_v1.0.1_HML-2_11q23.3
11q23.3	HG00253	h1	TypeI	1	HG00253_hap1_hprc_r2_v1.0.1_HML-2_11q23.3
11q23.3	HG00253	h2	TypeI	1	HG00253_hap2_hprc_r2_v1.0.1_HML-2_11q23.3
11q23.3	HG00268	h1	TypeI	1	HG00268_h1_HML-2_11q23.3_graph_hgsvc3-2024-02-23-mc-chm13
11q23.3	HG00268	h2	TypeI	1	HG00268_h2_HML-2_11q23.3_graph_hgsvc3-2024-02-23-mc-chm13
11q23.3	HG00272	h1	TypeI	1	HG00272_hap1_hprc_r2_v1.0.1_HML-2_11q23.3
11q23.3	HG00272	h2	TypeI	1	HG00272_hap2_hprc_r2_v1.0.1_HML-2_11q23.3
11q23.3	HG00280	h1	TypeI	1	HG00280_hap1_hprc_r2_v1.0.1_HML-2_11q23.3
11q23.3	HG00280	h2	TypeI	1	HG00280_hap2_hprc_r2_v1.0.1_HML-2_11q23.3
11q23.3	HG00290	h1	TypeI	1	HG00290_hap1_hprc_r2_v1.0.1_HML-2_11q23.3
11q23.3	HG00290	h2	TypeI	1	HG00290_hap2_hprc_r2_v1.0.1_HML-2_11q23.3
11q23.3	HG00320	h1	TypeI	1	HG00320_hap1_hprc_r2_v1.0.1_HML-2_11q23.3
11q23.3	HG00320	h2	TypeI	1	HG00320_hap2_hprc_r2_v1.0.1_HML-2_11q23.3
11q23.3	HG00321	h1	TypeI	1	HG00321_hap1_hprc_r2_v1.0.1_HML-2_11q23.3
11q23.3	HG00321	h2	TypeI	1	HG00321_hap2_hprc_r2_v1.0.1_HML-2_11q23.3
11q23.3	HG00323	h1	TypeI	1	HG00323_hap1_hprc_r2_v1.0.1_HML-2_11q23.3
11q23.3	HG00323	h2	TypeI	1	HG00323_hap2_hprc_r2_v1.0.1_HML-2_11q23.3
11q23.3	HG00329	h1	TypeI	1	HG00329_hap1_hprc_r2_v1.0.1_HML-2_11q23.3
11q23.3	HG00329	h2	TypeI	1	HG00329_hap2_hprc_r2_v1.0.1_HML-2_11q23.3
11q23.3	HG00344	h1	TypeI	1	HG00344_hap1_hprc_r2_v1.0.1_HML-2_11q23.3
11q23.3	HG00344	h2	TypeI	1	HG00344_hap2_hprc_r2_v1.0.1_HML-2_11q23.3
11q23.3	HG00350	h1	TypeI	1	HG00350_hap1_hprc_r2_v1.0.1_HML-2_11q23.3
11q23.3	HG00350	h2	TypeI	1	HG00350_hap2_hprc_r2_v1.0.1_HML-2_11q23.3
11q23.3	HG00358	h1	TypeI	1	HG00358_h1_HML-2_11q23.3_graph_hgsvc3-2024-02-23-mc-chm13
11q23.3	HG00358	h2	TypeI	1	HG00358_h2_HML-2_11q23.3_graph_hgsvc3-2024-02-23-mc-chm13
11q23.3	HG00408	mat	TypeI	1	HG00408_mat_hprc_r2_v1.0.1_HML-2_11q23.3
11q23.3	HG00408	pat	TypeI	1	HG00408_pat_hprc_r2_v1.0.1_HML-2_11q23.3
11q23.3	HG00423	mat	TypeI	1	HG00423_mat_hprc_r2_v1.0.1_HML-2_11q23.3
11q23.3	HG00423	pat	TypeI	1	HG00423_pat_hprc_r2_v1.0.1_HML-2_11q23.3
11q23.3	HG00438	mat	TypeI	1	HG00438_mat_hprc_r2_v1.0.1_HML-2_11q23.3
11q23.3	HG00438	pat	TypeI	1	HG00438_pat_hprc_r2_v1.0.1_HML-2_11q23.3
11q23.3	HG005	mat	TypeI	1	HG005_mat_hprc_r2_v1.0.1_HML-2_11q23.3
11q23.3	HG005	pat	TypeI	1	HG005_pat_hprc_r2_v1.0.1_HML-2_11q23.3
11q23.3	HG00512	h1	TypeI	1	HG00512_h1_HML-2_11q23.3_graph_hgsvc3-2024-02-23-mc-chm13
11q23.3	HG00512	h2	TypeI	1	HG00512_h2_HML-2_11q23.3_graph_hgsvc3-2024-02-23-mc-chm13
11q23.3	HG00513	h1	TypeI	1	HG00513_h1_HML-2_11q23.3_graph_hgsvc3-2024-02-23-mc-chm13
11q23.3	HG00513	h2	TypeI	1	HG00513_h2_HML-2_11q23.3_graph_hgsvc3-2024-02-23-mc-chm13
11q23.3	HG00514	h1	TypeI	1	HG00514_h1_HML-2_11q23.3_graph_hgsvc3-2024-02-23-mc-chm13
11q23.3	HG00514	h2	TypeI	1	HG00514_h2_HML-2_11q23.3_graph_hgsvc3-2024-02-23-mc-chm13
11q23.3	HG00544	mat	TypeI	1	HG00544_mat_hprc_r2_v1.0.1_HML-2_11q23.3
11q23.3	HG00544	pat	TypeI	1	HG00544_pat_hprc_r2_v1.0.1_HML-2_11q23.3
11q23.3	HG00558	mat	TypeI	1	HG00558_mat_hprc_r2_v1.0.1_HML-2_11q23.3
11q23.3	HG00558	pat	TypeI	1	HG00558_pat_hprc_r2_v1.0.1_HML-2_11q23.3
11q23.3	HG00597	mat	TypeI	1	HG00597_mat_hprc_r2_v1.0.1_HML-2_11q23.3
11q23.3	HG00597	pat	TypeI	1	HG00597_pat_hprc_r2_v1.0.1_HML-2_11q23.3
11q23.3	HG00609	mat	TypeI	1	HG00609_mat_hprc_r2_v1.0.1_HML-2_11q23.3
11q23.3	HG00609	pat	TypeI	1	HG00609_pat_hprc_r2_v1.0.1_HML-2_11q23.3
11q23.3	HG00621	mat	TypeI	1	HG00621_mat_hprc_r2_v1.0.1_HML-2_11q23.3
11q23.3	HG00621	pat	TypeI	1	HG00621_pat_hprc_r2_v1.0.1_HML-2_11q23.3
11q23.3	HG00639	mat	TypeI	1	HG00639_mat_hprc_r2_v1.0.1_HML-2_11q23.3
11q23.3	HG00639	pat	TypeI	1	HG00639_pat_hprc_r2_v1.0.1_HML-2_11q23.3
11q23.3	HG00642	mat	TypeI	1	HG00642_mat_hprc_r2_v1.0.1_HML-2_11q23.3
11q23.3	HG00642	pat	TypeI	1	HG00642_pat_hprc_r2_v1.0.1_HML-2_11q23.3
11q23.3	HG00658	mat	TypeI	1	HG00658_mat_hprc_r2_v1.0.1_HML-2_11q23.3
11q23.3	HG00658	pat	TypeI	1	HG00658_pat_hprc_r2_v1.0.1_HML-2_11q23.3
11q23.3	HG00673	mat	TypeI	1	HG00673_mat_hprc_r2_v1.0.1_HML-2_11q23.3
11q23.3	HG00673	pat	TypeI	1	HG00673_pat_hprc_r2_v1.0.1_HML-2_11q23.3
11q23.3	HG00706	mat	TypeI	1	HG00706_mat_hprc_r2_v1.0.1_HML-2_11q23.3
11q23.3	HG00706	pat	TypeI	1	HG00706_pat_hprc_r2_v1.0.1_HML-2_11q23.3
11q23.3	HG00731	h1	TypeI	1	HG00731_h1_HML-2_11q23.3_graph_hgsvc3-2024-02-23-mc-chm13
11q23.3	HG00731	h2	TypeI	1	HG00731_h2_HML-2_11q23.3_graph_hgsvc3-2024-02-23-mc-chm13
11q23.3	HG00732	h1	TypeI	1	HG00732_h1_HML-2_11q23.3_graph_hgsvc3-2024-02-23-mc-chm13
11q23.3	HG00732	h2	TypeI	1	HG00732_h2_HML-2_11q23.3_graph_hgsvc3-2024-02-23-mc-chm13
11q23.3	HG00733	mat	TypeI	1	HG00733_mat_hprc_r2_v1.0.1_HML-2_11q23.3
11q23.3	HG00733	pat	TypeI	1	HG00733_pat_hprc_r2_v1.0.1_HML-2_11q23.3
11q23.3	HG00735	mat	TypeI	1	HG00735_mat_hprc_r2_v1.0.1_HML-2_11q23.3
11q23.3	HG00735	pat	TypeI	1	HG00735_pat_hprc_r2_v1.0.1_HML-2_11q23.3
11q23.3	HG00738	mat	TypeI	1	HG00738_mat_hprc_r2_v1.0.1_HML-2_11q23.3
11q23.3	HG00738	pat	TypeI	1	HG00738_pat_hprc_r2_v1.0.1_HML-2_11q23.3
11q23.3	HG00741	mat	TypeI	1	HG00741_mat_hprc_r2_v1.0.1_HML-2_11q23.3
11q23.3	HG00741	pat	TypeI	1	HG00741_pat_hprc_r2_v1.0.1_HML-2_11q23.3
11q23.3	HG00864	h1	TypeI	1	HG00864_h1_HML-2_11q23.3_graph_hgsvc3-2024-02-23-mc-chm13
11q23.3	HG00864	h2	TypeI	1	HG00864_h2_HML-2_11q23.3_graph_hgsvc3-2024-02-23-mc-chm13
11q23.3	HG01071	mat	TypeI	1	HG01071_mat_hprc_r2_v1.0.1_HML-2_11q23.3
11q23.3	HG01071	pat	TypeI	1	HG01071_pat_hprc_r2_v1.0.1_HML-2_11q23.3
11q23.3	HG01074	mat	TypeI	1	HG01074_mat_hprc_r2_v1.0.1_HML-2_11q23.3
11q23.3	HG01074	pat	TypeI	1	HG01074_pat_hprc_r2_v1.0.1_HML-2_11q23.3
11q23.3	HG01081	mat	TypeI	1	HG01081_mat_hprc_r2_v1.0.1_HML-2_11q23.3
11q23.3	HG01081	pat	TypeI	1	HG01081_pat_hprc_r2_v1.0.1_HML-2_11q23.3
11q23.3	HG01099	mat	TypeI	1	HG01099_mat_hprc_r2_v1.0.1_HML-2_11q23.3
11q23.3	HG01099	pat	TypeI	1	HG01099_pat_hprc_r2_v1.0.1_HML-2_11q23.3
11q23.3	HG01106	mat	TypeI	1	HG01106_mat_hprc_r2_v1.0.1_HML-2_11q23.3
11q23.3	HG01106	pat	TypeI	1	HG01106_pat_hprc_r2_v1.0.1_HML-2_11q23.3
11q23.3	HG01109	mat	TypeI	1	HG01109_mat_hprc_r2_v1.0.1_HML-2_11q23.3
11q23.3	HG01109	pat	TypeI	1	HG01109_pat_hprc_r2_v1.0.1_HML-2_11q23.3
11q23.3	HG01114	h1	TypeI	1	HG01114_h1_HML-2_11q23.3_graph_hgsvc3-2024-02-23-mc-chm13
11q23.3	HG01114	h2	TypeI	1	HG01114_h2_HML-2_11q23.3_graph_hgsvc3-2024-02-23-mc-chm13
11q23.3	HG01123	mat	TypeI	1	HG01123_mat_hprc_r2_v1.0.1_HML-2_11q23.3
11q23.3	HG01123	pat	TypeI	1	HG01123_pat_hprc_r2_v1.0.1_HML-2_11q23.3
11q23.3	HG01150	mat	TypeI	1	HG01150_mat_hprc_r2_v1.0.1_HML-2_11q23.3
11q23.3	HG01150	pat	TypeI	1	HG01150_pat_hprc_r2_v1.0.1_HML-2_11q23.3
11q23.3	HG01167	h1	TypeI	1	HG01167_hap1_hprc_r2_v1.0.1_HML-2_11q23.3
11q23.3	HG01167	h2	solo_LTR	1	HG01167_hap2_hprc_r2_v1.0.1_HML-2_11q23.3
11q23.3	HG01175	mat	TypeI	1	HG01175_mat_hprc_r2_v1.0.1_HML-2_11q23.3
11q23.3	HG01175	pat	TypeI	1	HG01175_pat_hprc_r2_v1.0.1_HML-2_11q23.3
11q23.3	HG01192	mat	TypeI	1	HG01192_mat_hprc_r2_v1.0.1_HML-2_11q23.3
11q23.3	HG01192	pat	TypeI	1	HG01192_pat_hprc_r2_v1.0.1_HML-2_11q23.3
11q23.3	HG01243	mat	TypeI	1	HG01243_mat_hprc_r2_v1.0.1_HML-2_11q23.3
11q23.3	HG01243	pat	TypeI	1	HG01243_pat_hprc_r2_v1.0.1_HML-2_11q23.3
11q23.3	HG01252	mat	TypeI	1	HG01252_mat_hprc_r2_v1.0.1_HML-2_11q23.3
11q23.3	HG01252	pat	TypeI	1	HG01252_pat_hprc_r2_v1.0.1_HML-2_11q23.3
11q23.3	HG01255	mat	TypeI	1	HG01255_mat_hprc_r2_v1.0.1_HML-2_11q23.3
11q23.3	HG01255	pat	TypeI	1	HG01255_pat_hprc_r2_v1.0.1_HML-2_11q23.3
11q23.3	HG01258	mat	TypeI	1	HG01258_mat_hprc_r2_v1.0.1_HML-2_11q23.3
11q23.3	HG01258	pat	TypeI	1	HG01258_pat_hprc_r2_v1.0.1_HML-2_11q23.3
11q23.3	HG01261	mat	TypeI	1	HG01261_mat_hprc_r2_v1.0.1_HML-2_11q23.3
11q23.3	HG01261	pat	TypeI	1	HG01261_pat_hprc_r2_v1.0.1_HML-2_11q23.3
11q23.3	HG01346	mat	TypeI	1	HG01346_mat_hprc_r2_v1.0.1_HML-2_11q23.3
11q23.3	HG01346	pat	TypeI	1	HG01346_pat_hprc_r2_v1.0.1_HML-2_11q23.3
11q23.3	HG01352	h1	TypeI	1	HG01352_h1_HML-2_11q23.3_graph_hgsvc3-2024-02-23-mc-chm13
11q23.3	HG01352	h2	TypeI	1	HG01352_h2_HML-2_11q23.3_graph_hgsvc3-2024-02-23-mc-chm13
11q23.3	HG01358	mat	TypeI	1	HG01358_mat_hprc_r2_v1.0.1_HML-2_11q23.3
11q23.3	HG01358	pat	TypeI	1	HG01358_pat_hprc_r2_v1.0.1_HML-2_11q23.3
11q23.3	HG01361	mat	TypeI	1	HG01361_mat_hprc_r2_v1.0.1_HML-2_11q23.3
11q23.3	HG01361	pat	TypeI	1	HG01361_pat_hprc_r2_v1.0.1_HML-2_11q23.3
11q23.3	HG01433	mat	TypeI	1	HG01433_mat_hprc_r2_v1.0.1_HML-2_11q23.3
11q23.3	HG01433	pat	TypeI	1	HG01433_pat_hprc_r2_v1.0.1_HML-2_11q23.3
11q23.3	HG01457	h1	TypeI	1	HG01457_h1_HML-2_11q23.3_graph_hgsvc3-2024-02-23-mc-chm13
11q23.3	HG01457	h2	TypeI	1	HG01457_h2_HML-2_11q23.3_graph_hgsvc3-2024-02-23-mc-chm13
11q23.3	HG01496	mat	TypeI	1	HG01496_mat_hprc_r2_v1.0.1_HML-2_11q23.3
11q23.3	HG01496	pat	TypeI	1	HG01496_pat_hprc_r2_v1.0.1_HML-2_11q23.3
11q23.3	HG01505	h1	TypeI	1	HG01505_h1_HML-2_11q23.3_graph_hgsvc3-2024-02-23-mc-chm13
11q23.3	HG01505	h2	TypeI	1	HG01505_h2_HML-2_11q23.3_graph_hgsvc3-2024-02-23-mc-chm13
11q23.3	HG01530	h1	TypeI	1	HG01530_hap1_hprc_r2_v1.0.1_HML-2_11q23.3
11q23.3	HG01530	h2	TypeI	1	HG01530_hap2_hprc_r2_v1.0.1_HML-2_11q23.3
11q23.3	HG01573	h1	TypeI	1	HG01573_h1_HML-2_11q23.3_graph_hgsvc3-2024-02-23-mc-chm13
11q23.3	HG01573	h2	TypeI	1	HG01573_h2_HML-2_11q23.3_graph_hgsvc3-2024-02-23-mc-chm13
11q23.3	HG01596	h1	TypeI	1	HG01596_h1_HML-2_11q23.3_graph_hgsvc3-2024-02-23-mc-chm13
11q23.3	HG01596	h2	TypeI	1	HG01596_h2_HML-2_11q23.3_graph_hgsvc3-2024-02-23-mc-chm13
11q23.3	HG01784	h1	TypeI	1	HG01784_hap1_hprc_r2_v1.0.1_HML-2_11q23.3
11q23.3	HG01784	h2	TypeI	1	HG01784_hap2_hprc_r2_v1.0.1_HML-2_11q23.3
11q23.3	HG01786	h1	TypeI	1	HG01786_hap1_hprc_r2_v1.0.1_HML-2_11q23.3
11q23.3	HG01786	h2	TypeI	1	HG01786_hap2_hprc_r2_v1.0.1_HML-2_11q23.3
11q23.3	HG01884	mat	TypeI	1	HG01884_mat_hprc_r2_v1.0.1_HML-2_11q23.3
11q23.3	HG01884	pat	TypeI	1	HG01884_pat_hprc_r2_v1.0.1_HML-2_11q23.3
11q23.3	HG01890	h1	TypeI	1	HG01890_h1_HML-2_11q23.3_graph_hgsvc3-2024-02-23-mc-chm13
11q23.3	HG01890	h2	TypeI	1	HG01890_h2_HML-2_11q23.3_graph_hgsvc3-2024-02-23-mc-chm13
11q23.3	HG01891	mat	TypeI	1	HG01891_mat_hprc_r2_v1.0.1_HML-2_11q23.3
11q23.3	HG01891	pat	TypeI	1	HG01891_pat_hprc_r2_v1.0.1_HML-2_11q23.3
11q23.3	HG01928	mat	TypeI	1	HG01928_mat_hprc_r2_v1.0.1_HML-2_11q23.3
11q23.3	HG01928	pat	TypeI	1	HG01928_pat_hprc_r2_v1.0.1_HML-2_11q23.3
11q23.3	HG01934	mat	TypeI	1	HG01934_mat_hprc_r2_v1.0.1_HML-2_11q23.3
11q23.3	HG01934	pat	TypeI	1	HG01934_pat_hprc_r2_v1.0.1_HML-2_11q23.3
11q23.3	HG01940	mat	TypeI	1	HG01940_mat_hprc_r2_v1.0.1_HML-2_11q23.3
11q23.3	HG01940	pat	TypeI	1	HG01940_pat_hprc_r2_v1.0.1_HML-2_11q23.3
11q23.3	HG01943	mat	TypeI	1	HG01943_mat_hprc_r2_v1.0.1_HML-2_11q23.3
11q23.3	HG01943	pat	TypeI	1	HG01943_pat_hprc_r2_v1.0.1_HML-2_11q23.3
11q23.3	HG01952	mat	TypeI	1	HG01952_mat_hprc_r2_v1.0.1_HML-2_11q23.3
11q23.3	HG01952	pat	TypeI	1	HG01952_pat_hprc_r2_v1.0.1_HML-2_11q23.3
11q23.3	HG01960	mat	TypeI	1	HG01960_mat_hprc_r2_v1.0.1_HML-2_11q23.3
11q23.3	HG01960	pat	TypeI	1	HG01960_pat_hprc_r2_v1.0.1_HML-2_11q23.3
11q23.3	HG01969	mat	TypeI	1	HG01969_mat_hprc_r2_v1.0.1_HML-2_11q23.3
11q23.3	HG01969	pat	TypeI	1	HG01969_pat_hprc_r2_v1.0.1_HML-2_11q23.3
11q23.3	HG01975	mat	TypeI	1	HG01975_mat_hprc_r2_v1.0.1_HML-2_11q23.3
11q23.3	HG01975	pat	TypeI	1	HG01975_pat_hprc_r2_v1.0.1_HML-2_11q23.3
11q23.3	HG01978	mat	TypeI	1	HG01978_mat_hprc_r2_v1.1.0_HML-2_11q23.3
11q23.3	HG01978	pat	TypeI	1	HG01978_pat_hprc_r2_v1.1.0_HML-2_11q23.3
11q23.3	HG01981	mat	TypeI	1	HG01981_mat_hprc_r2_v1.0.1_HML-2_11q23.3
11q23.3	HG01981	pat	TypeI	1	HG01981_pat_hprc_r2_v1.0.1_HML-2_11q23.3
11q23.3	HG01993	mat	TypeI	1	HG01993_mat_hprc_r2_v1.0.1_HML-2_11q23.3
11q23.3	HG01993	pat	TypeI	1	HG01993_pat_hprc_r2_v1.0.1_HML-2_11q23.3
11q23.3	HG02004	mat	TypeI	1	HG02004_mat_hprc_r2_v1.0.1_HML-2_11q23.3
11q23.3	HG02004	pat	TypeI	1	HG02004_pat_hprc_r2_v1.0.1_HML-2_11q23.3
11q23.3	HG02011	h1	TypeI	1	HG02011_h1_HML-2_11q23.3_graph_hgsvc3-2024-02-23-mc-chm13
11q23.3	HG02011	h2	TypeI	1	HG02011_h2_HML-2_11q23.3_graph_hgsvc3-2024-02-23-mc-chm13
11q23.3	HG02015	mat	TypeI	1	HG02015_mat_hprc_r2_v1.0.1_HML-2_11q23.3
11q23.3	HG02015	pat	TypeI	1	HG02015_pat_hprc_r2_v1.0.1_HML-2_11q23.3
11q23.3	HG02018	h1	TypeI	1	HG02018_h1_HML-2_11q23.3_graph_hgsvc3-2024-02-23-mc-chm13
11q23.3	HG02018	h2	TypeI	1	HG02018_h2_HML-2_11q23.3_graph_hgsvc3-2024-02-23-mc-chm13
11q23.3	HG02027	mat	TypeI	1	HG02027_mat_hprc_r2_v1.0.1_HML-2_11q23.3
11q23.3	HG02027	pat	TypeI	1	HG02027_pat_hprc_r2_v1.0.1_HML-2_11q23.3
11q23.3	HG02040	h1	TypeI	1	HG02040_hap1_hprc_r2_v1.0.1_HML-2_11q23.3
11q23.3	HG02040	h2	TypeI	1	HG02040_hap2_hprc_r2_v1.0.1_HML-2_11q23.3
11q23.3	HG02055	mat	TypeI	1	HG02055_mat_hprc_r2_v1.0.1_HML-2_11q23.3
11q23.3	HG02055	pat	TypeI	1	HG02055_pat_hprc_r2_v1.0.1_HML-2_11q23.3
11q23.3	HG02056	mat	TypeI	1	HG02056_mat_hprc_r2_v1.0.1_HML-2_11q23.3
11q23.3	HG02056	pat	TypeI	1	HG02056_pat_hprc_r2_v1.0.1_HML-2_11q23.3
11q23.3	HG02059	h1	TypeI	1	HG02059_h1_HML-2_11q23.3_graph_hgsvc3-2024-02-23-mc-chm13
11q23.3	HG02059	h2	TypeI	1	HG02059_h2_HML-2_11q23.3_graph_hgsvc3-2024-02-23-mc-chm13
11q23.3	HG02071	mat	TypeI	1	HG02071_mat_hprc_r2_v1.0.1_HML-2_11q23.3
11q23.3	HG02071	pat	TypeI	1	HG02071_pat_hprc_r2_v1.0.1_HML-2_11q23.3
11q23.3	HG02074	mat	TypeI	1	HG02074_mat_hprc_r2_v1.0.1_HML-2_11q23.3
11q23.3	HG02074	pat	TypeI	1	HG02074_pat_hprc_r2_v1.0.1_HML-2_11q23.3
11q23.3	HG02080	mat	TypeI	1	HG02080_mat_hprc_r2_v1.0.1_HML-2_11q23.3
11q23.3	HG02080	pat	TypeI	1	HG02080_pat_hprc_r2_v1.0.1_HML-2_11q23.3
11q23.3	HG02083	mat	TypeI	1	HG02083_mat_hprc_r2_v1.0.1_HML-2_11q23.3
11q23.3	HG02083	pat	TypeI	1	HG02083_pat_hprc_r2_v1.0.1_HML-2_11q23.3
11q23.3	HG02106	h1	TypeI	1	HG02106_h1_HML-2_11q23.3_graph_hgsvc3-2024-02-23-mc-chm13
11q23.3	HG02106	h2	TypeI	1	HG02106_h2_HML-2_11q23.3_graph_hgsvc3-2024-02-23-mc-chm13
11q23.3	HG02109	mat	TypeI	1	HG02109_mat_hprc_r2_v1.0.1_HML-2_11q23.3
11q23.3	HG02109	pat	TypeI	1	HG02109_pat_hprc_r2_v1.0.1_HML-2_11q23.3
11q23.3	HG02129	mat	TypeI	1	HG02129_mat_hprc_r2_v1.0.1_HML-2_11q23.3
11q23.3	HG02129	pat	TypeI	1	HG02129_pat_hprc_r2_v1.0.1_HML-2_11q23.3
11q23.3	HG02132	mat	TypeI	1	HG02132_mat_hprc_r2_v1.0.1_HML-2_11q23.3
11q23.3	HG02132	pat	TypeI	1	HG02132_pat_hprc_r2_v1.0.1_HML-2_11q23.3
11q23.3	HG02135	mat	TypeI	1	HG02135_mat_hprc_r2_v1.0.1_HML-2_11q23.3
11q23.3	HG02135	pat	TypeI	1	HG02135_pat_hprc_r2_v1.0.1_HML-2_11q23.3
11q23.3	HG02145	mat	TypeI	1	HG02145_mat_hprc_r2_v1.0.1_HML-2_11q23.3
11q23.3	HG02145	pat	TypeI	1	HG02145_pat_hprc_r2_v1.0.1_HML-2_11q23.3
11q23.3	HG02148	mat	TypeI	1	HG02148_mat_hprc_r2_v1.0.1_HML-2_11q23.3
11q23.3	HG02148	pat	TypeI	1	HG02148_pat_hprc_r2_v1.0.1_HML-2_11q23.3
11q23.3	HG02155	h1	TypeI	1	HG02155_hap1_hprc_r2_v1.0.1_HML-2_11q23.3
11q23.3	HG02155	h2	TypeI	1	HG02155_hap2_hprc_r2_v1.0.1_HML-2_11q23.3
11q23.3	HG02165	h1	TypeI	1	HG02165_hap1_hprc_r2_v1.0.1_HML-2_11q23.3
11q23.3	HG02165	h2	TypeI	1	HG02165_hap2_hprc_r2_v1.0.1_HML-2_11q23.3
11q23.3	HG02178	h1	TypeI	1	HG02178_hap1_hprc_r2_v1.0.1_HML-2_11q23.3
11q23.3	HG02178	h2	TypeI	1	HG02178_hap2_hprc_r2_v1.0.1_HML-2_11q23.3
11q23.3	HG02257	mat	TypeI	1	HG02257_mat_hprc_r2_v1.1.0_HML-2_11q23.3
11q23.3	HG02257	pat	TypeI	1	HG02257_pat_hprc_r2_v1.1.0_HML-2_11q23.3
11q23.3	HG02258	mat	TypeI	1	HG02258_mat_hprc_r2_v1.0.1_HML-2_11q23.3
11q23.3	HG02258	pat	TypeI	1	HG02258_pat_hprc_r2_v1.0.1_HML-2_11q23.3
11q23.3	HG02273	h1	TypeI	1	HG02273_hap1_hprc_r2_v1.0.1_HML-2_11q23.3
11q23.3	HG02273	h2	TypeI	1	HG02273_hap2_hprc_r2_v1.0.1_HML-2_11q23.3
11q23.3	HG02280	mat	TypeI	1	HG02280_mat_hprc_r2_v1.0.1_HML-2_11q23.3
11q23.3	HG02280	pat	TypeI	1	HG02280_pat_hprc_r2_v1.0.1_HML-2_11q23.3
11q23.3	HG02282	h1	TypeI	1	HG02282_h1_HML-2_11q23.3_graph_hgsvc3-2024-02-23-mc-chm13
11q23.3	HG02282	h2	TypeI	1	HG02282_h2_HML-2_11q23.3_graph_hgsvc3-2024-02-23-mc-chm13
11q23.3	HG02293	mat	TypeI	1	HG02293_mat_hprc_r2_v1.0.1_HML-2_11q23.3
11q23.3	HG02293	pat	TypeI	1	HG02293_pat_hprc_r2_v1.0.1_HML-2_11q23.3
11q23.3	HG02300	mat	TypeI	1	HG02300_mat_hprc_r2_v1.0.1_HML-2_11q23.3
11q23.3	HG02300	pat	TypeI	1	HG02300_pat_hprc_r2_v1.0.1_HML-2_11q23.3
11q23.3	HG02391	h1	TypeI	1	HG02391_hap1_hprc_r2_v1.0.1_HML-2_11q23.3
11q23.3	HG02391	h2	TypeI	1	HG02391_hap2_hprc_r2_v1.0.1_HML-2_11q23.3
11q23.3	HG02392	h1	TypeI	1	HG02392_hap1_hprc_r2_v1.0.1_HML-2_11q23.3
11q23.3	HG02392	h2	TypeI	1	HG02392_hap2_hprc_r2_v1.0.1_HML-2_11q23.3
11q23.3	HG02451	mat	TypeI	1	HG02451_mat_hprc_r2_v1.0.1_HML-2_11q23.3
11q23.3	HG02451	pat	TypeI	1	HG02451_pat_hprc_r2_v1.0.1_HML-2_11q23.3
11q23.3	HG02486	mat	TypeI	1	HG02486_mat_hprc_r2_v1.0.1_HML-2_11q23.3
11q23.3	HG02486	pat	TypeI	1	HG02486_pat_hprc_r2_v1.0.1_HML-2_11q23.3
11q23.3	HG02492	h1	TypeI	1	HG02492_h1_HML-2_11q23.3_graph_hgsvc3-2024-02-23-mc-chm13
11q23.3	HG02492	h2	TypeI	1	HG02492_h2_HML-2_11q23.3_graph_hgsvc3-2024-02-23-mc-chm13
11q23.3	HG02514	mat	TypeI	1	HG02514_mat_hprc_r2_v1.0.1_HML-2_11q23.3
11q23.3	HG02514	pat	TypeI	1	HG02514_pat_hprc_r2_v1.0.1_HML-2_11q23.3
11q23.3	HG02523	mat	TypeI	1	HG02523_mat_hprc_r2_v1.0.1_HML-2_11q23.3
11q23.3	HG02523	pat	TypeI	1	HG02523_pat_hprc_r2_v1.0.1_HML-2_11q23.3
11q23.3	HG02554	h1	TypeI	1	HG02554_h1_HML-2_11q23.3_graph_hgsvc3-2024-02-23-mc-chm13
11q23.3	HG02554	h2	TypeI	1	HG02554_h2_HML-2_11q23.3_graph_hgsvc3-2024-02-23-mc-chm13
11q23.3	HG02559	mat	TypeI	1	HG02559_mat_hprc_r2_v1.0.1_HML-2_11q23.3
11q23.3	HG02559	pat	TypeI	1	HG02559_pat_hprc_r2_v1.0.1_HML-2_11q23.3
11q23.3	HG02572	mat	TypeI	1	HG02572_mat_hprc_r2_v1.0.1_HML-2_11q23.3
11q23.3	HG02572	pat	TypeI	1	HG02572_pat_hprc_r2_v1.0.1_HML-2_11q23.3
11q23.3	HG02583	h1	TypeI	1	HG02583_hap1_hprc_r2_v1.0.1_HML-2_11q23.3
11q23.3	HG02583	h2	TypeI	1	HG02583_hap2_hprc_r2_v1.0.1_HML-2_11q23.3
11q23.3	HG02587	h1	TypeI	1	HG02587_h1_HML-2_11q23.3_graph_hgsvc3-2024-02-23-mc-chm13
11q23.3	HG02587	h2	TypeI	1	HG02587_h2_HML-2_11q23.3_graph_hgsvc3-2024-02-23-mc-chm13
11q23.3	HG02602	mat	TypeI	1	HG02602_mat_hprc_r2_v1.0.1_HML-2_11q23.3
11q23.3	HG02602	pat	TypeI	1	HG02602_pat_hprc_r2_v1.0.1_HML-2_11q23.3
11q23.3	HG02615	mat	TypeI	1	HG02615_mat_hprc_r2_v1.0.1_HML-2_11q23.3
11q23.3	HG02615	pat	TypeI	1	HG02615_pat_hprc_r2_v1.0.1_HML-2_11q23.3
11q23.3	HG02622	mat	TypeI	1	HG02622_mat_hprc_r2_v1.0.1_HML-2_11q23.3
11q23.3	HG02622	pat	TypeI	1	HG02622_pat_hprc_r2_v1.0.1_HML-2_11q23.3
11q23.3	HG02630	mat	TypeI	1	HG02630_mat_hprc_r2_v1.0.1_HML-2_11q23.3
11q23.3	HG02630	pat	TypeI	1	HG02630_pat_hprc_r2_v1.0.1_HML-2_11q23.3
11q23.3	HG02647	mat	TypeI	1	HG02647_mat_hprc_r2_v1.0.1_HML-2_11q23.3
11q23.3	HG02647	pat	TypeI	1	HG02647_pat_hprc_r2_v1.0.1_HML-2_11q23.3
11q23.3	HG02666	h1	TypeI	1	HG02666_h1_HML-2_11q23.3_graph_hgsvc3-2024-02-23-mc-chm13
11q23.3	HG02666	h2	TypeI	1	HG02666_h2_HML-2_11q23.3_graph_hgsvc3-2024-02-23-mc-chm13
11q23.3	HG02668	mat	TypeI	1	HG02668_mat_hprc_r2_v1.0.1_HML-2_11q23.3
11q23.3	HG02668	pat	TypeI	1	HG02668_pat_hprc_r2_v1.0.1_HML-2_11q23.3
11q23.3	HG02698	mat	TypeI	1	HG02698_mat_hprc_r2_v1.0.1_HML-2_11q23.3
11q23.3	HG02698	pat	TypeI	1	HG02698_pat_hprc_r2_v1.0.1_HML-2_11q23.3
11q23.3	HG02717	mat	TypeI	1	HG02717_mat_hprc_r2_v1.0.1_HML-2_11q23.3
11q23.3	HG02717	pat	TypeI	1	HG02717_pat_hprc_r2_v1.0.1_HML-2_11q23.3
11q23.3	HG02723	mat	TypeI	1	HG02723_mat_hprc_r2_v1.0.1_HML-2_11q23.3
11q23.3	HG02723	pat	TypeI	1	HG02723_pat_hprc_r2_v1.0.1_HML-2_11q23.3
11q23.3	HG02735	mat	TypeI	1	HG02735_mat_hprc_r2_v1.0.1_HML-2_11q23.3
11q23.3	HG02735	pat	TypeI	1	HG02735_pat_hprc_r2_v1.0.1_HML-2_11q23.3
11q23.3	HG02738	mat	TypeI	1	HG02738_mat_hprc_r2_v1.0.1_HML-2_11q23.3
11q23.3	HG02738	pat	TypeI	1	HG02738_pat_hprc_r2_v1.0.1_HML-2_11q23.3
11q23.3	HG02769	h1	solo_LTR	1	HG02769_h1_HML-2_11q23.3_graph_hgsvc3-2024-02-23-mc-chm13
11q23.3	HG02769	h2	TypeI	1	HG02769_h2_HML-2_11q23.3_graph_hgsvc3-2024-02-23-mc-chm13
11q23.3	HG02809	mat	TypeI	1	HG02809_mat_hprc_r2_v1.0.1_HML-2_11q23.3
11q23.3	HG02809	pat	TypeI	1	HG02809_pat_hprc_r2_v1.0.1_HML-2_11q23.3
11q23.3	HG02818	mat	TypeI	1	HG02818_mat_hprc_r2_v1.0.1_HML-2_11q23.3
11q23.3	HG02818	pat	TypeI	1	HG02818_pat_hprc_r2_v1.0.1_HML-2_11q23.3
11q23.3	HG02841	mat	TypeI	1	HG02841_mat_hprc_r2_v1.0.1_HML-2_11q23.3
11q23.3	HG02841	pat	TypeI	1	HG02841_pat_hprc_r2_v1.0.1_HML-2_11q23.3
11q23.3	HG02886	mat	TypeI	1	HG02886_mat_hprc_r2_v1.0.1_HML-2_11q23.3
11q23.3	HG02886	pat	TypeI	1	HG02886_pat_hprc_r2_v1.0.1_HML-2_11q23.3
11q23.3	HG02922	h1	TypeI	1	HG02922_hap1_hprc_r2_v1.0.1_HML-2_11q23.3
11q23.3	HG02922	h2	TypeI	1	HG02922_hap2_hprc_r2_v1.0.1_HML-2_11q23.3
11q23.3	HG02953	h1	TypeI	1	HG02953_h1_HML-2_11q23.3_graph_hgsvc3-2024-02-23-mc-chm13
11q23.3	HG02953	h2	TypeI	1	HG02953_h2_HML-2_11q23.3_graph_hgsvc3-2024-02-23-mc-chm13
11q23.3	HG02965	h1	TypeI	1	HG02965_hap1_hprc_r2_v1.0.1_HML-2_11q23.3
11q23.3	HG02965	h2	TypeI	1	HG02965_hap2_hprc_r2_v1.0.1_HML-2_11q23.3
11q23.3	HG02976	h1	TypeI	1	HG02976_hap1_hprc_r2_v1.0.1_HML-2_11q23.3
11q23.3	HG02976	h2	TypeI	1	HG02976_hap2_hprc_r2_v1.0.1_HML-2_11q23.3
11q23.3	HG02984	mat	TypeI	1	HG02984_mat_hprc_r2_v1.0.1_HML-2_11q23.3
11q23.3	HG02984	pat	TypeI	1	HG02984_pat_hprc_r2_v1.0.1_HML-2_11q23.3
11q23.3	HG03009	h1	TypeI	1	HG03009_h1_HML-2_11q23.3_graph_hgsvc3-2024-02-23-mc-chm13
11q23.3	HG03009	h2	TypeI	1	HG03009_h2_HML-2_11q23.3_graph_hgsvc3-2024-02-23-mc-chm13
11q23.3	HG03017	mat	TypeI	1	HG03017_mat_hprc_r2_v1.0.1_HML-2_11q23.3
11q23.3	HG03017	pat	TypeI	1	HG03017_pat_hprc_r2_v1.0.1_HML-2_11q23.3
11q23.3	HG03041	mat	TypeI	1	HG03041_mat_hprc_r2_v1.0.1_HML-2_11q23.3
11q23.3	HG03041	pat	TypeI	1	HG03041_pat_hprc_r2_v1.0.1_HML-2_11q23.3
11q23.3	HG03050	mat	TypeI	1	HG03050_mat_hprc_r2_v1.0.1_HML-2_11q23.3
11q23.3	HG03050	pat	TypeI	1	HG03050_pat_hprc_r2_v1.0.1_HML-2_11q23.3
11q23.3	HG03065	h1	TypeI	1	HG03065_h1_HML-2_11q23.3_graph_hgsvc3-2024-02-23-mc-chm13
11q23.3	HG03065	h2	TypeI	1	HG03065_h2_HML-2_11q23.3_graph_hgsvc3-2024-02-23-mc-chm13
11q23.3	HG03098	mat	TypeI	1	HG03098_mat_hprc_r2_v1.0.1_HML-2_11q23.3
11q23.3	HG03098	pat	TypeI	1	HG03098_pat_hprc_r2_v1.0.1_HML-2_11q23.3
11q23.3	HG03130	h1	TypeI	1	HG03130_hap1_hprc_r2_v1.0.1_HML-2_11q23.3
11q23.3	HG03130	h2	TypeI	1	HG03130_hap2_hprc_r2_v1.0.1_HML-2_11q23.3
11q23.3	HG03139	h1	TypeI	1	HG03139_hap1_hprc_r2_v1.0.1_HML-2_11q23.3
11q23.3	HG03139	h2	TypeI	1	HG03139_hap2_hprc_r2_v1.0.1_HML-2_11q23.3
11q23.3	HG03195	h1	TypeI	1	HG03195_hap1_hprc_r2_v1.0.1_HML-2_11q23.3
11q23.3	HG03195	h2	TypeI	1	HG03195_hap2_hprc_r2_v1.0.1_HML-2_11q23.3
11q23.3	HG03209	h1	TypeI	1	HG03209_hap1_hprc_r2_v1.0.1_HML-2_11q23.3
11q23.3	HG03209	h2	TypeI	1	HG03209_hap2_hprc_r2_v1.0.1_HML-2_11q23.3
11q23.3	HG03225	h1	TypeI	1	HG03225_hap1_hprc_r2_v1.0.1_HML-2_11q23.3
11q23.3	HG03225	h2	TypeI	1	HG03225_hap2_hprc_r2_v1.0.1_HML-2_11q23.3
11q23.3	HG03239	mat	TypeI	1	HG03239_mat_hprc_r2_v1.0.1_HML-2_11q23.3
11q23.3	HG03239	pat	TypeI	1	HG03239_pat_hprc_r2_v1.0.1_HML-2_11q23.3
11q23.3	HG03248	h1	TypeI	1	HG03248_h1_HML-2_11q23.3_graph_hgsvc3-2024-02-23-mc-chm13
11q23.3	HG03248	h2	TypeI	1	HG03248_h2_HML-2_11q23.3_graph_hgsvc3-2024-02-23-mc-chm13
11q23.3	HG03270	h1	TypeI	1	HG03270_hap1_hprc_r2_v1.0.1_HML-2_11q23.3
11q23.3	HG03270	h2	TypeI	1	HG03270_hap2_hprc_r2_v1.0.1_HML-2_11q23.3
11q23.3	HG03369	h1	TypeI	1	HG03369_hap1_hprc_r2_v1.0.1_HML-2_11q23.3
11q23.3	HG03369	h2	TypeI	1	HG03369_hap2_hprc_r2_v1.0.1_HML-2_11q23.3
11q23.3	HG03371	h1	TypeI	1	HG03371_h1_HML-2_11q23.3_graph_hgsvc3-2024-02-23-mc-chm13
11q23.3	HG03371	h2	TypeI	1	HG03371_h2_HML-2_11q23.3_graph_hgsvc3-2024-02-23-mc-chm13
11q23.3	HG03452	h1	TypeI	1	HG03452_h1_HML-2_11q23.3_graph_hgsvc3-2024-02-23-mc-chm13
11q23.3	HG03452	h2	TypeI	1	HG03452_h2_HML-2_11q23.3_graph_hgsvc3-2024-02-23-mc-chm13
11q23.3	HG03453	mat	TypeI	1	HG03453_mat_hprc_r2_v1.0.1_HML-2_11q23.3
11q23.3	HG03453	pat	TypeI	1	HG03453_pat_hprc_r2_v1.0.1_HML-2_11q23.3
11q23.3	HG03456	h1	TypeI	1	HG03456_h1_HML-2_11q23.3_graph_hgsvc3-2024-02-23-mc-chm13
11q23.3	HG03456	h2	TypeI	1	HG03456_h2_HML-2_11q23.3_graph_hgsvc3-2024-02-23-mc-chm13
11q23.3	HG03470	h1	TypeI	1	HG03470_hap1_hprc_r2_v1.0.1_HML-2_11q23.3
11q23.3	HG03470	h2	TypeI	1	HG03470_hap2_hprc_r2_v1.0.1_HML-2_11q23.3
11q23.3	HG03471	h1	TypeI	1	HG03471_hap1_hprc_r2_v1.0.1_HML-2_11q23.3
11q23.3	HG03471	h2	TypeI	1	HG03471_hap2_hprc_r2_v1.0.1_HML-2_11q23.3
11q23.3	HG03486	mat	TypeI	1	HG03486_mat_hprc_r2_v1.0.1_HML-2_11q23.3
11q23.3	HG03486	pat	TypeI	1	HG03486_pat_hprc_r2_v1.0.1_HML-2_11q23.3
11q23.3	HG03516	mat	TypeI	1	HG03516_mat_hprc_r2_v1.1.0_HML-2_11q23.3
11q23.3	HG03516	pat	TypeI	1	HG03516_pat_hprc_r2_v1.1.0_HML-2_11q23.3
11q23.3	HG03520	h1	TypeI	1	HG03520_h1_HML-2_11q23.3_graph_hgsvc3-2024-02-23-mc-chm13
11q23.3	HG03520	h2	TypeI	1	HG03520_h2_HML-2_11q23.3_graph_hgsvc3-2024-02-23-mc-chm13
11q23.3	HG03521	h1	TypeI	1	HG03521_hap1_hprc_r2_v1.0.1_HML-2_11q23.3
11q23.3	HG03521	h2	TypeI	1	HG03521_hap2_hprc_r2_v1.0.1_HML-2_11q23.3
11q23.3	HG03540	mat	TypeI	1	HG03540_mat_hprc_r2_v1.0.1_HML-2_11q23.3
11q23.3	HG03540	pat	TypeI	1	HG03540_pat_hprc_r2_v1.0.1_HML-2_11q23.3
11q23.3	HG03579	mat	TypeI	1	HG03579_mat_hprc_r2_v1.0.1_HML-2_11q23.3
11q23.3	HG03579	pat	TypeI	1	HG03579_pat_hprc_r2_v1.0.1_HML-2_11q23.3
11q23.3	HG03583	h1	TypeI	1	HG03583_hap1_hprc_r2_v1.0.1_HML-2_11q23.3
11q23.3	HG03583	h2	TypeI	1	HG03583_hap2_hprc_r2_v1.0.1_HML-2_11q23.3
11q23.3	HG03654	mat	TypeI	1	HG03654_mat_hprc_r2_v1.0.1_HML-2_11q23.3
11q23.3	HG03654	pat	TypeI	1	HG03654_pat_hprc_r2_v1.0.1_HML-2_11q23.3
11q23.3	HG03669	mat	TypeI	1	HG03669_mat_hprc_r2_v1.0.1_HML-2_11q23.3
11q23.3	HG03669	pat	TypeI	1	HG03669_pat_hprc_r2_v1.0.1_HML-2_11q23.3
11q23.3	HG03683	h1	TypeI	1	HG03683_h1_HML-2_11q23.3_graph_hgsvc3-2024-02-23-mc-chm13
11q23.3	HG03683	h2	TypeI	1	HG03683_h2_HML-2_11q23.3_graph_hgsvc3-2024-02-23-mc-chm13
11q23.3	HG03688	mat	TypeI	1	HG03688_mat_hprc_r2_v1.0.1_HML-2_11q23.3
11q23.3	HG03688	pat	TypeI	1	HG03688_pat_hprc_r2_v1.0.1_HML-2_11q23.3
11q23.3	HG03704	mat	TypeI	2	HG03704_mat_hprc_r2_v1.0.1_HML-2_11q23.3_MULTI_part1|HG03704_mat_hprc_r2_v1.0.1_HML-2_11q23.3_MULTI_part2
11q23.3	HG03704	pat	TypeI	1	HG03704_pat_hprc_r2_v1.0.1_HML-2_11q23.3
11q23.3	HG03710	mat	TypeI	1	HG03710_mat_hprc_r2_v1.0.1_HML-2_11q23.3
11q23.3	HG03710	pat	TypeI	1	HG03710_pat_hprc_r2_v1.0.1_HML-2_11q23.3
11q23.3	HG03732	h1	TypeI	1	HG03732_h1_HML-2_11q23.3_graph_hgsvc3-2024-02-23-mc-chm13
11q23.3	HG03732	h2	TypeI	1	HG03732_h2_HML-2_11q23.3_graph_hgsvc3-2024-02-23-mc-chm13
11q23.3	HG03742	h1	TypeI	1	HG03742_hap1_hprc_r2_v1.0.1_HML-2_11q23.3
11q23.3	HG03742	h2	TypeI	1	HG03742_hap2_hprc_r2_v1.0.1_HML-2_11q23.3
11q23.3	HG03784	h1	TypeI	1	HG03784_hap1_hprc_r2_v1.0.1_HML-2_11q23.3
11q23.3	HG03784	h2	TypeI	1	HG03784_hap2_hprc_r2_v1.0.1_HML-2_11q23.3
11q23.3	HG03804	mat	TypeI	1	HG03804_mat_hprc_r2_v1.0.1_HML-2_11q23.3
11q23.3	HG03804	pat	TypeI	1	HG03804_pat_hprc_r2_v1.0.1_HML-2_11q23.3
11q23.3	HG03807	h1	TypeI	1	HG03807_h1_HML-2_11q23.3_graph_hgsvc3-2024-02-23-mc-chm13
11q23.3	HG03807	h2	TypeI	1	HG03807_h2_HML-2_11q23.3_graph_hgsvc3-2024-02-23-mc-chm13
11q23.3	HG03816	mat	TypeI	1	HG03816_mat_hprc_r2_v1.0.1_HML-2_11q23.3
11q23.3	HG03816	pat	TypeI	1	HG03816_pat_hprc_r2_v1.0.1_HML-2_11q23.3
11q23.3	HG03831	mat	TypeI	1	HG03831_mat_hprc_r2_v1.0.1_HML-2_11q23.3
11q23.3	HG03831	pat	TypeI	1	HG03831_pat_hprc_r2_v1.0.1_HML-2_11q23.3
11q23.3	HG03834	mat	TypeI	1	HG03834_mat_hprc_r2_v1.0.1_HML-2_11q23.3
11q23.3	HG03834	pat	TypeI	1	HG03834_pat_hprc_r2_v1.0.1_HML-2_11q23.3
11q23.3	HG03874	h1	TypeI	1	HG03874_hap1_hprc_r2_v1.0.1_HML-2_11q23.3
11q23.3	HG03874	h2	TypeI	1	HG03874_hap2_hprc_r2_v1.0.1_HML-2_11q23.3
11q23.3	HG03927	mat	TypeI	1	HG03927_mat_hprc_r2_v1.0.1_HML-2_11q23.3
11q23.3	HG03927	pat	TypeI	1	HG03927_pat_hprc_r2_v1.0.1_HML-2_11q23.3
11q23.3	HG03942	mat	TypeI	1	HG03942_mat_hprc_r2_v1.0.1_HML-2_11q23.3
11q23.3	HG03942	pat	TypeI	1	HG03942_pat_hprc_r2_v1.0.1_HML-2_11q23.3
11q23.3	HG04036	h1	TypeI	1	HG04036_h1_HML-2_11q23.3_graph_hgsvc3-2024-02-23-mc-chm13
11q23.3	HG04036	h2	TypeI	1	HG04036_h2_HML-2_11q23.3_graph_hgsvc3-2024-02-23-mc-chm13
11q23.3	HG04115	mat	TypeI	1	HG04115_mat_hprc_r2_v1.0.1_HML-2_11q23.3
11q23.3	HG04115	pat	TypeI	1	HG04115_pat_hprc_r2_v1.0.1_HML-2_11q23.3
11q23.3	HG04157	mat	TypeI	1	HG04157_mat_hprc_r2_v1.0.1_HML-2_11q23.3
11q23.3	HG04157	pat	TypeI	1	HG04157_pat_hprc_r2_v1.0.1_HML-2_11q23.3
11q23.3	HG04160	mat	TypeI	1	HG04160_mat_hprc_r2_v1.0.1_HML-2_11q23.3
11q23.3	HG04160	pat	TypeI	1	HG04160_pat_hprc_r2_v1.0.1_HML-2_11q23.3
11q23.3	HG04184	mat	TypeI	1	HG04184_mat_hprc_r2_v1.0.1_HML-2_11q23.3
11q23.3	HG04184	pat	TypeI	1	HG04184_pat_hprc_r2_v1.0.1_HML-2_11q23.3
11q23.3	HG04187	mat	TypeI	1	HG04187_mat_hprc_r2_v1.0.1_HML-2_11q23.3
11q23.3	HG04187	pat	TypeI	1	HG04187_pat_hprc_r2_v1.0.1_HML-2_11q23.3
11q23.3	HG04199	mat	TypeI	1	HG04199_mat_hprc_r2_v1.0.1_HML-2_11q23.3
11q23.3	HG04199	pat	TypeI	1	HG04199_pat_hprc_r2_v1.0.1_HML-2_11q23.3
11q23.3	HG04204	mat	TypeI	1	HG04204_mat_hprc_r2_v1.0.1_HML-2_11q23.3
11q23.3	HG04204	pat	TypeI	1	HG04204_pat_hprc_r2_v1.0.1_HML-2_11q23.3
11q23.3	HG04217	h1	TypeI	1	HG04217_h1_HML-2_11q23.3_graph_hgsvc3-2024-02-23-mc-chm13
11q23.3	HG04217	h2	TypeI	1	HG04217_h2_HML-2_11q23.3_graph_hgsvc3-2024-02-23-mc-chm13
11q23.3	HG04228	mat	TypeI	1	HG04228_mat_hprc_r2_v1.0.1_HML-2_11q23.3
11q23.3	HG04228	pat	TypeI	1	HG04228_pat_hprc_r2_v1.0.1_HML-2_11q23.3
11q23.3	HG06807	mat	TypeI	1	HG06807_mat_v1.0.genbank_HML-2_11q23.3
11q23.3	HG06807	pat	TypeI	1	HG06807_pat_v1.0.genbank_HML-2_11q23.3
11q23.3	NA12329	h1	TypeI	1	NA12329_h1_HML-2_11q23.3_graph_hgsvc3-2024-02-23-mc-chm13
11q23.3	NA12329	h2	TypeI	1	NA12329_h2_HML-2_11q23.3_graph_hgsvc3-2024-02-23-mc-chm13
11q23.3	NA18505	h1	TypeI	1	NA18505_hap1_hprc_r2_v1.0.1_HML-2_11q23.3
11q23.3	NA18505	h2	TypeI	1	NA18505_hap2_hprc_r2_v1.0.1_HML-2_11q23.3
11q23.3	NA18508	h1	TypeI	1	NA18508_hap1_hprc_r2_v1.0.1_HML-2_11q23.3
11q23.3	NA18508	h2	TypeI	1	NA18508_hap2_hprc_r2_v1.0.1_HML-2_11q23.3
11q23.3	NA18522	h1	TypeI	1	NA18522_hap1_hprc_r2_v1.0.1_HML-2_11q23.3
11q23.3	NA18522	h2	TypeI	1	NA18522_hap2_hprc_r2_v1.0.1_HML-2_11q23.3
11q23.3	NA18534	h1	TypeI	1	NA18534_h1_HML-2_11q23.3_graph_hgsvc3-2024-02-23-mc-chm13
11q23.3	NA18534	h2	TypeI	1	NA18534_h2_HML-2_11q23.3_graph_hgsvc3-2024-02-23-mc-chm13
11q23.3	NA18565	h1	TypeI	1	NA18565_hap1_hprc_r2_v1.0.1_HML-2_11q23.3
11q23.3	NA18565	h2	TypeI	1	NA18565_hap2_hprc_r2_v1.0.1_HML-2_11q23.3
11q23.3	NA18570	h1	TypeI	1	NA18570_hap1_hprc_r2_v1.0.1_HML-2_11q23.3
11q23.3	NA18570	h2	TypeI	1	NA18570_hap2_hprc_r2_v1.0.1_HML-2_11q23.3
11q23.3	NA18608	h1	TypeI	1	NA18608_hap1_hprc_r2_v1.0.1_HML-2_11q23.3
11q23.3	NA18608	h2	TypeI	1	NA18608_hap2_hprc_r2_v1.0.1_HML-2_11q23.3
11q23.3	NA18620	h1	TypeI	1	NA18620_hap1_hprc_r2_v1.0.1_HML-2_11q23.3
11q23.3	NA18620	h2	TypeI	1	NA18620_hap2_hprc_r2_v1.0.1_HML-2_11q23.3
11q23.3	NA18747	h1	TypeI	1	NA18747_hap1_hprc_r2_v1.0.1_HML-2_11q23.3
11q23.3	NA18747	h2	TypeI	1	NA18747_hap2_hprc_r2_v1.0.1_HML-2_11q23.3
11q23.3	NA18879	h1	TypeI	1	NA18879_hap1_hprc_r2_v1.0.1_HML-2_11q23.3
11q23.3	NA18879	h2	TypeI	1	NA18879_hap2_hprc_r2_v1.0.1_HML-2_11q23.3
11q23.3	NA18906	mat	TypeI	1	NA18906_mat_hprc_r2_v1.0.1_HML-2_11q23.3
11q23.3	NA18906	pat	TypeI	1	NA18906_pat_hprc_r2_v1.0.1_HML-2_11q23.3
11q23.3	NA18939	h1	TypeI	1	NA18939_h1_HML-2_11q23.3_graph_hgsvc3-2024-02-23-mc-chm13
11q23.3	NA18939	h2	TypeI	1	NA18939_h2_HML-2_11q23.3_graph_hgsvc3-2024-02-23-mc-chm13
11q23.3	NA18940	h1	TypeI	1	NA18940_hap1_hprc_r2_v1.0.1_HML-2_11q23.3
11q23.3	NA18940	h2	TypeI	1	NA18940_hap2_hprc_r2_v1.0.1_HML-2_11q23.3
11q23.3	NA18943	h1	TypeI	1	NA18943_hap1_hprc_r2_v1.0.1_HML-2_11q23.3
11q23.3	NA18943	h2	TypeI	1	NA18943_hap2_hprc_r2_v1.0.1_HML-2_11q23.3
11q23.3	NA18944	h1	TypeI	1	NA18944_hap1_hprc_r2_v1.0.1_HML-2_11q23.3
11q23.3	NA18944	h2	TypeI	1	NA18944_hap2_hprc_r2_v1.0.1_HML-2_11q23.3
11q23.3	NA18945	h1	TypeI	1	NA18945_hap1_hprc_r2_v1.0.1_HML-2_11q23.3
11q23.3	NA18945	h2	TypeI	1	NA18945_hap2_hprc_r2_v1.0.1_HML-2_11q23.3
11q23.3	NA18948	h1	TypeI	1	NA18948_hap1_hprc_r2_v1.0.1_HML-2_11q23.3
11q23.3	NA18948	h2	TypeI	1	NA18948_hap2_hprc_r2_v1.0.1_HML-2_11q23.3
11q23.3	NA18952	h1	TypeI	1	NA18952_hap1_hprc_r2_v1.0.1_HML-2_11q23.3
11q23.3	NA18952	h2	TypeI	1	NA18952_hap2_hprc_r2_v1.0.1_HML-2_11q23.3
11q23.3	NA18959	h1	TypeI	1	NA18959_hap1_hprc_r2_v1.0.1_HML-2_11q23.3
11q23.3	NA18959	h2	solo_LTR	1	NA18959_hap2_hprc_r2_v1.0.1_HML-2_11q23.3
11q23.3	NA18960	h1	TypeI	1	NA18960_hap1_hprc_r2_v1.0.1_HML-2_11q23.3
11q23.3	NA18960	h2	TypeI	1	NA18960_hap2_hprc_r2_v1.0.1_HML-2_11q23.3
11q23.3	NA18967	h1	TypeI	1	NA18967_hap1_hprc_r2_v1.0.1_HML-2_11q23.3
11q23.3	NA18967	h2	TypeI	1	NA18967_hap2_hprc_r2_v1.0.1_HML-2_11q23.3
11q23.3	NA18970	h1	TypeI	1	NA18970_hap1_hprc_r2_v1.0.1_HML-2_11q23.3
11q23.3	NA18970	h2	TypeI	1	NA18970_hap2_hprc_r2_v1.0.1_HML-2_11q23.3
11q23.3	NA18971	h1	solo_LTR	1	NA18971_hap1_hprc_r2_v1.0.1_HML-2_11q23.3
11q23.3	NA18971	h2	TypeI	1	NA18971_hap2_hprc_r2_v1.0.1_HML-2_11q23.3
11q23.3	NA18974	h1	TypeI	1	NA18974_hap1_hprc_r2_v1.0.1_HML-2_11q23.3
11q23.3	NA18974	h2	TypeI	1	NA18974_hap2_hprc_r2_v1.0.1_HML-2_11q23.3
11q23.3	NA18976	h1	TypeI	1	NA18976_hap1_hprc_r2_v1.0.1_HML-2_11q23.3
11q23.3	NA18976	h2	TypeI	1	NA18976_hap2_hprc_r2_v1.0.1_HML-2_11q23.3
11q23.3	NA18982	h1	TypeI	1	NA18982_hap1_hprc_r2_v1.0.1_HML-2_11q23.3
11q23.3	NA18982	h2	TypeI	1	NA18982_hap2_hprc_r2_v1.0.1_HML-2_11q23.3
11q23.3	NA18983	h1	TypeI	1	NA18983_hap1_hprc_r2_v1.0.1_HML-2_11q23.3
11q23.3	NA18983	h2	TypeI	1	NA18983_hap2_hprc_r2_v1.0.1_HML-2_11q23.3
11q23.3	NA18989	h1	solo_LTR	1	NA18989_h1_HML-2_11q23.3_graph_hgsvc3-2024-02-23-mc-chm13
11q23.3	NA18989	h2	TypeI	1	NA18989_h2_HML-2_11q23.3_graph_hgsvc3-2024-02-23-mc-chm13
11q23.3	NA19036	h1	TypeI	1	NA19036_hap1_hprc_r2_v1.0.1_HML-2_11q23.3
11q23.3	NA19036	h2	TypeI	1	NA19036_hap2_hprc_r2_v1.0.1_HML-2_11q23.3
11q23.3	NA19043	h1	TypeI	1	NA19043_hap1_hprc_r2_v1.0.1_HML-2_11q23.3
11q23.3	NA19043	h2	TypeI	1	NA19043_hap2_hprc_r2_v1.0.1_HML-2_11q23.3
11q23.3	NA19087	h1	TypeI	1	NA19087_hap1_hprc_r2_v1.0.1_HML-2_11q23.3
11q23.3	NA19087	h2	solo_LTR	1	NA19087_hap2_hprc_r2_v1.0.1_HML-2_11q23.3
11q23.3	NA19129	h1	TypeI	1	NA19129_h1_HML-2_11q23.3_graph_hgsvc3-2024-02-23-mc-chm13
11q23.3	NA19129	h2	TypeI	1	NA19129_h2_HML-2_11q23.3_graph_hgsvc3-2024-02-23-mc-chm13
11q23.3	NA19159	h1	TypeI	1	NA19159_hap1_hprc_r2_v1.0.1_HML-2_11q23.3
11q23.3	NA19159	h2	TypeI	1	NA19159_hap2_hprc_r2_v1.0.1_HML-2_11q23.3
11q23.3	NA19185	h1	TypeI	1	NA19185_hap1_hprc_r2_v1.0.1_HML-2_11q23.3
11q23.3	NA19185	h2	TypeI	1	NA19185_hap2_hprc_r2_v1.0.1_HML-2_11q23.3
11q23.3	NA19238	h1	TypeI	1	NA19238_h1_HML-2_11q23.3_graph_hgsvc3-2024-02-23-mc-chm13
11q23.3	NA19238	h2	TypeI	1	NA19238_h2_HML-2_11q23.3_graph_hgsvc3-2024-02-23-mc-chm13
11q23.3	NA19239	h1	TypeI	1	NA19239_h1_HML-2_11q23.3_graph_hgsvc3-2024-02-23-mc-chm13
11q23.3	NA19239	h2	TypeI	1	NA19239_h2_HML-2_11q23.3_graph_hgsvc3-2024-02-23-mc-chm13
11q23.3	NA19240	mat	TypeI	1	NA19240_mat_hprc_r2_v1.0.1_HML-2_11q23.3
11q23.3	NA19240	pat	TypeI	1	NA19240_pat_hprc_r2_v1.0.1_HML-2_11q23.3
11q23.3	NA19317	h1	TypeI	1	NA19317_h1_HML-2_11q23.3_graph_hgsvc3-2024-02-23-mc-chm13
11q23.3	NA19317	h2	TypeI	1	NA19317_h2_HML-2_11q23.3_graph_hgsvc3-2024-02-23-mc-chm13
11q23.3	NA19331	h1	TypeI	1	NA19331_h1_HML-2_11q23.3_graph_hgsvc3-2024-02-23-mc-chm13
11q23.3	NA19331	h2	TypeI	1	NA19331_h2_HML-2_11q23.3_graph_hgsvc3-2024-02-23-mc-chm13
11q23.3	NA19338	h1	TypeI	1	NA19338_hap1_hprc_r2_v1.0.1_HML-2_11q23.3
11q23.3	NA19338	h2	TypeI	1	NA19338_hap2_hprc_r2_v1.0.1_HML-2_11q23.3
11q23.3	NA19347	h1	TypeI	1	NA19347_h1_HML-2_11q23.3_graph_hgsvc3-2024-02-23-mc-chm13
11q23.3	NA19347	h2	TypeI	1	NA19347_h2_HML-2_11q23.3_graph_hgsvc3-2024-02-23-mc-chm13
11q23.3	NA19384	h1	TypeI	1	NA19384_h1_HML-2_11q23.3_graph_hgsvc3-2024-02-23-mc-chm13
11q23.3	NA19384	h2	TypeI	1	NA19384_h2_HML-2_11q23.3_graph_hgsvc3-2024-02-23-mc-chm13
11q23.3	NA19391	h1	TypeI	1	NA19391_hap1_hprc_r2_v1.0.1_HML-2_11q23.3
11q23.3	NA19391	h2	TypeI	1	NA19391_hap2_hprc_r2_v1.0.1_HML-2_11q23.3
11q23.3	NA19434	h1	TypeI	1	NA19434_h1_HML-2_11q23.3_graph_hgsvc3-2024-02-23-mc-chm13
11q23.3	NA19434	h2	TypeI	1	NA19434_h2_HML-2_11q23.3_graph_hgsvc3-2024-02-23-mc-chm13
11q23.3	NA19443	h1	solo_LTR	1	NA19443_hap1_hprc_r2_v1.0.1_HML-2_11q23.3
11q23.3	NA19443	h2	TypeI	1	NA19443_hap2_hprc_r2_v1.0.1_HML-2_11q23.3
11q23.3	NA19468	h1	TypeI	1	NA19468_hap1_hprc_r2_v1.0.1_HML-2_11q23.3
11q23.3	NA19468	h2	TypeI	1	NA19468_hap2_hprc_r2_v1.0.1_HML-2_11q23.3
11q23.3	NA19650	h1	TypeI	1	NA19650_h1_HML-2_11q23.3_graph_hgsvc3-2024-02-23-mc-chm13
11q23.3	NA19650	h2	TypeI	1	NA19650_h2_HML-2_11q23.3_graph_hgsvc3-2024-02-23-mc-chm13
11q23.3	NA19682	h1	TypeI	1	NA19682_hap1_hprc_r2_v1.0.1_HML-2_11q23.3
11q23.3	NA19682	h2	TypeI	1	NA19682_hap2_hprc_r2_v1.0.1_HML-2_11q23.3
11q23.3	NA19700	h1	TypeI	1	NA19700_hap1_hprc_r2_v1.0.1_HML-2_11q23.3
11q23.3	NA19700	h2	TypeI	1	NA19700_hap2_hprc_r2_v1.0.1_HML-2_11q23.3
11q23.3	NA19705	h1	TypeI	1	NA19705_h1_HML-2_11q23.3_graph_hgsvc3-2024-02-23-mc-chm13
11q23.3	NA19705	h2	TypeI	1	NA19705_h2_HML-2_11q23.3_graph_hgsvc3-2024-02-23-mc-chm13
11q23.3	NA19776	h1	TypeI	1	NA19776_hap1_hprc_r2_v1.0.1_HML-2_11q23.3
11q23.3	NA19776	h2	TypeI	1	NA19776_hap2_hprc_r2_v1.0.1_HML-2_11q23.3
11q23.3	NA19835	h1	TypeI	1	NA19835_hap1_hprc_r2_v1.0.1_HML-2_11q23.3
11q23.3	NA19835	h2	TypeI	1	NA19835_hap2_hprc_r2_v1.0.1_HML-2_11q23.3
11q23.3	NA19836	h1	TypeI	1	NA19836_h1_HML-2_11q23.3_graph_hgsvc3-2024-02-23-mc-chm13
11q23.3	NA19836	h2	TypeI	1	NA19836_h2_HML-2_11q23.3_graph_hgsvc3-2024-02-23-mc-chm13
11q23.3	NA19909	h1	TypeI	1	NA19909_hap1_hprc_r2_v1.0.1_HML-2_11q23.3
11q23.3	NA19909	h2	TypeI	1	NA19909_hap2_hprc_r2_v1.0.1_HML-2_11q23.3
11q23.3	NA19983	h1	TypeI	1	NA19983_h1_HML-2_11q23.3_graph_hgsvc3-2024-02-23-mc-chm13
11q23.3	NA19983	h2	TypeI	1	NA19983_h2_HML-2_11q23.3_graph_hgsvc3-2024-02-23-mc-chm13
11q23.3	NA20129	mat	TypeI	1	NA20129_mat_hprc_r2_v1.0.1_HML-2_11q23.3
11q23.3	NA20129	pat	solo_LTR	1	NA20129_pat_hprc_r2_v1.0.1_HML-2_11q23.3
11q23.3	NA20282	h1	TypeI	1	NA20282_hap1_hprc_r2_v1.0.1_HML-2_11q23.3
11q23.3	NA20282	h2	solo_LTR	1	NA20282_hap2_hprc_r2_v1.0.1_HML-2_11q23.3
11q23.3	NA20346	h1	TypeI	1	NA20346_hap1_hprc_r2_v1.0.1_HML-2_11q23.3
11q23.3	NA20346	h2	TypeI	1	NA20346_hap2_hprc_r2_v1.0.1_HML-2_11q23.3
11q23.3	NA20355	h1	TypeI	1	NA20355_h1_HML-2_11q23.3_graph_hgsvc3-2024-02-23-mc-chm13
11q23.3	NA20355	h2	TypeI	1	NA20355_h2_HML-2_11q23.3_graph_hgsvc3-2024-02-23-mc-chm13
11q23.3	NA20503	h1	TypeI	1	NA20503_hap1_hprc_r2_v1.0.1_HML-2_11q23.3
11q23.3	NA20503	h2	TypeI	1	NA20503_hap2_hprc_r2_v1.0.1_HML-2_11q23.3
11q23.3	NA20509	h1	TypeI	1	NA20509_h1_HML-2_11q23.3_graph_hgsvc3-2024-02-23-mc-chm13
11q23.3	NA20509	h2	TypeI	1	NA20509_h2_HML-2_11q23.3_graph_hgsvc3-2024-02-23-mc-chm13
11q23.3	NA20752	h1	TypeI	1	NA20752_hap1_hprc_r2_v1.0.1_HML-2_11q23.3
11q23.3	NA20752	h2	TypeI	1	NA20752_hap2_hprc_r2_v1.0.1_HML-2_11q23.3
11q23.3	NA20762	h1	TypeI	1	NA20762_hap1_hprc_r2_v1.0.1_HML-2_11q23.3
11q23.3	NA20762	h2	TypeI	1	NA20762_hap2_hprc_r2_v1.0.1_HML-2_11q23.3
11q23.3	NA20799	h1	TypeI	1	NA20799_hap1_hprc_r2_v1.0.1_HML-2_11q23.3
11q23.3	NA20799	h2	TypeI	1	NA20799_hap2_hprc_r2_v1.0.1_HML-2_11q23.3
11q23.3	NA20805	h1	TypeI	1	NA20805_hap1_hprc_r2_v1.0.1_HML-2_11q23.3
11q23.3	NA20805	h2	TypeI	1	NA20805_hap2_hprc_r2_v1.0.1_HML-2_11q23.3
11q23.3	NA20806	h1	TypeI	1	NA20806_hap1_hprc_r2_v1.0.1_HML-2_11q23.3
11q23.3	NA20806	h2	TypeI	1	NA20806_hap2_hprc_r2_v1.0.1_HML-2_11q23.3
11q23.3	NA20809	h1	TypeI	1	NA20809_hap1_hprc_r2_v1.0.1_HML-2_11q23.3
11q23.3	NA20809	h2	TypeI	1	NA20809_hap2_hprc_r2_v1.0.1_HML-2_11q23.3
11q23.3	NA20827	h1	TypeI	1	NA20827_hap1_hprc_r2_v1.0.1_HML-2_11q23.3
11q23.3	NA20827	h2	TypeI	1	NA20827_hap2_hprc_r2_v1.0.1_HML-2_11q23.3
11q23.3	NA20847	h1	TypeI	1	NA20847_h1_HML-2_11q23.3_graph_hgsvc3-2024-02-23-mc-chm13
11q23.3	NA20847	h2	TypeI	1	NA20847_h2_HML-2_11q23.3_graph_hgsvc3-2024-02-23-mc-chm13
11q23.3	NA20850	h1	TypeI	1	NA20850_hap1_hprc_r2_v1.0.1_HML-2_11q23.3
11q23.3	NA20850	h2	TypeI	1	NA20850_hap2_hprc_r2_v1.0.1_HML-2_11q23.3
11q23.3	NA20870	h1	TypeI	1	NA20870_hap1_hprc_r2_v1.0.1_HML-2_11q23.3
11q23.3	NA20870	h2	TypeI	1	NA20870_hap2_hprc_r2_v1.0.1_HML-2_11q23.3
11q23.3	NA20905	h1	TypeI	1	NA20905_hap1_hprc_r2_v1.0.1_HML-2_11q23.3
11q23.3	NA20905	h2	TypeI	1	NA20905_hap2_hprc_r2_v1.0.1_HML-2_11q23.3
11q23.3	NA21093	h1	TypeI	1	NA21093_hap1_hprc_r2_v1.0.1_HML-2_11q23.3
11q23.3	NA21093	h2	TypeI	1	NA21093_hap2_hprc_r2_v1.0.1_HML-2_11q23.3
11q23.3	NA21102	h1	TypeI	1	NA21102_hap1_hprc_r2_v1.0.1_HML-2_11q23.3
11q23.3	NA21102	h2	TypeI	1	NA21102_hap2_hprc_r2_v1.0.1_HML-2_11q23.3
11q23.3	NA21106	h1	TypeI	1	NA21106_hap1_hprc_r2_v1.0.1_HML-2_11q23.3
11q23.3	NA21106	h2	TypeI	1	NA21106_hap2_hprc_r2_v1.0.1_HML-2_11q23.3
11q23.3	NA21110	h1	TypeI	1	NA21110_hap1_hprc_r2_v1.0.1_HML-2_11q23.3
11q23.3	NA21110	h2	TypeI	1	NA21110_hap2_hprc_r2_v1.0.1_HML-2_11q23.3
11q23.3	NA21144	h1	TypeI	1	NA21144_hap1_hprc_r2_v1.0.1_HML-2_11q23.3
11q23.3	NA21144	h2	TypeI	1	NA21144_hap2_hprc_r2_v1.0.1_HML-2_11q23.3
11q23.3	NA21309	mat	TypeI	1	NA21309_mat_hprc_r2_v1.0.1_HML-2_11q23.3
11q23.3	NA21309	pat	TypeI	1	NA21309_pat_hprc_r2_v1.0.1_HML-2_11q23.3
11q23.3	NA21487	h1	TypeI	1	NA21487_h1_HML-2_11q23.3_graph_hgsvc3-2024-02-23-mc-chm13
11q23.3	NA21487	h2	TypeI	1	NA21487_h2_HML-2_11q23.3_graph_hgsvc3-2024-02-23-mc-chm13
11q23.3	NA24385	h1	TypeI	1	NA24385_h1_HML-2_11q23.3_graph_hgsvc3-2024-02-23-mc-chm13
11q23.3	NA24385	h2	TypeI	1	NA24385_h2_HML-2_11q23.3_graph_hgsvc3-2024-02-23-mc-chm13
12q13.2	HG00096	h1	noncarrier	1	HG00096_h1_HML-2_12q13.2_graph_hgsvc3-2024-02-23-mc-chm13
12q13.2	HG00096	h2	solo_LTR	1	HG00096_h2_HML-2_12q13.2_graph_hgsvc3-2024-02-23-mc-chm13
12q13.2	HG00097	h1	TypeI	1	HG00097_hap1_hprc_r2_v1.0.1_HML-2_12q13.2
12q13.2	HG00097	h2	TypeI	1	HG00097_hap2_hprc_r2_v1.0.1_HML-2_12q13.2
12q13.2	HG00099	h1	TypeI	1	HG00099_hap1_hprc_r2_v1.0.1_HML-2_12q13.2
12q13.2	HG00099	h2	TypeI	1	HG00099_hap2_hprc_r2_v1.0.1_HML-2_12q13.2
12q13.2	HG00126	h1	TypeI	1	HG00126_hap1_hprc_r2_v1.0.1_HML-2_12q13.2
12q13.2	HG00126	h2	noncarrier	1	HG00126_hap2_hprc_r2_v1.0.1_HML-2_12q13.2
12q13.2	HG00128	h1	TypeI	1	HG00128_hap1_hprc_r2_v1.0.1_HML-2_12q13.2
12q13.2	HG00128	h2	TypeI	1	HG00128_hap2_hprc_r2_v1.0.1_HML-2_12q13.2
12q13.2	HG00133	h1	solo_LTR	1	HG00133_hap1_hprc_r2_v1.0.1_HML-2_12q13.2
12q13.2	HG00133	h2	TypeI	1	HG00133_hap2_hprc_r2_v1.0.1_HML-2_12q13.2
12q13.2	HG00140	h1	noncarrier	1	HG00140_hap1_hprc_r2_v1.0.1_HML-2_12q13.2
12q13.2	HG00140	h2	solo_LTR	1	HG00140_hap2_hprc_r2_v1.0.1_HML-2_12q13.2
12q13.2	HG00146	h1	TypeI	1	HG00146_hap1_hprc_r2_v1.0.1_HML-2_12q13.2
12q13.2	HG00146	h2	noncarrier	1	HG00146_hap2_hprc_r2_v1.0.1_HML-2_12q13.2
12q13.2	HG00171	h1	solo_LTR	1	HG00171_h1_HML-2_12q13.2_graph_hgsvc3-2024-02-23-mc-chm13
12q13.2	HG00171	h2	solo_LTR	1	HG00171_h2_HML-2_12q13.2_graph_hgsvc3-2024-02-23-mc-chm13
12q13.2	HG00232	h1	TypeI	1	HG00232_hap1_hprc_r2_v1.0.1_HML-2_12q13.2
12q13.2	HG00232	h2	TypeI	1	HG00232_hap2_hprc_r2_v1.0.1_HML-2_12q13.2
12q13.2	HG00235	h1	noncarrier	1	HG00235_hap1_hprc_r2_v1.0.1_HML-2_12q13.2
12q13.2	HG00235	h2	TypeI	1	HG00235_hap2_hprc_r2_v1.0.1_HML-2_12q13.2
12q13.2	HG00253	h1	solo_LTR	1	HG00253_hap1_hprc_r2_v1.0.1_HML-2_12q13.2
12q13.2	HG00253	h2	TypeI	1	HG00253_hap2_hprc_r2_v1.0.1_HML-2_12q13.2
12q13.2	HG00268	h1	solo_LTR	1	HG00268_h1_HML-2_12q13.2_graph_hgsvc3-2024-02-23-mc-chm13
12q13.2	HG00268	h2	noncarrier	2	HG00268_h2_HML-2_12q13.2_graph_hgsvc3-2024-02-23-mc-chm13|HG00268_h2_HML-2_12q13.2_technical_error
12q13.2	HG00272	h1	TypeI	1	HG00272_hap1_hprc_r2_v1.0.1_HML-2_12q13.2
12q13.2	HG00272	h2	solo_LTR	1	HG00272_hap2_hprc_r2_v1.0.1_HML-2_12q13.2
12q13.2	HG00280	h1	solo_LTR	1	HG00280_hap1_hprc_r2_v1.0.1_HML-2_12q13.2
12q13.2	HG00280	h2	TypeI	1	HG00280_hap2_hprc_r2_v1.0.1_HML-2_12q13.2
12q13.2	HG00290	h1	TypeI	1	HG00290_hap1_hprc_r2_v1.0.1_HML-2_12q13.2
12q13.2	HG00290	h2	noncarrier	1	HG00290_hap2_hprc_r2_v1.0.1_HML-2_12q13.2
12q13.2	HG00320	h1	TypeI	1	HG00320_hap1_hprc_r2_v1.0.1_HML-2_12q13.2
12q13.2	HG00320	h2	solo_LTR	1	HG00320_hap2_hprc_r2_v1.0.1_HML-2_12q13.2
12q13.2	HG00321	h1	TypeI	1	HG00321_hap1_hprc_r2_v1.0.1_HML-2_12q13.2
12q13.2	HG00321	h2	TypeI	1	HG00321_hap2_hprc_r2_v1.0.1_HML-2_12q13.2
12q13.2	HG00323	h1	TypeI	1	HG00323_hap1_hprc_r2_v1.0.1_HML-2_12q13.2
12q13.2	HG00323	h2	TypeI	1	HG00323_hap2_hprc_r2_v1.0.1_HML-2_12q13.2
12q13.2	HG00329	h1	noncarrier	1	HG00329_hap1_hprc_r2_v1.0.1_HML-2_12q13.2
12q13.2	HG00329	h2	TypeI	1	HG00329_hap2_hprc_r2_v1.0.1_HML-2_12q13.2
12q13.2	HG00344	h1	TypeI	1	HG00344_hap1_hprc_r2_v1.0.1_HML-2_12q13.2
12q13.2	HG00344	h2	TypeI	1	HG00344_hap2_hprc_r2_v1.0.1_HML-2_12q13.2
12q13.2	HG00350	h1	TypeI	1	HG00350_hap1_hprc_r2_v1.0.1_HML-2_12q13.2
12q13.2	HG00350	h2	TypeI	1	HG00350_hap2_hprc_r2_v1.0.1_HML-2_12q13.2
12q13.2	HG00358	h1	solo_LTR	1	HG00358_h1_HML-2_12q13.2_graph_hgsvc3-2024-02-23-mc-chm13
12q13.2	HG00358	h2	solo_LTR	1	HG00358_h2_HML-2_12q13.2_graph_hgsvc3-2024-02-23-mc-chm13
12q13.2	HG00408	mat	TypeI	1	HG00408_mat_hprc_r2_v1.0.1_HML-2_12q13.2
12q13.2	HG00408	pat	TypeI	1	HG00408_pat_hprc_r2_v1.0.1_HML-2_12q13.2
12q13.2	HG00423	mat	noncarrier	1	HG00423_mat_hprc_r2_v1.0.1_HML-2_12q13.2
12q13.2	HG00423	pat	noncarrier	1	HG00423_pat_hprc_r2_v1.0.1_HML-2_12q13.2
12q13.2	HG00438	mat	noncarrier	1	HG00438_mat_hprc_r2_v1.0.1_HML-2_12q13.2
12q13.2	HG00438	pat	TypeI	1	HG00438_pat_hprc_r2_v1.0.1_HML-2_12q13.2
12q13.2	HG005	mat	solo_LTR	1	HG005_mat_hprc_r2_v1.0.1_HML-2_12q13.2
12q13.2	HG005	pat	TypeI	1	HG005_pat_hprc_r2_v1.0.1_HML-2_12q13.2
12q13.2	HG00512	h1	noncarrier	1	HG00512_h1_HML-2_12q13.2_graph_hgsvc3-2024-02-23-mc-chm13
12q13.2	HG00512	h2	noncarrier	2	HG00512_h2_HML-2_12q13.2_graph_hgsvc3-2024-02-23-mc-chm13|HG00512_h2_HML-2_12q13.2_technical_error
12q13.2	HG00513	h1	noncarrier	1	HG00513_h1_HML-2_12q13.2_graph_hgsvc3-2024-02-23-mc-chm13
12q13.2	HG00513	h2	TypeI	2	HG00513_h2_HML-2_12q13.2_graph_hgsvc3-2024-02-23-mc-chm13_MULTI_part1|HG00513_h2_HML-2_12q13.2_graph_hgsvc3-2024-02-23-mc-chm13_MULTI_part2
12q13.2	HG00514	h1	noncarrier	1	HG00514_h1_HML-2_12q13.2_graph_hgsvc3-2024-02-23-mc-chm13
12q13.2	HG00514	h2	noncarrier	2	HG00514_h2_HML-2_12q13.2_graph_hgsvc3-2024-02-23-mc-chm13|HG00514_h2_HML-2_12q13.2_technical_error
12q13.2	HG00544	mat	TypeI	1	HG00544_mat_hprc_r2_v1.0.1_HML-2_12q13.2
12q13.2	HG00544	pat	TypeI	1	HG00544_pat_hprc_r2_v1.0.1_HML-2_12q13.2
12q13.2	HG00558	mat	TypeI	1	HG00558_mat_hprc_r2_v1.0.1_HML-2_12q13.2
12q13.2	HG00558	pat	noncarrier	1	HG00558_pat_hprc_r2_v1.0.1_HML-2_12q13.2
12q13.2	HG00597	mat	TypeI	1	HG00597_mat_hprc_r2_v1.0.1_HML-2_12q13.2
12q13.2	HG00597	pat	noncarrier	1	HG00597_pat_hprc_r2_v1.0.1_HML-2_12q13.2
12q13.2	HG00609	mat	noncarrier	1	HG00609_mat_hprc_r2_v1.0.1_HML-2_12q13.2
12q13.2	HG00609	pat	noncarrier	1	HG00609_pat_hprc_r2_v1.0.1_HML-2_12q13.2
12q13.2	HG00621	mat	noncarrier	1	HG00621_mat_hprc_r2_v1.0.1_HML-2_12q13.2
12q13.2	HG00621	pat	noncarrier	1	HG00621_pat_hprc_r2_v1.0.1_HML-2_12q13.2
12q13.2	HG00639	mat	TypeI	1	HG00639_mat_hprc_r2_v1.0.1_HML-2_12q13.2
12q13.2	HG00639	pat	TypeI	1	HG00639_pat_hprc_r2_v1.0.1_HML-2_12q13.2
12q13.2	HG00642	mat	TypeI	1	HG00642_mat_hprc_r2_v1.0.1_HML-2_12q13.2
12q13.2	HG00642	pat	TypeI	1	HG00642_pat_hprc_r2_v1.0.1_HML-2_12q13.2
12q13.2	HG00658	mat	noncarrier	1	HG00658_mat_hprc_r2_v1.0.1_HML-2_12q13.2
12q13.2	HG00658	pat	noncarrier	1	HG00658_pat_hprc_r2_v1.0.1_HML-2_12q13.2
12q13.2	HG00673	mat	TypeI	1	HG00673_mat_hprc_r2_v1.0.1_HML-2_12q13.2
12q13.2	HG00673	pat	noncarrier	1	HG00673_pat_hprc_r2_v1.0.1_HML-2_12q13.2
12q13.2	HG00706	mat	TypeI	1	HG00706_mat_hprc_r2_v1.0.1_HML-2_12q13.2
12q13.2	HG00706	pat	TypeI	1	HG00706_pat_hprc_r2_v1.0.1_HML-2_12q13.2
12q13.2	HG00731	h1	noncarrier	1	HG00731_h1_HML-2_12q13.2_graph_hgsvc3-2024-02-23-mc-chm13
12q13.2	HG00731	h2	solo_LTR	1	HG00731_h2_HML-2_12q13.2_graph_hgsvc3-2024-02-23-mc-chm13
12q13.2	HG00732	h1	solo_LTR	1	HG00732_h1_HML-2_12q13.2_graph_hgsvc3-2024-02-23-mc-chm13
12q13.2	HG00732	h2	solo_LTR	1	HG00732_h2_HML-2_12q13.2_graph_hgsvc3-2024-02-23-mc-chm13
12q13.2	HG00733	mat	TypeI	1	HG00733_mat_hprc_r2_v1.0.1_HML-2_12q13.2
12q13.2	HG00733	pat	noncarrier	1	HG00733_pat_hprc_r2_v1.0.1_HML-2_12q13.2
12q13.2	HG00735	mat	noncarrier	1	HG00735_mat_hprc_r2_v1.0.1_HML-2_12q13.2
12q13.2	HG00735	pat	noncarrier	1	HG00735_pat_hprc_r2_v1.0.1_HML-2_12q13.2
12q13.2	HG00738	mat	TypeI	1	HG00738_mat_hprc_r2_v1.0.1_HML-2_12q13.2
12q13.2	HG00738	pat	noncarrier	1	HG00738_pat_hprc_r2_v1.0.1_HML-2_12q13.2
12q13.2	HG00741	mat	TypeI	1	HG00741_mat_hprc_r2_v1.0.1_HML-2_12q13.2
12q13.2	HG00741	pat	solo_LTR	1	HG00741_pat_hprc_r2_v1.0.1_HML-2_12q13.2
12q13.2	HG00864	h1	noncarrier	1	HG00864_h1_HML-2_12q13.2_graph_hgsvc3-2024-02-23-mc-chm13
12q13.2	HG00864	h2	noncarrier	2	HG00864_h2_HML-2_12q13.2_graph_hgsvc3-2024-02-23-mc-chm13|HG00864_h2_HML-2_12q13.2_technical_error
12q13.2	HG01071	mat	TypeI	1	HG01071_mat_hprc_r2_v1.0.1_HML-2_12q13.2
12q13.2	HG01071	pat	TypeI	1	HG01071_pat_hprc_r2_v1.0.1_HML-2_12q13.2
12q13.2	HG01074	mat	TypeI	1	HG01074_mat_hprc_r2_v1.0.1_HML-2_12q13.2
12q13.2	HG01074	pat	TypeI	1	HG01074_pat_hprc_r2_v1.0.1_HML-2_12q13.2
12q13.2	HG01081	mat	noncarrier	1	HG01081_mat_hprc_r2_v1.0.1_HML-2_12q13.2
12q13.2	HG01081	pat	TypeI	1	HG01081_pat_hprc_r2_v1.0.1_HML-2_12q13.2
12q13.2	HG01099	mat	solo_LTR	1	HG01099_mat_hprc_r2_v1.0.1_HML-2_12q13.2
12q13.2	HG01099	pat	TypeI	1	HG01099_pat_hprc_r2_v1.0.1_HML-2_12q13.2
12q13.2	HG01106	mat	noncarrier	1	HG01106_mat_hprc_r2_v1.0.1_HML-2_12q13.2
12q13.2	HG01106	pat	solo_LTR	1	HG01106_pat_hprc_r2_v1.0.1_HML-2_12q13.2
12q13.2	HG01109	mat	TypeI	1	HG01109_mat_hprc_r2_v1.0.1_HML-2_12q13.2
12q13.2	HG01109	pat	TypeI	1	HG01109_pat_hprc_r2_v1.0.1_HML-2_12q13.2
12q13.2	HG01114	h1	solo_LTR	1	HG01114_h1_HML-2_12q13.2_graph_hgsvc3-2024-02-23-mc-chm13
12q13.2	HG01114	h2	solo_LTR	1	HG01114_h2_HML-2_12q13.2_graph_hgsvc3-2024-02-23-mc-chm13
12q13.2	HG01123	mat	TypeI	1	HG01123_mat_hprc_r2_v1.0.1_HML-2_12q13.2
12q13.2	HG01123	pat	TypeI	1	HG01123_pat_hprc_r2_v1.0.1_HML-2_12q13.2
12q13.2	HG01150	mat	TypeI	1	HG01150_mat_hprc_r2_v1.0.1_HML-2_12q13.2
12q13.2	HG01150	pat	TypeI	1	HG01150_pat_hprc_r2_v1.0.1_HML-2_12q13.2
12q13.2	HG01167	h1	TypeI	1	HG01167_hap1_hprc_r2_v1.0.1_HML-2_12q13.2
12q13.2	HG01167	h2	noncarrier	1	HG01167_hap2_hprc_r2_v1.0.1_HML-2_12q13.2
12q13.2	HG01175	mat	TypeI	1	HG01175_mat_hprc_r2_v1.0.1_HML-2_12q13.2
12q13.2	HG01175	pat	TypeI	1	HG01175_pat_hprc_r2_v1.0.1_HML-2_12q13.2
12q13.2	HG01192	mat	TypeI	1	HG01192_mat_hprc_r2_v1.0.1_HML-2_12q13.2
12q13.2	HG01192	pat	TypeI	1	HG01192_pat_hprc_r2_v1.0.1_HML-2_12q13.2
12q13.2	HG01243	mat	solo_LTR	1	HG01243_mat_hprc_r2_v1.0.1_HML-2_12q13.2
12q13.2	HG01243	pat	noncarrier	1	HG01243_pat_hprc_r2_v1.0.1_HML-2_12q13.2
12q13.2	HG01252	mat	TypeI	1	HG01252_mat_hprc_r2_v1.0.1_HML-2_12q13.2
12q13.2	HG01252	pat	solo_LTR	1	HG01252_pat_hprc_r2_v1.0.1_HML-2_12q13.2
12q13.2	HG01255	mat	solo_LTR	1	HG01255_mat_hprc_r2_v1.0.1_HML-2_12q13.2
12q13.2	HG01255	pat	noncarrier	1	HG01255_pat_hprc_r2_v1.0.1_HML-2_12q13.2
12q13.2	HG01258	mat	TypeI	1	HG01258_mat_hprc_r2_v1.0.1_HML-2_12q13.2
12q13.2	HG01258	pat	noncarrier	1	HG01258_pat_hprc_r2_v1.0.1_HML-2_12q13.2
12q13.2	HG01261	mat	TypeI	1	HG01261_mat_hprc_r2_v1.0.1_HML-2_12q13.2
12q13.2	HG01261	pat	TypeI	1	HG01261_pat_hprc_r2_v1.0.1_HML-2_12q13.2
12q13.2	HG01346	mat	TypeI	1	HG01346_mat_hprc_r2_v1.0.1_HML-2_12q13.2
12q13.2	HG01346	pat	noncarrier	1	HG01346_pat_hprc_r2_v1.0.1_HML-2_12q13.2
12q13.2	HG01352	h1	solo_LTR	1	HG01352_h1_HML-2_12q13.2_graph_hgsvc3-2024-02-23-mc-chm13
12q13.2	HG01352	h2	TypeI	1	HG01352_h2_HML-2_12q13.2_graph_hgsvc3-2024-02-23-mc-chm13
12q13.2	HG01358	mat	TypeI	1	HG01358_mat_hprc_r2_v1.0.1_HML-2_12q13.2
12q13.2	HG01358	pat	noncarrier	1	HG01358_pat_hprc_r2_v1.0.1_HML-2_12q13.2
12q13.2	HG01361	mat	solo_LTR	1	HG01361_mat_hprc_r2_v1.0.1_HML-2_12q13.2
12q13.2	HG01361	pat	TypeI	1	HG01361_pat_hprc_r2_v1.0.1_HML-2_12q13.2
12q13.2	HG01433	mat	solo_LTR	1	HG01433_mat_hprc_r2_v1.0.1_HML-2_12q13.2
12q13.2	HG01433	pat	noncarrier	1	HG01433_pat_hprc_r2_v1.0.1_HML-2_12q13.2
12q13.2	HG01457	h1	solo_LTR	1	HG01457_h1_HML-2_12q13.2_graph_hgsvc3-2024-02-23-mc-chm13
12q13.2	HG01457	h2	solo_LTR	1	HG01457_h2_HML-2_12q13.2_graph_hgsvc3-2024-02-23-mc-chm13
12q13.2	HG01496	mat	noncarrier	1	HG01496_mat_hprc_r2_v1.0.1_HML-2_12q13.2
12q13.2	HG01496	pat	solo_LTR	1	HG01496_pat_hprc_r2_v1.0.1_HML-2_12q13.2
12q13.2	HG01505	h1	TypeI	1	HG01505_h1_HML-2_12q13.2_graph_hgsvc3-2024-02-23-mc-chm13
12q13.2	HG01505	h2	solo_LTR	1	HG01505_h2_HML-2_12q13.2_graph_hgsvc3-2024-02-23-mc-chm13
12q13.2	HG01530	h1	solo_LTR	1	HG01530_hap1_hprc_r2_v1.0.1_HML-2_12q13.2
12q13.2	HG01530	h2	noncarrier	1	HG01530_hap2_hprc_r2_v1.0.1_HML-2_12q13.2
12q13.2	HG01573	h1	solo_LTR	1	HG01573_h1_HML-2_12q13.2_graph_hgsvc3-2024-02-23-mc-chm13
12q13.2	HG01573	h2	noncarrier	2	HG01573_h2_HML-2_12q13.2_graph_hgsvc3-2024-02-23-mc-chm13|HG01573_h2_HML-2_12q13.2_technical_error
12q13.2	HG01596	h1	TypeI	1	HG01596_h1_HML-2_12q13.2_graph_hgsvc3-2024-02-23-mc-chm13
12q13.2	HG01596	h2	TypeI	1	HG01596_h2_HML-2_12q13.2_graph_hgsvc3-2024-02-23-mc-chm13
12q13.2	HG01784	h1	solo_LTR	1	HG01784_hap1_hprc_r2_v1.0.1_HML-2_12q13.2
12q13.2	HG01784	h2	noncarrier	1	HG01784_hap2_hprc_r2_v1.0.1_HML-2_12q13.2
12q13.2	HG01786	h1	TypeI	1	HG01786_hap1_hprc_r2_v1.0.1_HML-2_12q13.2
12q13.2	HG01786	h2	TypeI	1	HG01786_hap2_hprc_r2_v1.0.1_HML-2_12q13.2
12q13.2	HG01884	mat	TypeI	1	HG01884_mat_hprc_r2_v1.0.1_HML-2_12q13.2
12q13.2	HG01884	pat	TypeI	1	HG01884_pat_hprc_r2_v1.0.1_HML-2_12q13.2
12q13.2	HG01890	h1	TypeI	1	HG01890_h1_HML-2_12q13.2_graph_hgsvc3-2024-02-23-mc-chm13
12q13.2	HG01890	h2	TypeI	1	HG01890_h2_HML-2_12q13.2_graph_hgsvc3-2024-02-23-mc-chm13
12q13.2	HG01891	mat	noncarrier	1	HG01891_mat_hprc_r2_v1.0.1_HML-2_12q13.2
12q13.2	HG01891	pat	TypeI	1	HG01891_pat_hprc_r2_v1.0.1_HML-2_12q13.2
12q13.2	HG01928	mat	TypeI	1	HG01928_mat_hprc_r2_v1.0.1_HML-2_12q13.2
12q13.2	HG01928	pat	solo_LTR	1	HG01928_pat_hprc_r2_v1.0.1_HML-2_12q13.2
12q13.2	HG01934	mat	TypeI	1	HG01934_mat_hprc_r2_v1.0.1_HML-2_12q13.2
12q13.2	HG01934	pat	noncarrier	1	HG01934_pat_hprc_r2_v1.0.1_HML-2_12q13.2
12q13.2	HG01940	mat	TypeI	1	HG01940_mat_hprc_r2_v1.0.1_HML-2_12q13.2
12q13.2	HG01940	pat	TypeI	1	HG01940_pat_hprc_r2_v1.0.1_HML-2_12q13.2
12q13.2	HG01943	mat	TypeI	1	HG01943_mat_hprc_r2_v1.0.1_HML-2_12q13.2
12q13.2	HG01943	pat	solo_LTR	1	HG01943_pat_hprc_r2_v1.0.1_HML-2_12q13.2
12q13.2	HG01952	mat	noncarrier	1	HG01952_mat_hprc_r2_v1.0.1_HML-2_12q13.2
12q13.2	HG01952	pat	TypeI	1	HG01952_pat_hprc_r2_v1.0.1_HML-2_12q13.2
12q13.2	HG01960	mat	noncarrier	1	HG01960_mat_hprc_r2_v1.0.1_HML-2_12q13.2
12q13.2	HG01960	pat	solo_LTR	1	HG01960_pat_hprc_r2_v1.0.1_HML-2_12q13.2
12q13.2	HG01969	mat	TypeI	1	HG01969_mat_hprc_r2_v1.0.1_HML-2_12q13.2
12q13.2	HG01969	pat	solo_LTR	1	HG01969_pat_hprc_r2_v1.0.1_HML-2_12q13.2
12q13.2	HG01975	mat	TypeI	1	HG01975_mat_hprc_r2_v1.0.1_HML-2_12q13.2
12q13.2	HG01975	pat	noncarrier	1	HG01975_pat_hprc_r2_v1.0.1_HML-2_12q13.2
12q13.2	HG01978	mat	solo_LTR	1	HG01978_mat_hprc_r2_v1.1.0_HML-2_12q13.2
12q13.2	HG01978	pat	TypeI	1	HG01978_pat_hprc_r2_v1.1.0_HML-2_12q13.2
12q13.2	HG01981	mat	TypeI	1	HG01981_mat_hprc_r2_v1.0.1_HML-2_12q13.2
12q13.2	HG01981	pat	TypeI	1	HG01981_pat_hprc_r2_v1.0.1_HML-2_12q13.2
12q13.2	HG01993	mat	noncarrier	1	HG01993_mat_hprc_r2_v1.0.1_HML-2_12q13.2
12q13.2	HG01993	pat	solo_LTR	1	HG01993_pat_hprc_r2_v1.0.1_HML-2_12q13.2
12q13.2	HG02004	mat	TypeI	1	HG02004_mat_hprc_r2_v1.0.1_HML-2_12q13.2
12q13.2	HG02004	pat	TypeI	1	HG02004_pat_hprc_r2_v1.0.1_HML-2_12q13.2
12q13.2	HG02011	h1	noncarrier	1	HG02011_h1_HML-2_12q13.2_graph_hgsvc3-2024-02-23-mc-chm13
12q13.2	HG02011	h2	noncarrier	2	HG02011_h2_HML-2_12q13.2_graph_hgsvc3-2024-02-23-mc-chm13|HG02011_h2_HML-2_12q13.2_technical_error
12q13.2	HG02015	mat	TypeI	1	HG02015_mat_hprc_r2_v1.0.1_HML-2_12q13.2
12q13.2	HG02015	pat	noncarrier	1	HG02015_pat_hprc_r2_v1.0.1_HML-2_12q13.2
12q13.2	HG02018	h1	noncarrier	1	HG02018_h1_HML-2_12q13.2_graph_hgsvc3-2024-02-23-mc-chm13
12q13.2	HG02018	h2	noncarrier	2	HG02018_h2_HML-2_12q13.2_graph_hgsvc3-2024-02-23-mc-chm13|HG02018_h2_HML-2_12q13.2_technical_error
12q13.2	HG02027	mat	TypeI	1	HG02027_mat_hprc_r2_v1.0.1_HML-2_12q13.2
12q13.2	HG02027	pat	noncarrier	1	HG02027_pat_hprc_r2_v1.0.1_HML-2_12q13.2
12q13.2	HG02040	h1	solo_LTR	1	HG02040_hap1_hprc_r2_v1.0.1_HML-2_12q13.2
12q13.2	HG02040	h2	noncarrier	1	HG02040_hap2_hprc_r2_v1.0.1_HML-2_12q13.2
12q13.2	HG02055	mat	TypeI	1	HG02055_mat_hprc_r2_v1.0.1_HML-2_12q13.2
12q13.2	HG02055	pat	TypeI	1	HG02055_pat_hprc_r2_v1.0.1_HML-2_12q13.2
12q13.2	HG02056	mat	TypeI	1	HG02056_mat_hprc_r2_v1.0.1_HML-2_12q13.2
12q13.2	HG02056	pat	noncarrier	1	HG02056_pat_hprc_r2_v1.0.1_HML-2_12q13.2
12q13.2	HG02059	h1	noncarrier	1	HG02059_h1_HML-2_12q13.2_graph_hgsvc3-2024-02-23-mc-chm13
12q13.2	HG02059	h2	TypeI	1	HG02059_h2_HML-2_12q13.2_graph_hgsvc3-2024-02-23-mc-chm13
12q13.2	HG02071	mat	noncarrier	1	HG02071_mat_hprc_r2_v1.0.1_HML-2_12q13.2
12q13.2	HG02071	pat	noncarrier	1	HG02071_pat_hprc_r2_v1.0.1_HML-2_12q13.2
12q13.2	HG02074	mat	TypeI	1	HG02074_mat_hprc_r2_v1.0.1_HML-2_12q13.2
12q13.2	HG02074	pat	noncarrier	1	HG02074_pat_hprc_r2_v1.0.1_HML-2_12q13.2
12q13.2	HG02080	mat	noncarrier	1	HG02080_mat_hprc_r2_v1.0.1_HML-2_12q13.2
12q13.2	HG02080	pat	TypeI	1	HG02080_pat_hprc_r2_v1.0.1_HML-2_12q13.2
12q13.2	HG02083	mat	TypeI	1	HG02083_mat_hprc_r2_v1.0.1_HML-2_12q13.2
12q13.2	HG02083	pat	TypeI	1	HG02083_pat_hprc_r2_v1.0.1_HML-2_12q13.2
12q13.2	HG02106	h1	TypeI	1	HG02106_h1_HML-2_12q13.2_graph_hgsvc3-2024-02-23-mc-chm13
12q13.2	HG02106	h2	TypeI	1	HG02106_h2_HML-2_12q13.2_graph_hgsvc3-2024-02-23-mc-chm13
12q13.2	HG02109	mat	TypeI	1	HG02109_mat_hprc_r2_v1.0.1_HML-2_12q13.2
12q13.2	HG02109	pat	TypeI	1	HG02109_pat_hprc_r2_v1.0.1_HML-2_12q13.2
12q13.2	HG02129	mat	TypeI	1	HG02129_mat_hprc_r2_v1.0.1_HML-2_12q13.2
12q13.2	HG02129	pat	solo_LTR	1	HG02129_pat_hprc_r2_v1.0.1_HML-2_12q13.2
12q13.2	HG02132	mat	noncarrier	1	HG02132_mat_hprc_r2_v1.0.1_HML-2_12q13.2
12q13.2	HG02132	pat	noncarrier	1	HG02132_pat_hprc_r2_v1.0.1_HML-2_12q13.2
12q13.2	HG02135	mat	solo_LTR	1	HG02135_mat_hprc_r2_v1.0.1_HML-2_12q13.2
12q13.2	HG02135	pat	TypeI	1	HG02135_pat_hprc_r2_v1.0.1_HML-2_12q13.2
12q13.2	HG02145	mat	TypeI	1	HG02145_mat_hprc_r2_v1.0.1_HML-2_12q13.2
12q13.2	HG02145	pat	TypeI	1	HG02145_pat_hprc_r2_v1.0.1_HML-2_12q13.2
12q13.2	HG02148	mat	solo_LTR	1	HG02148_mat_hprc_r2_v1.0.1_HML-2_12q13.2
12q13.2	HG02148	pat	TypeI	1	HG02148_pat_hprc_r2_v1.0.1_HML-2_12q13.2
12q13.2	HG02155	h1	noncarrier	1	HG02155_hap1_hprc_r2_v1.0.1_HML-2_12q13.2
12q13.2	HG02155	h2	noncarrier	1	HG02155_hap2_hprc_r2_v1.0.1_HML-2_12q13.2
12q13.2	HG02165	h1	noncarrier	1	HG02165_hap1_hprc_r2_v1.0.1_HML-2_12q13.2
12q13.2	HG02165	h2	TypeI	1	HG02165_hap2_hprc_r2_v1.0.1_HML-2_12q13.2
12q13.2	HG02178	h1	TypeI	1	HG02178_hap1_hprc_r2_v1.0.1_HML-2_12q13.2
12q13.2	HG02178	h2	solo_LTR	1	HG02178_hap2_hprc_r2_v1.0.1_HML-2_12q13.2
12q13.2	HG02257	mat	noncarrier	1	HG02257_mat_hprc_r2_v1.1.0_HML-2_12q13.2
12q13.2	HG02257	pat	noncarrier	1	HG02257_pat_hprc_r2_v1.1.0_HML-2_12q13.2
12q13.2	HG02258	mat	TypeI	1	HG02258_mat_hprc_r2_v1.0.1_HML-2_12q13.2
12q13.2	HG02258	pat	noncarrier	1	HG02258_pat_hprc_r2_v1.0.1_HML-2_12q13.2
12q13.2	HG02273	h1	solo_LTR	1	HG02273_hap1_hprc_r2_v1.0.1_HML-2_12q13.2
12q13.2	HG02273	h2	TypeI	1	HG02273_hap2_hprc_r2_v1.0.1_HML-2_12q13.2
12q13.2	HG02280	mat	TypeI	1	HG02280_mat_hprc_r2_v1.0.1_HML-2_12q13.2
12q13.2	HG02280	pat	TypeI	1	HG02280_pat_hprc_r2_v1.0.1_HML-2_12q13.2
12q13.2	HG02282	h1	TypeI	1	HG02282_h1_HML-2_12q13.2_graph_hgsvc3-2024-02-23-mc-chm13
12q13.2	HG02282	h2	noncarrier	2	HG02282_h2_HML-2_12q13.2_graph_hgsvc3-2024-02-23-mc-chm13|HG02282_h2_HML-2_12q13.2_technical_error
12q13.2	HG02293	mat	noncarrier	1	HG02293_mat_hprc_r2_v1.0.1_HML-2_12q13.2
12q13.2	HG02293	pat	noncarrier	1	HG02293_pat_hprc_r2_v1.0.1_HML-2_12q13.2
12q13.2	HG02300	mat	TypeI	1	HG02300_mat_hprc_r2_v1.0.1_HML-2_12q13.2
12q13.2	HG02300	pat	TypeI	1	HG02300_pat_hprc_r2_v1.0.1_HML-2_12q13.2
12q13.2	HG02391	h1	noncarrier	1	HG02391_hap1_hprc_r2_v1.0.1_HML-2_12q13.2
12q13.2	HG02391	h2	noncarrier	1	HG02391_hap2_hprc_r2_v1.0.1_HML-2_12q13.2
12q13.2	HG02392	h1	TypeI	1	HG02392_hap1_hprc_r2_v1.0.1_HML-2_12q13.2
12q13.2	HG02392	h2	TypeI	1	HG02392_hap2_hprc_r2_v1.0.1_HML-2_12q13.2
12q13.2	HG02451	mat	TypeI	1	HG02451_mat_hprc_r2_v1.0.1_HML-2_12q13.2
12q13.2	HG02451	pat	noncarrier	1	HG02451_pat_hprc_r2_v1.0.1_HML-2_12q13.2
12q13.2	HG02486	mat	TypeI	1	HG02486_mat_hprc_r2_v1.0.1_HML-2_12q13.2
12q13.2	HG02486	pat	noncarrier	1	HG02486_pat_hprc_r2_v1.0.1_HML-2_12q13.2
12q13.2	HG02492	h1	noncarrier	1	HG02492_h1_HML-2_12q13.2_graph_hgsvc3-2024-02-23-mc-chm13
12q13.2	HG02492	h2	TypeI	1	HG02492_h2_HML-2_12q13.2_graph_hgsvc3-2024-02-23-mc-chm13
12q13.2	HG02514	mat	TypeI	1	HG02514_mat_hprc_r2_v1.0.1_HML-2_12q13.2
12q13.2	HG02514	pat	noncarrier	1	HG02514_pat_hprc_r2_v1.0.1_HML-2_12q13.2
12q13.2	HG02523	mat	noncarrier	1	HG02523_mat_hprc_r2_v1.0.1_HML-2_12q13.2
12q13.2	HG02523	pat	noncarrier	1	HG02523_pat_hprc_r2_v1.0.1_HML-2_12q13.2
12q13.2	HG02554	h1	noncarrier	1	HG02554_h1_HML-2_12q13.2_graph_hgsvc3-2024-02-23-mc-chm13
12q13.2	HG02554	h2	solo_LTR	1	HG02554_h2_HML-2_12q13.2_graph_hgsvc3-2024-02-23-mc-chm13
12q13.2	HG02559	mat	TypeI	1	HG02559_mat_hprc_r2_v1.0.1_HML-2_12q13.2
12q13.2	HG02559	pat	TypeI	1	HG02559_pat_hprc_r2_v1.0.1_HML-2_12q13.2
12q13.2	HG02572	mat	TypeI	1	HG02572_mat_hprc_r2_v1.0.1_HML-2_12q13.2
12q13.2	HG02572	pat	TypeI	1	HG02572_pat_hprc_r2_v1.0.1_HML-2_12q13.2
12q13.2	HG02583	h1	TypeI	1	HG02583_hap1_hprc_r2_v1.0.1_HML-2_12q13.2
12q13.2	HG02583	h2	noncarrier	1	HG02583_hap2_hprc_r2_v1.0.1_HML-2_12q13.2
12q13.2	HG02587	h1	TypeI	1	HG02587_h1_HML-2_12q13.2_graph_hgsvc3-2024-02-23-mc-chm13
12q13.2	HG02587	h2	TypeI	1	HG02587_h2_HML-2_12q13.2_graph_hgsvc3-2024-02-23-mc-chm13
12q13.2	HG02602	mat	TypeI	1	HG02602_mat_hprc_r2_v1.0.1_HML-2_12q13.2
12q13.2	HG02602	pat	solo_LTR	1	HG02602_pat_hprc_r2_v1.0.1_HML-2_12q13.2
12q13.2	HG02615	mat	TypeI	1	HG02615_mat_hprc_r2_v1.0.1_HML-2_12q13.2
12q13.2	HG02615	pat	noncarrier	1	HG02615_pat_hprc_r2_v1.0.1_HML-2_12q13.2
12q13.2	HG02622	mat	noncarrier	1	HG02622_mat_hprc_r2_v1.0.1_HML-2_12q13.2
12q13.2	HG02622	pat	noncarrier	1	HG02622_pat_hprc_r2_v1.0.1_HML-2_12q13.2
12q13.2	HG02630	mat	solo_LTR	1	HG02630_mat_hprc_r2_v1.0.1_HML-2_12q13.2
12q13.2	HG02630	pat	TypeI	1	HG02630_pat_hprc_r2_v1.0.1_HML-2_12q13.2
12q13.2	HG02647	mat	TypeI	1	HG02647_mat_hprc_r2_v1.0.1_HML-2_12q13.2
12q13.2	HG02647	pat	TypeI	1	HG02647_pat_hprc_r2_v1.0.1_HML-2_12q13.2
12q13.2	HG02666	h1	noncarrier	1	HG02666_h1_HML-2_12q13.2_graph_hgsvc3-2024-02-23-mc-chm13
12q13.2	HG02666	h2	solo_LTR	1	HG02666_h2_HML-2_12q13.2_graph_hgsvc3-2024-02-23-mc-chm13
12q13.2	HG02668	mat	noncarrier	1	HG02668_mat_hprc_r2_v1.0.1_HML-2_12q13.2
12q13.2	HG02668	pat	noncarrier	1	HG02668_pat_hprc_r2_v1.0.1_HML-2_12q13.2
12q13.2	HG02698	mat	noncarrier	1	HG02698_mat_hprc_r2_v1.0.1_HML-2_12q13.2
12q13.2	HG02698	pat	solo_LTR	1	HG02698_pat_hprc_r2_v1.0.1_HML-2_12q13.2
12q13.2	HG02717	mat	noncarrier	1	HG02717_mat_hprc_r2_v1.0.1_HML-2_12q13.2
12q13.2	HG02717	pat	noncarrier	1	HG02717_pat_hprc_r2_v1.0.1_HML-2_12q13.2
12q13.2	HG02723	mat	TypeI	1	HG02723_mat_hprc_r2_v1.0.1_HML-2_12q13.2
12q13.2	HG02723	pat	TypeI	1	HG02723_pat_hprc_r2_v1.0.1_HML-2_12q13.2
12q13.2	HG02735	mat	noncarrier	1	HG02735_mat_hprc_r2_v1.0.1_HML-2_12q13.2
12q13.2	HG02735	pat	noncarrier	1	HG02735_pat_hprc_r2_v1.0.1_HML-2_12q13.2
12q13.2	HG02738	mat	solo_LTR	1	HG02738_mat_hprc_r2_v1.0.1_HML-2_12q13.2
12q13.2	HG02738	pat	solo_LTR	1	HG02738_pat_hprc_r2_v1.0.1_HML-2_12q13.2
12q13.2	HG02769	h1	TypeI	1	HG02769_h1_HML-2_12q13.2_graph_hgsvc3-2024-02-23-mc-chm13
12q13.2	HG02769	h2	solo_LTR	1	HG02769_h2_HML-2_12q13.2_graph_hgsvc3-2024-02-23-mc-chm13
12q13.2	HG02809	mat	solo_LTR	1	HG02809_mat_hprc_r2_v1.0.1_HML-2_12q13.2
12q13.2	HG02809	pat	TypeI	1	HG02809_pat_hprc_r2_v1.0.1_HML-2_12q13.2
12q13.2	HG02818	mat	TypeI	1	HG02818_mat_hprc_r2_v1.0.1_HML-2_12q13.2
12q13.2	HG02818	pat	TypeI	1	HG02818_pat_hprc_r2_v1.0.1_HML-2_12q13.2
12q13.2	HG02841	mat	noncarrier	1	HG02841_mat_hprc_r2_v1.0.1_HML-2_12q13.2
12q13.2	HG02841	pat	noncarrier	1	HG02841_pat_hprc_r2_v1.0.1_HML-2_12q13.2
12q13.2	HG02886	mat	noncarrier	1	HG02886_mat_hprc_r2_v1.0.1_HML-2_12q13.2
12q13.2	HG02886	pat	TypeI	1	HG02886_pat_hprc_r2_v1.0.1_HML-2_12q13.2
12q13.2	HG02922	h1	TypeI	1	HG02922_hap1_hprc_r2_v1.0.1_HML-2_12q13.2
12q13.2	HG02922	h2	noncarrier	1	HG02922_hap2_hprc_r2_v1.0.1_HML-2_12q13.2
12q13.2	HG02953	h1	TypeI	1	HG02953_h1_HML-2_12q13.2_graph_hgsvc3-2024-02-23-mc-chm13
12q13.2	HG02953	h2	noncarrier	2	HG02953_h2_HML-2_12q13.2_graph_hgsvc3-2024-02-23-mc-chm13|HG02953_h2_HML-2_12q13.2_technical_error
12q13.2	HG02965	h1	TypeI	1	HG02965_hap1_hprc_r2_v1.0.1_HML-2_12q13.2
12q13.2	HG02965	h2	noncarrier	1	HG02965_hap2_hprc_r2_v1.0.1_HML-2_12q13.2
12q13.2	HG02976	h1	noncarrier	1	HG02976_hap1_hprc_r2_v1.0.1_HML-2_12q13.2
12q13.2	HG02976	h2	noncarrier	1	HG02976_hap2_hprc_r2_v1.0.1_HML-2_12q13.2
12q13.2	HG02984	mat	noncarrier	1	HG02984_mat_hprc_r2_v1.0.1_HML-2_12q13.2
12q13.2	HG02984	pat	TypeI	1	HG02984_pat_hprc_r2_v1.0.1_HML-2_12q13.2
12q13.2	HG03009	h1	solo_LTR	1	HG03009_h1_HML-2_12q13.2_graph_hgsvc3-2024-02-23-mc-chm13
12q13.2	HG03009	h2	solo_LTR	1	HG03009_h2_HML-2_12q13.2_graph_hgsvc3-2024-02-23-mc-chm13
12q13.2	HG03017	mat	noncarrier	1	HG03017_mat_hprc_r2_v1.0.1_HML-2_12q13.2
12q13.2	HG03017	pat	solo_LTR	1	HG03017_pat_hprc_r2_v1.0.1_HML-2_12q13.2
12q13.2	HG03041	mat	noncarrier	1	HG03041_mat_hprc_r2_v1.0.1_HML-2_12q13.2
12q13.2	HG03041	pat	solo_LTR	1	HG03041_pat_hprc_r2_v1.0.1_HML-2_12q13.2
12q13.2	HG03050	mat	solo_LTR	1	HG03050_mat_hprc_r2_v1.0.1_HML-2_12q13.2
12q13.2	HG03050	pat	TypeI	1	HG03050_pat_hprc_r2_v1.0.1_HML-2_12q13.2
12q13.2	HG03065	h1	noncarrier	1	HG03065_h1_HML-2_12q13.2_graph_hgsvc3-2024-02-23-mc-chm13
12q13.2	HG03065	h2	TypeI	1	HG03065_h2_HML-2_12q13.2_graph_hgsvc3-2024-02-23-mc-chm13
12q13.2	HG03098	mat	noncarrier	1	HG03098_mat_hprc_r2_v1.0.1_HML-2_12q13.2
12q13.2	HG03098	pat	noncarrier	1	HG03098_pat_hprc_r2_v1.0.1_HML-2_12q13.2
12q13.2	HG03130	h1	TypeI	1	HG03130_hap1_hprc_r2_v1.0.1_HML-2_12q13.2
12q13.2	HG03130	h2	TypeI	1	HG03130_hap2_hprc_r2_v1.0.1_HML-2_12q13.2
12q13.2	HG03139	h1	noncarrier	1	HG03139_hap1_hprc_r2_v1.0.1_HML-2_12q13.2
12q13.2	HG03139	h2	TypeI	1	HG03139_hap2_hprc_r2_v1.0.1_HML-2_12q13.2
12q13.2	HG03195	h1	noncarrier	1	HG03195_hap1_hprc_r2_v1.0.1_HML-2_12q13.2
12q13.2	HG03195	h2	noncarrier	1	HG03195_hap2_hprc_r2_v1.0.1_HML-2_12q13.2
12q13.2	HG03209	h1	TypeI	1	HG03209_hap1_hprc_r2_v1.0.1_HML-2_12q13.2
12q13.2	HG03209	h2	noncarrier	1	HG03209_hap2_hprc_r2_v1.0.1_HML-2_12q13.2
12q13.2	HG03225	h1	TypeI	1	HG03225_hap1_hprc_r2_v1.0.1_HML-2_12q13.2
12q13.2	HG03225	h2	TypeI	1	HG03225_hap2_hprc_r2_v1.0.1_HML-2_12q13.2
12q13.2	HG03239	mat	solo_LTR	1	HG03239_mat_hprc_r2_v1.0.1_HML-2_12q13.2
12q13.2	HG03239	pat	noncarrier	1	HG03239_pat_hprc_r2_v1.0.1_HML-2_12q13.2
12q13.2	HG03248	h1	noncarrier	1	HG03248_h1_HML-2_12q13.2_graph_hgsvc3-2024-02-23-mc-chm13
12q13.2	HG03248	h2	noncarrier	2	HG03248_h2_HML-2_12q13.2_graph_hgsvc3-2024-02-23-mc-chm13|HG03248_h2_HML-2_12q13.2_technical_error
12q13.2	HG03270	h1	TypeI	1	HG03270_hap1_hprc_r2_v1.0.1_HML-2_12q13.2
12q13.2	HG03270	h2	noncarrier	1	HG03270_hap2_hprc_r2_v1.0.1_HML-2_12q13.2
12q13.2	HG03369	h1	noncarrier	1	HG03369_hap1_hprc_r2_v1.0.1_HML-2_12q13.2
12q13.2	HG03369	h2	solo_LTR	1	HG03369_hap2_hprc_r2_v1.0.1_HML-2_12q13.2
12q13.2	HG03371	h1	solo_LTR	1	HG03371_h1_HML-2_12q13.2_graph_hgsvc3-2024-02-23-mc-chm13
12q13.2	HG03371	h2	noncarrier	2	HG03371_h2_HML-2_12q13.2_graph_hgsvc3-2024-02-23-mc-chm13|HG03371_h2_HML-2_12q13.2_technical_error
12q13.2	HG03452	h1	noncarrier	1	HG03452_h1_HML-2_12q13.2_graph_hgsvc3-2024-02-23-mc-chm13
12q13.2	HG03452	h2	TypeI	1	HG03452_h2_HML-2_12q13.2_graph_hgsvc3-2024-02-23-mc-chm13
12q13.2	HG03453	mat	TypeI	1	HG03453_mat_hprc_r2_v1.0.1_HML-2_12q13.2
12q13.2	HG03453	pat	noncarrier	1	HG03453_pat_hprc_r2_v1.0.1_HML-2_12q13.2
12q13.2	HG03456	h1	solo_LTR	1	HG03456_h1_HML-2_12q13.2_graph_hgsvc3-2024-02-23-mc-chm13
12q13.2	HG03456	h2	solo_LTR	1	HG03456_h2_HML-2_12q13.2_graph_hgsvc3-2024-02-23-mc-chm13
12q13.2	HG03470	h1	noncarrier	1	HG03470_hap1_hprc_r2_v1.0.1_HML-2_12q13.2
12q13.2	HG03470	h2	noncarrier	1	HG03470_hap2_hprc_r2_v1.0.1_HML-2_12q13.2
12q13.2	HG03471	h1	noncarrier	1	HG03471_hap1_hprc_r2_v1.0.1_HML-2_12q13.2
12q13.2	HG03471	h2	TypeI	1	HG03471_hap2_hprc_r2_v1.0.1_HML-2_12q13.2
12q13.2	HG03486	mat	TypeI	1	HG03486_mat_hprc_r2_v1.0.1_HML-2_12q13.2
12q13.2	HG03486	pat	TypeI	1	HG03486_pat_hprc_r2_v1.0.1_HML-2_12q13.2
12q13.2	HG03516	mat	noncarrier	1	HG03516_mat_hprc_r2_v1.1.0_HML-2_12q13.2
12q13.2	HG03516	pat	TypeI	1	HG03516_pat_hprc_r2_v1.1.0_HML-2_12q13.2
12q13.2	HG03520	h1	TypeI	1	HG03520_h1_HML-2_12q13.2_graph_hgsvc3-2024-02-23-mc-chm13
12q13.2	HG03520	h2	solo_LTR	1	HG03520_h2_HML-2_12q13.2_graph_hgsvc3-2024-02-23-mc-chm13
12q13.2	HG03521	h1	noncarrier	1	HG03521_hap1_hprc_r2_v1.0.1_HML-2_12q13.2
12q13.2	HG03521	h2	noncarrier	1	HG03521_hap2_hprc_r2_v1.0.1_HML-2_12q13.2
12q13.2	HG03540	mat	noncarrier	1	HG03540_mat_hprc_r2_v1.0.1_HML-2_12q13.2
12q13.2	HG03540	pat	noncarrier	1	HG03540_pat_hprc_r2_v1.0.1_HML-2_12q13.2
12q13.2	HG03579	mat	noncarrier	1	HG03579_mat_hprc_r2_v1.0.1_HML-2_12q13.2
12q13.2	HG03579	pat	TypeI	1	HG03579_pat_hprc_r2_v1.0.1_HML-2_12q13.2
12q13.2	HG03583	h1	TypeI	1	HG03583_hap1_hprc_r2_v1.0.1_HML-2_12q13.2
12q13.2	HG03583	h2	noncarrier	1	HG03583_hap2_hprc_r2_v1.0.1_HML-2_12q13.2
12q13.2	HG03654	mat	solo_LTR	1	HG03654_mat_hprc_r2_v1.0.1_HML-2_12q13.2
12q13.2	HG03654	pat	TypeI	1	HG03654_pat_hprc_r2_v1.0.1_HML-2_12q13.2
12q13.2	HG03669	mat	TypeI	1	HG03669_mat_hprc_r2_v1.0.1_HML-2_12q13.2
12q13.2	HG03669	pat	noncarrier	1	HG03669_pat_hprc_r2_v1.0.1_HML-2_12q13.2
12q13.2	HG03683	h1	solo_LTR	1	HG03683_h1_HML-2_12q13.2_graph_hgsvc3-2024-02-23-mc-chm13
12q13.2	HG03683	h2	noncarrier	2	HG03683_h2_HML-2_12q13.2_graph_hgsvc3-2024-02-23-mc-chm13|HG03683_h2_HML-2_12q13.2_technical_error
12q13.2	HG03688	mat	solo_LTR	1	HG03688_mat_hprc_r2_v1.0.1_HML-2_12q13.2
12q13.2	HG03688	pat	solo_LTR	1	HG03688_pat_hprc_r2_v1.0.1_HML-2_12q13.2
12q13.2	HG03704	mat	solo_LTR	1	HG03704_mat_hprc_r2_v1.0.1_HML-2_12q13.2
12q13.2	HG03704	pat	TypeI	1	HG03704_pat_hprc_r2_v1.0.1_HML-2_12q13.2
12q13.2	HG03710	mat	TypeI	1	HG03710_mat_hprc_r2_v1.0.1_HML-2_12q13.2
12q13.2	HG03710	pat	solo_LTR	1	HG03710_pat_hprc_r2_v1.0.1_HML-2_12q13.2
12q13.2	HG03732	h1	TypeI	1	HG03732_h1_HML-2_12q13.2_graph_hgsvc3-2024-02-23-mc-chm13
12q13.2	HG03732	h2	solo_LTR	1	HG03732_h2_HML-2_12q13.2_graph_hgsvc3-2024-02-23-mc-chm13
12q13.2	HG03742	h1	solo_LTR	1	HG03742_hap1_hprc_r2_v1.0.1_HML-2_12q13.2
12q13.2	HG03742	h2	solo_LTR	1	HG03742_hap2_hprc_r2_v1.0.1_HML-2_12q13.2
12q13.2	HG03784	h1	solo_LTR	1	HG03784_hap1_hprc_r2_v1.0.1_HML-2_12q13.2
12q13.2	HG03784	h2	TypeI	1	HG03784_hap2_hprc_r2_v1.0.1_HML-2_12q13.2
12q13.2	HG03804	mat	noncarrier	1	HG03804_mat_hprc_r2_v1.0.1_HML-2_12q13.2
12q13.2	HG03804	pat	noncarrier	1	HG03804_pat_hprc_r2_v1.0.1_HML-2_12q13.2
12q13.2	HG03807	h1	solo_LTR	1	HG03807_h1_HML-2_12q13.2_graph_hgsvc3-2024-02-23-mc-chm13
12q13.2	HG03807	h2	solo_LTR	1	HG03807_h2_HML-2_12q13.2_graph_hgsvc3-2024-02-23-mc-chm13
12q13.2	HG03816	mat	solo_LTR	1	HG03816_mat_hprc_r2_v1.0.1_HML-2_12q13.2
12q13.2	HG03816	pat	noncarrier	1	HG03816_pat_hprc_r2_v1.0.1_HML-2_12q13.2
12q13.2	HG03831	mat	noncarrier	1	HG03831_mat_hprc_r2_v1.0.1_HML-2_12q13.2
12q13.2	HG03831	pat	TypeI	1	HG03831_pat_hprc_r2_v1.0.1_HML-2_12q13.2
12q13.2	HG03834	mat	TypeI	1	HG03834_mat_hprc_r2_v1.0.1_HML-2_12q13.2
12q13.2	HG03834	pat	solo_LTR	1	HG03834_pat_hprc_r2_v1.0.1_HML-2_12q13.2
12q13.2	HG03874	h1	TypeI	1	HG03874_hap1_hprc_r2_v1.0.1_HML-2_12q13.2
12q13.2	HG03874	h2	TypeI	1	HG03874_hap2_hprc_r2_v1.0.1_HML-2_12q13.2
12q13.2	HG03927	mat	noncarrier	1	HG03927_mat_hprc_r2_v1.0.1_HML-2_12q13.2
12q13.2	HG03927	pat	solo_LTR	1	HG03927_pat_hprc_r2_v1.0.1_HML-2_12q13.2
12q13.2	HG03942	mat	noncarrier	1	HG03942_mat_hprc_r2_v1.0.1_HML-2_12q13.2
12q13.2	HG03942	pat	noncarrier	1	HG03942_pat_hprc_r2_v1.0.1_HML-2_12q13.2
12q13.2	HG04036	h1	noncarrier	1	HG04036_h1_HML-2_12q13.2_graph_hgsvc3-2024-02-23-mc-chm13
12q13.2	HG04036	h2	solo_LTR	1	HG04036_h2_HML-2_12q13.2_graph_hgsvc3-2024-02-23-mc-chm13
12q13.2	HG04115	mat	TypeI	1	HG04115_mat_hprc_r2_v1.0.1_HML-2_12q13.2
12q13.2	HG04115	pat	TypeI	1	HG04115_pat_hprc_r2_v1.0.1_HML-2_12q13.2
12q13.2	HG04157	mat	TypeI	1	HG04157_mat_hprc_r2_v1.0.1_HML-2_12q13.2
12q13.2	HG04157	pat	noncarrier	1	HG04157_pat_hprc_r2_v1.0.1_HML-2_12q13.2
12q13.2	HG04160	mat	solo_LTR	1	HG04160_mat_hprc_r2_v1.0.1_HML-2_12q13.2
12q13.2	HG04160	pat	noncarrier	1	HG04160_pat_hprc_r2_v1.0.1_HML-2_12q13.2
12q13.2	HG04184	mat	TypeI	1	HG04184_mat_hprc_r2_v1.0.1_HML-2_12q13.2
12q13.2	HG04184	pat	TypeI	1	HG04184_pat_hprc_r2_v1.0.1_HML-2_12q13.2
12q13.2	HG04187	mat	noncarrier	1	HG04187_mat_hprc_r2_v1.0.1_HML-2_12q13.2
12q13.2	HG04187	pat	TypeI	1	HG04187_pat_hprc_r2_v1.0.1_HML-2_12q13.2
12q13.2	HG04199	mat	solo_LTR	1	HG04199_mat_hprc_r2_v1.0.1_HML-2_12q13.2
12q13.2	HG04199	pat	TypeI	1	HG04199_pat_hprc_r2_v1.0.1_HML-2_12q13.2
12q13.2	HG04204	mat	noncarrier	1	HG04204_mat_hprc_r2_v1.0.1_HML-2_12q13.2
12q13.2	HG04204	pat	TypeI	1	HG04204_pat_hprc_r2_v1.0.1_HML-2_12q13.2
12q13.2	HG04217	h1	solo_LTR	1	HG04217_h1_HML-2_12q13.2_graph_hgsvc3-2024-02-23-mc-chm13
12q13.2	HG04217	h2	solo_LTR	1	HG04217_h2_HML-2_12q13.2_graph_hgsvc3-2024-02-23-mc-chm13
12q13.2	HG04228	mat	TypeI	1	HG04228_mat_hprc_r2_v1.0.1_HML-2_12q13.2
12q13.2	HG04228	pat	TypeI	1	HG04228_pat_hprc_r2_v1.0.1_HML-2_12q13.2
12q13.2	HG06807	mat	TypeI	1	HG06807_mat_v1.0.genbank_HML-2_12q13.2
12q13.2	HG06807	pat	solo_LTR	1	HG06807_pat_v1.0.genbank_HML-2_12q13.2
12q13.2	NA12329	h1	solo_LTR	1	NA12329_h1_HML-2_12q13.2_graph_hgsvc3-2024-02-23-mc-chm13
12q13.2	NA12329	h2	solo_LTR	1	NA12329_h2_HML-2_12q13.2_graph_hgsvc3-2024-02-23-mc-chm13
12q13.2	NA18505	h1	TypeI	1	NA18505_hap1_hprc_r2_v1.0.1_HML-2_12q13.2
12q13.2	NA18505	h2	noncarrier	1	NA18505_hap2_hprc_r2_v1.0.1_HML-2_12q13.2
12q13.2	NA18508	h1	noncarrier	1	NA18508_hap1_hprc_r2_v1.0.1_HML-2_12q13.2
12q13.2	NA18508	h2	solo_LTR	1	NA18508_hap2_hprc_r2_v1.0.1_HML-2_12q13.2
12q13.2	NA18522	h1	noncarrier	1	NA18522_hap1_hprc_r2_v1.0.1_HML-2_12q13.2
12q13.2	NA18522	h2	TypeI	1	NA18522_hap2_hprc_r2_v1.0.1_HML-2_12q13.2
12q13.2	NA18534	h1	solo_LTR	1	NA18534_h1_HML-2_12q13.2_graph_hgsvc3-2024-02-23-mc-chm13
12q13.2	NA18534	h2	solo_LTR	1	NA18534_h2_HML-2_12q13.2_graph_hgsvc3-2024-02-23-mc-chm13
12q13.2	NA18565	h1	noncarrier	1	NA18565_hap1_hprc_r2_v1.0.1_HML-2_12q13.2
12q13.2	NA18565	h2	TypeI	1	NA18565_hap2_hprc_r2_v1.0.1_HML-2_12q13.2
12q13.2	NA18570	h1	noncarrier	1	NA18570_hap1_hprc_r2_v1.0.1_HML-2_12q13.2
12q13.2	NA18570	h2	TypeI	1	NA18570_hap2_hprc_r2_v1.0.1_HML-2_12q13.2
12q13.2	NA18608	h1	noncarrier	1	NA18608_hap1_hprc_r2_v1.0.1_HML-2_12q13.2
12q13.2	NA18608	h2	noncarrier	1	NA18608_hap2_hprc_r2_v1.0.1_HML-2_12q13.2
12q13.2	NA18620	h1	noncarrier	1	NA18620_hap1_hprc_r2_v1.0.1_HML-2_12q13.2
12q13.2	NA18620	h2	TypeI	1	NA18620_hap2_hprc_r2_v1.0.1_HML-2_12q13.2
12q13.2	NA18747	h1	noncarrier	1	NA18747_hap1_hprc_r2_v1.0.1_HML-2_12q13.2
12q13.2	NA18747	h2	noncarrier	1	NA18747_hap2_hprc_r2_v1.0.1_HML-2_12q13.2
12q13.2	NA18879	h1	TypeI	1	NA18879_hap1_hprc_r2_v1.0.1_HML-2_12q13.2
12q13.2	NA18879	h2	noncarrier	1	NA18879_hap2_hprc_r2_v1.0.1_HML-2_12q13.2
12q13.2	NA18906	mat	TypeI	1	NA18906_mat_hprc_r2_v1.0.1_HML-2_12q13.2
12q13.2	NA18906	pat	TypeI	1	NA18906_pat_hprc_r2_v1.0.1_HML-2_12q13.2
12q13.2	NA18939	h1	solo_LTR	1	NA18939_h1_HML-2_12q13.2_graph_hgsvc3-2024-02-23-mc-chm13
12q13.2	NA18939	h2	solo_LTR	1	NA18939_h2_HML-2_12q13.2_graph_hgsvc3-2024-02-23-mc-chm13
12q13.2	NA18940	h1	noncarrier	1	NA18940_hap1_hprc_r2_v1.0.1_HML-2_12q13.2
12q13.2	NA18940	h2	TypeI	1	NA18940_hap2_hprc_r2_v1.0.1_HML-2_12q13.2
12q13.2	NA18943	h1	TypeI	1	NA18943_hap1_hprc_r2_v1.0.1_HML-2_12q13.2
12q13.2	NA18943	h2	noncarrier	1	NA18943_hap2_hprc_r2_v1.0.1_HML-2_12q13.2
12q13.2	NA18944	h1	noncarrier	1	NA18944_hap1_hprc_r2_v1.0.1_HML-2_12q13.2
12q13.2	NA18944	h2	TypeI	1	NA18944_hap2_hprc_r2_v1.0.1_HML-2_12q13.2
12q13.2	NA18945	h1	TypeI	1	NA18945_hap1_hprc_r2_v1.0.1_HML-2_12q13.2
12q13.2	NA18945	h2	noncarrier	1	NA18945_hap2_hprc_r2_v1.0.1_HML-2_12q13.2
12q13.2	NA18948	h1	TypeI	1	NA18948_hap1_hprc_r2_v1.0.1_HML-2_12q13.2
12q13.2	NA18948	h2	noncarrier	1	NA18948_hap2_hprc_r2_v1.0.1_HML-2_12q13.2
12q13.2	NA18952	h1	TypeI	1	NA18952_hap1_hprc_r2_v1.0.1_HML-2_12q13.2
12q13.2	NA18952	h2	solo_LTR	1	NA18952_hap2_hprc_r2_v1.0.1_HML-2_12q13.2
12q13.2	NA18959	h1	TypeI	1	NA18959_hap1_hprc_r2_v1.0.1_HML-2_12q13.2
12q13.2	NA18959	h2	TypeI	1	NA18959_hap2_hprc_r2_v1.0.1_HML-2_12q13.2
12q13.2	NA18960	h1	solo_LTR	1	NA18960_hap1_hprc_r2_v1.0.1_HML-2_12q13.2
12q13.2	NA18960	h2	TypeI	1	NA18960_hap2_hprc_r2_v1.0.1_HML-2_12q13.2
12q13.2	NA18967	h1	TypeI	1	NA18967_hap1_hprc_r2_v1.0.1_HML-2_12q13.2
12q13.2	NA18967	h2	noncarrier	1	NA18967_hap2_hprc_r2_v1.0.1_HML-2_12q13.2
12q13.2	NA18970	h1	TypeI	1	NA18970_hap1_hprc_r2_v1.0.1_HML-2_12q13.2
12q13.2	NA18970	h2	solo_LTR	1	NA18970_hap2_hprc_r2_v1.0.1_HML-2_12q13.2
12q13.2	NA18971	h1	noncarrier	1	NA18971_hap1_hprc_r2_v1.0.1_HML-2_12q13.2
12q13.2	NA18971	h2	TypeI	1	NA18971_hap2_hprc_r2_v1.0.1_HML-2_12q13.2
12q13.2	NA18974	h1	solo_LTR	1	NA18974_hap1_hprc_r2_v1.0.1_HML-2_12q13.2
12q13.2	NA18974	h2	noncarrier	1	NA18974_hap2_hprc_r2_v1.0.1_HML-2_12q13.2
12q13.2	NA18976	h1	noncarrier	1	NA18976_hap1_hprc_r2_v1.0.1_HML-2_12q13.2
12q13.2	NA18976	h2	TypeI	1	NA18976_hap2_hprc_r2_v1.0.1_HML-2_12q13.2
12q13.2	NA18982	h1	noncarrier	1	NA18982_hap1_hprc_r2_v1.0.1_HML-2_12q13.2
12q13.2	NA18982	h2	TypeI	1	NA18982_hap2_hprc_r2_v1.0.1_HML-2_12q13.2
12q13.2	NA18983	h1	solo_LTR	1	NA18983_hap1_hprc_r2_v1.0.1_HML-2_12q13.2
12q13.2	NA18983	h2	noncarrier	1	NA18983_hap2_hprc_r2_v1.0.1_HML-2_12q13.2
12q13.2	NA18989	h1	noncarrier	1	NA18989_h1_HML-2_12q13.2_graph_hgsvc3-2024-02-23-mc-chm13
12q13.2	NA18989	h2	noncarrier	2	NA18989_h2_HML-2_12q13.2_graph_hgsvc3-2024-02-23-mc-chm13|NA18989_h2_HML-2_12q13.2_technical_error
12q13.2	NA19036	h1	noncarrier	1	NA19036_hap1_hprc_r2_v1.0.1_HML-2_12q13.2
12q13.2	NA19036	h2	TypeI	1	NA19036_hap2_hprc_r2_v1.0.1_HML-2_12q13.2
12q13.2	NA19043	h1	TypeI	1	NA19043_hap1_hprc_r2_v1.0.1_HML-2_12q13.2
12q13.2	NA19043	h2	TypeI	1	NA19043_hap2_hprc_r2_v1.0.1_HML-2_12q13.2
12q13.2	NA19087	h1	noncarrier	1	NA19087_hap1_hprc_r2_v1.0.1_HML-2_12q13.2
12q13.2	NA19087	h2	noncarrier	1	NA19087_hap2_hprc_r2_v1.0.1_HML-2_12q13.2
12q13.2	NA19129	h1	solo_LTR	1	NA19129_h1_HML-2_12q13.2_graph_hgsvc3-2024-02-23-mc-chm13
12q13.2	NA19129	h2	solo_LTR	1	NA19129_h2_HML-2_12q13.2_graph_hgsvc3-2024-02-23-mc-chm13
12q13.2	NA19159	h1	TypeI	1	NA19159_hap1_hprc_r2_v1.0.1_HML-2_12q13.2
12q13.2	NA19159	h2	TypeI	1	NA19159_hap2_hprc_r2_v1.0.1_HML-2_12q13.2
12q13.2	NA19185	h1	TypeI	1	NA19185_hap1_hprc_r2_v1.0.1_HML-2_12q13.2
12q13.2	NA19185	h2	TypeI	1	NA19185_hap2_hprc_r2_v1.0.1_HML-2_12q13.2
12q13.2	NA19238	h1	solo_LTR	1	NA19238_h1_HML-2_12q13.2_graph_hgsvc3-2024-02-23-mc-chm13
12q13.2	NA19238	h2	solo_LTR	1	NA19238_h2_HML-2_12q13.2_graph_hgsvc3-2024-02-23-mc-chm13
12q13.2	NA19239	h1	noncarrier	1	NA19239_h1_HML-2_12q13.2_graph_hgsvc3-2024-02-23-mc-chm13
12q13.2	NA19239	h2	noncarrier	2	NA19239_h2_HML-2_12q13.2_graph_hgsvc3-2024-02-23-mc-chm13|NA19239_h2_HML-2_12q13.2_technical_error
12q13.2	NA19240	mat	TypeI	1	NA19240_mat_hprc_r2_v1.0.1_HML-2_12q13.2
12q13.2	NA19240	pat	noncarrier	1	NA19240_pat_hprc_r2_v1.0.1_HML-2_12q13.2
12q13.2	NA19317	h1	solo_LTR	1	NA19317_h1_HML-2_12q13.2_graph_hgsvc3-2024-02-23-mc-chm13
12q13.2	NA19317	h2	solo_LTR	1	NA19317_h2_HML-2_12q13.2_graph_hgsvc3-2024-02-23-mc-chm13
12q13.2	NA19331	h1	TypeI	1	NA19331_h1_HML-2_12q13.2_graph_hgsvc3-2024-02-23-mc-chm13
12q13.2	NA19331	h2	noncarrier	2	NA19331_h2_HML-2_12q13.2_graph_hgsvc3-2024-02-23-mc-chm13|NA19331_h2_HML-2_12q13.2_technical_error
12q13.2	NA19338	h1	TypeI	1	NA19338_hap1_hprc_r2_v1.0.1_HML-2_12q13.2
12q13.2	NA19338	h2	noncarrier	1	NA19338_hap2_hprc_r2_v1.0.1_HML-2_12q13.2
12q13.2	NA19347	h1	solo_LTR	1	NA19347_h1_HML-2_12q13.2_graph_hgsvc3-2024-02-23-mc-chm13
12q13.2	NA19347	h2	solo_LTR	1	NA19347_h2_HML-2_12q13.2_graph_hgsvc3-2024-02-23-mc-chm13
12q13.2	NA19384	h1	noncarrier	1	NA19384_h1_HML-2_12q13.2_graph_hgsvc3-2024-02-23-mc-chm13
12q13.2	NA19384	h2	TypeI	1	NA19384_h2_HML-2_12q13.2_graph_hgsvc3-2024-02-23-mc-chm13
12q13.2	NA19391	h1	TypeI	1	NA19391_hap1_hprc_r2_v1.0.1_HML-2_12q13.2
12q13.2	NA19391	h2	noncarrier	1	NA19391_hap2_hprc_r2_v1.0.1_HML-2_12q13.2
12q13.2	NA19434	h1	TypeI	1	NA19434_h1_HML-2_12q13.2_graph_hgsvc3-2024-02-23-mc-chm13
12q13.2	NA19434	h2	solo_LTR	1	NA19434_h2_HML-2_12q13.2_graph_hgsvc3-2024-02-23-mc-chm13
12q13.2	NA19443	h1	TypeI	1	NA19443_hap1_hprc_r2_v1.0.1_HML-2_12q13.2
12q13.2	NA19443	h2	noncarrier	1	NA19443_hap2_hprc_r2_v1.0.1_HML-2_12q13.2
12q13.2	NA19468	h1	noncarrier	1	NA19468_hap1_hprc_r2_v1.0.1_HML-2_12q13.2
12q13.2	NA19468	h2	noncarrier	1	NA19468_hap2_hprc_r2_v1.0.1_HML-2_12q13.2
12q13.2	NA19650	h1	TypeI	1	NA19650_h1_HML-2_12q13.2_graph_hgsvc3-2024-02-23-mc-chm13
12q13.2	NA19650	h2	TypeI	1	NA19650_h2_HML-2_12q13.2_graph_hgsvc3-2024-02-23-mc-chm13
12q13.2	NA19682	h1	solo_LTR	1	NA19682_hap1_hprc_r2_v1.0.1_HML-2_12q13.2
12q13.2	NA19682	h2	TypeI	1	NA19682_hap2_hprc_r2_v1.0.1_HML-2_12q13.2
12q13.2	NA19700	h1	TypeI	1	NA19700_hap1_hprc_r2_v1.0.1_HML-2_12q13.2
12q13.2	NA19700	h2	TypeI	1	NA19700_hap2_hprc_r2_v1.0.1_HML-2_12q13.2
12q13.2	NA19705	h1	noncarrier	1	NA19705_h1_HML-2_12q13.2_graph_hgsvc3-2024-02-23-mc-chm13
12q13.2	NA19705	h2	noncarrier	2	NA19705_h2_HML-2_12q13.2_graph_hgsvc3-2024-02-23-mc-chm13|NA19705_h2_HML-2_12q13.2_technical_error
12q13.2	NA19776	h1	solo_LTR	1	NA19776_hap1_hprc_r2_v1.0.1_HML-2_12q13.2
12q13.2	NA19776	h2	noncarrier	1	NA19776_hap2_hprc_r2_v1.0.1_HML-2_12q13.2
12q13.2	NA19835	h1	TypeI	1	NA19835_hap1_hprc_r2_v1.0.1_HML-2_12q13.2
12q13.2	NA19835	h2	noncarrier	1	NA19835_hap2_hprc_r2_v1.0.1_HML-2_12q13.2
12q13.2	NA19836	h1	solo_LTR	1	NA19836_h1_HML-2_12q13.2_graph_hgsvc3-2024-02-23-mc-chm13
12q13.2	NA19836	h2	solo_LTR	1	NA19836_h2_HML-2_12q13.2_graph_hgsvc3-2024-02-23-mc-chm13
12q13.2	NA19909	h1	TypeI	1	NA19909_hap1_hprc_r2_v1.0.1_HML-2_12q13.2
12q13.2	NA19909	h2	TypeI	1	NA19909_hap2_hprc_r2_v1.0.1_HML-2_12q13.2
12q13.2	NA19983	h1	TypeI	1	NA19983_h1_HML-2_12q13.2_graph_hgsvc3-2024-02-23-mc-chm13
12q13.2	NA19983	h2	TypeI	1	NA19983_h2_HML-2_12q13.2_graph_hgsvc3-2024-02-23-mc-chm13
12q13.2	NA20129	mat	solo_LTR	1	NA20129_mat_hprc_r2_v1.0.1_HML-2_12q13.2
12q13.2	NA20129	pat	noncarrier	1	NA20129_pat_hprc_r2_v1.0.1_HML-2_12q13.2
12q13.2	NA20282	h1	TypeI	1	NA20282_hap1_hprc_r2_v1.0.1_HML-2_12q13.2
12q13.2	NA20282	h2	TypeI	1	NA20282_hap2_hprc_r2_v1.0.1_HML-2_12q13.2
12q13.2	NA20346	h1	TypeI	1	NA20346_hap1_hprc_r2_v1.0.1_HML-2_12q13.2
12q13.2	NA20346	h2	TypeI	1	NA20346_hap2_hprc_r2_v1.0.1_HML-2_12q13.2
12q13.2	NA20355	h1	noncarrier	1	NA20355_h1_HML-2_12q13.2_graph_hgsvc3-2024-02-23-mc-chm13
12q13.2	NA20355	h2	solo_LTR	1	NA20355_h2_HML-2_12q13.2_graph_hgsvc3-2024-02-23-mc-chm13
12q13.2	NA20503	h1	solo_LTR	1	NA20503_hap1_hprc_r2_v1.0.1_HML-2_12q13.2
12q13.2	NA20503	h2	noncarrier	1	NA20503_hap2_hprc_r2_v1.0.1_HML-2_12q13.2
12q13.2	NA20509	h1	solo_LTR	1	NA20509_h1_HML-2_12q13.2_graph_hgsvc3-2024-02-23-mc-chm13
12q13.2	NA20509	h2	solo_LTR	1	NA20509_h2_HML-2_12q13.2_graph_hgsvc3-2024-02-23-mc-chm13
12q13.2	NA20752	h1	TypeI	1	NA20752_hap1_hprc_r2_v1.0.1_HML-2_12q13.2
12q13.2	NA20752	h2	TypeI	1	NA20752_hap2_hprc_r2_v1.0.1_HML-2_12q13.2
12q13.2	NA20762	h1	solo_LTR	1	NA20762_hap1_hprc_r2_v1.0.1_HML-2_12q13.2
12q13.2	NA20762	h2	TypeI	1	NA20762_hap2_hprc_r2_v1.0.1_HML-2_12q13.2
12q13.2	NA20799	h1	TypeI	1	NA20799_hap1_hprc_r2_v1.0.1_HML-2_12q13.2
12q13.2	NA20799	h2	TypeI	1	NA20799_hap2_hprc_r2_v1.0.1_HML-2_12q13.2
12q13.2	NA20805	h1	TypeI	1	NA20805_hap1_hprc_r2_v1.0.1_HML-2_12q13.2
12q13.2	NA20805	h2	TypeI	1	NA20805_hap2_hprc_r2_v1.0.1_HML-2_12q13.2
12q13.2	NA20806	h1	solo_LTR	1	NA20806_hap1_hprc_r2_v1.0.1_HML-2_12q13.2
12q13.2	NA20806	h2	TypeI	1	NA20806_hap2_hprc_r2_v1.0.1_HML-2_12q13.2
12q13.2	NA20809	h1	noncarrier	1	NA20809_hap1_hprc_r2_v1.0.1_HML-2_12q13.2
12q13.2	NA20809	h2	TypeI	1	NA20809_hap2_hprc_r2_v1.0.1_HML-2_12q13.2
12q13.2	NA20827	h1	solo_LTR	1	NA20827_hap1_hprc_r2_v1.0.1_HML-2_12q13.2
12q13.2	NA20827	h2	TypeI	1	NA20827_hap2_hprc_r2_v1.0.1_HML-2_12q13.2
12q13.2	NA20847	h1	solo_LTR	1	NA20847_h1_HML-2_12q13.2_graph_hgsvc3-2024-02-23-mc-chm13
12q13.2	NA20847	h2	solo_LTR	1	NA20847_h2_HML-2_12q13.2_graph_hgsvc3-2024-02-23-mc-chm13
12q13.2	NA20850	h1	TypeI	1	NA20850_hap1_hprc_r2_v1.0.1_HML-2_12q13.2
12q13.2	NA20850	h2	solo_LTR	1	NA20850_hap2_hprc_r2_v1.0.1_HML-2_12q13.2
12q13.2	NA20870	h1	TypeI	1	NA20870_hap1_hprc_r2_v1.0.1_HML-2_12q13.2
12q13.2	NA20870	h2	solo_LTR	1	NA20870_hap2_hprc_r2_v1.0.1_HML-2_12q13.2
12q13.2	NA20905	h1	solo_LTR	1	NA20905_hap1_hprc_r2_v1.0.1_HML-2_12q13.2
12q13.2	NA20905	h2	TypeI	1	NA20905_hap2_hprc_r2_v1.0.1_HML-2_12q13.2
12q13.2	NA21093	h1	TypeI	1	NA21093_hap1_hprc_r2_v1.0.1_HML-2_12q13.2
12q13.2	NA21093	h2	TypeI	1	NA21093_hap2_hprc_r2_v1.0.1_HML-2_12q13.2
12q13.2	NA21102	h1	noncarrier	1	NA21102_hap1_hprc_r2_v1.0.1_HML-2_12q13.2
12q13.2	NA21102	h2	noncarrier	1	NA21102_hap2_hprc_r2_v1.0.1_HML-2_12q13.2
12q13.2	NA21106	h1	solo_LTR	1	NA21106_hap1_hprc_r2_v1.0.1_HML-2_12q13.2
12q13.2	NA21106	h2	solo_LTR	1	NA21106_hap2_hprc_r2_v1.0.1_HML-2_12q13.2
12q13.2	NA21110	h1	TypeI	1	NA21110_hap1_hprc_r2_v1.0.1_HML-2_12q13.2
12q13.2	NA21110	h2	TypeI	1	NA21110_hap2_hprc_r2_v1.0.1_HML-2_12q13.2
12q13.2	NA21144	h1	TypeI	1	NA21144_hap1_hprc_r2_v1.0.1_HML-2_12q13.2
12q13.2	NA21144	h2	TypeI	1	NA21144_hap2_hprc_r2_v1.0.1_HML-2_12q13.2
12q13.2	NA21309	mat	solo_LTR	1	NA21309_mat_hprc_r2_v1.0.1_HML-2_12q13.2
12q13.2	NA21309	pat	noncarrier	1	NA21309_pat_hprc_r2_v1.0.1_HML-2_12q13.2
12q13.2	NA21487	h1	noncarrier	1	NA21487_h1_HML-2_12q13.2_graph_hgsvc3-2024-02-23-mc-chm13
12q13.2	NA21487	h2	TypeI	1	NA21487_h2_HML-2_12q13.2_graph_hgsvc3-2024-02-23-mc-chm13
12q13.2	NA24385	h1	solo_LTR	1	NA24385_h1_HML-2_12q13.2_graph_hgsvc3-2024-02-23-mc-chm13
12q13.2	NA24385	h2	solo_LTR	1	NA24385_h2_HML-2_12q13.2_graph_hgsvc3-2024-02-23-mc-chm13
19p12c	HG00096	h1	TypeI	1	HG00096_h1_HML-2_19p12c_graph_hgsvc3-2024-02-23-mc-chm13
19p12c	HG00096	h2	TypeI	1	HG00096_h2_HML-2_19p12c_graph_hgsvc3-2024-02-23-mc-chm13
19p12c	HG00097	h1	TypeI	1	HG00097_hap1_hprc_r2_v1.0.1_HML-2_19p12c
19p12c	HG00097	h2	TypeI	1	HG00097_hap2_hprc_r2_v1.0.1_HML-2_19p12c
19p12c	HG00099	h1	noncarrier	1	HG00099_hap1_hprc_r2_v1.0.1_HML-2_19p12c
19p12c	HG00099	h2	noncarrier	1	HG00099_hap2_hprc_r2_v1.0.1_HML-2_19p12c
19p12c	HG00126	h1	TypeI	1	HG00126_hap1_hprc_r2_v1.0.1_HML-2_19p12c
19p12c	HG00126	h2	noncarrier	1	HG00126_hap2_hprc_r2_v1.0.1_HML-2_19p12c
19p12c	HG00128	h1	noncarrier	1	HG00128_hap1_hprc_r2_v1.0.1_HML-2_19p12c
19p12c	HG00128	h2	noncarrier	1	HG00128_hap2_hprc_r2_v1.0.1_HML-2_19p12c
19p12c	HG00133	h1	noncarrier	1	HG00133_hap1_hprc_r2_v1.0.1_HML-2_19p12c
19p12c	HG00133	h2	noncarrier	1	HG00133_hap2_hprc_r2_v1.0.1_HML-2_19p12c
19p12c	HG00140	h1	noncarrier	1	HG00140_hap1_hprc_r2_v1.0.1_HML-2_19p12c
19p12c	HG00140	h2	noncarrier	1	HG00140_hap2_hprc_r2_v1.0.1_HML-2_19p12c
19p12c	HG00146	h1	TypeI	1	HG00146_hap1_hprc_r2_v1.0.1_HML-2_19p12c
19p12c	HG00146	h2	TypeI	1	HG00146_hap2_hprc_r2_v1.0.1_HML-2_19p12c
19p12c	HG00171	h1	TypeI	1	HG00171_h1_HML-2_19p12c_graph_hgsvc3-2024-02-23-mc-chm13
19p12c	HG00171	h2	noncarrier	2	HG00171_h2_HML-2_19p12c_graph_hgsvc3-2024-02-23-mc-chm13|HG00171_h2_HML-2_19p12c_technical_error
19p12c	HG00232	h1	TypeI	1	HG00232_hap1_hprc_r2_v1.0.1_HML-2_19p12c
19p12c	HG00232	h2	TypeI	1	HG00232_hap2_hprc_r2_v1.0.1_HML-2_19p12c
19p12c	HG00235	h1	TypeI	1	HG00235_hap1_hprc_r2_v1.0.1_HML-2_19p12c
19p12c	HG00235	h2	noncarrier	1	HG00235_hap2_hprc_r2_v1.0.1_HML-2_19p12c
19p12c	HG00253	h1	TypeI	1	HG00253_hap1_hprc_r2_v1.0.1_HML-2_19p12c
19p12c	HG00253	h2	noncarrier	1	HG00253_hap2_hprc_r2_v1.0.1_HML-2_19p12c
19p12c	HG00268	h1	noncarrier	1	HG00268_h1_HML-2_19p12c_graph_hgsvc3-2024-02-23-mc-chm13
19p12c	HG00268	h2	TypeI	1	HG00268_h2_HML-2_19p12c_graph_hgsvc3-2024-02-23-mc-chm13
19p12c	HG00272	h1	noncarrier	1	HG00272_hap1_hprc_r2_v1.0.1_HML-2_19p12c
19p12c	HG00272	h2	TypeI	1	HG00272_hap2_hprc_r2_v1.0.1_HML-2_19p12c
19p12c	HG00280	h1	noncarrier	1	HG00280_hap1_hprc_r2_v1.0.1_HML-2_19p12c
19p12c	HG00280	h2	noncarrier	1	HG00280_hap2_hprc_r2_v1.0.1_HML-2_19p12c
19p12c	HG00290	h1	noncarrier	1	HG00290_hap1_hprc_r2_v1.0.1_HML-2_19p12c
19p12c	HG00290	h2	noncarrier	1	HG00290_hap2_hprc_r2_v1.0.1_HML-2_19p12c
19p12c	HG00320	h1	noncarrier	1	HG00320_hap1_hprc_r2_v1.0.1_HML-2_19p12c
19p12c	HG00320	h2	noncarrier	1	HG00320_hap2_hprc_r2_v1.0.1_HML-2_19p12c
19p12c	HG00321	h1	noncarrier	1	HG00321_hap1_hprc_r2_v1.0.1_HML-2_19p12c
19p12c	HG00321	h2	noncarrier	1	HG00321_hap2_hprc_r2_v1.0.1_HML-2_19p12c
19p12c	HG00323	h1	noncarrier	1	HG00323_hap1_hprc_r2_v1.0.1_HML-2_19p12c
19p12c	HG00323	h2	TypeI	1	HG00323_hap2_hprc_r2_v1.0.1_HML-2_19p12c
19p12c	HG00329	h1	noncarrier	1	HG00329_hap1_hprc_r2_v1.0.1_HML-2_19p12c
19p12c	HG00329	h2	noncarrier	1	HG00329_hap2_hprc_r2_v1.0.1_HML-2_19p12c
19p12c	HG00344	h1	TypeI	1	HG00344_hap1_hprc_r2_v1.0.1_HML-2_19p12c
19p12c	HG00344	h2	noncarrier	1	HG00344_hap2_hprc_r2_v1.0.1_HML-2_19p12c
19p12c	HG00350	h1	TypeI	1	HG00350_hap1_hprc_r2_v1.0.1_HML-2_19p12c
19p12c	HG00350	h2	TypeI	1	HG00350_hap2_hprc_r2_v1.0.1_HML-2_19p12c
19p12c	HG00358	h1	TypeI	1	HG00358_h1_HML-2_19p12c_graph_hgsvc3-2024-02-23-mc-chm13
19p12c	HG00358	h2	noncarrier	2	HG00358_h2_HML-2_19p12c_graph_hgsvc3-2024-02-23-mc-chm13|HG00358_h2_HML-2_19p12c_technical_error
19p12c	HG00408	mat	TypeI	1	HG00408_mat_hprc_r2_v1.0.1_HML-2_19p12c
19p12c	HG00408	pat	noncarrier	1	HG00408_pat_hprc_r2_v1.0.1_HML-2_19p12c
19p12c	HG00423	mat	noncarrier	1	HG00423_mat_hprc_r2_v1.0.1_HML-2_19p12c
19p12c	HG00423	pat	noncarrier	1	HG00423_pat_hprc_r2_v1.0.1_HML-2_19p12c
19p12c	HG00438	mat	noncarrier	1	HG00438_mat_hprc_r2_v1.0.1_HML-2_19p12c
19p12c	HG00438	pat	noncarrier	1	HG00438_pat_hprc_r2_v1.0.1_HML-2_19p12c
19p12c	HG005	mat	noncarrier	1	HG005_mat_hprc_r2_v1.0.1_HML-2_19p12c
19p12c	HG005	pat	TypeI	1	HG005_pat_hprc_r2_v1.0.1_HML-2_19p12c
19p12c	HG00512	h1	TypeI	1	HG00512_h1_HML-2_19p12c_graph_hgsvc3-2024-02-23-mc-chm13
19p12c	HG00512	h2	noncarrier	2	HG00512_h2_HML-2_19p12c_graph_hgsvc3-2024-02-23-mc-chm13|HG00512_h2_HML-2_19p12c_technical_error
19p12c	HG00513	h1	noncarrier	1	HG00513_h1_HML-2_19p12c_graph_hgsvc3-2024-02-23-mc-chm13
19p12c	HG00513	h2	TypeI	1	HG00513_h2_HML-2_19p12c_graph_hgsvc3-2024-02-23-mc-chm13
19p12c	HG00514	h1	noncarrier	1	HG00514_h1_HML-2_19p12c_graph_hgsvc3-2024-02-23-mc-chm13
19p12c	HG00514	h2	TypeI	1	HG00514_h2_HML-2_19p12c_graph_hgsvc3-2024-02-23-mc-chm13
19p12c	HG00544	mat	noncarrier	1	HG00544_mat_hprc_r2_v1.0.1_HML-2_19p12c
19p12c	HG00544	pat	noncarrier	1	HG00544_pat_hprc_r2_v1.0.1_HML-2_19p12c
19p12c	HG00558	mat	TypeI	1	HG00558_mat_hprc_r2_v1.0.1_HML-2_19p12c
19p12c	HG00558	pat	noncarrier	1	HG00558_pat_hprc_r2_v1.0.1_HML-2_19p12c
19p12c	HG00597	mat	noncarrier	1	HG00597_mat_hprc_r2_v1.0.1_HML-2_19p12c
19p12c	HG00597	pat	noncarrier	1	HG00597_pat_hprc_r2_v1.0.1_HML-2_19p12c
19p12c	HG00609	mat	TypeI	1	HG00609_mat_hprc_r2_v1.0.1_HML-2_19p12c
19p12c	HG00609	pat	TypeI	1	HG00609_pat_hprc_r2_v1.0.1_HML-2_19p12c
19p12c	HG00621	mat	noncarrier	1	HG00621_mat_hprc_r2_v1.0.1_HML-2_19p12c
19p12c	HG00621	pat	noncarrier	1	HG00621_pat_hprc_r2_v1.0.1_HML-2_19p12c
19p12c	HG00639	mat	noncarrier	1	HG00639_mat_hprc_r2_v1.0.1_HML-2_19p12c
19p12c	HG00639	pat	noncarrier	1	HG00639_pat_hprc_r2_v1.0.1_HML-2_19p12c
19p12c	HG00642	mat	noncarrier	1	HG00642_mat_hprc_r2_v1.0.1_HML-2_19p12c
19p12c	HG00642	pat	noncarrier	1	HG00642_pat_hprc_r2_v1.0.1_HML-2_19p12c
19p12c	HG00658	mat	noncarrier	1	HG00658_mat_hprc_r2_v1.0.1_HML-2_19p12c
19p12c	HG00658	pat	noncarrier	1	HG00658_pat_hprc_r2_v1.0.1_HML-2_19p12c
19p12c	HG00673	mat	noncarrier	1	HG00673_mat_hprc_r2_v1.0.1_HML-2_19p12c
19p12c	HG00673	pat	noncarrier	1	HG00673_pat_hprc_r2_v1.0.1_HML-2_19p12c
19p12c	HG00706	mat	TypeI	1	HG00706_mat_hprc_r2_v1.0.1_HML-2_19p12c
19p12c	HG00706	pat	noncarrier	1	HG00706_pat_hprc_r2_v1.0.1_HML-2_19p12c
19p12c	HG00731	h1	noncarrier	1	HG00731_h1_HML-2_19p12c_graph_hgsvc3-2024-02-23-mc-chm13
19p12c	HG00731	h2	TypeI	1	HG00731_h2_HML-2_19p12c_graph_hgsvc3-2024-02-23-mc-chm13
19p12c	HG00732	h1	TypeI	1	HG00732_h1_HML-2_19p12c_graph_hgsvc3-2024-02-23-mc-chm13
19p12c	HG00732	h2	noncarrier	2	HG00732_h2_HML-2_19p12c_graph_hgsvc3-2024-02-23-mc-chm13|HG00732_h2_HML-2_19p12c_technical_error
19p12c	HG00733	mat	noncarrier	1	HG00733_mat_hprc_r2_v1.0.1_HML-2_19p12c
19p12c	HG00733	pat	noncarrier	1	HG00733_pat_hprc_r2_v1.0.1_HML-2_19p12c
19p12c	HG00735	mat	noncarrier	1	HG00735_mat_hprc_r2_v1.0.1_HML-2_19p12c
19p12c	HG00735	pat	TypeI	1	HG00735_pat_hprc_r2_v1.0.1_HML-2_19p12c
19p12c	HG00738	mat	noncarrier	1	HG00738_mat_hprc_r2_v1.0.1_HML-2_19p12c
19p12c	HG00738	pat	TypeI	1	HG00738_pat_hprc_r2_v1.0.1_HML-2_19p12c
19p12c	HG00741	mat	noncarrier	1	HG00741_mat_hprc_r2_v1.0.1_HML-2_19p12c
19p12c	HG00741	pat	noncarrier	1	HG00741_pat_hprc_r2_v1.0.1_HML-2_19p12c
19p12c	HG00864	h1	noncarrier	1	HG00864_h1_HML-2_19p12c_graph_hgsvc3-2024-02-23-mc-chm13
19p12c	HG00864	h2	TypeI	1	HG00864_h2_HML-2_19p12c_graph_hgsvc3-2024-02-23-mc-chm13
19p12c	HG01071	mat	TypeI	1	HG01071_mat_hprc_r2_v1.0.1_HML-2_19p12c
19p12c	HG01071	pat	noncarrier	1	HG01071_pat_hprc_r2_v1.0.1_HML-2_19p12c
19p12c	HG01074	mat	noncarrier	1	HG01074_mat_hprc_r2_v1.0.1_HML-2_19p12c
19p12c	HG01074	pat	noncarrier	1	HG01074_pat_hprc_r2_v1.0.1_HML-2_19p12c
19p12c	HG01081	mat	noncarrier	1	HG01081_mat_hprc_r2_v1.0.1_HML-2_19p12c
19p12c	HG01081	pat	TypeI	1	HG01081_pat_hprc_r2_v1.0.1_HML-2_19p12c
19p12c	HG01099	mat	noncarrier	1	HG01099_mat_hprc_r2_v1.0.1_HML-2_19p12c
19p12c	HG01099	pat	noncarrier	1	HG01099_pat_hprc_r2_v1.0.1_HML-2_19p12c
19p12c	HG01106	mat	TypeI	1	HG01106_mat_hprc_r2_v1.0.1_HML-2_19p12c
19p12c	HG01106	pat	TypeI	1	HG01106_pat_hprc_r2_v1.0.1_HML-2_19p12c
19p12c	HG01109	mat	noncarrier	1	HG01109_mat_hprc_r2_v1.0.1_HML-2_19p12c
19p12c	HG01109	pat	noncarrier	1	HG01109_pat_hprc_r2_v1.0.1_HML-2_19p12c
19p12c	HG01114	h1	noncarrier	1	HG01114_h1_HML-2_19p12c_graph_hgsvc3-2024-02-23-mc-chm13
19p12c	HG01114	h2	TypeI	1	HG01114_h2_HML-2_19p12c_graph_hgsvc3-2024-02-23-mc-chm13
19p12c	HG01123	mat	TypeI	1	HG01123_mat_hprc_r2_v1.0.1_HML-2_19p12c
19p12c	HG01123	pat	noncarrier	1	HG01123_pat_hprc_r2_v1.0.1_HML-2_19p12c
19p12c	HG01150	mat	noncarrier	1	HG01150_mat_hprc_r2_v1.0.1_HML-2_19p12c
19p12c	HG01150	pat	noncarrier	1	HG01150_pat_hprc_r2_v1.0.1_HML-2_19p12c
19p12c	HG01167	h1	noncarrier	1	HG01167_hap1_hprc_r2_v1.0.1_HML-2_19p12c
19p12c	HG01167	h2	TypeI	1	HG01167_hap2_hprc_r2_v1.0.1_HML-2_19p12c
19p12c	HG01175	mat	TypeI	1	HG01175_mat_hprc_r2_v1.0.1_HML-2_19p12c
19p12c	HG01175	pat	TypeI	1	HG01175_pat_hprc_r2_v1.0.1_HML-2_19p12c
19p12c	HG01192	mat	TypeI	1	HG01192_mat_hprc_r2_v1.0.1_HML-2_19p12c
19p12c	HG01192	pat	noncarrier	1	HG01192_pat_hprc_r2_v1.0.1_HML-2_19p12c
19p12c	HG01243	mat	noncarrier	1	HG01243_mat_hprc_r2_v1.0.1_HML-2_19p12c
19p12c	HG01243	pat	noncarrier	1	HG01243_pat_hprc_r2_v1.0.1_HML-2_19p12c
19p12c	HG01252	mat	TypeI	1	HG01252_mat_hprc_r2_v1.0.1_HML-2_19p12c
19p12c	HG01252	pat	TypeI	1	HG01252_pat_hprc_r2_v1.0.1_HML-2_19p12c
19p12c	HG01255	mat	TypeI	1	HG01255_mat_hprc_r2_v1.0.1_HML-2_19p12c
19p12c	HG01255	pat	TypeI	1	HG01255_pat_hprc_r2_v1.0.1_HML-2_19p12c
19p12c	HG01258	mat	noncarrier	1	HG01258_mat_hprc_r2_v1.0.1_HML-2_19p12c
19p12c	HG01258	pat	noncarrier	1	HG01258_pat_hprc_r2_v1.0.1_HML-2_19p12c
19p12c	HG01261	mat	TypeI	1	HG01261_mat_hprc_r2_v1.0.1_HML-2_19p12c
19p12c	HG01261	pat	noncarrier	1	HG01261_pat_hprc_r2_v1.0.1_HML-2_19p12c
19p12c	HG01346	mat	noncarrier	1	HG01346_mat_hprc_r2_v1.0.1_HML-2_19p12c
19p12c	HG01346	pat	TypeI	1	HG01346_pat_hprc_r2_v1.0.1_HML-2_19p12c
19p12c	HG01352	h1	TypeI	1	HG01352_h1_HML-2_19p12c_graph_hgsvc3-2024-02-23-mc-chm13
19p12c	HG01352	h2	noncarrier	2	HG01352_h2_HML-2_19p12c_graph_hgsvc3-2024-02-23-mc-chm13|HG01352_h2_HML-2_19p12c_technical_error
19p12c	HG01358	mat	TypeI	1	HG01358_mat_hprc_r2_v1.0.1_HML-2_19p12c
19p12c	HG01358	pat	TypeI	1	HG01358_pat_hprc_r2_v1.0.1_HML-2_19p12c
19p12c	HG01361	mat	TypeI	1	HG01361_mat_hprc_r2_v1.0.1_HML-2_19p12c
19p12c	HG01361	pat	noncarrier	1	HG01361_pat_hprc_r2_v1.0.1_HML-2_19p12c
19p12c	HG01433	mat	TypeI	1	HG01433_mat_hprc_r2_v1.0.1_HML-2_19p12c
19p12c	HG01433	pat	noncarrier	1	HG01433_pat_hprc_r2_v1.0.1_HML-2_19p12c
19p12c	HG01457	h1	noncarrier	1	HG01457_h1_HML-2_19p12c_graph_hgsvc3-2024-02-23-mc-chm13
19p12c	HG01457	h2	TypeI	1	HG01457_h2_HML-2_19p12c_graph_hgsvc3-2024-02-23-mc-chm13
19p12c	HG01496	mat	noncarrier	1	HG01496_mat_hprc_r2_v1.0.1_HML-2_19p12c
19p12c	HG01496	pat	TypeI	1	HG01496_pat_hprc_r2_v1.0.1_HML-2_19p12c
19p12c	HG01505	h1	noncarrier	1	HG01505_h1_HML-2_19p12c_graph_hgsvc3-2024-02-23-mc-chm13
19p12c	HG01505	h2	noncarrier	2	HG01505_h2_HML-2_19p12c_graph_hgsvc3-2024-02-23-mc-chm13|HG01505_h2_HML-2_19p12c_technical_error
19p12c	HG01530	h1	TypeI	1	HG01530_hap1_hprc_r2_v1.0.1_HML-2_19p12c
19p12c	HG01530	h2	noncarrier	1	HG01530_hap2_hprc_r2_v1.0.1_HML-2_19p12c
19p12c	HG01573	h1	TypeI	1	HG01573_h1_HML-2_19p12c_graph_hgsvc3-2024-02-23-mc-chm13
19p12c	HG01573	h2	noncarrier	2	HG01573_h2_HML-2_19p12c_graph_hgsvc3-2024-02-23-mc-chm13|HG01573_h2_HML-2_19p12c_technical_error
19p12c	HG01596	h1	TypeI	1	HG01596_h1_HML-2_19p12c_graph_hgsvc3-2024-02-23-mc-chm13
19p12c	HG01596	h2	noncarrier	2	HG01596_h2_HML-2_19p12c_graph_hgsvc3-2024-02-23-mc-chm13|HG01596_h2_HML-2_19p12c_technical_error
19p12c	HG01784	h1	noncarrier	1	HG01784_hap1_hprc_r2_v1.0.1_HML-2_19p12c
19p12c	HG01784	h2	noncarrier	1	HG01784_hap2_hprc_r2_v1.0.1_HML-2_19p12c
19p12c	HG01786	h1	noncarrier	1	HG01786_hap1_hprc_r2_v1.0.1_HML-2_19p12c
19p12c	HG01786	h2	noncarrier	1	HG01786_hap2_hprc_r2_v1.0.1_HML-2_19p12c
19p12c	HG01884	mat	noncarrier	1	HG01884_mat_hprc_r2_v1.0.1_HML-2_19p12c
19p12c	HG01884	pat	TypeI	1	HG01884_pat_hprc_r2_v1.0.1_HML-2_19p12c
19p12c	HG01890	h1	TypeI	1	HG01890_h1_HML-2_19p12c_graph_hgsvc3-2024-02-23-mc-chm13
19p12c	HG01890	h2	noncarrier	2	HG01890_h2_HML-2_19p12c_graph_hgsvc3-2024-02-23-mc-chm13|HG01890_h2_HML-2_19p12c_technical_error
19p12c	HG01891	mat	noncarrier	1	HG01891_mat_hprc_r2_v1.0.1_HML-2_19p12c
19p12c	HG01891	pat	TypeI	1	HG01891_pat_hprc_r2_v1.0.1_HML-2_19p12c
19p12c	HG01928	mat	noncarrier	1	HG01928_mat_hprc_r2_v1.0.1_HML-2_19p12c
19p12c	HG01928	pat	TypeI	1	HG01928_pat_hprc_r2_v1.0.1_HML-2_19p12c
19p12c	HG01934	mat	TypeI	1	HG01934_mat_hprc_r2_v1.0.1_HML-2_19p12c
19p12c	HG01934	pat	noncarrier	1	HG01934_pat_hprc_r2_v1.0.1_HML-2_19p12c
19p12c	HG01940	mat	noncarrier	1	HG01940_mat_hprc_r2_v1.0.1_HML-2_19p12c
19p12c	HG01940	pat	noncarrier	1	HG01940_pat_hprc_r2_v1.0.1_HML-2_19p12c
19p12c	HG01943	mat	TypeI	1	HG01943_mat_hprc_r2_v1.0.1_HML-2_19p12c
19p12c	HG01943	pat	noncarrier	1	HG01943_pat_hprc_r2_v1.0.1_HML-2_19p12c
19p12c	HG01952	mat	TypeI	1	HG01952_mat_hprc_r2_v1.0.1_HML-2_19p12c
19p12c	HG01952	pat	TypeI	1	HG01952_pat_hprc_r2_v1.0.1_HML-2_19p12c
19p12c	HG01960	mat	noncarrier	1	HG01960_mat_hprc_r2_v1.0.1_HML-2_19p12c
19p12c	HG01960	pat	TypeI	1	HG01960_pat_hprc_r2_v1.0.1_HML-2_19p12c
19p12c	HG01969	mat	noncarrier	1	HG01969_mat_hprc_r2_v1.0.1_HML-2_19p12c
19p12c	HG01969	pat	TypeI	1	HG01969_pat_hprc_r2_v1.0.1_HML-2_19p12c
19p12c	HG01975	mat	noncarrier	1	HG01975_mat_hprc_r2_v1.0.1_HML-2_19p12c
19p12c	HG01975	pat	noncarrier	1	HG01975_pat_hprc_r2_v1.0.1_HML-2_19p12c
19p12c	HG01978	mat	noncarrier	1	HG01978_mat_hprc_r2_v1.1.0_HML-2_19p12c
19p12c	HG01978	pat	noncarrier	1	HG01978_pat_hprc_r2_v1.1.0_HML-2_19p12c
19p12c	HG01981	mat	noncarrier	1	HG01981_mat_hprc_r2_v1.0.1_HML-2_19p12c
19p12c	HG01981	pat	TypeI	1	HG01981_pat_hprc_r2_v1.0.1_HML-2_19p12c
19p12c	HG01993	mat	noncarrier	1	HG01993_mat_hprc_r2_v1.0.1_HML-2_19p12c
19p12c	HG01993	pat	TypeI	1	HG01993_pat_hprc_r2_v1.0.1_HML-2_19p12c
19p12c	HG02004	mat	TypeI	1	HG02004_mat_hprc_r2_v1.0.1_HML-2_19p12c
19p12c	HG02004	pat	noncarrier	1	HG02004_pat_hprc_r2_v1.0.1_HML-2_19p12c
19p12c	HG02011	h1	TypeI	1	HG02011_h1_HML-2_19p12c_graph_hgsvc3-2024-02-23-mc-chm13
19p12c	HG02011	h2	TypeI	1	HG02011_h2_HML-2_19p12c_graph_hgsvc3-2024-02-23-mc-chm13
19p12c	HG02015	mat	noncarrier	1	HG02015_mat_hprc_r2_v1.0.1_HML-2_19p12c
19p12c	HG02015	pat	TypeI	1	HG02015_pat_hprc_r2_v1.0.1_HML-2_19p12c
19p12c	HG02018	h1	noncarrier	1	HG02018_h1_HML-2_19p12c_graph_hgsvc3-2024-02-23-mc-chm13
19p12c	HG02018	h2	noncarrier	2	HG02018_h2_HML-2_19p12c_graph_hgsvc3-2024-02-23-mc-chm13|HG02018_h2_HML-2_19p12c_technical_error
19p12c	HG02027	mat	noncarrier	1	HG02027_mat_hprc_r2_v1.0.1_HML-2_19p12c
19p12c	HG02027	pat	noncarrier	1	HG02027_pat_hprc_r2_v1.0.1_HML-2_19p12c
19p12c	HG02040	h1	noncarrier	1	HG02040_hap1_hprc_r2_v1.0.1_HML-2_19p12c
19p12c	HG02040	h2	noncarrier	1	HG02040_hap2_hprc_r2_v1.0.1_HML-2_19p12c
19p12c	HG02055	mat	noncarrier	1	HG02055_mat_hprc_r2_v1.0.1_HML-2_19p12c
19p12c	HG02055	pat	noncarrier	1	HG02055_pat_hprc_r2_v1.0.1_HML-2_19p12c
19p12c	HG02056	mat	TypeI	1	HG02056_mat_hprc_r2_v1.0.1_HML-2_19p12c
19p12c	HG02056	pat	noncarrier	1	HG02056_pat_hprc_r2_v1.0.1_HML-2_19p12c
19p12c	HG02059	h1	noncarrier	1	HG02059_h1_HML-2_19p12c_graph_hgsvc3-2024-02-23-mc-chm13
19p12c	HG02059	h2	noncarrier	2	HG02059_h2_HML-2_19p12c_graph_hgsvc3-2024-02-23-mc-chm13|HG02059_h2_HML-2_19p12c_technical_error
19p12c	HG02071	mat	noncarrier	1	HG02071_mat_hprc_r2_v1.0.1_HML-2_19p12c
19p12c	HG02071	pat	TypeI	1	HG02071_pat_hprc_r2_v1.0.1_HML-2_19p12c
19p12c	HG02074	mat	TypeI	1	HG02074_mat_hprc_r2_v1.0.1_HML-2_19p12c
19p12c	HG02074	pat	noncarrier	1	HG02074_pat_hprc_r2_v1.0.1_HML-2_19p12c
19p12c	HG02080	mat	noncarrier	1	HG02080_mat_hprc_r2_v1.0.1_HML-2_19p12c
19p12c	HG02080	pat	noncarrier	1	HG02080_pat_hprc_r2_v1.0.1_HML-2_19p12c
19p12c	HG02083	mat	TypeI	1	HG02083_mat_hprc_r2_v1.0.1_HML-2_19p12c
19p12c	HG02083	pat	noncarrier	1	HG02083_pat_hprc_r2_v1.0.1_HML-2_19p12c
19p12c	HG02106	h1	noncarrier	1	HG02106_h1_HML-2_19p12c_graph_hgsvc3-2024-02-23-mc-chm13
19p12c	HG02106	h2	TypeI	1	HG02106_h2_HML-2_19p12c_graph_hgsvc3-2024-02-23-mc-chm13
19p12c	HG02109	mat	TypeI	1	HG02109_mat_hprc_r2_v1.0.1_HML-2_19p12c
19p12c	HG02109	pat	noncarrier	1	HG02109_pat_hprc_r2_v1.0.1_HML-2_19p12c
19p12c	HG02129	mat	noncarrier	1	HG02129_mat_hprc_r2_v1.0.1_HML-2_19p12c
19p12c	HG02129	pat	TypeI	1	HG02129_pat_hprc_r2_v1.0.1_HML-2_19p12c
19p12c	HG02132	mat	noncarrier	1	HG02132_mat_hprc_r2_v1.0.1_HML-2_19p12c
19p12c	HG02132	pat	noncarrier	1	HG02132_pat_hprc_r2_v1.0.1_HML-2_19p12c
19p12c	HG02135	mat	noncarrier	1	HG02135_mat_hprc_r2_v1.0.1_HML-2_19p12c
19p12c	HG02135	pat	TypeI	1	HG02135_pat_hprc_r2_v1.0.1_HML-2_19p12c
19p12c	HG02145	mat	TypeI	1	HG02145_mat_hprc_r2_v1.0.1_HML-2_19p12c
19p12c	HG02145	pat	TypeI	1	HG02145_pat_hprc_r2_v1.0.1_HML-2_19p12c
19p12c	HG02148	mat	TypeI	1	HG02148_mat_hprc_r2_v1.0.1_HML-2_19p12c
19p12c	HG02148	pat	TypeI	1	HG02148_pat_hprc_r2_v1.0.1_HML-2_19p12c
19p12c	HG02155	h1	noncarrier	1	HG02155_hap1_hprc_r2_v1.0.1_HML-2_19p12c
19p12c	HG02155	h2	noncarrier	1	HG02155_hap2_hprc_r2_v1.0.1_HML-2_19p12c
19p12c	HG02165	h1	TypeI	1	HG02165_hap1_hprc_r2_v1.0.1_HML-2_19p12c
19p12c	HG02165	h2	TypeI	1	HG02165_hap2_hprc_r2_v1.0.1_HML-2_19p12c
19p12c	HG02178	h1	noncarrier	1	HG02178_hap1_hprc_r2_v1.0.1_HML-2_19p12c
19p12c	HG02178	h2	TypeI	1	HG02178_hap2_hprc_r2_v1.0.1_HML-2_19p12c
19p12c	HG02257	mat	TypeI	1	HG02257_mat_hprc_r2_v1.1.0_HML-2_19p12c
19p12c	HG02257	pat	TypeI	1	HG02257_pat_hprc_r2_v1.1.0_HML-2_19p12c
19p12c	HG02258	mat	TypeI	1	HG02258_mat_hprc_r2_v1.0.1_HML-2_19p12c
19p12c	HG02258	pat	TypeI	1	HG02258_pat_hprc_r2_v1.0.1_HML-2_19p12c
19p12c	HG02273	h1	TypeI	1	HG02273_hap1_hprc_r2_v1.0.1_HML-2_19p12c
19p12c	HG02273	h2	noncarrier	1	HG02273_hap2_hprc_r2_v1.0.1_HML-2_19p12c
19p12c	HG02280	mat	TypeI	1	HG02280_mat_hprc_r2_v1.0.1_HML-2_19p12c
19p12c	HG02280	pat	noncarrier	1	HG02280_pat_hprc_r2_v1.0.1_HML-2_19p12c
19p12c	HG02282	h1	TypeI	1	HG02282_h1_HML-2_19p12c_graph_hgsvc3-2024-02-23-mc-chm13
19p12c	HG02282	h2	noncarrier	2	HG02282_h2_HML-2_19p12c_graph_hgsvc3-2024-02-23-mc-chm13|HG02282_h2_HML-2_19p12c_technical_error
19p12c	HG02293	mat	noncarrier	1	HG02293_mat_hprc_r2_v1.0.1_HML-2_19p12c
19p12c	HG02293	pat	noncarrier	1	HG02293_pat_hprc_r2_v1.0.1_HML-2_19p12c
19p12c	HG02300	mat	noncarrier	1	HG02300_mat_hprc_r2_v1.0.1_HML-2_19p12c
19p12c	HG02300	pat	noncarrier	1	HG02300_pat_hprc_r2_v1.0.1_HML-2_19p12c
19p12c	HG02391	h1	noncarrier	1	HG02391_hap1_hprc_r2_v1.0.1_HML-2_19p12c
19p12c	HG02391	h2	TypeI	1	HG02391_hap2_hprc_r2_v1.0.1_HML-2_19p12c
19p12c	HG02392	h1	noncarrier	1	HG02392_hap1_hprc_r2_v1.0.1_HML-2_19p12c
19p12c	HG02392	h2	noncarrier	1	HG02392_hap2_hprc_r2_v1.0.1_HML-2_19p12c
19p12c	HG02451	mat	noncarrier	1	HG02451_mat_hprc_r2_v1.0.1_HML-2_19p12c
19p12c	HG02451	pat	noncarrier	1	HG02451_pat_hprc_r2_v1.0.1_HML-2_19p12c
19p12c	HG02486	mat	TypeI	1	HG02486_mat_hprc_r2_v1.0.1_HML-2_19p12c
19p12c	HG02486	pat	TypeI	1	HG02486_pat_hprc_r2_v1.0.1_HML-2_19p12c
19p12c	HG02492	h1	TypeI	1	HG02492_h1_HML-2_19p12c_graph_hgsvc3-2024-02-23-mc-chm13
19p12c	HG02492	h2	TypeI	1	HG02492_h2_HML-2_19p12c_graph_hgsvc3-2024-02-23-mc-chm13
19p12c	HG02514	mat	noncarrier	1	HG02514_mat_hprc_r2_v1.0.1_HML-2_19p12c
19p12c	HG02514	pat	TypeI	1	HG02514_pat_hprc_r2_v1.0.1_HML-2_19p12c
19p12c	HG02523	mat	TypeI	1	HG02523_mat_hprc_r2_v1.0.1_HML-2_19p12c
19p12c	HG02523	pat	noncarrier	1	HG02523_pat_hprc_r2_v1.0.1_HML-2_19p12c
19p12c	HG02554	h1	TypeI	1	HG02554_h1_HML-2_19p12c_graph_hgsvc3-2024-02-23-mc-chm13
19p12c	HG02554	h2	TypeI	1	HG02554_h2_HML-2_19p12c_graph_hgsvc3-2024-02-23-mc-chm13
19p12c	HG02559	mat	TypeI	1	HG02559_mat_hprc_r2_v1.0.1_HML-2_19p12c
19p12c	HG02559	pat	TypeI	1	HG02559_pat_hprc_r2_v1.0.1_HML-2_19p12c
19p12c	HG02572	mat	TypeI	1	HG02572_mat_hprc_r2_v1.0.1_HML-2_19p12c
19p12c	HG02572	pat	TypeI	1	HG02572_pat_hprc_r2_v1.0.1_HML-2_19p12c
19p12c	HG02583	h1	noncarrier	1	HG02583_hap1_hprc_r2_v1.0.1_HML-2_19p12c
19p12c	HG02583	h2	TypeI	1	HG02583_hap2_hprc_r2_v1.0.1_HML-2_19p12c
19p12c	HG02587	h1	TypeI	1	HG02587_h1_HML-2_19p12c_graph_hgsvc3-2024-02-23-mc-chm13
19p12c	HG02587	h2	TypeI	1	HG02587_h2_HML-2_19p12c_graph_hgsvc3-2024-02-23-mc-chm13
19p12c	HG02602	mat	noncarrier	1	HG02602_mat_hprc_r2_v1.0.1_HML-2_19p12c
19p12c	HG02602	pat	noncarrier	1	HG02602_pat_hprc_r2_v1.0.1_HML-2_19p12c
19p12c	HG02615	mat	TypeI	1	HG02615_mat_hprc_r2_v1.0.1_HML-2_19p12c
19p12c	HG02615	pat	TypeI	1	HG02615_pat_hprc_r2_v1.0.1_HML-2_19p12c
19p12c	HG02622	mat	TypeI	1	HG02622_mat_hprc_r2_v1.0.1_HML-2_19p12c
19p12c	HG02622	pat	TypeI	1	HG02622_pat_hprc_r2_v1.0.1_HML-2_19p12c
19p12c	HG02630	mat	TypeI	1	HG02630_mat_hprc_r2_v1.0.1_HML-2_19p12c
19p12c	HG02630	pat	TypeI	1	HG02630_pat_hprc_r2_v1.0.1_HML-2_19p12c
19p12c	HG02647	mat	TypeI	1	HG02647_mat_hprc_r2_v1.0.1_HML-2_19p12c
19p12c	HG02647	pat	noncarrier	1	HG02647_pat_hprc_r2_v1.0.1_HML-2_19p12c
19p12c	HG02666	h1	TypeI	1	HG02666_h1_HML-2_19p12c_graph_hgsvc3-2024-02-23-mc-chm13
19p12c	HG02666	h2	noncarrier	2	HG02666_h2_HML-2_19p12c_graph_hgsvc3-2024-02-23-mc-chm13|HG02666_h2_HML-2_19p12c_technical_error
19p12c	HG02668	mat	noncarrier	1	HG02668_mat_hprc_r2_v1.0.1_HML-2_19p12c
19p12c	HG02668	pat	noncarrier	1	HG02668_pat_hprc_r2_v1.0.1_HML-2_19p12c
19p12c	HG02698	mat	TypeI	1	HG02698_mat_hprc_r2_v1.0.1_HML-2_19p12c
19p12c	HG02698	pat	noncarrier	1	HG02698_pat_hprc_r2_v1.0.1_HML-2_19p12c
19p12c	HG02717	mat	TypeI	1	HG02717_mat_hprc_r2_v1.0.1_HML-2_19p12c
19p12c	HG02717	pat	TypeI	1	HG02717_pat_hprc_r2_v1.0.1_HML-2_19p12c
19p12c	HG02723	mat	noncarrier	1	HG02723_mat_hprc_r2_v1.0.1_HML-2_19p12c
19p12c	HG02723	pat	TypeI	1	HG02723_pat_hprc_r2_v1.0.1_HML-2_19p12c
19p12c	HG02735	mat	noncarrier	1	HG02735_mat_hprc_r2_v1.0.1_HML-2_19p12c
19p12c	HG02735	pat	TypeI	1	HG02735_pat_hprc_r2_v1.0.1_HML-2_19p12c
19p12c	HG02738	mat	TypeI	1	HG02738_mat_hprc_r2_v1.0.1_HML-2_19p12c
19p12c	HG02738	pat	noncarrier	1	HG02738_pat_hprc_r2_v1.0.1_HML-2_19p12c
19p12c	HG02769	h1	TypeI	1	HG02769_h1_HML-2_19p12c_graph_hgsvc3-2024-02-23-mc-chm13
19p12c	HG02769	h2	TypeI	1	HG02769_h2_HML-2_19p12c_graph_hgsvc3-2024-02-23-mc-chm13
19p12c	HG02809	mat	noncarrier	1	HG02809_mat_hprc_r2_v1.0.1_HML-2_19p12c
19p12c	HG02809	pat	noncarrier	1	HG02809_pat_hprc_r2_v1.0.1_HML-2_19p12c
19p12c	HG02818	mat	TypeI	1	HG02818_mat_hprc_r2_v1.0.1_HML-2_19p12c
19p12c	HG02818	pat	TypeI	1	HG02818_pat_hprc_r2_v1.0.1_HML-2_19p12c
19p12c	HG02841	mat	TypeI	1	HG02841_mat_hprc_r2_v1.0.1_HML-2_19p12c
19p12c	HG02841	pat	TypeI	1	HG02841_pat_hprc_r2_v1.0.1_HML-2_19p12c
19p12c	HG02886	mat	TypeI	1	HG02886_mat_hprc_r2_v1.0.1_HML-2_19p12c
19p12c	HG02886	pat	noncarrier	1	HG02886_pat_hprc_r2_v1.0.1_HML-2_19p12c
19p12c	HG02922	h1	TypeI	1	HG02922_hap1_hprc_r2_v1.0.1_HML-2_19p12c
19p12c	HG02922	h2	TypeI	1	HG02922_hap2_hprc_r2_v1.0.1_HML-2_19p12c
19p12c	HG02953	h1	TypeI	1	HG02953_h1_HML-2_19p12c_graph_hgsvc3-2024-02-23-mc-chm13
19p12c	HG02953	h2	TypeI	1	HG02953_h2_HML-2_19p12c_graph_hgsvc3-2024-02-23-mc-chm13
19p12c	HG02965	h1	noncarrier	1	HG02965_hap1_hprc_r2_v1.0.1_HML-2_19p12c
19p12c	HG02965	h2	TypeI	1	HG02965_hap2_hprc_r2_v1.0.1_HML-2_19p12c
19p12c	HG02976	h1	TypeI	1	HG02976_hap1_hprc_r2_v1.0.1_HML-2_19p12c
19p12c	HG02976	h2	TypeI	1	HG02976_hap2_hprc_r2_v1.0.1_HML-2_19p12c
19p12c	HG02984	mat	noncarrier	1	HG02984_mat_hprc_r2_v1.0.1_HML-2_19p12c
19p12c	HG02984	pat	noncarrier	1	HG02984_pat_hprc_r2_v1.0.1_HML-2_19p12c
19p12c	HG03009	h1	noncarrier	1	HG03009_h1_HML-2_19p12c_graph_hgsvc3-2024-02-23-mc-chm13
19p12c	HG03009	h2	noncarrier	2	HG03009_h2_HML-2_19p12c_graph_hgsvc3-2024-02-23-mc-chm13|HG03009_h2_HML-2_19p12c_technical_error
19p12c	HG03017	mat	TypeI	1	HG03017_mat_hprc_r2_v1.0.1_HML-2_19p12c
19p12c	HG03017	pat	noncarrier	1	HG03017_pat_hprc_r2_v1.0.1_HML-2_19p12c
19p12c	HG03041	mat	noncarrier	1	HG03041_mat_hprc_r2_v1.0.1_HML-2_19p12c
19p12c	HG03041	pat	TypeI	1	HG03041_pat_hprc_r2_v1.0.1_HML-2_19p12c
19p12c	HG03050	mat	noncarrier	1	HG03050_mat_hprc_r2_v1.0.1_HML-2_19p12c
19p12c	HG03050	pat	TypeI	1	HG03050_pat_hprc_r2_v1.0.1_HML-2_19p12c
19p12c	HG03065	h1	TypeI	1	HG03065_h1_HML-2_19p12c_graph_hgsvc3-2024-02-23-mc-chm13
19p12c	HG03065	h2	noncarrier	2	HG03065_h2_HML-2_19p12c_graph_hgsvc3-2024-02-23-mc-chm13|HG03065_h2_HML-2_19p12c_technical_error
19p12c	HG03098	mat	TypeI	1	HG03098_mat_hprc_r2_v1.0.1_HML-2_19p12c
19p12c	HG03098	pat	TypeI	1	HG03098_pat_hprc_r2_v1.0.1_HML-2_19p12c
19p12c	HG03130	h1	noncarrier	1	HG03130_hap1_hprc_r2_v1.0.1_HML-2_19p12c
19p12c	HG03130	h2	TypeI	1	HG03130_hap2_hprc_r2_v1.0.1_HML-2_19p12c
19p12c	HG03139	h1	TypeI	1	HG03139_hap1_hprc_r2_v1.0.1_HML-2_19p12c
19p12c	HG03139	h2	noncarrier	1	HG03139_hap2_hprc_r2_v1.0.1_HML-2_19p12c
19p12c	HG03195	h1	TypeI	1	HG03195_hap1_hprc_r2_v1.0.1_HML-2_19p12c
19p12c	HG03195	h2	noncarrier	1	HG03195_hap2_hprc_r2_v1.0.1_HML-2_19p12c
19p12c	HG03209	h1	noncarrier	1	HG03209_hap1_hprc_r2_v1.0.1_HML-2_19p12c
19p12c	HG03209	h2	TypeI	1	HG03209_hap2_hprc_r2_v1.0.1_HML-2_19p12c
19p12c	HG03225	h1	noncarrier	1	HG03225_hap1_hprc_r2_v1.0.1_HML-2_19p12c
19p12c	HG03225	h2	noncarrier	1	HG03225_hap2_hprc_r2_v1.0.1_HML-2_19p12c
19p12c	HG03239	mat	noncarrier	1	HG03239_mat_hprc_r2_v1.0.1_HML-2_19p12c
19p12c	HG03239	pat	TypeI	1	HG03239_pat_hprc_r2_v1.0.1_HML-2_19p12c
19p12c	HG03248	h1	noncarrier	1	HG03248_h1_HML-2_19p12c_graph_hgsvc3-2024-02-23-mc-chm13
19p12c	HG03248	h2	noncarrier	2	HG03248_h2_HML-2_19p12c_graph_hgsvc3-2024-02-23-mc-chm13|HG03248_h2_HML-2_19p12c_technical_error
19p12c	HG03270	h1	TypeI	1	HG03270_hap1_hprc_r2_v1.0.1_HML-2_19p12c
19p12c	HG03270	h2	TypeI	1	HG03270_hap2_hprc_r2_v1.0.1_HML-2_19p12c
19p12c	HG03369	h1	TypeI	1	HG03369_hap1_hprc_r2_v1.0.1_HML-2_19p12c
19p12c	HG03369	h2	TypeI	1	HG03369_hap2_hprc_r2_v1.0.1_HML-2_19p12c
19p12c	HG03371	h1	TypeI	1	HG03371_h1_HML-2_19p12c_graph_hgsvc3-2024-02-23-mc-chm13
19p12c	HG03371	h2	noncarrier	2	HG03371_h2_HML-2_19p12c_graph_hgsvc3-2024-02-23-mc-chm13|HG03371_h2_HML-2_19p12c_technical_error
19p12c	HG03452	h1	TypeI	1	HG03452_h1_HML-2_19p12c_graph_hgsvc3-2024-02-23-mc-chm13
19p12c	HG03452	h2	noncarrier	2	HG03452_h2_HML-2_19p12c_graph_hgsvc3-2024-02-23-mc-chm13|HG03452_h2_HML-2_19p12c_technical_error
19p12c	HG03453	mat	TypeI	1	HG03453_mat_hprc_r2_v1.0.1_HML-2_19p12c
19p12c	HG03453	pat	TypeI	1	HG03453_pat_hprc_r2_v1.0.1_HML-2_19p12c
19p12c	HG03456	h1	TypeI	1	HG03456_h1_HML-2_19p12c_graph_hgsvc3-2024-02-23-mc-chm13
19p12c	HG03456	h2	TypeI	1	HG03456_h2_HML-2_19p12c_graph_hgsvc3-2024-02-23-mc-chm13
19p12c	HG03470	h1	TypeI	1	HG03470_hap1_hprc_r2_v1.0.1_HML-2_19p12c
19p12c	HG03470	h2	TypeI	1	HG03470_hap2_hprc_r2_v1.0.1_HML-2_19p12c
19p12c	HG03471	h1	TypeI	1	HG03471_hap1_hprc_r2_v1.0.1_HML-2_19p12c
19p12c	HG03471	h2	noncarrier	1	HG03471_hap2_hprc_r2_v1.0.1_HML-2_19p12c
19p12c	HG03486	mat	noncarrier	1	HG03486_mat_hprc_r2_v1.0.1_HML-2_19p12c
19p12c	HG03486	pat	noncarrier	1	HG03486_pat_hprc_r2_v1.0.1_HML-2_19p12c
19p12c	HG03516	mat	TypeI	1	HG03516_mat_hprc_r2_v1.1.0_HML-2_19p12c
19p12c	HG03516	pat	TypeI	1	HG03516_pat_hprc_r2_v1.1.0_HML-2_19p12c
19p12c	HG03520	h1	TypeI	1	HG03520_h1_HML-2_19p12c_graph_hgsvc3-2024-02-23-mc-chm13
19p12c	HG03520	h2	TypeI	1	HG03520_h2_HML-2_19p12c_graph_hgsvc3-2024-02-23-mc-chm13
19p12c	HG03521	h1	TypeI	1	HG03521_hap1_hprc_r2_v1.0.1_HML-2_19p12c
19p12c	HG03521	h2	TypeI	1	HG03521_hap2_hprc_r2_v1.0.1_HML-2_19p12c
19p12c	HG03540	mat	noncarrier	1	HG03540_mat_hprc_r2_v1.0.1_HML-2_19p12c
19p12c	HG03540	pat	TypeI	1	HG03540_pat_hprc_r2_v1.0.1_HML-2_19p12c
19p12c	HG03579	mat	noncarrier	1	HG03579_mat_hprc_r2_v1.0.1_HML-2_19p12c
19p12c	HG03579	pat	TypeI	1	HG03579_pat_hprc_r2_v1.0.1_HML-2_19p12c
19p12c	HG03583	h1	TypeI	1	HG03583_hap1_hprc_r2_v1.0.1_HML-2_19p12c
19p12c	HG03583	h2	noncarrier	1	HG03583_hap2_hprc_r2_v1.0.1_HML-2_19p12c
19p12c	HG03654	mat	noncarrier	1	HG03654_mat_hprc_r2_v1.0.1_HML-2_19p12c
19p12c	HG03654	pat	noncarrier	1	HG03654_pat_hprc_r2_v1.0.1_HML-2_19p12c
19p12c	HG03669	mat	noncarrier	1	HG03669_mat_hprc_r2_v1.0.1_HML-2_19p12c
19p12c	HG03669	pat	noncarrier	1	HG03669_pat_hprc_r2_v1.0.1_HML-2_19p12c
19p12c	HG03683	h1	TypeI	1	HG03683_h1_HML-2_19p12c_graph_hgsvc3-2024-02-23-mc-chm13
19p12c	HG03683	h2	TypeI	1	HG03683_h2_HML-2_19p12c_graph_hgsvc3-2024-02-23-mc-chm13
19p12c	HG03688	mat	noncarrier	1	HG03688_mat_hprc_r2_v1.0.1_HML-2_19p12c
19p12c	HG03688	pat	noncarrier	1	HG03688_pat_hprc_r2_v1.0.1_HML-2_19p12c
19p12c	HG03704	mat	noncarrier	1	HG03704_mat_hprc_r2_v1.0.1_HML-2_19p12c
19p12c	HG03704	pat	TypeI	1	HG03704_pat_hprc_r2_v1.0.1_HML-2_19p12c
19p12c	HG03710	mat	noncarrier	1	HG03710_mat_hprc_r2_v1.0.1_HML-2_19p12c
19p12c	HG03710	pat	TypeI	1	HG03710_pat_hprc_r2_v1.0.1_HML-2_19p12c
19p12c	HG03732	h1	TypeI	1	HG03732_h1_HML-2_19p12c_graph_hgsvc3-2024-02-23-mc-chm13
19p12c	HG03732	h2	TypeI	1	HG03732_h2_HML-2_19p12c_graph_hgsvc3-2024-02-23-mc-chm13
19p12c	HG03742	h1	noncarrier	1	HG03742_hap1_hprc_r2_v1.0.1_HML-2_19p12c
19p12c	HG03742	h2	TypeI	1	HG03742_hap2_hprc_r2_v1.0.1_HML-2_19p12c
19p12c	HG03784	h1	TypeI	1	HG03784_hap1_hprc_r2_v1.0.1_HML-2_19p12c
19p12c	HG03784	h2	noncarrier	1	HG03784_hap2_hprc_r2_v1.0.1_HML-2_19p12c
19p12c	HG03804	mat	noncarrier	1	HG03804_mat_hprc_r2_v1.0.1_HML-2_19p12c
19p12c	HG03804	pat	noncarrier	1	HG03804_pat_hprc_r2_v1.0.1_HML-2_19p12c
19p12c	HG03807	h1	noncarrier	1	HG03807_h1_HML-2_19p12c_graph_hgsvc3-2024-02-23-mc-chm13
19p12c	HG03807	h2	noncarrier	2	HG03807_h2_HML-2_19p12c_graph_hgsvc3-2024-02-23-mc-chm13|HG03807_h2_HML-2_19p12c_technical_error
19p12c	HG03816	mat	noncarrier	1	HG03816_mat_hprc_r2_v1.0.1_HML-2_19p12c
19p12c	HG03816	pat	noncarrier	1	HG03816_pat_hprc_r2_v1.0.1_HML-2_19p12c
19p12c	HG03831	mat	noncarrier	1	HG03831_mat_hprc_r2_v1.0.1_HML-2_19p12c
19p12c	HG03831	pat	TypeI	1	HG03831_pat_hprc_r2_v1.0.1_HML-2_19p12c
19p12c	HG03834	mat	TypeI	1	HG03834_mat_hprc_r2_v1.0.1_HML-2_19p12c
19p12c	HG03834	pat	noncarrier	1	HG03834_pat_hprc_r2_v1.0.1_HML-2_19p12c
19p12c	HG03874	h1	TypeI	1	HG03874_hap1_hprc_r2_v1.0.1_HML-2_19p12c
19p12c	HG03874	h2	noncarrier	1	HG03874_hap2_hprc_r2_v1.0.1_HML-2_19p12c
19p12c	HG03927	mat	noncarrier	1	HG03927_mat_hprc_r2_v1.0.1_HML-2_19p12c
19p12c	HG03927	pat	noncarrier	1	HG03927_pat_hprc_r2_v1.0.1_HML-2_19p12c
19p12c	HG03942	mat	noncarrier	1	HG03942_mat_hprc_r2_v1.0.1_HML-2_19p12c
19p12c	HG03942	pat	noncarrier	1	HG03942_pat_hprc_r2_v1.0.1_HML-2_19p12c
19p12c	HG04036	h1	noncarrier	1	HG04036_h1_HML-2_19p12c_graph_hgsvc3-2024-02-23-mc-chm13
19p12c	HG04036	h2	noncarrier	2	HG04036_h2_HML-2_19p12c_graph_hgsvc3-2024-02-23-mc-chm13|HG04036_h2_HML-2_19p12c_technical_error
19p12c	HG04115	mat	noncarrier	1	HG04115_mat_hprc_r2_v1.0.1_HML-2_19p12c
19p12c	HG04115	pat	noncarrier	1	HG04115_pat_hprc_r2_v1.0.1_HML-2_19p12c
19p12c	HG04157	mat	noncarrier	1	HG04157_mat_hprc_r2_v1.0.1_HML-2_19p12c
19p12c	HG04157	pat	noncarrier	1	HG04157_pat_hprc_r2_v1.0.1_HML-2_19p12c
19p12c	HG04160	mat	noncarrier	1	HG04160_mat_hprc_r2_v1.0.1_HML-2_19p12c
19p12c	HG04160	pat	noncarrier	1	HG04160_pat_hprc_r2_v1.0.1_HML-2_19p12c
19p12c	HG04184	mat	noncarrier	1	HG04184_mat_hprc_r2_v1.0.1_HML-2_19p12c
19p12c	HG04184	pat	TypeI	1	HG04184_pat_hprc_r2_v1.0.1_HML-2_19p12c
19p12c	HG04187	mat	noncarrier	1	HG04187_mat_hprc_r2_v1.0.1_HML-2_19p12c
19p12c	HG04187	pat	TypeI	1	HG04187_pat_hprc_r2_v1.0.1_HML-2_19p12c
19p12c	HG04199	mat	TypeI	1	HG04199_mat_hprc_r2_v1.0.1_HML-2_19p12c
19p12c	HG04199	pat	TypeI	1	HG04199_pat_hprc_r2_v1.0.1_HML-2_19p12c
19p12c	HG04204	mat	TypeI	1	HG04204_mat_hprc_r2_v1.0.1_HML-2_19p12c
19p12c	HG04204	pat	TypeI	1	HG04204_pat_hprc_r2_v1.0.1_HML-2_19p12c
19p12c	HG04217	h1	TypeI	1	HG04217_h1_HML-2_19p12c_graph_hgsvc3-2024-02-23-mc-chm13
19p12c	HG04217	h2	TypeI	1	HG04217_h2_HML-2_19p12c_graph_hgsvc3-2024-02-23-mc-chm13
19p12c	HG04228	mat	TypeI	1	HG04228_mat_hprc_r2_v1.0.1_HML-2_19p12c
19p12c	HG04228	pat	noncarrier	1	HG04228_pat_hprc_r2_v1.0.1_HML-2_19p12c
19p12c	HG06807	mat	TypeI	1	HG06807_mat_v1.0.genbank_HML-2_19p12c
19p12c	HG06807	pat	TypeI	1	HG06807_pat_v1.0.genbank_HML-2_19p12c
19p12c	NA12329	h1	noncarrier	1	NA12329_h1_HML-2_19p12c_graph_hgsvc3-2024-02-23-mc-chm13
19p12c	NA12329	h2	noncarrier	2	NA12329_h2_HML-2_19p12c_graph_hgsvc3-2024-02-23-mc-chm13|NA12329_h2_HML-2_19p12c_technical_error
19p12c	NA18505	h1	noncarrier	1	NA18505_hap1_hprc_r2_v1.0.1_HML-2_19p12c
19p12c	NA18505	h2	TypeI	1	NA18505_hap2_hprc_r2_v1.0.1_HML-2_19p12c
19p12c	NA18508	h1	noncarrier	1	NA18508_hap1_hprc_r2_v1.0.1_HML-2_19p12c
19p12c	NA18508	h2	TypeI	1	NA18508_hap2_hprc_r2_v1.0.1_HML-2_19p12c
19p12c	NA18522	h1	TypeI	1	NA18522_hap1_hprc_r2_v1.0.1_HML-2_19p12c
19p12c	NA18522	h2	TypeI	1	NA18522_hap2_hprc_r2_v1.0.1_HML-2_19p12c
19p12c	NA18534	h1	TypeI	1	NA18534_h1_HML-2_19p12c_graph_hgsvc3-2024-02-23-mc-chm13
19p12c	NA18534	h2	noncarrier	2	NA18534_h2_HML-2_19p12c_graph_hgsvc3-2024-02-23-mc-chm13|NA18534_h2_HML-2_19p12c_technical_error
19p12c	NA18565	h1	TypeI	1	NA18565_hap1_hprc_r2_v1.0.1_HML-2_19p12c
19p12c	NA18565	h2	noncarrier	1	NA18565_hap2_hprc_r2_v1.0.1_HML-2_19p12c
19p12c	NA18570	h1	noncarrier	1	NA18570_hap1_hprc_r2_v1.0.1_HML-2_19p12c
19p12c	NA18570	h2	noncarrier	1	NA18570_hap2_hprc_r2_v1.0.1_HML-2_19p12c
19p12c	NA18608	h1	noncarrier	1	NA18608_hap1_hprc_r2_v1.0.1_HML-2_19p12c
19p12c	NA18608	h2	noncarrier	1	NA18608_hap2_hprc_r2_v1.0.1_HML-2_19p12c
19p12c	NA18620	h1	TypeI	1	NA18620_hap1_hprc_r2_v1.0.1_HML-2_19p12c
19p12c	NA18620	h2	noncarrier	1	NA18620_hap2_hprc_r2_v1.0.1_HML-2_19p12c
19p12c	NA18747	h1	noncarrier	1	NA18747_hap1_hprc_r2_v1.0.1_HML-2_19p12c
19p12c	NA18747	h2	noncarrier	1	NA18747_hap2_hprc_r2_v1.0.1_HML-2_19p12c
19p12c	NA18879	h1	TypeI	1	NA18879_hap1_hprc_r2_v1.0.1_HML-2_19p12c
19p12c	NA18879	h2	noncarrier	1	NA18879_hap2_hprc_r2_v1.0.1_HML-2_19p12c
19p12c	NA18906	mat	noncarrier	1	NA18906_mat_hprc_r2_v1.0.1_HML-2_19p12c
19p12c	NA18906	pat	TypeI	1	NA18906_pat_hprc_r2_v1.0.1_HML-2_19p12c
19p12c	NA18939	h1	TypeI	1	NA18939_h1_HML-2_19p12c_graph_hgsvc3-2024-02-23-mc-chm13
19p12c	NA18939	h2	noncarrier	2	NA18939_h2_HML-2_19p12c_graph_hgsvc3-2024-02-23-mc-chm13|NA18939_h2_HML-2_19p12c_technical_error
19p12c	NA18940	h1	noncarrier	1	NA18940_hap1_hprc_r2_v1.0.1_HML-2_19p12c
19p12c	NA18940	h2	TypeI	1	NA18940_hap2_hprc_r2_v1.0.1_HML-2_19p12c
19p12c	NA18943	h1	noncarrier	1	NA18943_hap1_hprc_r2_v1.0.1_HML-2_19p12c
19p12c	NA18943	h2	TypeI	1	NA18943_hap2_hprc_r2_v1.0.1_HML-2_19p12c
19p12c	NA18944	h1	noncarrier	1	NA18944_hap1_hprc_r2_v1.0.1_HML-2_19p12c
19p12c	NA18944	h2	noncarrier	1	NA18944_hap2_hprc_r2_v1.0.1_HML-2_19p12c
19p12c	NA18945	h1	noncarrier	1	NA18945_hap1_hprc_r2_v1.0.1_HML-2_19p12c
19p12c	NA18945	h2	noncarrier	1	NA18945_hap2_hprc_r2_v1.0.1_HML-2_19p12c
19p12c	NA18948	h1	noncarrier	1	NA18948_hap1_hprc_r2_v1.0.1_HML-2_19p12c
19p12c	NA18948	h2	TypeI	1	NA18948_hap2_hprc_r2_v1.0.1_HML-2_19p12c
19p12c	NA18952	h1	TypeI	1	NA18952_hap1_hprc_r2_v1.0.1_HML-2_19p12c
19p12c	NA18952	h2	noncarrier	1	NA18952_hap2_hprc_r2_v1.0.1_HML-2_19p12c
19p12c	NA18959	h1	noncarrier	1	NA18959_hap1_hprc_r2_v1.0.1_HML-2_19p12c
19p12c	NA18959	h2	TypeI	1	NA18959_hap2_hprc_r2_v1.0.1_HML-2_19p12c
19p12c	NA18960	h1	noncarrier	1	NA18960_hap1_hprc_r2_v1.0.1_HML-2_19p12c
19p12c	NA18960	h2	noncarrier	1	NA18960_hap2_hprc_r2_v1.0.1_HML-2_19p12c
19p12c	NA18967	h1	TypeI	1	NA18967_hap1_hprc_r2_v1.0.1_HML-2_19p12c
19p12c	NA18967	h2	noncarrier	1	NA18967_hap2_hprc_r2_v1.0.1_HML-2_19p12c
19p12c	NA18970	h1	TypeI	1	NA18970_hap1_hprc_r2_v1.0.1_HML-2_19p12c
19p12c	NA18970	h2	noncarrier	1	NA18970_hap2_hprc_r2_v1.0.1_HML-2_19p12c
19p12c	NA18971	h1	noncarrier	1	NA18971_hap1_hprc_r2_v1.0.1_HML-2_19p12c
19p12c	NA18971	h2	noncarrier	1	NA18971_hap2_hprc_r2_v1.0.1_HML-2_19p12c
19p12c	NA18974	h1	TypeI	1	NA18974_hap1_hprc_r2_v1.0.1_HML-2_19p12c
19p12c	NA18974	h2	noncarrier	1	NA18974_hap2_hprc_r2_v1.0.1_HML-2_19p12c
19p12c	NA18976	h1	TypeI	1	NA18976_hap1_hprc_r2_v1.0.1_HML-2_19p12c
19p12c	NA18976	h2	TypeI	1	NA18976_hap2_hprc_r2_v1.0.1_HML-2_19p12c
19p12c	NA18982	h1	noncarrier	1	NA18982_hap1_hprc_r2_v1.0.1_HML-2_19p12c
19p12c	NA18982	h2	noncarrier	1	NA18982_hap2_hprc_r2_v1.0.1_HML-2_19p12c
19p12c	NA18983	h1	TypeI	1	NA18983_hap1_hprc_r2_v1.0.1_HML-2_19p12c
19p12c	NA18983	h2	TypeI	1	NA18983_hap2_hprc_r2_v1.0.1_HML-2_19p12c
19p12c	NA18989	h1	noncarrier	1	NA18989_h1_HML-2_19p12c_graph_hgsvc3-2024-02-23-mc-chm13
19p12c	NA18989	h2	noncarrier	2	NA18989_h2_HML-2_19p12c_graph_hgsvc3-2024-02-23-mc-chm13|NA18989_h2_HML-2_19p12c_technical_error
19p12c	NA19036	h1	TypeI	1	NA19036_hap1_hprc_r2_v1.0.1_HML-2_19p12c
19p12c	NA19036	h2	TypeI	1	NA19036_hap2_hprc_r2_v1.0.1_HML-2_19p12c
19p12c	NA19043	h1	TypeI	1	NA19043_hap1_hprc_r2_v1.0.1_HML-2_19p12c
19p12c	NA19043	h2	noncarrier	1	NA19043_hap2_hprc_r2_v1.0.1_HML-2_19p12c
19p12c	NA19087	h1	noncarrier	1	NA19087_hap1_hprc_r2_v1.0.1_HML-2_19p12c
19p12c	NA19087	h2	noncarrier	1	NA19087_hap2_hprc_r2_v1.0.1_HML-2_19p12c
19p12c	NA19129	h1	TypeI	1	NA19129_h1_HML-2_19p12c_graph_hgsvc3-2024-02-23-mc-chm13
19p12c	NA19129	h2	TypeI	1	NA19129_h2_HML-2_19p12c_graph_hgsvc3-2024-02-23-mc-chm13
19p12c	NA19159	h1	noncarrier	1	NA19159_hap1_hprc_r2_v1.0.1_HML-2_19p12c
19p12c	NA19159	h2	noncarrier	1	NA19159_hap2_hprc_r2_v1.0.1_HML-2_19p12c
19p12c	NA19185	h1	TypeI	1	NA19185_hap1_hprc_r2_v1.0.1_HML-2_19p12c
19p12c	NA19185	h2	TypeI	1	NA19185_hap2_hprc_r2_v1.0.1_HML-2_19p12c
19p12c	NA19238	h1	noncarrier	1	NA19238_h1_HML-2_19p12c_graph_hgsvc3-2024-02-23-mc-chm13
19p12c	NA19238	h2	noncarrier	2	NA19238_h2_HML-2_19p12c_graph_hgsvc3-2024-02-23-mc-chm13|NA19238_h2_HML-2_19p12c_technical_error
19p12c	NA19239	h1	noncarrier	1	NA19239_h1_HML-2_19p12c_graph_hgsvc3-2024-02-23-mc-chm13
19p12c	NA19239	h2	TypeI	1	NA19239_h2_HML-2_19p12c_graph_hgsvc3-2024-02-23-mc-chm13
19p12c	NA19240	mat	noncarrier	1	NA19240_mat_hprc_r2_v1.0.1_HML-2_19p12c
19p12c	NA19240	pat	TypeI	1	NA19240_pat_hprc_r2_v1.0.1_HML-2_19p12c
19p12c	NA19317	h1	TypeI	1	NA19317_h1_HML-2_19p12c_graph_hgsvc3-2024-02-23-mc-chm13
19p12c	NA19317	h2	noncarrier	2	NA19317_h2_HML-2_19p12c_graph_hgsvc3-2024-02-23-mc-chm13|NA19317_h2_HML-2_19p12c_technical_error
19p12c	NA19331	h1	TypeI	1	NA19331_h1_HML-2_19p12c_graph_hgsvc3-2024-02-23-mc-chm13
19p12c	NA19331	h2	TypeI	1	NA19331_h2_HML-2_19p12c_graph_hgsvc3-2024-02-23-mc-chm13
19p12c	NA19338	h1	noncarrier	1	NA19338_hap1_hprc_r2_v1.0.1_HML-2_19p12c
19p12c	NA19338	h2	noncarrier	1	NA19338_hap2_hprc_r2_v1.0.1_HML-2_19p12c
19p12c	NA19347	h1	noncarrier	1	NA19347_h1_HML-2_19p12c_graph_hgsvc3-2024-02-23-mc-chm13
19p12c	NA19347	h2	TypeI	1	NA19347_h2_HML-2_19p12c_graph_hgsvc3-2024-02-23-mc-chm13
19p12c	NA19384	h1	TypeI	1	NA19384_h1_HML-2_19p12c_graph_hgsvc3-2024-02-23-mc-chm13
19p12c	NA19384	h2	TypeI	1	NA19384_h2_HML-2_19p12c_graph_hgsvc3-2024-02-23-mc-chm13
19p12c	NA19391	h1	noncarrier	1	NA19391_hap1_hprc_r2_v1.0.1_HML-2_19p12c
19p12c	NA19391	h2	noncarrier	1	NA19391_hap2_hprc_r2_v1.0.1_HML-2_19p12c
19p12c	NA19434	h1	TypeI	1	NA19434_h1_HML-2_19p12c_graph_hgsvc3-2024-02-23-mc-chm13
19p12c	NA19434	h2	TypeI	1	NA19434_h2_HML-2_19p12c_graph_hgsvc3-2024-02-23-mc-chm13
19p12c	NA19443	h1	TypeI	1	NA19443_hap1_hprc_r2_v1.0.1_HML-2_19p12c
19p12c	NA19443	h2	TypeI	1	NA19443_hap2_hprc_r2_v1.0.1_HML-2_19p12c
19p12c	NA19468	h1	TypeI	1	NA19468_hap1_hprc_r2_v1.0.1_HML-2_19p12c
19p12c	NA19468	h2	TypeI	1	NA19468_hap2_hprc_r2_v1.0.1_HML-2_19p12c
19p12c	NA19650	h1	noncarrier	1	NA19650_h1_HML-2_19p12c_graph_hgsvc3-2024-02-23-mc-chm13
19p12c	NA19650	h2	noncarrier	2	NA19650_h2_HML-2_19p12c_graph_hgsvc3-2024-02-23-mc-chm13|NA19650_h2_HML-2_19p12c_technical_error
19p12c	NA19682	h1	noncarrier	1	NA19682_hap1_hprc_r2_v1.0.1_HML-2_19p12c
19p12c	NA19682	h2	noncarrier	1	NA19682_hap2_hprc_r2_v1.0.1_HML-2_19p12c
19p12c	NA19700	h1	TypeI	1	NA19700_hap1_hprc_r2_v1.0.1_HML-2_19p12c
19p12c	NA19700	h2	noncarrier	1	NA19700_hap2_hprc_r2_v1.0.1_HML-2_19p12c
19p12c	NA19705	h1	noncarrier	1	NA19705_h1_HML-2_19p12c_graph_hgsvc3-2024-02-23-mc-chm13
19p12c	NA19705	h2	TypeI	1	NA19705_h2_HML-2_19p12c_graph_hgsvc3-2024-02-23-mc-chm13
19p12c	NA19776	h1	TypeI	1	NA19776_hap1_hprc_r2_v1.0.1_HML-2_19p12c
19p12c	NA19776	h2	noncarrier	1	NA19776_hap2_hprc_r2_v1.0.1_HML-2_19p12c
19p12c	NA19835	h1	TypeI	1	NA19835_hap1_hprc_r2_v1.0.1_HML-2_19p12c
19p12c	NA19835	h2	TypeI	1	NA19835_hap2_hprc_r2_v1.0.1_HML-2_19p12c
19p12c	NA19836	h1	TypeI	1	NA19836_h1_HML-2_19p12c_graph_hgsvc3-2024-02-23-mc-chm13
19p12c	NA19836	h2	TypeI	1	NA19836_h2_HML-2_19p12c_graph_hgsvc3-2024-02-23-mc-chm13
19p12c	NA19909	h1	noncarrier	1	NA19909_hap1_hprc_r2_v1.0.1_HML-2_19p12c
19p12c	NA19909	h2	TypeI	1	NA19909_hap2_hprc_r2_v1.0.1_HML-2_19p12c
19p12c	NA19983	h1	TypeI	1	NA19983_h1_HML-2_19p12c_graph_hgsvc3-2024-02-23-mc-chm13
19p12c	NA19983	h2	noncarrier	2	NA19983_h2_HML-2_19p12c_graph_hgsvc3-2024-02-23-mc-chm13|NA19983_h2_HML-2_19p12c_technical_error
19p12c	NA20129	mat	noncarrier	1	NA20129_mat_hprc_r2_v1.0.1_HML-2_19p12c
19p12c	NA20129	pat	TypeI	1	NA20129_pat_hprc_r2_v1.0.1_HML-2_19p12c
19p12c	NA20282	h1	noncarrier	1	NA20282_hap1_hprc_r2_v1.0.1_HML-2_19p12c
19p12c	NA20282	h2	noncarrier	1	NA20282_hap2_hprc_r2_v1.0.1_HML-2_19p12c
19p12c	NA20346	h1	TypeI	1	NA20346_hap1_hprc_r2_v1.0.1_HML-2_19p12c
19p12c	NA20346	h2	TypeI	1	NA20346_hap2_hprc_r2_v1.0.1_HML-2_19p12c
19p12c	NA20355	h1	TypeI	1	NA20355_h1_HML-2_19p12c_graph_hgsvc3-2024-02-23-mc-chm13
19p12c	NA20355	h2	noncarrier	2	NA20355_h2_HML-2_19p12c_graph_hgsvc3-2024-02-23-mc-chm13|NA20355_h2_HML-2_19p12c_technical_error
19p12c	NA20503	h1	TypeI	1	NA20503_hap1_hprc_r2_v1.0.1_HML-2_19p12c
19p12c	NA20503	h2	noncarrier	1	NA20503_hap2_hprc_r2_v1.0.1_HML-2_19p12c
19p12c	NA20509	h1	noncarrier	1	NA20509_h1_HML-2_19p12c_graph_hgsvc3-2024-02-23-mc-chm13
19p12c	NA20509	h2	noncarrier	2	NA20509_h2_HML-2_19p12c_graph_hgsvc3-2024-02-23-mc-chm13|NA20509_h2_HML-2_19p12c_technical_error
19p12c	NA20752	h1	noncarrier	1	NA20752_hap1_hprc_r2_v1.0.1_HML-2_19p12c
19p12c	NA20752	h2	noncarrier	1	NA20752_hap2_hprc_r2_v1.0.1_HML-2_19p12c
19p12c	NA20762	h1	noncarrier	1	NA20762_hap1_hprc_r2_v1.0.1_HML-2_19p12c
19p12c	NA20762	h2	TypeI	1	NA20762_hap2_hprc_r2_v1.0.1_HML-2_19p12c
19p12c	NA20799	h1	TypeI	1	NA20799_hap1_hprc_r2_v1.0.1_HML-2_19p12c
19p12c	NA20799	h2	noncarrier	1	NA20799_hap2_hprc_r2_v1.0.1_HML-2_19p12c
19p12c	NA20805	h1	noncarrier	1	NA20805_hap1_hprc_r2_v1.0.1_HML-2_19p12c
19p12c	NA20805	h2	noncarrier	1	NA20805_hap2_hprc_r2_v1.0.1_HML-2_19p12c
19p12c	NA20806	h1	noncarrier	1	NA20806_hap1_hprc_r2_v1.0.1_HML-2_19p12c
19p12c	NA20806	h2	noncarrier	1	NA20806_hap2_hprc_r2_v1.0.1_HML-2_19p12c
19p12c	NA20809	h1	noncarrier	1	NA20809_hap1_hprc_r2_v1.0.1_HML-2_19p12c
19p12c	NA20809	h2	noncarrier	1	NA20809_hap2_hprc_r2_v1.0.1_HML-2_19p12c
19p12c	NA20827	h1	noncarrier	1	NA20827_hap1_hprc_r2_v1.0.1_HML-2_19p12c
19p12c	NA20827	h2	noncarrier	1	NA20827_hap2_hprc_r2_v1.0.1_HML-2_19p12c
19p12c	NA20847	h1	TypeI	1	NA20847_h1_HML-2_19p12c_graph_hgsvc3-2024-02-23-mc-chm13
19p12c	NA20847	h2	TypeI	1	NA20847_h2_HML-2_19p12c_graph_hgsvc3-2024-02-23-mc-chm13
19p12c	NA20850	h1	noncarrier	1	NA20850_hap1_hprc_r2_v1.0.1_HML-2_19p12c
19p12c	NA20850	h2	noncarrier	1	NA20850_hap2_hprc_r2_v1.0.1_HML-2_19p12c
19p12c	NA20870	h1	noncarrier	1	NA20870_hap1_hprc_r2_v1.0.1_HML-2_19p12c
19p12c	NA20870	h2	noncarrier	1	NA20870_hap2_hprc_r2_v1.0.1_HML-2_19p12c
19p12c	NA20905	h1	TypeI	1	NA20905_hap1_hprc_r2_v1.0.1_HML-2_19p12c
19p12c	NA20905	h2	TypeI	1	NA20905_hap2_hprc_r2_v1.0.1_HML-2_19p12c
19p12c	NA21093	h1	noncarrier	1	NA21093_hap1_hprc_r2_v1.0.1_HML-2_19p12c
19p12c	NA21093	h2	TypeI	1	NA21093_hap2_hprc_r2_v1.0.1_HML-2_19p12c
19p12c	NA21102	h1	noncarrier	1	NA21102_hap1_hprc_r2_v1.0.1_HML-2_19p12c
19p12c	NA21102	h2	TypeI	1	NA21102_hap2_hprc_r2_v1.0.1_HML-2_19p12c
19p12c	NA21106	h1	noncarrier	1	NA21106_hap1_hprc_r2_v1.0.1_HML-2_19p12c
19p12c	NA21106	h2	TypeI	1	NA21106_hap2_hprc_r2_v1.0.1_HML-2_19p12c
19p12c	NA21110	h1	noncarrier	1	NA21110_hap1_hprc_r2_v1.0.1_HML-2_19p12c
19p12c	NA21110	h2	noncarrier	1	NA21110_hap2_hprc_r2_v1.0.1_HML-2_19p12c
19p12c	NA21144	h1	noncarrier	1	NA21144_hap1_hprc_r2_v1.0.1_HML-2_19p12c
19p12c	NA21144	h2	noncarrier	1	NA21144_hap2_hprc_r2_v1.0.1_HML-2_19p12c
19p12c	NA21309	mat	noncarrier	1	NA21309_mat_hprc_r2_v1.0.1_HML-2_19p12c
19p12c	NA21309	pat	noncarrier	1	NA21309_pat_hprc_r2_v1.0.1_HML-2_19p12c
19p12c	NA21487	h1	TypeI	1	NA21487_h1_HML-2_19p12c_graph_hgsvc3-2024-02-23-mc-chm13
19p12c	NA21487	h2	TypeI	1	NA21487_h2_HML-2_19p12c_graph_hgsvc3-2024-02-23-mc-chm13
19p12c	NA24385	h1	TypeI	1	NA24385_h1_HML-2_19p12c_graph_hgsvc3-2024-02-23-mc-chm13
19p12c	NA24385	h2	noncarrier	2	NA24385_h2_HML-2_19p12c_graph_hgsvc3-2024-02-23-mc-chm13|NA24385_h2_HML-2_19p12c_technical_error
19p12e	HG00096	h1	TypeI	1	HG00096_h1_HML-2_19p12e_graph_hgsvc3-2024-02-23-mc-chm13
19p12e	HG00096	h2	TypeI	1	HG00096_h2_HML-2_19p12e_graph_hgsvc3-2024-02-23-mc-chm13
19p12e	HG00097	h1	TypeI	1	HG00097_hap1_hprc_r2_v1.0.1_HML-2_19p12e
19p12e	HG00097	h2	TypeI	1	HG00097_hap2_hprc_r2_v1.0.1_HML-2_19p12e
19p12e	HG00099	h1	TypeI	1	HG00099_hap1_hprc_r2_v1.0.1_HML-2_19p12e
19p12e	HG00099	h2	TypeI	1	HG00099_hap2_hprc_r2_v1.0.1_HML-2_19p12e
19p12e	HG00126	h1	TypeI	1	HG00126_hap1_hprc_r2_v1.0.1_HML-2_19p12e
19p12e	HG00126	h2	TypeI	1	HG00126_hap2_hprc_r2_v1.0.1_HML-2_19p12e
19p12e	HG00128	h1	TypeI	1	HG00128_hap1_hprc_r2_v1.0.1_HML-2_19p12e
19p12e	HG00128	h2	TypeI	1	HG00128_hap2_hprc_r2_v1.0.1_HML-2_19p12e
19p12e	HG00133	h1	TypeI	1	HG00133_hap1_hprc_r2_v1.0.1_HML-2_19p12e
19p12e	HG00133	h2	TypeI	1	HG00133_hap2_hprc_r2_v1.0.1_HML-2_19p12e
19p12e	HG00140	h1	TypeI	1	HG00140_hap1_hprc_r2_v1.0.1_HML-2_19p12e
19p12e	HG00140	h2	TypeI	1	HG00140_hap2_hprc_r2_v1.0.1_HML-2_19p12e
19p12e	HG00146	h1	TypeI	1	HG00146_hap1_hprc_r2_v1.0.1_HML-2_19p12e
19p12e	HG00146	h2	TypeI	1	HG00146_hap2_hprc_r2_v1.0.1_HML-2_19p12e
19p12e	HG00171	h1	TypeI	1	HG00171_h1_HML-2_19p12e_graph_hgsvc3-2024-02-23-mc-chm13
19p12e	HG00171	h2	TypeI	1	HG00171_h2_HML-2_19p12e_graph_hgsvc3-2024-02-23-mc-chm13
19p12e	HG00232	h1	TypeI	1	HG00232_hap1_hprc_r2_v1.0.1_HML-2_19p12e
19p12e	HG00232	h2	TypeI	1	HG00232_hap2_hprc_r2_v1.0.1_HML-2_19p12e
19p12e	HG00235	h1	TypeI	1	HG00235_hap1_hprc_r2_v1.0.1_HML-2_19p12e
19p12e	HG00235	h2	TypeI	1	HG00235_hap2_hprc_r2_v1.0.1_HML-2_19p12e
19p12e	HG00253	h1	TypeI	1	HG00253_hap1_hprc_r2_v1.0.1_HML-2_19p12e
19p12e	HG00253	h2	TypeI	1	HG00253_hap2_hprc_r2_v1.0.1_HML-2_19p12e
19p12e	HG00268	h1	TypeI	1	HG00268_h1_HML-2_19p12e_graph_hgsvc3-2024-02-23-mc-chm13
19p12e	HG00268	h2	TypeI	1	HG00268_h2_HML-2_19p12e_graph_hgsvc3-2024-02-23-mc-chm13
19p12e	HG00272	h1	TypeI	1	HG00272_hap1_hprc_r2_v1.0.1_HML-2_19p12e
19p12e	HG00272	h2	TypeI	1	HG00272_hap2_hprc_r2_v1.0.1_HML-2_19p12e
19p12e	HG00280	h1	TypeI	1	HG00280_hap1_hprc_r2_v1.0.1_HML-2_19p12e
19p12e	HG00280	h2	TypeI	1	HG00280_hap2_hprc_r2_v1.0.1_HML-2_19p12e
19p12e	HG00290	h1	TypeI	1	HG00290_hap1_hprc_r2_v1.0.1_HML-2_19p12e
19p12e	HG00290	h2	TypeI	1	HG00290_hap2_hprc_r2_v1.0.1_HML-2_19p12e
19p12e	HG00320	h1	TypeI	1	HG00320_hap1_hprc_r2_v1.0.1_HML-2_19p12e
19p12e	HG00320	h2	TypeI	1	HG00320_hap2_hprc_r2_v1.0.1_HML-2_19p12e
19p12e	HG00321	h1	TypeI	1	HG00321_hap1_hprc_r2_v1.0.1_HML-2_19p12e
19p12e	HG00321	h2	TypeI	1	HG00321_hap2_hprc_r2_v1.0.1_HML-2_19p12e
19p12e	HG00323	h1	TypeI	1	HG00323_hap1_hprc_r2_v1.0.1_HML-2_19p12e
19p12e	HG00323	h2	TypeI	1	HG00323_hap2_hprc_r2_v1.0.1_HML-2_19p12e
19p12e	HG00329	h1	TypeI	1	HG00329_hap1_hprc_r2_v1.0.1_HML-2_19p12e
19p12e	HG00329	h2	TypeI	1	HG00329_hap2_hprc_r2_v1.0.1_HML-2_19p12e
19p12e	HG00344	h1	TypeI	1	HG00344_hap1_hprc_r2_v1.0.1_HML-2_19p12e
19p12e	HG00344	h2	TypeI	1	HG00344_hap2_hprc_r2_v1.0.1_HML-2_19p12e
19p12e	HG00350	h1	TypeI	1	HG00350_hap1_hprc_r2_v1.0.1_HML-2_19p12e
19p12e	HG00350	h2	TypeI	1	HG00350_hap2_hprc_r2_v1.0.1_HML-2_19p12e
19p12e	HG00358	h1	TypeI	1	HG00358_h1_HML-2_19p12e_graph_hgsvc3-2024-02-23-mc-chm13
19p12e	HG00358	h2	TypeI	1	HG00358_h2_HML-2_19p12e_graph_hgsvc3-2024-02-23-mc-chm13
19p12e	HG00408	mat	TypeI	1	HG00408_mat_hprc_r2_v1.0.1_HML-2_19p12e
19p12e	HG00408	pat	TypeI	1	HG00408_pat_hprc_r2_v1.0.1_HML-2_19p12e
19p12e	HG00423	mat	TypeI	1	HG00423_mat_hprc_r2_v1.0.1_HML-2_19p12e
19p12e	HG00423	pat	TypeI	1	HG00423_pat_hprc_r2_v1.0.1_HML-2_19p12e
19p12e	HG00438	mat	TypeI	1	HG00438_mat_hprc_r2_v1.0.1_HML-2_19p12e
19p12e	HG00438	pat	TypeI	1	HG00438_pat_hprc_r2_v1.0.1_HML-2_19p12e
19p12e	HG005	mat	TypeI	1	HG005_mat_hprc_r2_v1.0.1_HML-2_19p12e
19p12e	HG005	pat	TypeI	1	HG005_pat_hprc_r2_v1.0.1_HML-2_19p12e
19p12e	HG00512	h1	TypeI	1	HG00512_h1_HML-2_19p12e_graph_hgsvc3-2024-02-23-mc-chm13
19p12e	HG00512	h2	TypeI	1	HG00512_h2_HML-2_19p12e_graph_hgsvc3-2024-02-23-mc-chm13
19p12e	HG00513	h1	TypeI	1	HG00513_h1_HML-2_19p12e_graph_hgsvc3-2024-02-23-mc-chm13
19p12e	HG00513	h2	TypeI	1	HG00513_h2_HML-2_19p12e_graph_hgsvc3-2024-02-23-mc-chm13
19p12e	HG00514	h1	TypeI	1	HG00514_h1_HML-2_19p12e_graph_hgsvc3-2024-02-23-mc-chm13
19p12e	HG00514	h2	TypeI	1	HG00514_h2_HML-2_19p12e_graph_hgsvc3-2024-02-23-mc-chm13
19p12e	HG00544	mat	TypeI	1	HG00544_mat_hprc_r2_v1.0.1_HML-2_19p12e
19p12e	HG00544	pat	TypeI	1	HG00544_pat_hprc_r2_v1.0.1_HML-2_19p12e
19p12e	HG00558	mat	TypeI	1	HG00558_mat_hprc_r2_v1.0.1_HML-2_19p12e
19p12e	HG00558	pat	TypeI	1	HG00558_pat_hprc_r2_v1.0.1_HML-2_19p12e
19p12e	HG00597	mat	TypeI	1	HG00597_mat_hprc_r2_v1.0.1_HML-2_19p12e
19p12e	HG00597	pat	TypeI	1	HG00597_pat_hprc_r2_v1.0.1_HML-2_19p12e
19p12e	HG00609	mat	TypeI	1	HG00609_mat_hprc_r2_v1.0.1_HML-2_19p12e
19p12e	HG00609	pat	TypeI	1	HG00609_pat_hprc_r2_v1.0.1_HML-2_19p12e
19p12e	HG00621	mat	TypeI	1	HG00621_mat_hprc_r2_v1.0.1_HML-2_19p12e
19p12e	HG00621	pat	TypeI	1	HG00621_pat_hprc_r2_v1.0.1_HML-2_19p12e
19p12e	HG00639	mat	TypeI	1	HG00639_mat_hprc_r2_v1.0.1_HML-2_19p12e
19p12e	HG00639	pat	TypeI	1	HG00639_pat_hprc_r2_v1.0.1_HML-2_19p12e
19p12e	HG00642	mat	TypeI	1	HG00642_mat_hprc_r2_v1.0.1_HML-2_19p12e
19p12e	HG00642	pat	TypeI	1	HG00642_pat_hprc_r2_v1.0.1_HML-2_19p12e
19p12e	HG00658	mat	TypeI	1	HG00658_mat_hprc_r2_v1.0.1_HML-2_19p12e
19p12e	HG00658	pat	TypeI	1	HG00658_pat_hprc_r2_v1.0.1_HML-2_19p12e
19p12e	HG00673	mat	TypeI	1	HG00673_mat_hprc_r2_v1.0.1_HML-2_19p12e
19p12e	HG00673	pat	TypeI	1	HG00673_pat_hprc_r2_v1.0.1_HML-2_19p12e
19p12e	HG00706	mat	TypeI	1	HG00706_mat_hprc_r2_v1.0.1_HML-2_19p12e
19p12e	HG00706	pat	TypeI	1	HG00706_pat_hprc_r2_v1.0.1_HML-2_19p12e
19p12e	HG00731	h1	TypeI	1	HG00731_h1_HML-2_19p12e_graph_hgsvc3-2024-02-23-mc-chm13
19p12e	HG00731	h2	TypeI	1	HG00731_h2_HML-2_19p12e_graph_hgsvc3-2024-02-23-mc-chm13
19p12e	HG00732	h1	TypeI	1	HG00732_h1_HML-2_19p12e_graph_hgsvc3-2024-02-23-mc-chm13
19p12e	HG00732	h2	TypeI	1	HG00732_h2_HML-2_19p12e_graph_hgsvc3-2024-02-23-mc-chm13
19p12e	HG00733	mat	TypeI	1	HG00733_mat_hprc_r2_v1.0.1_HML-2_19p12e
19p12e	HG00733	pat	TypeI	1	HG00733_pat_hprc_r2_v1.0.1_HML-2_19p12e
19p12e	HG00735	mat	TypeI	1	HG00735_mat_hprc_r2_v1.0.1_HML-2_19p12e
19p12e	HG00735	pat	TypeI	1	HG00735_pat_hprc_r2_v1.0.1_HML-2_19p12e
19p12e	HG00738	mat	TypeI	1	HG00738_mat_hprc_r2_v1.0.1_HML-2_19p12e
19p12e	HG00738	pat	TypeI	1	HG00738_pat_hprc_r2_v1.0.1_HML-2_19p12e
19p12e	HG00741	mat	TypeI	1	HG00741_mat_hprc_r2_v1.0.1_HML-2_19p12e
19p12e	HG00741	pat	TypeI	1	HG00741_pat_hprc_r2_v1.0.1_HML-2_19p12e
19p12e	HG00864	h1	TypeI	1	HG00864_h1_HML-2_19p12e_graph_hgsvc3-2024-02-23-mc-chm13
19p12e	HG00864	h2	TypeI	1	HG00864_h2_HML-2_19p12e_graph_hgsvc3-2024-02-23-mc-chm13
19p12e	HG01071	mat	TypeI	1	HG01071_mat_hprc_r2_v1.0.1_HML-2_19p12e
19p12e	HG01071	pat	solo_LTR	1	HG01071_pat_hprc_r2_v1.0.1_HML-2_19p12e
19p12e	HG01074	mat	TypeI	1	HG01074_mat_hprc_r2_v1.0.1_HML-2_19p12e
19p12e	HG01074	pat	TypeI	1	HG01074_pat_hprc_r2_v1.0.1_HML-2_19p12e
19p12e	HG01081	mat	TypeI	1	HG01081_mat_hprc_r2_v1.0.1_HML-2_19p12e
19p12e	HG01081	pat	TypeI	1	HG01081_pat_hprc_r2_v1.0.1_HML-2_19p12e
19p12e	HG01099	mat	TypeI	1	HG01099_mat_hprc_r2_v1.0.1_HML-2_19p12e
19p12e	HG01099	pat	TypeI	1	HG01099_pat_hprc_r2_v1.0.1_HML-2_19p12e
19p12e	HG01106	mat	TypeI	1	HG01106_mat_hprc_r2_v1.0.1_HML-2_19p12e
19p12e	HG01106	pat	TypeI	1	HG01106_pat_hprc_r2_v1.0.1_HML-2_19p12e
19p12e	HG01109	mat	TypeI	1	HG01109_mat_hprc_r2_v1.0.1_HML-2_19p12e
19p12e	HG01109	pat	TypeI	1	HG01109_pat_hprc_r2_v1.0.1_HML-2_19p12e
19p12e	HG01114	h1	TypeI	1	HG01114_h1_HML-2_19p12e_graph_hgsvc3-2024-02-23-mc-chm13
19p12e	HG01114	h2	TypeI	1	HG01114_h2_HML-2_19p12e_graph_hgsvc3-2024-02-23-mc-chm13
19p12e	HG01123	mat	TypeI	1	HG01123_mat_hprc_r2_v1.0.1_HML-2_19p12e
19p12e	HG01123	pat	TypeI	1	HG01123_pat_hprc_r2_v1.0.1_HML-2_19p12e
19p12e	HG01150	mat	TypeI	1	HG01150_mat_hprc_r2_v1.0.1_HML-2_19p12e
19p12e	HG01150	pat	TypeI	1	HG01150_pat_hprc_r2_v1.0.1_HML-2_19p12e
19p12e	HG01167	h1	TypeI	1	HG01167_hap1_hprc_r2_v1.0.1_HML-2_19p12e
19p12e	HG01167	h2	TypeI	1	HG01167_hap2_hprc_r2_v1.0.1_HML-2_19p12e
19p12e	HG01175	mat	TypeI	1	HG01175_mat_hprc_r2_v1.0.1_HML-2_19p12e
19p12e	HG01175	pat	TypeI	1	HG01175_pat_hprc_r2_v1.0.1_HML-2_19p12e
19p12e	HG01192	mat	TypeI	1	HG01192_mat_hprc_r2_v1.0.1_HML-2_19p12e
19p12e	HG01192	pat	TypeI	1	HG01192_pat_hprc_r2_v1.0.1_HML-2_19p12e
19p12e	HG01243	mat	TypeI	1	HG01243_mat_hprc_r2_v1.0.1_HML-2_19p12e
19p12e	HG01243	pat	TypeI	1	HG01243_pat_hprc_r2_v1.0.1_HML-2_19p12e
19p12e	HG01252	mat	TypeI	1	HG01252_mat_hprc_r2_v1.0.1_HML-2_19p12e
19p12e	HG01252	pat	TypeI	1	HG01252_pat_hprc_r2_v1.0.1_HML-2_19p12e
19p12e	HG01255	mat	TypeI	1	HG01255_mat_hprc_r2_v1.0.1_HML-2_19p12e
19p12e	HG01255	pat	TypeI	1	HG01255_pat_hprc_r2_v1.0.1_HML-2_19p12e
19p12e	HG01258	mat	TypeI	1	HG01258_mat_hprc_r2_v1.0.1_HML-2_19p12e
19p12e	HG01258	pat	TypeI	1	HG01258_pat_hprc_r2_v1.0.1_HML-2_19p12e
19p12e	HG01261	mat	TypeI	1	HG01261_mat_hprc_r2_v1.0.1_HML-2_19p12e
19p12e	HG01261	pat	TypeI	1	HG01261_pat_hprc_r2_v1.0.1_HML-2_19p12e
19p12e	HG01346	mat	TypeI	1	HG01346_mat_hprc_r2_v1.0.1_HML-2_19p12e
19p12e	HG01346	pat	TypeI	1	HG01346_pat_hprc_r2_v1.0.1_HML-2_19p12e
19p12e	HG01352	h1	TypeI	1	HG01352_h1_HML-2_19p12e_graph_hgsvc3-2024-02-23-mc-chm13
19p12e	HG01352	h2	TypeI	1	HG01352_h2_HML-2_19p12e_graph_hgsvc3-2024-02-23-mc-chm13
19p12e	HG01358	mat	TypeI	1	HG01358_mat_hprc_r2_v1.0.1_HML-2_19p12e
19p12e	HG01358	pat	TypeI	1	HG01358_pat_hprc_r2_v1.0.1_HML-2_19p12e
19p12e	HG01361	mat	TypeI	1	HG01361_mat_hprc_r2_v1.0.1_HML-2_19p12e
19p12e	HG01361	pat	TypeI	1	HG01361_pat_hprc_r2_v1.0.1_HML-2_19p12e
19p12e	HG01433	mat	TypeI	1	HG01433_mat_hprc_r2_v1.0.1_HML-2_19p12e
19p12e	HG01433	pat	TypeI	1	HG01433_pat_hprc_r2_v1.0.1_HML-2_19p12e
19p12e	HG01457	h1	TypeI	1	HG01457_h1_HML-2_19p12e_graph_hgsvc3-2024-02-23-mc-chm13
19p12e	HG01457	h2	TypeI	1	HG01457_h2_HML-2_19p12e_graph_hgsvc3-2024-02-23-mc-chm13
19p12e	HG01496	mat	TypeI	1	HG01496_mat_hprc_r2_v1.0.1_HML-2_19p12e
19p12e	HG01496	pat	TypeI	1	HG01496_pat_hprc_r2_v1.0.1_HML-2_19p12e
19p12e	HG01505	h1	TypeI	1	HG01505_h1_HML-2_19p12e_graph_hgsvc3-2024-02-23-mc-chm13
19p12e	HG01505	h2	TypeI	1	HG01505_h2_HML-2_19p12e_graph_hgsvc3-2024-02-23-mc-chm13
19p12e	HG01530	h1	TypeI	1	HG01530_hap1_hprc_r2_v1.0.1_HML-2_19p12e
19p12e	HG01530	h2	TypeI	1	HG01530_hap2_hprc_r2_v1.0.1_HML-2_19p12e
19p12e	HG01573	h1	TypeI	1	HG01573_h1_HML-2_19p12e_graph_hgsvc3-2024-02-23-mc-chm13
19p12e	HG01573	h2	TypeI	1	HG01573_h2_HML-2_19p12e_graph_hgsvc3-2024-02-23-mc-chm13
19p12e	HG01596	h1	TypeI	1	HG01596_h1_HML-2_19p12e_graph_hgsvc3-2024-02-23-mc-chm13
19p12e	HG01596	h2	TypeI	1	HG01596_h2_HML-2_19p12e_graph_hgsvc3-2024-02-23-mc-chm13
19p12e	HG01784	h1	TypeI	1	HG01784_hap1_hprc_r2_v1.0.1_HML-2_19p12e
19p12e	HG01784	h2	TypeI	1	HG01784_hap2_hprc_r2_v1.0.1_HML-2_19p12e
19p12e	HG01786	h1	TypeI	1	HG01786_hap1_hprc_r2_v1.0.1_HML-2_19p12e
19p12e	HG01786	h2	TypeI	1	HG01786_hap2_hprc_r2_v1.0.1_HML-2_19p12e
19p12e	HG01884	mat	TypeI	1	HG01884_mat_hprc_r2_v1.0.1_HML-2_19p12e
19p12e	HG01884	pat	TypeI	1	HG01884_pat_hprc_r2_v1.0.1_HML-2_19p12e
19p12e	HG01890	h1	TypeI	1	HG01890_h1_HML-2_19p12e_graph_hgsvc3-2024-02-23-mc-chm13
19p12e	HG01890	h2	TypeI	1	HG01890_h2_HML-2_19p12e_graph_hgsvc3-2024-02-23-mc-chm13
19p12e	HG01891	mat	TypeI	1	HG01891_mat_hprc_r2_v1.0.1_HML-2_19p12e
19p12e	HG01891	pat	TypeI	1	HG01891_pat_hprc_r2_v1.0.1_HML-2_19p12e
19p12e	HG01928	mat	TypeI	1	HG01928_mat_hprc_r2_v1.0.1_HML-2_19p12e
19p12e	HG01928	pat	TypeI	1	HG01928_pat_hprc_r2_v1.0.1_HML-2_19p12e
19p12e	HG01934	mat	TypeI	1	HG01934_mat_hprc_r2_v1.0.1_HML-2_19p12e
19p12e	HG01934	pat	TypeI	1	HG01934_pat_hprc_r2_v1.0.1_HML-2_19p12e
19p12e	HG01940	mat	TypeI	1	HG01940_mat_hprc_r2_v1.0.1_HML-2_19p12e
19p12e	HG01940	pat	TypeI	1	HG01940_pat_hprc_r2_v1.0.1_HML-2_19p12e
19p12e	HG01943	mat	TypeI	1	HG01943_mat_hprc_r2_v1.0.1_HML-2_19p12e
19p12e	HG01943	pat	TypeI	1	HG01943_pat_hprc_r2_v1.0.1_HML-2_19p12e
19p12e	HG01952	mat	TypeI	1	HG01952_mat_hprc_r2_v1.0.1_HML-2_19p12e
19p12e	HG01952	pat	TypeI	1	HG01952_pat_hprc_r2_v1.0.1_HML-2_19p12e
19p12e	HG01960	mat	TypeI	1	HG01960_mat_hprc_r2_v1.0.1_HML-2_19p12e
19p12e	HG01960	pat	TypeI	1	HG01960_pat_hprc_r2_v1.0.1_HML-2_19p12e
19p12e	HG01969	mat	TypeI	1	HG01969_mat_hprc_r2_v1.0.1_HML-2_19p12e
19p12e	HG01969	pat	TypeI	1	HG01969_pat_hprc_r2_v1.0.1_HML-2_19p12e
19p12e	HG01975	mat	TypeI	1	HG01975_mat_hprc_r2_v1.0.1_HML-2_19p12e
19p12e	HG01975	pat	TypeI	1	HG01975_pat_hprc_r2_v1.0.1_HML-2_19p12e
19p12e	HG01978	mat	TypeI	1	HG01978_mat_hprc_r2_v1.1.0_HML-2_19p12e
19p12e	HG01978	pat	TypeI	1	HG01978_pat_hprc_r2_v1.1.0_HML-2_19p12e
19p12e	HG01981	mat	TypeI	1	HG01981_mat_hprc_r2_v1.0.1_HML-2_19p12e
19p12e	HG01981	pat	TypeI	1	HG01981_pat_hprc_r2_v1.0.1_HML-2_19p12e
19p12e	HG01993	mat	TypeI	1	HG01993_mat_hprc_r2_v1.0.1_HML-2_19p12e
19p12e	HG01993	pat	TypeI	1	HG01993_pat_hprc_r2_v1.0.1_HML-2_19p12e
19p12e	HG02004	mat	TypeI	1	HG02004_mat_hprc_r2_v1.0.1_HML-2_19p12e
19p12e	HG02004	pat	TypeI	1	HG02004_pat_hprc_r2_v1.0.1_HML-2_19p12e
19p12e	HG02011	h1	TypeI	1	HG02011_h1_HML-2_19p12e_graph_hgsvc3-2024-02-23-mc-chm13
19p12e	HG02011	h2	TypeI	1	HG02011_h2_HML-2_19p12e_graph_hgsvc3-2024-02-23-mc-chm13
19p12e	HG02015	mat	TypeI	1	HG02015_mat_hprc_r2_v1.0.1_HML-2_19p12e
19p12e	HG02015	pat	TypeI	1	HG02015_pat_hprc_r2_v1.0.1_HML-2_19p12e
19p12e	HG02018	h1	TypeI	1	HG02018_h1_HML-2_19p12e_graph_hgsvc3-2024-02-23-mc-chm13
19p12e	HG02018	h2	TypeI	1	HG02018_h2_HML-2_19p12e_graph_hgsvc3-2024-02-23-mc-chm13
19p12e	HG02027	mat	TypeI	1	HG02027_mat_hprc_r2_v1.0.1_HML-2_19p12e
19p12e	HG02027	pat	TypeI	1	HG02027_pat_hprc_r2_v1.0.1_HML-2_19p12e
19p12e	HG02040	h1	TypeI	1	HG02040_hap1_hprc_r2_v1.0.1_HML-2_19p12e
19p12e	HG02040	h2	TypeI	1	HG02040_hap2_hprc_r2_v1.0.1_HML-2_19p12e
19p12e	HG02055	mat	TypeI	1	HG02055_mat_hprc_r2_v1.0.1_HML-2_19p12e
19p12e	HG02055	pat	TypeI	1	HG02055_pat_hprc_r2_v1.0.1_HML-2_19p12e
19p12e	HG02056	mat	TypeI	1	HG02056_mat_hprc_r2_v1.0.1_HML-2_19p12e
19p12e	HG02056	pat	TypeI	1	HG02056_pat_hprc_r2_v1.0.1_HML-2_19p12e
19p12e	HG02059	h1	TypeI	1	HG02059_h1_HML-2_19p12e_graph_hgsvc3-2024-02-23-mc-chm13
19p12e	HG02059	h2	TypeI	1	HG02059_h2_HML-2_19p12e_graph_hgsvc3-2024-02-23-mc-chm13
19p12e	HG02071	mat	TypeI	1	HG02071_mat_hprc_r2_v1.0.1_HML-2_19p12e
19p12e	HG02071	pat	TypeI	1	HG02071_pat_hprc_r2_v1.0.1_HML-2_19p12e
19p12e	HG02074	mat	TypeI	1	HG02074_mat_hprc_r2_v1.0.1_HML-2_19p12e
19p12e	HG02074	pat	TypeI	1	HG02074_pat_hprc_r2_v1.0.1_HML-2_19p12e
19p12e	HG02080	mat	TypeI	1	HG02080_mat_hprc_r2_v1.0.1_HML-2_19p12e
19p12e	HG02080	pat	TypeI	1	HG02080_pat_hprc_r2_v1.0.1_HML-2_19p12e
19p12e	HG02083	mat	TypeI	1	HG02083_mat_hprc_r2_v1.0.1_HML-2_19p12e
19p12e	HG02083	pat	TypeI	1	HG02083_pat_hprc_r2_v1.0.1_HML-2_19p12e
19p12e	HG02106	h1	TypeI	1	HG02106_h1_HML-2_19p12e_graph_hgsvc3-2024-02-23-mc-chm13
19p12e	HG02106	h2	TypeI	1	HG02106_h2_HML-2_19p12e_graph_hgsvc3-2024-02-23-mc-chm13
19p12e	HG02109	mat	TypeI	1	HG02109_mat_hprc_r2_v1.0.1_HML-2_19p12e
19p12e	HG02109	pat	TypeI	1	HG02109_pat_hprc_r2_v1.0.1_HML-2_19p12e
19p12e	HG02129	mat	TypeI	1	HG02129_mat_hprc_r2_v1.0.1_HML-2_19p12e
19p12e	HG02129	pat	TypeI	1	HG02129_pat_hprc_r2_v1.0.1_HML-2_19p12e
19p12e	HG02132	mat	TypeI	1	HG02132_mat_hprc_r2_v1.0.1_HML-2_19p12e
19p12e	HG02132	pat	TypeI	1	HG02132_pat_hprc_r2_v1.0.1_HML-2_19p12e
19p12e	HG02135	mat	TypeI	1	HG02135_mat_hprc_r2_v1.0.1_HML-2_19p12e
19p12e	HG02135	pat	TypeI	1	HG02135_pat_hprc_r2_v1.0.1_HML-2_19p12e
19p12e	HG02145	mat	TypeI	1	HG02145_mat_hprc_r2_v1.0.1_HML-2_19p12e
19p12e	HG02145	pat	TypeI	1	HG02145_pat_hprc_r2_v1.0.1_HML-2_19p12e
19p12e	HG02148	mat	TypeI	1	HG02148_mat_hprc_r2_v1.0.1_HML-2_19p12e
19p12e	HG02148	pat	TypeI	1	HG02148_pat_hprc_r2_v1.0.1_HML-2_19p12e
19p12e	HG02155	h1	TypeI	1	HG02155_hap1_hprc_r2_v1.0.1_HML-2_19p12e
19p12e	HG02155	h2	TypeI	1	HG02155_hap2_hprc_r2_v1.0.1_HML-2_19p12e
19p12e	HG02165	h1	TypeI	1	HG02165_hap1_hprc_r2_v1.0.1_HML-2_19p12e
19p12e	HG02165	h2	TypeI	1	HG02165_hap2_hprc_r2_v1.0.1_HML-2_19p12e
19p12e	HG02178	h1	TypeI	1	HG02178_hap1_hprc_r2_v1.0.1_HML-2_19p12e
19p12e	HG02178	h2	TypeI	1	HG02178_hap2_hprc_r2_v1.0.1_HML-2_19p12e
19p12e	HG02257	mat	TypeI	1	HG02257_mat_hprc_r2_v1.1.0_HML-2_19p12e
19p12e	HG02257	pat	TypeI	1	HG02257_pat_hprc_r2_v1.1.0_HML-2_19p12e
19p12e	HG02258	mat	TypeI	1	HG02258_mat_hprc_r2_v1.0.1_HML-2_19p12e
19p12e	HG02258	pat	TypeI	1	HG02258_pat_hprc_r2_v1.0.1_HML-2_19p12e
19p12e	HG02273	h1	TypeI	1	HG02273_hap1_hprc_r2_v1.0.1_HML-2_19p12e
19p12e	HG02273	h2	TypeI	1	HG02273_hap2_hprc_r2_v1.0.1_HML-2_19p12e
19p12e	HG02280	mat	TypeI	1	HG02280_mat_hprc_r2_v1.0.1_HML-2_19p12e
19p12e	HG02280	pat	TypeI	1	HG02280_pat_hprc_r2_v1.0.1_HML-2_19p12e
19p12e	HG02282	h1	TypeI	1	HG02282_h1_HML-2_19p12e_graph_hgsvc3-2024-02-23-mc-chm13
19p12e	HG02282	h2	TypeI	1	HG02282_h2_HML-2_19p12e_graph_hgsvc3-2024-02-23-mc-chm13
19p12e	HG02293	mat	TypeI	1	HG02293_mat_hprc_r2_v1.0.1_HML-2_19p12e
19p12e	HG02293	pat	TypeI	1	HG02293_pat_hprc_r2_v1.0.1_HML-2_19p12e
19p12e	HG02300	mat	TypeI	1	HG02300_mat_hprc_r2_v1.0.1_HML-2_19p12e
19p12e	HG02300	pat	TypeI	1	HG02300_pat_hprc_r2_v1.0.1_HML-2_19p12e
19p12e	HG02391	h1	TypeI	1	HG02391_hap1_hprc_r2_v1.0.1_HML-2_19p12e
19p12e	HG02391	h2	TypeI	1	HG02391_hap2_hprc_r2_v1.0.1_HML-2_19p12e
19p12e	HG02392	h1	TypeI	1	HG02392_hap1_hprc_r2_v1.0.1_HML-2_19p12e
19p12e	HG02392	h2	TypeI	1	HG02392_hap2_hprc_r2_v1.0.1_HML-2_19p12e
19p12e	HG02451	mat	TypeI	1	HG02451_mat_hprc_r2_v1.0.1_HML-2_19p12e
19p12e	HG02451	pat	TypeI	1	HG02451_pat_hprc_r2_v1.0.1_HML-2_19p12e
19p12e	HG02486	mat	TypeI	1	HG02486_mat_hprc_r2_v1.0.1_HML-2_19p12e
19p12e	HG02486	pat	TypeI	1	HG02486_pat_hprc_r2_v1.0.1_HML-2_19p12e
19p12e	HG02492	h1	TypeI	1	HG02492_h1_HML-2_19p12e_graph_hgsvc3-2024-02-23-mc-chm13
19p12e	HG02492	h2	TypeI	1	HG02492_h2_HML-2_19p12e_graph_hgsvc3-2024-02-23-mc-chm13
19p12e	HG02514	mat	TypeI	1	HG02514_mat_hprc_r2_v1.0.1_HML-2_19p12e
19p12e	HG02514	pat	TypeI	1	HG02514_pat_hprc_r2_v1.0.1_HML-2_19p12e
19p12e	HG02523	mat	TypeI	1	HG02523_mat_hprc_r2_v1.0.1_HML-2_19p12e
19p12e	HG02523	pat	TypeI	1	HG02523_pat_hprc_r2_v1.0.1_HML-2_19p12e
19p12e	HG02554	h1	TypeI	1	HG02554_h1_HML-2_19p12e_graph_hgsvc3-2024-02-23-mc-chm13
19p12e	HG02554	h2	TypeI	1	HG02554_h2_HML-2_19p12e_graph_hgsvc3-2024-02-23-mc-chm13
19p12e	HG02559	mat	TypeI	1	HG02559_mat_hprc_r2_v1.0.1_HML-2_19p12e
19p12e	HG02559	pat	TypeI	1	HG02559_pat_hprc_r2_v1.0.1_HML-2_19p12e
19p12e	HG02572	mat	TypeI	1	HG02572_mat_hprc_r2_v1.0.1_HML-2_19p12e
19p12e	HG02572	pat	TypeI	1	HG02572_pat_hprc_r2_v1.0.1_HML-2_19p12e
19p12e	HG02583	h1	TypeI	1	HG02583_hap1_hprc_r2_v1.0.1_HML-2_19p12e
19p12e	HG02583	h2	TypeI	1	HG02583_hap2_hprc_r2_v1.0.1_HML-2_19p12e
19p12e	HG02587	h1	TypeI	1	HG02587_h1_HML-2_19p12e_graph_hgsvc3-2024-02-23-mc-chm13
19p12e	HG02587	h2	TypeI	1	HG02587_h2_HML-2_19p12e_graph_hgsvc3-2024-02-23-mc-chm13
19p12e	HG02602	mat	TypeI	1	HG02602_mat_hprc_r2_v1.0.1_HML-2_19p12e
19p12e	HG02602	pat	TypeI	1	HG02602_pat_hprc_r2_v1.0.1_HML-2_19p12e
19p12e	HG02615	mat	TypeI	1	HG02615_mat_hprc_r2_v1.0.1_HML-2_19p12e
19p12e	HG02615	pat	TypeI	1	HG02615_pat_hprc_r2_v1.0.1_HML-2_19p12e
19p12e	HG02622	mat	TypeI	1	HG02622_mat_hprc_r2_v1.0.1_HML-2_19p12e
19p12e	HG02622	pat	TypeI	1	HG02622_pat_hprc_r2_v1.0.1_HML-2_19p12e
19p12e	HG02630	mat	TypeI	1	HG02630_mat_hprc_r2_v1.0.1_HML-2_19p12e
19p12e	HG02630	pat	TypeI	1	HG02630_pat_hprc_r2_v1.0.1_HML-2_19p12e
19p12e	HG02647	mat	TypeI	1	HG02647_mat_hprc_r2_v1.0.1_HML-2_19p12e
19p12e	HG02647	pat	TypeI	1	HG02647_pat_hprc_r2_v1.0.1_HML-2_19p12e
19p12e	HG02666	h1	TypeI	1	HG02666_h1_HML-2_19p12e_graph_hgsvc3-2024-02-23-mc-chm13
19p12e	HG02666	h2	TypeI	1	HG02666_h2_HML-2_19p12e_graph_hgsvc3-2024-02-23-mc-chm13
19p12e	HG02668	mat	TypeI	1	HG02668_mat_hprc_r2_v1.0.1_HML-2_19p12e
19p12e	HG02668	pat	TypeI	1	HG02668_pat_hprc_r2_v1.0.1_HML-2_19p12e
19p12e	HG02698	mat	TypeI	1	HG02698_mat_hprc_r2_v1.0.1_HML-2_19p12e
19p12e	HG02698	pat	TypeI	1	HG02698_pat_hprc_r2_v1.0.1_HML-2_19p12e
19p12e	HG02717	mat	TypeI	1	HG02717_mat_hprc_r2_v1.0.1_HML-2_19p12e
19p12e	HG02717	pat	TypeI	1	HG02717_pat_hprc_r2_v1.0.1_HML-2_19p12e
19p12e	HG02723	mat	TypeI	1	HG02723_mat_hprc_r2_v1.0.1_HML-2_19p12e
19p12e	HG02723	pat	TypeI	1	HG02723_pat_hprc_r2_v1.0.1_HML-2_19p12e
19p12e	HG02735	mat	TypeI	1	HG02735_mat_hprc_r2_v1.0.1_HML-2_19p12e
19p12e	HG02735	pat	TypeI	1	HG02735_pat_hprc_r2_v1.0.1_HML-2_19p12e
19p12e	HG02738	mat	TypeI	1	HG02738_mat_hprc_r2_v1.0.1_HML-2_19p12e
19p12e	HG02738	pat	TypeI	1	HG02738_pat_hprc_r2_v1.0.1_HML-2_19p12e
19p12e	HG02769	h1	TypeI	1	HG02769_h1_HML-2_19p12e_graph_hgsvc3-2024-02-23-mc-chm13
19p12e	HG02769	h2	TypeI	1	HG02769_h2_HML-2_19p12e_graph_hgsvc3-2024-02-23-mc-chm13
19p12e	HG02809	mat	TypeI	1	HG02809_mat_hprc_r2_v1.0.1_HML-2_19p12e
19p12e	HG02809	pat	TypeI	1	HG02809_pat_hprc_r2_v1.0.1_HML-2_19p12e
19p12e	HG02818	mat	TypeI	1	HG02818_mat_hprc_r2_v1.0.1_HML-2_19p12e
19p12e	HG02818	pat	TypeI	1	HG02818_pat_hprc_r2_v1.0.1_HML-2_19p12e
19p12e	HG02841	mat	TypeI	1	HG02841_mat_hprc_r2_v1.0.1_HML-2_19p12e
19p12e	HG02841	pat	TypeI	1	HG02841_pat_hprc_r2_v1.0.1_HML-2_19p12e
19p12e	HG02886	mat	TypeI	1	HG02886_mat_hprc_r2_v1.0.1_HML-2_19p12e
19p12e	HG02886	pat	TypeI	1	HG02886_pat_hprc_r2_v1.0.1_HML-2_19p12e
19p12e	HG02922	h1	TypeI	1	HG02922_hap1_hprc_r2_v1.0.1_HML-2_19p12e
19p12e	HG02922	h2	TypeI	1	HG02922_hap2_hprc_r2_v1.0.1_HML-2_19p12e
19p12e	HG02953	h1	TypeI	1	HG02953_h1_HML-2_19p12e_graph_hgsvc3-2024-02-23-mc-chm13
19p12e	HG02953	h2	TypeI	1	HG02953_h2_HML-2_19p12e_graph_hgsvc3-2024-02-23-mc-chm13
19p12e	HG02965	h1	TypeI	1	HG02965_hap1_hprc_r2_v1.0.1_HML-2_19p12e
19p12e	HG02965	h2	TypeI	1	HG02965_hap2_hprc_r2_v1.0.1_HML-2_19p12e
19p12e	HG02976	h1	TypeI	1	HG02976_hap1_hprc_r2_v1.0.1_HML-2_19p12e
19p12e	HG02976	h2	TypeI	1	HG02976_hap2_hprc_r2_v1.0.1_HML-2_19p12e
19p12e	HG02984	mat	TypeI	1	HG02984_mat_hprc_r2_v1.0.1_HML-2_19p12e
19p12e	HG02984	pat	TypeI	1	HG02984_pat_hprc_r2_v1.0.1_HML-2_19p12e
19p12e	HG03009	h1	TypeI	1	HG03009_h1_HML-2_19p12e_graph_hgsvc3-2024-02-23-mc-chm13
19p12e	HG03009	h2	TypeI	1	HG03009_h2_HML-2_19p12e_graph_hgsvc3-2024-02-23-mc-chm13
19p12e	HG03017	mat	TypeI	1	HG03017_mat_hprc_r2_v1.0.1_HML-2_19p12e
19p12e	HG03017	pat	TypeI	1	HG03017_pat_hprc_r2_v1.0.1_HML-2_19p12e
19p12e	HG03041	mat	TypeI	1	HG03041_mat_hprc_r2_v1.0.1_HML-2_19p12e
19p12e	HG03041	pat	TypeI	1	HG03041_pat_hprc_r2_v1.0.1_HML-2_19p12e
19p12e	HG03050	mat	TypeI	1	HG03050_mat_hprc_r2_v1.0.1_HML-2_19p12e
19p12e	HG03050	pat	solo_LTR	1	HG03050_pat_hprc_r2_v1.0.1_HML-2_19p12e
19p12e	HG03065	h1	TypeI	1	HG03065_h1_HML-2_19p12e_graph_hgsvc3-2024-02-23-mc-chm13
19p12e	HG03065	h2	TypeI	1	HG03065_h2_HML-2_19p12e_graph_hgsvc3-2024-02-23-mc-chm13
19p12e	HG03098	mat	TypeI	1	HG03098_mat_hprc_r2_v1.0.1_HML-2_19p12e
19p12e	HG03098	pat	TypeI	1	HG03098_pat_hprc_r2_v1.0.1_HML-2_19p12e
19p12e	HG03130	h1	TypeI	1	HG03130_hap1_hprc_r2_v1.0.1_HML-2_19p12e
19p12e	HG03130	h2	TypeI	1	HG03130_hap2_hprc_r2_v1.0.1_HML-2_19p12e
19p12e	HG03139	h1	TypeI	1	HG03139_hap1_hprc_r2_v1.0.1_HML-2_19p12e
19p12e	HG03139	h2	TypeI	1	HG03139_hap2_hprc_r2_v1.0.1_HML-2_19p12e
19p12e	HG03195	h1	TypeI	1	HG03195_hap1_hprc_r2_v1.0.1_HML-2_19p12e
19p12e	HG03195	h2	TypeI	1	HG03195_hap2_hprc_r2_v1.0.1_HML-2_19p12e
19p12e	HG03209	h1	TypeI	1	HG03209_hap1_hprc_r2_v1.0.1_HML-2_19p12e
19p12e	HG03209	h2	TypeI	1	HG03209_hap2_hprc_r2_v1.0.1_HML-2_19p12e
19p12e	HG03225	h1	TypeI	1	HG03225_hap1_hprc_r2_v1.0.1_HML-2_19p12e
19p12e	HG03225	h2	TypeI	1	HG03225_hap2_hprc_r2_v1.0.1_HML-2_19p12e
19p12e	HG03239	mat	TypeI	1	HG03239_mat_hprc_r2_v1.0.1_HML-2_19p12e
19p12e	HG03239	pat	TypeI	1	HG03239_pat_hprc_r2_v1.0.1_HML-2_19p12e
19p12e	HG03248	h1	TypeI	1	HG03248_h1_HML-2_19p12e_graph_hgsvc3-2024-02-23-mc-chm13
19p12e	HG03248	h2	TypeI	1	HG03248_h2_HML-2_19p12e_graph_hgsvc3-2024-02-23-mc-chm13
19p12e	HG03270	h1	TypeI	1	HG03270_hap1_hprc_r2_v1.0.1_HML-2_19p12e
19p12e	HG03270	h2	TypeI	1	HG03270_hap2_hprc_r2_v1.0.1_HML-2_19p12e
19p12e	HG03369	h1	TypeI	1	HG03369_hap1_hprc_r2_v1.0.1_HML-2_19p12e
19p12e	HG03369	h2	TypeI	1	HG03369_hap2_hprc_r2_v1.0.1_HML-2_19p12e
19p12e	HG03371	h1	TypeI	1	HG03371_h1_HML-2_19p12e_graph_hgsvc3-2024-02-23-mc-chm13
19p12e	HG03371	h2	TypeI	1	HG03371_h2_HML-2_19p12e_graph_hgsvc3-2024-02-23-mc-chm13
19p12e	HG03452	h1	TypeI	1	HG03452_h1_HML-2_19p12e_graph_hgsvc3-2024-02-23-mc-chm13
19p12e	HG03452	h2	TypeI	1	HG03452_h2_HML-2_19p12e_graph_hgsvc3-2024-02-23-mc-chm13
19p12e	HG03453	mat	TypeI	1	HG03453_mat_hprc_r2_v1.0.1_HML-2_19p12e
19p12e	HG03453	pat	TypeI	1	HG03453_pat_hprc_r2_v1.0.1_HML-2_19p12e
19p12e	HG03456	h1	TypeI	1	HG03456_h1_HML-2_19p12e_graph_hgsvc3-2024-02-23-mc-chm13
19p12e	HG03456	h2	TypeI	1	HG03456_h2_HML-2_19p12e_graph_hgsvc3-2024-02-23-mc-chm13
19p12e	HG03470	h1	TypeI	1	HG03470_hap1_hprc_r2_v1.0.1_HML-2_19p12e
19p12e	HG03470	h2	TypeI	1	HG03470_hap2_hprc_r2_v1.0.1_HML-2_19p12e
19p12e	HG03471	h1	TypeI	1	HG03471_hap1_hprc_r2_v1.0.1_HML-2_19p12e
19p12e	HG03471	h2	TypeI	1	HG03471_hap2_hprc_r2_v1.0.1_HML-2_19p12e
19p12e	HG03486	mat	TypeI	1	HG03486_mat_hprc_r2_v1.0.1_HML-2_19p12e
19p12e	HG03486	pat	TypeI	1	HG03486_pat_hprc_r2_v1.0.1_HML-2_19p12e
19p12e	HG03516	mat	TypeI	1	HG03516_mat_hprc_r2_v1.1.0_HML-2_19p12e
19p12e	HG03516	pat	TypeI	1	HG03516_pat_hprc_r2_v1.1.0_HML-2_19p12e
19p12e	HG03520	h1	TypeI	1	HG03520_h1_HML-2_19p12e_graph_hgsvc3-2024-02-23-mc-chm13
19p12e	HG03520	h2	TypeI	1	HG03520_h2_HML-2_19p12e_graph_hgsvc3-2024-02-23-mc-chm13
19p12e	HG03521	h1	TypeI	1	HG03521_hap1_hprc_r2_v1.0.1_HML-2_19p12e
19p12e	HG03521	h2	TypeI	1	HG03521_hap2_hprc_r2_v1.0.1_HML-2_19p12e
19p12e	HG03540	mat	TypeI	1	HG03540_mat_hprc_r2_v1.0.1_HML-2_19p12e
19p12e	HG03540	pat	TypeI	1	HG03540_pat_hprc_r2_v1.0.1_HML-2_19p12e
19p12e	HG03579	mat	TypeI	1	HG03579_mat_hprc_r2_v1.0.1_HML-2_19p12e
19p12e	HG03579	pat	TypeI	1	HG03579_pat_hprc_r2_v1.0.1_HML-2_19p12e
19p12e	HG03583	h1	TypeI	1	HG03583_hap1_hprc_r2_v1.0.1_HML-2_19p12e
19p12e	HG03583	h2	TypeI	1	HG03583_hap2_hprc_r2_v1.0.1_HML-2_19p12e
19p12e	HG03654	mat	TypeI	1	HG03654_mat_hprc_r2_v1.0.1_HML-2_19p12e
19p12e	HG03654	pat	TypeI	1	HG03654_pat_hprc_r2_v1.0.1_HML-2_19p12e
19p12e	HG03669	mat	TypeI	1	HG03669_mat_hprc_r2_v1.0.1_HML-2_19p12e
19p12e	HG03669	pat	TypeI	1	HG03669_pat_hprc_r2_v1.0.1_HML-2_19p12e
19p12e	HG03683	h1	TypeI	1	HG03683_h1_HML-2_19p12e_graph_hgsvc3-2024-02-23-mc-chm13
19p12e	HG03683	h2	TypeI	1	HG03683_h2_HML-2_19p12e_graph_hgsvc3-2024-02-23-mc-chm13
19p12e	HG03688	mat	TypeI	1	HG03688_mat_hprc_r2_v1.0.1_HML-2_19p12e
19p12e	HG03688	pat	TypeI	1	HG03688_pat_hprc_r2_v1.0.1_HML-2_19p12e
19p12e	HG03704	mat	TypeI	1	HG03704_mat_hprc_r2_v1.0.1_HML-2_19p12e
19p12e	HG03704	pat	TypeI	1	HG03704_pat_hprc_r2_v1.0.1_HML-2_19p12e
19p12e	HG03710	mat	TypeI	1	HG03710_mat_hprc_r2_v1.0.1_HML-2_19p12e
19p12e	HG03710	pat	TypeI	1	HG03710_pat_hprc_r2_v1.0.1_HML-2_19p12e
19p12e	HG03732	h1	TypeI	1	HG03732_h1_HML-2_19p12e_graph_hgsvc3-2024-02-23-mc-chm13
19p12e	HG03732	h2	TypeI	1	HG03732_h2_HML-2_19p12e_graph_hgsvc3-2024-02-23-mc-chm13
19p12e	HG03742	h1	TypeI	1	HG03742_hap1_hprc_r2_v1.0.1_HML-2_19p12e
19p12e	HG03742	h2	TypeI	1	HG03742_hap2_hprc_r2_v1.0.1_HML-2_19p12e
19p12e	HG03784	h1	TypeI	1	HG03784_hap1_hprc_r2_v1.0.1_HML-2_19p12e
19p12e	HG03784	h2	TypeI	1	HG03784_hap2_hprc_r2_v1.0.1_HML-2_19p12e
19p12e	HG03804	mat	TypeI	1	HG03804_mat_hprc_r2_v1.0.1_HML-2_19p12e
19p12e	HG03804	pat	TypeI	1	HG03804_pat_hprc_r2_v1.0.1_HML-2_19p12e
19p12e	HG03807	h1	TypeI	1	HG03807_h1_HML-2_19p12e_graph_hgsvc3-2024-02-23-mc-chm13
19p12e	HG03807	h2	TypeI	1	HG03807_h2_HML-2_19p12e_graph_hgsvc3-2024-02-23-mc-chm13
19p12e	HG03816	mat	TypeI	1	HG03816_mat_hprc_r2_v1.0.1_HML-2_19p12e
19p12e	HG03816	pat	TypeI	1	HG03816_pat_hprc_r2_v1.0.1_HML-2_19p12e
19p12e	HG03831	mat	TypeI	1	HG03831_mat_hprc_r2_v1.0.1_HML-2_19p12e
19p12e	HG03831	pat	TypeI	1	HG03831_pat_hprc_r2_v1.0.1_HML-2_19p12e
19p12e	HG03834	mat	TypeI	1	HG03834_mat_hprc_r2_v1.0.1_HML-2_19p12e
19p12e	HG03834	pat	TypeI	1	HG03834_pat_hprc_r2_v1.0.1_HML-2_19p12e
19p12e	HG03874	h1	TypeI	1	HG03874_hap1_hprc_r2_v1.0.1_HML-2_19p12e
19p12e	HG03874	h2	TypeI	1	HG03874_hap2_hprc_r2_v1.0.1_HML-2_19p12e
19p12e	HG03927	mat	TypeI	1	HG03927_mat_hprc_r2_v1.0.1_HML-2_19p12e
19p12e	HG03927	pat	TypeI	1	HG03927_pat_hprc_r2_v1.0.1_HML-2_19p12e
19p12e	HG03942	mat	TypeI	1	HG03942_mat_hprc_r2_v1.0.1_HML-2_19p12e
19p12e	HG03942	pat	TypeI	1	HG03942_pat_hprc_r2_v1.0.1_HML-2_19p12e
19p12e	HG04036	h1	TypeI	1	HG04036_h1_HML-2_19p12e_graph_hgsvc3-2024-02-23-mc-chm13
19p12e	HG04036	h2	TypeI	1	HG04036_h2_HML-2_19p12e_graph_hgsvc3-2024-02-23-mc-chm13
19p12e	HG04115	mat	TypeI	1	HG04115_mat_hprc_r2_v1.0.1_HML-2_19p12e
19p12e	HG04115	pat	TypeI	1	HG04115_pat_hprc_r2_v1.0.1_HML-2_19p12e
19p12e	HG04157	mat	TypeI	1	HG04157_mat_hprc_r2_v1.0.1_HML-2_19p12e
19p12e	HG04157	pat	TypeI	1	HG04157_pat_hprc_r2_v1.0.1_HML-2_19p12e
19p12e	HG04160	mat	TypeI	1	HG04160_mat_hprc_r2_v1.0.1_HML-2_19p12e
19p12e	HG04160	pat	TypeI	1	HG04160_pat_hprc_r2_v1.0.1_HML-2_19p12e
19p12e	HG04184	mat	TypeI	1	HG04184_mat_hprc_r2_v1.0.1_HML-2_19p12e
19p12e	HG04184	pat	TypeI	1	HG04184_pat_hprc_r2_v1.0.1_HML-2_19p12e
19p12e	HG04187	mat	TypeI	1	HG04187_mat_hprc_r2_v1.0.1_HML-2_19p12e
19p12e	HG04187	pat	TypeI	1	HG04187_pat_hprc_r2_v1.0.1_HML-2_19p12e
19p12e	HG04199	mat	TypeI	1	HG04199_mat_hprc_r2_v1.0.1_HML-2_19p12e
19p12e	HG04199	pat	TypeI	1	HG04199_pat_hprc_r2_v1.0.1_HML-2_19p12e
19p12e	HG04204	mat	TypeI	1	HG04204_mat_hprc_r2_v1.0.1_HML-2_19p12e
19p12e	HG04204	pat	TypeI	1	HG04204_pat_hprc_r2_v1.0.1_HML-2_19p12e
19p12e	HG04217	h1	TypeI	1	HG04217_h1_HML-2_19p12e_graph_hgsvc3-2024-02-23-mc-chm13
19p12e	HG04217	h2	TypeI	1	HG04217_h2_HML-2_19p12e_graph_hgsvc3-2024-02-23-mc-chm13
19p12e	HG04228	mat	TypeI	1	HG04228_mat_hprc_r2_v1.0.1_HML-2_19p12e
19p12e	HG04228	pat	TypeI	1	HG04228_pat_hprc_r2_v1.0.1_HML-2_19p12e
19p12e	HG06807	mat	TypeI	1	HG06807_mat_v1.0.genbank_HML-2_19p12e
19p12e	HG06807	pat	TypeI	1	HG06807_pat_v1.0.genbank_HML-2_19p12e
19p12e	NA12329	h1	TypeI	1	NA12329_h1_HML-2_19p12e_graph_hgsvc3-2024-02-23-mc-chm13
19p12e	NA12329	h2	TypeI	1	NA12329_h2_HML-2_19p12e_graph_hgsvc3-2024-02-23-mc-chm13
19p12e	NA18505	h1	TypeI	1	NA18505_hap1_hprc_r2_v1.0.1_HML-2_19p12e
19p12e	NA18505	h2	TypeI	1	NA18505_hap2_hprc_r2_v1.0.1_HML-2_19p12e
19p12e	NA18508	h1	TypeI	1	NA18508_hap1_hprc_r2_v1.0.1_HML-2_19p12e
19p12e	NA18508	h2	TypeI	1	NA18508_hap2_hprc_r2_v1.0.1_HML-2_19p12e
19p12e	NA18522	h1	TypeI	1	NA18522_hap1_hprc_r2_v1.0.1_HML-2_19p12e
19p12e	NA18522	h2	TypeI	1	NA18522_hap2_hprc_r2_v1.0.1_HML-2_19p12e
19p12e	NA18534	h1	TypeI	1	NA18534_h1_HML-2_19p12e_graph_hgsvc3-2024-02-23-mc-chm13
19p12e	NA18534	h2	TypeI	1	NA18534_h2_HML-2_19p12e_graph_hgsvc3-2024-02-23-mc-chm13
19p12e	NA18565	h1	TypeI	1	NA18565_hap1_hprc_r2_v1.0.1_HML-2_19p12e
19p12e	NA18565	h2	TypeI	1	NA18565_hap2_hprc_r2_v1.0.1_HML-2_19p12e
19p12e	NA18570	h1	TypeI	1	NA18570_hap1_hprc_r2_v1.0.1_HML-2_19p12e
19p12e	NA18570	h2	TypeI	1	NA18570_hap2_hprc_r2_v1.0.1_HML-2_19p12e
19p12e	NA18608	h1	TypeI	1	NA18608_hap1_hprc_r2_v1.0.1_HML-2_19p12e
19p12e	NA18608	h2	TypeI	1	NA18608_hap2_hprc_r2_v1.0.1_HML-2_19p12e
19p12e	NA18620	h1	TypeI	1	NA18620_hap1_hprc_r2_v1.0.1_HML-2_19p12e
19p12e	NA18620	h2	TypeI	1	NA18620_hap2_hprc_r2_v1.0.1_HML-2_19p12e
19p12e	NA18747	h1	TypeI	1	NA18747_hap1_hprc_r2_v1.0.1_HML-2_19p12e
19p12e	NA18747	h2	TypeI	1	NA18747_hap2_hprc_r2_v1.0.1_HML-2_19p12e
19p12e	NA18879	h1	TypeI	1	NA18879_hap1_hprc_r2_v1.0.1_HML-2_19p12e
19p12e	NA18879	h2	TypeI	1	NA18879_hap2_hprc_r2_v1.0.1_HML-2_19p12e
19p12e	NA18906	mat	TypeI	1	NA18906_mat_hprc_r2_v1.0.1_HML-2_19p12e
19p12e	NA18906	pat	TypeI	1	NA18906_pat_hprc_r2_v1.0.1_HML-2_19p12e
19p12e	NA18939	h1	TypeI	1	NA18939_h1_HML-2_19p12e_graph_hgsvc3-2024-02-23-mc-chm13
19p12e	NA18939	h2	TypeI	1	NA18939_h2_HML-2_19p12e_graph_hgsvc3-2024-02-23-mc-chm13
19p12e	NA18940	h1	TypeI	1	NA18940_hap1_hprc_r2_v1.0.1_HML-2_19p12e
19p12e	NA18940	h2	TypeI	1	NA18940_hap2_hprc_r2_v1.0.1_HML-2_19p12e
19p12e	NA18943	h1	TypeI	1	NA18943_hap1_hprc_r2_v1.0.1_HML-2_19p12e
19p12e	NA18943	h2	TypeI	1	NA18943_hap2_hprc_r2_v1.0.1_HML-2_19p12e
19p12e	NA18944	h1	TypeI	1	NA18944_hap1_hprc_r2_v1.0.1_HML-2_19p12e
19p12e	NA18944	h2	TypeI	1	NA18944_hap2_hprc_r2_v1.0.1_HML-2_19p12e
19p12e	NA18945	h1	TypeI	1	NA18945_hap1_hprc_r2_v1.0.1_HML-2_19p12e
19p12e	NA18945	h2	TypeI	1	NA18945_hap2_hprc_r2_v1.0.1_HML-2_19p12e
19p12e	NA18948	h1	TypeI	1	NA18948_hap1_hprc_r2_v1.0.1_HML-2_19p12e
19p12e	NA18948	h2	TypeI	1	NA18948_hap2_hprc_r2_v1.0.1_HML-2_19p12e
19p12e	NA18952	h1	TypeI	1	NA18952_hap1_hprc_r2_v1.0.1_HML-2_19p12e
19p12e	NA18952	h2	TypeI	1	NA18952_hap2_hprc_r2_v1.0.1_HML-2_19p12e
19p12e	NA18959	h1	TypeI	1	NA18959_hap1_hprc_r2_v1.0.1_HML-2_19p12e
19p12e	NA18959	h2	TypeI	1	NA18959_hap2_hprc_r2_v1.0.1_HML-2_19p12e
19p12e	NA18960	h1	TypeI	1	NA18960_hap1_hprc_r2_v1.0.1_HML-2_19p12e
19p12e	NA18960	h2	TypeI	1	NA18960_hap2_hprc_r2_v1.0.1_HML-2_19p12e
19p12e	NA18967	h1	TypeI	1	NA18967_hap1_hprc_r2_v1.0.1_HML-2_19p12e
19p12e	NA18967	h2	TypeI	1	NA18967_hap2_hprc_r2_v1.0.1_HML-2_19p12e
19p12e	NA18970	h1	TypeI	1	NA18970_hap1_hprc_r2_v1.0.1_HML-2_19p12e
19p12e	NA18970	h2	TypeI	1	NA18970_hap2_hprc_r2_v1.0.1_HML-2_19p12e
19p12e	NA18971	h1	TypeI	1	NA18971_hap1_hprc_r2_v1.0.1_HML-2_19p12e
19p12e	NA18971	h2	TypeI	1	NA18971_hap2_hprc_r2_v1.0.1_HML-2_19p12e
19p12e	NA18974	h1	TypeI	1	NA18974_hap1_hprc_r2_v1.0.1_HML-2_19p12e
19p12e	NA18974	h2	TypeI	1	NA18974_hap2_hprc_r2_v1.0.1_HML-2_19p12e
19p12e	NA18976	h1	TypeI	1	NA18976_hap1_hprc_r2_v1.0.1_HML-2_19p12e
19p12e	NA18976	h2	TypeI	1	NA18976_hap2_hprc_r2_v1.0.1_HML-2_19p12e
19p12e	NA18982	h1	TypeI	1	NA18982_hap1_hprc_r2_v1.0.1_HML-2_19p12e
19p12e	NA18982	h2	TypeI	1	NA18982_hap2_hprc_r2_v1.0.1_HML-2_19p12e
19p12e	NA18983	h1	TypeI	1	NA18983_hap1_hprc_r2_v1.0.1_HML-2_19p12e
19p12e	NA18983	h2	TypeI	1	NA18983_hap2_hprc_r2_v1.0.1_HML-2_19p12e
19p12e	NA18989	h1	TypeI	1	NA18989_h1_HML-2_19p12e_graph_hgsvc3-2024-02-23-mc-chm13
19p12e	NA18989	h2	TypeI	1	NA18989_h2_HML-2_19p12e_graph_hgsvc3-2024-02-23-mc-chm13
19p12e	NA19036	h1	TypeI	1	NA19036_hap1_hprc_r2_v1.0.1_HML-2_19p12e
19p12e	NA19036	h2	TypeI	1	NA19036_hap2_hprc_r2_v1.0.1_HML-2_19p12e
19p12e	NA19043	h1	TypeI	1	NA19043_hap1_hprc_r2_v1.0.1_HML-2_19p12e
19p12e	NA19043	h2	TypeI	1	NA19043_hap2_hprc_r2_v1.0.1_HML-2_19p12e
19p12e	NA19087	h1	TypeI	1	NA19087_hap1_hprc_r2_v1.0.1_HML-2_19p12e
19p12e	NA19087	h2	TypeI	1	NA19087_hap2_hprc_r2_v1.0.1_HML-2_19p12e
19p12e	NA19129	h1	TypeI	1	NA19129_h1_HML-2_19p12e_graph_hgsvc3-2024-02-23-mc-chm13
19p12e	NA19129	h2	TypeI	1	NA19129_h2_HML-2_19p12e_graph_hgsvc3-2024-02-23-mc-chm13
19p12e	NA19159	h1	TypeI	1	NA19159_hap1_hprc_r2_v1.0.1_HML-2_19p12e
19p12e	NA19159	h2	TypeI	1	NA19159_hap2_hprc_r2_v1.0.1_HML-2_19p12e
19p12e	NA19185	h1	TypeI	1	NA19185_hap1_hprc_r2_v1.0.1_HML-2_19p12e
19p12e	NA19185	h2	TypeI	1	NA19185_hap2_hprc_r2_v1.0.1_HML-2_19p12e
19p12e	NA19238	h1	TypeI	1	NA19238_h1_HML-2_19p12e_graph_hgsvc3-2024-02-23-mc-chm13
19p12e	NA19238	h2	TypeI	1	NA19238_h2_HML-2_19p12e_graph_hgsvc3-2024-02-23-mc-chm13
19p12e	NA19239	h1	TypeI	1	NA19239_h1_HML-2_19p12e_graph_hgsvc3-2024-02-23-mc-chm13
19p12e	NA19239	h2	TypeI	1	NA19239_h2_HML-2_19p12e_graph_hgsvc3-2024-02-23-mc-chm13
19p12e	NA19240	mat	TypeI	1	NA19240_mat_hprc_r2_v1.0.1_HML-2_19p12e
19p12e	NA19240	pat	TypeI	1	NA19240_pat_hprc_r2_v1.0.1_HML-2_19p12e
19p12e	NA19317	h1	TypeI	1	NA19317_h1_HML-2_19p12e_graph_hgsvc3-2024-02-23-mc-chm13
19p12e	NA19317	h2	TypeI	1	NA19317_h2_HML-2_19p12e_graph_hgsvc3-2024-02-23-mc-chm13
19p12e	NA19331	h1	TypeI	1	NA19331_h1_HML-2_19p12e_graph_hgsvc3-2024-02-23-mc-chm13
19p12e	NA19331	h2	TypeI	1	NA19331_h2_HML-2_19p12e_graph_hgsvc3-2024-02-23-mc-chm13
19p12e	NA19338	h1	TypeI	1	NA19338_hap1_hprc_r2_v1.0.1_HML-2_19p12e
19p12e	NA19338	h2	TypeI	1	NA19338_hap2_hprc_r2_v1.0.1_HML-2_19p12e
19p12e	NA19347	h1	TypeI	1	NA19347_h1_HML-2_19p12e_graph_hgsvc3-2024-02-23-mc-chm13
19p12e	NA19347	h2	TypeI	1	NA19347_h2_HML-2_19p12e_graph_hgsvc3-2024-02-23-mc-chm13
19p12e	NA19384	h1	TypeI	1	NA19384_h1_HML-2_19p12e_graph_hgsvc3-2024-02-23-mc-chm13
19p12e	NA19384	h2	TypeI	1	NA19384_h2_HML-2_19p12e_graph_hgsvc3-2024-02-23-mc-chm13
19p12e	NA19391	h1	TypeI	1	NA19391_hap1_hprc_r2_v1.0.1_HML-2_19p12e
19p12e	NA19391	h2	TypeI	1	NA19391_hap2_hprc_r2_v1.0.1_HML-2_19p12e
19p12e	NA19434	h1	TypeI	1	NA19434_h1_HML-2_19p12e_graph_hgsvc3-2024-02-23-mc-chm13
19p12e	NA19434	h2	TypeI	1	NA19434_h2_HML-2_19p12e_graph_hgsvc3-2024-02-23-mc-chm13
19p12e	NA19443	h1	TypeI	1	NA19443_hap1_hprc_r2_v1.0.1_HML-2_19p12e
19p12e	NA19443	h2	TypeI	1	NA19443_hap2_hprc_r2_v1.0.1_HML-2_19p12e
19p12e	NA19468	h1	TypeI	1	NA19468_hap1_hprc_r2_v1.0.1_HML-2_19p12e
19p12e	NA19468	h2	TypeI	1	NA19468_hap2_hprc_r2_v1.0.1_HML-2_19p12e
19p12e	NA19650	h1	TypeI	1	NA19650_h1_HML-2_19p12e_graph_hgsvc3-2024-02-23-mc-chm13
19p12e	NA19650	h2	TypeI	1	NA19650_h2_HML-2_19p12e_graph_hgsvc3-2024-02-23-mc-chm13
19p12e	NA19682	h1	TypeI	1	NA19682_hap1_hprc_r2_v1.0.1_HML-2_19p12e
19p12e	NA19682	h2	TypeI	1	NA19682_hap2_hprc_r2_v1.0.1_HML-2_19p12e
19p12e	NA19700	h1	TypeI	1	NA19700_hap1_hprc_r2_v1.0.1_HML-2_19p12e
19p12e	NA19700	h2	TypeI	1	NA19700_hap2_hprc_r2_v1.0.1_HML-2_19p12e
19p12e	NA19705	h1	TypeI	1	NA19705_h1_HML-2_19p12e_graph_hgsvc3-2024-02-23-mc-chm13
19p12e	NA19705	h2	TypeI	1	NA19705_h2_HML-2_19p12e_graph_hgsvc3-2024-02-23-mc-chm13
19p12e	NA19776	h1	TypeI	1	NA19776_hap1_hprc_r2_v1.0.1_HML-2_19p12e
19p12e	NA19776	h2	TypeI	1	NA19776_hap2_hprc_r2_v1.0.1_HML-2_19p12e
19p12e	NA19835	h1	TypeI	1	NA19835_hap1_hprc_r2_v1.0.1_HML-2_19p12e
19p12e	NA19835	h2	TypeI	1	NA19835_hap2_hprc_r2_v1.0.1_HML-2_19p12e
19p12e	NA19836	h1	TypeI	1	NA19836_h1_HML-2_19p12e_graph_hgsvc3-2024-02-23-mc-chm13
19p12e	NA19836	h2	TypeI	1	NA19836_h2_HML-2_19p12e_graph_hgsvc3-2024-02-23-mc-chm13
19p12e	NA19909	h1	TypeI	1	NA19909_hap1_hprc_r2_v1.0.1_HML-2_19p12e
19p12e	NA19909	h2	TypeI	1	NA19909_hap2_hprc_r2_v1.0.1_HML-2_19p12e
19p12e	NA19983	h1	TypeI	1	NA19983_h1_HML-2_19p12e_graph_hgsvc3-2024-02-23-mc-chm13
19p12e	NA19983	h2	TypeI	1	NA19983_h2_HML-2_19p12e_graph_hgsvc3-2024-02-23-mc-chm13
19p12e	NA20129	mat	TypeI	1	NA20129_mat_hprc_r2_v1.0.1_HML-2_19p12e
19p12e	NA20129	pat	TypeI	1	NA20129_pat_hprc_r2_v1.0.1_HML-2_19p12e
19p12e	NA20282	h1	TypeI	1	NA20282_hap1_hprc_r2_v1.0.1_HML-2_19p12e
19p12e	NA20282	h2	TypeI	1	NA20282_hap2_hprc_r2_v1.0.1_HML-2_19p12e
19p12e	NA20346	h1	TypeI	1	NA20346_hap1_hprc_r2_v1.0.1_HML-2_19p12e
19p12e	NA20346	h2	TypeI	1	NA20346_hap2_hprc_r2_v1.0.1_HML-2_19p12e
19p12e	NA20355	h1	TypeI	1	NA20355_h1_HML-2_19p12e_graph_hgsvc3-2024-02-23-mc-chm13
19p12e	NA20355	h2	TypeI	1	NA20355_h2_HML-2_19p12e_graph_hgsvc3-2024-02-23-mc-chm13
19p12e	NA20503	h1	TypeI	1	NA20503_hap1_hprc_r2_v1.0.1_HML-2_19p12e
19p12e	NA20503	h2	TypeI	1	NA20503_hap2_hprc_r2_v1.0.1_HML-2_19p12e
19p12e	NA20509	h1	TypeI	1	NA20509_h1_HML-2_19p12e_graph_hgsvc3-2024-02-23-mc-chm13
19p12e	NA20509	h2	TypeI	1	NA20509_h2_HML-2_19p12e_graph_hgsvc3-2024-02-23-mc-chm13
19p12e	NA20752	h1	TypeI	1	NA20752_hap1_hprc_r2_v1.0.1_HML-2_19p12e
19p12e	NA20752	h2	TypeI	1	NA20752_hap2_hprc_r2_v1.0.1_HML-2_19p12e
19p12e	NA20762	h1	TypeI	1	NA20762_hap1_hprc_r2_v1.0.1_HML-2_19p12e
19p12e	NA20762	h2	TypeI	1	NA20762_hap2_hprc_r2_v1.0.1_HML-2_19p12e
19p12e	NA20799	h1	TypeI	1	NA20799_hap1_hprc_r2_v1.0.1_HML-2_19p12e
19p12e	NA20799	h2	TypeI	1	NA20799_hap2_hprc_r2_v1.0.1_HML-2_19p12e
19p12e	NA20805	h1	TypeI	1	NA20805_hap1_hprc_r2_v1.0.1_HML-2_19p12e
19p12e	NA20805	h2	TypeI	1	NA20805_hap2_hprc_r2_v1.0.1_HML-2_19p12e
19p12e	NA20806	h1	TypeI	1	NA20806_hap1_hprc_r2_v1.0.1_HML-2_19p12e
19p12e	NA20806	h2	TypeI	1	NA20806_hap2_hprc_r2_v1.0.1_HML-2_19p12e
19p12e	NA20809	h1	TypeI	1	NA20809_hap1_hprc_r2_v1.0.1_HML-2_19p12e
19p12e	NA20809	h2	TypeI	1	NA20809_hap2_hprc_r2_v1.0.1_HML-2_19p12e
19p12e	NA20827	h1	TypeI	1	NA20827_hap1_hprc_r2_v1.0.1_HML-2_19p12e
19p12e	NA20827	h2	TypeI	1	NA20827_hap2_hprc_r2_v1.0.1_HML-2_19p12e
19p12e	NA20847	h1	TypeI	1	NA20847_h1_HML-2_19p12e_graph_hgsvc3-2024-02-23-mc-chm13
19p12e	NA20847	h2	TypeI	1	NA20847_h2_HML-2_19p12e_graph_hgsvc3-2024-02-23-mc-chm13
19p12e	NA20850	h1	TypeI	1	NA20850_hap1_hprc_r2_v1.0.1_HML-2_19p12e
19p12e	NA20850	h2	TypeI	1	NA20850_hap2_hprc_r2_v1.0.1_HML-2_19p12e
19p12e	NA20870	h1	TypeI	1	NA20870_hap1_hprc_r2_v1.0.1_HML-2_19p12e
19p12e	NA20870	h2	TypeI	1	NA20870_hap2_hprc_r2_v1.0.1_HML-2_19p12e
19p12e	NA20905	h1	TypeI	1	NA20905_hap1_hprc_r2_v1.0.1_HML-2_19p12e
19p12e	NA20905	h2	TypeI	1	NA20905_hap2_hprc_r2_v1.0.1_HML-2_19p12e
19p12e	NA21093	h1	TypeI	1	NA21093_hap1_hprc_r2_v1.0.1_HML-2_19p12e
19p12e	NA21093	h2	TypeI	1	NA21093_hap2_hprc_r2_v1.0.1_HML-2_19p12e
19p12e	NA21102	h1	TypeI	1	NA21102_hap1_hprc_r2_v1.0.1_HML-2_19p12e
19p12e	NA21102	h2	TypeI	1	NA21102_hap2_hprc_r2_v1.0.1_HML-2_19p12e
19p12e	NA21106	h1	TypeI	1	NA21106_hap1_hprc_r2_v1.0.1_HML-2_19p12e
19p12e	NA21106	h2	TypeI	1	NA21106_hap2_hprc_r2_v1.0.1_HML-2_19p12e
19p12e	NA21110	h1	TypeI	1	NA21110_hap1_hprc_r2_v1.0.1_HML-2_19p12e
19p12e	NA21110	h2	TypeI	1	NA21110_hap2_hprc_r2_v1.0.1_HML-2_19p12e
19p12e	NA21144	h1	TypeI	1	NA21144_hap1_hprc_r2_v1.0.1_HML-2_19p12e
19p12e	NA21144	h2	TypeI	1	NA21144_hap2_hprc_r2_v1.0.1_HML-2_19p12e
19p12e	NA21309	mat	TypeI	1	NA21309_mat_hprc_r2_v1.0.1_HML-2_19p12e
19p12e	NA21309	pat	TypeI	1	NA21309_pat_hprc_r2_v1.0.1_HML-2_19p12e
19p12e	NA21487	h1	TypeI	1	NA21487_h1_HML-2_19p12e_graph_hgsvc3-2024-02-23-mc-chm13
19p12e	NA21487	h2	TypeI	1	NA21487_h2_HML-2_19p12e_graph_hgsvc3-2024-02-23-mc-chm13
19p12e	NA24385	h1	TypeI	1	NA24385_h1_HML-2_19p12e_graph_hgsvc3-2024-02-23-mc-chm13
19p12e	NA24385	h2	TypeI	1	NA24385_h2_HML-2_19p12e_graph_hgsvc3-2024-02-23-mc-chm13
1p31.1a	HG00096	h1	TypeI	1	HG00096_h1_HML-2_1p31.1a_graph_hgsvc3-2024-02-23-mc-chm13
1p31.1a	HG00096	h2	TypeI	1	HG00096_h2_HML-2_1p31.1a_graph_hgsvc3-2024-02-23-mc-chm13
1p31.1a	HG00097	h1	TypeI	1	HG00097_hap1_hprc_r2_v1.0.1_HML-2_1p31.1a
1p31.1a	HG00097	h2	TypeI	1	HG00097_hap2_hprc_r2_v1.0.1_HML-2_1p31.1a
1p31.1a	HG00099	h1	TypeI	1	HG00099_hap1_hprc_r2_v1.0.1_HML-2_1p31.1a
1p31.1a	HG00099	h2	TypeI	1	HG00099_hap2_hprc_r2_v1.0.1_HML-2_1p31.1a
1p31.1a	HG00126	h1	TypeI	1	HG00126_hap1_hprc_r2_v1.0.1_HML-2_1p31.1a
1p31.1a	HG00126	h2	TypeI	1	HG00126_hap2_hprc_r2_v1.0.1_HML-2_1p31.1a
1p31.1a	HG00128	h1	TypeI	1	HG00128_hap1_hprc_r2_v1.0.1_HML-2_1p31.1a
1p31.1a	HG00128	h2	TypeI	1	HG00128_hap2_hprc_r2_v1.0.1_HML-2_1p31.1a
1p31.1a	HG00133	h1	TypeI	1	HG00133_hap1_hprc_r2_v1.0.1_HML-2_1p31.1a
1p31.1a	HG00133	h2	TypeI	1	HG00133_hap2_hprc_r2_v1.0.1_HML-2_1p31.1a
1p31.1a	HG00140	h1	TypeI	1	HG00140_hap1_hprc_r2_v1.0.1_HML-2_1p31.1a
1p31.1a	HG00140	h2	TypeI	1	HG00140_hap2_hprc_r2_v1.0.1_HML-2_1p31.1a
1p31.1a	HG00146	h1	TypeI	1	HG00146_hap1_hprc_r2_v1.0.1_HML-2_1p31.1a
1p31.1a	HG00146	h2	TypeI	1	HG00146_hap2_hprc_r2_v1.0.1_HML-2_1p31.1a
1p31.1a	HG00171	h1	TypeI	1	HG00171_h1_HML-2_1p31.1a_graph_hgsvc3-2024-02-23-mc-chm13
1p31.1a	HG00171	h2	TypeI	1	HG00171_h2_HML-2_1p31.1a_graph_hgsvc3-2024-02-23-mc-chm13
1p31.1a	HG00232	h1	TypeI	1	HG00232_hap1_hprc_r2_v1.0.1_HML-2_1p31.1a
1p31.1a	HG00232	h2	TypeI	1	HG00232_hap2_hprc_r2_v1.0.1_HML-2_1p31.1a
1p31.1a	HG00235	h1	TypeI	1	HG00235_hap1_hprc_r2_v1.0.1_HML-2_1p31.1a
1p31.1a	HG00235	h2	TypeI	1	HG00235_hap2_hprc_r2_v1.0.1_HML-2_1p31.1a
1p31.1a	HG00253	h1	TypeI	1	HG00253_hap1_hprc_r2_v1.0.1_HML-2_1p31.1a
1p31.1a	HG00253	h2	TypeI	1	HG00253_hap2_hprc_r2_v1.0.1_HML-2_1p31.1a
1p31.1a	HG00268	h1	TypeI	1	HG00268_h1_HML-2_1p31.1a_graph_hgsvc3-2024-02-23-mc-chm13
1p31.1a	HG00268	h2	TypeI	1	HG00268_h2_HML-2_1p31.1a_graph_hgsvc3-2024-02-23-mc-chm13
1p31.1a	HG00272	h1	TypeI	1	HG00272_hap1_hprc_r2_v1.0.1_HML-2_1p31.1a
1p31.1a	HG00272	h2	TypeI	1	HG00272_hap2_hprc_r2_v1.0.1_HML-2_1p31.1a
1p31.1a	HG00280	h1	TypeI	1	HG00280_hap1_hprc_r2_v1.0.1_HML-2_1p31.1a
1p31.1a	HG00280	h2	TypeI	1	HG00280_hap2_hprc_r2_v1.0.1_HML-2_1p31.1a
1p31.1a	HG00290	h1	TypeI	1	HG00290_hap1_hprc_r2_v1.0.1_HML-2_1p31.1a
1p31.1a	HG00290	h2	TypeI	1	HG00290_hap2_hprc_r2_v1.0.1_HML-2_1p31.1a
1p31.1a	HG00320	h1	TypeI	1	HG00320_hap1_hprc_r2_v1.0.1_HML-2_1p31.1a
1p31.1a	HG00320	h2	TypeI	1	HG00320_hap2_hprc_r2_v1.0.1_HML-2_1p31.1a
1p31.1a	HG00321	h1	TypeI	1	HG00321_hap1_hprc_r2_v1.0.1_HML-2_1p31.1a
1p31.1a	HG00321	h2	TypeI	1	HG00321_hap2_hprc_r2_v1.0.1_HML-2_1p31.1a
1p31.1a	HG00323	h1	TypeI	1	HG00323_hap1_hprc_r2_v1.0.1_HML-2_1p31.1a
1p31.1a	HG00323	h2	TypeI	1	HG00323_hap2_hprc_r2_v1.0.1_HML-2_1p31.1a
1p31.1a	HG00329	h1	TypeI	1	HG00329_hap1_hprc_r2_v1.0.1_HML-2_1p31.1a
1p31.1a	HG00329	h2	TypeI	1	HG00329_hap2_hprc_r2_v1.0.1_HML-2_1p31.1a
1p31.1a	HG00344	h1	TypeI	1	HG00344_hap1_hprc_r2_v1.0.1_HML-2_1p31.1a
1p31.1a	HG00344	h2	TypeI	1	HG00344_hap2_hprc_r2_v1.0.1_HML-2_1p31.1a
1p31.1a	HG00350	h1	TypeI	1	HG00350_hap1_hprc_r2_v1.0.1_HML-2_1p31.1a
1p31.1a	HG00350	h2	TypeI	1	HG00350_hap2_hprc_r2_v1.0.1_HML-2_1p31.1a
1p31.1a	HG00358	h1	TypeI	1	HG00358_h1_HML-2_1p31.1a_graph_hgsvc3-2024-02-23-mc-chm13
1p31.1a	HG00358	h2	TypeI	1	HG00358_h2_HML-2_1p31.1a_graph_hgsvc3-2024-02-23-mc-chm13
1p31.1a	HG00408	mat	TypeI	1	HG00408_mat_hprc_r2_v1.0.1_HML-2_1p31.1a
1p31.1a	HG00408	pat	TypeI	1	HG00408_pat_hprc_r2_v1.0.1_HML-2_1p31.1a
1p31.1a	HG00423	mat	TypeI	1	HG00423_mat_hprc_r2_v1.0.1_HML-2_1p31.1a
1p31.1a	HG00423	pat	solo_LTR	1	HG00423_pat_hprc_r2_v1.0.1_HML-2_1p31.1a
1p31.1a	HG00438	mat	TypeI	1	HG00438_mat_hprc_r2_v1.0.1_HML-2_1p31.1a
1p31.1a	HG00438	pat	TypeI	1	HG00438_pat_hprc_r2_v1.0.1_HML-2_1p31.1a
1p31.1a	HG005	mat	TypeI	1	HG005_mat_hprc_r2_v1.0.1_HML-2_1p31.1a
1p31.1a	HG005	pat	TypeI	1	HG005_pat_hprc_r2_v1.0.1_HML-2_1p31.1a
1p31.1a	HG00512	h1	TypeI	1	HG00512_h1_HML-2_1p31.1a_graph_hgsvc3-2024-02-23-mc-chm13
1p31.1a	HG00512	h2	TypeI	1	HG00512_h2_HML-2_1p31.1a_graph_hgsvc3-2024-02-23-mc-chm13
1p31.1a	HG00513	h1	TypeI	1	HG00513_h1_HML-2_1p31.1a_graph_hgsvc3-2024-02-23-mc-chm13
1p31.1a	HG00513	h2	TypeI	1	HG00513_h2_HML-2_1p31.1a_graph_hgsvc3-2024-02-23-mc-chm13
1p31.1a	HG00514	h1	TypeI	1	HG00514_h1_HML-2_1p31.1a_graph_hgsvc3-2024-02-23-mc-chm13
1p31.1a	HG00514	h2	TypeI	1	HG00514_h2_HML-2_1p31.1a_graph_hgsvc3-2024-02-23-mc-chm13
1p31.1a	HG00544	mat	TypeI	1	HG00544_mat_hprc_r2_v1.0.1_HML-2_1p31.1a
1p31.1a	HG00544	pat	TypeI	1	HG00544_pat_hprc_r2_v1.0.1_HML-2_1p31.1a
1p31.1a	HG00558	mat	TypeI	1	HG00558_mat_hprc_r2_v1.0.1_HML-2_1p31.1a
1p31.1a	HG00558	pat	TypeI	1	HG00558_pat_hprc_r2_v1.0.1_HML-2_1p31.1a
1p31.1a	HG00597	mat	TypeI	1	HG00597_mat_hprc_r2_v1.0.1_HML-2_1p31.1a
1p31.1a	HG00597	pat	TypeI	1	HG00597_pat_hprc_r2_v1.0.1_HML-2_1p31.1a
1p31.1a	HG00609	mat	TypeI	1	HG00609_mat_hprc_r2_v1.0.1_HML-2_1p31.1a
1p31.1a	HG00609	pat	TypeI	1	HG00609_pat_hprc_r2_v1.0.1_HML-2_1p31.1a
1p31.1a	HG00621	mat	TypeI	1	HG00621_mat_hprc_r2_v1.0.1_HML-2_1p31.1a
1p31.1a	HG00621	pat	TypeI	1	HG00621_pat_hprc_r2_v1.0.1_HML-2_1p31.1a
1p31.1a	HG00639	mat	TypeI	1	HG00639_mat_hprc_r2_v1.0.1_HML-2_1p31.1a
1p31.1a	HG00639	pat	TypeI	1	HG00639_pat_hprc_r2_v1.0.1_HML-2_1p31.1a
1p31.1a	HG00642	mat	TypeI	1	HG00642_mat_hprc_r2_v1.0.1_HML-2_1p31.1a
1p31.1a	HG00642	pat	TypeI	1	HG00642_pat_hprc_r2_v1.0.1_HML-2_1p31.1a
1p31.1a	HG00658	mat	TypeI	1	HG00658_mat_hprc_r2_v1.0.1_HML-2_1p31.1a
1p31.1a	HG00658	pat	TypeI	1	HG00658_pat_hprc_r2_v1.0.1_HML-2_1p31.1a
1p31.1a	HG00673	mat	TypeI	1	HG00673_mat_hprc_r2_v1.0.1_HML-2_1p31.1a
1p31.1a	HG00673	pat	TypeI	1	HG00673_pat_hprc_r2_v1.0.1_HML-2_1p31.1a
1p31.1a	HG00706	mat	TypeI	1	HG00706_mat_hprc_r2_v1.0.1_HML-2_1p31.1a
1p31.1a	HG00706	pat	TypeI	1	HG00706_pat_hprc_r2_v1.0.1_HML-2_1p31.1a
1p31.1a	HG00731	h1	TypeI	1	HG00731_h1_HML-2_1p31.1a_graph_hgsvc3-2024-02-23-mc-chm13
1p31.1a	HG00731	h2	TypeI	1	HG00731_h2_HML-2_1p31.1a_graph_hgsvc3-2024-02-23-mc-chm13
1p31.1a	HG00732	h1	TypeI	1	HG00732_h1_HML-2_1p31.1a_graph_hgsvc3-2024-02-23-mc-chm13
1p31.1a	HG00732	h2	TypeI	1	HG00732_h2_HML-2_1p31.1a_graph_hgsvc3-2024-02-23-mc-chm13
1p31.1a	HG00733	mat	TypeI	1	HG00733_mat_hprc_r2_v1.0.1_HML-2_1p31.1a
1p31.1a	HG00733	pat	TypeI	1	HG00733_pat_hprc_r2_v1.0.1_HML-2_1p31.1a
1p31.1a	HG00735	mat	TypeI	1	HG00735_mat_hprc_r2_v1.0.1_HML-2_1p31.1a
1p31.1a	HG00735	pat	TypeI	1	HG00735_pat_hprc_r2_v1.0.1_HML-2_1p31.1a
1p31.1a	HG00738	mat	TypeI	1	HG00738_mat_hprc_r2_v1.0.1_HML-2_1p31.1a
1p31.1a	HG00738	pat	solo_LTR	1	HG00738_pat_hprc_r2_v1.0.1_HML-2_1p31.1a
1p31.1a	HG00741	mat	TypeI	1	HG00741_mat_hprc_r2_v1.0.1_HML-2_1p31.1a
1p31.1a	HG00741	pat	TypeI	1	HG00741_pat_hprc_r2_v1.0.1_HML-2_1p31.1a
1p31.1a	HG00864	h1	TypeI	1	HG00864_h1_HML-2_1p31.1a_graph_hgsvc3-2024-02-23-mc-chm13
1p31.1a	HG00864	h2	TypeI	1	HG00864_h2_HML-2_1p31.1a_graph_hgsvc3-2024-02-23-mc-chm13
1p31.1a	HG01071	mat	TypeI	1	HG01071_mat_hprc_r2_v1.0.1_HML-2_1p31.1a
1p31.1a	HG01071	pat	TypeI	1	HG01071_pat_hprc_r2_v1.0.1_HML-2_1p31.1a
1p31.1a	HG01074	mat	TypeI	1	HG01074_mat_hprc_r2_v1.0.1_HML-2_1p31.1a
1p31.1a	HG01074	pat	TypeI	1	HG01074_pat_hprc_r2_v1.0.1_HML-2_1p31.1a
1p31.1a	HG01081	mat	TypeI	1	HG01081_mat_hprc_r2_v1.0.1_HML-2_1p31.1a
1p31.1a	HG01081	pat	TypeI	1	HG01081_pat_hprc_r2_v1.0.1_HML-2_1p31.1a
1p31.1a	HG01099	mat	TypeI	1	HG01099_mat_hprc_r2_v1.0.1_HML-2_1p31.1a
1p31.1a	HG01099	pat	TypeI	1	HG01099_pat_hprc_r2_v1.0.1_HML-2_1p31.1a
1p31.1a	HG01106	mat	TypeI	1	HG01106_mat_hprc_r2_v1.0.1_HML-2_1p31.1a
1p31.1a	HG01106	pat	TypeI	1	HG01106_pat_hprc_r2_v1.0.1_HML-2_1p31.1a
1p31.1a	HG01109	mat	TypeI	1	HG01109_mat_hprc_r2_v1.0.1_HML-2_1p31.1a
1p31.1a	HG01109	pat	TypeI	1	HG01109_pat_hprc_r2_v1.0.1_HML-2_1p31.1a
1p31.1a	HG01114	h1	TypeI	1	HG01114_h1_HML-2_1p31.1a_graph_hgsvc3-2024-02-23-mc-chm13
1p31.1a	HG01114	h2	TypeI	1	HG01114_h2_HML-2_1p31.1a_graph_hgsvc3-2024-02-23-mc-chm13
1p31.1a	HG01123	mat	TypeI	1	HG01123_mat_hprc_r2_v1.0.1_HML-2_1p31.1a
1p31.1a	HG01123	pat	TypeI	1	HG01123_pat_hprc_r2_v1.0.1_HML-2_1p31.1a
1p31.1a	HG01150	mat	TypeI	1	HG01150_mat_hprc_r2_v1.0.1_HML-2_1p31.1a
1p31.1a	HG01150	pat	TypeI	1	HG01150_pat_hprc_r2_v1.0.1_HML-2_1p31.1a
1p31.1a	HG01167	h1	TypeI	1	HG01167_hap1_hprc_r2_v1.0.1_HML-2_1p31.1a
1p31.1a	HG01167	h2	TypeI	1	HG01167_hap2_hprc_r2_v1.0.1_HML-2_1p31.1a
1p31.1a	HG01175	mat	TypeI	1	HG01175_mat_hprc_r2_v1.0.1_HML-2_1p31.1a
1p31.1a	HG01175	pat	TypeI	1	HG01175_pat_hprc_r2_v1.0.1_HML-2_1p31.1a
1p31.1a	HG01192	mat	TypeI	1	HG01192_mat_hprc_r2_v1.0.1_HML-2_1p31.1a
1p31.1a	HG01192	pat	TypeI	1	HG01192_pat_hprc_r2_v1.0.1_HML-2_1p31.1a
1p31.1a	HG01243	mat	TypeI	1	HG01243_mat_hprc_r2_v1.0.1_HML-2_1p31.1a
1p31.1a	HG01243	pat	TypeI	1	HG01243_pat_hprc_r2_v1.0.1_HML-2_1p31.1a
1p31.1a	HG01252	mat	TypeI	1	HG01252_mat_hprc_r2_v1.0.1_HML-2_1p31.1a
1p31.1a	HG01252	pat	TypeI	1	HG01252_pat_hprc_r2_v1.0.1_HML-2_1p31.1a
1p31.1a	HG01255	mat	TypeI	1	HG01255_mat_hprc_r2_v1.0.1_HML-2_1p31.1a
1p31.1a	HG01255	pat	solo_LTR	1	HG01255_pat_hprc_r2_v1.0.1_HML-2_1p31.1a
1p31.1a	HG01258	mat	TypeI	1	HG01258_mat_hprc_r2_v1.0.1_HML-2_1p31.1a
1p31.1a	HG01258	pat	TypeI	1	HG01258_pat_hprc_r2_v1.0.1_HML-2_1p31.1a
1p31.1a	HG01261	mat	TypeI	1	HG01261_mat_hprc_r2_v1.0.1_HML-2_1p31.1a
1p31.1a	HG01261	pat	TypeI	1	HG01261_pat_hprc_r2_v1.0.1_HML-2_1p31.1a
1p31.1a	HG01346	mat	TypeI	1	HG01346_mat_hprc_r2_v1.0.1_HML-2_1p31.1a
1p31.1a	HG01346	pat	TypeI	1	HG01346_pat_hprc_r2_v1.0.1_HML-2_1p31.1a
1p31.1a	HG01352	h1	solo_LTR	1	HG01352_h1_HML-2_1p31.1a_graph_hgsvc3-2024-02-23-mc-chm13
1p31.1a	HG01352	h2	TypeI	1	HG01352_h2_HML-2_1p31.1a_graph_hgsvc3-2024-02-23-mc-chm13
1p31.1a	HG01358	mat	TypeI	1	HG01358_mat_hprc_r2_v1.0.1_HML-2_1p31.1a
1p31.1a	HG01358	pat	TypeI	1	HG01358_pat_hprc_r2_v1.0.1_HML-2_1p31.1a
1p31.1a	HG01361	mat	TypeI	1	HG01361_mat_hprc_r2_v1.0.1_HML-2_1p31.1a
1p31.1a	HG01361	pat	TypeI	1	HG01361_pat_hprc_r2_v1.0.1_HML-2_1p31.1a
1p31.1a	HG01433	mat	TypeI	1	HG01433_mat_hprc_r2_v1.0.1_HML-2_1p31.1a
1p31.1a	HG01433	pat	TypeI	1	HG01433_pat_hprc_r2_v1.0.1_HML-2_1p31.1a
1p31.1a	HG01457	h1	TypeI	1	HG01457_h1_HML-2_1p31.1a_graph_hgsvc3-2024-02-23-mc-chm13
1p31.1a	HG01457	h2	TypeI	1	HG01457_h2_HML-2_1p31.1a_graph_hgsvc3-2024-02-23-mc-chm13
1p31.1a	HG01496	mat	TypeI	1	HG01496_mat_hprc_r2_v1.0.1_HML-2_1p31.1a
1p31.1a	HG01496	pat	TypeI	1	HG01496_pat_hprc_r2_v1.0.1_HML-2_1p31.1a
1p31.1a	HG01505	h1	TypeI	1	HG01505_h1_HML-2_1p31.1a_graph_hgsvc3-2024-02-23-mc-chm13
1p31.1a	HG01505	h2	TypeI	1	HG01505_h2_HML-2_1p31.1a_graph_hgsvc3-2024-02-23-mc-chm13
1p31.1a	HG01530	h1	TypeI	1	HG01530_hap1_hprc_r2_v1.0.1_HML-2_1p31.1a
1p31.1a	HG01530	h2	TypeI	1	HG01530_hap2_hprc_r2_v1.0.1_HML-2_1p31.1a
1p31.1a	HG01573	h1	TypeI	1	HG01573_h1_HML-2_1p31.1a_graph_hgsvc3-2024-02-23-mc-chm13
1p31.1a	HG01573	h2	TypeI	1	HG01573_h2_HML-2_1p31.1a_graph_hgsvc3-2024-02-23-mc-chm13
1p31.1a	HG01596	h1	TypeI	1	HG01596_h1_HML-2_1p31.1a_graph_hgsvc3-2024-02-23-mc-chm13
1p31.1a	HG01596	h2	solo_LTR	1	HG01596_h2_HML-2_1p31.1a_graph_hgsvc3-2024-02-23-mc-chm13
1p31.1a	HG01784	h1	TypeI	1	HG01784_hap1_hprc_r2_v1.0.1_HML-2_1p31.1a
1p31.1a	HG01784	h2	TypeI	1	HG01784_hap2_hprc_r2_v1.0.1_HML-2_1p31.1a
1p31.1a	HG01786	h1	TypeI	1	HG01786_hap1_hprc_r2_v1.0.1_HML-2_1p31.1a
1p31.1a	HG01786	h2	TypeI	1	HG01786_hap2_hprc_r2_v1.0.1_HML-2_1p31.1a
1p31.1a	HG01884	mat	solo_LTR	1	HG01884_mat_hprc_r2_v1.0.1_HML-2_1p31.1a
1p31.1a	HG01884	pat	TypeI	1	HG01884_pat_hprc_r2_v1.0.1_HML-2_1p31.1a
1p31.1a	HG01890	h1	solo_LTR	1	HG01890_h1_HML-2_1p31.1a_graph_hgsvc3-2024-02-23-mc-chm13
1p31.1a	HG01890	h2	TypeI	1	HG01890_h2_HML-2_1p31.1a_graph_hgsvc3-2024-02-23-mc-chm13
1p31.1a	HG01891	mat	solo_LTR	1	HG01891_mat_hprc_r2_v1.0.1_HML-2_1p31.1a
1p31.1a	HG01891	pat	TypeI	1	HG01891_pat_hprc_r2_v1.0.1_HML-2_1p31.1a
1p31.1a	HG01928	mat	TypeI	1	HG01928_mat_hprc_r2_v1.0.1_HML-2_1p31.1a
1p31.1a	HG01928	pat	TypeI	1	HG01928_pat_hprc_r2_v1.0.1_HML-2_1p31.1a
1p31.1a	HG01934	mat	TypeI	1	HG01934_mat_hprc_r2_v1.0.1_HML-2_1p31.1a
1p31.1a	HG01934	pat	TypeI	1	HG01934_pat_hprc_r2_v1.0.1_HML-2_1p31.1a
1p31.1a	HG01940	mat	TypeI	1	HG01940_mat_hprc_r2_v1.0.1_HML-2_1p31.1a
1p31.1a	HG01940	pat	TypeI	1	HG01940_pat_hprc_r2_v1.0.1_HML-2_1p31.1a
1p31.1a	HG01943	mat	TypeI	1	HG01943_mat_hprc_r2_v1.0.1_HML-2_1p31.1a
1p31.1a	HG01943	pat	TypeI	1	HG01943_pat_hprc_r2_v1.0.1_HML-2_1p31.1a
1p31.1a	HG01952	mat	TypeI	1	HG01952_mat_hprc_r2_v1.0.1_HML-2_1p31.1a
1p31.1a	HG01952	pat	TypeI	1	HG01952_pat_hprc_r2_v1.0.1_HML-2_1p31.1a
1p31.1a	HG01960	mat	TypeI	1	HG01960_mat_hprc_r2_v1.0.1_HML-2_1p31.1a
1p31.1a	HG01960	pat	solo_LTR	1	HG01960_pat_hprc_r2_v1.0.1_HML-2_1p31.1a
1p31.1a	HG01969	mat	TypeI	1	HG01969_mat_hprc_r2_v1.0.1_HML-2_1p31.1a
1p31.1a	HG01969	pat	TypeI	1	HG01969_pat_hprc_r2_v1.0.1_HML-2_1p31.1a
1p31.1a	HG01975	mat	TypeI	1	HG01975_mat_hprc_r2_v1.0.1_HML-2_1p31.1a
1p31.1a	HG01975	pat	TypeI	1	HG01975_pat_hprc_r2_v1.0.1_HML-2_1p31.1a
1p31.1a	HG01978	mat	TypeI	1	HG01978_mat_hprc_r2_v1.1.0_HML-2_1p31.1a
1p31.1a	HG01978	pat	TypeI	1	HG01978_pat_hprc_r2_v1.1.0_HML-2_1p31.1a
1p31.1a	HG01981	mat	solo_LTR	1	HG01981_mat_hprc_r2_v1.0.1_HML-2_1p31.1a
1p31.1a	HG01981	pat	TypeI	1	HG01981_pat_hprc_r2_v1.0.1_HML-2_1p31.1a
1p31.1a	HG01993	mat	TypeI	1	HG01993_mat_hprc_r2_v1.0.1_HML-2_1p31.1a
1p31.1a	HG01993	pat	TypeI	1	HG01993_pat_hprc_r2_v1.0.1_HML-2_1p31.1a
1p31.1a	HG02004	mat	TypeI	1	HG02004_mat_hprc_r2_v1.0.1_HML-2_1p31.1a
1p31.1a	HG02004	pat	TypeI	1	HG02004_pat_hprc_r2_v1.0.1_HML-2_1p31.1a
1p31.1a	HG02011	h1	TypeI	1	HG02011_h1_HML-2_1p31.1a_graph_hgsvc3-2024-02-23-mc-chm13
1p31.1a	HG02011	h2	TypeI	1	HG02011_h2_HML-2_1p31.1a_graph_hgsvc3-2024-02-23-mc-chm13
1p31.1a	HG02015	mat	TypeI	1	HG02015_mat_hprc_r2_v1.0.1_HML-2_1p31.1a
1p31.1a	HG02015	pat	TypeI	1	HG02015_pat_hprc_r2_v1.0.1_HML-2_1p31.1a
1p31.1a	HG02018	h1	TypeI	1	HG02018_h1_HML-2_1p31.1a_graph_hgsvc3-2024-02-23-mc-chm13
1p31.1a	HG02018	h2	TypeI	1	HG02018_h2_HML-2_1p31.1a_graph_hgsvc3-2024-02-23-mc-chm13
1p31.1a	HG02027	mat	TypeI	1	HG02027_mat_hprc_r2_v1.0.1_HML-2_1p31.1a
1p31.1a	HG02027	pat	TypeI	1	HG02027_pat_hprc_r2_v1.0.1_HML-2_1p31.1a
1p31.1a	HG02040	h1	TypeI	1	HG02040_hap1_hprc_r2_v1.0.1_HML-2_1p31.1a
1p31.1a	HG02040	h2	TypeI	1	HG02040_hap2_hprc_r2_v1.0.1_HML-2_1p31.1a
1p31.1a	HG02055	mat	TypeI	1	HG02055_mat_hprc_r2_v1.0.1_HML-2_1p31.1a
1p31.1a	HG02055	pat	TypeI	1	HG02055_pat_hprc_r2_v1.0.1_HML-2_1p31.1a
1p31.1a	HG02056	mat	TypeI	1	HG02056_mat_hprc_r2_v1.0.1_HML-2_1p31.1a
1p31.1a	HG02056	pat	TypeI	1	HG02056_pat_hprc_r2_v1.0.1_HML-2_1p31.1a
1p31.1a	HG02059	h1	TypeI	1	HG02059_h1_HML-2_1p31.1a_graph_hgsvc3-2024-02-23-mc-chm13
1p31.1a	HG02059	h2	TypeI	1	HG02059_h2_HML-2_1p31.1a_graph_hgsvc3-2024-02-23-mc-chm13
1p31.1a	HG02071	mat	TypeI	1	HG02071_mat_hprc_r2_v1.0.1_HML-2_1p31.1a
1p31.1a	HG02071	pat	TypeI	1	HG02071_pat_hprc_r2_v1.0.1_HML-2_1p31.1a
1p31.1a	HG02074	mat	TypeI	1	HG02074_mat_hprc_r2_v1.0.1_HML-2_1p31.1a
1p31.1a	HG02074	pat	TypeI	1	HG02074_pat_hprc_r2_v1.0.1_HML-2_1p31.1a
1p31.1a	HG02080	mat	TypeI	1	HG02080_mat_hprc_r2_v1.0.1_HML-2_1p31.1a
1p31.1a	HG02080	pat	TypeI	1	HG02080_pat_hprc_r2_v1.0.1_HML-2_1p31.1a
1p31.1a	HG02083	mat	TypeI	1	HG02083_mat_hprc_r2_v1.0.1_HML-2_1p31.1a
1p31.1a	HG02083	pat	TypeI	1	HG02083_pat_hprc_r2_v1.0.1_HML-2_1p31.1a
1p31.1a	HG02106	h1	TypeI	1	HG02106_h1_HML-2_1p31.1a_graph_hgsvc3-2024-02-23-mc-chm13
1p31.1a	HG02106	h2	TypeI	1	HG02106_h2_HML-2_1p31.1a_graph_hgsvc3-2024-02-23-mc-chm13
1p31.1a	HG02109	mat	TypeI	1	HG02109_mat_hprc_r2_v1.0.1_HML-2_1p31.1a
1p31.1a	HG02109	pat	TypeI	1	HG02109_pat_hprc_r2_v1.0.1_HML-2_1p31.1a
1p31.1a	HG02129	mat	TypeI	1	HG02129_mat_hprc_r2_v1.0.1_HML-2_1p31.1a
1p31.1a	HG02129	pat	TypeI	1	HG02129_pat_hprc_r2_v1.0.1_HML-2_1p31.1a
1p31.1a	HG02132	mat	TypeI	1	HG02132_mat_hprc_r2_v1.0.1_HML-2_1p31.1a
1p31.1a	HG02132	pat	TypeI	1	HG02132_pat_hprc_r2_v1.0.1_HML-2_1p31.1a
1p31.1a	HG02135	mat	TypeI	1	HG02135_mat_hprc_r2_v1.0.1_HML-2_1p31.1a
1p31.1a	HG02135	pat	TypeI	1	HG02135_pat_hprc_r2_v1.0.1_HML-2_1p31.1a
1p31.1a	HG02145	mat	TypeI	1	HG02145_mat_hprc_r2_v1.0.1_HML-2_1p31.1a
1p31.1a	HG02145	pat	TypeI	1	HG02145_pat_hprc_r2_v1.0.1_HML-2_1p31.1a
1p31.1a	HG02148	mat	TypeI	1	HG02148_mat_hprc_r2_v1.0.1_HML-2_1p31.1a
1p31.1a	HG02148	pat	TypeI	1	HG02148_pat_hprc_r2_v1.0.1_HML-2_1p31.1a
1p31.1a	HG02155	h1	TypeI	1	HG02155_hap1_hprc_r2_v1.0.1_HML-2_1p31.1a
1p31.1a	HG02155	h2	TypeI	1	HG02155_hap2_hprc_r2_v1.0.1_HML-2_1p31.1a
1p31.1a	HG02165	h1	TypeI	1	HG02165_hap1_hprc_r2_v1.0.1_HML-2_1p31.1a
1p31.1a	HG02165	h2	TypeI	1	HG02165_hap2_hprc_r2_v1.0.1_HML-2_1p31.1a
1p31.1a	HG02178	h1	TypeI	1	HG02178_hap1_hprc_r2_v1.0.1_HML-2_1p31.1a
1p31.1a	HG02178	h2	TypeI	1	HG02178_hap2_hprc_r2_v1.0.1_HML-2_1p31.1a
1p31.1a	HG02257	mat	TypeI	1	HG02257_mat_hprc_r2_v1.1.0_HML-2_1p31.1a
1p31.1a	HG02257	pat	TypeI	1	HG02257_pat_hprc_r2_v1.1.0_HML-2_1p31.1a
1p31.1a	HG02258	mat	TypeI	1	HG02258_mat_hprc_r2_v1.0.1_HML-2_1p31.1a
1p31.1a	HG02258	pat	solo_LTR	1	HG02258_pat_hprc_r2_v1.0.1_HML-2_1p31.1a
1p31.1a	HG02273	h1	TypeI	1	HG02273_hap1_hprc_r2_v1.0.1_HML-2_1p31.1a
1p31.1a	HG02273	h2	TypeI	1	HG02273_hap2_hprc_r2_v1.0.1_HML-2_1p31.1a
1p31.1a	HG02280	mat	TypeI	1	HG02280_mat_hprc_r2_v1.0.1_HML-2_1p31.1a
1p31.1a	HG02280	pat	TypeI	1	HG02280_pat_hprc_r2_v1.0.1_HML-2_1p31.1a
1p31.1a	HG02282	h1	TypeI	1	HG02282_h1_HML-2_1p31.1a_graph_hgsvc3-2024-02-23-mc-chm13
1p31.1a	HG02282	h2	solo_LTR	1	HG02282_h2_HML-2_1p31.1a_graph_hgsvc3-2024-02-23-mc-chm13
1p31.1a	HG02293	mat	TypeI	1	HG02293_mat_hprc_r2_v1.0.1_HML-2_1p31.1a
1p31.1a	HG02293	pat	TypeI	1	HG02293_pat_hprc_r2_v1.0.1_HML-2_1p31.1a
1p31.1a	HG02300	mat	TypeI	1	HG02300_mat_hprc_r2_v1.0.1_HML-2_1p31.1a
1p31.1a	HG02300	pat	TypeI	1	HG02300_pat_hprc_r2_v1.0.1_HML-2_1p31.1a
1p31.1a	HG02391	h1	TypeI	1	HG02391_hap1_hprc_r2_v1.0.1_HML-2_1p31.1a
1p31.1a	HG02391	h2	TypeI	1	HG02391_hap2_hprc_r2_v1.0.1_HML-2_1p31.1a
1p31.1a	HG02392	h1	TypeI	1	HG02392_hap1_hprc_r2_v1.0.1_HML-2_1p31.1a
1p31.1a	HG02392	h2	TypeI	1	HG02392_hap2_hprc_r2_v1.0.1_HML-2_1p31.1a
1p31.1a	HG02451	mat	solo_LTR	1	HG02451_mat_hprc_r2_v1.0.1_HML-2_1p31.1a
1p31.1a	HG02451	pat	TypeI	1	HG02451_pat_hprc_r2_v1.0.1_HML-2_1p31.1a
1p31.1a	HG02486	mat	solo_LTR	1	HG02486_mat_hprc_r2_v1.0.1_HML-2_1p31.1a
1p31.1a	HG02486	pat	TypeI	1	HG02486_pat_hprc_r2_v1.0.1_HML-2_1p31.1a
1p31.1a	HG02492	h1	TypeI	1	HG02492_h1_HML-2_1p31.1a_graph_hgsvc3-2024-02-23-mc-chm13
1p31.1a	HG02492	h2	TypeI	1	HG02492_h2_HML-2_1p31.1a_graph_hgsvc3-2024-02-23-mc-chm13
1p31.1a	HG02514	mat	TypeI	1	HG02514_mat_hprc_r2_v1.0.1_HML-2_1p31.1a
1p31.1a	HG02514	pat	TypeI	1	HG02514_pat_hprc_r2_v1.0.1_HML-2_1p31.1a
1p31.1a	HG02523	mat	TypeI	1	HG02523_mat_hprc_r2_v1.0.1_HML-2_1p31.1a
1p31.1a	HG02523	pat	TypeI	1	HG02523_pat_hprc_r2_v1.0.1_HML-2_1p31.1a
1p31.1a	HG02554	h1	TypeI	1	HG02554_h1_HML-2_1p31.1a_graph_hgsvc3-2024-02-23-mc-chm13
1p31.1a	HG02554	h2	TypeI	1	HG02554_h2_HML-2_1p31.1a_graph_hgsvc3-2024-02-23-mc-chm13
1p31.1a	HG02559	mat	solo_LTR	1	HG02559_mat_hprc_r2_v1.0.1_HML-2_1p31.1a
1p31.1a	HG02559	pat	TypeI	1	HG02559_pat_hprc_r2_v1.0.1_HML-2_1p31.1a
1p31.1a	HG02572	mat	TypeI	1	HG02572_mat_hprc_r2_v1.0.1_HML-2_1p31.1a
1p31.1a	HG02572	pat	TypeI	1	HG02572_pat_hprc_r2_v1.0.1_HML-2_1p31.1a
1p31.1a	HG02583	h1	TypeI	1	HG02583_hap1_hprc_r2_v1.0.1_HML-2_1p31.1a
1p31.1a	HG02583	h2	TypeI	1	HG02583_hap2_hprc_r2_v1.0.1_HML-2_1p31.1a
1p31.1a	HG02587	h1	TypeI	1	HG02587_h1_HML-2_1p31.1a_graph_hgsvc3-2024-02-23-mc-chm13
1p31.1a	HG02587	h2	solo_LTR	1	HG02587_h2_HML-2_1p31.1a_graph_hgsvc3-2024-02-23-mc-chm13
1p31.1a	HG02602	mat	TypeI	1	HG02602_mat_hprc_r2_v1.0.1_HML-2_1p31.1a
1p31.1a	HG02602	pat	TypeI	1	HG02602_pat_hprc_r2_v1.0.1_HML-2_1p31.1a
1p31.1a	HG02615	mat	TypeI	1	HG02615_mat_hprc_r2_v1.0.1_HML-2_1p31.1a
1p31.1a	HG02615	pat	TypeI	1	HG02615_pat_hprc_r2_v1.0.1_HML-2_1p31.1a
1p31.1a	HG02622	mat	solo_LTR	1	HG02622_mat_hprc_r2_v1.0.1_HML-2_1p31.1a
1p31.1a	HG02622	pat	solo_LTR	1	HG02622_pat_hprc_r2_v1.0.1_HML-2_1p31.1a
1p31.1a	HG02630	mat	TypeI	1	HG02630_mat_hprc_r2_v1.0.1_HML-2_1p31.1a
1p31.1a	HG02630	pat	TypeI	1	HG02630_pat_hprc_r2_v1.0.1_HML-2_1p31.1a
1p31.1a	HG02647	mat	TypeI	1	HG02647_mat_hprc_r2_v1.0.1_HML-2_1p31.1a
1p31.1a	HG02647	pat	TypeI	1	HG02647_pat_hprc_r2_v1.0.1_HML-2_1p31.1a
1p31.1a	HG02666	h1	TypeI	1	HG02666_h1_HML-2_1p31.1a_graph_hgsvc3-2024-02-23-mc-chm13
1p31.1a	HG02666	h2	TypeI	1	HG02666_h2_HML-2_1p31.1a_graph_hgsvc3-2024-02-23-mc-chm13
1p31.1a	HG02668	mat	solo_LTR	1	HG02668_mat_hprc_r2_v1.0.1_HML-2_1p31.1a
1p31.1a	HG02668	pat	TypeI	1	HG02668_pat_hprc_r2_v1.0.1_HML-2_1p31.1a
1p31.1a	HG02698	mat	TypeI	1	HG02698_mat_hprc_r2_v1.0.1_HML-2_1p31.1a
1p31.1a	HG02698	pat	TypeI	1	HG02698_pat_hprc_r2_v1.0.1_HML-2_1p31.1a
1p31.1a	HG02717	mat	solo_LTR	1	HG02717_mat_hprc_r2_v1.0.1_HML-2_1p31.1a
1p31.1a	HG02717	pat	solo_LTR	1	HG02717_pat_hprc_r2_v1.0.1_HML-2_1p31.1a
1p31.1a	HG02723	mat	solo_LTR	1	HG02723_mat_hprc_r2_v1.0.1_HML-2_1p31.1a
1p31.1a	HG02723	pat	solo_LTR	1	HG02723_pat_hprc_r2_v1.0.1_HML-2_1p31.1a
1p31.1a	HG02735	mat	TypeI	1	HG02735_mat_hprc_r2_v1.0.1_HML-2_1p31.1a
1p31.1a	HG02735	pat	TypeI	1	HG02735_pat_hprc_r2_v1.0.1_HML-2_1p31.1a
1p31.1a	HG02738	mat	TypeI	1	HG02738_mat_hprc_r2_v1.0.1_HML-2_1p31.1a
1p31.1a	HG02738	pat	TypeI	1	HG02738_pat_hprc_r2_v1.0.1_HML-2_1p31.1a
1p31.1a	HG02769	h1	TypeI	1	HG02769_h1_HML-2_1p31.1a_graph_hgsvc3-2024-02-23-mc-chm13
1p31.1a	HG02769	h2	TypeI	1	HG02769_h2_HML-2_1p31.1a_graph_hgsvc3-2024-02-23-mc-chm13
1p31.1a	HG02809	mat	solo_LTR	1	HG02809_mat_hprc_r2_v1.0.1_HML-2_1p31.1a
1p31.1a	HG02809	pat	solo_LTR	1	HG02809_pat_hprc_r2_v1.0.1_HML-2_1p31.1a
1p31.1a	HG02818	mat	TypeI	1	HG02818_mat_hprc_r2_v1.0.1_HML-2_1p31.1a
1p31.1a	HG02818	pat	TypeI	1	HG02818_pat_hprc_r2_v1.0.1_HML-2_1p31.1a
1p31.1a	HG02841	mat	TypeI	1	HG02841_mat_hprc_r2_v1.0.1_HML-2_1p31.1a
1p31.1a	HG02841	pat	TypeI	1	HG02841_pat_hprc_r2_v1.0.1_HML-2_1p31.1a
1p31.1a	HG02886	mat	TypeI	1	HG02886_mat_hprc_r2_v1.0.1_HML-2_1p31.1a
1p31.1a	HG02886	pat	solo_LTR	1	HG02886_pat_hprc_r2_v1.0.1_HML-2_1p31.1a
1p31.1a	HG02922	h1	TypeI	1	HG02922_hap1_hprc_r2_v1.0.1_HML-2_1p31.1a
1p31.1a	HG02922	h2	TypeI	1	HG02922_hap2_hprc_r2_v1.0.1_HML-2_1p31.1a
1p31.1a	HG02953	h1	TypeI	1	HG02953_h1_HML-2_1p31.1a_graph_hgsvc3-2024-02-23-mc-chm13
1p31.1a	HG02953	h2	solo_LTR	1	HG02953_h2_HML-2_1p31.1a_graph_hgsvc3-2024-02-23-mc-chm13
1p31.1a	HG02965	h1	TypeI	1	HG02965_hap1_hprc_r2_v1.0.1_HML-2_1p31.1a
1p31.1a	HG02965	h2	TypeI	2	HG02965_hap2_hprc_r2_v1.0.1_HML-2_1p31.1a_alt1|HG02965_hap2_hprc_r2_v1.0.1_HML-2_1p31.1a_alt2
1p31.1a	HG02976	h1	TypeI	1	HG02976_hap1_hprc_r2_v1.0.1_HML-2_1p31.1a
1p31.1a	HG02976	h2	TypeI	1	HG02976_hap2_hprc_r2_v1.0.1_HML-2_1p31.1a
1p31.1a	HG02984	mat	TypeI	1	HG02984_mat_hprc_r2_v1.0.1_HML-2_1p31.1a
1p31.1a	HG02984	pat	TypeI	1	HG02984_pat_hprc_r2_v1.0.1_HML-2_1p31.1a
1p31.1a	HG03009	h1	TypeI	1	HG03009_h1_HML-2_1p31.1a_graph_hgsvc3-2024-02-23-mc-chm13
1p31.1a	HG03009	h2	TypeI	1	HG03009_h2_HML-2_1p31.1a_graph_hgsvc3-2024-02-23-mc-chm13
1p31.1a	HG03017	mat	TypeI	1	HG03017_mat_hprc_r2_v1.0.1_HML-2_1p31.1a
1p31.1a	HG03017	pat	TypeI	1	HG03017_pat_hprc_r2_v1.0.1_HML-2_1p31.1a
1p31.1a	HG03041	mat	TypeI	1	HG03041_mat_hprc_r2_v1.0.1_HML-2_1p31.1a
1p31.1a	HG03041	pat	TypeI	1	HG03041_pat_hprc_r2_v1.0.1_HML-2_1p31.1a
1p31.1a	HG03050	mat	TypeI	1	HG03050_mat_hprc_r2_v1.0.1_HML-2_1p31.1a
1p31.1a	HG03050	pat	solo_LTR	1	HG03050_pat_hprc_r2_v1.0.1_HML-2_1p31.1a
1p31.1a	HG03065	h1	solo_LTR	1	HG03065_h1_HML-2_1p31.1a_graph_hgsvc3-2024-02-23-mc-chm13
1p31.1a	HG03065	h2	TypeI	1	HG03065_h2_HML-2_1p31.1a_graph_hgsvc3-2024-02-23-mc-chm13
1p31.1a	HG03098	mat	TypeI	1	HG03098_mat_hprc_r2_v1.0.1_HML-2_1p31.1a
1p31.1a	HG03098	pat	TypeI	1	HG03098_pat_hprc_r2_v1.0.1_HML-2_1p31.1a
1p31.1a	HG03130	h1	TypeI	1	HG03130_hap1_hprc_r2_v1.0.1_HML-2_1p31.1a
1p31.1a	HG03130	h2	TypeI	1	HG03130_hap2_hprc_r2_v1.0.1_HML-2_1p31.1a
1p31.1a	HG03139	h1	solo_LTR	1	HG03139_hap1_hprc_r2_v1.0.1_HML-2_1p31.1a
1p31.1a	HG03139	h2	TypeI	1	HG03139_hap2_hprc_r2_v1.0.1_HML-2_1p31.1a
1p31.1a	HG03195	h1	TypeI	1	HG03195_hap1_hprc_r2_v1.0.1_HML-2_1p31.1a
1p31.1a	HG03195	h2	TypeI	1	HG03195_hap2_hprc_r2_v1.0.1_HML-2_1p31.1a
1p31.1a	HG03209	h1	TypeI	1	HG03209_hap1_hprc_r2_v1.0.1_HML-2_1p31.1a
1p31.1a	HG03209	h2	TypeI	1	HG03209_hap2_hprc_r2_v1.0.1_HML-2_1p31.1a
1p31.1a	HG03225	h1	solo_LTR	1	HG03225_hap1_hprc_r2_v1.0.1_HML-2_1p31.1a
1p31.1a	HG03225	h2	TypeI	1	HG03225_hap2_hprc_r2_v1.0.1_HML-2_1p31.1a
1p31.1a	HG03239	mat	TypeI	1	HG03239_mat_hprc_r2_v1.0.1_HML-2_1p31.1a
1p31.1a	HG03239	pat	TypeI	1	HG03239_pat_hprc_r2_v1.0.1_HML-2_1p31.1a
1p31.1a	HG03248	h1	solo_LTR	1	HG03248_h1_HML-2_1p31.1a_graph_hgsvc3-2024-02-23-mc-chm13
1p31.1a	HG03248	h2	solo_LTR	1	HG03248_h2_HML-2_1p31.1a_graph_hgsvc3-2024-02-23-mc-chm13
1p31.1a	HG03270	h1	TypeI	1	HG03270_hap1_hprc_r2_v1.0.1_HML-2_1p31.1a
1p31.1a	HG03270	h2	TypeI	1	HG03270_hap2_hprc_r2_v1.0.1_HML-2_1p31.1a
1p31.1a	HG03369	h1	TypeI	1	HG03369_hap1_hprc_r2_v1.0.1_HML-2_1p31.1a
1p31.1a	HG03369	h2	TypeI	1	HG03369_hap2_hprc_r2_v1.0.1_HML-2_1p31.1a
1p31.1a	HG03371	h1	TypeI	1	HG03371_h1_HML-2_1p31.1a_graph_hgsvc3-2024-02-23-mc-chm13
1p31.1a	HG03371	h2	TypeI	1	HG03371_h2_HML-2_1p31.1a_graph_hgsvc3-2024-02-23-mc-chm13
1p31.1a	HG03452	h1	TypeI	1	HG03452_h1_HML-2_1p31.1a_graph_hgsvc3-2024-02-23-mc-chm13
1p31.1a	HG03452	h2	TypeI	1	HG03452_h2_HML-2_1p31.1a_graph_hgsvc3-2024-02-23-mc-chm13
1p31.1a	HG03453	mat	TypeI	1	HG03453_mat_hprc_r2_v1.0.1_HML-2_1p31.1a
1p31.1a	HG03453	pat	TypeI	1	HG03453_pat_hprc_r2_v1.0.1_HML-2_1p31.1a
1p31.1a	HG03456	h1	TypeI	1	HG03456_h1_HML-2_1p31.1a_graph_hgsvc3-2024-02-23-mc-chm13
1p31.1a	HG03456	h2	solo_LTR	1	HG03456_h2_HML-2_1p31.1a_graph_hgsvc3-2024-02-23-mc-chm13
1p31.1a	HG03470	h1	solo_LTR	1	HG03470_hap1_hprc_r2_v1.0.1_HML-2_1p31.1a
1p31.1a	HG03470	h2	TypeI	1	HG03470_hap2_hprc_r2_v1.0.1_HML-2_1p31.1a
1p31.1a	HG03471	h1	solo_LTR	1	HG03471_hap1_hprc_r2_v1.0.1_HML-2_1p31.1a
1p31.1a	HG03471	h2	TypeI	1	HG03471_hap2_hprc_r2_v1.0.1_HML-2_1p31.1a
1p31.1a	HG03486	mat	TypeI	1	HG03486_mat_hprc_r2_v1.0.1_HML-2_1p31.1a
1p31.1a	HG03486	pat	TypeI	1	HG03486_pat_hprc_r2_v1.0.1_HML-2_1p31.1a
1p31.1a	HG03516	mat	solo_LTR	1	HG03516_mat_hprc_r2_v1.1.0_HML-2_1p31.1a
1p31.1a	HG03516	pat	TypeI	1	HG03516_pat_hprc_r2_v1.1.0_HML-2_1p31.1a
1p31.1a	HG03520	h1	TypeI	1	HG03520_h1_HML-2_1p31.1a_graph_hgsvc3-2024-02-23-mc-chm13
1p31.1a	HG03520	h2	TypeI	1	HG03520_h2_HML-2_1p31.1a_graph_hgsvc3-2024-02-23-mc-chm13
1p31.1a	HG03521	h1	solo_LTR	1	HG03521_hap1_hprc_r2_v1.0.1_HML-2_1p31.1a
1p31.1a	HG03521	h2	TypeI	1	HG03521_hap2_hprc_r2_v1.0.1_HML-2_1p31.1a
1p31.1a	HG03540	mat	solo_LTR	1	HG03540_mat_hprc_r2_v1.0.1_HML-2_1p31.1a
1p31.1a	HG03540	pat	TypeI	1	HG03540_pat_hprc_r2_v1.0.1_HML-2_1p31.1a
1p31.1a	HG03579	mat	TypeI	1	HG03579_mat_hprc_r2_v1.0.1_HML-2_1p31.1a
1p31.1a	HG03579	pat	solo_LTR	1	HG03579_pat_hprc_r2_v1.0.1_HML-2_1p31.1a
1p31.1a	HG03583	h1	solo_LTR	1	HG03583_hap1_hprc_r2_v1.0.1_HML-2_1p31.1a
1p31.1a	HG03583	h2	solo_LTR	1	HG03583_hap2_hprc_r2_v1.0.1_HML-2_1p31.1a
1p31.1a	HG03654	mat	TypeI	1	HG03654_mat_hprc_r2_v1.0.1_HML-2_1p31.1a
1p31.1a	HG03654	pat	TypeI	1	HG03654_pat_hprc_r2_v1.0.1_HML-2_1p31.1a
1p31.1a	HG03669	mat	TypeI	1	HG03669_mat_hprc_r2_v1.0.1_HML-2_1p31.1a
1p31.1a	HG03669	pat	TypeI	1	HG03669_pat_hprc_r2_v1.0.1_HML-2_1p31.1a
1p31.1a	HG03683	h1	TypeI	1	HG03683_h1_HML-2_1p31.1a_graph_hgsvc3-2024-02-23-mc-chm13
1p31.1a	HG03683	h2	TypeI	1	HG03683_h2_HML-2_1p31.1a_graph_hgsvc3-2024-02-23-mc-chm13
1p31.1a	HG03688	mat	TypeI	1	HG03688_mat_hprc_r2_v1.0.1_HML-2_1p31.1a
1p31.1a	HG03688	pat	TypeI	1	HG03688_pat_hprc_r2_v1.0.1_HML-2_1p31.1a
1p31.1a	HG03704	mat	TypeI	1	HG03704_mat_hprc_r2_v1.0.1_HML-2_1p31.1a
1p31.1a	HG03704	pat	TypeI	1	HG03704_pat_hprc_r2_v1.0.1_HML-2_1p31.1a
1p31.1a	HG03710	mat	TypeI	1	HG03710_mat_hprc_r2_v1.0.1_HML-2_1p31.1a
1p31.1a	HG03710	pat	TypeI	1	HG03710_pat_hprc_r2_v1.0.1_HML-2_1p31.1a
1p31.1a	HG03732	h1	TypeI	1	HG03732_h1_HML-2_1p31.1a_graph_hgsvc3-2024-02-23-mc-chm13
1p31.1a	HG03732	h2	TypeI	1	HG03732_h2_HML-2_1p31.1a_graph_hgsvc3-2024-02-23-mc-chm13
1p31.1a	HG03742	h1	TypeI	1	HG03742_hap1_hprc_r2_v1.0.1_HML-2_1p31.1a
1p31.1a	HG03742	h2	TypeI	1	HG03742_hap2_hprc_r2_v1.0.1_HML-2_1p31.1a
1p31.1a	HG03784	h1	TypeI	1	HG03784_hap1_hprc_r2_v1.0.1_HML-2_1p31.1a
1p31.1a	HG03784	h2	TypeI	1	HG03784_hap2_hprc_r2_v1.0.1_HML-2_1p31.1a
1p31.1a	HG03804	mat	TypeI	1	HG03804_mat_hprc_r2_v1.0.1_HML-2_1p31.1a
1p31.1a	HG03804	pat	TypeI	1	HG03804_pat_hprc_r2_v1.0.1_HML-2_1p31.1a
1p31.1a	HG03807	h1	TypeI	1	HG03807_h1_HML-2_1p31.1a_graph_hgsvc3-2024-02-23-mc-chm13
1p31.1a	HG03807	h2	TypeI	1	HG03807_h2_HML-2_1p31.1a_graph_hgsvc3-2024-02-23-mc-chm13
1p31.1a	HG03816	mat	TypeI	1	HG03816_mat_hprc_r2_v1.0.1_HML-2_1p31.1a
1p31.1a	HG03816	pat	TypeI	1	HG03816_pat_hprc_r2_v1.0.1_HML-2_1p31.1a
1p31.1a	HG03831	mat	TypeI	1	HG03831_mat_hprc_r2_v1.0.1_HML-2_1p31.1a
1p31.1a	HG03831	pat	TypeI	1	HG03831_pat_hprc_r2_v1.0.1_HML-2_1p31.1a
1p31.1a	HG03834	mat	TypeI	1	HG03834_mat_hprc_r2_v1.0.1_HML-2_1p31.1a
1p31.1a	HG03834	pat	TypeI	1	HG03834_pat_hprc_r2_v1.0.1_HML-2_1p31.1a
1p31.1a	HG03874	h1	TypeI	1	HG03874_hap1_hprc_r2_v1.0.1_HML-2_1p31.1a
1p31.1a	HG03874	h2	TypeI	1	HG03874_hap2_hprc_r2_v1.0.1_HML-2_1p31.1a
1p31.1a	HG03927	mat	TypeI	1	HG03927_mat_hprc_r2_v1.0.1_HML-2_1p31.1a
1p31.1a	HG03927	pat	TypeI	1	HG03927_pat_hprc_r2_v1.0.1_HML-2_1p31.1a
1p31.1a	HG03942	mat	TypeI	1	HG03942_mat_hprc_r2_v1.0.1_HML-2_1p31.1a
1p31.1a	HG03942	pat	TypeI	1	HG03942_pat_hprc_r2_v1.0.1_HML-2_1p31.1a
1p31.1a	HG04036	h1	TypeI	1	HG04036_h1_HML-2_1p31.1a_graph_hgsvc3-2024-02-23-mc-chm13
1p31.1a	HG04036	h2	TypeI	1	HG04036_h2_HML-2_1p31.1a_graph_hgsvc3-2024-02-23-mc-chm13
1p31.1a	HG04115	mat	TypeI	1	HG04115_mat_hprc_r2_v1.0.1_HML-2_1p31.1a
1p31.1a	HG04115	pat	TypeI	1	HG04115_pat_hprc_r2_v1.0.1_HML-2_1p31.1a
1p31.1a	HG04157	mat	TypeI	1	HG04157_mat_hprc_r2_v1.0.1_HML-2_1p31.1a
1p31.1a	HG04157	pat	TypeI	1	HG04157_pat_hprc_r2_v1.0.1_HML-2_1p31.1a
1p31.1a	HG04160	mat	TypeI	1	HG04160_mat_hprc_r2_v1.0.1_HML-2_1p31.1a
1p31.1a	HG04160	pat	TypeI	1	HG04160_pat_hprc_r2_v1.0.1_HML-2_1p31.1a
1p31.1a	HG04184	mat	TypeI	1	HG04184_mat_hprc_r2_v1.0.1_HML-2_1p31.1a
1p31.1a	HG04184	pat	TypeI	1	HG04184_pat_hprc_r2_v1.0.1_HML-2_1p31.1a
1p31.1a	HG04187	mat	TypeI	1	HG04187_mat_hprc_r2_v1.0.1_HML-2_1p31.1a
1p31.1a	HG04187	pat	TypeI	1	HG04187_pat_hprc_r2_v1.0.1_HML-2_1p31.1a
1p31.1a	HG04199	mat	TypeI	1	HG04199_mat_hprc_r2_v1.0.1_HML-2_1p31.1a
1p31.1a	HG04199	pat	TypeI	1	HG04199_pat_hprc_r2_v1.0.1_HML-2_1p31.1a
1p31.1a	HG04204	mat	TypeI	1	HG04204_mat_hprc_r2_v1.0.1_HML-2_1p31.1a
1p31.1a	HG04204	pat	TypeI	1	HG04204_pat_hprc_r2_v1.0.1_HML-2_1p31.1a
1p31.1a	HG04217	h1	TypeI	1	HG04217_h1_HML-2_1p31.1a_graph_hgsvc3-2024-02-23-mc-chm13
1p31.1a	HG04217	h2	TypeI	1	HG04217_h2_HML-2_1p31.1a_graph_hgsvc3-2024-02-23-mc-chm13
1p31.1a	HG04228	mat	TypeI	1	HG04228_mat_hprc_r2_v1.0.1_HML-2_1p31.1a
1p31.1a	HG04228	pat	TypeI	1	HG04228_pat_hprc_r2_v1.0.1_HML-2_1p31.1a
1p31.1a	HG06807	mat	TypeI	1	HG06807_mat_v1.0.genbank_HML-2_1p31.1a
1p31.1a	HG06807	pat	solo_LTR	1	HG06807_pat_v1.0.genbank_HML-2_1p31.1a
1p31.1a	NA12329	h1	TypeI	1	NA12329_h1_HML-2_1p31.1a_graph_hgsvc3-2024-02-23-mc-chm13
1p31.1a	NA12329	h2	TypeI	1	NA12329_h2_HML-2_1p31.1a_graph_hgsvc3-2024-02-23-mc-chm13
1p31.1a	NA18505	h1	TypeI	1	NA18505_hap1_hprc_r2_v1.0.1_HML-2_1p31.1a
1p31.1a	NA18505	h2	TypeI	1	NA18505_hap2_hprc_r2_v1.0.1_HML-2_1p31.1a
1p31.1a	NA18508	h1	solo_LTR	1	NA18508_hap1_hprc_r2_v1.0.1_HML-2_1p31.1a
1p31.1a	NA18508	h2	solo_LTR	1	NA18508_hap2_hprc_r2_v1.0.1_HML-2_1p31.1a
1p31.1a	NA18522	h1	TypeI	1	NA18522_hap1_hprc_r2_v1.0.1_HML-2_1p31.1a
1p31.1a	NA18522	h2	TypeI	1	NA18522_hap2_hprc_r2_v1.0.1_HML-2_1p31.1a
1p31.1a	NA18534	h1	TypeI	1	NA18534_h1_HML-2_1p31.1a_graph_hgsvc3-2024-02-23-mc-chm13
1p31.1a	NA18534	h2	TypeI	1	NA18534_h2_HML-2_1p31.1a_graph_hgsvc3-2024-02-23-mc-chm13
1p31.1a	NA18565	h1	TypeI	1	NA18565_hap1_hprc_r2_v1.0.1_HML-2_1p31.1a
1p31.1a	NA18565	h2	TypeI	1	NA18565_hap2_hprc_r2_v1.0.1_HML-2_1p31.1a
1p31.1a	NA18570	h1	TypeI	1	NA18570_hap1_hprc_r2_v1.0.1_HML-2_1p31.1a
1p31.1a	NA18570	h2	TypeI	1	NA18570_hap2_hprc_r2_v1.0.1_HML-2_1p31.1a
1p31.1a	NA18608	h1	TypeI	1	NA18608_hap1_hprc_r2_v1.0.1_HML-2_1p31.1a
1p31.1a	NA18608	h2	TypeI	1	NA18608_hap2_hprc_r2_v1.0.1_HML-2_1p31.1a
1p31.1a	NA18620	h1	TypeI	1	NA18620_hap1_hprc_r2_v1.0.1_HML-2_1p31.1a
1p31.1a	NA18620	h2	TypeI	1	NA18620_hap2_hprc_r2_v1.0.1_HML-2_1p31.1a
1p31.1a	NA18747	h1	TypeI	1	NA18747_hap1_hprc_r2_v1.0.1_HML-2_1p31.1a
1p31.1a	NA18747	h2	TypeI	1	NA18747_hap2_hprc_r2_v1.0.1_HML-2_1p31.1a
1p31.1a	NA18879	h1	TypeI	1	NA18879_hap1_hprc_r2_v1.0.1_HML-2_1p31.1a
1p31.1a	NA18879	h2	TypeI	1	NA18879_hap2_hprc_r2_v1.0.1_HML-2_1p31.1a
1p31.1a	NA18906	mat	TypeI	1	NA18906_mat_hprc_r2_v1.0.1_HML-2_1p31.1a
1p31.1a	NA18906	pat	TypeI	1	NA18906_pat_hprc_r2_v1.0.1_HML-2_1p31.1a
1p31.1a	NA18939	h1	TypeI	1	NA18939_h1_HML-2_1p31.1a_graph_hgsvc3-2024-02-23-mc-chm13
1p31.1a	NA18939	h2	TypeI	1	NA18939_h2_HML-2_1p31.1a_graph_hgsvc3-2024-02-23-mc-chm13
1p31.1a	NA18940	h1	TypeI	1	NA18940_hap1_hprc_r2_v1.0.1_HML-2_1p31.1a
1p31.1a	NA18940	h2	TypeI	1	NA18940_hap2_hprc_r2_v1.0.1_HML-2_1p31.1a
1p31.1a	NA18943	h1	TypeI	1	NA18943_hap1_hprc_r2_v1.0.1_HML-2_1p31.1a
1p31.1a	NA18943	h2	TypeI	1	NA18943_hap2_hprc_r2_v1.0.1_HML-2_1p31.1a
1p31.1a	NA18944	h1	TypeI	1	NA18944_hap1_hprc_r2_v1.0.1_HML-2_1p31.1a
1p31.1a	NA18944	h2	TypeI	1	NA18944_hap2_hprc_r2_v1.0.1_HML-2_1p31.1a
1p31.1a	NA18945	h1	TypeI	1	NA18945_hap1_hprc_r2_v1.0.1_HML-2_1p31.1a
1p31.1a	NA18945	h2	TypeI	1	NA18945_hap2_hprc_r2_v1.0.1_HML-2_1p31.1a
1p31.1a	NA18948	h1	TypeI	1	NA18948_hap1_hprc_r2_v1.0.1_HML-2_1p31.1a
1p31.1a	NA18948	h2	TypeI	1	NA18948_hap2_hprc_r2_v1.0.1_HML-2_1p31.1a
1p31.1a	NA18952	h1	TypeI	1	NA18952_hap1_hprc_r2_v1.0.1_HML-2_1p31.1a
1p31.1a	NA18952	h2	TypeI	1	NA18952_hap2_hprc_r2_v1.0.1_HML-2_1p31.1a
1p31.1a	NA18959	h1	TypeI	1	NA18959_hap1_hprc_r2_v1.0.1_HML-2_1p31.1a
1p31.1a	NA18959	h2	TypeI	1	NA18959_hap2_hprc_r2_v1.0.1_HML-2_1p31.1a
1p31.1a	NA18960	h1	TypeI	1	NA18960_hap1_hprc_r2_v1.0.1_HML-2_1p31.1a
1p31.1a	NA18960	h2	TypeI	1	NA18960_hap2_hprc_r2_v1.0.1_HML-2_1p31.1a
1p31.1a	NA18967	h1	TypeI	1	NA18967_hap1_hprc_r2_v1.0.1_HML-2_1p31.1a
1p31.1a	NA18967	h2	TypeI	1	NA18967_hap2_hprc_r2_v1.0.1_HML-2_1p31.1a
1p31.1a	NA18970	h1	TypeI	1	NA18970_hap1_hprc_r2_v1.0.1_HML-2_1p31.1a
1p31.1a	NA18970	h2	TypeI	1	NA18970_hap2_hprc_r2_v1.0.1_HML-2_1p31.1a
1p31.1a	NA18971	h1	TypeI	1	NA18971_hap1_hprc_r2_v1.0.1_HML-2_1p31.1a
1p31.1a	NA18971	h2	TypeI	1	NA18971_hap2_hprc_r2_v1.0.1_HML-2_1p31.1a
1p31.1a	NA18974	h1	TypeI	1	NA18974_hap1_hprc_r2_v1.0.1_HML-2_1p31.1a
1p31.1a	NA18974	h2	TypeI	1	NA18974_hap2_hprc_r2_v1.0.1_HML-2_1p31.1a
1p31.1a	NA18976	h1	TypeI	1	NA18976_hap1_hprc_r2_v1.0.1_HML-2_1p31.1a
1p31.1a	NA18976	h2	TypeI	1	NA18976_hap2_hprc_r2_v1.0.1_HML-2_1p31.1a
1p31.1a	NA18982	h1	TypeI	1	NA18982_hap1_hprc_r2_v1.0.1_HML-2_1p31.1a
1p31.1a	NA18982	h2	TypeI	1	NA18982_hap2_hprc_r2_v1.0.1_HML-2_1p31.1a
1p31.1a	NA18983	h1	TypeI	1	NA18983_hap1_hprc_r2_v1.0.1_HML-2_1p31.1a
1p31.1a	NA18983	h2	TypeI	1	NA18983_hap2_hprc_r2_v1.0.1_HML-2_1p31.1a
1p31.1a	NA18989	h1	TypeI	1	NA18989_h1_HML-2_1p31.1a_graph_hgsvc3-2024-02-23-mc-chm13
1p31.1a	NA18989	h2	TypeI	1	NA18989_h2_HML-2_1p31.1a_graph_hgsvc3-2024-02-23-mc-chm13
1p31.1a	NA19036	h1	solo_LTR	1	NA19036_hap1_hprc_r2_v1.0.1_HML-2_1p31.1a
1p31.1a	NA19036	h2	TypeI	1	NA19036_hap2_hprc_r2_v1.0.1_HML-2_1p31.1a
1p31.1a	NA19043	h1	TypeI	1	NA19043_hap1_hprc_r2_v1.0.1_HML-2_1p31.1a
1p31.1a	NA19043	h2	TypeI	1	NA19043_hap2_hprc_r2_v1.0.1_HML-2_1p31.1a
1p31.1a	NA19087	h1	TypeI	1	NA19087_hap1_hprc_r2_v1.0.1_HML-2_1p31.1a
1p31.1a	NA19087	h2	TypeI	1	NA19087_hap2_hprc_r2_v1.0.1_HML-2_1p31.1a
1p31.1a	NA19129	h1	TypeI	1	NA19129_h1_HML-2_1p31.1a_graph_hgsvc3-2024-02-23-mc-chm13
1p31.1a	NA19129	h2	solo_LTR	1	NA19129_h2_HML-2_1p31.1a_graph_hgsvc3-2024-02-23-mc-chm13
1p31.1a	NA19159	h1	TypeI	1	NA19159_hap1_hprc_r2_v1.0.1_HML-2_1p31.1a
1p31.1a	NA19159	h2	solo_LTR	1	NA19159_hap2_hprc_r2_v1.0.1_HML-2_1p31.1a
1p31.1a	NA19185	h1	TypeI	1	NA19185_hap1_hprc_r2_v1.0.1_HML-2_1p31.1a
1p31.1a	NA19185	h2	TypeI	1	NA19185_hap2_hprc_r2_v1.0.1_HML-2_1p31.1a
1p31.1a	NA19238	h1	TypeI	1	NA19238_h1_HML-2_1p31.1a_graph_hgsvc3-2024-02-23-mc-chm13
1p31.1a	NA19238	h2	TypeI	1	NA19238_h2_HML-2_1p31.1a_graph_hgsvc3-2024-02-23-mc-chm13
1p31.1a	NA19239	h1	TypeI	1	NA19239_h1_HML-2_1p31.1a_graph_hgsvc3-2024-02-23-mc-chm13
1p31.1a	NA19239	h2	TypeI	1	NA19239_h2_HML-2_1p31.1a_graph_hgsvc3-2024-02-23-mc-chm13
1p31.1a	NA19240	mat	TypeI	1	NA19240_mat_hprc_r2_v1.0.1_HML-2_1p31.1a
1p31.1a	NA19240	pat	TypeI	1	NA19240_pat_hprc_r2_v1.0.1_HML-2_1p31.1a
1p31.1a	NA19317	h1	TypeI	1	NA19317_h1_HML-2_1p31.1a_graph_hgsvc3-2024-02-23-mc-chm13
1p31.1a	NA19317	h2	TypeI	1	NA19317_h2_HML-2_1p31.1a_graph_hgsvc3-2024-02-23-mc-chm13
1p31.1a	NA19331	h1	TypeI	1	NA19331_h1_HML-2_1p31.1a_graph_hgsvc3-2024-02-23-mc-chm13
1p31.1a	NA19331	h2	TypeI	1	NA19331_h2_HML-2_1p31.1a_graph_hgsvc3-2024-02-23-mc-chm13
1p31.1a	NA19338	h1	TypeI	1	NA19338_hap1_hprc_r2_v1.0.1_HML-2_1p31.1a
1p31.1a	NA19338	h2	TypeI	1	NA19338_hap2_hprc_r2_v1.0.1_HML-2_1p31.1a
1p31.1a	NA19347	h1	solo_LTR	1	NA19347_h1_HML-2_1p31.1a_graph_hgsvc3-2024-02-23-mc-chm13
1p31.1a	NA19347	h2	TypeI	1	NA19347_h2_HML-2_1p31.1a_graph_hgsvc3-2024-02-23-mc-chm13
1p31.1a	NA19384	h1	TypeI	1	NA19384_h1_HML-2_1p31.1a_graph_hgsvc3-2024-02-23-mc-chm13
1p31.1a	NA19384	h2	TypeI	1	NA19384_h2_HML-2_1p31.1a_graph_hgsvc3-2024-02-23-mc-chm13
1p31.1a	NA19391	h1	TypeI	1	NA19391_hap1_hprc_r2_v1.0.1_HML-2_1p31.1a
1p31.1a	NA19391	h2	TypeI	1	NA19391_hap2_hprc_r2_v1.0.1_HML-2_1p31.1a
1p31.1a	NA19434	h1	TypeI	1	NA19434_h1_HML-2_1p31.1a_graph_hgsvc3-2024-02-23-mc-chm13
1p31.1a	NA19434	h2	TypeI	1	NA19434_h2_HML-2_1p31.1a_graph_hgsvc3-2024-02-23-mc-chm13
1p31.1a	NA19443	h1	solo_LTR	1	NA19443_hap1_hprc_r2_v1.0.1_HML-2_1p31.1a
1p31.1a	NA19443	h2	solo_LTR	1	NA19443_hap2_hprc_r2_v1.0.1_HML-2_1p31.1a
1p31.1a	NA19468	h1	solo_LTR	1	NA19468_hap1_hprc_r2_v1.0.1_HML-2_1p31.1a
1p31.1a	NA19468	h2	TypeI	1	NA19468_hap2_hprc_r2_v1.0.1_HML-2_1p31.1a
1p31.1a	NA19650	h1	TypeI	1	NA19650_h1_HML-2_1p31.1a_graph_hgsvc3-2024-02-23-mc-chm13
1p31.1a	NA19650	h2	TypeI	1	NA19650_h2_HML-2_1p31.1a_graph_hgsvc3-2024-02-23-mc-chm13
1p31.1a	NA19682	h1	TypeI	1	NA19682_hap1_hprc_r2_v1.0.1_HML-2_1p31.1a
1p31.1a	NA19682	h2	TypeI	1	NA19682_hap2_hprc_r2_v1.0.1_HML-2_1p31.1a
1p31.1a	NA19700	h1	TypeI	1	NA19700_hap1_hprc_r2_v1.0.1_HML-2_1p31.1a
1p31.1a	NA19700	h2	solo_LTR	1	NA19700_hap2_hprc_r2_v1.0.1_HML-2_1p31.1a
1p31.1a	NA19705	h1	TypeI	1	NA19705_h1_HML-2_1p31.1a_graph_hgsvc3-2024-02-23-mc-chm13
1p31.1a	NA19705	h2	solo_LTR	1	NA19705_h2_HML-2_1p31.1a_graph_hgsvc3-2024-02-23-mc-chm13
1p31.1a	NA19776	h1	TypeI	1	NA19776_hap1_hprc_r2_v1.0.1_HML-2_1p31.1a
1p31.1a	NA19776	h2	TypeI	1	NA19776_hap2_hprc_r2_v1.0.1_HML-2_1p31.1a
1p31.1a	NA19835	h1	TypeI	1	NA19835_hap1_hprc_r2_v1.0.1_HML-2_1p31.1a
1p31.1a	NA19835	h2	TypeI	1	NA19835_hap2_hprc_r2_v1.0.1_HML-2_1p31.1a
1p31.1a	NA19836	h1	TypeI	1	NA19836_h1_HML-2_1p31.1a_graph_hgsvc3-2024-02-23-mc-chm13
1p31.1a	NA19836	h2	solo_LTR	1	NA19836_h2_HML-2_1p31.1a_graph_hgsvc3-2024-02-23-mc-chm13
1p31.1a	NA19909	h1	TypeI	1	NA19909_hap1_hprc_r2_v1.0.1_HML-2_1p31.1a
1p31.1a	NA19909	h2	solo_LTR	1	NA19909_hap2_hprc_r2_v1.0.1_HML-2_1p31.1a
1p31.1a	NA19983	h1	TypeI	1	NA19983_h1_HML-2_1p31.1a_graph_hgsvc3-2024-02-23-mc-chm13
1p31.1a	NA19983	h2	TypeI	1	NA19983_h2_HML-2_1p31.1a_graph_hgsvc3-2024-02-23-mc-chm13
1p31.1a	NA20129	mat	solo_LTR	1	NA20129_mat_hprc_r2_v1.0.1_HML-2_1p31.1a
1p31.1a	NA20129	pat	TypeI	1	NA20129_pat_hprc_r2_v1.0.1_HML-2_1p31.1a
1p31.1a	NA20282	h1	TypeI	1	NA20282_hap1_hprc_r2_v1.0.1_HML-2_1p31.1a
1p31.1a	NA20282	h2	TypeI	1	NA20282_hap2_hprc_r2_v1.0.1_HML-2_1p31.1a
1p31.1a	NA20346	h1	TypeI	1	NA20346_hap1_hprc_r2_v1.0.1_HML-2_1p31.1a
1p31.1a	NA20346	h2	solo_LTR	1	NA20346_hap2_hprc_r2_v1.0.1_HML-2_1p31.1a
1p31.1a	NA20355	h1	TypeI	1	NA20355_h1_HML-2_1p31.1a_graph_hgsvc3-2024-02-23-mc-chm13
1p31.1a	NA20355	h2	solo_LTR	1	NA20355_h2_HML-2_1p31.1a_graph_hgsvc3-2024-02-23-mc-chm13
1p31.1a	NA20503	h1	TypeI	1	NA20503_hap1_hprc_r2_v1.0.1_HML-2_1p31.1a
1p31.1a	NA20503	h2	TypeI	1	NA20503_hap2_hprc_r2_v1.0.1_HML-2_1p31.1a
1p31.1a	NA20509	h1	TypeI	1	NA20509_h1_HML-2_1p31.1a_graph_hgsvc3-2024-02-23-mc-chm13
1p31.1a	NA20509	h2	TypeI	1	NA20509_h2_HML-2_1p31.1a_graph_hgsvc3-2024-02-23-mc-chm13
1p31.1a	NA20752	h1	TypeI	1	NA20752_hap1_hprc_r2_v1.0.1_HML-2_1p31.1a
1p31.1a	NA20752	h2	TypeI	1	NA20752_hap2_hprc_r2_v1.0.1_HML-2_1p31.1a
1p31.1a	NA20762	h1	TypeI	1	NA20762_hap1_hprc_r2_v1.0.1_HML-2_1p31.1a
1p31.1a	NA20762	h2	TypeI	1	NA20762_hap2_hprc_r2_v1.0.1_HML-2_1p31.1a
1p31.1a	NA20799	h1	TypeI	1	NA20799_hap1_hprc_r2_v1.0.1_HML-2_1p31.1a
1p31.1a	NA20799	h2	TypeI	1	NA20799_hap2_hprc_r2_v1.0.1_HML-2_1p31.1a
1p31.1a	NA20805	h1	TypeI	1	NA20805_hap1_hprc_r2_v1.0.1_HML-2_1p31.1a
1p31.1a	NA20805	h2	TypeI	1	NA20805_hap2_hprc_r2_v1.0.1_HML-2_1p31.1a
1p31.1a	NA20806	h1	TypeI	1	NA20806_hap1_hprc_r2_v1.0.1_HML-2_1p31.1a
1p31.1a	NA20806	h2	TypeI	1	NA20806_hap2_hprc_r2_v1.0.1_HML-2_1p31.1a
1p31.1a	NA20809	h1	TypeI	1	NA20809_hap1_hprc_r2_v1.0.1_HML-2_1p31.1a
1p31.1a	NA20809	h2	TypeI	1	NA20809_hap2_hprc_r2_v1.0.1_HML-2_1p31.1a
1p31.1a	NA20827	h1	TypeI	1	NA20827_hap1_hprc_r2_v1.0.1_HML-2_1p31.1a
1p31.1a	NA20827	h2	TypeI	1	NA20827_hap2_hprc_r2_v1.0.1_HML-2_1p31.1a
1p31.1a	NA20847	h1	TypeI	1	NA20847_h1_HML-2_1p31.1a_graph_hgsvc3-2024-02-23-mc-chm13
1p31.1a	NA20847	h2	TypeI	1	NA20847_h2_HML-2_1p31.1a_graph_hgsvc3-2024-02-23-mc-chm13
1p31.1a	NA20850	h1	TypeI	1	NA20850_hap1_hprc_r2_v1.0.1_HML-2_1p31.1a
1p31.1a	NA20850	h2	TypeI	1	NA20850_hap2_hprc_r2_v1.0.1_HML-2_1p31.1a
1p31.1a	NA20870	h1	TypeI	1	NA20870_hap1_hprc_r2_v1.0.1_HML-2_1p31.1a
1p31.1a	NA20870	h2	TypeI	1	NA20870_hap2_hprc_r2_v1.0.1_HML-2_1p31.1a
1p31.1a	NA20905	h1	TypeI	1	NA20905_hap1_hprc_r2_v1.0.1_HML-2_1p31.1a
1p31.1a	NA20905	h2	TypeI	1	NA20905_hap2_hprc_r2_v1.0.1_HML-2_1p31.1a
1p31.1a	NA21093	h1	TypeI	1	NA21093_hap1_hprc_r2_v1.0.1_HML-2_1p31.1a
1p31.1a	NA21093	h2	TypeI	1	NA21093_hap2_hprc_r2_v1.0.1_HML-2_1p31.1a
1p31.1a	NA21102	h1	TypeI	1	NA21102_hap1_hprc_r2_v1.0.1_HML-2_1p31.1a
1p31.1a	NA21102	h2	TypeI	1	NA21102_hap2_hprc_r2_v1.0.1_HML-2_1p31.1a
1p31.1a	NA21106	h1	TypeI	1	NA21106_hap1_hprc_r2_v1.0.1_HML-2_1p31.1a
1p31.1a	NA21106	h2	TypeI	1	NA21106_hap2_hprc_r2_v1.0.1_HML-2_1p31.1a
1p31.1a	NA21110	h1	TypeI	1	NA21110_hap1_hprc_r2_v1.0.1_HML-2_1p31.1a
1p31.1a	NA21110	h2	TypeI	1	NA21110_hap2_hprc_r2_v1.0.1_HML-2_1p31.1a
1p31.1a	NA21144	h1	TypeI	1	NA21144_hap1_hprc_r2_v1.0.1_HML-2_1p31.1a
1p31.1a	NA21144	h2	TypeI	1	NA21144_hap2_hprc_r2_v1.0.1_HML-2_1p31.1a
1p31.1a	NA21309	mat	TypeI	1	NA21309_mat_hprc_r2_v1.0.1_HML-2_1p31.1a
1p31.1a	NA21309	pat	solo_LTR	1	NA21309_pat_hprc_r2_v1.0.1_HML-2_1p31.1a
1p31.1a	NA21487	h1	TypeI	1	NA21487_h1_HML-2_1p31.1a_graph_hgsvc3-2024-02-23-mc-chm13
1p31.1a	NA21487	h2	TypeI	1	NA21487_h2_HML-2_1p31.1a_graph_hgsvc3-2024-02-23-mc-chm13
1p31.1a	NA24385	h1	TypeI	1	NA24385_h1_HML-2_1p31.1a_graph_hgsvc3-2024-02-23-mc-chm13
1p31.1a	NA24385	h2	TypeI	1	NA24385_h2_HML-2_1p31.1a_graph_hgsvc3-2024-02-23-mc-chm13
1p31.1b	HG00096	h1	TypeI	1	HG00096_h1_HML-2_1p31.1b_graph_hgsvc3-2024-02-23-mc-chm13
1p31.1b	HG00096	h2	solo_LTR	1	HG00096_h2_HML-2_1p31.1b_graph_hgsvc3-2024-02-23-mc-chm13
1p31.1b	HG00097	h1	solo_LTR	1	HG00097_hap1_hprc_r2_v1.0.1_HML-2_1p31.1b
1p31.1b	HG00097	h2	solo_LTR	1	HG00097_hap2_hprc_r2_v1.0.1_HML-2_1p31.1b
1p31.1b	HG00099	h1	solo_LTR	1	HG00099_hap1_hprc_r2_v1.0.1_HML-2_1p31.1b
1p31.1b	HG00099	h2	TypeI	1	HG00099_hap2_hprc_r2_v1.0.1_HML-2_1p31.1b
1p31.1b	HG00126	h1	solo_LTR	1	HG00126_hap1_hprc_r2_v1.0.1_HML-2_1p31.1b
1p31.1b	HG00126	h2	TypeI	1	HG00126_hap2_hprc_r2_v1.0.1_HML-2_1p31.1b
1p31.1b	HG00128	h1	solo_LTR	1	HG00128_hap1_hprc_r2_v1.0.1_HML-2_1p31.1b
1p31.1b	HG00128	h2	TypeI	1	HG00128_hap2_hprc_r2_v1.0.1_HML-2_1p31.1b
1p31.1b	HG00133	h1	solo_LTR	1	HG00133_hap1_hprc_r2_v1.0.1_HML-2_1p31.1b
1p31.1b	HG00133	h2	solo_LTR	1	HG00133_hap2_hprc_r2_v1.0.1_HML-2_1p31.1b
1p31.1b	HG00140	h1	solo_LTR	1	HG00140_hap1_hprc_r2_v1.0.1_HML-2_1p31.1b
1p31.1b	HG00140	h2	solo_LTR	1	HG00140_hap2_hprc_r2_v1.0.1_HML-2_1p31.1b
1p31.1b	HG00146	h1	solo_LTR	1	HG00146_hap1_hprc_r2_v1.0.1_HML-2_1p31.1b
1p31.1b	HG00146	h2	solo_LTR	1	HG00146_hap2_hprc_r2_v1.0.1_HML-2_1p31.1b
1p31.1b	HG00171	h1	solo_LTR	1	HG00171_h1_HML-2_1p31.1b_graph_hgsvc3-2024-02-23-mc-chm13
1p31.1b	HG00171	h2	solo_LTR	1	HG00171_h2_HML-2_1p31.1b_graph_hgsvc3-2024-02-23-mc-chm13
1p31.1b	HG00232	h1	solo_LTR	1	HG00232_hap1_hprc_r2_v1.0.1_HML-2_1p31.1b
1p31.1b	HG00232	h2	solo_LTR	1	HG00232_hap2_hprc_r2_v1.0.1_HML-2_1p31.1b
1p31.1b	HG00235	h1	solo_LTR	1	HG00235_hap1_hprc_r2_v1.0.1_HML-2_1p31.1b
1p31.1b	HG00235	h2	solo_LTR	1	HG00235_hap2_hprc_r2_v1.0.1_HML-2_1p31.1b
1p31.1b	HG00253	h1	TypeI	1	HG00253_hap1_hprc_r2_v1.0.1_HML-2_1p31.1b
1p31.1b	HG00253	h2	TypeI	1	HG00253_hap2_hprc_r2_v1.0.1_HML-2_1p31.1b
1p31.1b	HG00268	h1	solo_LTR	1	HG00268_h1_HML-2_1p31.1b_graph_hgsvc3-2024-02-23-mc-chm13
1p31.1b	HG00268	h2	solo_LTR	1	HG00268_h2_HML-2_1p31.1b_graph_hgsvc3-2024-02-23-mc-chm13
1p31.1b	HG00272	h1	solo_LTR	1	HG00272_hap1_hprc_r2_v1.0.1_HML-2_1p31.1b
1p31.1b	HG00272	h2	solo_LTR	1	HG00272_hap2_hprc_r2_v1.0.1_HML-2_1p31.1b
1p31.1b	HG00280	h1	TypeI	1	HG00280_hap1_hprc_r2_v1.0.1_HML-2_1p31.1b
1p31.1b	HG00280	h2	TypeI	1	HG00280_hap2_hprc_r2_v1.0.1_HML-2_1p31.1b
1p31.1b	HG00290	h1	solo_LTR	1	HG00290_hap1_hprc_r2_v1.0.1_HML-2_1p31.1b
1p31.1b	HG00290	h2	TypeI	1	HG00290_hap2_hprc_r2_v1.0.1_HML-2_1p31.1b
1p31.1b	HG00320	h1	solo_LTR	1	HG00320_hap1_hprc_r2_v1.0.1_HML-2_1p31.1b
1p31.1b	HG00320	h2	TypeI	1	HG00320_hap2_hprc_r2_v1.0.1_HML-2_1p31.1b
1p31.1b	HG00321	h1	TypeI	1	HG00321_hap1_hprc_r2_v1.0.1_HML-2_1p31.1b
1p31.1b	HG00321	h2	solo_LTR	1	HG00321_hap2_hprc_r2_v1.0.1_HML-2_1p31.1b
1p31.1b	HG00323	h1	TypeI	1	HG00323_hap1_hprc_r2_v1.0.1_HML-2_1p31.1b
1p31.1b	HG00323	h2	solo_LTR	1	HG00323_hap2_hprc_r2_v1.0.1_HML-2_1p31.1b
1p31.1b	HG00329	h1	TypeI	4	HG00329_hap1_hprc_r2_v1.0.1_HML-2_1p31.1b_MULTI_part1|HG00329_hap1_hprc_r2_v1.0.1_HML-2_1p31.1b_MULTI_part2|HG00329_hap1_hprc_r2_v1.0.1_HML-2_1p31.1b_MULTI_part3|HG00329_hap1_hprc_r2_v1.0.1_HML-2_1p31.1b_MULTI_part4
1p31.1b	HG00329	h2	TypeI	1	HG00329_hap2_hprc_r2_v1.0.1_HML-2_1p31.1b
1p31.1b	HG00344	h1	solo_LTR	1	HG00344_hap1_hprc_r2_v1.0.1_HML-2_1p31.1b
1p31.1b	HG00344	h2	solo_LTR	1	HG00344_hap2_hprc_r2_v1.0.1_HML-2_1p31.1b
1p31.1b	HG00350	h1	solo_LTR	1	HG00350_hap1_hprc_r2_v1.0.1_HML-2_1p31.1b
1p31.1b	HG00350	h2	solo_LTR	1	HG00350_hap2_hprc_r2_v1.0.1_HML-2_1p31.1b
1p31.1b	HG00358	h1	solo_LTR	1	HG00358_h1_HML-2_1p31.1b_graph_hgsvc3-2024-02-23-mc-chm13
1p31.1b	HG00358	h2	solo_LTR	1	HG00358_h2_HML-2_1p31.1b_graph_hgsvc3-2024-02-23-mc-chm13
1p31.1b	HG00408	mat	solo_LTR	1	HG00408_mat_hprc_r2_v1.0.1_HML-2_1p31.1b
1p31.1b	HG00408	pat	solo_LTR	1	HG00408_pat_hprc_r2_v1.0.1_HML-2_1p31.1b
1p31.1b	HG00423	mat	solo_LTR	1	HG00423_mat_hprc_r2_v1.0.1_HML-2_1p31.1b
1p31.1b	HG00423	pat	solo_LTR	1	HG00423_pat_hprc_r2_v1.0.1_HML-2_1p31.1b
1p31.1b	HG00438	mat	solo_LTR	1	HG00438_mat_hprc_r2_v1.0.1_HML-2_1p31.1b
1p31.1b	HG00438	pat	solo_LTR	1	HG00438_pat_hprc_r2_v1.0.1_HML-2_1p31.1b
1p31.1b	HG005	mat	solo_LTR	1	HG005_mat_hprc_r2_v1.0.1_HML-2_1p31.1b
1p31.1b	HG005	pat	solo_LTR	1	HG005_pat_hprc_r2_v1.0.1_HML-2_1p31.1b
1p31.1b	HG00512	h1	solo_LTR	1	HG00512_h1_HML-2_1p31.1b_graph_hgsvc3-2024-02-23-mc-chm13
1p31.1b	HG00512	h2	solo_LTR	1	HG00512_h2_HML-2_1p31.1b_graph_hgsvc3-2024-02-23-mc-chm13
1p31.1b	HG00513	h1	solo_LTR	1	HG00513_h1_HML-2_1p31.1b_graph_hgsvc3-2024-02-23-mc-chm13
1p31.1b	HG00513	h2	solo_LTR	1	HG00513_h2_HML-2_1p31.1b_graph_hgsvc3-2024-02-23-mc-chm13
1p31.1b	HG00514	h1	solo_LTR	1	HG00514_h1_HML-2_1p31.1b_graph_hgsvc3-2024-02-23-mc-chm13
1p31.1b	HG00514	h2	solo_LTR	1	HG00514_h2_HML-2_1p31.1b_graph_hgsvc3-2024-02-23-mc-chm13
1p31.1b	HG00544	mat	solo_LTR	1	HG00544_mat_hprc_r2_v1.0.1_HML-2_1p31.1b
1p31.1b	HG00544	pat	solo_LTR	1	HG00544_pat_hprc_r2_v1.0.1_HML-2_1p31.1b
1p31.1b	HG00558	mat	solo_LTR	1	HG00558_mat_hprc_r2_v1.0.1_HML-2_1p31.1b
1p31.1b	HG00558	pat	solo_LTR	1	HG00558_pat_hprc_r2_v1.0.1_HML-2_1p31.1b
1p31.1b	HG00597	mat	solo_LTR	1	HG00597_mat_hprc_r2_v1.0.1_HML-2_1p31.1b
1p31.1b	HG00597	pat	solo_LTR	1	HG00597_pat_hprc_r2_v1.0.1_HML-2_1p31.1b
1p31.1b	HG00609	mat	solo_LTR	1	HG00609_mat_hprc_r2_v1.0.1_HML-2_1p31.1b
1p31.1b	HG00609	pat	solo_LTR	1	HG00609_pat_hprc_r2_v1.0.1_HML-2_1p31.1b
1p31.1b	HG00621	mat	solo_LTR	1	HG00621_mat_hprc_r2_v1.0.1_HML-2_1p31.1b
1p31.1b	HG00621	pat	solo_LTR	1	HG00621_pat_hprc_r2_v1.0.1_HML-2_1p31.1b
1p31.1b	HG00639	mat	solo_LTR	1	HG00639_mat_hprc_r2_v1.0.1_HML-2_1p31.1b
1p31.1b	HG00639	pat	TypeI	1	HG00639_pat_hprc_r2_v1.0.1_HML-2_1p31.1b
1p31.1b	HG00642	mat	solo_LTR	1	HG00642_mat_hprc_r2_v1.0.1_HML-2_1p31.1b
1p31.1b	HG00642	pat	solo_LTR	1	HG00642_pat_hprc_r2_v1.0.1_HML-2_1p31.1b
1p31.1b	HG00658	mat	solo_LTR	1	HG00658_mat_hprc_r2_v1.0.1_HML-2_1p31.1b
1p31.1b	HG00658	pat	solo_LTR	1	HG00658_pat_hprc_r2_v1.0.1_HML-2_1p31.1b
1p31.1b	HG00673	mat	solo_LTR	1	HG00673_mat_hprc_r2_v1.0.1_HML-2_1p31.1b
1p31.1b	HG00673	pat	solo_LTR	1	HG00673_pat_hprc_r2_v1.0.1_HML-2_1p31.1b
1p31.1b	HG00706	mat	solo_LTR	1	HG00706_mat_hprc_r2_v1.0.1_HML-2_1p31.1b
1p31.1b	HG00706	pat	solo_LTR	1	HG00706_pat_hprc_r2_v1.0.1_HML-2_1p31.1b
1p31.1b	HG00731	h1	solo_LTR	1	HG00731_h1_HML-2_1p31.1b_graph_hgsvc3-2024-02-23-mc-chm13
1p31.1b	HG00731	h2	solo_LTR	1	HG00731_h2_HML-2_1p31.1b_graph_hgsvc3-2024-02-23-mc-chm13
1p31.1b	HG00732	h1	solo_LTR	1	HG00732_h1_HML-2_1p31.1b_graph_hgsvc3-2024-02-23-mc-chm13
1p31.1b	HG00732	h2	solo_LTR	1	HG00732_h2_HML-2_1p31.1b_graph_hgsvc3-2024-02-23-mc-chm13
1p31.1b	HG00733	mat	solo_LTR	1	HG00733_mat_hprc_r2_v1.0.1_HML-2_1p31.1b
1p31.1b	HG00733	pat	solo_LTR	1	HG00733_pat_hprc_r2_v1.0.1_HML-2_1p31.1b
1p31.1b	HG00735	mat	TypeI	1	HG00735_mat_hprc_r2_v1.0.1_HML-2_1p31.1b
1p31.1b	HG00735	pat	solo_LTR	1	HG00735_pat_hprc_r2_v1.0.1_HML-2_1p31.1b
1p31.1b	HG00738	mat	solo_LTR	1	HG00738_mat_hprc_r2_v1.0.1_HML-2_1p31.1b
1p31.1b	HG00738	pat	solo_LTR	1	HG00738_pat_hprc_r2_v1.0.1_HML-2_1p31.1b
1p31.1b	HG00741	mat	solo_LTR	1	HG00741_mat_hprc_r2_v1.0.1_HML-2_1p31.1b
1p31.1b	HG00741	pat	solo_LTR	1	HG00741_pat_hprc_r2_v1.0.1_HML-2_1p31.1b
1p31.1b	HG00864	h1	solo_LTR	1	HG00864_h1_HML-2_1p31.1b_graph_hgsvc3-2024-02-23-mc-chm13
1p31.1b	HG00864	h2	solo_LTR	1	HG00864_h2_HML-2_1p31.1b_graph_hgsvc3-2024-02-23-mc-chm13
1p31.1b	HG01071	mat	solo_LTR	1	HG01071_mat_hprc_r2_v1.0.1_HML-2_1p31.1b
1p31.1b	HG01071	pat	TypeI	1	HG01071_pat_hprc_r2_v1.0.1_HML-2_1p31.1b
1p31.1b	HG01074	mat	solo_LTR	1	HG01074_mat_hprc_r2_v1.0.1_HML-2_1p31.1b
1p31.1b	HG01074	pat	solo_LTR	1	HG01074_pat_hprc_r2_v1.0.1_HML-2_1p31.1b
1p31.1b	HG01081	mat	TypeI	1	HG01081_mat_hprc_r2_v1.0.1_HML-2_1p31.1b
1p31.1b	HG01081	pat	solo_LTR	1	HG01081_pat_hprc_r2_v1.0.1_HML-2_1p31.1b
1p31.1b	HG01099	mat	TypeI	1	HG01099_mat_hprc_r2_v1.0.1_HML-2_1p31.1b
1p31.1b	HG01099	pat	solo_LTR	1	HG01099_pat_hprc_r2_v1.0.1_HML-2_1p31.1b
1p31.1b	HG01106	mat	solo_LTR	1	HG01106_mat_hprc_r2_v1.0.1_HML-2_1p31.1b
1p31.1b	HG01106	pat	solo_LTR	1	HG01106_pat_hprc_r2_v1.0.1_HML-2_1p31.1b
1p31.1b	HG01109	mat	solo_LTR	1	HG01109_mat_hprc_r2_v1.0.1_HML-2_1p31.1b
1p31.1b	HG01109	pat	TypeI	1	HG01109_pat_hprc_r2_v1.0.1_HML-2_1p31.1b
1p31.1b	HG01114	h1	solo_LTR	1	HG01114_h1_HML-2_1p31.1b_graph_hgsvc3-2024-02-23-mc-chm13
1p31.1b	HG01114	h2	solo_LTR	1	HG01114_h2_HML-2_1p31.1b_graph_hgsvc3-2024-02-23-mc-chm13
1p31.1b	HG01123	mat	TypeI	1	HG01123_mat_hprc_r2_v1.0.1_HML-2_1p31.1b
1p31.1b	HG01123	pat	TypeI	1	HG01123_pat_hprc_r2_v1.0.1_HML-2_1p31.1b
1p31.1b	HG01150	mat	solo_LTR	1	HG01150_mat_hprc_r2_v1.0.1_HML-2_1p31.1b
1p31.1b	HG01150	pat	TypeI	1	HG01150_pat_hprc_r2_v1.0.1_HML-2_1p31.1b
1p31.1b	HG01167	h1	solo_LTR	1	HG01167_hap1_hprc_r2_v1.0.1_HML-2_1p31.1b
1p31.1b	HG01167	h2	TypeI	3	HG01167_hap2_hprc_r2_v1.0.1_HML-2_1p31.1b_MULTI_part1|HG01167_hap2_hprc_r2_v1.0.1_HML-2_1p31.1b_MULTI_part2|HG01167_hap2_hprc_r2_v1.0.1_HML-2_1p31.1b_MULTI_part3
1p31.1b	HG01175	mat	TypeI	1	HG01175_mat_hprc_r2_v1.0.1_HML-2_1p31.1b
1p31.1b	HG01175	pat	solo_LTR	1	HG01175_pat_hprc_r2_v1.0.1_HML-2_1p31.1b
1p31.1b	HG01192	mat	solo_LTR	1	HG01192_mat_hprc_r2_v1.0.1_HML-2_1p31.1b
1p31.1b	HG01192	pat	solo_LTR	1	HG01192_pat_hprc_r2_v1.0.1_HML-2_1p31.1b
1p31.1b	HG01243	mat	solo_LTR	1	HG01243_mat_hprc_r2_v1.0.1_HML-2_1p31.1b
1p31.1b	HG01243	pat	TypeI	1	HG01243_pat_hprc_r2_v1.0.1_HML-2_1p31.1b
1p31.1b	HG01252	mat	TypeI	1	HG01252_mat_hprc_r2_v1.0.1_HML-2_1p31.1b
1p31.1b	HG01252	pat	TypeI	1	HG01252_pat_hprc_r2_v1.0.1_HML-2_1p31.1b
1p31.1b	HG01255	mat	TypeI	1	HG01255_mat_hprc_r2_v1.0.1_HML-2_1p31.1b
1p31.1b	HG01255	pat	solo_LTR	1	HG01255_pat_hprc_r2_v1.0.1_HML-2_1p31.1b
1p31.1b	HG01258	mat	solo_LTR	1	HG01258_mat_hprc_r2_v1.0.1_HML-2_1p31.1b
1p31.1b	HG01258	pat	TypeI	1	HG01258_pat_hprc_r2_v1.0.1_HML-2_1p31.1b
1p31.1b	HG01261	mat	solo_LTR	1	HG01261_mat_hprc_r2_v1.0.1_HML-2_1p31.1b
1p31.1b	HG01261	pat	solo_LTR	1	HG01261_pat_hprc_r2_v1.0.1_HML-2_1p31.1b
1p31.1b	HG01346	mat	solo_LTR	1	HG01346_mat_hprc_r2_v1.0.1_HML-2_1p31.1b
1p31.1b	HG01346	pat	TypeI	1	HG01346_pat_hprc_r2_v1.0.1_HML-2_1p31.1b
1p31.1b	HG01352	h1	solo_LTR	1	HG01352_h1_HML-2_1p31.1b_graph_hgsvc3-2024-02-23-mc-chm13
1p31.1b	HG01352	h2	TypeI	1	HG01352_h2_HML-2_1p31.1b_graph_hgsvc3-2024-02-23-mc-chm13
1p31.1b	HG01358	mat	solo_LTR	1	HG01358_mat_hprc_r2_v1.0.1_HML-2_1p31.1b
1p31.1b	HG01358	pat	solo_LTR	1	HG01358_pat_hprc_r2_v1.0.1_HML-2_1p31.1b
1p31.1b	HG01361	mat	TypeI	1	HG01361_mat_hprc_r2_v1.0.1_HML-2_1p31.1b
1p31.1b	HG01361	pat	solo_LTR	1	HG01361_pat_hprc_r2_v1.0.1_HML-2_1p31.1b
1p31.1b	HG01433	mat	solo_LTR	1	HG01433_mat_hprc_r2_v1.0.1_HML-2_1p31.1b
1p31.1b	HG01433	pat	TypeI	1	HG01433_pat_hprc_r2_v1.0.1_HML-2_1p31.1b
1p31.1b	HG01457	h1	solo_LTR	1	HG01457_h1_HML-2_1p31.1b_graph_hgsvc3-2024-02-23-mc-chm13
1p31.1b	HG01457	h2	solo_LTR	1	HG01457_h2_HML-2_1p31.1b_graph_hgsvc3-2024-02-23-mc-chm13
1p31.1b	HG01496	mat	TypeI	1	HG01496_mat_hprc_r2_v1.0.1_HML-2_1p31.1b
1p31.1b	HG01496	pat	TypeI	1	HG01496_pat_hprc_r2_v1.0.1_HML-2_1p31.1b
1p31.1b	HG01505	h1	solo_LTR	1	HG01505_h1_HML-2_1p31.1b_graph_hgsvc3-2024-02-23-mc-chm13
1p31.1b	HG01505	h2	solo_LTR	1	HG01505_h2_HML-2_1p31.1b_graph_hgsvc3-2024-02-23-mc-chm13
1p31.1b	HG01530	h1	TypeI	1	HG01530_hap1_hprc_r2_v1.0.1_HML-2_1p31.1b
1p31.1b	HG01530	h2	solo_LTR	1	HG01530_hap2_hprc_r2_v1.0.1_HML-2_1p31.1b
1p31.1b	HG01573	h1	TypeI	1	HG01573_h1_HML-2_1p31.1b_graph_hgsvc3-2024-02-23-mc-chm13
1p31.1b	HG01573	h2	solo_LTR	1	HG01573_h2_HML-2_1p31.1b_graph_hgsvc3-2024-02-23-mc-chm13
1p31.1b	HG01596	h1	solo_LTR	1	HG01596_h1_HML-2_1p31.1b_graph_hgsvc3-2024-02-23-mc-chm13
1p31.1b	HG01596	h2	solo_LTR	1	HG01596_h2_HML-2_1p31.1b_graph_hgsvc3-2024-02-23-mc-chm13
1p31.1b	HG01784	h1	TypeI	1	HG01784_hap1_hprc_r2_v1.0.1_HML-2_1p31.1b
1p31.1b	HG01784	h2	solo_LTR	1	HG01784_hap2_hprc_r2_v1.0.1_HML-2_1p31.1b
1p31.1b	HG01786	h1	TypeI	1	HG01786_hap1_hprc_r2_v1.0.1_HML-2_1p31.1b
1p31.1b	HG01786	h2	TypeI	1	HG01786_hap2_hprc_r2_v1.0.1_HML-2_1p31.1b
1p31.1b	HG01884	mat	solo_LTR	1	HG01884_mat_hprc_r2_v1.0.1_HML-2_1p31.1b
1p31.1b	HG01884	pat	solo_LTR	1	HG01884_pat_hprc_r2_v1.0.1_HML-2_1p31.1b
1p31.1b	HG01890	h1	TypeI	1	HG01890_h1_HML-2_1p31.1b_graph_hgsvc3-2024-02-23-mc-chm13
1p31.1b	HG01890	h2	solo_LTR	1	HG01890_h2_HML-2_1p31.1b_graph_hgsvc3-2024-02-23-mc-chm13
1p31.1b	HG01891	mat	solo_LTR	1	HG01891_mat_hprc_r2_v1.0.1_HML-2_1p31.1b
1p31.1b	HG01891	pat	solo_LTR	1	HG01891_pat_hprc_r2_v1.0.1_HML-2_1p31.1b
1p31.1b	HG01928	mat	solo_LTR	1	HG01928_mat_hprc_r2_v1.0.1_HML-2_1p31.1b
1p31.1b	HG01928	pat	solo_LTR	1	HG01928_pat_hprc_r2_v1.0.1_HML-2_1p31.1b
1p31.1b	HG01934	mat	solo_LTR	1	HG01934_mat_hprc_r2_v1.0.1_HML-2_1p31.1b
1p31.1b	HG01934	pat	solo_LTR	1	HG01934_pat_hprc_r2_v1.0.1_HML-2_1p31.1b
1p31.1b	HG01940	mat	solo_LTR	1	HG01940_mat_hprc_r2_v1.0.1_HML-2_1p31.1b
1p31.1b	HG01940	pat	solo_LTR	1	HG01940_pat_hprc_r2_v1.0.1_HML-2_1p31.1b
1p31.1b	HG01943	mat	solo_LTR	1	HG01943_mat_hprc_r2_v1.0.1_HML-2_1p31.1b
1p31.1b	HG01943	pat	solo_LTR	1	HG01943_pat_hprc_r2_v1.0.1_HML-2_1p31.1b
1p31.1b	HG01952	mat	solo_LTR	1	HG01952_mat_hprc_r2_v1.0.1_HML-2_1p31.1b
1p31.1b	HG01952	pat	solo_LTR	1	HG01952_pat_hprc_r2_v1.0.1_HML-2_1p31.1b
1p31.1b	HG01960	mat	solo_LTR	1	HG01960_mat_hprc_r2_v1.0.1_HML-2_1p31.1b
1p31.1b	HG01960	pat	solo_LTR	1	HG01960_pat_hprc_r2_v1.0.1_HML-2_1p31.1b
1p31.1b	HG01969	mat	TypeI	1	HG01969_mat_hprc_r2_v1.0.1_HML-2_1p31.1b
1p31.1b	HG01969	pat	TypeI	1	HG01969_pat_hprc_r2_v1.0.1_HML-2_1p31.1b
1p31.1b	HG01975	mat	solo_LTR	1	HG01975_mat_hprc_r2_v1.0.1_HML-2_1p31.1b
1p31.1b	HG01975	pat	solo_LTR	1	HG01975_pat_hprc_r2_v1.0.1_HML-2_1p31.1b
1p31.1b	HG01978	mat	solo_LTR	1	HG01978_mat_hprc_r2_v1.1.0_HML-2_1p31.1b
1p31.1b	HG01978	pat	TypeI	1	HG01978_pat_hprc_r2_v1.1.0_HML-2_1p31.1b
1p31.1b	HG01981	mat	TypeI	1	HG01981_mat_hprc_r2_v1.0.1_HML-2_1p31.1b
1p31.1b	HG01981	pat	solo_LTR	1	HG01981_pat_hprc_r2_v1.0.1_HML-2_1p31.1b
1p31.1b	HG01993	mat	solo_LTR	1	HG01993_mat_hprc_r2_v1.0.1_HML-2_1p31.1b
1p31.1b	HG01993	pat	solo_LTR	1	HG01993_pat_hprc_r2_v1.0.1_HML-2_1p31.1b
1p31.1b	HG02004	mat	TypeI	1	HG02004_mat_hprc_r2_v1.0.1_HML-2_1p31.1b
1p31.1b	HG02004	pat	solo_LTR	1	HG02004_pat_hprc_r2_v1.0.1_HML-2_1p31.1b
1p31.1b	HG02011	h1	solo_LTR	1	HG02011_h1_HML-2_1p31.1b_graph_hgsvc3-2024-02-23-mc-chm13
1p31.1b	HG02011	h2	TypeI	1	HG02011_h2_HML-2_1p31.1b_graph_hgsvc3-2024-02-23-mc-chm13
1p31.1b	HG02015	mat	solo_LTR	1	HG02015_mat_hprc_r2_v1.0.1_HML-2_1p31.1b
1p31.1b	HG02015	pat	solo_LTR	1	HG02015_pat_hprc_r2_v1.0.1_HML-2_1p31.1b
1p31.1b	HG02018	h1	solo_LTR	1	HG02018_h1_HML-2_1p31.1b_graph_hgsvc3-2024-02-23-mc-chm13
1p31.1b	HG02018	h2	solo_LTR	1	HG02018_h2_HML-2_1p31.1b_graph_hgsvc3-2024-02-23-mc-chm13
1p31.1b	HG02027	mat	solo_LTR	1	HG02027_mat_hprc_r2_v1.0.1_HML-2_1p31.1b
1p31.1b	HG02027	pat	solo_LTR	1	HG02027_pat_hprc_r2_v1.0.1_HML-2_1p31.1b
1p31.1b	HG02040	h1	solo_LTR	1	HG02040_hap1_hprc_r2_v1.0.1_HML-2_1p31.1b
1p31.1b	HG02040	h2	solo_LTR	1	HG02040_hap2_hprc_r2_v1.0.1_HML-2_1p31.1b
1p31.1b	HG02055	mat	solo_LTR	1	HG02055_mat_hprc_r2_v1.0.1_HML-2_1p31.1b
1p31.1b	HG02055	pat	solo_LTR	1	HG02055_pat_hprc_r2_v1.0.1_HML-2_1p31.1b
1p31.1b	HG02056	mat	solo_LTR	1	HG02056_mat_hprc_r2_v1.0.1_HML-2_1p31.1b
1p31.1b	HG02056	pat	solo_LTR	1	HG02056_pat_hprc_r2_v1.0.1_HML-2_1p31.1b
1p31.1b	HG02059	h1	solo_LTR	1	HG02059_h1_HML-2_1p31.1b_graph_hgsvc3-2024-02-23-mc-chm13
1p31.1b	HG02059	h2	solo_LTR	1	HG02059_h2_HML-2_1p31.1b_graph_hgsvc3-2024-02-23-mc-chm13
1p31.1b	HG02071	mat	solo_LTR	1	HG02071_mat_hprc_r2_v1.0.1_HML-2_1p31.1b
1p31.1b	HG02071	pat	solo_LTR	1	HG02071_pat_hprc_r2_v1.0.1_HML-2_1p31.1b
1p31.1b	HG02074	mat	solo_LTR	1	HG02074_mat_hprc_r2_v1.0.1_HML-2_1p31.1b
1p31.1b	HG02074	pat	solo_LTR	1	HG02074_pat_hprc_r2_v1.0.1_HML-2_1p31.1b
1p31.1b	HG02080	mat	solo_LTR	1	HG02080_mat_hprc_r2_v1.0.1_HML-2_1p31.1b
1p31.1b	HG02080	pat	solo_LTR	1	HG02080_pat_hprc_r2_v1.0.1_HML-2_1p31.1b
1p31.1b	HG02083	mat	solo_LTR	1	HG02083_mat_hprc_r2_v1.0.1_HML-2_1p31.1b
1p31.1b	HG02083	pat	solo_LTR	1	HG02083_pat_hprc_r2_v1.0.1_HML-2_1p31.1b
1p31.1b	HG02106	h1	solo_LTR	1	HG02106_h1_HML-2_1p31.1b_graph_hgsvc3-2024-02-23-mc-chm13
1p31.1b	HG02106	h2	solo_LTR	1	HG02106_h2_HML-2_1p31.1b_graph_hgsvc3-2024-02-23-mc-chm13
1p31.1b	HG02109	mat	solo_LTR	1	HG02109_mat_hprc_r2_v1.0.1_HML-2_1p31.1b
1p31.1b	HG02109	pat	solo_LTR	1	HG02109_pat_hprc_r2_v1.0.1_HML-2_1p31.1b
1p31.1b	HG02129	mat	solo_LTR	1	HG02129_mat_hprc_r2_v1.0.1_HML-2_1p31.1b
1p31.1b	HG02129	pat	solo_LTR	1	HG02129_pat_hprc_r2_v1.0.1_HML-2_1p31.1b
1p31.1b	HG02132	mat	solo_LTR	1	HG02132_mat_hprc_r2_v1.0.1_HML-2_1p31.1b
1p31.1b	HG02132	pat	solo_LTR	1	HG02132_pat_hprc_r2_v1.0.1_HML-2_1p31.1b
1p31.1b	HG02135	mat	solo_LTR	1	HG02135_mat_hprc_r2_v1.0.1_HML-2_1p31.1b
1p31.1b	HG02135	pat	solo_LTR	1	HG02135_pat_hprc_r2_v1.0.1_HML-2_1p31.1b
1p31.1b	HG02145	mat	solo_LTR	1	HG02145_mat_hprc_r2_v1.0.1_HML-2_1p31.1b
1p31.1b	HG02145	pat	solo_LTR	1	HG02145_pat_hprc_r2_v1.0.1_HML-2_1p31.1b
1p31.1b	HG02148	mat	solo_LTR	1	HG02148_mat_hprc_r2_v1.0.1_HML-2_1p31.1b
1p31.1b	HG02148	pat	solo_LTR	1	HG02148_pat_hprc_r2_v1.0.1_HML-2_1p31.1b
1p31.1b	HG02155	h1	solo_LTR	1	HG02155_hap1_hprc_r2_v1.0.1_HML-2_1p31.1b
1p31.1b	HG02155	h2	solo_LTR	1	HG02155_hap2_hprc_r2_v1.0.1_HML-2_1p31.1b
1p31.1b	HG02165	h1	solo_LTR	1	HG02165_hap1_hprc_r2_v1.0.1_HML-2_1p31.1b
1p31.1b	HG02165	h2	solo_LTR	1	HG02165_hap2_hprc_r2_v1.0.1_HML-2_1p31.1b
1p31.1b	HG02178	h1	solo_LTR	1	HG02178_hap1_hprc_r2_v1.0.1_HML-2_1p31.1b
1p31.1b	HG02178	h2	solo_LTR	1	HG02178_hap2_hprc_r2_v1.0.1_HML-2_1p31.1b
1p31.1b	HG02257	mat	solo_LTR	1	HG02257_mat_hprc_r2_v1.1.0_HML-2_1p31.1b
1p31.1b	HG02257	pat	solo_LTR	1	HG02257_pat_hprc_r2_v1.1.0_HML-2_1p31.1b
1p31.1b	HG02258	mat	solo_LTR	1	HG02258_mat_hprc_r2_v1.0.1_HML-2_1p31.1b
1p31.1b	HG02258	pat	solo_LTR	1	HG02258_pat_hprc_r2_v1.0.1_HML-2_1p31.1b
1p31.1b	HG02273	h1	solo_LTR	1	HG02273_hap1_hprc_r2_v1.0.1_HML-2_1p31.1b
1p31.1b	HG02273	h2	solo_LTR	1	HG02273_hap2_hprc_r2_v1.0.1_HML-2_1p31.1b
1p31.1b	HG02280	mat	solo_LTR	1	HG02280_mat_hprc_r2_v1.0.1_HML-2_1p31.1b
1p31.1b	HG02280	pat	solo_LTR	1	HG02280_pat_hprc_r2_v1.0.1_HML-2_1p31.1b
1p31.1b	HG02282	h1	solo_LTR	1	HG02282_h1_HML-2_1p31.1b_graph_hgsvc3-2024-02-23-mc-chm13
1p31.1b	HG02282	h2	solo_LTR	1	HG02282_h2_HML-2_1p31.1b_graph_hgsvc3-2024-02-23-mc-chm13
1p31.1b	HG02293	mat	TypeI	1	HG02293_mat_hprc_r2_v1.0.1_HML-2_1p31.1b
1p31.1b	HG02293	pat	solo_LTR	1	HG02293_pat_hprc_r2_v1.0.1_HML-2_1p31.1b
1p31.1b	HG02300	mat	TypeI	1	HG02300_mat_hprc_r2_v1.0.1_HML-2_1p31.1b
1p31.1b	HG02300	pat	TypeI	1	HG02300_pat_hprc_r2_v1.0.1_HML-2_1p31.1b
1p31.1b	HG02391	h1	solo_LTR	1	HG02391_hap1_hprc_r2_v1.0.1_HML-2_1p31.1b
1p31.1b	HG02391	h2	solo_LTR	1	HG02391_hap2_hprc_r2_v1.0.1_HML-2_1p31.1b
1p31.1b	HG02392	h1	solo_LTR	1	HG02392_hap1_hprc_r2_v1.0.1_HML-2_1p31.1b
1p31.1b	HG02392	h2	solo_LTR	1	HG02392_hap2_hprc_r2_v1.0.1_HML-2_1p31.1b
1p31.1b	HG02451	mat	solo_LTR	1	HG02451_mat_hprc_r2_v1.0.1_HML-2_1p31.1b
1p31.1b	HG02451	pat	solo_LTR	1	HG02451_pat_hprc_r2_v1.0.1_HML-2_1p31.1b
1p31.1b	HG02486	mat	solo_LTR	1	HG02486_mat_hprc_r2_v1.0.1_HML-2_1p31.1b
1p31.1b	HG02486	pat	solo_LTR	1	HG02486_pat_hprc_r2_v1.0.1_HML-2_1p31.1b
1p31.1b	HG02492	h1	TypeI	1	HG02492_h1_HML-2_1p31.1b_graph_hgsvc3-2024-02-23-mc-chm13
1p31.1b	HG02492	h2	TypeI	1	HG02492_h2_HML-2_1p31.1b_graph_hgsvc3-2024-02-23-mc-chm13
1p31.1b	HG02514	mat	solo_LTR	1	HG02514_mat_hprc_r2_v1.0.1_HML-2_1p31.1b
1p31.1b	HG02514	pat	solo_LTR	1	HG02514_pat_hprc_r2_v1.0.1_HML-2_1p31.1b
1p31.1b	HG02523	mat	solo_LTR	1	HG02523_mat_hprc_r2_v1.0.1_HML-2_1p31.1b
1p31.1b	HG02523	pat	solo_LTR	1	HG02523_pat_hprc_r2_v1.0.1_HML-2_1p31.1b
1p31.1b	HG02554	h1	TypeI	1	HG02554_h1_HML-2_1p31.1b_graph_hgsvc3-2024-02-23-mc-chm13
1p31.1b	HG02554	h2	solo_LTR	1	HG02554_h2_HML-2_1p31.1b_graph_hgsvc3-2024-02-23-mc-chm13
1p31.1b	HG02559	mat	solo_LTR	1	HG02559_mat_hprc_r2_v1.0.1_HML-2_1p31.1b
1p31.1b	HG02559	pat	TypeI	1	HG02559_pat_hprc_r2_v1.0.1_HML-2_1p31.1b
1p31.1b	HG02572	mat	solo_LTR	1	HG02572_mat_hprc_r2_v1.0.1_HML-2_1p31.1b
1p31.1b	HG02572	pat	solo_LTR	1	HG02572_pat_hprc_r2_v1.0.1_HML-2_1p31.1b
1p31.1b	HG02583	h1	solo_LTR	1	HG02583_hap1_hprc_r2_v1.0.1_HML-2_1p31.1b
1p31.1b	HG02583	h2	solo_LTR	1	HG02583_hap2_hprc_r2_v1.0.1_HML-2_1p31.1b
1p31.1b	HG02587	h1	solo_LTR	1	HG02587_h1_HML-2_1p31.1b_graph_hgsvc3-2024-02-23-mc-chm13
1p31.1b	HG02587	h2	solo_LTR	1	HG02587_h2_HML-2_1p31.1b_graph_hgsvc3-2024-02-23-mc-chm13
1p31.1b	HG02602	mat	solo_LTR	1	HG02602_mat_hprc_r2_v1.0.1_HML-2_1p31.1b
1p31.1b	HG02602	pat	solo_LTR	1	HG02602_pat_hprc_r2_v1.0.1_HML-2_1p31.1b
1p31.1b	HG02615	mat	solo_LTR	1	HG02615_mat_hprc_r2_v1.0.1_HML-2_1p31.1b
1p31.1b	HG02615	pat	solo_LTR	1	HG02615_pat_hprc_r2_v1.0.1_HML-2_1p31.1b
1p31.1b	HG02622	mat	solo_LTR	1	HG02622_mat_hprc_r2_v1.0.1_HML-2_1p31.1b
1p31.1b	HG02622	pat	solo_LTR	1	HG02622_pat_hprc_r2_v1.0.1_HML-2_1p31.1b
1p31.1b	HG02630	mat	solo_LTR	1	HG02630_mat_hprc_r2_v1.0.1_HML-2_1p31.1b
1p31.1b	HG02630	pat	solo_LTR	1	HG02630_pat_hprc_r2_v1.0.1_HML-2_1p31.1b
1p31.1b	HG02647	mat	solo_LTR	1	HG02647_mat_hprc_r2_v1.0.1_HML-2_1p31.1b
1p31.1b	HG02647	pat	solo_LTR	1	HG02647_pat_hprc_r2_v1.0.1_HML-2_1p31.1b
1p31.1b	HG02666	h1	solo_LTR	1	HG02666_h1_HML-2_1p31.1b_graph_hgsvc3-2024-02-23-mc-chm13
1p31.1b	HG02666	h2	solo_LTR	1	HG02666_h2_HML-2_1p31.1b_graph_hgsvc3-2024-02-23-mc-chm13
1p31.1b	HG02668	mat	solo_LTR	1	HG02668_mat_hprc_r2_v1.0.1_HML-2_1p31.1b
1p31.1b	HG02668	pat	solo_LTR	1	HG02668_pat_hprc_r2_v1.0.1_HML-2_1p31.1b
1p31.1b	HG02698	mat	TypeI	1	HG02698_mat_hprc_r2_v1.0.1_HML-2_1p31.1b
1p31.1b	HG02698	pat	TypeI	1	HG02698_pat_hprc_r2_v1.0.1_HML-2_1p31.1b
1p31.1b	HG02717	mat	solo_LTR	1	HG02717_mat_hprc_r2_v1.0.1_HML-2_1p31.1b
1p31.1b	HG02717	pat	solo_LTR	1	HG02717_pat_hprc_r2_v1.0.1_HML-2_1p31.1b
1p31.1b	HG02723	mat	solo_LTR	1	HG02723_mat_hprc_r2_v1.0.1_HML-2_1p31.1b
1p31.1b	HG02723	pat	solo_LTR	1	HG02723_pat_hprc_r2_v1.0.1_HML-2_1p31.1b
1p31.1b	HG02735	mat	TypeI	1	HG02735_mat_hprc_r2_v1.0.1_HML-2_1p31.1b
1p31.1b	HG02735	pat	TypeI	1	HG02735_pat_hprc_r2_v1.0.1_HML-2_1p31.1b
1p31.1b	HG02738	mat	solo_LTR	1	HG02738_mat_hprc_r2_v1.0.1_HML-2_1p31.1b
1p31.1b	HG02738	pat	TypeI	1	HG02738_pat_hprc_r2_v1.0.1_HML-2_1p31.1b
1p31.1b	HG02769	h1	solo_LTR	1	HG02769_h1_HML-2_1p31.1b_graph_hgsvc3-2024-02-23-mc-chm13
1p31.1b	HG02769	h2	solo_LTR	1	HG02769_h2_HML-2_1p31.1b_graph_hgsvc3-2024-02-23-mc-chm13
1p31.1b	HG02809	mat	solo_LTR	1	HG02809_mat_hprc_r2_v1.0.1_HML-2_1p31.1b
1p31.1b	HG02809	pat	TypeI	1	HG02809_pat_hprc_r2_v1.0.1_HML-2_1p31.1b
1p31.1b	HG02818	mat	solo_LTR	1	HG02818_mat_hprc_r2_v1.0.1_HML-2_1p31.1b
1p31.1b	HG02818	pat	solo_LTR	1	HG02818_pat_hprc_r2_v1.0.1_HML-2_1p31.1b
1p31.1b	HG02841	mat	solo_LTR	1	HG02841_mat_hprc_r2_v1.0.1_HML-2_1p31.1b
1p31.1b	HG02841	pat	solo_LTR	1	HG02841_pat_hprc_r2_v1.0.1_HML-2_1p31.1b
1p31.1b	HG02886	mat	solo_LTR	1	HG02886_mat_hprc_r2_v1.0.1_HML-2_1p31.1b
1p31.1b	HG02886	pat	solo_LTR	1	HG02886_pat_hprc_r2_v1.0.1_HML-2_1p31.1b
1p31.1b	HG02922	h1	solo_LTR	1	HG02922_hap1_hprc_r2_v1.0.1_HML-2_1p31.1b
1p31.1b	HG02922	h2	solo_LTR	1	HG02922_hap2_hprc_r2_v1.0.1_HML-2_1p31.1b
1p31.1b	HG02953	h1	solo_LTR	1	HG02953_h1_HML-2_1p31.1b_graph_hgsvc3-2024-02-23-mc-chm13
1p31.1b	HG02953	h2	solo_LTR	1	HG02953_h2_HML-2_1p31.1b_graph_hgsvc3-2024-02-23-mc-chm13
1p31.1b	HG02965	h1	TypeI	1	HG02965_hap1_hprc_r2_v1.0.1_HML-2_1p31.1b
1p31.1b	HG02965	h2	solo_LTR	1	HG02965_hap2_hprc_r2_v1.0.1_HML-2_1p31.1b
1p31.1b	HG02976	h1	solo_LTR	1	HG02976_hap1_hprc_r2_v1.0.1_HML-2_1p31.1b
1p31.1b	HG02976	h2	solo_LTR	1	HG02976_hap2_hprc_r2_v1.0.1_HML-2_1p31.1b
1p31.1b	HG02984	mat	solo_LTR	1	HG02984_mat_hprc_r2_v1.0.1_HML-2_1p31.1b
1p31.1b	HG02984	pat	solo_LTR	1	HG02984_pat_hprc_r2_v1.0.1_HML-2_1p31.1b
1p31.1b	HG03009	h1	TypeI	3	HG03009_h1_HML-2_1p31.1b_graph_hgsvc3-2024-02-23-mc-chm13_MULTI_part1|HG03009_h1_HML-2_1p31.1b_graph_hgsvc3-2024-02-23-mc-chm13_MULTI_part2|HG03009_h1_HML-2_1p31.1b_graph_hgsvc3-2024-02-23-mc-chm13_MULTI_part3
1p31.1b	HG03009	h2	solo_LTR	1	HG03009_h2_HML-2_1p31.1b_graph_hgsvc3-2024-02-23-mc-chm13
1p31.1b	HG03017	mat	TypeI	1	HG03017_mat_hprc_r2_v1.0.1_HML-2_1p31.1b
1p31.1b	HG03017	pat	TypeI	3	HG03017_pat_hprc_r2_v1.0.1_HML-2_1p31.1b_MULTI_part1|HG03017_pat_hprc_r2_v1.0.1_HML-2_1p31.1b_MULTI_part2|HG03017_pat_hprc_r2_v1.0.1_HML-2_1p31.1b_MULTI_part3
1p31.1b	HG03041	mat	solo_LTR	1	HG03041_mat_hprc_r2_v1.0.1_HML-2_1p31.1b
1p31.1b	HG03041	pat	solo_LTR	1	HG03041_pat_hprc_r2_v1.0.1_HML-2_1p31.1b
1p31.1b	HG03050	mat	solo_LTR	1	HG03050_mat_hprc_r2_v1.0.1_HML-2_1p31.1b
1p31.1b	HG03050	pat	solo_LTR	1	HG03050_pat_hprc_r2_v1.0.1_HML-2_1p31.1b
1p31.1b	HG03065	h1	solo_LTR	1	HG03065_h1_HML-2_1p31.1b_graph_hgsvc3-2024-02-23-mc-chm13
1p31.1b	HG03065	h2	solo_LTR	1	HG03065_h2_HML-2_1p31.1b_graph_hgsvc3-2024-02-23-mc-chm13
1p31.1b	HG03098	mat	solo_LTR	1	HG03098_mat_hprc_r2_v1.0.1_HML-2_1p31.1b
1p31.1b	HG03098	pat	solo_LTR	1	HG03098_pat_hprc_r2_v1.0.1_HML-2_1p31.1b
1p31.1b	HG03130	h1	solo_LTR	1	HG03130_hap1_hprc_r2_v1.0.1_HML-2_1p31.1b
1p31.1b	HG03130	h2	solo_LTR	1	HG03130_hap2_hprc_r2_v1.0.1_HML-2_1p31.1b
1p31.1b	HG03139	h1	solo_LTR	1	HG03139_hap1_hprc_r2_v1.0.1_HML-2_1p31.1b
1p31.1b	HG03139	h2	solo_LTR	1	HG03139_hap2_hprc_r2_v1.0.1_HML-2_1p31.1b
1p31.1b	HG03195	h1	solo_LTR	1	HG03195_hap1_hprc_r2_v1.0.1_HML-2_1p31.1b
1p31.1b	HG03195	h2	solo_LTR	1	HG03195_hap2_hprc_r2_v1.0.1_HML-2_1p31.1b
1p31.1b	HG03209	h1	TypeI	1	HG03209_hap1_hprc_r2_v1.0.1_HML-2_1p31.1b
1p31.1b	HG03209	h2	solo_LTR	1	HG03209_hap2_hprc_r2_v1.0.1_HML-2_1p31.1b
1p31.1b	HG03225	h1	solo_LTR	1	HG03225_hap1_hprc_r2_v1.0.1_HML-2_1p31.1b
1p31.1b	HG03225	h2	solo_LTR	1	HG03225_hap2_hprc_r2_v1.0.1_HML-2_1p31.1b
1p31.1b	HG03239	mat	solo_LTR	1	HG03239_mat_hprc_r2_v1.0.1_HML-2_1p31.1b
1p31.1b	HG03239	pat	solo_LTR	1	HG03239_pat_hprc_r2_v1.0.1_HML-2_1p31.1b
1p31.1b	HG03248	h1	solo_LTR	1	HG03248_h1_HML-2_1p31.1b_graph_hgsvc3-2024-02-23-mc-chm13
1p31.1b	HG03248	h2	solo_LTR	1	HG03248_h2_HML-2_1p31.1b_graph_hgsvc3-2024-02-23-mc-chm13
1p31.1b	HG03270	h1	TypeI	1	HG03270_hap1_hprc_r2_v1.0.1_HML-2_1p31.1b
1p31.1b	HG03270	h2	solo_LTR	1	HG03270_hap2_hprc_r2_v1.0.1_HML-2_1p31.1b
1p31.1b	HG03369	h1	solo_LTR	1	HG03369_hap1_hprc_r2_v1.0.1_HML-2_1p31.1b
1p31.1b	HG03369	h2	solo_LTR	1	HG03369_hap2_hprc_r2_v1.0.1_HML-2_1p31.1b
1p31.1b	HG03371	h1	solo_LTR	1	HG03371_h1_HML-2_1p31.1b_graph_hgsvc3-2024-02-23-mc-chm13
1p31.1b	HG03371	h2	solo_LTR	1	HG03371_h2_HML-2_1p31.1b_graph_hgsvc3-2024-02-23-mc-chm13
1p31.1b	HG03452	h1	solo_LTR	1	HG03452_h1_HML-2_1p31.1b_graph_hgsvc3-2024-02-23-mc-chm13
1p31.1b	HG03452	h2	solo_LTR	1	HG03452_h2_HML-2_1p31.1b_graph_hgsvc3-2024-02-23-mc-chm13
1p31.1b	HG03453	mat	solo_LTR	1	HG03453_mat_hprc_r2_v1.0.1_HML-2_1p31.1b
1p31.1b	HG03453	pat	TypeI	1	HG03453_pat_hprc_r2_v1.0.1_HML-2_1p31.1b
1p31.1b	HG03456	h1	solo_LTR	1	HG03456_h1_HML-2_1p31.1b_graph_hgsvc3-2024-02-23-mc-chm13
1p31.1b	HG03456	h2	solo_LTR	1	HG03456_h2_HML-2_1p31.1b_graph_hgsvc3-2024-02-23-mc-chm13
1p31.1b	HG03470	h1	TypeI	2	HG03470_hap1_hprc_r2_v1.0.1_HML-2_1p31.1b_MULTI_part1|HG03470_hap1_hprc_r2_v1.0.1_HML-2_1p31.1b_MULTI_part2
1p31.1b	HG03470	h2	solo_LTR	1	HG03470_hap2_hprc_r2_v1.0.1_HML-2_1p31.1b
1p31.1b	HG03471	h1	solo_LTR	1	HG03471_hap1_hprc_r2_v1.0.1_HML-2_1p31.1b
1p31.1b	HG03471	h2	solo_LTR	1	HG03471_hap2_hprc_r2_v1.0.1_HML-2_1p31.1b
1p31.1b	HG03486	mat	solo_LTR	1	HG03486_mat_hprc_r2_v1.0.1_HML-2_1p31.1b
1p31.1b	HG03486	pat	solo_LTR	1	HG03486_pat_hprc_r2_v1.0.1_HML-2_1p31.1b
1p31.1b	HG03516	mat	solo_LTR	1	HG03516_mat_hprc_r2_v1.1.0_HML-2_1p31.1b
1p31.1b	HG03516	pat	solo_LTR	1	HG03516_pat_hprc_r2_v1.1.0_HML-2_1p31.1b
1p31.1b	HG03520	h1	solo_LTR	1	HG03520_h1_HML-2_1p31.1b_graph_hgsvc3-2024-02-23-mc-chm13
1p31.1b	HG03520	h2	solo_LTR	1	HG03520_h2_HML-2_1p31.1b_graph_hgsvc3-2024-02-23-mc-chm13
1p31.1b	HG03521	h1	TypeI	1	HG03521_hap1_hprc_r2_v1.0.1_HML-2_1p31.1b
1p31.1b	HG03521	h2	solo_LTR	1	HG03521_hap2_hprc_r2_v1.0.1_HML-2_1p31.1b
1p31.1b	HG03540	mat	TypeI	1	HG03540_mat_hprc_r2_v1.0.1_HML-2_1p31.1b
1p31.1b	HG03540	pat	solo_LTR	1	HG03540_pat_hprc_r2_v1.0.1_HML-2_1p31.1b
1p31.1b	HG03579	mat	solo_LTR	1	HG03579_mat_hprc_r2_v1.0.1_HML-2_1p31.1b
1p31.1b	HG03579	pat	solo_LTR	1	HG03579_pat_hprc_r2_v1.0.1_HML-2_1p31.1b
1p31.1b	HG03583	h1	solo_LTR	1	HG03583_hap1_hprc_r2_v1.0.1_HML-2_1p31.1b
1p31.1b	HG03583	h2	solo_LTR	1	HG03583_hap2_hprc_r2_v1.0.1_HML-2_1p31.1b
1p31.1b	HG03654	mat	TypeI	1	HG03654_mat_hprc_r2_v1.0.1_HML-2_1p31.1b
1p31.1b	HG03654	pat	solo_LTR	1	HG03654_pat_hprc_r2_v1.0.1_HML-2_1p31.1b
1p31.1b	HG03669	mat	solo_LTR	1	HG03669_mat_hprc_r2_v1.0.1_HML-2_1p31.1b
1p31.1b	HG03669	pat	solo_LTR	1	HG03669_pat_hprc_r2_v1.0.1_HML-2_1p31.1b
1p31.1b	HG03683	h1	solo_LTR	1	HG03683_h1_HML-2_1p31.1b_graph_hgsvc3-2024-02-23-mc-chm13
1p31.1b	HG03683	h2	solo_LTR	1	HG03683_h2_HML-2_1p31.1b_graph_hgsvc3-2024-02-23-mc-chm13
1p31.1b	HG03688	mat	solo_LTR	1	HG03688_mat_hprc_r2_v1.0.1_HML-2_1p31.1b
1p31.1b	HG03688	pat	TypeI	1	HG03688_pat_hprc_r2_v1.0.1_HML-2_1p31.1b
1p31.1b	HG03704	mat	solo_LTR	1	HG03704_mat_hprc_r2_v1.0.1_HML-2_1p31.1b
1p31.1b	HG03704	pat	TypeI	1	HG03704_pat_hprc_r2_v1.0.1_HML-2_1p31.1b
1p31.1b	HG03710	mat	solo_LTR	1	HG03710_mat_hprc_r2_v1.0.1_HML-2_1p31.1b
1p31.1b	HG03710	pat	solo_LTR	1	HG03710_pat_hprc_r2_v1.0.1_HML-2_1p31.1b
1p31.1b	HG03732	h1	TypeI	1	HG03732_h1_HML-2_1p31.1b_graph_hgsvc3-2024-02-23-mc-chm13
1p31.1b	HG03732	h2	TypeI	2	HG03732_h2_HML-2_1p31.1b_graph_hgsvc3-2024-02-23-mc-chm13_MULTI_part1|HG03732_h2_HML-2_1p31.1b_graph_hgsvc3-2024-02-23-mc-chm13_MULTI_part2
1p31.1b	HG03742	h1	TypeI	1	HG03742_hap1_hprc_r2_v1.0.1_HML-2_1p31.1b
1p31.1b	HG03742	h2	solo_LTR	1	HG03742_hap2_hprc_r2_v1.0.1_HML-2_1p31.1b
1p31.1b	HG03784	h1	solo_LTR	1	HG03784_hap1_hprc_r2_v1.0.1_HML-2_1p31.1b
1p31.1b	HG03784	h2	solo_LTR	1	HG03784_hap2_hprc_r2_v1.0.1_HML-2_1p31.1b
1p31.1b	HG03804	mat	solo_LTR	1	HG03804_mat_hprc_r2_v1.0.1_HML-2_1p31.1b
1p31.1b	HG03804	pat	solo_LTR	1	HG03804_pat_hprc_r2_v1.0.1_HML-2_1p31.1b
1p31.1b	HG03807	h1	solo_LTR	1	HG03807_h1_HML-2_1p31.1b_graph_hgsvc3-2024-02-23-mc-chm13
1p31.1b	HG03807	h2	solo_LTR	1	HG03807_h2_HML-2_1p31.1b_graph_hgsvc3-2024-02-23-mc-chm13
1p31.1b	HG03816	mat	solo_LTR	1	HG03816_mat_hprc_r2_v1.0.1_HML-2_1p31.1b
1p31.1b	HG03816	pat	solo_LTR	1	HG03816_pat_hprc_r2_v1.0.1_HML-2_1p31.1b
1p31.1b	HG03831	mat	solo_LTR	1	HG03831_mat_hprc_r2_v1.0.1_HML-2_1p31.1b
1p31.1b	HG03831	pat	solo_LTR	1	HG03831_pat_hprc_r2_v1.0.1_HML-2_1p31.1b
1p31.1b	HG03834	mat	solo_LTR	1	HG03834_mat_hprc_r2_v1.0.1_HML-2_1p31.1b
1p31.1b	HG03834	pat	solo_LTR	1	HG03834_pat_hprc_r2_v1.0.1_HML-2_1p31.1b
1p31.1b	HG03874	h1	solo_LTR	1	HG03874_hap1_hprc_r2_v1.0.1_HML-2_1p31.1b
1p31.1b	HG03874	h2	solo_LTR	1	HG03874_hap2_hprc_r2_v1.0.1_HML-2_1p31.1b
1p31.1b	HG03927	mat	solo_LTR	1	HG03927_mat_hprc_r2_v1.0.1_HML-2_1p31.1b
1p31.1b	HG03927	pat	solo_LTR	1	HG03927_pat_hprc_r2_v1.0.1_HML-2_1p31.1b
1p31.1b	HG03942	mat	TypeI	1	HG03942_mat_hprc_r2_v1.0.1_HML-2_1p31.1b
1p31.1b	HG03942	pat	solo_LTR	1	HG03942_pat_hprc_r2_v1.0.1_HML-2_1p31.1b
1p31.1b	HG04036	h1	solo_LTR	1	HG04036_h1_HML-2_1p31.1b_graph_hgsvc3-2024-02-23-mc-chm13
1p31.1b	HG04036	h2	TypeI	1	HG04036_h2_HML-2_1p31.1b_graph_hgsvc3-2024-02-23-mc-chm13
1p31.1b	HG04115	mat	TypeI	1	HG04115_mat_hprc_r2_v1.0.1_HML-2_1p31.1b
1p31.1b	HG04115	pat	TypeI	3	HG04115_pat_hprc_r2_v1.0.1_HML-2_1p31.1b_MULTI_part1|HG04115_pat_hprc_r2_v1.0.1_HML-2_1p31.1b_MULTI_part2|HG04115_pat_hprc_r2_v1.0.1_HML-2_1p31.1b_MULTI_part3
1p31.1b	HG04157	mat	solo_LTR	1	HG04157_mat_hprc_r2_v1.0.1_HML-2_1p31.1b
1p31.1b	HG04157	pat	solo_LTR	1	HG04157_pat_hprc_r2_v1.0.1_HML-2_1p31.1b
1p31.1b	HG04160	mat	solo_LTR	1	HG04160_mat_hprc_r2_v1.0.1_HML-2_1p31.1b
1p31.1b	HG04160	pat	solo_LTR	1	HG04160_pat_hprc_r2_v1.0.1_HML-2_1p31.1b
1p31.1b	HG04184	mat	solo_LTR	1	HG04184_mat_hprc_r2_v1.0.1_HML-2_1p31.1b
1p31.1b	HG04184	pat	TypeI	1	HG04184_pat_hprc_r2_v1.0.1_HML-2_1p31.1b
1p31.1b	HG04187	mat	solo_LTR	1	HG04187_mat_hprc_r2_v1.0.1_HML-2_1p31.1b
1p31.1b	HG04187	pat	solo_LTR	1	HG04187_pat_hprc_r2_v1.0.1_HML-2_1p31.1b
1p31.1b	HG04199	mat	solo_LTR	1	HG04199_mat_hprc_r2_v1.0.1_HML-2_1p31.1b
1p31.1b	HG04199	pat	TypeI	1	HG04199_pat_hprc_r2_v1.0.1_HML-2_1p31.1b
1p31.1b	HG04204	mat	TypeI	1	HG04204_mat_hprc_r2_v1.0.1_HML-2_1p31.1b
1p31.1b	HG04204	pat	solo_LTR	1	HG04204_pat_hprc_r2_v1.0.1_HML-2_1p31.1b
1p31.1b	HG04217	h1	solo_LTR	1	HG04217_h1_HML-2_1p31.1b_graph_hgsvc3-2024-02-23-mc-chm13
1p31.1b	HG04217	h2	TypeI	1	HG04217_h2_HML-2_1p31.1b_graph_hgsvc3-2024-02-23-mc-chm13
1p31.1b	HG04228	mat	TypeI	1	HG04228_mat_hprc_r2_v1.0.1_HML-2_1p31.1b
1p31.1b	HG04228	pat	solo_LTR	1	HG04228_pat_hprc_r2_v1.0.1_HML-2_1p31.1b
1p31.1b	HG06807	mat	solo_LTR	1	HG06807_mat_v1.0.genbank_HML-2_1p31.1b
1p31.1b	HG06807	pat	solo_LTR	1	HG06807_pat_v1.0.genbank_HML-2_1p31.1b
1p31.1b	NA12329	h1	solo_LTR	1	NA12329_h1_HML-2_1p31.1b_graph_hgsvc3-2024-02-23-mc-chm13
1p31.1b	NA12329	h2	solo_LTR	1	NA12329_h2_HML-2_1p31.1b_graph_hgsvc3-2024-02-23-mc-chm13
1p31.1b	NA18505	h1	solo_LTR	1	NA18505_hap1_hprc_r2_v1.0.1_HML-2_1p31.1b
1p31.1b	NA18505	h2	solo_LTR	1	NA18505_hap2_hprc_r2_v1.0.1_HML-2_1p31.1b
1p31.1b	NA18508	h1	solo_LTR	1	NA18508_hap1_hprc_r2_v1.0.1_HML-2_1p31.1b
1p31.1b	NA18508	h2	TypeI	1	NA18508_hap2_hprc_r2_v1.0.1_HML-2_1p31.1b
1p31.1b	NA18522	h1	solo_LTR	1	NA18522_hap1_hprc_r2_v1.0.1_HML-2_1p31.1b
1p31.1b	NA18522	h2	solo_LTR	1	NA18522_hap2_hprc_r2_v1.0.1_HML-2_1p31.1b
1p31.1b	NA18534	h1	solo_LTR	1	NA18534_h1_HML-2_1p31.1b_graph_hgsvc3-2024-02-23-mc-chm13
1p31.1b	NA18534	h2	solo_LTR	1	NA18534_h2_HML-2_1p31.1b_graph_hgsvc3-2024-02-23-mc-chm13
1p31.1b	NA18565	h1	solo_LTR	1	NA18565_hap1_hprc_r2_v1.0.1_HML-2_1p31.1b
1p31.1b	NA18565	h2	solo_LTR	1	NA18565_hap2_hprc_r2_v1.0.1_HML-2_1p31.1b
1p31.1b	NA18570	h1	solo_LTR	1	NA18570_hap1_hprc_r2_v1.0.1_HML-2_1p31.1b
1p31.1b	NA18570	h2	solo_LTR	1	NA18570_hap2_hprc_r2_v1.0.1_HML-2_1p31.1b
1p31.1b	NA18608	h1	solo_LTR	1	NA18608_hap1_hprc_r2_v1.0.1_HML-2_1p31.1b
1p31.1b	NA18608	h2	TypeI	1	NA18608_hap2_hprc_r2_v1.0.1_HML-2_1p31.1b
1p31.1b	NA18620	h1	solo_LTR	1	NA18620_hap1_hprc_r2_v1.0.1_HML-2_1p31.1b
1p31.1b	NA18620	h2	solo_LTR	1	NA18620_hap2_hprc_r2_v1.0.1_HML-2_1p31.1b
1p31.1b	NA18747	h1	solo_LTR	1	NA18747_hap1_hprc_r2_v1.0.1_HML-2_1p31.1b
1p31.1b	NA18747	h2	solo_LTR	1	NA18747_hap2_hprc_r2_v1.0.1_HML-2_1p31.1b
1p31.1b	NA18879	h1	solo_LTR	1	NA18879_hap1_hprc_r2_v1.0.1_HML-2_1p31.1b
1p31.1b	NA18879	h2	solo_LTR	1	NA18879_hap2_hprc_r2_v1.0.1_HML-2_1p31.1b
1p31.1b	NA18906	mat	solo_LTR	1	NA18906_mat_hprc_r2_v1.0.1_HML-2_1p31.1b
1p31.1b	NA18906	pat	solo_LTR	1	NA18906_pat_hprc_r2_v1.0.1_HML-2_1p31.1b
1p31.1b	NA18939	h1	solo_LTR	1	NA18939_h1_HML-2_1p31.1b_graph_hgsvc3-2024-02-23-mc-chm13
1p31.1b	NA18939	h2	solo_LTR	1	NA18939_h2_HML-2_1p31.1b_graph_hgsvc3-2024-02-23-mc-chm13
1p31.1b	NA18940	h1	solo_LTR	1	NA18940_hap1_hprc_r2_v1.0.1_HML-2_1p31.1b
1p31.1b	NA18940	h2	solo_LTR	1	NA18940_hap2_hprc_r2_v1.0.1_HML-2_1p31.1b
1p31.1b	NA18943	h1	solo_LTR	1	NA18943_hap1_hprc_r2_v1.0.1_HML-2_1p31.1b
1p31.1b	NA18943	h2	solo_LTR	1	NA18943_hap2_hprc_r2_v1.0.1_HML-2_1p31.1b
1p31.1b	NA18944	h1	solo_LTR	1	NA18944_hap1_hprc_r2_v1.0.1_HML-2_1p31.1b
1p31.1b	NA18944	h2	solo_LTR	1	NA18944_hap2_hprc_r2_v1.0.1_HML-2_1p31.1b
1p31.1b	NA18945	h1	solo_LTR	1	NA18945_hap1_hprc_r2_v1.0.1_HML-2_1p31.1b
1p31.1b	NA18945	h2	solo_LTR	1	NA18945_hap2_hprc_r2_v1.0.1_HML-2_1p31.1b
1p31.1b	NA18948	h1	solo_LTR	1	NA18948_hap1_hprc_r2_v1.0.1_HML-2_1p31.1b
1p31.1b	NA18948	h2	solo_LTR	1	NA18948_hap2_hprc_r2_v1.0.1_HML-2_1p31.1b
1p31.1b	NA18952	h1	solo_LTR	1	NA18952_hap1_hprc_r2_v1.0.1_HML-2_1p31.1b
1p31.1b	NA18952	h2	solo_LTR	1	NA18952_hap2_hprc_r2_v1.0.1_HML-2_1p31.1b
1p31.1b	NA18959	h1	solo_LTR	1	NA18959_hap1_hprc_r2_v1.0.1_HML-2_1p31.1b
1p31.1b	NA18959	h2	solo_LTR	1	NA18959_hap2_hprc_r2_v1.0.1_HML-2_1p31.1b
1p31.1b	NA18960	h1	solo_LTR	1	NA18960_hap1_hprc_r2_v1.0.1_HML-2_1p31.1b
1p31.1b	NA18960	h2	solo_LTR	1	NA18960_hap2_hprc_r2_v1.0.1_HML-2_1p31.1b
1p31.1b	NA18967	h1	solo_LTR	1	NA18967_hap1_hprc_r2_v1.0.1_HML-2_1p31.1b
1p31.1b	NA18967	h2	solo_LTR	1	NA18967_hap2_hprc_r2_v1.0.1_HML-2_1p31.1b
1p31.1b	NA18970	h1	solo_LTR	1	NA18970_hap1_hprc_r2_v1.0.1_HML-2_1p31.1b
1p31.1b	NA18970	h2	solo_LTR	1	NA18970_hap2_hprc_r2_v1.0.1_HML-2_1p31.1b
1p31.1b	NA18971	h1	solo_LTR	1	NA18971_hap1_hprc_r2_v1.0.1_HML-2_1p31.1b
1p31.1b	NA18971	h2	solo_LTR	1	NA18971_hap2_hprc_r2_v1.0.1_HML-2_1p31.1b
1p31.1b	NA18974	h1	solo_LTR	1	NA18974_hap1_hprc_r2_v1.0.1_HML-2_1p31.1b
1p31.1b	NA18974	h2	solo_LTR	1	NA18974_hap2_hprc_r2_v1.0.1_HML-2_1p31.1b
1p31.1b	NA18976	h1	solo_LTR	1	NA18976_hap1_hprc_r2_v1.0.1_HML-2_1p31.1b
1p31.1b	NA18976	h2	TypeI	1	NA18976_hap2_hprc_r2_v1.0.1_HML-2_1p31.1b
1p31.1b	NA18982	h1	solo_LTR	1	NA18982_hap1_hprc_r2_v1.0.1_HML-2_1p31.1b
1p31.1b	NA18982	h2	solo_LTR	1	NA18982_hap2_hprc_r2_v1.0.1_HML-2_1p31.1b
1p31.1b	NA18983	h1	solo_LTR	1	NA18983_hap1_hprc_r2_v1.0.1_HML-2_1p31.1b
1p31.1b	NA18983	h2	solo_LTR	1	NA18983_hap2_hprc_r2_v1.0.1_HML-2_1p31.1b
1p31.1b	NA18989	h1	solo_LTR	1	NA18989_h1_HML-2_1p31.1b_graph_hgsvc3-2024-02-23-mc-chm13
1p31.1b	NA18989	h2	TypeI	1	NA18989_h2_HML-2_1p31.1b_graph_hgsvc3-2024-02-23-mc-chm13
1p31.1b	NA19036	h1	solo_LTR	1	NA19036_hap1_hprc_r2_v1.0.1_HML-2_1p31.1b
1p31.1b	NA19036	h2	solo_LTR	1	NA19036_hap2_hprc_r2_v1.0.1_HML-2_1p31.1b
1p31.1b	NA19043	h1	solo_LTR	1	NA19043_hap1_hprc_r2_v1.0.1_HML-2_1p31.1b
1p31.1b	NA19043	h2	solo_LTR	1	NA19043_hap2_hprc_r2_v1.0.1_HML-2_1p31.1b
1p31.1b	NA19087	h1	solo_LTR	1	NA19087_hap1_hprc_r2_v1.0.1_HML-2_1p31.1b
1p31.1b	NA19087	h2	solo_LTR	1	NA19087_hap2_hprc_r2_v1.0.1_HML-2_1p31.1b
1p31.1b	NA19129	h1	solo_LTR	1	NA19129_h1_HML-2_1p31.1b_graph_hgsvc3-2024-02-23-mc-chm13
1p31.1b	NA19129	h2	solo_LTR	1	NA19129_h2_HML-2_1p31.1b_graph_hgsvc3-2024-02-23-mc-chm13
1p31.1b	NA19159	h1	solo_LTR	1	NA19159_hap1_hprc_r2_v1.0.1_HML-2_1p31.1b
1p31.1b	NA19159	h2	solo_LTR	1	NA19159_hap2_hprc_r2_v1.0.1_HML-2_1p31.1b
1p31.1b	NA19185	h1	solo_LTR	1	NA19185_hap1_hprc_r2_v1.0.1_HML-2_1p31.1b
1p31.1b	NA19185	h2	solo_LTR	1	NA19185_hap2_hprc_r2_v1.0.1_HML-2_1p31.1b
1p31.1b	NA19238	h1	solo_LTR	1	NA19238_h1_HML-2_1p31.1b_graph_hgsvc3-2024-02-23-mc-chm13
1p31.1b	NA19238	h2	solo_LTR	1	NA19238_h2_HML-2_1p31.1b_graph_hgsvc3-2024-02-23-mc-chm13
1p31.1b	NA19239	h1	solo_LTR	1	NA19239_h1_HML-2_1p31.1b_graph_hgsvc3-2024-02-23-mc-chm13
1p31.1b	NA19239	h2	solo_LTR	1	NA19239_h2_HML-2_1p31.1b_graph_hgsvc3-2024-02-23-mc-chm13
1p31.1b	NA19240	mat	solo_LTR	1	NA19240_mat_hprc_r2_v1.0.1_HML-2_1p31.1b
1p31.1b	NA19240	pat	solo_LTR	1	NA19240_pat_hprc_r2_v1.0.1_HML-2_1p31.1b
1p31.1b	NA19317	h1	solo_LTR	1	NA19317_h1_HML-2_1p31.1b_graph_hgsvc3-2024-02-23-mc-chm13
1p31.1b	NA19317	h2	solo_LTR	1	NA19317_h2_HML-2_1p31.1b_graph_hgsvc3-2024-02-23-mc-chm13
1p31.1b	NA19331	h1	solo_LTR	1	NA19331_h1_HML-2_1p31.1b_graph_hgsvc3-2024-02-23-mc-chm13
1p31.1b	NA19331	h2	solo_LTR	1	NA19331_h2_HML-2_1p31.1b_graph_hgsvc3-2024-02-23-mc-chm13
1p31.1b	NA19338	h1	solo_LTR	1	NA19338_hap1_hprc_r2_v1.0.1_HML-2_1p31.1b
1p31.1b	NA19338	h2	solo_LTR	1	NA19338_hap2_hprc_r2_v1.0.1_HML-2_1p31.1b
1p31.1b	NA19347	h1	solo_LTR	1	NA19347_h1_HML-2_1p31.1b_graph_hgsvc3-2024-02-23-mc-chm13
1p31.1b	NA19347	h2	solo_LTR	1	NA19347_h2_HML-2_1p31.1b_graph_hgsvc3-2024-02-23-mc-chm13
1p31.1b	NA19384	h1	solo_LTR	1	NA19384_h1_HML-2_1p31.1b_graph_hgsvc3-2024-02-23-mc-chm13
1p31.1b	NA19384	h2	solo_LTR	1	NA19384_h2_HML-2_1p31.1b_graph_hgsvc3-2024-02-23-mc-chm13
1p31.1b	NA19391	h1	solo_LTR	1	NA19391_hap1_hprc_r2_v1.0.1_HML-2_1p31.1b
1p31.1b	NA19391	h2	solo_LTR	1	NA19391_hap2_hprc_r2_v1.0.1_HML-2_1p31.1b
1p31.1b	NA19434	h1	solo_LTR	1	NA19434_h1_HML-2_1p31.1b_graph_hgsvc3-2024-02-23-mc-chm13
1p31.1b	NA19434	h2	solo_LTR	1	NA19434_h2_HML-2_1p31.1b_graph_hgsvc3-2024-02-23-mc-chm13
1p31.1b	NA19443	h1	TypeI	1	NA19443_hap1_hprc_r2_v1.0.1_HML-2_1p31.1b
1p31.1b	NA19443	h2	solo_LTR	1	NA19443_hap2_hprc_r2_v1.0.1_HML-2_1p31.1b
1p31.1b	NA19468	h1	TypeI	1	NA19468_hap1_hprc_r2_v1.0.1_HML-2_1p31.1b
1p31.1b	NA19468	h2	solo_LTR	1	NA19468_hap2_hprc_r2_v1.0.1_HML-2_1p31.1b
1p31.1b	NA19650	h1	TypeI	1	NA19650_h1_HML-2_1p31.1b_graph_hgsvc3-2024-02-23-mc-chm13
1p31.1b	NA19650	h2	TypeI	1	NA19650_h2_HML-2_1p31.1b_graph_hgsvc3-2024-02-23-mc-chm13
1p31.1b	NA19682	h1	TypeI	1	NA19682_hap1_hprc_r2_v1.0.1_HML-2_1p31.1b
1p31.1b	NA19682	h2	TypeI	1	NA19682_hap2_hprc_r2_v1.0.1_HML-2_1p31.1b
1p31.1b	NA19700	h1	solo_LTR	1	NA19700_hap1_hprc_r2_v1.0.1_HML-2_1p31.1b
1p31.1b	NA19700	h2	TypeI	1	NA19700_hap2_hprc_r2_v1.0.1_HML-2_1p31.1b
1p31.1b	NA19705	h1	solo_LTR	1	NA19705_h1_HML-2_1p31.1b_graph_hgsvc3-2024-02-23-mc-chm13
1p31.1b	NA19705	h2	solo_LTR	1	NA19705_h2_HML-2_1p31.1b_graph_hgsvc3-2024-02-23-mc-chm13
1p31.1b	NA19776	h1	solo_LTR	1	NA19776_hap1_hprc_r2_v1.0.1_HML-2_1p31.1b
1p31.1b	NA19776	h2	solo_LTR	1	NA19776_hap2_hprc_r2_v1.0.1_HML-2_1p31.1b
1p31.1b	NA19835	h1	solo_LTR	1	NA19835_hap1_hprc_r2_v1.0.1_HML-2_1p31.1b
1p31.1b	NA19835	h2	solo_LTR	1	NA19835_hap2_hprc_r2_v1.0.1_HML-2_1p31.1b
1p31.1b	NA19836	h1	solo_LTR	1	NA19836_h1_HML-2_1p31.1b_graph_hgsvc3-2024-02-23-mc-chm13
1p31.1b	NA19836	h2	solo_LTR	1	NA19836_h2_HML-2_1p31.1b_graph_hgsvc3-2024-02-23-mc-chm13
1p31.1b	NA19909	h1	solo_LTR	1	NA19909_hap1_hprc_r2_v1.0.1_HML-2_1p31.1b
1p31.1b	NA19909	h2	solo_LTR	1	NA19909_hap2_hprc_r2_v1.0.1_HML-2_1p31.1b
1p31.1b	NA19983	h1	solo_LTR	1	NA19983_h1_HML-2_1p31.1b_graph_hgsvc3-2024-02-23-mc-chm13
1p31.1b	NA19983	h2	TypeI	1	NA19983_h2_HML-2_1p31.1b_graph_hgsvc3-2024-02-23-mc-chm13
1p31.1b	NA20129	mat	solo_LTR	1	NA20129_mat_hprc_r2_v1.0.1_HML-2_1p31.1b
1p31.1b	NA20129	pat	solo_LTR	1	NA20129_pat_hprc_r2_v1.0.1_HML-2_1p31.1b
1p31.1b	NA20282	h1	solo_LTR	1	NA20282_hap1_hprc_r2_v1.0.1_HML-2_1p31.1b
1p31.1b	NA20282	h2	solo_LTR	1	NA20282_hap2_hprc_r2_v1.0.1_HML-2_1p31.1b
1p31.1b	NA20346	h1	solo_LTR	1	NA20346_hap1_hprc_r2_v1.0.1_HML-2_1p31.1b
1p31.1b	NA20346	h2	solo_LTR	1	NA20346_hap2_hprc_r2_v1.0.1_HML-2_1p31.1b
1p31.1b	NA20355	h1	solo_LTR	1	NA20355_h1_HML-2_1p31.1b_graph_hgsvc3-2024-02-23-mc-chm13
1p31.1b	NA20355	h2	solo_LTR	1	NA20355_h2_HML-2_1p31.1b_graph_hgsvc3-2024-02-23-mc-chm13
1p31.1b	NA20503	h1	TypeI	1	NA20503_hap1_hprc_r2_v1.0.1_HML-2_1p31.1b
1p31.1b	NA20503	h2	solo_LTR	1	NA20503_hap2_hprc_r2_v1.0.1_HML-2_1p31.1b
1p31.1b	NA20509	h1	solo_LTR	1	NA20509_h1_HML-2_1p31.1b_graph_hgsvc3-2024-02-23-mc-chm13
1p31.1b	NA20509	h2	solo_LTR	1	NA20509_h2_HML-2_1p31.1b_graph_hgsvc3-2024-02-23-mc-chm13
1p31.1b	NA20752	h1	solo_LTR	1	NA20752_hap1_hprc_r2_v1.0.1_HML-2_1p31.1b
1p31.1b	NA20752	h2	TypeI	1	NA20752_hap2_hprc_r2_v1.0.1_HML-2_1p31.1b
1p31.1b	NA20762	h1	solo_LTR	1	NA20762_hap1_hprc_r2_v1.0.1_HML-2_1p31.1b
1p31.1b	NA20762	h2	TypeI	1	NA20762_hap2_hprc_r2_v1.0.1_HML-2_1p31.1b
1p31.1b	NA20799	h1	TypeI	1	NA20799_hap1_hprc_r2_v1.0.1_HML-2_1p31.1b
1p31.1b	NA20799	h2	TypeI	1	NA20799_hap2_hprc_r2_v1.0.1_HML-2_1p31.1b
1p31.1b	NA20805	h1	TypeI	1	NA20805_hap1_hprc_r2_v1.0.1_HML-2_1p31.1b
1p31.1b	NA20805	h2	solo_LTR	1	NA20805_hap2_hprc_r2_v1.0.1_HML-2_1p31.1b
1p31.1b	NA20806	h1	TypeI	1	NA20806_hap1_hprc_r2_v1.0.1_HML-2_1p31.1b
1p31.1b	NA20806	h2	solo_LTR	1	NA20806_hap2_hprc_r2_v1.0.1_HML-2_1p31.1b
1p31.1b	NA20809	h1	solo_LTR	1	NA20809_hap1_hprc_r2_v1.0.1_HML-2_1p31.1b
1p31.1b	NA20809	h2	TypeI	1	NA20809_hap2_hprc_r2_v1.0.1_HML-2_1p31.1b
1p31.1b	NA20827	h1	solo_LTR	1	NA20827_hap1_hprc_r2_v1.0.1_HML-2_1p31.1b
1p31.1b	NA20827	h2	solo_LTR	1	NA20827_hap2_hprc_r2_v1.0.1_HML-2_1p31.1b
1p31.1b	NA20847	h1	solo_LTR	1	NA20847_h1_HML-2_1p31.1b_graph_hgsvc3-2024-02-23-mc-chm13
1p31.1b	NA20847	h2	solo_LTR	1	NA20847_h2_HML-2_1p31.1b_graph_hgsvc3-2024-02-23-mc-chm13
1p31.1b	NA20850	h1	TypeI	1	NA20850_hap1_hprc_r2_v1.0.1_HML-2_1p31.1b
1p31.1b	NA20850	h2	solo_LTR	1	NA20850_hap2_hprc_r2_v1.0.1_HML-2_1p31.1b
1p31.1b	NA20870	h1	solo_LTR	1	NA20870_hap1_hprc_r2_v1.0.1_HML-2_1p31.1b
1p31.1b	NA20870	h2	solo_LTR	1	NA20870_hap2_hprc_r2_v1.0.1_HML-2_1p31.1b
1p31.1b	NA20905	h1	solo_LTR	1	NA20905_hap1_hprc_r2_v1.0.1_HML-2_1p31.1b
1p31.1b	NA20905	h2	TypeI	1	NA20905_hap2_hprc_r2_v1.0.1_HML-2_1p31.1b
1p31.1b	NA21093	h1	solo_LTR	1	NA21093_hap1_hprc_r2_v1.0.1_HML-2_1p31.1b
1p31.1b	NA21093	h2	TypeI	4	NA21093_hap2_hprc_r2_v1.0.1_HML-2_1p31.1b_MULTI_part1|NA21093_hap2_hprc_r2_v1.0.1_HML-2_1p31.1b_MULTI_part2|NA21093_hap2_hprc_r2_v1.0.1_HML-2_1p31.1b_MULTI_part3|NA21093_hap2_hprc_r2_v1.0.1_HML-2_1p31.1b_MULTI_part4
1p31.1b	NA21102	h1	solo_LTR	1	NA21102_hap1_hprc_r2_v1.0.1_HML-2_1p31.1b
1p31.1b	NA21102	h2	solo_LTR	1	NA21102_hap2_hprc_r2_v1.0.1_HML-2_1p31.1b
1p31.1b	NA21106	h1	TypeI	1	NA21106_hap1_hprc_r2_v1.0.1_HML-2_1p31.1b
1p31.1b	NA21106	h2	TypeI	4	NA21106_hap2_hprc_r2_v1.0.1_HML-2_1p31.1b_MULTI_part1|NA21106_hap2_hprc_r2_v1.0.1_HML-2_1p31.1b_MULTI_part2|NA21106_hap2_hprc_r2_v1.0.1_HML-2_1p31.1b_MULTI_part3|NA21106_hap2_hprc_r2_v1.0.1_HML-2_1p31.1b_MULTI_part4
1p31.1b	NA21110	h1	TypeI	1	NA21110_hap1_hprc_r2_v1.0.1_HML-2_1p31.1b
1p31.1b	NA21110	h2	solo_LTR	1	NA21110_hap2_hprc_r2_v1.0.1_HML-2_1p31.1b
1p31.1b	NA21144	h1	TypeI	1	NA21144_hap1_hprc_r2_v1.0.1_HML-2_1p31.1b
1p31.1b	NA21144	h2	TypeI	1	NA21144_hap2_hprc_r2_v1.0.1_HML-2_1p31.1b
1p31.1b	NA21309	mat	solo_LTR	1	NA21309_mat_hprc_r2_v1.0.1_HML-2_1p31.1b
1p31.1b	NA21309	pat	solo_LTR	1	NA21309_pat_hprc_r2_v1.0.1_HML-2_1p31.1b
1p31.1b	NA21487	h1	TypeI	1	NA21487_h1_HML-2_1p31.1b_graph_hgsvc3-2024-02-23-mc-chm13
1p31.1b	NA21487	h2	solo_LTR	1	NA21487_h2_HML-2_1p31.1b_graph_hgsvc3-2024-02-23-mc-chm13
1p31.1b	NA24385	h1	solo_LTR	1	NA24385_h1_HML-2_1p31.1b_graph_hgsvc3-2024-02-23-mc-chm13
1p31.1b	NA24385	h2	solo_LTR	1	NA24385_h2_HML-2_1p31.1b_graph_hgsvc3-2024-02-23-mc-chm13
1q22	HG00096	h1	TypeI	1	HG00096_h1_HML-2_1q22_graph_hgsvc3-2024-02-23-mc-chm13
1q22	HG00096	h2	TypeI	1	HG00096_h2_HML-2_1q22_graph_hgsvc3-2024-02-23-mc-chm13
1q22	HG00097	h1	TypeI	1	HG00097_hap1_hprc_r2_v1.0.1_HML-2_1q22
1q22	HG00097	h2	TypeI	1	HG00097_hap2_hprc_r2_v1.0.1_HML-2_1q22
1q22	HG00099	h1	TypeI	1	HG00099_hap1_hprc_r2_v1.0.1_HML-2_1q22
1q22	HG00099	h2	TypeI	1	HG00099_hap2_hprc_r2_v1.0.1_HML-2_1q22
1q22	HG00126	h1	TypeI	1	HG00126_hap1_hprc_r2_v1.0.1_HML-2_1q22
1q22	HG00126	h2	TypeI	1	HG00126_hap2_hprc_r2_v1.0.1_HML-2_1q22
1q22	HG00128	h1	TypeI	1	HG00128_hap1_hprc_r2_v1.0.1_HML-2_1q22
1q22	HG00128	h2	TypeI	1	HG00128_hap2_hprc_r2_v1.0.1_HML-2_1q22
1q22	HG00133	h1	TypeI	1	HG00133_hap1_hprc_r2_v1.0.1_HML-2_1q22
1q22	HG00133	h2	TypeI	1	HG00133_hap2_hprc_r2_v1.0.1_HML-2_1q22
1q22	HG00140	h1	TypeI	1	HG00140_hap1_hprc_r2_v1.0.1_HML-2_1q22
1q22	HG00140	h2	TypeI	1	HG00140_hap2_hprc_r2_v1.0.1_HML-2_1q22
1q22	HG00146	h1	TypeI	1	HG00146_hap1_hprc_r2_v1.0.1_HML-2_1q22
1q22	HG00146	h2	TypeI	1	HG00146_hap2_hprc_r2_v1.0.1_HML-2_1q22
1q22	HG00171	h1	TypeI	1	HG00171_h1_HML-2_1q22_graph_hgsvc3-2024-02-23-mc-chm13
1q22	HG00171	h2	TypeI	1	HG00171_h2_HML-2_1q22_graph_hgsvc3-2024-02-23-mc-chm13
1q22	HG00232	h1	TypeI	1	HG00232_hap1_hprc_r2_v1.0.1_HML-2_1q22
1q22	HG00232	h2	TypeI	1	HG00232_hap2_hprc_r2_v1.0.1_HML-2_1q22
1q22	HG00235	h1	TypeI	1	HG00235_hap1_hprc_r2_v1.0.1_HML-2_1q22
1q22	HG00235	h2	TypeI	1	HG00235_hap2_hprc_r2_v1.0.1_HML-2_1q22
1q22	HG00253	h1	TypeI	1	HG00253_hap1_hprc_r2_v1.0.1_HML-2_1q22
1q22	HG00253	h2	TypeI	1	HG00253_hap2_hprc_r2_v1.0.1_HML-2_1q22
1q22	HG00268	h1	TypeI	1	HG00268_h1_HML-2_1q22_graph_hgsvc3-2024-02-23-mc-chm13
1q22	HG00268	h2	TypeI	1	HG00268_h2_HML-2_1q22_graph_hgsvc3-2024-02-23-mc-chm13
1q22	HG00272	h1	TypeI	1	HG00272_hap1_hprc_r2_v1.0.1_HML-2_1q22
1q22	HG00272	h2	TypeI	1	HG00272_hap2_hprc_r2_v1.0.1_HML-2_1q22
1q22	HG00280	h1	TypeI	1	HG00280_hap1_hprc_r2_v1.0.1_HML-2_1q22
1q22	HG00280	h2	TypeI	1	HG00280_hap2_hprc_r2_v1.0.1_HML-2_1q22
1q22	HG00290	h1	TypeI	1	HG00290_hap1_hprc_r2_v1.0.1_HML-2_1q22
1q22	HG00290	h2	TypeI	1	HG00290_hap2_hprc_r2_v1.0.1_HML-2_1q22
1q22	HG00320	h1	TypeI	1	HG00320_hap1_hprc_r2_v1.0.1_HML-2_1q22
1q22	HG00320	h2	TypeI	1	HG00320_hap2_hprc_r2_v1.0.1_HML-2_1q22
1q22	HG00321	h1	TypeI	1	HG00321_hap1_hprc_r2_v1.0.1_HML-2_1q22
1q22	HG00321	h2	TypeI	1	HG00321_hap2_hprc_r2_v1.0.1_HML-2_1q22
1q22	HG00323	h1	TypeI	1	HG00323_hap1_hprc_r2_v1.0.1_HML-2_1q22
1q22	HG00323	h2	TypeI	1	HG00323_hap2_hprc_r2_v1.0.1_HML-2_1q22
1q22	HG00329	h1	TypeI	1	HG00329_hap1_hprc_r2_v1.0.1_HML-2_1q22
1q22	HG00329	h2	TypeI	1	HG00329_hap2_hprc_r2_v1.0.1_HML-2_1q22
1q22	HG00344	h1	TypeI	1	HG00344_hap1_hprc_r2_v1.0.1_HML-2_1q22
1q22	HG00344	h2	TypeI	1	HG00344_hap2_hprc_r2_v1.0.1_HML-2_1q22
1q22	HG00350	h1	TypeI	1	HG00350_hap1_hprc_r2_v1.0.1_HML-2_1q22
1q22	HG00350	h2	TypeI	1	HG00350_hap2_hprc_r2_v1.0.1_HML-2_1q22
1q22	HG00358	h1	TypeI	1	HG00358_h1_HML-2_1q22_graph_hgsvc3-2024-02-23-mc-chm13
1q22	HG00358	h2	TypeI	1	HG00358_h2_HML-2_1q22_graph_hgsvc3-2024-02-23-mc-chm13
1q22	HG00408	mat	TypeI	1	HG00408_mat_hprc_r2_v1.0.1_HML-2_1q22
1q22	HG00408	pat	TypeI	1	HG00408_pat_hprc_r2_v1.0.1_HML-2_1q22
1q22	HG00423	mat	TypeI	1	HG00423_mat_hprc_r2_v1.0.1_HML-2_1q22
1q22	HG00423	pat	TypeI	1	HG00423_pat_hprc_r2_v1.0.1_HML-2_1q22_alt1
1q22	HG00438	mat	TypeI	1	HG00438_mat_hprc_r2_v1.0.1_HML-2_1q22
1q22	HG00438	pat	TypeI	1	HG00438_pat_hprc_r2_v1.0.1_HML-2_1q22
1q22	HG005	mat	TypeI	1	HG005_mat_hprc_r2_v1.0.1_HML-2_1q22
1q22	HG005	pat	TypeI	1	HG005_pat_hprc_r2_v1.0.1_HML-2_1q22
1q22	HG00512	h1	TypeI	1	HG00512_h1_HML-2_1q22_graph_hgsvc3-2024-02-23-mc-chm13
1q22	HG00512	h2	TypeI	1	HG00512_h2_HML-2_1q22_graph_hgsvc3-2024-02-23-mc-chm13
1q22	HG00513	h1	TypeI	1	HG00513_h1_HML-2_1q22_graph_hgsvc3-2024-02-23-mc-chm13
1q22	HG00513	h2	TypeI	1	HG00513_h2_HML-2_1q22_graph_hgsvc3-2024-02-23-mc-chm13
1q22	HG00514	h1	TypeI	1	HG00514_h1_HML-2_1q22_graph_hgsvc3-2024-02-23-mc-chm13
1q22	HG00514	h2	TypeI	1	HG00514_h2_HML-2_1q22_graph_hgsvc3-2024-02-23-mc-chm13
1q22	HG00544	mat	TypeI	1	HG00544_mat_hprc_r2_v1.0.1_HML-2_1q22
1q22	HG00544	pat	TypeI	1	HG00544_pat_hprc_r2_v1.0.1_HML-2_1q22
1q22	HG00558	mat	TypeI	1	HG00558_mat_hprc_r2_v1.0.1_HML-2_1q22
1q22	HG00558	pat	TypeI	1	HG00558_pat_hprc_r2_v1.0.1_HML-2_1q22
1q22	HG00597	mat	TypeI	1	HG00597_mat_hprc_r2_v1.0.1_HML-2_1q22
1q22	HG00597	pat	TypeI	1	HG00597_pat_hprc_r2_v1.0.1_HML-2_1q22
1q22	HG00609	mat	TypeI	1	HG00609_mat_hprc_r2_v1.0.1_HML-2_1q22
1q22	HG00609	pat	TypeI	1	HG00609_pat_hprc_r2_v1.0.1_HML-2_1q22
1q22	HG00621	mat	TypeI	1	HG00621_mat_hprc_r2_v1.0.1_HML-2_1q22
1q22	HG00621	pat	TypeI	1	HG00621_pat_hprc_r2_v1.0.1_HML-2_1q22
1q22	HG00639	mat	TypeI	1	HG00639_mat_hprc_r2_v1.0.1_HML-2_1q22
1q22	HG00639	pat	TypeI	1	HG00639_pat_hprc_r2_v1.0.1_HML-2_1q22
1q22	HG00642	mat	TypeI	1	HG00642_mat_hprc_r2_v1.0.1_HML-2_1q22
1q22	HG00642	pat	TypeI	1	HG00642_pat_hprc_r2_v1.0.1_HML-2_1q22
1q22	HG00658	mat	TypeI	1	HG00658_mat_hprc_r2_v1.0.1_HML-2_1q22
1q22	HG00658	pat	TypeI	1	HG00658_pat_hprc_r2_v1.0.1_HML-2_1q22
1q22	HG00673	mat	TypeI	1	HG00673_mat_hprc_r2_v1.0.1_HML-2_1q22
1q22	HG00673	pat	TypeI	1	HG00673_pat_hprc_r2_v1.0.1_HML-2_1q22
1q22	HG00706	mat	TypeI	1	HG00706_mat_hprc_r2_v1.0.1_HML-2_1q22
1q22	HG00706	pat	TypeI	1	HG00706_pat_hprc_r2_v1.0.1_HML-2_1q22
1q22	HG00731	h1	TypeI	1	HG00731_h1_HML-2_1q22_graph_hgsvc3-2024-02-23-mc-chm13
1q22	HG00731	h2	TypeI	1	HG00731_h2_HML-2_1q22_graph_hgsvc3-2024-02-23-mc-chm13
1q22	HG00732	h1	TypeI	1	HG00732_h1_HML-2_1q22_graph_hgsvc3-2024-02-23-mc-chm13
1q22	HG00732	h2	TypeI	1	HG00732_h2_HML-2_1q22_graph_hgsvc3-2024-02-23-mc-chm13
1q22	HG00733	mat	TypeI	1	HG00733_mat_hprc_r2_v1.0.1_HML-2_1q22
1q22	HG00733	pat	TypeI	1	HG00733_pat_hprc_r2_v1.0.1_HML-2_1q22
1q22	HG00735	mat	TypeI	1	HG00735_mat_hprc_r2_v1.0.1_HML-2_1q22
1q22	HG00735	pat	TypeI	1	HG00735_pat_hprc_r2_v1.0.1_HML-2_1q22
1q22	HG00738	mat	TypeI	1	HG00738_mat_hprc_r2_v1.0.1_HML-2_1q22
1q22	HG00738	pat	TypeI	1	HG00738_pat_hprc_r2_v1.0.1_HML-2_1q22
1q22	HG00741	mat	TypeI	1	HG00741_mat_hprc_r2_v1.0.1_HML-2_1q22
1q22	HG00741	pat	TypeI	1	HG00741_pat_hprc_r2_v1.0.1_HML-2_1q22
1q22	HG00864	h1	TypeI	1	HG00864_h1_HML-2_1q22_graph_hgsvc3-2024-02-23-mc-chm13
1q22	HG00864	h2	TypeI	1	HG00864_h2_HML-2_1q22_graph_hgsvc3-2024-02-23-mc-chm13
1q22	HG01071	mat	TypeI	1	HG01071_mat_hprc_r2_v1.0.1_HML-2_1q22
1q22	HG01071	pat	TypeI	1	HG01071_pat_hprc_r2_v1.0.1_HML-2_1q22
1q22	HG01074	mat	TypeI	1	HG01074_mat_hprc_r2_v1.0.1_HML-2_1q22
1q22	HG01074	pat	TypeI	1	HG01074_pat_hprc_r2_v1.0.1_HML-2_1q22
1q22	HG01081	mat	TypeI	1	HG01081_mat_hprc_r2_v1.0.1_HML-2_1q22
1q22	HG01081	pat	TypeI	1	HG01081_pat_hprc_r2_v1.0.1_HML-2_1q22
1q22	HG01099	mat	TypeI	1	HG01099_mat_hprc_r2_v1.0.1_HML-2_1q22
1q22	HG01099	pat	TypeI	1	HG01099_pat_hprc_r2_v1.0.1_HML-2_1q22
1q22	HG01106	mat	TypeI	1	HG01106_mat_hprc_r2_v1.0.1_HML-2_1q22
1q22	HG01106	pat	TypeI	1	HG01106_pat_hprc_r2_v1.0.1_HML-2_1q22
1q22	HG01109	mat	TypeI	1	HG01109_mat_hprc_r2_v1.0.1_HML-2_1q22
1q22	HG01109	pat	TypeI	1	HG01109_pat_hprc_r2_v1.0.1_HML-2_1q22
1q22	HG01114	h1	TypeI	1	HG01114_h1_HML-2_1q22_graph_hgsvc3-2024-02-23-mc-chm13
1q22	HG01114	h2	TypeI	1	HG01114_h2_HML-2_1q22_graph_hgsvc3-2024-02-23-mc-chm13
1q22	HG01123	mat	TypeI	1	HG01123_mat_hprc_r2_v1.0.1_HML-2_1q22
1q22	HG01123	pat	TypeI	1	HG01123_pat_hprc_r2_v1.0.1_HML-2_1q22
1q22	HG01150	mat	TypeI	1	HG01150_mat_hprc_r2_v1.0.1_HML-2_1q22
1q22	HG01150	pat	TypeI	1	HG01150_pat_hprc_r2_v1.0.1_HML-2_1q22
1q22	HG01167	h1	TypeI	1	HG01167_hap1_hprc_r2_v1.0.1_HML-2_1q22
1q22	HG01167	h2	TypeI	1	HG01167_hap2_hprc_r2_v1.0.1_HML-2_1q22
1q22	HG01175	mat	TypeI	1	HG01175_mat_hprc_r2_v1.0.1_HML-2_1q22
1q22	HG01175	pat	TypeI	1	HG01175_pat_hprc_r2_v1.0.1_HML-2_1q22
1q22	HG01192	mat	TypeI	1	HG01192_mat_hprc_r2_v1.0.1_HML-2_1q22
1q22	HG01192	pat	TypeI	1	HG01192_pat_hprc_r2_v1.0.1_HML-2_1q22
1q22	HG01243	mat	TypeI	1	HG01243_mat_hprc_r2_v1.0.1_HML-2_1q22
1q22	HG01243	pat	TypeI	1	HG01243_pat_hprc_r2_v1.0.1_HML-2_1q22
1q22	HG01252	mat	TypeI	1	HG01252_mat_hprc_r2_v1.0.1_HML-2_1q22
1q22	HG01252	pat	TypeI	1	HG01252_pat_hprc_r2_v1.0.1_HML-2_1q22
1q22	HG01255	mat	TypeI	1	HG01255_mat_hprc_r2_v1.0.1_HML-2_1q22
1q22	HG01255	pat	TypeI	1	HG01255_pat_hprc_r2_v1.0.1_HML-2_1q22
1q22	HG01258	mat	TypeI	1	HG01258_mat_hprc_r2_v1.0.1_HML-2_1q22
1q22	HG01258	pat	TypeI	1	HG01258_pat_hprc_r2_v1.0.1_HML-2_1q22
1q22	HG01261	mat	TypeI	1	HG01261_mat_hprc_r2_v1.0.1_HML-2_1q22
1q22	HG01261	pat	TypeI	1	HG01261_pat_hprc_r2_v1.0.1_HML-2_1q22
1q22	HG01346	mat	TypeI	1	HG01346_mat_hprc_r2_v1.0.1_HML-2_1q22
1q22	HG01346	pat	TypeI	1	HG01346_pat_hprc_r2_v1.0.1_HML-2_1q22
1q22	HG01352	h1	TypeI	1	HG01352_h1_HML-2_1q22_graph_hgsvc3-2024-02-23-mc-chm13
1q22	HG01352	h2	TypeI	1	HG01352_h2_HML-2_1q22_graph_hgsvc3-2024-02-23-mc-chm13
1q22	HG01358	mat	TypeI	1	HG01358_mat_hprc_r2_v1.0.1_HML-2_1q22
1q22	HG01358	pat	TypeI	1	HG01358_pat_hprc_r2_v1.0.1_HML-2_1q22
1q22	HG01361	mat	TypeI	1	HG01361_mat_hprc_r2_v1.0.1_HML-2_1q22
1q22	HG01361	pat	TypeI	1	HG01361_pat_hprc_r2_v1.0.1_HML-2_1q22
1q22	HG01433	mat	TypeI	1	HG01433_mat_hprc_r2_v1.0.1_HML-2_1q22
1q22	HG01433	pat	TypeI	1	HG01433_pat_hprc_r2_v1.0.1_HML-2_1q22
1q22	HG01457	h1	TypeI	1	HG01457_h1_HML-2_1q22_graph_hgsvc3-2024-02-23-mc-chm13
1q22	HG01457	h2	TypeI	1	HG01457_h2_HML-2_1q22_graph_hgsvc3-2024-02-23-mc-chm13
1q22	HG01496	mat	TypeI	1	HG01496_mat_hprc_r2_v1.0.1_HML-2_1q22
1q22	HG01496	pat	TypeI	1	HG01496_pat_hprc_r2_v1.0.1_HML-2_1q22
1q22	HG01505	h1	TypeI	1	HG01505_h1_HML-2_1q22_graph_hgsvc3-2024-02-23-mc-chm13
1q22	HG01505	h2	TypeI	1	HG01505_h2_HML-2_1q22_graph_hgsvc3-2024-02-23-mc-chm13
1q22	HG01530	h1	TypeI	1	HG01530_hap1_hprc_r2_v1.0.1_HML-2_1q22
1q22	HG01530	h2	TypeI	1	HG01530_hap2_hprc_r2_v1.0.1_HML-2_1q22
1q22	HG01573	h1	TypeI	1	HG01573_h1_HML-2_1q22_graph_hgsvc3-2024-02-23-mc-chm13
1q22	HG01573	h2	TypeI	1	HG01573_h2_HML-2_1q22_graph_hgsvc3-2024-02-23-mc-chm13
1q22	HG01596	h1	TypeI	1	HG01596_h1_HML-2_1q22_graph_hgsvc3-2024-02-23-mc-chm13
1q22	HG01596	h2	TypeI	1	HG01596_h2_HML-2_1q22_graph_hgsvc3-2024-02-23-mc-chm13
1q22	HG01784	h1	TypeI	1	HG01784_hap1_hprc_r2_v1.0.1_HML-2_1q22
1q22	HG01784	h2	TypeI	1	HG01784_hap2_hprc_r2_v1.0.1_HML-2_1q22
1q22	HG01786	h1	TypeI	1	HG01786_hap1_hprc_r2_v1.0.1_HML-2_1q22
1q22	HG01786	h2	TypeI	1	HG01786_hap2_hprc_r2_v1.0.1_HML-2_1q22
1q22	HG01884	mat	TypeI	1	HG01884_mat_hprc_r2_v1.0.1_HML-2_1q22
1q22	HG01884	pat	TypeI	1	HG01884_pat_hprc_r2_v1.0.1_HML-2_1q22
1q22	HG01890	h1	TypeI	1	HG01890_h1_HML-2_1q22_graph_hgsvc3-2024-02-23-mc-chm13
1q22	HG01890	h2	TypeI	1	HG01890_h2_HML-2_1q22_graph_hgsvc3-2024-02-23-mc-chm13
1q22	HG01891	mat	TypeI	1	HG01891_mat_hprc_r2_v1.0.1_HML-2_1q22
1q22	HG01891	pat	TypeI	1	HG01891_pat_hprc_r2_v1.0.1_HML-2_1q22
1q22	HG01928	mat	TypeI	1	HG01928_mat_hprc_r2_v1.0.1_HML-2_1q22
1q22	HG01928	pat	TypeI	1	HG01928_pat_hprc_r2_v1.0.1_HML-2_1q22
1q22	HG01934	mat	TypeI	1	HG01934_mat_hprc_r2_v1.0.1_HML-2_1q22
1q22	HG01934	pat	TypeI	1	HG01934_pat_hprc_r2_v1.0.1_HML-2_1q22
1q22	HG01940	mat	TypeI	1	HG01940_mat_hprc_r2_v1.0.1_HML-2_1q22
1q22	HG01940	pat	TypeI	1	HG01940_pat_hprc_r2_v1.0.1_HML-2_1q22
1q22	HG01943	mat	TypeI	1	HG01943_mat_hprc_r2_v1.0.1_HML-2_1q22
1q22	HG01943	pat	TypeI	1	HG01943_pat_hprc_r2_v1.0.1_HML-2_1q22
1q22	HG01952	mat	TypeI	1	HG01952_mat_hprc_r2_v1.0.1_HML-2_1q22
1q22	HG01952	pat	TypeI	1	HG01952_pat_hprc_r2_v1.0.1_HML-2_1q22
1q22	HG01960	mat	TypeI	1	HG01960_mat_hprc_r2_v1.0.1_HML-2_1q22
1q22	HG01960	pat	TypeI	1	HG01960_pat_hprc_r2_v1.0.1_HML-2_1q22
1q22	HG01969	mat	TypeI	1	HG01969_mat_hprc_r2_v1.0.1_HML-2_1q22
1q22	HG01969	pat	TypeI	1	HG01969_pat_hprc_r2_v1.0.1_HML-2_1q22
1q22	HG01975	mat	TypeI	1	HG01975_mat_hprc_r2_v1.0.1_HML-2_1q22
1q22	HG01975	pat	TypeI	1	HG01975_pat_hprc_r2_v1.0.1_HML-2_1q22
1q22	HG01978	mat	TypeI	1	HG01978_mat_hprc_r2_v1.1.0_HML-2_1q22
1q22	HG01978	pat	TypeI	1	HG01978_pat_hprc_r2_v1.1.0_HML-2_1q22
1q22	HG01981	mat	TypeI	1	HG01981_mat_hprc_r2_v1.0.1_HML-2_1q22
1q22	HG01981	pat	TypeI	1	HG01981_pat_hprc_r2_v1.0.1_HML-2_1q22
1q22	HG01993	mat	TypeI	1	HG01993_mat_hprc_r2_v1.0.1_HML-2_1q22
1q22	HG01993	pat	TypeI	1	HG01993_pat_hprc_r2_v1.0.1_HML-2_1q22
1q22	HG02004	mat	TypeI	1	HG02004_mat_hprc_r2_v1.0.1_HML-2_1q22
1q22	HG02004	pat	TypeI	1	HG02004_pat_hprc_r2_v1.0.1_HML-2_1q22
1q22	HG02011	h1	TypeI	1	HG02011_h1_HML-2_1q22_graph_hgsvc3-2024-02-23-mc-chm13
1q22	HG02011	h2	TypeI	1	HG02011_h2_HML-2_1q22_graph_hgsvc3-2024-02-23-mc-chm13
1q22	HG02015	mat	TypeI	1	HG02015_mat_hprc_r2_v1.0.1_HML-2_1q22
1q22	HG02015	pat	TypeI	1	HG02015_pat_hprc_r2_v1.0.1_HML-2_1q22
1q22	HG02018	h1	TypeI	1	HG02018_h1_HML-2_1q22_graph_hgsvc3-2024-02-23-mc-chm13
1q22	HG02018	h2	TypeI	1	HG02018_h2_HML-2_1q22_graph_hgsvc3-2024-02-23-mc-chm13
1q22	HG02027	mat	TypeI	1	HG02027_mat_hprc_r2_v1.0.1_HML-2_1q22
1q22	HG02027	pat	TypeI	1	HG02027_pat_hprc_r2_v1.0.1_HML-2_1q22
1q22	HG02040	h1	TypeI	1	HG02040_hap1_hprc_r2_v1.0.1_HML-2_1q22
1q22	HG02040	h2	TypeI	1	HG02040_hap2_hprc_r2_v1.0.1_HML-2_1q22
1q22	HG02055	mat	TypeI	1	HG02055_mat_hprc_r2_v1.0.1_HML-2_1q22
1q22	HG02055	pat	TypeI	1	HG02055_pat_hprc_r2_v1.0.1_HML-2_1q22
1q22	HG02056	mat	TypeI	1	HG02056_mat_hprc_r2_v1.0.1_HML-2_1q22
1q22	HG02056	pat	TypeI	1	HG02056_pat_hprc_r2_v1.0.1_HML-2_1q22
1q22	HG02059	h1	TypeI	1	HG02059_h1_HML-2_1q22_graph_hgsvc3-2024-02-23-mc-chm13
1q22	HG02059	h2	TypeI	1	HG02059_h2_HML-2_1q22_graph_hgsvc3-2024-02-23-mc-chm13
1q22	HG02071	mat	TypeI	1	HG02071_mat_hprc_r2_v1.0.1_HML-2_1q22
1q22	HG02071	pat	TypeI	1	HG02071_pat_hprc_r2_v1.0.1_HML-2_1q22
1q22	HG02074	mat	TypeI	1	HG02074_mat_hprc_r2_v1.0.1_HML-2_1q22
1q22	HG02074	pat	TypeI	1	HG02074_pat_hprc_r2_v1.0.1_HML-2_1q22
1q22	HG02080	mat	TypeI	1	HG02080_mat_hprc_r2_v1.0.1_HML-2_1q22
1q22	HG02080	pat	TypeI	1	HG02080_pat_hprc_r2_v1.0.1_HML-2_1q22
1q22	HG02083	mat	TypeI	1	HG02083_mat_hprc_r2_v1.0.1_HML-2_1q22
1q22	HG02083	pat	TypeI	1	HG02083_pat_hprc_r2_v1.0.1_HML-2_1q22
1q22	HG02106	h1	TypeI	1	HG02106_h1_HML-2_1q22_graph_hgsvc3-2024-02-23-mc-chm13
1q22	HG02106	h2	TypeI	1	HG02106_h2_HML-2_1q22_graph_hgsvc3-2024-02-23-mc-chm13
1q22	HG02109	mat	TypeI	1	HG02109_mat_hprc_r2_v1.0.1_HML-2_1q22
1q22	HG02109	pat	TypeI	1	HG02109_pat_hprc_r2_v1.0.1_HML-2_1q22
1q22	HG02129	mat	TypeI	1	HG02129_mat_hprc_r2_v1.0.1_HML-2_1q22
1q22	HG02129	pat	TypeI	1	HG02129_pat_hprc_r2_v1.0.1_HML-2_1q22
1q22	HG02132	mat	TypeI	1	HG02132_mat_hprc_r2_v1.0.1_HML-2_1q22
1q22	HG02132	pat	TypeI	1	HG02132_pat_hprc_r2_v1.0.1_HML-2_1q22
1q22	HG02135	mat	TypeI	1	HG02135_mat_hprc_r2_v1.0.1_HML-2_1q22
1q22	HG02135	pat	TypeI	1	HG02135_pat_hprc_r2_v1.0.1_HML-2_1q22
1q22	HG02145	mat	TypeI	1	HG02145_mat_hprc_r2_v1.0.1_HML-2_1q22
1q22	HG02145	pat	TypeI	1	HG02145_pat_hprc_r2_v1.0.1_HML-2_1q22
1q22	HG02148	mat	TypeI	1	HG02148_mat_hprc_r2_v1.0.1_HML-2_1q22
1q22	HG02148	pat	TypeI	1	HG02148_pat_hprc_r2_v1.0.1_HML-2_1q22
1q22	HG02155	h1	TypeI	1	HG02155_hap1_hprc_r2_v1.0.1_HML-2_1q22
1q22	HG02155	h2	TypeI	1	HG02155_hap2_hprc_r2_v1.0.1_HML-2_1q22
1q22	HG02165	h1	TypeI	1	HG02165_hap1_hprc_r2_v1.0.1_HML-2_1q22
1q22	HG02165	h2	TypeI	1	HG02165_hap2_hprc_r2_v1.0.1_HML-2_1q22
1q22	HG02178	h1	TypeI	1	HG02178_hap1_hprc_r2_v1.0.1_HML-2_1q22
1q22	HG02178	h2	TypeI	1	HG02178_hap2_hprc_r2_v1.0.1_HML-2_1q22
1q22	HG02257	mat	TypeI	1	HG02257_mat_hprc_r2_v1.1.0_HML-2_1q22
1q22	HG02257	pat	TypeI	1	HG02257_pat_hprc_r2_v1.1.0_HML-2_1q22
1q22	HG02258	mat	TypeI	1	HG02258_mat_hprc_r2_v1.0.1_HML-2_1q22
1q22	HG02258	pat	TypeI	1	HG02258_pat_hprc_r2_v1.0.1_HML-2_1q22
1q22	HG02273	h1	TypeI	1	HG02273_hap1_hprc_r2_v1.0.1_HML-2_1q22
1q22	HG02273	h2	TypeI	1	HG02273_hap2_hprc_r2_v1.0.1_HML-2_1q22
1q22	HG02280	mat	TypeI	1	HG02280_mat_hprc_r2_v1.0.1_HML-2_1q22
1q22	HG02280	pat	TypeI	1	HG02280_pat_hprc_r2_v1.0.1_HML-2_1q22
1q22	HG02282	h1	TypeI	1	HG02282_h1_HML-2_1q22_graph_hgsvc3-2024-02-23-mc-chm13
1q22	HG02282	h2	TypeI	1	HG02282_h2_HML-2_1q22_graph_hgsvc3-2024-02-23-mc-chm13
1q22	HG02293	mat	TypeI	1	HG02293_mat_hprc_r2_v1.0.1_HML-2_1q22
1q22	HG02293	pat	TypeI	1	HG02293_pat_hprc_r2_v1.0.1_HML-2_1q22
1q22	HG02300	mat	TypeI	1	HG02300_mat_hprc_r2_v1.0.1_HML-2_1q22
1q22	HG02300	pat	TypeI	1	HG02300_pat_hprc_r2_v1.0.1_HML-2_1q22
1q22	HG02391	h1	TypeI	1	HG02391_hap1_hprc_r2_v1.0.1_HML-2_1q22
1q22	HG02391	h2	TypeI	1	HG02391_hap2_hprc_r2_v1.0.1_HML-2_1q22
1q22	HG02392	h1	TypeI	1	HG02392_hap1_hprc_r2_v1.0.1_HML-2_1q22
1q22	HG02392	h2	TypeI	1	HG02392_hap2_hprc_r2_v1.0.1_HML-2_1q22
1q22	HG02451	mat	TypeI	1	HG02451_mat_hprc_r2_v1.0.1_HML-2_1q22
1q22	HG02451	pat	TypeI	1	HG02451_pat_hprc_r2_v1.0.1_HML-2_1q22
1q22	HG02486	mat	TypeI	1	HG02486_mat_hprc_r2_v1.0.1_HML-2_1q22
1q22	HG02486	pat	TypeI	1	HG02486_pat_hprc_r2_v1.0.1_HML-2_1q22
1q22	HG02492	h1	TypeI	1	HG02492_h1_HML-2_1q22_graph_hgsvc3-2024-02-23-mc-chm13
1q22	HG02492	h2	TypeI	1	HG02492_h2_HML-2_1q22_graph_hgsvc3-2024-02-23-mc-chm13
1q22	HG02514	mat	TypeI	1	HG02514_mat_hprc_r2_v1.0.1_HML-2_1q22
1q22	HG02514	pat	TypeI	1	HG02514_pat_hprc_r2_v1.0.1_HML-2_1q22
1q22	HG02523	mat	TypeI	1	HG02523_mat_hprc_r2_v1.0.1_HML-2_1q22
1q22	HG02523	pat	TypeI	1	HG02523_pat_hprc_r2_v1.0.1_HML-2_1q22
1q22	HG02554	h1	TypeI	1	HG02554_h1_HML-2_1q22_graph_hgsvc3-2024-02-23-mc-chm13
1q22	HG02554	h2	TypeI	1	HG02554_h2_HML-2_1q22_graph_hgsvc3-2024-02-23-mc-chm13
1q22	HG02559	mat	TypeI	1	HG02559_mat_hprc_r2_v1.0.1_HML-2_1q22
1q22	HG02559	pat	TypeI	1	HG02559_pat_hprc_r2_v1.0.1_HML-2_1q22
1q22	HG02572	mat	TypeI	1	HG02572_mat_hprc_r2_v1.0.1_HML-2_1q22
1q22	HG02572	pat	TypeI	1	HG02572_pat_hprc_r2_v1.0.1_HML-2_1q22
1q22	HG02583	h1	TypeI	1	HG02583_hap1_hprc_r2_v1.0.1_HML-2_1q22
1q22	HG02583	h2	TypeI	1	HG02583_hap2_hprc_r2_v1.0.1_HML-2_1q22
1q22	HG02587	h1	TypeI	1	HG02587_h1_HML-2_1q22_graph_hgsvc3-2024-02-23-mc-chm13
1q22	HG02587	h2	TypeI	1	HG02587_h2_HML-2_1q22_graph_hgsvc3-2024-02-23-mc-chm13
1q22	HG02602	mat	TypeI	1	HG02602_mat_hprc_r2_v1.0.1_HML-2_1q22
1q22	HG02602	pat	TypeI	1	HG02602_pat_hprc_r2_v1.0.1_HML-2_1q22
1q22	HG02615	mat	TypeI	1	HG02615_mat_hprc_r2_v1.0.1_HML-2_1q22
1q22	HG02615	pat	TypeI	1	HG02615_pat_hprc_r2_v1.0.1_HML-2_1q22
1q22	HG02622	mat	TypeI	1	HG02622_mat_hprc_r2_v1.0.1_HML-2_1q22
1q22	HG02622	pat	TypeI	1	HG02622_pat_hprc_r2_v1.0.1_HML-2_1q22
1q22	HG02630	mat	TypeI	1	HG02630_mat_hprc_r2_v1.0.1_HML-2_1q22
1q22	HG02630	pat	TypeI	1	HG02630_pat_hprc_r2_v1.0.1_HML-2_1q22
1q22	HG02647	mat	TypeI	1	HG02647_mat_hprc_r2_v1.0.1_HML-2_1q22
1q22	HG02647	pat	TypeI	1	HG02647_pat_hprc_r2_v1.0.1_HML-2_1q22
1q22	HG02666	h1	TypeI	1	HG02666_h1_HML-2_1q22_graph_hgsvc3-2024-02-23-mc-chm13
1q22	HG02666	h2	TypeI	1	HG02666_h2_HML-2_1q22_graph_hgsvc3-2024-02-23-mc-chm13
1q22	HG02668	mat	TypeI	1	HG02668_mat_hprc_r2_v1.0.1_HML-2_1q22
1q22	HG02668	pat	TypeI	1	HG02668_pat_hprc_r2_v1.0.1_HML-2_1q22
1q22	HG02698	mat	TypeI	1	HG02698_mat_hprc_r2_v1.0.1_HML-2_1q22
1q22	HG02698	pat	TypeI	1	HG02698_pat_hprc_r2_v1.0.1_HML-2_1q22
1q22	HG02717	mat	TypeI	1	HG02717_mat_hprc_r2_v1.0.1_HML-2_1q22
1q22	HG02717	pat	TypeI	1	HG02717_pat_hprc_r2_v1.0.1_HML-2_1q22
1q22	HG02723	mat	TypeI	1	HG02723_mat_hprc_r2_v1.0.1_HML-2_1q22
1q22	HG02723	pat	TypeI	1	HG02723_pat_hprc_r2_v1.0.1_HML-2_1q22
1q22	HG02735	mat	TypeI	1	HG02735_mat_hprc_r2_v1.0.1_HML-2_1q22
1q22	HG02735	pat	TypeI	1	HG02735_pat_hprc_r2_v1.0.1_HML-2_1q22
1q22	HG02738	mat	TypeI	1	HG02738_mat_hprc_r2_v1.0.1_HML-2_1q22
1q22	HG02738	pat	TypeI	1	HG02738_pat_hprc_r2_v1.0.1_HML-2_1q22
1q22	HG02769	h1	TypeI	1	HG02769_h1_HML-2_1q22_graph_hgsvc3-2024-02-23-mc-chm13
1q22	HG02769	h2	TypeI	1	HG02769_h2_HML-2_1q22_graph_hgsvc3-2024-02-23-mc-chm13
1q22	HG02809	mat	TypeI	1	HG02809_mat_hprc_r2_v1.0.1_HML-2_1q22
1q22	HG02809	pat	TypeI	1	HG02809_pat_hprc_r2_v1.0.1_HML-2_1q22
1q22	HG02818	mat	TypeI	1	HG02818_mat_hprc_r2_v1.0.1_HML-2_1q22
1q22	HG02818	pat	TypeI	1	HG02818_pat_hprc_r2_v1.0.1_HML-2_1q22
1q22	HG02841	mat	TypeI	1	HG02841_mat_hprc_r2_v1.0.1_HML-2_1q22
1q22	HG02841	pat	TypeI	1	HG02841_pat_hprc_r2_v1.0.1_HML-2_1q22
1q22	HG02886	mat	TypeI	1	HG02886_mat_hprc_r2_v1.0.1_HML-2_1q22
1q22	HG02886	pat	TypeI	1	HG02886_pat_hprc_r2_v1.0.1_HML-2_1q22
1q22	HG02922	h1	TypeI	1	HG02922_hap1_hprc_r2_v1.0.1_HML-2_1q22
1q22	HG02922	h2	TypeI	1	HG02922_hap2_hprc_r2_v1.0.1_HML-2_1q22
1q22	HG02953	h1	TypeI	1	HG02953_h1_HML-2_1q22_graph_hgsvc3-2024-02-23-mc-chm13
1q22	HG02953	h2	TypeI	1	HG02953_h2_HML-2_1q22_graph_hgsvc3-2024-02-23-mc-chm13
1q22	HG02965	h1	TypeI	1	HG02965_hap1_hprc_r2_v1.0.1_HML-2_1q22
1q22	HG02965	h2	TypeI	1	HG02965_hap2_hprc_r2_v1.0.1_HML-2_1q22
1q22	HG02976	h1	TypeI	1	HG02976_hap1_hprc_r2_v1.0.1_HML-2_1q22
1q22	HG02976	h2	TypeI	1	HG02976_hap2_hprc_r2_v1.0.1_HML-2_1q22
1q22	HG02984	mat	TypeI	1	HG02984_mat_hprc_r2_v1.0.1_HML-2_1q22
1q22	HG02984	pat	TypeI	1	HG02984_pat_hprc_r2_v1.0.1_HML-2_1q22
1q22	HG03009	h1	TypeI	1	HG03009_h1_HML-2_1q22_graph_hgsvc3-2024-02-23-mc-chm13
1q22	HG03009	h2	TypeI	1	HG03009_h2_HML-2_1q22_graph_hgsvc3-2024-02-23-mc-chm13
1q22	HG03017	mat	TypeI	1	HG03017_mat_hprc_r2_v1.0.1_HML-2_1q22
1q22	HG03017	pat	TypeI	1	HG03017_pat_hprc_r2_v1.0.1_HML-2_1q22
1q22	HG03041	mat	TypeI	1	HG03041_mat_hprc_r2_v1.0.1_HML-2_1q22
1q22	HG03041	pat	TypeI	1	HG03041_pat_hprc_r2_v1.0.1_HML-2_1q22
1q22	HG03050	mat	TypeI	1	HG03050_mat_hprc_r2_v1.0.1_HML-2_1q22
1q22	HG03050	pat	TypeI	1	HG03050_pat_hprc_r2_v1.0.1_HML-2_1q22
1q22	HG03065	h1	TypeI	1	HG03065_h1_HML-2_1q22_graph_hgsvc3-2024-02-23-mc-chm13
1q22	HG03065	h2	TypeI	1	HG03065_h2_HML-2_1q22_graph_hgsvc3-2024-02-23-mc-chm13
1q22	HG03098	mat	TypeI	1	HG03098_mat_hprc_r2_v1.0.1_HML-2_1q22
1q22	HG03098	pat	TypeI	1	HG03098_pat_hprc_r2_v1.0.1_HML-2_1q22
1q22	HG03130	h1	TypeI	1	HG03130_hap1_hprc_r2_v1.0.1_HML-2_1q22
1q22	HG03130	h2	TypeI	1	HG03130_hap2_hprc_r2_v1.0.1_HML-2_1q22
1q22	HG03139	h1	TypeI	1	HG03139_hap1_hprc_r2_v1.0.1_HML-2_1q22
1q22	HG03139	h2	TypeI	1	HG03139_hap2_hprc_r2_v1.0.1_HML-2_1q22
1q22	HG03195	h1	TypeI	1	HG03195_hap1_hprc_r2_v1.0.1_HML-2_1q22
1q22	HG03195	h2	TypeI	1	HG03195_hap2_hprc_r2_v1.0.1_HML-2_1q22
1q22	HG03209	h1	TypeI	1	HG03209_hap1_hprc_r2_v1.0.1_HML-2_1q22
1q22	HG03209	h2	TypeI	1	HG03209_hap2_hprc_r2_v1.0.1_HML-2_1q22
1q22	HG03225	h1	TypeI	1	HG03225_hap1_hprc_r2_v1.0.1_HML-2_1q22
1q22	HG03225	h2	TypeI	1	HG03225_hap2_hprc_r2_v1.0.1_HML-2_1q22
1q22	HG03239	mat	TypeI	1	HG03239_mat_hprc_r2_v1.0.1_HML-2_1q22
1q22	HG03239	pat	TypeI	1	HG03239_pat_hprc_r2_v1.0.1_HML-2_1q22
1q22	HG03248	h1	TypeI	1	HG03248_h1_HML-2_1q22_graph_hgsvc3-2024-02-23-mc-chm13
1q22	HG03248	h2	TypeI	1	HG03248_h2_HML-2_1q22_graph_hgsvc3-2024-02-23-mc-chm13
1q22	HG03270	h1	TypeI	1	HG03270_hap1_hprc_r2_v1.0.1_HML-2_1q22
1q22	HG03270	h2	TypeI	1	HG03270_hap2_hprc_r2_v1.0.1_HML-2_1q22
1q22	HG03369	h1	TypeI	1	HG03369_hap1_hprc_r2_v1.0.1_HML-2_1q22
1q22	HG03369	h2	TypeI	1	HG03369_hap2_hprc_r2_v1.0.1_HML-2_1q22
1q22	HG03371	h1	TypeI	1	HG03371_h1_HML-2_1q22_graph_hgsvc3-2024-02-23-mc-chm13
1q22	HG03371	h2	TypeI	1	HG03371_h2_HML-2_1q22_graph_hgsvc3-2024-02-23-mc-chm13
1q22	HG03452	h1	TypeI	1	HG03452_h1_HML-2_1q22_graph_hgsvc3-2024-02-23-mc-chm13
1q22	HG03452	h2	TypeI	1	HG03452_h2_HML-2_1q22_graph_hgsvc3-2024-02-23-mc-chm13
1q22	HG03453	mat	TypeI	1	HG03453_mat_hprc_r2_v1.0.1_HML-2_1q22
1q22	HG03453	pat	TypeI	1	HG03453_pat_hprc_r2_v1.0.1_HML-2_1q22
1q22	HG03456	h1	TypeI	1	HG03456_h1_HML-2_1q22_graph_hgsvc3-2024-02-23-mc-chm13
1q22	HG03456	h2	TypeI	1	HG03456_h2_HML-2_1q22_graph_hgsvc3-2024-02-23-mc-chm13
1q22	HG03470	h1	TypeI	1	HG03470_hap1_hprc_r2_v1.0.1_HML-2_1q22
1q22	HG03470	h2	TypeI	1	HG03470_hap2_hprc_r2_v1.0.1_HML-2_1q22
1q22	HG03471	h1	TypeI	1	HG03471_hap1_hprc_r2_v1.0.1_HML-2_1q22
1q22	HG03471	h2	TypeI	1	HG03471_hap2_hprc_r2_v1.0.1_HML-2_1q22
1q22	HG03486	mat	TypeI	1	HG03486_mat_hprc_r2_v1.0.1_HML-2_1q22
1q22	HG03486	pat	TypeI	1	HG03486_pat_hprc_r2_v1.0.1_HML-2_1q22
1q22	HG03516	mat	TypeI	1	HG03516_mat_hprc_r2_v1.1.0_HML-2_1q22
1q22	HG03516	pat	TypeI	1	HG03516_pat_hprc_r2_v1.1.0_HML-2_1q22
1q22	HG03520	h1	TypeI	1	HG03520_h1_HML-2_1q22_graph_hgsvc3-2024-02-23-mc-chm13
1q22	HG03520	h2	TypeI	1	HG03520_h2_HML-2_1q22_graph_hgsvc3-2024-02-23-mc-chm13
1q22	HG03521	h1	TypeI	1	HG03521_hap1_hprc_r2_v1.0.1_HML-2_1q22
1q22	HG03521	h2	TypeI	1	HG03521_hap2_hprc_r2_v1.0.1_HML-2_1q22
1q22	HG03540	mat	TypeI	1	HG03540_mat_hprc_r2_v1.0.1_HML-2_1q22
1q22	HG03540	pat	TypeI	1	HG03540_pat_hprc_r2_v1.0.1_HML-2_1q22
1q22	HG03579	mat	TypeI	1	HG03579_mat_hprc_r2_v1.0.1_HML-2_1q22
1q22	HG03579	pat	TypeI	1	HG03579_pat_hprc_r2_v1.0.1_HML-2_1q22
1q22	HG03583	h1	TypeI	1	HG03583_hap1_hprc_r2_v1.0.1_HML-2_1q22
1q22	HG03583	h2	TypeI	1	HG03583_hap2_hprc_r2_v1.0.1_HML-2_1q22
1q22	HG03654	mat	TypeI	1	HG03654_mat_hprc_r2_v1.0.1_HML-2_1q22
1q22	HG03654	pat	TypeI	1	HG03654_pat_hprc_r2_v1.0.1_HML-2_1q22
1q22	HG03669	mat	TypeI	1	HG03669_mat_hprc_r2_v1.0.1_HML-2_1q22
1q22	HG03669	pat	TypeI	1	HG03669_pat_hprc_r2_v1.0.1_HML-2_1q22
1q22	HG03683	h1	TypeI	1	HG03683_h1_HML-2_1q22_graph_hgsvc3-2024-02-23-mc-chm13
1q22	HG03683	h2	TypeI	1	HG03683_h2_HML-2_1q22_graph_hgsvc3-2024-02-23-mc-chm13
1q22	HG03688	mat	TypeI	1	HG03688_mat_hprc_r2_v1.0.1_HML-2_1q22
1q22	HG03688	pat	TypeI	1	HG03688_pat_hprc_r2_v1.0.1_HML-2_1q22
1q22	HG03704	mat	TypeI	1	HG03704_mat_hprc_r2_v1.0.1_HML-2_1q22
1q22	HG03704	pat	TypeI	1	HG03704_pat_hprc_r2_v1.0.1_HML-2_1q22
1q22	HG03710	mat	TypeI	1	HG03710_mat_hprc_r2_v1.0.1_HML-2_1q22
1q22	HG03710	pat	TypeI	1	HG03710_pat_hprc_r2_v1.0.1_HML-2_1q22
1q22	HG03732	h1	TypeI	1	HG03732_h1_HML-2_1q22_graph_hgsvc3-2024-02-23-mc-chm13
1q22	HG03732	h2	TypeI	1	HG03732_h2_HML-2_1q22_graph_hgsvc3-2024-02-23-mc-chm13
1q22	HG03742	h1	TypeI	1	HG03742_hap1_hprc_r2_v1.0.1_HML-2_1q22
1q22	HG03742	h2	TypeI	1	HG03742_hap2_hprc_r2_v1.0.1_HML-2_1q22
1q22	HG03784	h1	TypeI	1	HG03784_hap1_hprc_r2_v1.0.1_HML-2_1q22
1q22	HG03784	h2	TypeI	1	HG03784_hap2_hprc_r2_v1.0.1_HML-2_1q22
1q22	HG03804	mat	TypeI	1	HG03804_mat_hprc_r2_v1.0.1_HML-2_1q22
1q22	HG03804	pat	TypeI	1	HG03804_pat_hprc_r2_v1.0.1_HML-2_1q22
1q22	HG03807	h1	TypeI	1	HG03807_h1_HML-2_1q22_graph_hgsvc3-2024-02-23-mc-chm13
1q22	HG03807	h2	TypeI	1	HG03807_h2_HML-2_1q22_graph_hgsvc3-2024-02-23-mc-chm13
1q22	HG03816	mat	TypeI	1	HG03816_mat_hprc_r2_v1.0.1_HML-2_1q22
1q22	HG03816	pat	TypeI	1	HG03816_pat_hprc_r2_v1.0.1_HML-2_1q22
1q22	HG03831	mat	TypeI	1	HG03831_mat_hprc_r2_v1.0.1_HML-2_1q22
1q22	HG03831	pat	TypeI	1	HG03831_pat_hprc_r2_v1.0.1_HML-2_1q22
1q22	HG03834	mat	TypeI	1	HG03834_mat_hprc_r2_v1.0.1_HML-2_1q22
1q22	HG03834	pat	TypeI	1	HG03834_pat_hprc_r2_v1.0.1_HML-2_1q22
1q22	HG03874	h1	TypeI	1	HG03874_hap1_hprc_r2_v1.0.1_HML-2_1q22
1q22	HG03874	h2	TypeI	1	HG03874_hap2_hprc_r2_v1.0.1_HML-2_1q22
1q22	HG03927	mat	TypeI	1	HG03927_mat_hprc_r2_v1.0.1_HML-2_1q22
1q22	HG03927	pat	TypeI	1	HG03927_pat_hprc_r2_v1.0.1_HML-2_1q22
1q22	HG03942	mat	TypeI	1	HG03942_mat_hprc_r2_v1.0.1_HML-2_1q22
1q22	HG03942	pat	TypeI	1	HG03942_pat_hprc_r2_v1.0.1_HML-2_1q22
1q22	HG04036	h1	TypeI	1	HG04036_h1_HML-2_1q22_graph_hgsvc3-2024-02-23-mc-chm13
1q22	HG04036	h2	TypeI	1	HG04036_h2_HML-2_1q22_graph_hgsvc3-2024-02-23-mc-chm13
1q22	HG04115	mat	TypeI	1	HG04115_mat_hprc_r2_v1.0.1_HML-2_1q22
1q22	HG04115	pat	TypeI	1	HG04115_pat_hprc_r2_v1.0.1_HML-2_1q22
1q22	HG04157	mat	TypeI	1	HG04157_mat_hprc_r2_v1.0.1_HML-2_1q22
1q22	HG04157	pat	TypeI	1	HG04157_pat_hprc_r2_v1.0.1_HML-2_1q22
1q22	HG04160	mat	TypeI	1	HG04160_mat_hprc_r2_v1.0.1_HML-2_1q22
1q22	HG04160	pat	TypeI	1	HG04160_pat_hprc_r2_v1.0.1_HML-2_1q22
1q22	HG04184	mat	TypeI	1	HG04184_mat_hprc_r2_v1.0.1_HML-2_1q22
1q22	HG04184	pat	TypeI	1	HG04184_pat_hprc_r2_v1.0.1_HML-2_1q22
1q22	HG04187	mat	TypeI	1	HG04187_mat_hprc_r2_v1.0.1_HML-2_1q22
1q22	HG04187	pat	TypeI	1	HG04187_pat_hprc_r2_v1.0.1_HML-2_1q22
1q22	HG04199	mat	TypeI	1	HG04199_mat_hprc_r2_v1.0.1_HML-2_1q22
1q22	HG04199	pat	TypeI	1	HG04199_pat_hprc_r2_v1.0.1_HML-2_1q22
1q22	HG04204	mat	TypeI	1	HG04204_mat_hprc_r2_v1.0.1_HML-2_1q22
1q22	HG04204	pat	TypeI	1	HG04204_pat_hprc_r2_v1.0.1_HML-2_1q22
1q22	HG04217	h1	TypeI	1	HG04217_h1_HML-2_1q22_graph_hgsvc3-2024-02-23-mc-chm13
1q22	HG04217	h2	TypeI	1	HG04217_h2_HML-2_1q22_graph_hgsvc3-2024-02-23-mc-chm13
1q22	HG04228	mat	TypeI	1	HG04228_mat_hprc_r2_v1.0.1_HML-2_1q22
1q22	HG04228	pat	TypeI	1	HG04228_pat_hprc_r2_v1.0.1_HML-2_1q22
1q22	HG06807	mat	TypeI	1	HG06807_mat_v1.0.genbank_HML-2_1q22
1q22	HG06807	pat	TypeI	1	HG06807_pat_v1.0.genbank_HML-2_1q22
1q22	NA12329	h1	TypeI	1	NA12329_h1_HML-2_1q22_graph_hgsvc3-2024-02-23-mc-chm13
1q22	NA12329	h2	TypeI	1	NA12329_h2_HML-2_1q22_graph_hgsvc3-2024-02-23-mc-chm13
1q22	NA18505	h1	TypeI	1	NA18505_hap1_hprc_r2_v1.0.1_HML-2_1q22
1q22	NA18505	h2	TypeI	1	NA18505_hap2_hprc_r2_v1.0.1_HML-2_1q22
1q22	NA18508	h1	TypeI	1	NA18508_hap1_hprc_r2_v1.0.1_HML-2_1q22
1q22	NA18508	h2	TypeI	1	NA18508_hap2_hprc_r2_v1.0.1_HML-2_1q22
1q22	NA18522	h1	TypeI	1	NA18522_hap1_hprc_r2_v1.0.1_HML-2_1q22
1q22	NA18522	h2	TypeI	1	NA18522_hap2_hprc_r2_v1.0.1_HML-2_1q22
1q22	NA18534	h1	TypeI	1	NA18534_h1_HML-2_1q22_graph_hgsvc3-2024-02-23-mc-chm13
1q22	NA18534	h2	TypeI	1	NA18534_h2_HML-2_1q22_graph_hgsvc3-2024-02-23-mc-chm13
1q22	NA18565	h1	TypeI	1	NA18565_hap1_hprc_r2_v1.0.1_HML-2_1q22
1q22	NA18565	h2	TypeI	1	NA18565_hap2_hprc_r2_v1.0.1_HML-2_1q22
1q22	NA18570	h1	TypeI	1	NA18570_hap1_hprc_r2_v1.0.1_HML-2_1q22
1q22	NA18570	h2	TypeI	1	NA18570_hap2_hprc_r2_v1.0.1_HML-2_1q22
1q22	NA18608	h1	TypeI	1	NA18608_hap1_hprc_r2_v1.0.1_HML-2_1q22
1q22	NA18608	h2	TypeI	1	NA18608_hap2_hprc_r2_v1.0.1_HML-2_1q22
1q22	NA18620	h1	TypeI	1	NA18620_hap1_hprc_r2_v1.0.1_HML-2_1q22
1q22	NA18620	h2	TypeI	1	NA18620_hap2_hprc_r2_v1.0.1_HML-2_1q22
1q22	NA18747	h1	TypeI	1	NA18747_hap1_hprc_r2_v1.0.1_HML-2_1q22
1q22	NA18747	h2	TypeI	1	NA18747_hap2_hprc_r2_v1.0.1_HML-2_1q22
1q22	NA18879	h1	TypeI	1	NA18879_hap1_hprc_r2_v1.0.1_HML-2_1q22
1q22	NA18879	h2	TypeI	1	NA18879_hap2_hprc_r2_v1.0.1_HML-2_1q22
1q22	NA18906	mat	TypeI	1	NA18906_mat_hprc_r2_v1.0.1_HML-2_1q22
1q22	NA18906	pat	TypeI	1	NA18906_pat_hprc_r2_v1.0.1_HML-2_1q22
1q22	NA18939	h1	TypeI	1	NA18939_h1_HML-2_1q22_graph_hgsvc3-2024-02-23-mc-chm13
1q22	NA18939	h2	TypeI	1	NA18939_h2_HML-2_1q22_graph_hgsvc3-2024-02-23-mc-chm13
1q22	NA18940	h1	TypeI	1	NA18940_hap1_hprc_r2_v1.0.1_HML-2_1q22
1q22	NA18940	h2	TypeI	1	NA18940_hap2_hprc_r2_v1.0.1_HML-2_1q22
1q22	NA18943	h1	TypeI	1	NA18943_hap1_hprc_r2_v1.0.1_HML-2_1q22
1q22	NA18943	h2	TypeI	1	NA18943_hap2_hprc_r2_v1.0.1_HML-2_1q22
1q22	NA18944	h1	TypeI	1	NA18944_hap1_hprc_r2_v1.0.1_HML-2_1q22
1q22	NA18944	h2	TypeI	1	NA18944_hap2_hprc_r2_v1.0.1_HML-2_1q22
1q22	NA18945	h1	TypeI	1	NA18945_hap1_hprc_r2_v1.0.1_HML-2_1q22
1q22	NA18945	h2	TypeI	1	NA18945_hap2_hprc_r2_v1.0.1_HML-2_1q22
1q22	NA18948	h1	TypeI	1	NA18948_hap1_hprc_r2_v1.0.1_HML-2_1q22
1q22	NA18948	h2	TypeI	1	NA18948_hap2_hprc_r2_v1.0.1_HML-2_1q22
1q22	NA18952	h1	TypeI	1	NA18952_hap1_hprc_r2_v1.0.1_HML-2_1q22
1q22	NA18952	h2	TypeI	1	NA18952_hap2_hprc_r2_v1.0.1_HML-2_1q22
1q22	NA18959	h1	TypeI	1	NA18959_hap1_hprc_r2_v1.0.1_HML-2_1q22
1q22	NA18959	h2	TypeI	1	NA18959_hap2_hprc_r2_v1.0.1_HML-2_1q22
1q22	NA18960	h1	TypeI	1	NA18960_hap1_hprc_r2_v1.0.1_HML-2_1q22
1q22	NA18960	h2	TypeI	1	NA18960_hap2_hprc_r2_v1.0.1_HML-2_1q22
1q22	NA18967	h1	TypeI	1	NA18967_hap1_hprc_r2_v1.0.1_HML-2_1q22
1q22	NA18967	h2	TypeI	1	NA18967_hap2_hprc_r2_v1.0.1_HML-2_1q22
1q22	NA18970	h1	TypeI	1	NA18970_hap1_hprc_r2_v1.0.1_HML-2_1q22
1q22	NA18970	h2	TypeI	1	NA18970_hap2_hprc_r2_v1.0.1_HML-2_1q22
1q22	NA18971	h1	TypeI	1	NA18971_hap1_hprc_r2_v1.0.1_HML-2_1q22
1q22	NA18971	h2	TypeI	1	NA18971_hap2_hprc_r2_v1.0.1_HML-2_1q22
1q22	NA18974	h1	TypeI	1	NA18974_hap1_hprc_r2_v1.0.1_HML-2_1q22
1q22	NA18974	h2	TypeI	1	NA18974_hap2_hprc_r2_v1.0.1_HML-2_1q22
1q22	NA18976	h1	TypeI	1	NA18976_hap1_hprc_r2_v1.0.1_HML-2_1q22
1q22	NA18976	h2	TypeI	1	NA18976_hap2_hprc_r2_v1.0.1_HML-2_1q22
1q22	NA18982	h1	TypeI	1	NA18982_hap1_hprc_r2_v1.0.1_HML-2_1q22
1q22	NA18982	h2	TypeI	1	NA18982_hap2_hprc_r2_v1.0.1_HML-2_1q22
1q22	NA18983	h1	TypeI	1	NA18983_hap1_hprc_r2_v1.0.1_HML-2_1q22
1q22	NA18983	h2	TypeI	1	NA18983_hap2_hprc_r2_v1.0.1_HML-2_1q22
1q22	NA18989	h1	TypeI	1	NA18989_h1_HML-2_1q22_graph_hgsvc3-2024-02-23-mc-chm13
1q22	NA18989	h2	TypeI	1	NA18989_h2_HML-2_1q22_graph_hgsvc3-2024-02-23-mc-chm13
1q22	NA19036	h1	TypeI	1	NA19036_hap1_hprc_r2_v1.0.1_HML-2_1q22
1q22	NA19036	h2	TypeI	1	NA19036_hap2_hprc_r2_v1.0.1_HML-2_1q22
1q22	NA19043	h1	TypeI	1	NA19043_hap1_hprc_r2_v1.0.1_HML-2_1q22
1q22	NA19043	h2	TypeI	1	NA19043_hap2_hprc_r2_v1.0.1_HML-2_1q22
1q22	NA19087	h1	TypeI	1	NA19087_hap1_hprc_r2_v1.0.1_HML-2_1q22
1q22	NA19087	h2	TypeI	1	NA19087_hap2_hprc_r2_v1.0.1_HML-2_1q22
1q22	NA19129	h1	TypeI	1	NA19129_h1_HML-2_1q22_graph_hgsvc3-2024-02-23-mc-chm13
1q22	NA19129	h2	TypeI	1	NA19129_h2_HML-2_1q22_graph_hgsvc3-2024-02-23-mc-chm13
1q22	NA19159	h1	TypeI	1	NA19159_hap1_hprc_r2_v1.0.1_HML-2_1q22
1q22	NA19159	h2	TypeI	1	NA19159_hap2_hprc_r2_v1.0.1_HML-2_1q22
1q22	NA19185	h1	TypeI	1	NA19185_hap1_hprc_r2_v1.0.1_HML-2_1q22
1q22	NA19185	h2	TypeI	1	NA19185_hap2_hprc_r2_v1.0.1_HML-2_1q22
1q22	NA19238	h1	TypeI	1	NA19238_h1_HML-2_1q22_graph_hgsvc3-2024-02-23-mc-chm13
1q22	NA19238	h2	solo_LTR	1	NA19238_h2_HML-2_1q22_graph_hgsvc3-2024-02-23-mc-chm13
1q22	NA19239	h1	TypeI	1	NA19239_h1_HML-2_1q22_graph_hgsvc3-2024-02-23-mc-chm13
1q22	NA19239	h2	TypeI	1	NA19239_h2_HML-2_1q22_graph_hgsvc3-2024-02-23-mc-chm13
1q22	NA19240	mat	solo_LTR	1	NA19240_mat_hprc_r2_v1.0.1_HML-2_1q22
1q22	NA19240	pat	TypeI	1	NA19240_pat_hprc_r2_v1.0.1_HML-2_1q22
1q22	NA19317	h1	TypeI	1	NA19317_h1_HML-2_1q22_graph_hgsvc3-2024-02-23-mc-chm13
1q22	NA19317	h2	TypeI	1	NA19317_h2_HML-2_1q22_graph_hgsvc3-2024-02-23-mc-chm13
1q22	NA19331	h1	TypeI	1	NA19331_h1_HML-2_1q22_graph_hgsvc3-2024-02-23-mc-chm13
1q22	NA19331	h2	TypeI	1	NA19331_h2_HML-2_1q22_graph_hgsvc3-2024-02-23-mc-chm13
1q22	NA19338	h1	TypeI	1	NA19338_hap1_hprc_r2_v1.0.1_HML-2_1q22
1q22	NA19338	h2	TypeI	1	NA19338_hap2_hprc_r2_v1.0.1_HML-2_1q22
1q22	NA19347	h1	TypeI	1	NA19347_h1_HML-2_1q22_graph_hgsvc3-2024-02-23-mc-chm13
1q22	NA19347	h2	TypeI	1	NA19347_h2_HML-2_1q22_graph_hgsvc3-2024-02-23-mc-chm13
1q22	NA19384	h1	TypeI	1	NA19384_h1_HML-2_1q22_graph_hgsvc3-2024-02-23-mc-chm13
1q22	NA19384	h2	TypeI	1	NA19384_h2_HML-2_1q22_graph_hgsvc3-2024-02-23-mc-chm13
1q22	NA19391	h1	TypeI	1	NA19391_hap1_hprc_r2_v1.0.1_HML-2_1q22
1q22	NA19391	h2	TypeI	1	NA19391_hap2_hprc_r2_v1.0.1_HML-2_1q22
1q22	NA19434	h1	solo_LTR	1	NA19434_h1_HML-2_1q22_graph_hgsvc3-2024-02-23-mc-chm13
1q22	NA19434	h2	TypeI	1	NA19434_h2_HML-2_1q22_graph_hgsvc3-2024-02-23-mc-chm13
1q22	NA19443	h1	TypeI	1	NA19443_hap1_hprc_r2_v1.0.1_HML-2_1q22
1q22	NA19443	h2	TypeI	1	NA19443_hap2_hprc_r2_v1.0.1_HML-2_1q22
1q22	NA19468	h1	TypeI	1	NA19468_hap1_hprc_r2_v1.0.1_HML-2_1q22
1q22	NA19468	h2	TypeI	1	NA19468_hap2_hprc_r2_v1.0.1_HML-2_1q22
1q22	NA19650	h1	TypeI	1	NA19650_h1_HML-2_1q22_graph_hgsvc3-2024-02-23-mc-chm13
1q22	NA19650	h2	TypeI	1	NA19650_h2_HML-2_1q22_graph_hgsvc3-2024-02-23-mc-chm13
1q22	NA19682	h1	TypeI	1	NA19682_hap1_hprc_r2_v1.0.1_HML-2_1q22
1q22	NA19682	h2	TypeI	1	NA19682_hap2_hprc_r2_v1.0.1_HML-2_1q22
1q22	NA19700	h1	TypeI	1	NA19700_hap1_hprc_r2_v1.0.1_HML-2_1q22
1q22	NA19700	h2	TypeI	1	NA19700_hap2_hprc_r2_v1.0.1_HML-2_1q22
1q22	NA19705	h1	TypeI	1	NA19705_h1_HML-2_1q22_graph_hgsvc3-2024-02-23-mc-chm13
1q22	NA19705	h2	TypeI	1	NA19705_h2_HML-2_1q22_graph_hgsvc3-2024-02-23-mc-chm13
1q22	NA19776	h1	TypeI	1	NA19776_hap1_hprc_r2_v1.0.1_HML-2_1q22
1q22	NA19776	h2	TypeI	1	NA19776_hap2_hprc_r2_v1.0.1_HML-2_1q22
1q22	NA19835	h1	TypeI	1	NA19835_hap1_hprc_r2_v1.0.1_HML-2_1q22
1q22	NA19835	h2	TypeI	1	NA19835_hap2_hprc_r2_v1.0.1_HML-2_1q22
1q22	NA19836	h1	TypeI	1	NA19836_h1_HML-2_1q22_graph_hgsvc3-2024-02-23-mc-chm13
1q22	NA19836	h2	TypeI	1	NA19836_h2_HML-2_1q22_graph_hgsvc3-2024-02-23-mc-chm13
1q22	NA19909	h1	TypeI	1	NA19909_hap1_hprc_r2_v1.0.1_HML-2_1q22
1q22	NA19909	h2	TypeI	1	NA19909_hap2_hprc_r2_v1.0.1_HML-2_1q22
1q22	NA19983	h1	TypeI	1	NA19983_h1_HML-2_1q22_graph_hgsvc3-2024-02-23-mc-chm13
1q22	NA19983	h2	TypeI	1	NA19983_h2_HML-2_1q22_graph_hgsvc3-2024-02-23-mc-chm13
1q22	NA20129	mat	TypeI	1	NA20129_mat_hprc_r2_v1.0.1_HML-2_1q22
1q22	NA20129	pat	TypeI	1	NA20129_pat_hprc_r2_v1.0.1_HML-2_1q22
1q22	NA20282	h1	TypeI	1	NA20282_hap1_hprc_r2_v1.0.1_HML-2_1q22
1q22	NA20282	h2	TypeI	1	NA20282_hap2_hprc_r2_v1.0.1_HML-2_1q22
1q22	NA20346	h1	TypeI	1	NA20346_hap1_hprc_r2_v1.0.1_HML-2_1q22
1q22	NA20346	h2	TypeI	1	NA20346_hap2_hprc_r2_v1.0.1_HML-2_1q22
1q22	NA20355	h1	TypeI	1	NA20355_h1_HML-2_1q22_graph_hgsvc3-2024-02-23-mc-chm13
1q22	NA20355	h2	TypeI	1	NA20355_h2_HML-2_1q22_graph_hgsvc3-2024-02-23-mc-chm13
1q22	NA20503	h1	TypeI	1	NA20503_hap1_hprc_r2_v1.0.1_HML-2_1q22
1q22	NA20503	h2	TypeI	1	NA20503_hap2_hprc_r2_v1.0.1_HML-2_1q22
1q22	NA20509	h1	TypeI	1	NA20509_h1_HML-2_1q22_graph_hgsvc3-2024-02-23-mc-chm13
1q22	NA20509	h2	TypeI	1	NA20509_h2_HML-2_1q22_graph_hgsvc3-2024-02-23-mc-chm13
1q22	NA20752	h1	TypeI	1	NA20752_hap1_hprc_r2_v1.0.1_HML-2_1q22
1q22	NA20752	h2	TypeI	1	NA20752_hap2_hprc_r2_v1.0.1_HML-2_1q22
1q22	NA20762	h1	TypeI	1	NA20762_hap1_hprc_r2_v1.0.1_HML-2_1q22
1q22	NA20762	h2	TypeI	1	NA20762_hap2_hprc_r2_v1.0.1_HML-2_1q22
1q22	NA20799	h1	TypeI	1	NA20799_hap1_hprc_r2_v1.0.1_HML-2_1q22
1q22	NA20799	h2	TypeI	1	NA20799_hap2_hprc_r2_v1.0.1_HML-2_1q22
1q22	NA20805	h1	TypeI	1	NA20805_hap1_hprc_r2_v1.0.1_HML-2_1q22
1q22	NA20805	h2	TypeI	1	NA20805_hap2_hprc_r2_v1.0.1_HML-2_1q22
1q22	NA20806	h1	TypeI	1	NA20806_hap1_hprc_r2_v1.0.1_HML-2_1q22
1q22	NA20806	h2	TypeI	1	NA20806_hap2_hprc_r2_v1.0.1_HML-2_1q22
1q22	NA20809	h1	TypeI	1	NA20809_hap1_hprc_r2_v1.0.1_HML-2_1q22
1q22	NA20809	h2	TypeI	1	NA20809_hap2_hprc_r2_v1.0.1_HML-2_1q22
1q22	NA20827	h1	TypeI	1	NA20827_hap1_hprc_r2_v1.0.1_HML-2_1q22
1q22	NA20827	h2	TypeI	1	NA20827_hap2_hprc_r2_v1.0.1_HML-2_1q22
1q22	NA20847	h1	TypeI	1	NA20847_h1_HML-2_1q22_graph_hgsvc3-2024-02-23-mc-chm13
1q22	NA20847	h2	TypeI	1	NA20847_h2_HML-2_1q22_graph_hgsvc3-2024-02-23-mc-chm13
1q22	NA20850	h1	TypeI	1	NA20850_hap1_hprc_r2_v1.0.1_HML-2_1q22
1q22	NA20850	h2	TypeI	1	NA20850_hap2_hprc_r2_v1.0.1_HML-2_1q22
1q22	NA20870	h1	TypeI	1	NA20870_hap1_hprc_r2_v1.0.1_HML-2_1q22
1q22	NA20870	h2	TypeI	1	NA20870_hap2_hprc_r2_v1.0.1_HML-2_1q22
1q22	NA20905	h1	TypeI	1	NA20905_hap1_hprc_r2_v1.0.1_HML-2_1q22
1q22	NA20905	h2	TypeI	1	NA20905_hap2_hprc_r2_v1.0.1_HML-2_1q22
1q22	NA21093	h1	TypeI	1	NA21093_hap1_hprc_r2_v1.0.1_HML-2_1q22
1q22	NA21093	h2	TypeI	1	NA21093_hap2_hprc_r2_v1.0.1_HML-2_1q22
1q22	NA21102	h1	TypeI	1	NA21102_hap1_hprc_r2_v1.0.1_HML-2_1q22
1q22	NA21102	h2	TypeI	1	NA21102_hap2_hprc_r2_v1.0.1_HML-2_1q22
1q22	NA21106	h1	TypeI	1	NA21106_hap1_hprc_r2_v1.0.1_HML-2_1q22
1q22	NA21106	h2	TypeI	1	NA21106_hap2_hprc_r2_v1.0.1_HML-2_1q22
1q22	NA21110	h1	TypeI	1	NA21110_hap1_hprc_r2_v1.0.1_HML-2_1q22
1q22	NA21110	h2	TypeI	1	NA21110_hap2_hprc_r2_v1.0.1_HML-2_1q22
1q22	NA21144	h1	TypeI	1	NA21144_hap1_hprc_r2_v1.0.1_HML-2_1q22
1q22	NA21144	h2	TypeI	1	NA21144_hap2_hprc_r2_v1.0.1_HML-2_1q22
1q22	NA21309	mat	TypeI	1	NA21309_mat_hprc_r2_v1.0.1_HML-2_1q22
1q22	NA21309	pat	TypeI	1	NA21309_pat_hprc_r2_v1.0.1_HML-2_1q22
1q22	NA21487	h1	TypeI	1	NA21487_h1_HML-2_1q22_graph_hgsvc3-2024-02-23-mc-chm13
1q22	NA21487	h2	TypeI	1	NA21487_h2_HML-2_1q22_graph_hgsvc3-2024-02-23-mc-chm13
1q22	NA24385	h1	TypeI	1	NA24385_h1_HML-2_1q22_graph_hgsvc3-2024-02-23-mc-chm13
1q22	NA24385	h2	TypeI	1	NA24385_h2_HML-2_1q22_graph_hgsvc3-2024-02-23-mc-chm13
1q23.3	HG00096	h1	TypeI	1	HG00096_h1_HML-2_1q23.3_graph_hgsvc3-2024-02-23-mc-chm13
1q23.3	HG00096	h2	TypeI	1	HG00096_h2_HML-2_1q23.3_graph_hgsvc3-2024-02-23-mc-chm13
1q23.3	HG00097	h1	TypeI	1	HG00097_hap1_hprc_r2_v1.0.1_HML-2_1q23.3
1q23.3	HG00097	h2	TypeI	1	HG00097_hap2_hprc_r2_v1.0.1_HML-2_1q23.3
1q23.3	HG00099	h1	TypeI	1	HG00099_hap1_hprc_r2_v1.0.1_HML-2_1q23.3
1q23.3	HG00099	h2	TypeI	1	HG00099_hap2_hprc_r2_v1.0.1_HML-2_1q23.3
1q23.3	HG00126	h1	TypeI	1	HG00126_hap1_hprc_r2_v1.0.1_HML-2_1q23.3
1q23.3	HG00126	h2	TypeI	1	HG00126_hap2_hprc_r2_v1.0.1_HML-2_1q23.3
1q23.3	HG00128	h1	TypeI	1	HG00128_hap1_hprc_r2_v1.0.1_HML-2_1q23.3
1q23.3	HG00128	h2	TypeI	1	HG00128_hap2_hprc_r2_v1.0.1_HML-2_1q23.3
1q23.3	HG00133	h1	TypeI	1	HG00133_hap1_hprc_r2_v1.0.1_HML-2_1q23.3
1q23.3	HG00133	h2	TypeI	1	HG00133_hap2_hprc_r2_v1.0.1_HML-2_1q23.3
1q23.3	HG00140	h1	TypeI	1	HG00140_hap1_hprc_r2_v1.0.1_HML-2_1q23.3
1q23.3	HG00140	h2	TypeI	1	HG00140_hap2_hprc_r2_v1.0.1_HML-2_1q23.3
1q23.3	HG00146	h1	TypeI	1	HG00146_hap1_hprc_r2_v1.0.1_HML-2_1q23.3
1q23.3	HG00146	h2	TypeI	1	HG00146_hap2_hprc_r2_v1.0.1_HML-2_1q23.3
1q23.3	HG00171	h1	TypeI	1	HG00171_h1_HML-2_1q23.3_graph_hgsvc3-2024-02-23-mc-chm13
1q23.3	HG00171	h2	TypeI	1	HG00171_h2_HML-2_1q23.3_graph_hgsvc3-2024-02-23-mc-chm13
1q23.3	HG00232	h1	TypeI	1	HG00232_hap1_hprc_r2_v1.0.1_HML-2_1q23.3
1q23.3	HG00232	h2	TypeI	1	HG00232_hap2_hprc_r2_v1.0.1_HML-2_1q23.3
1q23.3	HG00235	h1	TypeI	1	HG00235_hap1_hprc_r2_v1.0.1_HML-2_1q23.3
1q23.3	HG00235	h2	TypeI	1	HG00235_hap2_hprc_r2_v1.0.1_HML-2_1q23.3
1q23.3	HG00253	h1	TypeI	1	HG00253_hap1_hprc_r2_v1.0.1_HML-2_1q23.3
1q23.3	HG00253	h2	TypeI	1	HG00253_hap2_hprc_r2_v1.0.1_HML-2_1q23.3
1q23.3	HG00268	h1	TypeI	1	HG00268_h1_HML-2_1q23.3_graph_hgsvc3-2024-02-23-mc-chm13
1q23.3	HG00268	h2	TypeI	1	HG00268_h2_HML-2_1q23.3_graph_hgsvc3-2024-02-23-mc-chm13
1q23.3	HG00272	h1	TypeI	1	HG00272_hap1_hprc_r2_v1.0.1_HML-2_1q23.3
1q23.3	HG00272	h2	TypeI	1	HG00272_hap2_hprc_r2_v1.0.1_HML-2_1q23.3
1q23.3	HG00280	h1	TypeI	1	HG00280_hap1_hprc_r2_v1.0.1_HML-2_1q23.3
1q23.3	HG00280	h2	TypeI	1	HG00280_hap2_hprc_r2_v1.0.1_HML-2_1q23.3
1q23.3	HG00290	h1	TypeI	1	HG00290_hap1_hprc_r2_v1.0.1_HML-2_1q23.3
1q23.3	HG00290	h2	TypeI	1	HG00290_hap2_hprc_r2_v1.0.1_HML-2_1q23.3
1q23.3	HG00320	h1	TypeI	1	HG00320_hap1_hprc_r2_v1.0.1_HML-2_1q23.3
1q23.3	HG00320	h2	TypeI	1	HG00320_hap2_hprc_r2_v1.0.1_HML-2_1q23.3
1q23.3	HG00321	h1	TypeI	1	HG00321_hap1_hprc_r2_v1.0.1_HML-2_1q23.3
1q23.3	HG00321	h2	TypeI	1	HG00321_hap2_hprc_r2_v1.0.1_HML-2_1q23.3
1q23.3	HG00323	h1	TypeI	1	HG00323_hap1_hprc_r2_v1.0.1_HML-2_1q23.3
1q23.3	HG00323	h2	TypeI	1	HG00323_hap2_hprc_r2_v1.0.1_HML-2_1q23.3
1q23.3	HG00329	h1	TypeI	1	HG00329_hap1_hprc_r2_v1.0.1_HML-2_1q23.3
1q23.3	HG00329	h2	TypeI	1	HG00329_hap2_hprc_r2_v1.0.1_HML-2_1q23.3
1q23.3	HG00344	h1	TypeI	1	HG00344_hap1_hprc_r2_v1.0.1_HML-2_1q23.3
1q23.3	HG00344	h2	TypeI	1	HG00344_hap2_hprc_r2_v1.0.1_HML-2_1q23.3
1q23.3	HG00350	h1	TypeI	1	HG00350_hap1_hprc_r2_v1.0.1_HML-2_1q23.3
1q23.3	HG00350	h2	TypeI	1	HG00350_hap2_hprc_r2_v1.0.1_HML-2_1q23.3
1q23.3	HG00358	h1	TypeI	1	HG00358_h1_HML-2_1q23.3_graph_hgsvc3-2024-02-23-mc-chm13
1q23.3	HG00358	h2	TypeI	1	HG00358_h2_HML-2_1q23.3_graph_hgsvc3-2024-02-23-mc-chm13
1q23.3	HG00408	mat	TypeI	1	HG00408_mat_hprc_r2_v1.0.1_HML-2_1q23.3
1q23.3	HG00408	pat	TypeI	1	HG00408_pat_hprc_r2_v1.0.1_HML-2_1q23.3
1q23.3	HG00423	mat	TypeI	1	HG00423_mat_hprc_r2_v1.0.1_HML-2_1q23.3
1q23.3	HG00423	pat	TypeI	1	HG00423_pat_hprc_r2_v1.0.1_HML-2_1q23.3
1q23.3	HG00438	mat	TypeI	1	HG00438_mat_hprc_r2_v1.0.1_HML-2_1q23.3
1q23.3	HG00438	pat	TypeI	1	HG00438_pat_hprc_r2_v1.0.1_HML-2_1q23.3
1q23.3	HG005	mat	TypeI	1	HG005_mat_hprc_r2_v1.0.1_HML-2_1q23.3
1q23.3	HG005	pat	TypeI	1	HG005_pat_hprc_r2_v1.0.1_HML-2_1q23.3
1q23.3	HG00512	h1	TypeI	1	HG00512_h1_HML-2_1q23.3_graph_hgsvc3-2024-02-23-mc-chm13
1q23.3	HG00512	h2	TypeI	1	HG00512_h2_HML-2_1q23.3_graph_hgsvc3-2024-02-23-mc-chm13
1q23.3	HG00513	h1	TypeI	1	HG00513_h1_HML-2_1q23.3_graph_hgsvc3-2024-02-23-mc-chm13
1q23.3	HG00513	h2	TypeI	1	HG00513_h2_HML-2_1q23.3_graph_hgsvc3-2024-02-23-mc-chm13
1q23.3	HG00514	h1	TypeI	1	HG00514_h1_HML-2_1q23.3_graph_hgsvc3-2024-02-23-mc-chm13
1q23.3	HG00514	h2	TypeI	1	HG00514_h2_HML-2_1q23.3_graph_hgsvc3-2024-02-23-mc-chm13
1q23.3	HG00544	mat	TypeI	1	HG00544_mat_hprc_r2_v1.0.1_HML-2_1q23.3
1q23.3	HG00544	pat	TypeI	1	HG00544_pat_hprc_r2_v1.0.1_HML-2_1q23.3
1q23.3	HG00558	mat	TypeI	1	HG00558_mat_hprc_r2_v1.0.1_HML-2_1q23.3
1q23.3	HG00558	pat	TypeI	1	HG00558_pat_hprc_r2_v1.0.1_HML-2_1q23.3
1q23.3	HG00597	mat	TypeI	1	HG00597_mat_hprc_r2_v1.0.1_HML-2_1q23.3
1q23.3	HG00597	pat	TypeI	1	HG00597_pat_hprc_r2_v1.0.1_HML-2_1q23.3
1q23.3	HG00609	mat	TypeI	1	HG00609_mat_hprc_r2_v1.0.1_HML-2_1q23.3
1q23.3	HG00609	pat	TypeI	1	HG00609_pat_hprc_r2_v1.0.1_HML-2_1q23.3
1q23.3	HG00621	mat	TypeI	1	HG00621_mat_hprc_r2_v1.0.1_HML-2_1q23.3
1q23.3	HG00621	pat	TypeI	1	HG00621_pat_hprc_r2_v1.0.1_HML-2_1q23.3
1q23.3	HG00639	mat	TypeI	1	HG00639_mat_hprc_r2_v1.0.1_HML-2_1q23.3
1q23.3	HG00639	pat	TypeI	1	HG00639_pat_hprc_r2_v1.0.1_HML-2_1q23.3
1q23.3	HG00642	mat	TypeI	1	HG00642_mat_hprc_r2_v1.0.1_HML-2_1q23.3
1q23.3	HG00642	pat	TypeI	1	HG00642_pat_hprc_r2_v1.0.1_HML-2_1q23.3
1q23.3	HG00658	mat	TypeI	1	HG00658_mat_hprc_r2_v1.0.1_HML-2_1q23.3
1q23.3	HG00658	pat	TypeI	1	HG00658_pat_hprc_r2_v1.0.1_HML-2_1q23.3
1q23.3	HG00673	mat	TypeI	1	HG00673_mat_hprc_r2_v1.0.1_HML-2_1q23.3
1q23.3	HG00673	pat	TypeI	1	HG00673_pat_hprc_r2_v1.0.1_HML-2_1q23.3
1q23.3	HG00706	mat	TypeI	1	HG00706_mat_hprc_r2_v1.0.1_HML-2_1q23.3
1q23.3	HG00706	pat	TypeI	1	HG00706_pat_hprc_r2_v1.0.1_HML-2_1q23.3
1q23.3	HG00731	h1	TypeI	1	HG00731_h1_HML-2_1q23.3_graph_hgsvc3-2024-02-23-mc-chm13
1q23.3	HG00731	h2	TypeI	1	HG00731_h2_HML-2_1q23.3_graph_hgsvc3-2024-02-23-mc-chm13
1q23.3	HG00732	h1	TypeI	1	HG00732_h1_HML-2_1q23.3_graph_hgsvc3-2024-02-23-mc-chm13
1q23.3	HG00732	h2	TypeI	1	HG00732_h2_HML-2_1q23.3_graph_hgsvc3-2024-02-23-mc-chm13
1q23.3	HG00733	mat	TypeI	1	HG00733_mat_hprc_r2_v1.0.1_HML-2_1q23.3
1q23.3	HG00733	pat	TypeI	1	HG00733_pat_hprc_r2_v1.0.1_HML-2_1q23.3
1q23.3	HG00735	mat	TypeI	1	HG00735_mat_hprc_r2_v1.0.1_HML-2_1q23.3
1q23.3	HG00735	pat	TypeI	1	HG00735_pat_hprc_r2_v1.0.1_HML-2_1q23.3
1q23.3	HG00738	mat	TypeI	1	HG00738_mat_hprc_r2_v1.0.1_HML-2_1q23.3
1q23.3	HG00738	pat	TypeI	1	HG00738_pat_hprc_r2_v1.0.1_HML-2_1q23.3
1q23.3	HG00741	mat	TypeI	1	HG00741_mat_hprc_r2_v1.0.1_HML-2_1q23.3
1q23.3	HG00741	pat	TypeI	1	HG00741_pat_hprc_r2_v1.0.1_HML-2_1q23.3
1q23.3	HG00864	h1	TypeI	1	HG00864_h1_HML-2_1q23.3_graph_hgsvc3-2024-02-23-mc-chm13
1q23.3	HG00864	h2	TypeI	1	HG00864_h2_HML-2_1q23.3_graph_hgsvc3-2024-02-23-mc-chm13
1q23.3	HG01071	mat	TypeI	1	HG01071_mat_hprc_r2_v1.0.1_HML-2_1q23.3
1q23.3	HG01071	pat	TypeI	1	HG01071_pat_hprc_r2_v1.0.1_HML-2_1q23.3
1q23.3	HG01074	mat	TypeI	1	HG01074_mat_hprc_r2_v1.0.1_HML-2_1q23.3
1q23.3	HG01074	pat	TypeI	1	HG01074_pat_hprc_r2_v1.0.1_HML-2_1q23.3
1q23.3	HG01081	mat	TypeI	1	HG01081_mat_hprc_r2_v1.0.1_HML-2_1q23.3
1q23.3	HG01081	pat	TypeI	1	HG01081_pat_hprc_r2_v1.0.1_HML-2_1q23.3
1q23.3	HG01099	mat	TypeI	1	HG01099_mat_hprc_r2_v1.0.1_HML-2_1q23.3
1q23.3	HG01099	pat	TypeI	1	HG01099_pat_hprc_r2_v1.0.1_HML-2_1q23.3
1q23.3	HG01106	mat	TypeI	1	HG01106_mat_hprc_r2_v1.0.1_HML-2_1q23.3
1q23.3	HG01106	pat	TypeI	1	HG01106_pat_hprc_r2_v1.0.1_HML-2_1q23.3
1q23.3	HG01109	mat	TypeI	1	HG01109_mat_hprc_r2_v1.0.1_HML-2_1q23.3
1q23.3	HG01109	pat	TypeI	1	HG01109_pat_hprc_r2_v1.0.1_HML-2_1q23.3
1q23.3	HG01114	h1	TypeI	1	HG01114_h1_HML-2_1q23.3_graph_hgsvc3-2024-02-23-mc-chm13
1q23.3	HG01114	h2	TypeI	1	HG01114_h2_HML-2_1q23.3_graph_hgsvc3-2024-02-23-mc-chm13
1q23.3	HG01123	mat	TypeI	1	HG01123_mat_hprc_r2_v1.0.1_HML-2_1q23.3
1q23.3	HG01123	pat	TypeI	1	HG01123_pat_hprc_r2_v1.0.1_HML-2_1q23.3
1q23.3	HG01150	mat	TypeI	1	HG01150_mat_hprc_r2_v1.0.1_HML-2_1q23.3
1q23.3	HG01150	pat	TypeI	1	HG01150_pat_hprc_r2_v1.0.1_HML-2_1q23.3
1q23.3	HG01167	h1	TypeI	1	HG01167_hap1_hprc_r2_v1.0.1_HML-2_1q23.3
1q23.3	HG01167	h2	TypeI	1	HG01167_hap2_hprc_r2_v1.0.1_HML-2_1q23.3
1q23.3	HG01175	mat	TypeI	1	HG01175_mat_hprc_r2_v1.0.1_HML-2_1q23.3
1q23.3	HG01175	pat	TypeI	1	HG01175_pat_hprc_r2_v1.0.1_HML-2_1q23.3
1q23.3	HG01192	mat	TypeI	1	HG01192_mat_hprc_r2_v1.0.1_HML-2_1q23.3
1q23.3	HG01192	pat	TypeI	1	HG01192_pat_hprc_r2_v1.0.1_HML-2_1q23.3
1q23.3	HG01243	mat	TypeI	1	HG01243_mat_hprc_r2_v1.0.1_HML-2_1q23.3
1q23.3	HG01243	pat	TypeI	1	HG01243_pat_hprc_r2_v1.0.1_HML-2_1q23.3
1q23.3	HG01252	mat	TypeI	1	HG01252_mat_hprc_r2_v1.0.1_HML-2_1q23.3
1q23.3	HG01252	pat	TypeI	1	HG01252_pat_hprc_r2_v1.0.1_HML-2_1q23.3
1q23.3	HG01255	mat	TypeI	1	HG01255_mat_hprc_r2_v1.0.1_HML-2_1q23.3
1q23.3	HG01255	pat	TypeI	1	HG01255_pat_hprc_r2_v1.0.1_HML-2_1q23.3
1q23.3	HG01258	mat	TypeI	1	HG01258_mat_hprc_r2_v1.0.1_HML-2_1q23.3
1q23.3	HG01258	pat	TypeI	1	HG01258_pat_hprc_r2_v1.0.1_HML-2_1q23.3
1q23.3	HG01261	mat	TypeI	1	HG01261_mat_hprc_r2_v1.0.1_HML-2_1q23.3
1q23.3	HG01261	pat	TypeI	1	HG01261_pat_hprc_r2_v1.0.1_HML-2_1q23.3
1q23.3	HG01346	mat	TypeI	1	HG01346_mat_hprc_r2_v1.0.1_HML-2_1q23.3
1q23.3	HG01346	pat	TypeI	1	HG01346_pat_hprc_r2_v1.0.1_HML-2_1q23.3
1q23.3	HG01352	h1	TypeI	1	HG01352_h1_HML-2_1q23.3_graph_hgsvc3-2024-02-23-mc-chm13
1q23.3	HG01352	h2	TypeI	1	HG01352_h2_HML-2_1q23.3_graph_hgsvc3-2024-02-23-mc-chm13
1q23.3	HG01358	mat	TypeI	1	HG01358_mat_hprc_r2_v1.0.1_HML-2_1q23.3
1q23.3	HG01358	pat	TypeI	1	HG01358_pat_hprc_r2_v1.0.1_HML-2_1q23.3
1q23.3	HG01361	mat	TypeI	1	HG01361_mat_hprc_r2_v1.0.1_HML-2_1q23.3
1q23.3	HG01361	pat	TypeI	1	HG01361_pat_hprc_r2_v1.0.1_HML-2_1q23.3
1q23.3	HG01433	mat	TypeI	1	HG01433_mat_hprc_r2_v1.0.1_HML-2_1q23.3
1q23.3	HG01433	pat	TypeI	1	HG01433_pat_hprc_r2_v1.0.1_HML-2_1q23.3
1q23.3	HG01457	h1	TypeI	1	HG01457_h1_HML-2_1q23.3_graph_hgsvc3-2024-02-23-mc-chm13
1q23.3	HG01457	h2	TypeI	1	HG01457_h2_HML-2_1q23.3_graph_hgsvc3-2024-02-23-mc-chm13
1q23.3	HG01496	mat	TypeI	1	HG01496_mat_hprc_r2_v1.0.1_HML-2_1q23.3
1q23.3	HG01496	pat	TypeI	1	HG01496_pat_hprc_r2_v1.0.1_HML-2_1q23.3
1q23.3	HG01505	h1	TypeI	1	HG01505_h1_HML-2_1q23.3_graph_hgsvc3-2024-02-23-mc-chm13
1q23.3	HG01505	h2	TypeI	1	HG01505_h2_HML-2_1q23.3_graph_hgsvc3-2024-02-23-mc-chm13
1q23.3	HG01530	h1	TypeI	1	HG01530_hap1_hprc_r2_v1.0.1_HML-2_1q23.3
1q23.3	HG01530	h2	TypeI	1	HG01530_hap2_hprc_r2_v1.0.1_HML-2_1q23.3
1q23.3	HG01573	h1	TypeI	1	HG01573_h1_HML-2_1q23.3_graph_hgsvc3-2024-02-23-mc-chm13
1q23.3	HG01573	h2	TypeI	1	HG01573_h2_HML-2_1q23.3_graph_hgsvc3-2024-02-23-mc-chm13
1q23.3	HG01596	h1	TypeI	1	HG01596_h1_HML-2_1q23.3_graph_hgsvc3-2024-02-23-mc-chm13
1q23.3	HG01596	h2	TypeI	1	HG01596_h2_HML-2_1q23.3_graph_hgsvc3-2024-02-23-mc-chm13
1q23.3	HG01784	h1	TypeI	1	HG01784_hap1_hprc_r2_v1.0.1_HML-2_1q23.3
1q23.3	HG01784	h2	TypeI	1	HG01784_hap2_hprc_r2_v1.0.1_HML-2_1q23.3
1q23.3	HG01786	h1	TypeI	1	HG01786_hap1_hprc_r2_v1.0.1_HML-2_1q23.3
1q23.3	HG01786	h2	TypeI	1	HG01786_hap2_hprc_r2_v1.0.1_HML-2_1q23.3
1q23.3	HG01884	mat	TypeI	1	HG01884_mat_hprc_r2_v1.0.1_HML-2_1q23.3
1q23.3	HG01884	pat	TypeI	1	HG01884_pat_hprc_r2_v1.0.1_HML-2_1q23.3
1q23.3	HG01890	h1	TypeI	1	HG01890_h1_HML-2_1q23.3_graph_hgsvc3-2024-02-23-mc-chm13
1q23.3	HG01890	h2	TypeI	1	HG01890_h2_HML-2_1q23.3_graph_hgsvc3-2024-02-23-mc-chm13
1q23.3	HG01891	mat	TypeI	1	HG01891_mat_hprc_r2_v1.0.1_HML-2_1q23.3
1q23.3	HG01891	pat	TypeI	1	HG01891_pat_hprc_r2_v1.0.1_HML-2_1q23.3
1q23.3	HG01928	mat	TypeI	1	HG01928_mat_hprc_r2_v1.0.1_HML-2_1q23.3
1q23.3	HG01928	pat	TypeI	1	HG01928_pat_hprc_r2_v1.0.1_HML-2_1q23.3
1q23.3	HG01934	mat	TypeI	1	HG01934_mat_hprc_r2_v1.0.1_HML-2_1q23.3
1q23.3	HG01934	pat	TypeI	1	HG01934_pat_hprc_r2_v1.0.1_HML-2_1q23.3
1q23.3	HG01940	mat	TypeI	1	HG01940_mat_hprc_r2_v1.0.1_HML-2_1q23.3
1q23.3	HG01940	pat	TypeI	1	HG01940_pat_hprc_r2_v1.0.1_HML-2_1q23.3
1q23.3	HG01943	mat	TypeI	1	HG01943_mat_hprc_r2_v1.0.1_HML-2_1q23.3
1q23.3	HG01943	pat	TypeI	1	HG01943_pat_hprc_r2_v1.0.1_HML-2_1q23.3
1q23.3	HG01952	mat	TypeI	1	HG01952_mat_hprc_r2_v1.0.1_HML-2_1q23.3
1q23.3	HG01952	pat	TypeI	1	HG01952_pat_hprc_r2_v1.0.1_HML-2_1q23.3
1q23.3	HG01960	mat	TypeI	1	HG01960_mat_hprc_r2_v1.0.1_HML-2_1q23.3
1q23.3	HG01960	pat	TypeI	1	HG01960_pat_hprc_r2_v1.0.1_HML-2_1q23.3
1q23.3	HG01969	mat	TypeI	1	HG01969_mat_hprc_r2_v1.0.1_HML-2_1q23.3
1q23.3	HG01969	pat	TypeI	1	HG01969_pat_hprc_r2_v1.0.1_HML-2_1q23.3
1q23.3	HG01975	mat	TypeI	1	HG01975_mat_hprc_r2_v1.0.1_HML-2_1q23.3
1q23.3	HG01975	pat	TypeI	1	HG01975_pat_hprc_r2_v1.0.1_HML-2_1q23.3
1q23.3	HG01978	mat	TypeI	1	HG01978_mat_hprc_r2_v1.1.0_HML-2_1q23.3
1q23.3	HG01978	pat	TypeI	1	HG01978_pat_hprc_r2_v1.1.0_HML-2_1q23.3
1q23.3	HG01981	mat	TypeI	1	HG01981_mat_hprc_r2_v1.0.1_HML-2_1q23.3
1q23.3	HG01981	pat	TypeI	1	HG01981_pat_hprc_r2_v1.0.1_HML-2_1q23.3
1q23.3	HG01993	mat	TypeI	1	HG01993_mat_hprc_r2_v1.0.1_HML-2_1q23.3
1q23.3	HG01993	pat	TypeI	1	HG01993_pat_hprc_r2_v1.0.1_HML-2_1q23.3
1q23.3	HG02004	mat	TypeI	1	HG02004_mat_hprc_r2_v1.0.1_HML-2_1q23.3
1q23.3	HG02004	pat	TypeI	1	HG02004_pat_hprc_r2_v1.0.1_HML-2_1q23.3
1q23.3	HG02011	h1	TypeI	1	HG02011_h1_HML-2_1q23.3_graph_hgsvc3-2024-02-23-mc-chm13
1q23.3	HG02011	h2	TypeI	1	HG02011_h2_HML-2_1q23.3_graph_hgsvc3-2024-02-23-mc-chm13
1q23.3	HG02015	mat	TypeI	1	HG02015_mat_hprc_r2_v1.0.1_HML-2_1q23.3
1q23.3	HG02015	pat	TypeI	1	HG02015_pat_hprc_r2_v1.0.1_HML-2_1q23.3
1q23.3	HG02018	h1	TypeI	1	HG02018_h1_HML-2_1q23.3_graph_hgsvc3-2024-02-23-mc-chm13
1q23.3	HG02018	h2	TypeI	1	HG02018_h2_HML-2_1q23.3_graph_hgsvc3-2024-02-23-mc-chm13
1q23.3	HG02027	mat	TypeI	1	HG02027_mat_hprc_r2_v1.0.1_HML-2_1q23.3
1q23.3	HG02027	pat	TypeI	1	HG02027_pat_hprc_r2_v1.0.1_HML-2_1q23.3
1q23.3	HG02040	h1	TypeI	1	HG02040_hap1_hprc_r2_v1.0.1_HML-2_1q23.3
1q23.3	HG02040	h2	TypeI	1	HG02040_hap2_hprc_r2_v1.0.1_HML-2_1q23.3
1q23.3	HG02055	mat	TypeI	1	HG02055_mat_hprc_r2_v1.0.1_HML-2_1q23.3
1q23.3	HG02055	pat	TypeI	1	HG02055_pat_hprc_r2_v1.0.1_HML-2_1q23.3
1q23.3	HG02056	mat	TypeI	1	HG02056_mat_hprc_r2_v1.0.1_HML-2_1q23.3
1q23.3	HG02056	pat	TypeI	1	HG02056_pat_hprc_r2_v1.0.1_HML-2_1q23.3
1q23.3	HG02059	h1	TypeI	1	HG02059_h1_HML-2_1q23.3_graph_hgsvc3-2024-02-23-mc-chm13
1q23.3	HG02059	h2	TypeI	1	HG02059_h2_HML-2_1q23.3_graph_hgsvc3-2024-02-23-mc-chm13
1q23.3	HG02071	mat	TypeI	1	HG02071_mat_hprc_r2_v1.0.1_HML-2_1q23.3
1q23.3	HG02071	pat	TypeI	1	HG02071_pat_hprc_r2_v1.0.1_HML-2_1q23.3
1q23.3	HG02074	mat	TypeI	1	HG02074_mat_hprc_r2_v1.0.1_HML-2_1q23.3
1q23.3	HG02074	pat	TypeI	1	HG02074_pat_hprc_r2_v1.0.1_HML-2_1q23.3
1q23.3	HG02080	mat	TypeI	1	HG02080_mat_hprc_r2_v1.0.1_HML-2_1q23.3
1q23.3	HG02080	pat	TypeI	1	HG02080_pat_hprc_r2_v1.0.1_HML-2_1q23.3
1q23.3	HG02083	mat	TypeI	1	HG02083_mat_hprc_r2_v1.0.1_HML-2_1q23.3
1q23.3	HG02083	pat	TypeI	1	HG02083_pat_hprc_r2_v1.0.1_HML-2_1q23.3
1q23.3	HG02106	h1	TypeI	1	HG02106_h1_HML-2_1q23.3_graph_hgsvc3-2024-02-23-mc-chm13
1q23.3	HG02106	h2	TypeI	1	HG02106_h2_HML-2_1q23.3_graph_hgsvc3-2024-02-23-mc-chm13
1q23.3	HG02109	mat	TypeI	1	HG02109_mat_hprc_r2_v1.0.1_HML-2_1q23.3
1q23.3	HG02109	pat	TypeI	1	HG02109_pat_hprc_r2_v1.0.1_HML-2_1q23.3
1q23.3	HG02129	mat	TypeI	1	HG02129_mat_hprc_r2_v1.0.1_HML-2_1q23.3
1q23.3	HG02129	pat	TypeI	1	HG02129_pat_hprc_r2_v1.0.1_HML-2_1q23.3
1q23.3	HG02132	mat	TypeI	1	HG02132_mat_hprc_r2_v1.0.1_HML-2_1q23.3
1q23.3	HG02132	pat	TypeI	1	HG02132_pat_hprc_r2_v1.0.1_HML-2_1q23.3
1q23.3	HG02135	mat	TypeI	1	HG02135_mat_hprc_r2_v1.0.1_HML-2_1q23.3
1q23.3	HG02135	pat	TypeI	1	HG02135_pat_hprc_r2_v1.0.1_HML-2_1q23.3
1q23.3	HG02145	mat	TypeI	1	HG02145_mat_hprc_r2_v1.0.1_HML-2_1q23.3
1q23.3	HG02145	pat	TypeI	1	HG02145_pat_hprc_r2_v1.0.1_HML-2_1q23.3
1q23.3	HG02148	mat	TypeI	1	HG02148_mat_hprc_r2_v1.0.1_HML-2_1q23.3
1q23.3	HG02148	pat	TypeI	1	HG02148_pat_hprc_r2_v1.0.1_HML-2_1q23.3
1q23.3	HG02155	h1	TypeI	1	HG02155_hap1_hprc_r2_v1.0.1_HML-2_1q23.3
1q23.3	HG02155	h2	TypeI	1	HG02155_hap2_hprc_r2_v1.0.1_HML-2_1q23.3
1q23.3	HG02165	h1	TypeI	1	HG02165_hap1_hprc_r2_v1.0.1_HML-2_1q23.3
1q23.3	HG02165	h2	TypeI	1	HG02165_hap2_hprc_r2_v1.0.1_HML-2_1q23.3
1q23.3	HG02178	h1	TypeI	1	HG02178_hap1_hprc_r2_v1.0.1_HML-2_1q23.3
1q23.3	HG02178	h2	TypeI	1	HG02178_hap2_hprc_r2_v1.0.1_HML-2_1q23.3
1q23.3	HG02257	mat	TypeI	1	HG02257_mat_hprc_r2_v1.1.0_HML-2_1q23.3
1q23.3	HG02257	pat	TypeI	1	HG02257_pat_hprc_r2_v1.1.0_HML-2_1q23.3
1q23.3	HG02258	mat	TypeI	1	HG02258_mat_hprc_r2_v1.0.1_HML-2_1q23.3
1q23.3	HG02258	pat	TypeI	1	HG02258_pat_hprc_r2_v1.0.1_HML-2_1q23.3
1q23.3	HG02273	h1	TypeI	1	HG02273_hap1_hprc_r2_v1.0.1_HML-2_1q23.3
1q23.3	HG02273	h2	TypeI	1	HG02273_hap2_hprc_r2_v1.0.1_HML-2_1q23.3
1q23.3	HG02280	mat	TypeI	1	HG02280_mat_hprc_r2_v1.0.1_HML-2_1q23.3
1q23.3	HG02280	pat	TypeI	1	HG02280_pat_hprc_r2_v1.0.1_HML-2_1q23.3
1q23.3	HG02282	h1	TypeI	1	HG02282_h1_HML-2_1q23.3_graph_hgsvc3-2024-02-23-mc-chm13
1q23.3	HG02282	h2	TypeI	1	HG02282_h2_HML-2_1q23.3_graph_hgsvc3-2024-02-23-mc-chm13
1q23.3	HG02293	mat	TypeI	1	HG02293_mat_hprc_r2_v1.0.1_HML-2_1q23.3
1q23.3	HG02293	pat	TypeI	1	HG02293_pat_hprc_r2_v1.0.1_HML-2_1q23.3
1q23.3	HG02300	mat	TypeI	1	HG02300_mat_hprc_r2_v1.0.1_HML-2_1q23.3
1q23.3	HG02300	pat	TypeI	1	HG02300_pat_hprc_r2_v1.0.1_HML-2_1q23.3
1q23.3	HG02391	h1	TypeI	1	HG02391_hap1_hprc_r2_v1.0.1_HML-2_1q23.3
1q23.3	HG02391	h2	TypeI	1	HG02391_hap2_hprc_r2_v1.0.1_HML-2_1q23.3
1q23.3	HG02392	h1	TypeI	1	HG02392_hap1_hprc_r2_v1.0.1_HML-2_1q23.3
1q23.3	HG02392	h2	TypeI	1	HG02392_hap2_hprc_r2_v1.0.1_HML-2_1q23.3
1q23.3	HG02451	mat	TypeI	1	HG02451_mat_hprc_r2_v1.0.1_HML-2_1q23.3
1q23.3	HG02451	pat	TypeI	1	HG02451_pat_hprc_r2_v1.0.1_HML-2_1q23.3
1q23.3	HG02486	mat	TypeI	1	HG02486_mat_hprc_r2_v1.0.1_HML-2_1q23.3
1q23.3	HG02486	pat	TypeI	1	HG02486_pat_hprc_r2_v1.0.1_HML-2_1q23.3
1q23.3	HG02492	h1	TypeI	1	HG02492_h1_HML-2_1q23.3_graph_hgsvc3-2024-02-23-mc-chm13
1q23.3	HG02492	h2	TypeI	1	HG02492_h2_HML-2_1q23.3_graph_hgsvc3-2024-02-23-mc-chm13
1q23.3	HG02514	mat	TypeI	1	HG02514_mat_hprc_r2_v1.0.1_HML-2_1q23.3
1q23.3	HG02514	pat	TypeI	1	HG02514_pat_hprc_r2_v1.0.1_HML-2_1q23.3
1q23.3	HG02523	mat	TypeI	1	HG02523_mat_hprc_r2_v1.0.1_HML-2_1q23.3
1q23.3	HG02523	pat	TypeI	1	HG02523_pat_hprc_r2_v1.0.1_HML-2_1q23.3
1q23.3	HG02554	h1	TypeI	1	HG02554_h1_HML-2_1q23.3_graph_hgsvc3-2024-02-23-mc-chm13
1q23.3	HG02554	h2	TypeI	1	HG02554_h2_HML-2_1q23.3_graph_hgsvc3-2024-02-23-mc-chm13
1q23.3	HG02559	mat	TypeI	1	HG02559_mat_hprc_r2_v1.0.1_HML-2_1q23.3
1q23.3	HG02559	pat	TypeI	1	HG02559_pat_hprc_r2_v1.0.1_HML-2_1q23.3
1q23.3	HG02572	mat	TypeI	1	HG02572_mat_hprc_r2_v1.0.1_HML-2_1q23.3
1q23.3	HG02572	pat	TypeI	1	HG02572_pat_hprc_r2_v1.0.1_HML-2_1q23.3
1q23.3	HG02583	h1	TypeI	1	HG02583_hap1_hprc_r2_v1.0.1_HML-2_1q23.3
1q23.3	HG02583	h2	TypeI	1	HG02583_hap2_hprc_r2_v1.0.1_HML-2_1q23.3
1q23.3	HG02587	h1	TypeI	1	HG02587_h1_HML-2_1q23.3_graph_hgsvc3-2024-02-23-mc-chm13
1q23.3	HG02587	h2	TypeI	1	HG02587_h2_HML-2_1q23.3_graph_hgsvc3-2024-02-23-mc-chm13
1q23.3	HG02602	mat	TypeI	1	HG02602_mat_hprc_r2_v1.0.1_HML-2_1q23.3
1q23.3	HG02602	pat	TypeI	1	HG02602_pat_hprc_r2_v1.0.1_HML-2_1q23.3
1q23.3	HG02615	mat	TypeI	1	HG02615_mat_hprc_r2_v1.0.1_HML-2_1q23.3
1q23.3	HG02615	pat	TypeI	1	HG02615_pat_hprc_r2_v1.0.1_HML-2_1q23.3
1q23.3	HG02622	mat	TypeI	1	HG02622_mat_hprc_r2_v1.0.1_HML-2_1q23.3
1q23.3	HG02622	pat	TypeI	1	HG02622_pat_hprc_r2_v1.0.1_HML-2_1q23.3
1q23.3	HG02630	mat	TypeI	1	HG02630_mat_hprc_r2_v1.0.1_HML-2_1q23.3
1q23.3	HG02630	pat	TypeI	1	HG02630_pat_hprc_r2_v1.0.1_HML-2_1q23.3
1q23.3	HG02647	mat	TypeI	1	HG02647_mat_hprc_r2_v1.0.1_HML-2_1q23.3
1q23.3	HG02647	pat	TypeI	1	HG02647_pat_hprc_r2_v1.0.1_HML-2_1q23.3
1q23.3	HG02666	h1	TypeI	1	HG02666_h1_HML-2_1q23.3_graph_hgsvc3-2024-02-23-mc-chm13
1q23.3	HG02666	h2	TypeI	1	HG02666_h2_HML-2_1q23.3_graph_hgsvc3-2024-02-23-mc-chm13
1q23.3	HG02668	mat	TypeI	1	HG02668_mat_hprc_r2_v1.0.1_HML-2_1q23.3
1q23.3	HG02668	pat	TypeI	1	HG02668_pat_hprc_r2_v1.0.1_HML-2_1q23.3
1q23.3	HG02698	mat	TypeI	1	HG02698_mat_hprc_r2_v1.0.1_HML-2_1q23.3
1q23.3	HG02698	pat	TypeI	1	HG02698_pat_hprc_r2_v1.0.1_HML-2_1q23.3
1q23.3	HG02717	mat	TypeI	1	HG02717_mat_hprc_r2_v1.0.1_HML-2_1q23.3
1q23.3	HG02717	pat	TypeI	1	HG02717_pat_hprc_r2_v1.0.1_HML-2_1q23.3
1q23.3	HG02723	mat	TypeI	1	HG02723_mat_hprc_r2_v1.0.1_HML-2_1q23.3
1q23.3	HG02723	pat	TypeI	1	HG02723_pat_hprc_r2_v1.0.1_HML-2_1q23.3
1q23.3	HG02735	mat	TypeI	1	HG02735_mat_hprc_r2_v1.0.1_HML-2_1q23.3
1q23.3	HG02735	pat	TypeI	1	HG02735_pat_hprc_r2_v1.0.1_HML-2_1q23.3
1q23.3	HG02738	mat	TypeI	1	HG02738_mat_hprc_r2_v1.0.1_HML-2_1q23.3
1q23.3	HG02738	pat	TypeI	1	HG02738_pat_hprc_r2_v1.0.1_HML-2_1q23.3
1q23.3	HG02769	h1	TypeI	1	HG02769_h1_HML-2_1q23.3_graph_hgsvc3-2024-02-23-mc-chm13
1q23.3	HG02769	h2	TypeI	1	HG02769_h2_HML-2_1q23.3_graph_hgsvc3-2024-02-23-mc-chm13
1q23.3	HG02809	mat	TypeI	1	HG02809_mat_hprc_r2_v1.0.1_HML-2_1q23.3
1q23.3	HG02809	pat	TypeI	1	HG02809_pat_hprc_r2_v1.0.1_HML-2_1q23.3
1q23.3	HG02818	mat	TypeI	1	HG02818_mat_hprc_r2_v1.0.1_HML-2_1q23.3
1q23.3	HG02818	pat	TypeI	1	HG02818_pat_hprc_r2_v1.0.1_HML-2_1q23.3
1q23.3	HG02841	mat	TypeI	1	HG02841_mat_hprc_r2_v1.0.1_HML-2_1q23.3
1q23.3	HG02841	pat	TypeI	1	HG02841_pat_hprc_r2_v1.0.1_HML-2_1q23.3
1q23.3	HG02886	mat	TypeI	1	HG02886_mat_hprc_r2_v1.0.1_HML-2_1q23.3
1q23.3	HG02886	pat	TypeI	1	HG02886_pat_hprc_r2_v1.0.1_HML-2_1q23.3
1q23.3	HG02922	h1	TypeI	1	HG02922_hap1_hprc_r2_v1.0.1_HML-2_1q23.3
1q23.3	HG02922	h2	TypeI	1	HG02922_hap2_hprc_r2_v1.0.1_HML-2_1q23.3
1q23.3	HG02953	h1	TypeI	1	HG02953_h1_HML-2_1q23.3_graph_hgsvc3-2024-02-23-mc-chm13
1q23.3	HG02953	h2	TypeI	1	HG02953_h2_HML-2_1q23.3_graph_hgsvc3-2024-02-23-mc-chm13
1q23.3	HG02965	h1	TypeI	1	HG02965_hap1_hprc_r2_v1.0.1_HML-2_1q23.3
1q23.3	HG02965	h2	TypeI	1	HG02965_hap2_hprc_r2_v1.0.1_HML-2_1q23.3
1q23.3	HG02976	h1	TypeI	1	HG02976_hap1_hprc_r2_v1.0.1_HML-2_1q23.3
1q23.3	HG02976	h2	TypeI	1	HG02976_hap2_hprc_r2_v1.0.1_HML-2_1q23.3
1q23.3	HG02984	mat	TypeI	1	HG02984_mat_hprc_r2_v1.0.1_HML-2_1q23.3
1q23.3	HG02984	pat	TypeI	1	HG02984_pat_hprc_r2_v1.0.1_HML-2_1q23.3
1q23.3	HG03009	h1	TypeI	1	HG03009_h1_HML-2_1q23.3_graph_hgsvc3-2024-02-23-mc-chm13
1q23.3	HG03009	h2	TypeI	1	HG03009_h2_HML-2_1q23.3_graph_hgsvc3-2024-02-23-mc-chm13
1q23.3	HG03017	mat	TypeI	1	HG03017_mat_hprc_r2_v1.0.1_HML-2_1q23.3
1q23.3	HG03017	pat	TypeI	1	HG03017_pat_hprc_r2_v1.0.1_HML-2_1q23.3
1q23.3	HG03041	mat	TypeI	1	HG03041_mat_hprc_r2_v1.0.1_HML-2_1q23.3
1q23.3	HG03041	pat	TypeI	1	HG03041_pat_hprc_r2_v1.0.1_HML-2_1q23.3
1q23.3	HG03050	mat	TypeI	1	HG03050_mat_hprc_r2_v1.0.1_HML-2_1q23.3
1q23.3	HG03050	pat	TypeI	1	HG03050_pat_hprc_r2_v1.0.1_HML-2_1q23.3
1q23.3	HG03065	h1	TypeI	1	HG03065_h1_HML-2_1q23.3_graph_hgsvc3-2024-02-23-mc-chm13
1q23.3	HG03065	h2	TypeI	1	HG03065_h2_HML-2_1q23.3_graph_hgsvc3-2024-02-23-mc-chm13
1q23.3	HG03098	mat	TypeI	1	HG03098_mat_hprc_r2_v1.0.1_HML-2_1q23.3
1q23.3	HG03098	pat	TypeI	1	HG03098_pat_hprc_r2_v1.0.1_HML-2_1q23.3
1q23.3	HG03130	h1	TypeI	1	HG03130_hap1_hprc_r2_v1.0.1_HML-2_1q23.3
1q23.3	HG03130	h2	TypeI	1	HG03130_hap2_hprc_r2_v1.0.1_HML-2_1q23.3
1q23.3	HG03139	h1	TypeI	1	HG03139_hap1_hprc_r2_v1.0.1_HML-2_1q23.3
1q23.3	HG03139	h2	TypeI	1	HG03139_hap2_hprc_r2_v1.0.1_HML-2_1q23.3
1q23.3	HG03195	h1	TypeI	1	HG03195_hap1_hprc_r2_v1.0.1_HML-2_1q23.3
1q23.3	HG03195	h2	TypeI	1	HG03195_hap2_hprc_r2_v1.0.1_HML-2_1q23.3
1q23.3	HG03209	h1	TypeI	1	HG03209_hap1_hprc_r2_v1.0.1_HML-2_1q23.3
1q23.3	HG03209	h2	TypeI	1	HG03209_hap2_hprc_r2_v1.0.1_HML-2_1q23.3
1q23.3	HG03225	h1	TypeI	1	HG03225_hap1_hprc_r2_v1.0.1_HML-2_1q23.3
1q23.3	HG03225	h2	TypeI	1	HG03225_hap2_hprc_r2_v1.0.1_HML-2_1q23.3
1q23.3	HG03239	mat	TypeI	1	HG03239_mat_hprc_r2_v1.0.1_HML-2_1q23.3
1q23.3	HG03239	pat	TypeI	1	HG03239_pat_hprc_r2_v1.0.1_HML-2_1q23.3
1q23.3	HG03248	h1	TypeI	1	HG03248_h1_HML-2_1q23.3_graph_hgsvc3-2024-02-23-mc-chm13
1q23.3	HG03248	h2	TypeI	1	HG03248_h2_HML-2_1q23.3_graph_hgsvc3-2024-02-23-mc-chm13
1q23.3	HG03270	h1	TypeI	1	HG03270_hap1_hprc_r2_v1.0.1_HML-2_1q23.3
1q23.3	HG03270	h2	TypeI	1	HG03270_hap2_hprc_r2_v1.0.1_HML-2_1q23.3
1q23.3	HG03369	h1	TypeI	1	HG03369_hap1_hprc_r2_v1.0.1_HML-2_1q23.3
1q23.3	HG03369	h2	TypeI	1	HG03369_hap2_hprc_r2_v1.0.1_HML-2_1q23.3
1q23.3	HG03371	h1	TypeI	1	HG03371_h1_HML-2_1q23.3_graph_hgsvc3-2024-02-23-mc-chm13
1q23.3	HG03371	h2	TypeI	1	HG03371_h2_HML-2_1q23.3_graph_hgsvc3-2024-02-23-mc-chm13
1q23.3	HG03452	h1	TypeI	1	HG03452_h1_HML-2_1q23.3_graph_hgsvc3-2024-02-23-mc-chm13
1q23.3	HG03452	h2	TypeI	1	HG03452_h2_HML-2_1q23.3_graph_hgsvc3-2024-02-23-mc-chm13
1q23.3	HG03453	mat	TypeI	1	HG03453_mat_hprc_r2_v1.0.1_HML-2_1q23.3
1q23.3	HG03453	pat	TypeI	1	HG03453_pat_hprc_r2_v1.0.1_HML-2_1q23.3
1q23.3	HG03456	h1	TypeI	1	HG03456_h1_HML-2_1q23.3_graph_hgsvc3-2024-02-23-mc-chm13
1q23.3	HG03456	h2	TypeI	1	HG03456_h2_HML-2_1q23.3_graph_hgsvc3-2024-02-23-mc-chm13
1q23.3	HG03470	h1	TypeI	1	HG03470_hap1_hprc_r2_v1.0.1_HML-2_1q23.3
1q23.3	HG03470	h2	TypeI	1	HG03470_hap2_hprc_r2_v1.0.1_HML-2_1q23.3
1q23.3	HG03471	h1	TypeI	1	HG03471_hap1_hprc_r2_v1.0.1_HML-2_1q23.3
1q23.3	HG03471	h2	TypeI	1	HG03471_hap2_hprc_r2_v1.0.1_HML-2_1q23.3
1q23.3	HG03486	mat	TypeI	1	HG03486_mat_hprc_r2_v1.0.1_HML-2_1q23.3
1q23.3	HG03486	pat	TypeI	1	HG03486_pat_hprc_r2_v1.0.1_HML-2_1q23.3
1q23.3	HG03516	mat	TypeI	1	HG03516_mat_hprc_r2_v1.1.0_HML-2_1q23.3
1q23.3	HG03516	pat	TypeI	1	HG03516_pat_hprc_r2_v1.1.0_HML-2_1q23.3
1q23.3	HG03520	h1	TypeI	1	HG03520_h1_HML-2_1q23.3_graph_hgsvc3-2024-02-23-mc-chm13
1q23.3	HG03520	h2	TypeI	1	HG03520_h2_HML-2_1q23.3_graph_hgsvc3-2024-02-23-mc-chm13
1q23.3	HG03521	h1	TypeI	1	HG03521_hap1_hprc_r2_v1.0.1_HML-2_1q23.3
1q23.3	HG03521	h2	TypeI	1	HG03521_hap2_hprc_r2_v1.0.1_HML-2_1q23.3
1q23.3	HG03540	mat	TypeI	1	HG03540_mat_hprc_r2_v1.0.1_HML-2_1q23.3
1q23.3	HG03540	pat	TypeI	1	HG03540_pat_hprc_r2_v1.0.1_HML-2_1q23.3
1q23.3	HG03579	mat	TypeI	1	HG03579_mat_hprc_r2_v1.0.1_HML-2_1q23.3
1q23.3	HG03579	pat	TypeI	1	HG03579_pat_hprc_r2_v1.0.1_HML-2_1q23.3
1q23.3	HG03583	h1	TypeI	1	HG03583_hap1_hprc_r2_v1.0.1_HML-2_1q23.3
1q23.3	HG03583	h2	TypeI	1	HG03583_hap2_hprc_r2_v1.0.1_HML-2_1q23.3
1q23.3	HG03654	mat	TypeI	1	HG03654_mat_hprc_r2_v1.0.1_HML-2_1q23.3
1q23.3	HG03654	pat	TypeI	1	HG03654_pat_hprc_r2_v1.0.1_HML-2_1q23.3
1q23.3	HG03669	mat	TypeI	1	HG03669_mat_hprc_r2_v1.0.1_HML-2_1q23.3
1q23.3	HG03669	pat	TypeI	1	HG03669_pat_hprc_r2_v1.0.1_HML-2_1q23.3
1q23.3	HG03683	h1	TypeI	1	HG03683_h1_HML-2_1q23.3_graph_hgsvc3-2024-02-23-mc-chm13
1q23.3	HG03683	h2	TypeI	1	HG03683_h2_HML-2_1q23.3_graph_hgsvc3-2024-02-23-mc-chm13
1q23.3	HG03688	mat	TypeI	1	HG03688_mat_hprc_r2_v1.0.1_HML-2_1q23.3
1q23.3	HG03688	pat	TypeI	1	HG03688_pat_hprc_r2_v1.0.1_HML-2_1q23.3
1q23.3	HG03704	mat	TypeI	1	HG03704_mat_hprc_r2_v1.0.1_HML-2_1q23.3
1q23.3	HG03704	pat	TypeI	1	HG03704_pat_hprc_r2_v1.0.1_HML-2_1q23.3
1q23.3	HG03710	mat	TypeI	1	HG03710_mat_hprc_r2_v1.0.1_HML-2_1q23.3
1q23.3	HG03710	pat	TypeI	1	HG03710_pat_hprc_r2_v1.0.1_HML-2_1q23.3
1q23.3	HG03732	h1	TypeI	1	HG03732_h1_HML-2_1q23.3_graph_hgsvc3-2024-02-23-mc-chm13
1q23.3	HG03732	h2	TypeI	1	HG03732_h2_HML-2_1q23.3_graph_hgsvc3-2024-02-23-mc-chm13
1q23.3	HG03742	h1	TypeI	1	HG03742_hap1_hprc_r2_v1.0.1_HML-2_1q23.3
1q23.3	HG03742	h2	TypeI	1	HG03742_hap2_hprc_r2_v1.0.1_HML-2_1q23.3
1q23.3	HG03784	h1	TypeI	1	HG03784_hap1_hprc_r2_v1.0.1_HML-2_1q23.3
1q23.3	HG03784	h2	TypeI	1	HG03784_hap2_hprc_r2_v1.0.1_HML-2_1q23.3
1q23.3	HG03804	mat	TypeI	1	HG03804_mat_hprc_r2_v1.0.1_HML-2_1q23.3
1q23.3	HG03804	pat	TypeI	1	HG03804_pat_hprc_r2_v1.0.1_HML-2_1q23.3
1q23.3	HG03807	h1	TypeI	1	HG03807_h1_HML-2_1q23.3_graph_hgsvc3-2024-02-23-mc-chm13
1q23.3	HG03807	h2	TypeI	1	HG03807_h2_HML-2_1q23.3_graph_hgsvc3-2024-02-23-mc-chm13
1q23.3	HG03816	mat	TypeI	1	HG03816_mat_hprc_r2_v1.0.1_HML-2_1q23.3
1q23.3	HG03816	pat	TypeI	1	HG03816_pat_hprc_r2_v1.0.1_HML-2_1q23.3
1q23.3	HG03831	mat	TypeI	1	HG03831_mat_hprc_r2_v1.0.1_HML-2_1q23.3
1q23.3	HG03831	pat	TypeI	1	HG03831_pat_hprc_r2_v1.0.1_HML-2_1q23.3
1q23.3	HG03834	mat	TypeI	1	HG03834_mat_hprc_r2_v1.0.1_HML-2_1q23.3
1q23.3	HG03834	pat	TypeI	1	HG03834_pat_hprc_r2_v1.0.1_HML-2_1q23.3
1q23.3	HG03874	h1	TypeI	1	HG03874_hap1_hprc_r2_v1.0.1_HML-2_1q23.3
1q23.3	HG03874	h2	TypeI	1	HG03874_hap2_hprc_r2_v1.0.1_HML-2_1q23.3
1q23.3	HG03927	mat	TypeI	1	HG03927_mat_hprc_r2_v1.0.1_HML-2_1q23.3
1q23.3	HG03927	pat	TypeI	1	HG03927_pat_hprc_r2_v1.0.1_HML-2_1q23.3
1q23.3	HG03942	mat	TypeI	1	HG03942_mat_hprc_r2_v1.0.1_HML-2_1q23.3
1q23.3	HG03942	pat	TypeI	1	HG03942_pat_hprc_r2_v1.0.1_HML-2_1q23.3
1q23.3	HG04036	h1	TypeI	1	HG04036_h1_HML-2_1q23.3_graph_hgsvc3-2024-02-23-mc-chm13
1q23.3	HG04036	h2	TypeI	1	HG04036_h2_HML-2_1q23.3_graph_hgsvc3-2024-02-23-mc-chm13
1q23.3	HG04115	mat	TypeI	1	HG04115_mat_hprc_r2_v1.0.1_HML-2_1q23.3
1q23.3	HG04115	pat	TypeI	1	HG04115_pat_hprc_r2_v1.0.1_HML-2_1q23.3
1q23.3	HG04157	mat	TypeI	1	HG04157_mat_hprc_r2_v1.0.1_HML-2_1q23.3
1q23.3	HG04157	pat	TypeI	1	HG04157_pat_hprc_r2_v1.0.1_HML-2_1q23.3
1q23.3	HG04160	mat	TypeI	1	HG04160_mat_hprc_r2_v1.0.1_HML-2_1q23.3
1q23.3	HG04160	pat	TypeI	1	HG04160_pat_hprc_r2_v1.0.1_HML-2_1q23.3
1q23.3	HG04184	mat	TypeI	1	HG04184_mat_hprc_r2_v1.0.1_HML-2_1q23.3
1q23.3	HG04184	pat	TypeI	1	HG04184_pat_hprc_r2_v1.0.1_HML-2_1q23.3
1q23.3	HG04187	mat	TypeI	1	HG04187_mat_hprc_r2_v1.0.1_HML-2_1q23.3
1q23.3	HG04187	pat	TypeI	1	HG04187_pat_hprc_r2_v1.0.1_HML-2_1q23.3
1q23.3	HG04199	mat	TypeI	1	HG04199_mat_hprc_r2_v1.0.1_HML-2_1q23.3
1q23.3	HG04199	pat	TypeI	1	HG04199_pat_hprc_r2_v1.0.1_HML-2_1q23.3
1q23.3	HG04204	mat	TypeI	1	HG04204_mat_hprc_r2_v1.0.1_HML-2_1q23.3
1q23.3	HG04204	pat	TypeI	1	HG04204_pat_hprc_r2_v1.0.1_HML-2_1q23.3
1q23.3	HG04217	h1	TypeI	1	HG04217_h1_HML-2_1q23.3_graph_hgsvc3-2024-02-23-mc-chm13
1q23.3	HG04217	h2	TypeI	1	HG04217_h2_HML-2_1q23.3_graph_hgsvc3-2024-02-23-mc-chm13
1q23.3	HG04228	mat	TypeI	1	HG04228_mat_hprc_r2_v1.0.1_HML-2_1q23.3
1q23.3	HG04228	pat	TypeI	1	HG04228_pat_hprc_r2_v1.0.1_HML-2_1q23.3
1q23.3	HG06807	mat	TypeI	1	HG06807_mat_v1.0.genbank_HML-2_1q23.3
1q23.3	HG06807	pat	TypeI	1	HG06807_pat_v1.0.genbank_HML-2_1q23.3
1q23.3	NA12329	h1	TypeI	1	NA12329_h1_HML-2_1q23.3_graph_hgsvc3-2024-02-23-mc-chm13
1q23.3	NA12329	h2	TypeI	1	NA12329_h2_HML-2_1q23.3_graph_hgsvc3-2024-02-23-mc-chm13
1q23.3	NA18505	h1	TypeI	1	NA18505_hap1_hprc_r2_v1.0.1_HML-2_1q23.3
1q23.3	NA18505	h2	TypeI	1	NA18505_hap2_hprc_r2_v1.0.1_HML-2_1q23.3
1q23.3	NA18508	h1	TypeI	1	NA18508_hap1_hprc_r2_v1.0.1_HML-2_1q23.3
1q23.3	NA18508	h2	TypeI	1	NA18508_hap2_hprc_r2_v1.0.1_HML-2_1q23.3
1q23.3	NA18522	h1	TypeI	1	NA18522_hap1_hprc_r2_v1.0.1_HML-2_1q23.3
1q23.3	NA18522	h2	TypeI	1	NA18522_hap2_hprc_r2_v1.0.1_HML-2_1q23.3
1q23.3	NA18534	h1	TypeI	1	NA18534_h1_HML-2_1q23.3_graph_hgsvc3-2024-02-23-mc-chm13
1q23.3	NA18534	h2	TypeI	1	NA18534_h2_HML-2_1q23.3_graph_hgsvc3-2024-02-23-mc-chm13
1q23.3	NA18565	h1	TypeI	1	NA18565_hap1_hprc_r2_v1.0.1_HML-2_1q23.3
1q23.3	NA18565	h2	TypeI	1	NA18565_hap2_hprc_r2_v1.0.1_HML-2_1q23.3
1q23.3	NA18570	h1	TypeI	1	NA18570_hap1_hprc_r2_v1.0.1_HML-2_1q23.3
1q23.3	NA18570	h2	TypeI	1	NA18570_hap2_hprc_r2_v1.0.1_HML-2_1q23.3
1q23.3	NA18608	h1	TypeI	1	NA18608_hap1_hprc_r2_v1.0.1_HML-2_1q23.3
1q23.3	NA18608	h2	TypeI	1	NA18608_hap2_hprc_r2_v1.0.1_HML-2_1q23.3
1q23.3	NA18620	h1	TypeI	1	NA18620_hap1_hprc_r2_v1.0.1_HML-2_1q23.3
1q23.3	NA18620	h2	TypeI	1	NA18620_hap2_hprc_r2_v1.0.1_HML-2_1q23.3
1q23.3	NA18747	h1	TypeI	1	NA18747_hap1_hprc_r2_v1.0.1_HML-2_1q23.3
1q23.3	NA18747	h2	TypeI	1	NA18747_hap2_hprc_r2_v1.0.1_HML-2_1q23.3
1q23.3	NA18879	h1	TypeI	1	NA18879_hap1_hprc_r2_v1.0.1_HML-2_1q23.3
1q23.3	NA18879	h2	TypeI	1	NA18879_hap2_hprc_r2_v1.0.1_HML-2_1q23.3
1q23.3	NA18906	mat	TypeI	1	NA18906_mat_hprc_r2_v1.0.1_HML-2_1q23.3
1q23.3	NA18906	pat	TypeI	1	NA18906_pat_hprc_r2_v1.0.1_HML-2_1q23.3
1q23.3	NA18939	h1	TypeI	1	NA18939_h1_HML-2_1q23.3_graph_hgsvc3-2024-02-23-mc-chm13
1q23.3	NA18939	h2	TypeI	1	NA18939_h2_HML-2_1q23.3_graph_hgsvc3-2024-02-23-mc-chm13
1q23.3	NA18940	h1	TypeI	1	NA18940_hap1_hprc_r2_v1.0.1_HML-2_1q23.3
1q23.3	NA18940	h2	TypeI	1	NA18940_hap2_hprc_r2_v1.0.1_HML-2_1q23.3
1q23.3	NA18943	h1	TypeI	1	NA18943_hap1_hprc_r2_v1.0.1_HML-2_1q23.3
1q23.3	NA18943	h2	TypeI	1	NA18943_hap2_hprc_r2_v1.0.1_HML-2_1q23.3
1q23.3	NA18944	h1	TypeI	1	NA18944_hap1_hprc_r2_v1.0.1_HML-2_1q23.3
1q23.3	NA18944	h2	TypeI	1	NA18944_hap2_hprc_r2_v1.0.1_HML-2_1q23.3
1q23.3	NA18945	h1	TypeI	1	NA18945_hap1_hprc_r2_v1.0.1_HML-2_1q23.3
1q23.3	NA18945	h2	TypeI	1	NA18945_hap2_hprc_r2_v1.0.1_HML-2_1q23.3
1q23.3	NA18948	h1	TypeI	1	NA18948_hap1_hprc_r2_v1.0.1_HML-2_1q23.3
1q23.3	NA18948	h2	TypeI	1	NA18948_hap2_hprc_r2_v1.0.1_HML-2_1q23.3
1q23.3	NA18952	h1	TypeI	1	NA18952_hap1_hprc_r2_v1.0.1_HML-2_1q23.3
1q23.3	NA18952	h2	TypeI	1	NA18952_hap2_hprc_r2_v1.0.1_HML-2_1q23.3
1q23.3	NA18959	h1	TypeI	1	NA18959_hap1_hprc_r2_v1.0.1_HML-2_1q23.3
1q23.3	NA18959	h2	TypeI	1	NA18959_hap2_hprc_r2_v1.0.1_HML-2_1q23.3
1q23.3	NA18960	h1	TypeI	1	NA18960_hap1_hprc_r2_v1.0.1_HML-2_1q23.3
1q23.3	NA18960	h2	TypeI	1	NA18960_hap2_hprc_r2_v1.0.1_HML-2_1q23.3
1q23.3	NA18967	h1	TypeI	1	NA18967_hap1_hprc_r2_v1.0.1_HML-2_1q23.3
1q23.3	NA18967	h2	TypeI	1	NA18967_hap2_hprc_r2_v1.0.1_HML-2_1q23.3
1q23.3	NA18970	h1	TypeI	1	NA18970_hap1_hprc_r2_v1.0.1_HML-2_1q23.3
1q23.3	NA18970	h2	TypeI	1	NA18970_hap2_hprc_r2_v1.0.1_HML-2_1q23.3
1q23.3	NA18971	h1	TypeI	1	NA18971_hap1_hprc_r2_v1.0.1_HML-2_1q23.3
1q23.3	NA18971	h2	TypeI	1	NA18971_hap2_hprc_r2_v1.0.1_HML-2_1q23.3
1q23.3	NA18974	h1	TypeI	1	NA18974_hap1_hprc_r2_v1.0.1_HML-2_1q23.3
1q23.3	NA18974	h2	TypeI	1	NA18974_hap2_hprc_r2_v1.0.1_HML-2_1q23.3
1q23.3	NA18976	h1	TypeI	1	NA18976_hap1_hprc_r2_v1.0.1_HML-2_1q23.3
1q23.3	NA18976	h2	TypeI	1	NA18976_hap2_hprc_r2_v1.0.1_HML-2_1q23.3
1q23.3	NA18982	h1	TypeI	1	NA18982_hap1_hprc_r2_v1.0.1_HML-2_1q23.3
1q23.3	NA18982	h2	TypeI	1	NA18982_hap2_hprc_r2_v1.0.1_HML-2_1q23.3
1q23.3	NA18983	h1	TypeI	1	NA18983_hap1_hprc_r2_v1.0.1_HML-2_1q23.3
1q23.3	NA18983	h2	TypeI	1	NA18983_hap2_hprc_r2_v1.0.1_HML-2_1q23.3
1q23.3	NA18989	h1	TypeI	1	NA18989_h1_HML-2_1q23.3_graph_hgsvc3-2024-02-23-mc-chm13
1q23.3	NA18989	h2	TypeI	1	NA18989_h2_HML-2_1q23.3_graph_hgsvc3-2024-02-23-mc-chm13
1q23.3	NA19036	h1	TypeI	1	NA19036_hap1_hprc_r2_v1.0.1_HML-2_1q23.3
1q23.3	NA19036	h2	TypeI	1	NA19036_hap2_hprc_r2_v1.0.1_HML-2_1q23.3
1q23.3	NA19043	h1	TypeI	1	NA19043_hap1_hprc_r2_v1.0.1_HML-2_1q23.3
1q23.3	NA19043	h2	TypeI	1	NA19043_hap2_hprc_r2_v1.0.1_HML-2_1q23.3
1q23.3	NA19087	h1	TypeI	1	NA19087_hap1_hprc_r2_v1.0.1_HML-2_1q23.3
1q23.3	NA19087	h2	TypeI	1	NA19087_hap2_hprc_r2_v1.0.1_HML-2_1q23.3
1q23.3	NA19129	h1	TypeI	1	NA19129_h1_HML-2_1q23.3_graph_hgsvc3-2024-02-23-mc-chm13
1q23.3	NA19129	h2	TypeI	1	NA19129_h2_HML-2_1q23.3_graph_hgsvc3-2024-02-23-mc-chm13
1q23.3	NA19159	h1	TypeI	1	NA19159_hap1_hprc_r2_v1.0.1_HML-2_1q23.3
1q23.3	NA19159	h2	TypeI	1	NA19159_hap2_hprc_r2_v1.0.1_HML-2_1q23.3
1q23.3	NA19185	h1	TypeI	1	NA19185_hap1_hprc_r2_v1.0.1_HML-2_1q23.3
1q23.3	NA19185	h2	TypeI	1	NA19185_hap2_hprc_r2_v1.0.1_HML-2_1q23.3
1q23.3	NA19238	h1	TypeI	1	NA19238_h1_HML-2_1q23.3_graph_hgsvc3-2024-02-23-mc-chm13
1q23.3	NA19238	h2	TypeI	1	NA19238_h2_HML-2_1q23.3_graph_hgsvc3-2024-02-23-mc-chm13
1q23.3	NA19239	h1	TypeI	1	NA19239_h1_HML-2_1q23.3_graph_hgsvc3-2024-02-23-mc-chm13
1q23.3	NA19239	h2	TypeI	1	NA19239_h2_HML-2_1q23.3_graph_hgsvc3-2024-02-23-mc-chm13
1q23.3	NA19240	mat	TypeI	1	NA19240_mat_hprc_r2_v1.0.1_HML-2_1q23.3
1q23.3	NA19240	pat	TypeI	1	NA19240_pat_hprc_r2_v1.0.1_HML-2_1q23.3
1q23.3	NA19317	h1	TypeI	1	NA19317_h1_HML-2_1q23.3_graph_hgsvc3-2024-02-23-mc-chm13
1q23.3	NA19317	h2	TypeI	1	NA19317_h2_HML-2_1q23.3_graph_hgsvc3-2024-02-23-mc-chm13
1q23.3	NA19331	h1	TypeI	1	NA19331_h1_HML-2_1q23.3_graph_hgsvc3-2024-02-23-mc-chm13
1q23.3	NA19331	h2	TypeI	1	NA19331_h2_HML-2_1q23.3_graph_hgsvc3-2024-02-23-mc-chm13
1q23.3	NA19338	h1	TypeI	1	NA19338_hap1_hprc_r2_v1.0.1_HML-2_1q23.3
1q23.3	NA19338	h2	TypeI	1	NA19338_hap2_hprc_r2_v1.0.1_HML-2_1q23.3
1q23.3	NA19347	h1	TypeI	1	NA19347_h1_HML-2_1q23.3_graph_hgsvc3-2024-02-23-mc-chm13
1q23.3	NA19347	h2	TypeI	1	NA19347_h2_HML-2_1q23.3_graph_hgsvc3-2024-02-23-mc-chm13
1q23.3	NA19384	h1	TypeI	1	NA19384_h1_HML-2_1q23.3_graph_hgsvc3-2024-02-23-mc-chm13
1q23.3	NA19384	h2	TypeI	1	NA19384_h2_HML-2_1q23.3_graph_hgsvc3-2024-02-23-mc-chm13
1q23.3	NA19391	h1	TypeI	1	NA19391_hap1_hprc_r2_v1.0.1_HML-2_1q23.3
1q23.3	NA19391	h2	TypeI	1	NA19391_hap2_hprc_r2_v1.0.1_HML-2_1q23.3
1q23.3	NA19434	h1	TypeI	1	NA19434_h1_HML-2_1q23.3_graph_hgsvc3-2024-02-23-mc-chm13
1q23.3	NA19434	h2	TypeI	1	NA19434_h2_HML-2_1q23.3_graph_hgsvc3-2024-02-23-mc-chm13
1q23.3	NA19443	h1	TypeI	1	NA19443_hap1_hprc_r2_v1.0.1_HML-2_1q23.3
1q23.3	NA19443	h2	TypeI	1	NA19443_hap2_hprc_r2_v1.0.1_HML-2_1q23.3
1q23.3	NA19468	h1	TypeI	1	NA19468_hap1_hprc_r2_v1.0.1_HML-2_1q23.3
1q23.3	NA19468	h2	TypeI	1	NA19468_hap2_hprc_r2_v1.0.1_HML-2_1q23.3
1q23.3	NA19650	h1	TypeI	1	NA19650_h1_HML-2_1q23.3_graph_hgsvc3-2024-02-23-mc-chm13
1q23.3	NA19650	h2	TypeI	1	NA19650_h2_HML-2_1q23.3_graph_hgsvc3-2024-02-23-mc-chm13
1q23.3	NA19682	h1	TypeI	1	NA19682_hap1_hprc_r2_v1.0.1_HML-2_1q23.3
1q23.3	NA19682	h2	TypeI	1	NA19682_hap2_hprc_r2_v1.0.1_HML-2_1q23.3
1q23.3	NA19700	h1	TypeI	1	NA19700_hap1_hprc_r2_v1.0.1_HML-2_1q23.3
1q23.3	NA19700	h2	TypeI	1	NA19700_hap2_hprc_r2_v1.0.1_HML-2_1q23.3
1q23.3	NA19705	h1	TypeI	1	NA19705_h1_HML-2_1q23.3_graph_hgsvc3-2024-02-23-mc-chm13
1q23.3	NA19705	h2	TypeI	1	NA19705_h2_HML-2_1q23.3_graph_hgsvc3-2024-02-23-mc-chm13
1q23.3	NA19776	h1	TypeI	1	NA19776_hap1_hprc_r2_v1.0.1_HML-2_1q23.3
1q23.3	NA19776	h2	TypeI	1	NA19776_hap2_hprc_r2_v1.0.1_HML-2_1q23.3
1q23.3	NA19835	h1	TypeI	1	NA19835_hap1_hprc_r2_v1.0.1_HML-2_1q23.3
1q23.3	NA19835	h2	TypeI	1	NA19835_hap2_hprc_r2_v1.0.1_HML-2_1q23.3
1q23.3	NA19836	h1	TypeI	1	NA19836_h1_HML-2_1q23.3_graph_hgsvc3-2024-02-23-mc-chm13
1q23.3	NA19836	h2	TypeI	1	NA19836_h2_HML-2_1q23.3_graph_hgsvc3-2024-02-23-mc-chm13
1q23.3	NA19909	h1	TypeI	1	NA19909_hap1_hprc_r2_v1.0.1_HML-2_1q23.3
1q23.3	NA19909	h2	TypeI	1	NA19909_hap2_hprc_r2_v1.0.1_HML-2_1q23.3
1q23.3	NA19983	h1	TypeI	1	NA19983_h1_HML-2_1q23.3_graph_hgsvc3-2024-02-23-mc-chm13
1q23.3	NA19983	h2	TypeI	1	NA19983_h2_HML-2_1q23.3_graph_hgsvc3-2024-02-23-mc-chm13
1q23.3	NA20129	mat	TypeI	1	NA20129_mat_hprc_r2_v1.0.1_HML-2_1q23.3
1q23.3	NA20129	pat	TypeI	1	NA20129_pat_hprc_r2_v1.0.1_HML-2_1q23.3
1q23.3	NA20282	h1	TypeI	1	NA20282_hap1_hprc_r2_v1.0.1_HML-2_1q23.3
1q23.3	NA20282	h2	TypeI	1	NA20282_hap2_hprc_r2_v1.0.1_HML-2_1q23.3
1q23.3	NA20346	h1	TypeI	1	NA20346_hap1_hprc_r2_v1.0.1_HML-2_1q23.3
1q23.3	NA20346	h2	TypeI	1	NA20346_hap2_hprc_r2_v1.0.1_HML-2_1q23.3
1q23.3	NA20355	h1	TypeI	1	NA20355_h1_HML-2_1q23.3_graph_hgsvc3-2024-02-23-mc-chm13
1q23.3	NA20355	h2	TypeI	1	NA20355_h2_HML-2_1q23.3_graph_hgsvc3-2024-02-23-mc-chm13
1q23.3	NA20503	h1	TypeI	1	NA20503_hap1_hprc_r2_v1.0.1_HML-2_1q23.3
1q23.3	NA20503	h2	TypeI	1	NA20503_hap2_hprc_r2_v1.0.1_HML-2_1q23.3
1q23.3	NA20509	h1	TypeI	1	NA20509_h1_HML-2_1q23.3_graph_hgsvc3-2024-02-23-mc-chm13
1q23.3	NA20509	h2	TypeI	1	NA20509_h2_HML-2_1q23.3_graph_hgsvc3-2024-02-23-mc-chm13
1q23.3	NA20752	h1	TypeI	1	NA20752_hap1_hprc_r2_v1.0.1_HML-2_1q23.3
1q23.3	NA20752	h2	TypeI	1	NA20752_hap2_hprc_r2_v1.0.1_HML-2_1q23.3
1q23.3	NA20762	h1	TypeI	1	NA20762_hap1_hprc_r2_v1.0.1_HML-2_1q23.3
1q23.3	NA20762	h2	TypeI	1	NA20762_hap2_hprc_r2_v1.0.1_HML-2_1q23.3
1q23.3	NA20799	h1	TypeI	1	NA20799_hap1_hprc_r2_v1.0.1_HML-2_1q23.3
1q23.3	NA20799	h2	TypeI	1	NA20799_hap2_hprc_r2_v1.0.1_HML-2_1q23.3
1q23.3	NA20805	h1	TypeI	1	NA20805_hap1_hprc_r2_v1.0.1_HML-2_1q23.3
1q23.3	NA20805	h2	TypeI	1	NA20805_hap2_hprc_r2_v1.0.1_HML-2_1q23.3
1q23.3	NA20806	h1	TypeI	1	NA20806_hap1_hprc_r2_v1.0.1_HML-2_1q23.3
1q23.3	NA20806	h2	TypeI	1	NA20806_hap2_hprc_r2_v1.0.1_HML-2_1q23.3
1q23.3	NA20809	h1	TypeI	1	NA20809_hap1_hprc_r2_v1.0.1_HML-2_1q23.3
1q23.3	NA20809	h2	TypeI	1	NA20809_hap2_hprc_r2_v1.0.1_HML-2_1q23.3
1q23.3	NA20827	h1	TypeI	1	NA20827_hap1_hprc_r2_v1.0.1_HML-2_1q23.3
1q23.3	NA20827	h2	TypeI	1	NA20827_hap2_hprc_r2_v1.0.1_HML-2_1q23.3
1q23.3	NA20847	h1	TypeI	1	NA20847_h1_HML-2_1q23.3_graph_hgsvc3-2024-02-23-mc-chm13
1q23.3	NA20847	h2	TypeI	1	NA20847_h2_HML-2_1q23.3_graph_hgsvc3-2024-02-23-mc-chm13
1q23.3	NA20850	h1	TypeI	1	NA20850_hap1_hprc_r2_v1.0.1_HML-2_1q23.3
1q23.3	NA20850	h2	TypeI	1	NA20850_hap2_hprc_r2_v1.0.1_HML-2_1q23.3
1q23.3	NA20870	h1	TypeI	1	NA20870_hap1_hprc_r2_v1.0.1_HML-2_1q23.3
1q23.3	NA20870	h2	TypeI	1	NA20870_hap2_hprc_r2_v1.0.1_HML-2_1q23.3
1q23.3	NA20905	h1	TypeI	1	NA20905_hap1_hprc_r2_v1.0.1_HML-2_1q23.3
1q23.3	NA20905	h2	TypeI	1	NA20905_hap2_hprc_r2_v1.0.1_HML-2_1q23.3
1q23.3	NA21093	h1	TypeI	1	NA21093_hap1_hprc_r2_v1.0.1_HML-2_1q23.3
1q23.3	NA21093	h2	TypeI	1	NA21093_hap2_hprc_r2_v1.0.1_HML-2_1q23.3
1q23.3	NA21102	h1	TypeI	1	NA21102_hap1_hprc_r2_v1.0.1_HML-2_1q23.3
1q23.3	NA21102	h2	TypeI	1	NA21102_hap2_hprc_r2_v1.0.1_HML-2_1q23.3
1q23.3	NA21106	h1	TypeI	1	NA21106_hap1_hprc_r2_v1.0.1_HML-2_1q23.3
1q23.3	NA21106	h2	TypeI	1	NA21106_hap2_hprc_r2_v1.0.1_HML-2_1q23.3
1q23.3	NA21110	h1	TypeI	1	NA21110_hap1_hprc_r2_v1.0.1_HML-2_1q23.3
1q23.3	NA21110	h2	TypeI	1	NA21110_hap2_hprc_r2_v1.0.1_HML-2_1q23.3
1q23.3	NA21144	h1	TypeI	1	NA21144_hap1_hprc_r2_v1.0.1_HML-2_1q23.3
1q23.3	NA21144	h2	TypeI	1	NA21144_hap2_hprc_r2_v1.0.1_HML-2_1q23.3
1q23.3	NA21309	mat	TypeI	1	NA21309_mat_hprc_r2_v1.0.1_HML-2_1q23.3
1q23.3	NA21309	pat	TypeI	1	NA21309_pat_hprc_r2_v1.0.1_HML-2_1q23.3
1q23.3	NA21487	h1	TypeI	1	NA21487_h1_HML-2_1q23.3_graph_hgsvc3-2024-02-23-mc-chm13
1q23.3	NA21487	h2	TypeI	1	NA21487_h2_HML-2_1q23.3_graph_hgsvc3-2024-02-23-mc-chm13
1q23.3	NA24385	h1	TypeI	1	NA24385_h1_HML-2_1q23.3_graph_hgsvc3-2024-02-23-mc-chm13
1q23.3	NA24385	h2	TypeI	1	NA24385_h2_HML-2_1q23.3_graph_hgsvc3-2024-02-23-mc-chm13
1q32.2	HG00096	h1	TypeI	1	HG00096_h1_HML-2_1q32.2_graph_hgsvc3-2024-02-23-mc-chm13
1q32.2	HG00096	h2	TypeI	1	HG00096_h2_HML-2_1q32.2_graph_hgsvc3-2024-02-23-mc-chm13
1q32.2	HG00097	h1	TypeI	1	HG00097_hap1_hprc_r2_v1.0.1_HML-2_1q32.2
1q32.2	HG00097	h2	TypeI	1	HG00097_hap2_hprc_r2_v1.0.1_HML-2_1q32.2
1q32.2	HG00099	h1	TypeI	1	HG00099_hap1_hprc_r2_v1.0.1_HML-2_1q32.2
1q32.2	HG00099	h2	TypeI	1	HG00099_hap2_hprc_r2_v1.0.1_HML-2_1q32.2
1q32.2	HG00126	h1	TypeI	1	HG00126_hap1_hprc_r2_v1.0.1_HML-2_1q32.2
1q32.2	HG00126	h2	TypeI	1	HG00126_hap2_hprc_r2_v1.0.1_HML-2_1q32.2
1q32.2	HG00128	h1	TypeI	1	HG00128_hap1_hprc_r2_v1.0.1_HML-2_1q32.2
1q32.2	HG00128	h2	TypeI	1	HG00128_hap2_hprc_r2_v1.0.1_HML-2_1q32.2
1q32.2	HG00133	h1	TypeI	1	HG00133_hap1_hprc_r2_v1.0.1_HML-2_1q32.2
1q32.2	HG00133	h2	TypeI	1	HG00133_hap2_hprc_r2_v1.0.1_HML-2_1q32.2
1q32.2	HG00140	h1	TypeI	1	HG00140_hap1_hprc_r2_v1.0.1_HML-2_1q32.2
1q32.2	HG00140	h2	TypeI	1	HG00140_hap2_hprc_r2_v1.0.1_HML-2_1q32.2
1q32.2	HG00146	h1	TypeI	1	HG00146_hap1_hprc_r2_v1.0.1_HML-2_1q32.2
1q32.2	HG00146	h2	TypeI	1	HG00146_hap2_hprc_r2_v1.0.1_HML-2_1q32.2
1q32.2	HG00171	h1	TypeI	1	HG00171_h1_HML-2_1q32.2_graph_hgsvc3-2024-02-23-mc-chm13
1q32.2	HG00171	h2	TypeI	1	HG00171_h2_HML-2_1q32.2_graph_hgsvc3-2024-02-23-mc-chm13
1q32.2	HG00232	h1	TypeI	1	HG00232_hap1_hprc_r2_v1.0.1_HML-2_1q32.2
1q32.2	HG00232	h2	TypeI	1	HG00232_hap2_hprc_r2_v1.0.1_HML-2_1q32.2
1q32.2	HG00235	h1	TypeI	1	HG00235_hap1_hprc_r2_v1.0.1_HML-2_1q32.2
1q32.2	HG00235	h2	TypeI	1	HG00235_hap2_hprc_r2_v1.0.1_HML-2_1q32.2
1q32.2	HG00253	h1	TypeI	1	HG00253_hap1_hprc_r2_v1.0.1_HML-2_1q32.2
1q32.2	HG00253	h2	TypeI	1	HG00253_hap2_hprc_r2_v1.0.1_HML-2_1q32.2
1q32.2	HG00268	h1	TypeI	1	HG00268_h1_HML-2_1q32.2_graph_hgsvc3-2024-02-23-mc-chm13
1q32.2	HG00268	h2	TypeI	1	HG00268_h2_HML-2_1q32.2_graph_hgsvc3-2024-02-23-mc-chm13
1q32.2	HG00272	h1	TypeI	1	HG00272_hap1_hprc_r2_v1.0.1_HML-2_1q32.2
1q32.2	HG00272	h2	TypeI	1	HG00272_hap2_hprc_r2_v1.0.1_HML-2_1q32.2
1q32.2	HG00280	h1	TypeI	1	HG00280_hap1_hprc_r2_v1.0.1_HML-2_1q32.2
1q32.2	HG00280	h2	TypeI	1	HG00280_hap2_hprc_r2_v1.0.1_HML-2_1q32.2
1q32.2	HG00290	h1	TypeI	1	HG00290_hap1_hprc_r2_v1.0.1_HML-2_1q32.2
1q32.2	HG00290	h2	TypeI	1	HG00290_hap2_hprc_r2_v1.0.1_HML-2_1q32.2
1q32.2	HG00320	h1	TypeI	1	HG00320_hap1_hprc_r2_v1.0.1_HML-2_1q32.2
1q32.2	HG00320	h2	TypeI	1	HG00320_hap2_hprc_r2_v1.0.1_HML-2_1q32.2
1q32.2	HG00321	h1	TypeI	1	HG00321_hap1_hprc_r2_v1.0.1_HML-2_1q32.2
1q32.2	HG00321	h2	TypeI	1	HG00321_hap2_hprc_r2_v1.0.1_HML-2_1q32.2
1q32.2	HG00323	h1	TypeI	1	HG00323_hap1_hprc_r2_v1.0.1_HML-2_1q32.2
1q32.2	HG00323	h2	TypeI	1	HG00323_hap2_hprc_r2_v1.0.1_HML-2_1q32.2
1q32.2	HG00329	h1	TypeI	1	HG00329_hap1_hprc_r2_v1.0.1_HML-2_1q32.2
1q32.2	HG00329	h2	TypeI	1	HG00329_hap2_hprc_r2_v1.0.1_HML-2_1q32.2
1q32.2	HG00344	h1	TypeI	1	HG00344_hap1_hprc_r2_v1.0.1_HML-2_1q32.2
1q32.2	HG00344	h2	TypeI	1	HG00344_hap2_hprc_r2_v1.0.1_HML-2_1q32.2
1q32.2	HG00350	h1	TypeI	1	HG00350_hap1_hprc_r2_v1.0.1_HML-2_1q32.2
1q32.2	HG00350	h2	TypeI	1	HG00350_hap2_hprc_r2_v1.0.1_HML-2_1q32.2
1q32.2	HG00358	h1	TypeI	1	HG00358_h1_HML-2_1q32.2_graph_hgsvc3-2024-02-23-mc-chm13
1q32.2	HG00358	h2	TypeI	1	HG00358_h2_HML-2_1q32.2_graph_hgsvc3-2024-02-23-mc-chm13
1q32.2	HG00408	mat	TypeI	1	HG00408_mat_hprc_r2_v1.0.1_HML-2_1q32.2
1q32.2	HG00408	pat	TypeI	1	HG00408_pat_hprc_r2_v1.0.1_HML-2_1q32.2
1q32.2	HG00423	mat	TypeI	1	HG00423_mat_hprc_r2_v1.0.1_HML-2_1q32.2
1q32.2	HG00423	pat	TypeI	1	HG00423_pat_hprc_r2_v1.0.1_HML-2_1q32.2
1q32.2	HG00438	mat	TypeI	1	HG00438_mat_hprc_r2_v1.0.1_HML-2_1q32.2
1q32.2	HG00438	pat	TypeI	1	HG00438_pat_hprc_r2_v1.0.1_HML-2_1q32.2
1q32.2	HG005	mat	TypeI	1	HG005_mat_hprc_r2_v1.0.1_HML-2_1q32.2
1q32.2	HG005	pat	TypeI	1	HG005_pat_hprc_r2_v1.0.1_HML-2_1q32.2
1q32.2	HG00512	h1	TypeI	1	HG00512_h1_HML-2_1q32.2_graph_hgsvc3-2024-02-23-mc-chm13
1q32.2	HG00512	h2	TypeI	1	HG00512_h2_HML-2_1q32.2_graph_hgsvc3-2024-02-23-mc-chm13
1q32.2	HG00513	h1	TypeI	1	HG00513_h1_HML-2_1q32.2_graph_hgsvc3-2024-02-23-mc-chm13
1q32.2	HG00513	h2	TypeI	1	HG00513_h2_HML-2_1q32.2_graph_hgsvc3-2024-02-23-mc-chm13
1q32.2	HG00514	h1	TypeI	1	HG00514_h1_HML-2_1q32.2_graph_hgsvc3-2024-02-23-mc-chm13
1q32.2	HG00514	h2	TypeI	1	HG00514_h2_HML-2_1q32.2_graph_hgsvc3-2024-02-23-mc-chm13
1q32.2	HG00544	mat	TypeI	1	HG00544_mat_hprc_r2_v1.0.1_HML-2_1q32.2
1q32.2	HG00544	pat	TypeI	1	HG00544_pat_hprc_r2_v1.0.1_HML-2_1q32.2
1q32.2	HG00558	mat	TypeI	1	HG00558_mat_hprc_r2_v1.0.1_HML-2_1q32.2
1q32.2	HG00558	pat	TypeI	1	HG00558_pat_hprc_r2_v1.0.1_HML-2_1q32.2
1q32.2	HG00597	mat	TypeI	1	HG00597_mat_hprc_r2_v1.0.1_HML-2_1q32.2
1q32.2	HG00597	pat	TypeI	1	HG00597_pat_hprc_r2_v1.0.1_HML-2_1q32.2
1q32.2	HG00609	mat	TypeI	1	HG00609_mat_hprc_r2_v1.0.1_HML-2_1q32.2
1q32.2	HG00609	pat	TypeI	1	HG00609_pat_hprc_r2_v1.0.1_HML-2_1q32.2
1q32.2	HG00621	mat	TypeI	1	HG00621_mat_hprc_r2_v1.0.1_HML-2_1q32.2
1q32.2	HG00621	pat	TypeI	1	HG00621_pat_hprc_r2_v1.0.1_HML-2_1q32.2
1q32.2	HG00639	mat	TypeI	1	HG00639_mat_hprc_r2_v1.0.1_HML-2_1q32.2
1q32.2	HG00639	pat	TypeI	1	HG00639_pat_hprc_r2_v1.0.1_HML-2_1q32.2
1q32.2	HG00642	mat	TypeI	1	HG00642_mat_hprc_r2_v1.0.1_HML-2_1q32.2
1q32.2	HG00642	pat	TypeI	1	HG00642_pat_hprc_r2_v1.0.1_HML-2_1q32.2
1q32.2	HG00658	mat	TypeI	1	HG00658_mat_hprc_r2_v1.0.1_HML-2_1q32.2
1q32.2	HG00658	pat	TypeI	1	HG00658_pat_hprc_r2_v1.0.1_HML-2_1q32.2
1q32.2	HG00673	mat	TypeI	1	HG00673_mat_hprc_r2_v1.0.1_HML-2_1q32.2
1q32.2	HG00673	pat	TypeI	1	HG00673_pat_hprc_r2_v1.0.1_HML-2_1q32.2
1q32.2	HG00706	mat	TypeI	1	HG00706_mat_hprc_r2_v1.0.1_HML-2_1q32.2
1q32.2	HG00706	pat	TypeI	1	HG00706_pat_hprc_r2_v1.0.1_HML-2_1q32.2
1q32.2	HG00731	h1	TypeI	1	HG00731_h1_HML-2_1q32.2_graph_hgsvc3-2024-02-23-mc-chm13
1q32.2	HG00731	h2	TypeI	1	HG00731_h2_HML-2_1q32.2_graph_hgsvc3-2024-02-23-mc-chm13
1q32.2	HG00732	h1	TypeI	1	HG00732_h1_HML-2_1q32.2_graph_hgsvc3-2024-02-23-mc-chm13
1q32.2	HG00732	h2	TypeI	1	HG00732_h2_HML-2_1q32.2_graph_hgsvc3-2024-02-23-mc-chm13
1q32.2	HG00733	mat	TypeI	1	HG00733_mat_hprc_r2_v1.0.1_HML-2_1q32.2
1q32.2	HG00733	pat	TypeI	1	HG00733_pat_hprc_r2_v1.0.1_HML-2_1q32.2
1q32.2	HG00735	mat	TypeI	1	HG00735_mat_hprc_r2_v1.0.1_HML-2_1q32.2
1q32.2	HG00735	pat	TypeI	1	HG00735_pat_hprc_r2_v1.0.1_HML-2_1q32.2
1q32.2	HG00738	mat	TypeI	1	HG00738_mat_hprc_r2_v1.0.1_HML-2_1q32.2
1q32.2	HG00738	pat	TypeI	1	HG00738_pat_hprc_r2_v1.0.1_HML-2_1q32.2
1q32.2	HG00741	mat	TypeI	1	HG00741_mat_hprc_r2_v1.0.1_HML-2_1q32.2
1q32.2	HG00741	pat	TypeI	1	HG00741_pat_hprc_r2_v1.0.1_HML-2_1q32.2
1q32.2	HG00864	h1	TypeI	1	HG00864_h1_HML-2_1q32.2_graph_hgsvc3-2024-02-23-mc-chm13
1q32.2	HG00864	h2	TypeI	1	HG00864_h2_HML-2_1q32.2_graph_hgsvc3-2024-02-23-mc-chm13
1q32.2	HG01071	mat	TypeI	1	HG01071_mat_hprc_r2_v1.0.1_HML-2_1q32.2
1q32.2	HG01071	pat	TypeI	1	HG01071_pat_hprc_r2_v1.0.1_HML-2_1q32.2
1q32.2	HG01074	mat	TypeI	1	HG01074_mat_hprc_r2_v1.0.1_HML-2_1q32.2
1q32.2	HG01074	pat	TypeI	1	HG01074_pat_hprc_r2_v1.0.1_HML-2_1q32.2
1q32.2	HG01081	mat	TypeI	1	HG01081_mat_hprc_r2_v1.0.1_HML-2_1q32.2
1q32.2	HG01081	pat	TypeI	1	HG01081_pat_hprc_r2_v1.0.1_HML-2_1q32.2
1q32.2	HG01099	mat	TypeI	1	HG01099_mat_hprc_r2_v1.0.1_HML-2_1q32.2
1q32.2	HG01099	pat	TypeI	1	HG01099_pat_hprc_r2_v1.0.1_HML-2_1q32.2
1q32.2	HG01106	mat	TypeI	1	HG01106_mat_hprc_r2_v1.0.1_HML-2_1q32.2
1q32.2	HG01106	pat	TypeI	1	HG01106_pat_hprc_r2_v1.0.1_HML-2_1q32.2
1q32.2	HG01109	mat	TypeI	1	HG01109_mat_hprc_r2_v1.0.1_HML-2_1q32.2
1q32.2	HG01109	pat	TypeI	1	HG01109_pat_hprc_r2_v1.0.1_HML-2_1q32.2
1q32.2	HG01114	h1	TypeI	1	HG01114_h1_HML-2_1q32.2_graph_hgsvc3-2024-02-23-mc-chm13
1q32.2	HG01114	h2	TypeI	1	HG01114_h2_HML-2_1q32.2_graph_hgsvc3-2024-02-23-mc-chm13
1q32.2	HG01123	mat	TypeI	1	HG01123_mat_hprc_r2_v1.0.1_HML-2_1q32.2
1q32.2	HG01123	pat	TypeI	1	HG01123_pat_hprc_r2_v1.0.1_HML-2_1q32.2
1q32.2	HG01150	mat	TypeI	1	HG01150_mat_hprc_r2_v1.0.1_HML-2_1q32.2
1q32.2	HG01150	pat	TypeI	1	HG01150_pat_hprc_r2_v1.0.1_HML-2_1q32.2
1q32.2	HG01167	h1	TypeI	1	HG01167_hap1_hprc_r2_v1.0.1_HML-2_1q32.2
1q32.2	HG01167	h2	TypeI	1	HG01167_hap2_hprc_r2_v1.0.1_HML-2_1q32.2
1q32.2	HG01175	mat	TypeI	1	HG01175_mat_hprc_r2_v1.0.1_HML-2_1q32.2
1q32.2	HG01175	pat	TypeI	1	HG01175_pat_hprc_r2_v1.0.1_HML-2_1q32.2
1q32.2	HG01192	mat	TypeI	1	HG01192_mat_hprc_r2_v1.0.1_HML-2_1q32.2
1q32.2	HG01192	pat	TypeI	1	HG01192_pat_hprc_r2_v1.0.1_HML-2_1q32.2
1q32.2	HG01243	mat	TypeI	1	HG01243_mat_hprc_r2_v1.0.1_HML-2_1q32.2
1q32.2	HG01243	pat	TypeI	1	HG01243_pat_hprc_r2_v1.0.1_HML-2_1q32.2
1q32.2	HG01252	mat	TypeI	1	HG01252_mat_hprc_r2_v1.0.1_HML-2_1q32.2
1q32.2	HG01252	pat	TypeI	1	HG01252_pat_hprc_r2_v1.0.1_HML-2_1q32.2
1q32.2	HG01255	mat	TypeI	1	HG01255_mat_hprc_r2_v1.0.1_HML-2_1q32.2
1q32.2	HG01255	pat	TypeI	1	HG01255_pat_hprc_r2_v1.0.1_HML-2_1q32.2
1q32.2	HG01258	mat	TypeI	1	HG01258_mat_hprc_r2_v1.0.1_HML-2_1q32.2
1q32.2	HG01258	pat	TypeI	1	HG01258_pat_hprc_r2_v1.0.1_HML-2_1q32.2
1q32.2	HG01261	mat	TypeI	1	HG01261_mat_hprc_r2_v1.0.1_HML-2_1q32.2
1q32.2	HG01261	pat	TypeI	1	HG01261_pat_hprc_r2_v1.0.1_HML-2_1q32.2
1q32.2	HG01346	mat	TypeI	1	HG01346_mat_hprc_r2_v1.0.1_HML-2_1q32.2
1q32.2	HG01346	pat	TypeI	1	HG01346_pat_hprc_r2_v1.0.1_HML-2_1q32.2
1q32.2	HG01352	h1	TypeI	1	HG01352_h1_HML-2_1q32.2_graph_hgsvc3-2024-02-23-mc-chm13
1q32.2	HG01352	h2	TypeI	1	HG01352_h2_HML-2_1q32.2_graph_hgsvc3-2024-02-23-mc-chm13
1q32.2	HG01358	mat	TypeI	1	HG01358_mat_hprc_r2_v1.0.1_HML-2_1q32.2
1q32.2	HG01358	pat	TypeI	1	HG01358_pat_hprc_r2_v1.0.1_HML-2_1q32.2
1q32.2	HG01361	mat	TypeI	1	HG01361_mat_hprc_r2_v1.0.1_HML-2_1q32.2
1q32.2	HG01361	pat	TypeI	1	HG01361_pat_hprc_r2_v1.0.1_HML-2_1q32.2
1q32.2	HG01433	mat	TypeI	1	HG01433_mat_hprc_r2_v1.0.1_HML-2_1q32.2
1q32.2	HG01433	pat	TypeI	1	HG01433_pat_hprc_r2_v1.0.1_HML-2_1q32.2
1q32.2	HG01457	h1	TypeI	1	HG01457_h1_HML-2_1q32.2_graph_hgsvc3-2024-02-23-mc-chm13
1q32.2	HG01457	h2	TypeI	1	HG01457_h2_HML-2_1q32.2_graph_hgsvc3-2024-02-23-mc-chm13
1q32.2	HG01496	mat	TypeI	1	HG01496_mat_hprc_r2_v1.0.1_HML-2_1q32.2
1q32.2	HG01496	pat	TypeI	1	HG01496_pat_hprc_r2_v1.0.1_HML-2_1q32.2
1q32.2	HG01505	h1	TypeI	1	HG01505_h1_HML-2_1q32.2_graph_hgsvc3-2024-02-23-mc-chm13
1q32.2	HG01505	h2	TypeI	1	HG01505_h2_HML-2_1q32.2_graph_hgsvc3-2024-02-23-mc-chm13
1q32.2	HG01530	h1	TypeI	1	HG01530_hap1_hprc_r2_v1.0.1_HML-2_1q32.2
1q32.2	HG01530	h2	TypeI	1	HG01530_hap2_hprc_r2_v1.0.1_HML-2_1q32.2
1q32.2	HG01573	h1	TypeI	1	HG01573_h1_HML-2_1q32.2_graph_hgsvc3-2024-02-23-mc-chm13
1q32.2	HG01573	h2	TypeI	1	HG01573_h2_HML-2_1q32.2_graph_hgsvc3-2024-02-23-mc-chm13
1q32.2	HG01596	h1	TypeI	1	HG01596_h1_HML-2_1q32.2_graph_hgsvc3-2024-02-23-mc-chm13
1q32.2	HG01596	h2	TypeI	1	HG01596_h2_HML-2_1q32.2_graph_hgsvc3-2024-02-23-mc-chm13
1q32.2	HG01784	h1	TypeI	1	HG01784_hap1_hprc_r2_v1.0.1_HML-2_1q32.2
1q32.2	HG01784	h2	TypeI	1	HG01784_hap2_hprc_r2_v1.0.1_HML-2_1q32.2
1q32.2	HG01786	h1	TypeI	1	HG01786_hap1_hprc_r2_v1.0.1_HML-2_1q32.2
1q32.2	HG01786	h2	TypeI	1	HG01786_hap2_hprc_r2_v1.0.1_HML-2_1q32.2
1q32.2	HG01884	mat	TypeI	1	HG01884_mat_hprc_r2_v1.0.1_HML-2_1q32.2
1q32.2	HG01884	pat	TypeI	1	HG01884_pat_hprc_r2_v1.0.1_HML-2_1q32.2
1q32.2	HG01890	h1	TypeI	1	HG01890_h1_HML-2_1q32.2_graph_hgsvc3-2024-02-23-mc-chm13
1q32.2	HG01890	h2	TypeI	1	HG01890_h2_HML-2_1q32.2_graph_hgsvc3-2024-02-23-mc-chm13
1q32.2	HG01891	mat	TypeI	1	HG01891_mat_hprc_r2_v1.0.1_HML-2_1q32.2
1q32.2	HG01891	pat	TypeI	1	HG01891_pat_hprc_r2_v1.0.1_HML-2_1q32.2
1q32.2	HG01928	mat	TypeI	1	HG01928_mat_hprc_r2_v1.0.1_HML-2_1q32.2
1q32.2	HG01928	pat	TypeI	1	HG01928_pat_hprc_r2_v1.0.1_HML-2_1q32.2
1q32.2	HG01934	mat	TypeI	1	HG01934_mat_hprc_r2_v1.0.1_HML-2_1q32.2
1q32.2	HG01934	pat	TypeI	1	HG01934_pat_hprc_r2_v1.0.1_HML-2_1q32.2
1q32.2	HG01940	mat	TypeI	1	HG01940_mat_hprc_r2_v1.0.1_HML-2_1q32.2
1q32.2	HG01940	pat	TypeI	1	HG01940_pat_hprc_r2_v1.0.1_HML-2_1q32.2
1q32.2	HG01943	mat	TypeI	1	HG01943_mat_hprc_r2_v1.0.1_HML-2_1q32.2
1q32.2	HG01943	pat	TypeI	1	HG01943_pat_hprc_r2_v1.0.1_HML-2_1q32.2
1q32.2	HG01952	mat	TypeI	1	HG01952_mat_hprc_r2_v1.0.1_HML-2_1q32.2
1q32.2	HG01952	pat	TypeI	1	HG01952_pat_hprc_r2_v1.0.1_HML-2_1q32.2
1q32.2	HG01960	mat	TypeI	1	HG01960_mat_hprc_r2_v1.0.1_HML-2_1q32.2
1q32.2	HG01960	pat	TypeI	1	HG01960_pat_hprc_r2_v1.0.1_HML-2_1q32.2
1q32.2	HG01969	mat	TypeI	1	HG01969_mat_hprc_r2_v1.0.1_HML-2_1q32.2
1q32.2	HG01969	pat	TypeI	1	HG01969_pat_hprc_r2_v1.0.1_HML-2_1q32.2
1q32.2	HG01975	mat	TypeI	1	HG01975_mat_hprc_r2_v1.0.1_HML-2_1q32.2
1q32.2	HG01975	pat	TypeI	1	HG01975_pat_hprc_r2_v1.0.1_HML-2_1q32.2
1q32.2	HG01978	mat	TypeI	1	HG01978_mat_hprc_r2_v1.1.0_HML-2_1q32.2
1q32.2	HG01978	pat	TypeI	1	HG01978_pat_hprc_r2_v1.1.0_HML-2_1q32.2
1q32.2	HG01981	mat	TypeI	1	HG01981_mat_hprc_r2_v1.0.1_HML-2_1q32.2
1q32.2	HG01981	pat	TypeI	1	HG01981_pat_hprc_r2_v1.0.1_HML-2_1q32.2
1q32.2	HG01993	mat	TypeI	1	HG01993_mat_hprc_r2_v1.0.1_HML-2_1q32.2
1q32.2	HG01993	pat	TypeI	1	HG01993_pat_hprc_r2_v1.0.1_HML-2_1q32.2
1q32.2	HG02004	mat	TypeI	1	HG02004_mat_hprc_r2_v1.0.1_HML-2_1q32.2
1q32.2	HG02004	pat	TypeI	1	HG02004_pat_hprc_r2_v1.0.1_HML-2_1q32.2
1q32.2	HG02011	h1	TypeI	1	HG02011_h1_HML-2_1q32.2_graph_hgsvc3-2024-02-23-mc-chm13
1q32.2	HG02011	h2	TypeI	1	HG02011_h2_HML-2_1q32.2_graph_hgsvc3-2024-02-23-mc-chm13
1q32.2	HG02015	mat	TypeI	1	HG02015_mat_hprc_r2_v1.0.1_HML-2_1q32.2
1q32.2	HG02015	pat	TypeI	1	HG02015_pat_hprc_r2_v1.0.1_HML-2_1q32.2
1q32.2	HG02018	h1	TypeI	1	HG02018_h1_HML-2_1q32.2_graph_hgsvc3-2024-02-23-mc-chm13
1q32.2	HG02018	h2	TypeI	1	HG02018_h2_HML-2_1q32.2_graph_hgsvc3-2024-02-23-mc-chm13
1q32.2	HG02027	mat	TypeI	1	HG02027_mat_hprc_r2_v1.0.1_HML-2_1q32.2
1q32.2	HG02027	pat	TypeI	1	HG02027_pat_hprc_r2_v1.0.1_HML-2_1q32.2
1q32.2	HG02040	h1	TypeI	1	HG02040_hap1_hprc_r2_v1.0.1_HML-2_1q32.2
1q32.2	HG02040	h2	TypeI	1	HG02040_hap2_hprc_r2_v1.0.1_HML-2_1q32.2
1q32.2	HG02055	mat	TypeI	1	HG02055_mat_hprc_r2_v1.0.1_HML-2_1q32.2
1q32.2	HG02055	pat	TypeI	1	HG02055_pat_hprc_r2_v1.0.1_HML-2_1q32.2
1q32.2	HG02056	mat	TypeI	1	HG02056_mat_hprc_r2_v1.0.1_HML-2_1q32.2
1q32.2	HG02056	pat	TypeI	1	HG02056_pat_hprc_r2_v1.0.1_HML-2_1q32.2
1q32.2	HG02059	h1	TypeI	1	HG02059_h1_HML-2_1q32.2_graph_hgsvc3-2024-02-23-mc-chm13
1q32.2	HG02059	h2	TypeI	1	HG02059_h2_HML-2_1q32.2_graph_hgsvc3-2024-02-23-mc-chm13
1q32.2	HG02071	mat	TypeI	1	HG02071_mat_hprc_r2_v1.0.1_HML-2_1q32.2
1q32.2	HG02071	pat	TypeI	1	HG02071_pat_hprc_r2_v1.0.1_HML-2_1q32.2
1q32.2	HG02074	mat	TypeI	1	HG02074_mat_hprc_r2_v1.0.1_HML-2_1q32.2
1q32.2	HG02074	pat	TypeI	1	HG02074_pat_hprc_r2_v1.0.1_HML-2_1q32.2
1q32.2	HG02080	mat	TypeI	1	HG02080_mat_hprc_r2_v1.0.1_HML-2_1q32.2
1q32.2	HG02080	pat	TypeI	1	HG02080_pat_hprc_r2_v1.0.1_HML-2_1q32.2
1q32.2	HG02083	mat	TypeI	1	HG02083_mat_hprc_r2_v1.0.1_HML-2_1q32.2
1q32.2	HG02083	pat	TypeI	1	HG02083_pat_hprc_r2_v1.0.1_HML-2_1q32.2
1q32.2	HG02106	h1	TypeI	1	HG02106_h1_HML-2_1q32.2_graph_hgsvc3-2024-02-23-mc-chm13
1q32.2	HG02106	h2	TypeI	1	HG02106_h2_HML-2_1q32.2_graph_hgsvc3-2024-02-23-mc-chm13
1q32.2	HG02109	mat	TypeI	1	HG02109_mat_hprc_r2_v1.0.1_HML-2_1q32.2
1q32.2	HG02109	pat	TypeI	1	HG02109_pat_hprc_r2_v1.0.1_HML-2_1q32.2
1q32.2	HG02129	mat	TypeI	1	HG02129_mat_hprc_r2_v1.0.1_HML-2_1q32.2
1q32.2	HG02129	pat	TypeI	1	HG02129_pat_hprc_r2_v1.0.1_HML-2_1q32.2
1q32.2	HG02132	mat	TypeI	1	HG02132_mat_hprc_r2_v1.0.1_HML-2_1q32.2
1q32.2	HG02132	pat	TypeI	1	HG02132_pat_hprc_r2_v1.0.1_HML-2_1q32.2
1q32.2	HG02135	mat	TypeI	1	HG02135_mat_hprc_r2_v1.0.1_HML-2_1q32.2
1q32.2	HG02135	pat	TypeI	1	HG02135_pat_hprc_r2_v1.0.1_HML-2_1q32.2
1q32.2	HG02145	mat	TypeI	1	HG02145_mat_hprc_r2_v1.0.1_HML-2_1q32.2
1q32.2	HG02145	pat	TypeI	1	HG02145_pat_hprc_r2_v1.0.1_HML-2_1q32.2
1q32.2	HG02148	mat	TypeI	1	HG02148_mat_hprc_r2_v1.0.1_HML-2_1q32.2
1q32.2	HG02148	pat	TypeI	1	HG02148_pat_hprc_r2_v1.0.1_HML-2_1q32.2
1q32.2	HG02155	h1	TypeI	1	HG02155_hap1_hprc_r2_v1.0.1_HML-2_1q32.2
1q32.2	HG02155	h2	TypeI	1	HG02155_hap2_hprc_r2_v1.0.1_HML-2_1q32.2
1q32.2	HG02165	h1	TypeI	1	HG02165_hap1_hprc_r2_v1.0.1_HML-2_1q32.2
1q32.2	HG02165	h2	TypeI	1	HG02165_hap2_hprc_r2_v1.0.1_HML-2_1q32.2
1q32.2	HG02178	h1	TypeI	1	HG02178_hap1_hprc_r2_v1.0.1_HML-2_1q32.2
1q32.2	HG02178	h2	TypeI	1	HG02178_hap2_hprc_r2_v1.0.1_HML-2_1q32.2
1q32.2	HG02257	mat	TypeI	1	HG02257_mat_hprc_r2_v1.1.0_HML-2_1q32.2
1q32.2	HG02257	pat	TypeI	1	HG02257_pat_hprc_r2_v1.1.0_HML-2_1q32.2
1q32.2	HG02258	mat	TypeI	1	HG02258_mat_hprc_r2_v1.0.1_HML-2_1q32.2
1q32.2	HG02258	pat	TypeI	1	HG02258_pat_hprc_r2_v1.0.1_HML-2_1q32.2
1q32.2	HG02273	h1	TypeI	1	HG02273_hap1_hprc_r2_v1.0.1_HML-2_1q32.2
1q32.2	HG02273	h2	TypeI	1	HG02273_hap2_hprc_r2_v1.0.1_HML-2_1q32.2
1q32.2	HG02280	mat	TypeI	1	HG02280_mat_hprc_r2_v1.0.1_HML-2_1q32.2
1q32.2	HG02280	pat	TypeI	1	HG02280_pat_hprc_r2_v1.0.1_HML-2_1q32.2
1q32.2	HG02282	h1	TypeI	1	HG02282_h1_HML-2_1q32.2_graph_hgsvc3-2024-02-23-mc-chm13
1q32.2	HG02282	h2	TypeI	1	HG02282_h2_HML-2_1q32.2_graph_hgsvc3-2024-02-23-mc-chm13
1q32.2	HG02293	mat	TypeI	1	HG02293_mat_hprc_r2_v1.0.1_HML-2_1q32.2
1q32.2	HG02293	pat	TypeI	1	HG02293_pat_hprc_r2_v1.0.1_HML-2_1q32.2
1q32.2	HG02300	mat	TypeI	1	HG02300_mat_hprc_r2_v1.0.1_HML-2_1q32.2
1q32.2	HG02300	pat	TypeI	1	HG02300_pat_hprc_r2_v1.0.1_HML-2_1q32.2
1q32.2	HG02391	h1	TypeI	1	HG02391_hap1_hprc_r2_v1.0.1_HML-2_1q32.2
1q32.2	HG02391	h2	TypeI	1	HG02391_hap2_hprc_r2_v1.0.1_HML-2_1q32.2
1q32.2	HG02392	h1	TypeI	1	HG02392_hap1_hprc_r2_v1.0.1_HML-2_1q32.2
1q32.2	HG02392	h2	TypeI	1	HG02392_hap2_hprc_r2_v1.0.1_HML-2_1q32.2
1q32.2	HG02451	mat	TypeI	1	HG02451_mat_hprc_r2_v1.0.1_HML-2_1q32.2
1q32.2	HG02451	pat	TypeI	1	HG02451_pat_hprc_r2_v1.0.1_HML-2_1q32.2
1q32.2	HG02486	mat	TypeI	1	HG02486_mat_hprc_r2_v1.0.1_HML-2_1q32.2
1q32.2	HG02486	pat	TypeI	1	HG02486_pat_hprc_r2_v1.0.1_HML-2_1q32.2
1q32.2	HG02492	h1	TypeI	1	HG02492_h1_HML-2_1q32.2_graph_hgsvc3-2024-02-23-mc-chm13
1q32.2	HG02492	h2	TypeI	1	HG02492_h2_HML-2_1q32.2_graph_hgsvc3-2024-02-23-mc-chm13
1q32.2	HG02514	mat	TypeI	1	HG02514_mat_hprc_r2_v1.0.1_HML-2_1q32.2
1q32.2	HG02514	pat	TypeI	1	HG02514_pat_hprc_r2_v1.0.1_HML-2_1q32.2
1q32.2	HG02523	mat	TypeI	1	HG02523_mat_hprc_r2_v1.0.1_HML-2_1q32.2
1q32.2	HG02523	pat	TypeI	1	HG02523_pat_hprc_r2_v1.0.1_HML-2_1q32.2
1q32.2	HG02554	h1	TypeI	1	HG02554_h1_HML-2_1q32.2_graph_hgsvc3-2024-02-23-mc-chm13
1q32.2	HG02554	h2	TypeI	1	HG02554_h2_HML-2_1q32.2_graph_hgsvc3-2024-02-23-mc-chm13
1q32.2	HG02559	mat	TypeI	1	HG02559_mat_hprc_r2_v1.0.1_HML-2_1q32.2
1q32.2	HG02559	pat	TypeI	1	HG02559_pat_hprc_r2_v1.0.1_HML-2_1q32.2
1q32.2	HG02572	mat	TypeI	1	HG02572_mat_hprc_r2_v1.0.1_HML-2_1q32.2
1q32.2	HG02572	pat	TypeI	1	HG02572_pat_hprc_r2_v1.0.1_HML-2_1q32.2
1q32.2	HG02583	h1	TypeI	1	HG02583_hap1_hprc_r2_v1.0.1_HML-2_1q32.2
1q32.2	HG02583	h2	TypeI	1	HG02583_hap2_hprc_r2_v1.0.1_HML-2_1q32.2
1q32.2	HG02587	h1	TypeI	1	HG02587_h1_HML-2_1q32.2_graph_hgsvc3-2024-02-23-mc-chm13
1q32.2	HG02587	h2	TypeI	1	HG02587_h2_HML-2_1q32.2_graph_hgsvc3-2024-02-23-mc-chm13
1q32.2	HG02602	mat	TypeI	1	HG02602_mat_hprc_r2_v1.0.1_HML-2_1q32.2
1q32.2	HG02602	pat	TypeI	1	HG02602_pat_hprc_r2_v1.0.1_HML-2_1q32.2
1q32.2	HG02615	mat	TypeI	1	HG02615_mat_hprc_r2_v1.0.1_HML-2_1q32.2
1q32.2	HG02615	pat	TypeI	1	HG02615_pat_hprc_r2_v1.0.1_HML-2_1q32.2
1q32.2	HG02622	mat	TypeI	1	HG02622_mat_hprc_r2_v1.0.1_HML-2_1q32.2
1q32.2	HG02622	pat	TypeI	1	HG02622_pat_hprc_r2_v1.0.1_HML-2_1q32.2
1q32.2	HG02630	mat	TypeI	1	HG02630_mat_hprc_r2_v1.0.1_HML-2_1q32.2
1q32.2	HG02630	pat	TypeI	1	HG02630_pat_hprc_r2_v1.0.1_HML-2_1q32.2
1q32.2	HG02647	mat	TypeI	1	HG02647_mat_hprc_r2_v1.0.1_HML-2_1q32.2
1q32.2	HG02647	pat	TypeI	1	HG02647_pat_hprc_r2_v1.0.1_HML-2_1q32.2
1q32.2	HG02666	h1	TypeI	1	HG02666_h1_HML-2_1q32.2_graph_hgsvc3-2024-02-23-mc-chm13
1q32.2	HG02666	h2	TypeI	1	HG02666_h2_HML-2_1q32.2_graph_hgsvc3-2024-02-23-mc-chm13
1q32.2	HG02668	mat	TypeI	1	HG02668_mat_hprc_r2_v1.0.1_HML-2_1q32.2
1q32.2	HG02668	pat	TypeI	1	HG02668_pat_hprc_r2_v1.0.1_HML-2_1q32.2
1q32.2	HG02698	mat	TypeI	1	HG02698_mat_hprc_r2_v1.0.1_HML-2_1q32.2
1q32.2	HG02698	pat	TypeI	1	HG02698_pat_hprc_r2_v1.0.1_HML-2_1q32.2
1q32.2	HG02717	mat	TypeI	1	HG02717_mat_hprc_r2_v1.0.1_HML-2_1q32.2
1q32.2	HG02717	pat	TypeI	1	HG02717_pat_hprc_r2_v1.0.1_HML-2_1q32.2
1q32.2	HG02723	mat	TypeI	1	HG02723_mat_hprc_r2_v1.0.1_HML-2_1q32.2
1q32.2	HG02723	pat	TypeI	1	HG02723_pat_hprc_r2_v1.0.1_HML-2_1q32.2
1q32.2	HG02735	mat	TypeI	1	HG02735_mat_hprc_r2_v1.0.1_HML-2_1q32.2
1q32.2	HG02735	pat	TypeI	1	HG02735_pat_hprc_r2_v1.0.1_HML-2_1q32.2
1q32.2	HG02738	mat	TypeI	1	HG02738_mat_hprc_r2_v1.0.1_HML-2_1q32.2
1q32.2	HG02738	pat	TypeI	1	HG02738_pat_hprc_r2_v1.0.1_HML-2_1q32.2
1q32.2	HG02769	h1	TypeI	1	HG02769_h1_HML-2_1q32.2_graph_hgsvc3-2024-02-23-mc-chm13
1q32.2	HG02769	h2	TypeI	1	HG02769_h2_HML-2_1q32.2_graph_hgsvc3-2024-02-23-mc-chm13
1q32.2	HG02809	mat	TypeI	1	HG02809_mat_hprc_r2_v1.0.1_HML-2_1q32.2
1q32.2	HG02809	pat	TypeI	1	HG02809_pat_hprc_r2_v1.0.1_HML-2_1q32.2
1q32.2	HG02818	mat	TypeI	1	HG02818_mat_hprc_r2_v1.0.1_HML-2_1q32.2
1q32.2	HG02818	pat	TypeI	1	HG02818_pat_hprc_r2_v1.0.1_HML-2_1q32.2
1q32.2	HG02841	mat	TypeI	1	HG02841_mat_hprc_r2_v1.0.1_HML-2_1q32.2
1q32.2	HG02841	pat	TypeI	1	HG02841_pat_hprc_r2_v1.0.1_HML-2_1q32.2
1q32.2	HG02886	mat	TypeI	1	HG02886_mat_hprc_r2_v1.0.1_HML-2_1q32.2
1q32.2	HG02886	pat	TypeI	1	HG02886_pat_hprc_r2_v1.0.1_HML-2_1q32.2
1q32.2	HG02922	h1	TypeI	1	HG02922_hap1_hprc_r2_v1.0.1_HML-2_1q32.2
1q32.2	HG02922	h2	TypeI	1	HG02922_hap2_hprc_r2_v1.0.1_HML-2_1q32.2
1q32.2	HG02953	h1	TypeI	1	HG02953_h1_HML-2_1q32.2_graph_hgsvc3-2024-02-23-mc-chm13
1q32.2	HG02953	h2	TypeI	1	HG02953_h2_HML-2_1q32.2_graph_hgsvc3-2024-02-23-mc-chm13
1q32.2	HG02965	h1	TypeI	1	HG02965_hap1_hprc_r2_v1.0.1_HML-2_1q32.2
1q32.2	HG02965	h2	TypeI	1	HG02965_hap2_hprc_r2_v1.0.1_HML-2_1q32.2
1q32.2	HG02976	h1	TypeI	1	HG02976_hap1_hprc_r2_v1.0.1_HML-2_1q32.2
1q32.2	HG02976	h2	TypeI	1	HG02976_hap2_hprc_r2_v1.0.1_HML-2_1q32.2
1q32.2	HG02984	mat	TypeI	1	HG02984_mat_hprc_r2_v1.0.1_HML-2_1q32.2
1q32.2	HG02984	pat	TypeI	1	HG02984_pat_hprc_r2_v1.0.1_HML-2_1q32.2
1q32.2	HG03009	h1	TypeI	1	HG03009_h1_HML-2_1q32.2_graph_hgsvc3-2024-02-23-mc-chm13
1q32.2	HG03009	h2	TypeI	1	HG03009_h2_HML-2_1q32.2_graph_hgsvc3-2024-02-23-mc-chm13
1q32.2	HG03017	mat	TypeI	1	HG03017_mat_hprc_r2_v1.0.1_HML-2_1q32.2
1q32.2	HG03017	pat	TypeI	1	HG03017_pat_hprc_r2_v1.0.1_HML-2_1q32.2
1q32.2	HG03041	mat	TypeI	1	HG03041_mat_hprc_r2_v1.0.1_HML-2_1q32.2
1q32.2	HG03041	pat	TypeI	1	HG03041_pat_hprc_r2_v1.0.1_HML-2_1q32.2
1q32.2	HG03050	mat	TypeI	1	HG03050_mat_hprc_r2_v1.0.1_HML-2_1q32.2
1q32.2	HG03050	pat	TypeI	1	HG03050_pat_hprc_r2_v1.0.1_HML-2_1q32.2
1q32.2	HG03065	h1	TypeI	1	HG03065_h1_HML-2_1q32.2_graph_hgsvc3-2024-02-23-mc-chm13
1q32.2	HG03065	h2	TypeI	1	HG03065_h2_HML-2_1q32.2_graph_hgsvc3-2024-02-23-mc-chm13
1q32.2	HG03098	mat	TypeI	1	HG03098_mat_hprc_r2_v1.0.1_HML-2_1q32.2
1q32.2	HG03098	pat	TypeI	1	HG03098_pat_hprc_r2_v1.0.1_HML-2_1q32.2
1q32.2	HG03130	h1	TypeI	1	HG03130_hap1_hprc_r2_v1.0.1_HML-2_1q32.2
1q32.2	HG03130	h2	TypeI	1	HG03130_hap2_hprc_r2_v1.0.1_HML-2_1q32.2
1q32.2	HG03139	h1	TypeI	1	HG03139_hap1_hprc_r2_v1.0.1_HML-2_1q32.2
1q32.2	HG03139	h2	TypeI	1	HG03139_hap2_hprc_r2_v1.0.1_HML-2_1q32.2
1q32.2	HG03195	h1	TypeI	1	HG03195_hap1_hprc_r2_v1.0.1_HML-2_1q32.2
1q32.2	HG03195	h2	TypeI	1	HG03195_hap2_hprc_r2_v1.0.1_HML-2_1q32.2
1q32.2	HG03209	h1	TypeI	1	HG03209_hap1_hprc_r2_v1.0.1_HML-2_1q32.2
1q32.2	HG03209	h2	TypeI	1	HG03209_hap2_hprc_r2_v1.0.1_HML-2_1q32.2
1q32.2	HG03225	h1	TypeI	1	HG03225_hap1_hprc_r2_v1.0.1_HML-2_1q32.2
1q32.2	HG03225	h2	TypeI	1	HG03225_hap2_hprc_r2_v1.0.1_HML-2_1q32.2
1q32.2	HG03239	mat	TypeI	1	HG03239_mat_hprc_r2_v1.0.1_HML-2_1q32.2
1q32.2	HG03239	pat	TypeI	1	HG03239_pat_hprc_r2_v1.0.1_HML-2_1q32.2
1q32.2	HG03248	h1	TypeI	1	HG03248_h1_HML-2_1q32.2_graph_hgsvc3-2024-02-23-mc-chm13
1q32.2	HG03248	h2	TypeI	1	HG03248_h2_HML-2_1q32.2_graph_hgsvc3-2024-02-23-mc-chm13
1q32.2	HG03270	h1	TypeI	1	HG03270_hap1_hprc_r2_v1.0.1_HML-2_1q32.2
1q32.2	HG03270	h2	TypeI	1	HG03270_hap2_hprc_r2_v1.0.1_HML-2_1q32.2
1q32.2	HG03369	h1	TypeI	1	HG03369_hap1_hprc_r2_v1.0.1_HML-2_1q32.2
1q32.2	HG03369	h2	TypeI	1	HG03369_hap2_hprc_r2_v1.0.1_HML-2_1q32.2
1q32.2	HG03371	h1	TypeI	1	HG03371_h1_HML-2_1q32.2_graph_hgsvc3-2024-02-23-mc-chm13
1q32.2	HG03371	h2	TypeI	1	HG03371_h2_HML-2_1q32.2_graph_hgsvc3-2024-02-23-mc-chm13
1q32.2	HG03452	h1	TypeI	1	HG03452_h1_HML-2_1q32.2_graph_hgsvc3-2024-02-23-mc-chm13
1q32.2	HG03452	h2	TypeI	1	HG03452_h2_HML-2_1q32.2_graph_hgsvc3-2024-02-23-mc-chm13
1q32.2	HG03453	mat	TypeI	1	HG03453_mat_hprc_r2_v1.0.1_HML-2_1q32.2
1q32.2	HG03453	pat	TypeI	1	HG03453_pat_hprc_r2_v1.0.1_HML-2_1q32.2
1q32.2	HG03456	h1	TypeI	1	HG03456_h1_HML-2_1q32.2_graph_hgsvc3-2024-02-23-mc-chm13
1q32.2	HG03456	h2	TypeI	1	HG03456_h2_HML-2_1q32.2_graph_hgsvc3-2024-02-23-mc-chm13
1q32.2	HG03470	h1	TypeI	1	HG03470_hap1_hprc_r2_v1.0.1_HML-2_1q32.2
1q32.2	HG03470	h2	TypeI	1	HG03470_hap2_hprc_r2_v1.0.1_HML-2_1q32.2
1q32.2	HG03471	h1	TypeI	1	HG03471_hap1_hprc_r2_v1.0.1_HML-2_1q32.2
1q32.2	HG03471	h2	TypeI	1	HG03471_hap2_hprc_r2_v1.0.1_HML-2_1q32.2
1q32.2	HG03486	mat	TypeI	1	HG03486_mat_hprc_r2_v1.0.1_HML-2_1q32.2
1q32.2	HG03486	pat	TypeI	1	HG03486_pat_hprc_r2_v1.0.1_HML-2_1q32.2
1q32.2	HG03516	mat	TypeI	1	HG03516_mat_hprc_r2_v1.1.0_HML-2_1q32.2
1q32.2	HG03516	pat	TypeI	1	HG03516_pat_hprc_r2_v1.1.0_HML-2_1q32.2
1q32.2	HG03520	h1	TypeI	1	HG03520_h1_HML-2_1q32.2_graph_hgsvc3-2024-02-23-mc-chm13
1q32.2	HG03520	h2	TypeI	1	HG03520_h2_HML-2_1q32.2_graph_hgsvc3-2024-02-23-mc-chm13
1q32.2	HG03521	h1	TypeI	1	HG03521_hap1_hprc_r2_v1.0.1_HML-2_1q32.2
1q32.2	HG03521	h2	TypeI	1	HG03521_hap2_hprc_r2_v1.0.1_HML-2_1q32.2
1q32.2	HG03540	mat	TypeI	1	HG03540_mat_hprc_r2_v1.0.1_HML-2_1q32.2
1q32.2	HG03540	pat	TypeI	1	HG03540_pat_hprc_r2_v1.0.1_HML-2_1q32.2
1q32.2	HG03579	mat	TypeI	1	HG03579_mat_hprc_r2_v1.0.1_HML-2_1q32.2
1q32.2	HG03579	pat	TypeI	1	HG03579_pat_hprc_r2_v1.0.1_HML-2_1q32.2
1q32.2	HG03583	h1	TypeI	1	HG03583_hap1_hprc_r2_v1.0.1_HML-2_1q32.2
1q32.2	HG03583	h2	TypeI	1	HG03583_hap2_hprc_r2_v1.0.1_HML-2_1q32.2
1q32.2	HG03654	mat	TypeI	1	HG03654_mat_hprc_r2_v1.0.1_HML-2_1q32.2
1q32.2	HG03654	pat	TypeI	1	HG03654_pat_hprc_r2_v1.0.1_HML-2_1q32.2
1q32.2	HG03669	mat	TypeI	1	HG03669_mat_hprc_r2_v1.0.1_HML-2_1q32.2
1q32.2	HG03669	pat	TypeI	1	HG03669_pat_hprc_r2_v1.0.1_HML-2_1q32.2
1q32.2	HG03683	h1	TypeI	1	HG03683_h1_HML-2_1q32.2_graph_hgsvc3-2024-02-23-mc-chm13
1q32.2	HG03683	h2	TypeI	1	HG03683_h2_HML-2_1q32.2_graph_hgsvc3-2024-02-23-mc-chm13
1q32.2	HG03688	mat	TypeI	1	HG03688_mat_hprc_r2_v1.0.1_HML-2_1q32.2
1q32.2	HG03688	pat	TypeI	1	HG03688_pat_hprc_r2_v1.0.1_HML-2_1q32.2
1q32.2	HG03704	mat	TypeI	1	HG03704_mat_hprc_r2_v1.0.1_HML-2_1q32.2
1q32.2	HG03704	pat	TypeI	1	HG03704_pat_hprc_r2_v1.0.1_HML-2_1q32.2
1q32.2	HG03710	mat	TypeI	1	HG03710_mat_hprc_r2_v1.0.1_HML-2_1q32.2
1q32.2	HG03710	pat	TypeI	1	HG03710_pat_hprc_r2_v1.0.1_HML-2_1q32.2
1q32.2	HG03732	h1	TypeI	1	HG03732_h1_HML-2_1q32.2_graph_hgsvc3-2024-02-23-mc-chm13
1q32.2	HG03732	h2	TypeI	1	HG03732_h2_HML-2_1q32.2_graph_hgsvc3-2024-02-23-mc-chm13
1q32.2	HG03742	h1	TypeI	1	HG03742_hap1_hprc_r2_v1.0.1_HML-2_1q32.2
1q32.2	HG03742	h2	TypeI	1	HG03742_hap2_hprc_r2_v1.0.1_HML-2_1q32.2
1q32.2	HG03784	h1	TypeI	1	HG03784_hap1_hprc_r2_v1.0.1_HML-2_1q32.2
1q32.2	HG03784	h2	TypeI	1	HG03784_hap2_hprc_r2_v1.0.1_HML-2_1q32.2
1q32.2	HG03804	mat	TypeI	1	HG03804_mat_hprc_r2_v1.0.1_HML-2_1q32.2
1q32.2	HG03804	pat	TypeI	1	HG03804_pat_hprc_r2_v1.0.1_HML-2_1q32.2
1q32.2	HG03807	h1	TypeI	1	HG03807_h1_HML-2_1q32.2_graph_hgsvc3-2024-02-23-mc-chm13
1q32.2	HG03807	h2	TypeI	1	HG03807_h2_HML-2_1q32.2_graph_hgsvc3-2024-02-23-mc-chm13
1q32.2	HG03816	mat	TypeI	1	HG03816_mat_hprc_r2_v1.0.1_HML-2_1q32.2
1q32.2	HG03816	pat	TypeI	1	HG03816_pat_hprc_r2_v1.0.1_HML-2_1q32.2
1q32.2	HG03831	mat	TypeI	1	HG03831_mat_hprc_r2_v1.0.1_HML-2_1q32.2
1q32.2	HG03831	pat	TypeI	1	HG03831_pat_hprc_r2_v1.0.1_HML-2_1q32.2
1q32.2	HG03834	mat	TypeI	1	HG03834_mat_hprc_r2_v1.0.1_HML-2_1q32.2
1q32.2	HG03834	pat	TypeI	1	HG03834_pat_hprc_r2_v1.0.1_HML-2_1q32.2
1q32.2	HG03874	h1	TypeI	1	HG03874_hap1_hprc_r2_v1.0.1_HML-2_1q32.2
1q32.2	HG03874	h2	TypeI	1	HG03874_hap2_hprc_r2_v1.0.1_HML-2_1q32.2
1q32.2	HG03927	mat	TypeI	1	HG03927_mat_hprc_r2_v1.0.1_HML-2_1q32.2
1q32.2	HG03927	pat	TypeI	1	HG03927_pat_hprc_r2_v1.0.1_HML-2_1q32.2
1q32.2	HG03942	mat	TypeI	1	HG03942_mat_hprc_r2_v1.0.1_HML-2_1q32.2
1q32.2	HG03942	pat	TypeI	1	HG03942_pat_hprc_r2_v1.0.1_HML-2_1q32.2
1q32.2	HG04036	h1	TypeI	1	HG04036_h1_HML-2_1q32.2_graph_hgsvc3-2024-02-23-mc-chm13
1q32.2	HG04036	h2	TypeI	1	HG04036_h2_HML-2_1q32.2_graph_hgsvc3-2024-02-23-mc-chm13
1q32.2	HG04115	mat	TypeI	1	HG04115_mat_hprc_r2_v1.0.1_HML-2_1q32.2
1q32.2	HG04115	pat	TypeI	1	HG04115_pat_hprc_r2_v1.0.1_HML-2_1q32.2
1q32.2	HG04157	mat	TypeI	1	HG04157_mat_hprc_r2_v1.0.1_HML-2_1q32.2
1q32.2	HG04157	pat	TypeI	1	HG04157_pat_hprc_r2_v1.0.1_HML-2_1q32.2
1q32.2	HG04160	mat	TypeI	1	HG04160_mat_hprc_r2_v1.0.1_HML-2_1q32.2
1q32.2	HG04160	pat	TypeI	1	HG04160_pat_hprc_r2_v1.0.1_HML-2_1q32.2
1q32.2	HG04184	mat	TypeI	1	HG04184_mat_hprc_r2_v1.0.1_HML-2_1q32.2
1q32.2	HG04184	pat	TypeI	1	HG04184_pat_hprc_r2_v1.0.1_HML-2_1q32.2
1q32.2	HG04187	mat	TypeI	1	HG04187_mat_hprc_r2_v1.0.1_HML-2_1q32.2
1q32.2	HG04187	pat	TypeI	1	HG04187_pat_hprc_r2_v1.0.1_HML-2_1q32.2
1q32.2	HG04199	mat	TypeI	1	HG04199_mat_hprc_r2_v1.0.1_HML-2_1q32.2
1q32.2	HG04199	pat	TypeI	1	HG04199_pat_hprc_r2_v1.0.1_HML-2_1q32.2
1q32.2	HG04204	mat	TypeI	1	HG04204_mat_hprc_r2_v1.0.1_HML-2_1q32.2
1q32.2	HG04204	pat	TypeI	1	HG04204_pat_hprc_r2_v1.0.1_HML-2_1q32.2
1q32.2	HG04217	h1	TypeI	1	HG04217_h1_HML-2_1q32.2_graph_hgsvc3-2024-02-23-mc-chm13
1q32.2	HG04217	h2	TypeI	1	HG04217_h2_HML-2_1q32.2_graph_hgsvc3-2024-02-23-mc-chm13
1q32.2	HG04228	mat	TypeI	1	HG04228_mat_hprc_r2_v1.0.1_HML-2_1q32.2
1q32.2	HG04228	pat	TypeI	1	HG04228_pat_hprc_r2_v1.0.1_HML-2_1q32.2
1q32.2	HG06807	mat	TypeI	1	HG06807_mat_v1.0.genbank_HML-2_1q32.2
1q32.2	HG06807	pat	TypeI	1	HG06807_pat_v1.0.genbank_HML-2_1q32.2
1q32.2	NA12329	h1	TypeI	1	NA12329_h1_HML-2_1q32.2_graph_hgsvc3-2024-02-23-mc-chm13
1q32.2	NA12329	h2	TypeI	1	NA12329_h2_HML-2_1q32.2_graph_hgsvc3-2024-02-23-mc-chm13
1q32.2	NA18505	h1	TypeI	1	NA18505_hap1_hprc_r2_v1.0.1_HML-2_1q32.2
1q32.2	NA18505	h2	TypeI	1	NA18505_hap2_hprc_r2_v1.0.1_HML-2_1q32.2
1q32.2	NA18508	h1	TypeI	1	NA18508_hap1_hprc_r2_v1.0.1_HML-2_1q32.2
1q32.2	NA18508	h2	TypeI	1	NA18508_hap2_hprc_r2_v1.0.1_HML-2_1q32.2
1q32.2	NA18522	h1	TypeI	1	NA18522_hap1_hprc_r2_v1.0.1_HML-2_1q32.2
1q32.2	NA18522	h2	TypeI	1	NA18522_hap2_hprc_r2_v1.0.1_HML-2_1q32.2
1q32.2	NA18534	h1	TypeI	1	NA18534_h1_HML-2_1q32.2_graph_hgsvc3-2024-02-23-mc-chm13
1q32.2	NA18534	h2	TypeI	1	NA18534_h2_HML-2_1q32.2_graph_hgsvc3-2024-02-23-mc-chm13
1q32.2	NA18565	h1	TypeI	1	NA18565_hap1_hprc_r2_v1.0.1_HML-2_1q32.2
1q32.2	NA18565	h2	TypeI	1	NA18565_hap2_hprc_r2_v1.0.1_HML-2_1q32.2
1q32.2	NA18570	h1	TypeI	1	NA18570_hap1_hprc_r2_v1.0.1_HML-2_1q32.2
1q32.2	NA18570	h2	TypeI	1	NA18570_hap2_hprc_r2_v1.0.1_HML-2_1q32.2
1q32.2	NA18608	h1	TypeI	1	NA18608_hap1_hprc_r2_v1.0.1_HML-2_1q32.2
1q32.2	NA18608	h2	TypeI	1	NA18608_hap2_hprc_r2_v1.0.1_HML-2_1q32.2
1q32.2	NA18620	h1	TypeI	1	NA18620_hap1_hprc_r2_v1.0.1_HML-2_1q32.2
1q32.2	NA18620	h2	TypeI	1	NA18620_hap2_hprc_r2_v1.0.1_HML-2_1q32.2
1q32.2	NA18747	h1	TypeI	1	NA18747_hap1_hprc_r2_v1.0.1_HML-2_1q32.2
1q32.2	NA18747	h2	TypeI	1	NA18747_hap2_hprc_r2_v1.0.1_HML-2_1q32.2
1q32.2	NA18879	h1	TypeI	1	NA18879_hap1_hprc_r2_v1.0.1_HML-2_1q32.2
1q32.2	NA18879	h2	TypeI	1	NA18879_hap2_hprc_r2_v1.0.1_HML-2_1q32.2
1q32.2	NA18906	mat	TypeI	1	NA18906_mat_hprc_r2_v1.0.1_HML-2_1q32.2
1q32.2	NA18906	pat	TypeI	1	NA18906_pat_hprc_r2_v1.0.1_HML-2_1q32.2
1q32.2	NA18939	h1	TypeI	1	NA18939_h1_HML-2_1q32.2_graph_hgsvc3-2024-02-23-mc-chm13
1q32.2	NA18939	h2	TypeI	1	NA18939_h2_HML-2_1q32.2_graph_hgsvc3-2024-02-23-mc-chm13
1q32.2	NA18940	h1	TypeI	1	NA18940_hap1_hprc_r2_v1.0.1_HML-2_1q32.2
1q32.2	NA18940	h2	TypeI	1	NA18940_hap2_hprc_r2_v1.0.1_HML-2_1q32.2
1q32.2	NA18943	h1	TypeI	1	NA18943_hap1_hprc_r2_v1.0.1_HML-2_1q32.2
1q32.2	NA18943	h2	TypeI	1	NA18943_hap2_hprc_r2_v1.0.1_HML-2_1q32.2
1q32.2	NA18944	h1	TypeI	1	NA18944_hap1_hprc_r2_v1.0.1_HML-2_1q32.2
1q32.2	NA18944	h2	TypeI	1	NA18944_hap2_hprc_r2_v1.0.1_HML-2_1q32.2
1q32.2	NA18945	h1	TypeI	1	NA18945_hap1_hprc_r2_v1.0.1_HML-2_1q32.2
1q32.2	NA18945	h2	TypeI	1	NA18945_hap2_hprc_r2_v1.0.1_HML-2_1q32.2
1q32.2	NA18948	h1	TypeI	1	NA18948_hap1_hprc_r2_v1.0.1_HML-2_1q32.2
1q32.2	NA18948	h2	TypeI	1	NA18948_hap2_hprc_r2_v1.0.1_HML-2_1q32.2
1q32.2	NA18952	h1	TypeI	1	NA18952_hap1_hprc_r2_v1.0.1_HML-2_1q32.2
1q32.2	NA18952	h2	TypeI	1	NA18952_hap2_hprc_r2_v1.0.1_HML-2_1q32.2
1q32.2	NA18959	h1	TypeI	1	NA18959_hap1_hprc_r2_v1.0.1_HML-2_1q32.2
1q32.2	NA18959	h2	TypeI	1	NA18959_hap2_hprc_r2_v1.0.1_HML-2_1q32.2
1q32.2	NA18960	h1	TypeI	1	NA18960_hap1_hprc_r2_v1.0.1_HML-2_1q32.2
1q32.2	NA18960	h2	TypeI	1	NA18960_hap2_hprc_r2_v1.0.1_HML-2_1q32.2
1q32.2	NA18967	h1	TypeI	1	NA18967_hap1_hprc_r2_v1.0.1_HML-2_1q32.2
1q32.2	NA18967	h2	TypeI	1	NA18967_hap2_hprc_r2_v1.0.1_HML-2_1q32.2
1q32.2	NA18970	h1	TypeI	1	NA18970_hap1_hprc_r2_v1.0.1_HML-2_1q32.2
1q32.2	NA18970	h2	TypeI	1	NA18970_hap2_hprc_r2_v1.0.1_HML-2_1q32.2
1q32.2	NA18971	h1	TypeI	1	NA18971_hap1_hprc_r2_v1.0.1_HML-2_1q32.2
1q32.2	NA18971	h2	TypeI	1	NA18971_hap2_hprc_r2_v1.0.1_HML-2_1q32.2
1q32.2	NA18974	h1	TypeI	1	NA18974_hap1_hprc_r2_v1.0.1_HML-2_1q32.2
1q32.2	NA18974	h2	TypeI	1	NA18974_hap2_hprc_r2_v1.0.1_HML-2_1q32.2
1q32.2	NA18976	h1	TypeI	1	NA18976_hap1_hprc_r2_v1.0.1_HML-2_1q32.2
1q32.2	NA18976	h2	TypeI	1	NA18976_hap2_hprc_r2_v1.0.1_HML-2_1q32.2
1q32.2	NA18982	h1	TypeI	1	NA18982_hap1_hprc_r2_v1.0.1_HML-2_1q32.2
1q32.2	NA18982	h2	TypeI	1	NA18982_hap2_hprc_r2_v1.0.1_HML-2_1q32.2
1q32.2	NA18983	h1	TypeI	1	NA18983_hap1_hprc_r2_v1.0.1_HML-2_1q32.2
1q32.2	NA18983	h2	TypeI	1	NA18983_hap2_hprc_r2_v1.0.1_HML-2_1q32.2
1q32.2	NA18989	h1	TypeI	1	NA18989_h1_HML-2_1q32.2_graph_hgsvc3-2024-02-23-mc-chm13
1q32.2	NA18989	h2	TypeI	1	NA18989_h2_HML-2_1q32.2_graph_hgsvc3-2024-02-23-mc-chm13
1q32.2	NA19036	h1	TypeI	1	NA19036_hap1_hprc_r2_v1.0.1_HML-2_1q32.2
1q32.2	NA19036	h2	TypeI	1	NA19036_hap2_hprc_r2_v1.0.1_HML-2_1q32.2
1q32.2	NA19043	h1	TypeI	1	NA19043_hap1_hprc_r2_v1.0.1_HML-2_1q32.2
1q32.2	NA19043	h2	TypeI	1	NA19043_hap2_hprc_r2_v1.0.1_HML-2_1q32.2
1q32.2	NA19087	h1	TypeI	1	NA19087_hap1_hprc_r2_v1.0.1_HML-2_1q32.2
1q32.2	NA19087	h2	TypeI	1	NA19087_hap2_hprc_r2_v1.0.1_HML-2_1q32.2
1q32.2	NA19129	h1	TypeI	1	NA19129_h1_HML-2_1q32.2_graph_hgsvc3-2024-02-23-mc-chm13
1q32.2	NA19129	h2	TypeI	1	NA19129_h2_HML-2_1q32.2_graph_hgsvc3-2024-02-23-mc-chm13
1q32.2	NA19159	h1	TypeI	1	NA19159_hap1_hprc_r2_v1.0.1_HML-2_1q32.2
1q32.2	NA19159	h2	TypeI	1	NA19159_hap2_hprc_r2_v1.0.1_HML-2_1q32.2
1q32.2	NA19185	h1	TypeI	1	NA19185_hap1_hprc_r2_v1.0.1_HML-2_1q32.2
1q32.2	NA19185	h2	TypeI	1	NA19185_hap2_hprc_r2_v1.0.1_HML-2_1q32.2
1q32.2	NA19238	h1	TypeI	1	NA19238_h1_HML-2_1q32.2_graph_hgsvc3-2024-02-23-mc-chm13
1q32.2	NA19238	h2	TypeI	1	NA19238_h2_HML-2_1q32.2_graph_hgsvc3-2024-02-23-mc-chm13
1q32.2	NA19239	h1	TypeI	1	NA19239_h1_HML-2_1q32.2_graph_hgsvc3-2024-02-23-mc-chm13
1q32.2	NA19239	h2	TypeI	1	NA19239_h2_HML-2_1q32.2_graph_hgsvc3-2024-02-23-mc-chm13
1q32.2	NA19240	mat	TypeI	1	NA19240_mat_hprc_r2_v1.0.1_HML-2_1q32.2
1q32.2	NA19240	pat	TypeI	1	NA19240_pat_hprc_r2_v1.0.1_HML-2_1q32.2
1q32.2	NA19317	h1	TypeI	1	NA19317_h1_HML-2_1q32.2_graph_hgsvc3-2024-02-23-mc-chm13
1q32.2	NA19317	h2	TypeI	1	NA19317_h2_HML-2_1q32.2_graph_hgsvc3-2024-02-23-mc-chm13
1q32.2	NA19331	h1	TypeI	1	NA19331_h1_HML-2_1q32.2_graph_hgsvc3-2024-02-23-mc-chm13
1q32.2	NA19331	h2	TypeI	1	NA19331_h2_HML-2_1q32.2_graph_hgsvc3-2024-02-23-mc-chm13
1q32.2	NA19338	h1	TypeI	1	NA19338_hap1_hprc_r2_v1.0.1_HML-2_1q32.2
1q32.2	NA19338	h2	TypeI	1	NA19338_hap2_hprc_r2_v1.0.1_HML-2_1q32.2
1q32.2	NA19347	h1	TypeI	1	NA19347_h1_HML-2_1q32.2_graph_hgsvc3-2024-02-23-mc-chm13
1q32.2	NA19347	h2	TypeI	1	NA19347_h2_HML-2_1q32.2_graph_hgsvc3-2024-02-23-mc-chm13
1q32.2	NA19384	h1	TypeI	1	NA19384_h1_HML-2_1q32.2_graph_hgsvc3-2024-02-23-mc-chm13
1q32.2	NA19384	h2	TypeI	1	NA19384_h2_HML-2_1q32.2_graph_hgsvc3-2024-02-23-mc-chm13
1q32.2	NA19391	h1	TypeI	1	NA19391_hap1_hprc_r2_v1.0.1_HML-2_1q32.2
1q32.2	NA19391	h2	TypeI	1	NA19391_hap2_hprc_r2_v1.0.1_HML-2_1q32.2
1q32.2	NA19434	h1	TypeI	1	NA19434_h1_HML-2_1q32.2_graph_hgsvc3-2024-02-23-mc-chm13
1q32.2	NA19434	h2	TypeI	1	NA19434_h2_HML-2_1q32.2_graph_hgsvc3-2024-02-23-mc-chm13
1q32.2	NA19443	h1	TypeI	1	NA19443_hap1_hprc_r2_v1.0.1_HML-2_1q32.2
1q32.2	NA19443	h2	TypeI	1	NA19443_hap2_hprc_r2_v1.0.1_HML-2_1q32.2
1q32.2	NA19468	h1	TypeI	1	NA19468_hap1_hprc_r2_v1.0.1_HML-2_1q32.2
1q32.2	NA19468	h2	TypeI	1	NA19468_hap2_hprc_r2_v1.0.1_HML-2_1q32.2
1q32.2	NA19650	h1	TypeI	1	NA19650_h1_HML-2_1q32.2_graph_hgsvc3-2024-02-23-mc-chm13
1q32.2	NA19650	h2	TypeI	1	NA19650_h2_HML-2_1q32.2_graph_hgsvc3-2024-02-23-mc-chm13
1q32.2	NA19682	h1	TypeI	1	NA19682_hap1_hprc_r2_v1.0.1_HML-2_1q32.2
1q32.2	NA19682	h2	TypeI	1	NA19682_hap2_hprc_r2_v1.0.1_HML-2_1q32.2
1q32.2	NA19700	h1	TypeI	1	NA19700_hap1_hprc_r2_v1.0.1_HML-2_1q32.2
1q32.2	NA19700	h2	TypeI	1	NA19700_hap2_hprc_r2_v1.0.1_HML-2_1q32.2
1q32.2	NA19705	h1	TypeI	1	NA19705_h1_HML-2_1q32.2_graph_hgsvc3-2024-02-23-mc-chm13
1q32.2	NA19705	h2	TypeI	1	NA19705_h2_HML-2_1q32.2_graph_hgsvc3-2024-02-23-mc-chm13
1q32.2	NA19776	h1	TypeI	1	NA19776_hap1_hprc_r2_v1.0.1_HML-2_1q32.2
1q32.2	NA19776	h2	TypeI	1	NA19776_hap2_hprc_r2_v1.0.1_HML-2_1q32.2
1q32.2	NA19835	h1	TypeI	1	NA19835_hap1_hprc_r2_v1.0.1_HML-2_1q32.2
1q32.2	NA19835	h2	TypeI	1	NA19835_hap2_hprc_r2_v1.0.1_HML-2_1q32.2
1q32.2	NA19836	h1	TypeI	1	NA19836_h1_HML-2_1q32.2_graph_hgsvc3-2024-02-23-mc-chm13
1q32.2	NA19836	h2	TypeI	1	NA19836_h2_HML-2_1q32.2_graph_hgsvc3-2024-02-23-mc-chm13
1q32.2	NA19909	h1	TypeI	1	NA19909_hap1_hprc_r2_v1.0.1_HML-2_1q32.2
1q32.2	NA19909	h2	TypeI	1	NA19909_hap2_hprc_r2_v1.0.1_HML-2_1q32.2
1q32.2	NA19983	h1	TypeI	1	NA19983_h1_HML-2_1q32.2_graph_hgsvc3-2024-02-23-mc-chm13
1q32.2	NA19983	h2	TypeI	1	NA19983_h2_HML-2_1q32.2_graph_hgsvc3-2024-02-23-mc-chm13
1q32.2	NA20129	mat	TypeI	1	NA20129_mat_hprc_r2_v1.0.1_HML-2_1q32.2
1q32.2	NA20129	pat	TypeI	1	NA20129_pat_hprc_r2_v1.0.1_HML-2_1q32.2
1q32.2	NA20282	h1	TypeI	1	NA20282_hap1_hprc_r2_v1.0.1_HML-2_1q32.2
1q32.2	NA20282	h2	TypeI	1	NA20282_hap2_hprc_r2_v1.0.1_HML-2_1q32.2
1q32.2	NA20346	h1	TypeI	1	NA20346_hap1_hprc_r2_v1.0.1_HML-2_1q32.2
1q32.2	NA20346	h2	TypeI	1	NA20346_hap2_hprc_r2_v1.0.1_HML-2_1q32.2
1q32.2	NA20355	h1	TypeI	1	NA20355_h1_HML-2_1q32.2_graph_hgsvc3-2024-02-23-mc-chm13
1q32.2	NA20355	h2	TypeI	1	NA20355_h2_HML-2_1q32.2_graph_hgsvc3-2024-02-23-mc-chm13
1q32.2	NA20503	h1	TypeI	1	NA20503_hap1_hprc_r2_v1.0.1_HML-2_1q32.2
1q32.2	NA20503	h2	TypeI	1	NA20503_hap2_hprc_r2_v1.0.1_HML-2_1q32.2
1q32.2	NA20509	h1	TypeI	1	NA20509_h1_HML-2_1q32.2_graph_hgsvc3-2024-02-23-mc-chm13
1q32.2	NA20509	h2	TypeI	1	NA20509_h2_HML-2_1q32.2_graph_hgsvc3-2024-02-23-mc-chm13
1q32.2	NA20752	h1	TypeI	1	NA20752_hap1_hprc_r2_v1.0.1_HML-2_1q32.2
1q32.2	NA20752	h2	TypeI	1	NA20752_hap2_hprc_r2_v1.0.1_HML-2_1q32.2
1q32.2	NA20762	h1	TypeI	1	NA20762_hap1_hprc_r2_v1.0.1_HML-2_1q32.2
1q32.2	NA20762	h2	TypeI	1	NA20762_hap2_hprc_r2_v1.0.1_HML-2_1q32.2
1q32.2	NA20799	h1	TypeI	1	NA20799_hap1_hprc_r2_v1.0.1_HML-2_1q32.2
1q32.2	NA20799	h2	TypeI	1	NA20799_hap2_hprc_r2_v1.0.1_HML-2_1q32.2
1q32.2	NA20805	h1	TypeI	1	NA20805_hap1_hprc_r2_v1.0.1_HML-2_1q32.2
1q32.2	NA20805	h2	TypeI	1	NA20805_hap2_hprc_r2_v1.0.1_HML-2_1q32.2
1q32.2	NA20806	h1	TypeI	1	NA20806_hap1_hprc_r2_v1.0.1_HML-2_1q32.2
1q32.2	NA20806	h2	TypeI	1	NA20806_hap2_hprc_r2_v1.0.1_HML-2_1q32.2
1q32.2	NA20809	h1	TypeI	1	NA20809_hap1_hprc_r2_v1.0.1_HML-2_1q32.2
1q32.2	NA20809	h2	TypeI	1	NA20809_hap2_hprc_r2_v1.0.1_HML-2_1q32.2
1q32.2	NA20827	h1	TypeI	1	NA20827_hap1_hprc_r2_v1.0.1_HML-2_1q32.2
1q32.2	NA20827	h2	TypeI	1	NA20827_hap2_hprc_r2_v1.0.1_HML-2_1q32.2
1q32.2	NA20847	h1	TypeI	1	NA20847_h1_HML-2_1q32.2_graph_hgsvc3-2024-02-23-mc-chm13
1q32.2	NA20847	h2	TypeI	1	NA20847_h2_HML-2_1q32.2_graph_hgsvc3-2024-02-23-mc-chm13
1q32.2	NA20850	h1	TypeI	1	NA20850_hap1_hprc_r2_v1.0.1_HML-2_1q32.2
1q32.2	NA20850	h2	TypeI	1	NA20850_hap2_hprc_r2_v1.0.1_HML-2_1q32.2
1q32.2	NA20870	h1	TypeI	1	NA20870_hap1_hprc_r2_v1.0.1_HML-2_1q32.2
1q32.2	NA20870	h2	TypeI	1	NA20870_hap2_hprc_r2_v1.0.1_HML-2_1q32.2
1q32.2	NA20905	h1	TypeI	1	NA20905_hap1_hprc_r2_v1.0.1_HML-2_1q32.2
1q32.2	NA20905	h2	TypeI	1	NA20905_hap2_hprc_r2_v1.0.1_HML-2_1q32.2
1q32.2	NA21093	h1	TypeI	1	NA21093_hap1_hprc_r2_v1.0.1_HML-2_1q32.2
1q32.2	NA21093	h2	TypeI	1	NA21093_hap2_hprc_r2_v1.0.1_HML-2_1q32.2
1q32.2	NA21102	h1	TypeI	1	NA21102_hap1_hprc_r2_v1.0.1_HML-2_1q32.2
1q32.2	NA21102	h2	TypeI	1	NA21102_hap2_hprc_r2_v1.0.1_HML-2_1q32.2
1q32.2	NA21106	h1	TypeI	1	NA21106_hap1_hprc_r2_v1.0.1_HML-2_1q32.2
1q32.2	NA21106	h2	TypeI	1	NA21106_hap2_hprc_r2_v1.0.1_HML-2_1q32.2
1q32.2	NA21110	h1	TypeI	1	NA21110_hap1_hprc_r2_v1.0.1_HML-2_1q32.2
1q32.2	NA21110	h2	TypeI	1	NA21110_hap2_hprc_r2_v1.0.1_HML-2_1q32.2
1q32.2	NA21144	h1	TypeI	1	NA21144_hap1_hprc_r2_v1.0.1_HML-2_1q32.2
1q32.2	NA21144	h2	TypeI	1	NA21144_hap2_hprc_r2_v1.0.1_HML-2_1q32.2
1q32.2	NA21309	mat	TypeI	1	NA21309_mat_hprc_r2_v1.0.1_HML-2_1q32.2
1q32.2	NA21309	pat	TypeI	1	NA21309_pat_hprc_r2_v1.0.1_HML-2_1q32.2
1q32.2	NA21487	h1	TypeI	1	NA21487_h1_HML-2_1q32.2_graph_hgsvc3-2024-02-23-mc-chm13
1q32.2	NA21487	h2	TypeI	1	NA21487_h2_HML-2_1q32.2_graph_hgsvc3-2024-02-23-mc-chm13
1q32.2	NA24385	h1	TypeI	1	NA24385_h1_HML-2_1q32.2_graph_hgsvc3-2024-02-23-mc-chm13
1q32.2	NA24385	h2	TypeI	1	NA24385_h2_HML-2_1q32.2_graph_hgsvc3-2024-02-23-mc-chm13
21q21.1	HG00096	h1	TypeI	1	HG00096_h1_HML-2_21q21.1_graph_hgsvc3-2024-02-23-mc-chm13
21q21.1	HG00096	h2	TypeI	1	HG00096_h2_HML-2_21q21.1_graph_hgsvc3-2024-02-23-mc-chm13
21q21.1	HG00097	h1	TypeI	1	HG00097_hap1_hprc_r2_v1.0.1_HML-2_21q21.1
21q21.1	HG00097	h2	TypeI	1	HG00097_hap2_hprc_r2_v1.0.1_HML-2_21q21.1
21q21.1	HG00099	h1	TypeI	1	HG00099_hap1_hprc_r2_v1.0.1_HML-2_21q21.1
21q21.1	HG00099	h2	TypeI	1	HG00099_hap2_hprc_r2_v1.0.1_HML-2_21q21.1
21q21.1	HG00126	h1	TypeI	1	HG00126_hap1_hprc_r2_v1.0.1_HML-2_21q21.1
21q21.1	HG00126	h2	TypeI	1	HG00126_hap2_hprc_r2_v1.0.1_HML-2_21q21.1
21q21.1	HG00128	h1	TypeI	1	HG00128_hap1_hprc_r2_v1.0.1_HML-2_21q21.1
21q21.1	HG00128	h2	TypeI	1	HG00128_hap2_hprc_r2_v1.0.1_HML-2_21q21.1
21q21.1	HG00133	h1	TypeI	1	HG00133_hap1_hprc_r2_v1.0.1_HML-2_21q21.1
21q21.1	HG00133	h2	TypeI	1	HG00133_hap2_hprc_r2_v1.0.1_HML-2_21q21.1
21q21.1	HG00140	h1	TypeI	1	HG00140_hap1_hprc_r2_v1.0.1_HML-2_21q21.1
21q21.1	HG00140	h2	TypeI	1	HG00140_hap2_hprc_r2_v1.0.1_HML-2_21q21.1
21q21.1	HG00146	h1	TypeI	1	HG00146_hap1_hprc_r2_v1.0.1_HML-2_21q21.1
21q21.1	HG00146	h2	TypeI	1	HG00146_hap2_hprc_r2_v1.0.1_HML-2_21q21.1
21q21.1	HG00171	h1	TypeI	1	HG00171_h1_HML-2_21q21.1_graph_hgsvc3-2024-02-23-mc-chm13
21q21.1	HG00171	h2	TypeI	1	HG00171_h2_HML-2_21q21.1_graph_hgsvc3-2024-02-23-mc-chm13
21q21.1	HG00232	h1	TypeI	1	HG00232_hap1_hprc_r2_v1.0.1_HML-2_21q21.1
21q21.1	HG00232	h2	TypeI	1	HG00232_hap2_hprc_r2_v1.0.1_HML-2_21q21.1
21q21.1	HG00235	h1	TypeI	1	HG00235_hap1_hprc_r2_v1.0.1_HML-2_21q21.1
21q21.1	HG00235	h2	TypeI	1	HG00235_hap2_hprc_r2_v1.0.1_HML-2_21q21.1
21q21.1	HG00253	h1	TypeI	1	HG00253_hap1_hprc_r2_v1.0.1_HML-2_21q21.1
21q21.1	HG00253	h2	TypeI	1	HG00253_hap2_hprc_r2_v1.0.1_HML-2_21q21.1
21q21.1	HG00268	h1	TypeI	1	HG00268_h1_HML-2_21q21.1_graph_hgsvc3-2024-02-23-mc-chm13
21q21.1	HG00268	h2	TypeI	1	HG00268_h2_HML-2_21q21.1_graph_hgsvc3-2024-02-23-mc-chm13
21q21.1	HG00272	h1	TypeI	1	HG00272_hap1_hprc_r2_v1.0.1_HML-2_21q21.1
21q21.1	HG00272	h2	TypeI	1	HG00272_hap2_hprc_r2_v1.0.1_HML-2_21q21.1
21q21.1	HG00280	h1	TypeI	1	HG00280_hap1_hprc_r2_v1.0.1_HML-2_21q21.1
21q21.1	HG00280	h2	TypeI	1	HG00280_hap2_hprc_r2_v1.0.1_HML-2_21q21.1
21q21.1	HG00290	h1	TypeI	1	HG00290_hap1_hprc_r2_v1.0.1_HML-2_21q21.1
21q21.1	HG00290	h2	TypeI	1	HG00290_hap2_hprc_r2_v1.0.1_HML-2_21q21.1
21q21.1	HG00320	h1	TypeI	1	HG00320_hap1_hprc_r2_v1.0.1_HML-2_21q21.1
21q21.1	HG00320	h2	TypeI	1	HG00320_hap2_hprc_r2_v1.0.1_HML-2_21q21.1
21q21.1	HG00321	h1	TypeI	1	HG00321_hap1_hprc_r2_v1.0.1_HML-2_21q21.1
21q21.1	HG00321	h2	TypeI	1	HG00321_hap2_hprc_r2_v1.0.1_HML-2_21q21.1
21q21.1	HG00323	h1	TypeI	1	HG00323_hap1_hprc_r2_v1.0.1_HML-2_21q21.1
21q21.1	HG00323	h2	TypeI	1	HG00323_hap2_hprc_r2_v1.0.1_HML-2_21q21.1
21q21.1	HG00329	h1	TypeI	1	HG00329_hap1_hprc_r2_v1.0.1_HML-2_21q21.1
21q21.1	HG00329	h2	TypeI	1	HG00329_hap2_hprc_r2_v1.0.1_HML-2_21q21.1
21q21.1	HG00344	h1	TypeI	1	HG00344_hap1_hprc_r2_v1.0.1_HML-2_21q21.1
21q21.1	HG00344	h2	TypeI	1	HG00344_hap2_hprc_r2_v1.0.1_HML-2_21q21.1
21q21.1	HG00350	h1	TypeI	1	HG00350_hap1_hprc_r2_v1.0.1_HML-2_21q21.1
21q21.1	HG00350	h2	TypeI	1	HG00350_hap2_hprc_r2_v1.0.1_HML-2_21q21.1
21q21.1	HG00358	h1	TypeI	1	HG00358_h1_HML-2_21q21.1_graph_hgsvc3-2024-02-23-mc-chm13
21q21.1	HG00358	h2	TypeI	1	HG00358_h2_HML-2_21q21.1_graph_hgsvc3-2024-02-23-mc-chm13
21q21.1	HG00408	mat	TypeI	1	HG00408_mat_hprc_r2_v1.0.1_HML-2_21q21.1
21q21.1	HG00408	pat	TypeI	1	HG00408_pat_hprc_r2_v1.0.1_HML-2_21q21.1
21q21.1	HG00423	mat	TypeI	1	HG00423_mat_hprc_r2_v1.0.1_HML-2_21q21.1
21q21.1	HG00423	pat	TypeI	1	HG00423_pat_hprc_r2_v1.0.1_HML-2_21q21.1
21q21.1	HG00438	mat	TypeI	1	HG00438_mat_hprc_r2_v1.0.1_HML-2_21q21.1
21q21.1	HG00438	pat	TypeI	1	HG00438_pat_hprc_r2_v1.0.1_HML-2_21q21.1
21q21.1	HG005	mat	TypeI	1	HG005_mat_hprc_r2_v1.0.1_HML-2_21q21.1
21q21.1	HG005	pat	TypeI	1	HG005_pat_hprc_r2_v1.0.1_HML-2_21q21.1
21q21.1	HG00512	h1	TypeI	1	HG00512_h1_HML-2_21q21.1_graph_hgsvc3-2024-02-23-mc-chm13
21q21.1	HG00512	h2	TypeI	1	HG00512_h2_HML-2_21q21.1_graph_hgsvc3-2024-02-23-mc-chm13
21q21.1	HG00513	h1	TypeI	1	HG00513_h1_HML-2_21q21.1_graph_hgsvc3-2024-02-23-mc-chm13
21q21.1	HG00513	h2	TypeI	1	HG00513_h2_HML-2_21q21.1_graph_hgsvc3-2024-02-23-mc-chm13
21q21.1	HG00514	h1	TypeI	1	HG00514_h1_HML-2_21q21.1_graph_hgsvc3-2024-02-23-mc-chm13
21q21.1	HG00514	h2	TypeI	1	HG00514_h2_HML-2_21q21.1_graph_hgsvc3-2024-02-23-mc-chm13
21q21.1	HG00544	mat	TypeI	1	HG00544_mat_hprc_r2_v1.0.1_HML-2_21q21.1
21q21.1	HG00544	pat	TypeI	1	HG00544_pat_hprc_r2_v1.0.1_HML-2_21q21.1
21q21.1	HG00558	mat	TypeI	1	HG00558_mat_hprc_r2_v1.0.1_HML-2_21q21.1
21q21.1	HG00558	pat	TypeI	1	HG00558_pat_hprc_r2_v1.0.1_HML-2_21q21.1
21q21.1	HG00597	mat	TypeI	1	HG00597_mat_hprc_r2_v1.0.1_HML-2_21q21.1
21q21.1	HG00597	pat	TypeI	1	HG00597_pat_hprc_r2_v1.0.1_HML-2_21q21.1
21q21.1	HG00609	mat	TypeI	1	HG00609_mat_hprc_r2_v1.0.1_HML-2_21q21.1
21q21.1	HG00609	pat	TypeI	1	HG00609_pat_hprc_r2_v1.0.1_HML-2_21q21.1
21q21.1	HG00621	mat	TypeI	1	HG00621_mat_hprc_r2_v1.0.1_HML-2_21q21.1
21q21.1	HG00621	pat	TypeI	1	HG00621_pat_hprc_r2_v1.0.1_HML-2_21q21.1
21q21.1	HG00639	mat	TypeI	1	HG00639_mat_hprc_r2_v1.0.1_HML-2_21q21.1
21q21.1	HG00639	pat	TypeI	1	HG00639_pat_hprc_r2_v1.0.1_HML-2_21q21.1
21q21.1	HG00642	mat	TypeI	1	HG00642_mat_hprc_r2_v1.0.1_HML-2_21q21.1
21q21.1	HG00642	pat	TypeI	1	HG00642_pat_hprc_r2_v1.0.1_HML-2_21q21.1
21q21.1	HG00658	mat	TypeI	1	HG00658_mat_hprc_r2_v1.0.1_HML-2_21q21.1
21q21.1	HG00658	pat	TypeI	1	HG00658_pat_hprc_r2_v1.0.1_HML-2_21q21.1
21q21.1	HG00673	mat	TypeI	1	HG00673_mat_hprc_r2_v1.0.1_HML-2_21q21.1
21q21.1	HG00673	pat	TypeI	1	HG00673_pat_hprc_r2_v1.0.1_HML-2_21q21.1
21q21.1	HG00706	mat	TypeI	1	HG00706_mat_hprc_r2_v1.0.1_HML-2_21q21.1
21q21.1	HG00706	pat	TypeI	1	HG00706_pat_hprc_r2_v1.0.1_HML-2_21q21.1
21q21.1	HG00731	h1	TypeI	1	HG00731_h1_HML-2_21q21.1_graph_hgsvc3-2024-02-23-mc-chm13
21q21.1	HG00731	h2	TypeI	1	HG00731_h2_HML-2_21q21.1_graph_hgsvc3-2024-02-23-mc-chm13
21q21.1	HG00732	h1	TypeI	1	HG00732_h1_HML-2_21q21.1_graph_hgsvc3-2024-02-23-mc-chm13
21q21.1	HG00732	h2	TypeI	1	HG00732_h2_HML-2_21q21.1_graph_hgsvc3-2024-02-23-mc-chm13
21q21.1	HG00733	mat	TypeI	1	HG00733_mat_hprc_r2_v1.0.1_HML-2_21q21.1
21q21.1	HG00733	pat	TypeI	1	HG00733_pat_hprc_r2_v1.0.1_HML-2_21q21.1
21q21.1	HG00735	mat	TypeI	1	HG00735_mat_hprc_r2_v1.0.1_HML-2_21q21.1
21q21.1	HG00735	pat	TypeI	1	HG00735_pat_hprc_r2_v1.0.1_HML-2_21q21.1
21q21.1	HG00738	mat	TypeI	1	HG00738_mat_hprc_r2_v1.0.1_HML-2_21q21.1
21q21.1	HG00738	pat	TypeI	1	HG00738_pat_hprc_r2_v1.0.1_HML-2_21q21.1
21q21.1	HG00741	mat	TypeI	1	HG00741_mat_hprc_r2_v1.0.1_HML-2_21q21.1
21q21.1	HG00741	pat	TypeI	1	HG00741_pat_hprc_r2_v1.0.1_HML-2_21q21.1
21q21.1	HG00864	h1	TypeI	1	HG00864_h1_HML-2_21q21.1_graph_hgsvc3-2024-02-23-mc-chm13
21q21.1	HG00864	h2	TypeI	1	HG00864_h2_HML-2_21q21.1_graph_hgsvc3-2024-02-23-mc-chm13
21q21.1	HG01071	mat	TypeI	1	HG01071_mat_hprc_r2_v1.0.1_HML-2_21q21.1
21q21.1	HG01071	pat	TypeI	1	HG01071_pat_hprc_r2_v1.0.1_HML-2_21q21.1
21q21.1	HG01074	mat	TypeI	1	HG01074_mat_hprc_r2_v1.0.1_HML-2_21q21.1
21q21.1	HG01074	pat	TypeI	1	HG01074_pat_hprc_r2_v1.0.1_HML-2_21q21.1
21q21.1	HG01081	mat	TypeI	1	HG01081_mat_hprc_r2_v1.0.1_HML-2_21q21.1
21q21.1	HG01081	pat	TypeI	1	HG01081_pat_hprc_r2_v1.0.1_HML-2_21q21.1
21q21.1	HG01099	mat	TypeI	1	HG01099_mat_hprc_r2_v1.0.1_HML-2_21q21.1
21q21.1	HG01099	pat	TypeI	1	HG01099_pat_hprc_r2_v1.0.1_HML-2_21q21.1
21q21.1	HG01106	mat	TypeI	1	HG01106_mat_hprc_r2_v1.0.1_HML-2_21q21.1
21q21.1	HG01106	pat	TypeI	1	HG01106_pat_hprc_r2_v1.0.1_HML-2_21q21.1
21q21.1	HG01109	mat	TypeI	1	HG01109_mat_hprc_r2_v1.0.1_HML-2_21q21.1
21q21.1	HG01109	pat	TypeI	1	HG01109_pat_hprc_r2_v1.0.1_HML-2_21q21.1
21q21.1	HG01114	h1	TypeI	1	HG01114_h1_HML-2_21q21.1_graph_hgsvc3-2024-02-23-mc-chm13
21q21.1	HG01114	h2	TypeI	1	HG01114_h2_HML-2_21q21.1_graph_hgsvc3-2024-02-23-mc-chm13
21q21.1	HG01123	mat	TypeI	1	HG01123_mat_hprc_r2_v1.0.1_HML-2_21q21.1
21q21.1	HG01123	pat	TypeI	1	HG01123_pat_hprc_r2_v1.0.1_HML-2_21q21.1
21q21.1	HG01150	mat	TypeI	1	HG01150_mat_hprc_r2_v1.0.1_HML-2_21q21.1
21q21.1	HG01150	pat	TypeI	1	HG01150_pat_hprc_r2_v1.0.1_HML-2_21q21.1
21q21.1	HG01167	h1	TypeI	1	HG01167_hap1_hprc_r2_v1.0.1_HML-2_21q21.1
21q21.1	HG01167	h2	TypeI	1	HG01167_hap2_hprc_r2_v1.0.1_HML-2_21q21.1
21q21.1	HG01175	mat	TypeI	1	HG01175_mat_hprc_r2_v1.0.1_HML-2_21q21.1
21q21.1	HG01175	pat	TypeI	1	HG01175_pat_hprc_r2_v1.0.1_HML-2_21q21.1
21q21.1	HG01192	mat	TypeI	1	HG01192_mat_hprc_r2_v1.0.1_HML-2_21q21.1
21q21.1	HG01192	pat	TypeI	1	HG01192_pat_hprc_r2_v1.0.1_HML-2_21q21.1
21q21.1	HG01243	mat	TypeI	1	HG01243_mat_hprc_r2_v1.0.1_HML-2_21q21.1
21q21.1	HG01243	pat	TypeI	1	HG01243_pat_hprc_r2_v1.0.1_HML-2_21q21.1
21q21.1	HG01252	mat	TypeI	1	HG01252_mat_hprc_r2_v1.0.1_HML-2_21q21.1
21q21.1	HG01252	pat	TypeI	1	HG01252_pat_hprc_r2_v1.0.1_HML-2_21q21.1
21q21.1	HG01255	mat	TypeI	1	HG01255_mat_hprc_r2_v1.0.1_HML-2_21q21.1
21q21.1	HG01255	pat	TypeI	1	HG01255_pat_hprc_r2_v1.0.1_HML-2_21q21.1
21q21.1	HG01258	mat	TypeI	1	HG01258_mat_hprc_r2_v1.0.1_HML-2_21q21.1
21q21.1	HG01258	pat	TypeI	1	HG01258_pat_hprc_r2_v1.0.1_HML-2_21q21.1
21q21.1	HG01261	mat	TypeI	1	HG01261_mat_hprc_r2_v1.0.1_HML-2_21q21.1
21q21.1	HG01261	pat	TypeI	1	HG01261_pat_hprc_r2_v1.0.1_HML-2_21q21.1
21q21.1	HG01346	mat	TypeI	1	HG01346_mat_hprc_r2_v1.0.1_HML-2_21q21.1
21q21.1	HG01346	pat	TypeI	1	HG01346_pat_hprc_r2_v1.0.1_HML-2_21q21.1
21q21.1	HG01352	h1	TypeI	1	HG01352_h1_HML-2_21q21.1_graph_hgsvc3-2024-02-23-mc-chm13
21q21.1	HG01352	h2	TypeI	1	HG01352_h2_HML-2_21q21.1_graph_hgsvc3-2024-02-23-mc-chm13
21q21.1	HG01358	mat	TypeI	1	HG01358_mat_hprc_r2_v1.0.1_HML-2_21q21.1
21q21.1	HG01358	pat	TypeI	1	HG01358_pat_hprc_r2_v1.0.1_HML-2_21q21.1
21q21.1	HG01361	mat	TypeI	1	HG01361_mat_hprc_r2_v1.0.1_HML-2_21q21.1
21q21.1	HG01361	pat	TypeI	1	HG01361_pat_hprc_r2_v1.0.1_HML-2_21q21.1
21q21.1	HG01433	mat	TypeI	1	HG01433_mat_hprc_r2_v1.0.1_HML-2_21q21.1
21q21.1	HG01433	pat	TypeI	1	HG01433_pat_hprc_r2_v1.0.1_HML-2_21q21.1
21q21.1	HG01457	h1	TypeI	1	HG01457_h1_HML-2_21q21.1_graph_hgsvc3-2024-02-23-mc-chm13
21q21.1	HG01457	h2	TypeI	1	HG01457_h2_HML-2_21q21.1_graph_hgsvc3-2024-02-23-mc-chm13
21q21.1	HG01496	mat	TypeI	1	HG01496_mat_hprc_r2_v1.0.1_HML-2_21q21.1
21q21.1	HG01496	pat	TypeI	1	HG01496_pat_hprc_r2_v1.0.1_HML-2_21q21.1
21q21.1	HG01505	h1	TypeI	1	HG01505_h1_HML-2_21q21.1_graph_hgsvc3-2024-02-23-mc-chm13
21q21.1	HG01505	h2	TypeI	1	HG01505_h2_HML-2_21q21.1_graph_hgsvc3-2024-02-23-mc-chm13
21q21.1	HG01530	h1	TypeI	1	HG01530_hap1_hprc_r2_v1.0.1_HML-2_21q21.1
21q21.1	HG01530	h2	TypeI	1	HG01530_hap2_hprc_r2_v1.0.1_HML-2_21q21.1
21q21.1	HG01573	h1	TypeI	1	HG01573_h1_HML-2_21q21.1_graph_hgsvc3-2024-02-23-mc-chm13
21q21.1	HG01573	h2	TypeI	1	HG01573_h2_HML-2_21q21.1_graph_hgsvc3-2024-02-23-mc-chm13
21q21.1	HG01596	h1	TypeI	1	HG01596_h1_HML-2_21q21.1_graph_hgsvc3-2024-02-23-mc-chm13
21q21.1	HG01596	h2	TypeI	1	HG01596_h2_HML-2_21q21.1_graph_hgsvc3-2024-02-23-mc-chm13
21q21.1	HG01784	h1	TypeI	1	HG01784_hap1_hprc_r2_v1.0.1_HML-2_21q21.1
21q21.1	HG01784	h2	TypeI	1	HG01784_hap2_hprc_r2_v1.0.1_HML-2_21q21.1
21q21.1	HG01786	h1	TypeI	1	HG01786_hap1_hprc_r2_v1.0.1_HML-2_21q21.1
21q21.1	HG01786	h2	TypeI	1	HG01786_hap2_hprc_r2_v1.0.1_HML-2_21q21.1
21q21.1	HG01884	mat	TypeI	1	HG01884_mat_hprc_r2_v1.0.1_HML-2_21q21.1
21q21.1	HG01884	pat	TypeI	1	HG01884_pat_hprc_r2_v1.0.1_HML-2_21q21.1
21q21.1	HG01890	h1	TypeI	1	HG01890_h1_HML-2_21q21.1_graph_hgsvc3-2024-02-23-mc-chm13
21q21.1	HG01890	h2	TypeI	1	HG01890_h2_HML-2_21q21.1_graph_hgsvc3-2024-02-23-mc-chm13
21q21.1	HG01891	mat	TypeI	1	HG01891_mat_hprc_r2_v1.0.1_HML-2_21q21.1
21q21.1	HG01891	pat	TypeI	1	HG01891_pat_hprc_r2_v1.0.1_HML-2_21q21.1
21q21.1	HG01928	mat	TypeI	1	HG01928_mat_hprc_r2_v1.0.1_HML-2_21q21.1
21q21.1	HG01928	pat	TypeI	1	HG01928_pat_hprc_r2_v1.0.1_HML-2_21q21.1
21q21.1	HG01934	mat	TypeI	1	HG01934_mat_hprc_r2_v1.0.1_HML-2_21q21.1
21q21.1	HG01934	pat	TypeI	1	HG01934_pat_hprc_r2_v1.0.1_HML-2_21q21.1
21q21.1	HG01940	mat	TypeI	1	HG01940_mat_hprc_r2_v1.0.1_HML-2_21q21.1
21q21.1	HG01940	pat	TypeI	1	HG01940_pat_hprc_r2_v1.0.1_HML-2_21q21.1
21q21.1	HG01943	mat	TypeI	1	HG01943_mat_hprc_r2_v1.0.1_HML-2_21q21.1
21q21.1	HG01943	pat	TypeI	1	HG01943_pat_hprc_r2_v1.0.1_HML-2_21q21.1
21q21.1	HG01952	mat	TypeI	1	HG01952_mat_hprc_r2_v1.0.1_HML-2_21q21.1
21q21.1	HG01952	pat	TypeI	1	HG01952_pat_hprc_r2_v1.0.1_HML-2_21q21.1
21q21.1	HG01960	mat	TypeI	1	HG01960_mat_hprc_r2_v1.0.1_HML-2_21q21.1
21q21.1	HG01960	pat	TypeI	1	HG01960_pat_hprc_r2_v1.0.1_HML-2_21q21.1
21q21.1	HG01969	mat	TypeI	1	HG01969_mat_hprc_r2_v1.0.1_HML-2_21q21.1
21q21.1	HG01969	pat	TypeI	1	HG01969_pat_hprc_r2_v1.0.1_HML-2_21q21.1
21q21.1	HG01975	mat	TypeI	1	HG01975_mat_hprc_r2_v1.0.1_HML-2_21q21.1
21q21.1	HG01975	pat	TypeI	1	HG01975_pat_hprc_r2_v1.0.1_HML-2_21q21.1
21q21.1	HG01978	mat	TypeI	1	HG01978_mat_hprc_r2_v1.1.0_HML-2_21q21.1
21q21.1	HG01978	pat	TypeI	1	HG01978_pat_hprc_r2_v1.1.0_HML-2_21q21.1
21q21.1	HG01981	mat	TypeI	1	HG01981_mat_hprc_r2_v1.0.1_HML-2_21q21.1
21q21.1	HG01981	pat	TypeI	1	HG01981_pat_hprc_r2_v1.0.1_HML-2_21q21.1
21q21.1	HG01993	mat	TypeI	1	HG01993_mat_hprc_r2_v1.0.1_HML-2_21q21.1
21q21.1	HG01993	pat	TypeI	1	HG01993_pat_hprc_r2_v1.0.1_HML-2_21q21.1
21q21.1	HG02004	mat	TypeI	1	HG02004_mat_hprc_r2_v1.0.1_HML-2_21q21.1
21q21.1	HG02004	pat	TypeI	1	HG02004_pat_hprc_r2_v1.0.1_HML-2_21q21.1
21q21.1	HG02011	h1	TypeI	1	HG02011_h1_HML-2_21q21.1_graph_hgsvc3-2024-02-23-mc-chm13
21q21.1	HG02011	h2	TypeI	1	HG02011_h2_HML-2_21q21.1_graph_hgsvc3-2024-02-23-mc-chm13
21q21.1	HG02015	mat	TypeI	1	HG02015_mat_hprc_r2_v1.0.1_HML-2_21q21.1
21q21.1	HG02015	pat	TypeI	1	HG02015_pat_hprc_r2_v1.0.1_HML-2_21q21.1
21q21.1	HG02018	h1	TypeI	1	HG02018_h1_HML-2_21q21.1_graph_hgsvc3-2024-02-23-mc-chm13
21q21.1	HG02018	h2	TypeI	1	HG02018_h2_HML-2_21q21.1_graph_hgsvc3-2024-02-23-mc-chm13
21q21.1	HG02027	mat	TypeI	1	HG02027_mat_hprc_r2_v1.0.1_HML-2_21q21.1
21q21.1	HG02027	pat	TypeI	1	HG02027_pat_hprc_r2_v1.0.1_HML-2_21q21.1
21q21.1	HG02040	h1	TypeI	1	HG02040_hap1_hprc_r2_v1.0.1_HML-2_21q21.1
21q21.1	HG02040	h2	TypeI	1	HG02040_hap2_hprc_r2_v1.0.1_HML-2_21q21.1
21q21.1	HG02055	mat	TypeI	1	HG02055_mat_hprc_r2_v1.0.1_HML-2_21q21.1
21q21.1	HG02055	pat	TypeI	1	HG02055_pat_hprc_r2_v1.0.1_HML-2_21q21.1
21q21.1	HG02056	mat	TypeI	1	HG02056_mat_hprc_r2_v1.0.1_HML-2_21q21.1
21q21.1	HG02056	pat	TypeI	1	HG02056_pat_hprc_r2_v1.0.1_HML-2_21q21.1
21q21.1	HG02059	h1	TypeI	1	HG02059_h1_HML-2_21q21.1_graph_hgsvc3-2024-02-23-mc-chm13
21q21.1	HG02059	h2	TypeI	1	HG02059_h2_HML-2_21q21.1_graph_hgsvc3-2024-02-23-mc-chm13
21q21.1	HG02071	mat	TypeI	1	HG02071_mat_hprc_r2_v1.0.1_HML-2_21q21.1
21q21.1	HG02071	pat	TypeI	1	HG02071_pat_hprc_r2_v1.0.1_HML-2_21q21.1
21q21.1	HG02074	mat	TypeI	1	HG02074_mat_hprc_r2_v1.0.1_HML-2_21q21.1
21q21.1	HG02074	pat	TypeI	1	HG02074_pat_hprc_r2_v1.0.1_HML-2_21q21.1
21q21.1	HG02080	mat	TypeI	1	HG02080_mat_hprc_r2_v1.0.1_HML-2_21q21.1
21q21.1	HG02080	pat	TypeI	1	HG02080_pat_hprc_r2_v1.0.1_HML-2_21q21.1
21q21.1	HG02083	mat	TypeI	1	HG02083_mat_hprc_r2_v1.0.1_HML-2_21q21.1
21q21.1	HG02083	pat	TypeI	1	HG02083_pat_hprc_r2_v1.0.1_HML-2_21q21.1
21q21.1	HG02106	h1	TypeI	1	HG02106_h1_HML-2_21q21.1_graph_hgsvc3-2024-02-23-mc-chm13
21q21.1	HG02106	h2	TypeI	1	HG02106_h2_HML-2_21q21.1_graph_hgsvc3-2024-02-23-mc-chm13
21q21.1	HG02109	mat	TypeI	1	HG02109_mat_hprc_r2_v1.0.1_HML-2_21q21.1
21q21.1	HG02109	pat	TypeI	1	HG02109_pat_hprc_r2_v1.0.1_HML-2_21q21.1
21q21.1	HG02129	mat	TypeI	1	HG02129_mat_hprc_r2_v1.0.1_HML-2_21q21.1
21q21.1	HG02129	pat	TypeI	1	HG02129_pat_hprc_r2_v1.0.1_HML-2_21q21.1
21q21.1	HG02132	mat	TypeI	1	HG02132_mat_hprc_r2_v1.0.1_HML-2_21q21.1
21q21.1	HG02132	pat	TypeI	1	HG02132_pat_hprc_r2_v1.0.1_HML-2_21q21.1
21q21.1	HG02135	mat	TypeI	1	HG02135_mat_hprc_r2_v1.0.1_HML-2_21q21.1
21q21.1	HG02135	pat	TypeI	1	HG02135_pat_hprc_r2_v1.0.1_HML-2_21q21.1
21q21.1	HG02145	mat	TypeI	1	HG02145_mat_hprc_r2_v1.0.1_HML-2_21q21.1
21q21.1	HG02145	pat	TypeI	1	HG02145_pat_hprc_r2_v1.0.1_HML-2_21q21.1
21q21.1	HG02148	mat	TypeI	1	HG02148_mat_hprc_r2_v1.0.1_HML-2_21q21.1
21q21.1	HG02148	pat	TypeI	1	HG02148_pat_hprc_r2_v1.0.1_HML-2_21q21.1
21q21.1	HG02155	h1	TypeI	1	HG02155_hap1_hprc_r2_v1.0.1_HML-2_21q21.1
21q21.1	HG02155	h2	TypeI	1	HG02155_hap2_hprc_r2_v1.0.1_HML-2_21q21.1
21q21.1	HG02165	h1	TypeI	1	HG02165_hap1_hprc_r2_v1.0.1_HML-2_21q21.1
21q21.1	HG02165	h2	TypeI	1	HG02165_hap2_hprc_r2_v1.0.1_HML-2_21q21.1
21q21.1	HG02178	h1	TypeI	1	HG02178_hap1_hprc_r2_v1.0.1_HML-2_21q21.1
21q21.1	HG02178	h2	TypeI	1	HG02178_hap2_hprc_r2_v1.0.1_HML-2_21q21.1
21q21.1	HG02257	mat	TypeI	1	HG02257_mat_hprc_r2_v1.1.0_HML-2_21q21.1
21q21.1	HG02257	pat	TypeI	1	HG02257_pat_hprc_r2_v1.1.0_HML-2_21q21.1
21q21.1	HG02258	mat	TypeI	1	HG02258_mat_hprc_r2_v1.0.1_HML-2_21q21.1
21q21.1	HG02258	pat	TypeI	1	HG02258_pat_hprc_r2_v1.0.1_HML-2_21q21.1
21q21.1	HG02273	h1	TypeI	1	HG02273_hap1_hprc_r2_v1.0.1_HML-2_21q21.1
21q21.1	HG02273	h2	TypeI	1	HG02273_hap2_hprc_r2_v1.0.1_HML-2_21q21.1
21q21.1	HG02280	mat	TypeI	1	HG02280_mat_hprc_r2_v1.0.1_HML-2_21q21.1
21q21.1	HG02280	pat	TypeI	1	HG02280_pat_hprc_r2_v1.0.1_HML-2_21q21.1
21q21.1	HG02282	h1	TypeI	1	HG02282_h1_HML-2_21q21.1_graph_hgsvc3-2024-02-23-mc-chm13
21q21.1	HG02282	h2	TypeI	1	HG02282_h2_HML-2_21q21.1_graph_hgsvc3-2024-02-23-mc-chm13
21q21.1	HG02293	mat	TypeI	1	HG02293_mat_hprc_r2_v1.0.1_HML-2_21q21.1
21q21.1	HG02293	pat	TypeI	1	HG02293_pat_hprc_r2_v1.0.1_HML-2_21q21.1
21q21.1	HG02300	mat	TypeI	1	HG02300_mat_hprc_r2_v1.0.1_HML-2_21q21.1
21q21.1	HG02300	pat	TypeI	1	HG02300_pat_hprc_r2_v1.0.1_HML-2_21q21.1
21q21.1	HG02391	h1	TypeI	1	HG02391_hap1_hprc_r2_v1.0.1_HML-2_21q21.1
21q21.1	HG02391	h2	TypeI	1	HG02391_hap2_hprc_r2_v1.0.1_HML-2_21q21.1
21q21.1	HG02392	h1	TypeI	1	HG02392_hap1_hprc_r2_v1.0.1_HML-2_21q21.1
21q21.1	HG02392	h2	TypeI	1	HG02392_hap2_hprc_r2_v1.0.1_HML-2_21q21.1
21q21.1	HG02451	mat	TypeI	1	HG02451_mat_hprc_r2_v1.0.1_HML-2_21q21.1
21q21.1	HG02451	pat	TypeI	1	HG02451_pat_hprc_r2_v1.0.1_HML-2_21q21.1
21q21.1	HG02486	mat	TypeI	1	HG02486_mat_hprc_r2_v1.0.1_HML-2_21q21.1
21q21.1	HG02486	pat	TypeI	1	HG02486_pat_hprc_r2_v1.0.1_HML-2_21q21.1
21q21.1	HG02492	h1	TypeI	1	HG02492_h1_HML-2_21q21.1_graph_hgsvc3-2024-02-23-mc-chm13
21q21.1	HG02492	h2	TypeI	1	HG02492_h2_HML-2_21q21.1_graph_hgsvc3-2024-02-23-mc-chm13
21q21.1	HG02514	mat	TypeI	1	HG02514_mat_hprc_r2_v1.0.1_HML-2_21q21.1
21q21.1	HG02514	pat	TypeI	1	HG02514_pat_hprc_r2_v1.0.1_HML-2_21q21.1
21q21.1	HG02523	mat	TypeI	1	HG02523_mat_hprc_r2_v1.0.1_HML-2_21q21.1
21q21.1	HG02523	pat	TypeI	1	HG02523_pat_hprc_r2_v1.0.1_HML-2_21q21.1
21q21.1	HG02554	h1	TypeI	1	HG02554_h1_HML-2_21q21.1_graph_hgsvc3-2024-02-23-mc-chm13
21q21.1	HG02554	h2	TypeI	1	HG02554_h2_HML-2_21q21.1_graph_hgsvc3-2024-02-23-mc-chm13
21q21.1	HG02559	mat	TypeI	1	HG02559_mat_hprc_r2_v1.0.1_HML-2_21q21.1
21q21.1	HG02559	pat	TypeI	1	HG02559_pat_hprc_r2_v1.0.1_HML-2_21q21.1
21q21.1	HG02572	mat	TypeI	1	HG02572_mat_hprc_r2_v1.0.1_HML-2_21q21.1
21q21.1	HG02572	pat	TypeI	1	HG02572_pat_hprc_r2_v1.0.1_HML-2_21q21.1
21q21.1	HG02583	h1	TypeI	1	HG02583_hap1_hprc_r2_v1.0.1_HML-2_21q21.1
21q21.1	HG02583	h2	TypeI	1	HG02583_hap2_hprc_r2_v1.0.1_HML-2_21q21.1
21q21.1	HG02587	h1	TypeI	1	HG02587_h1_HML-2_21q21.1_graph_hgsvc3-2024-02-23-mc-chm13
21q21.1	HG02587	h2	TypeI	1	HG02587_h2_HML-2_21q21.1_graph_hgsvc3-2024-02-23-mc-chm13
21q21.1	HG02602	mat	TypeI	1	HG02602_mat_hprc_r2_v1.0.1_HML-2_21q21.1
21q21.1	HG02602	pat	TypeI	1	HG02602_pat_hprc_r2_v1.0.1_HML-2_21q21.1
21q21.1	HG02615	mat	TypeI	1	HG02615_mat_hprc_r2_v1.0.1_HML-2_21q21.1
21q21.1	HG02615	pat	TypeI	1	HG02615_pat_hprc_r2_v1.0.1_HML-2_21q21.1
21q21.1	HG02622	mat	TypeI	1	HG02622_mat_hprc_r2_v1.0.1_HML-2_21q21.1
21q21.1	HG02622	pat	TypeI	1	HG02622_pat_hprc_r2_v1.0.1_HML-2_21q21.1
21q21.1	HG02630	mat	TypeI	1	HG02630_mat_hprc_r2_v1.0.1_HML-2_21q21.1
21q21.1	HG02630	pat	TypeI	1	HG02630_pat_hprc_r2_v1.0.1_HML-2_21q21.1
21q21.1	HG02647	mat	TypeI	1	HG02647_mat_hprc_r2_v1.0.1_HML-2_21q21.1
21q21.1	HG02647	pat	TypeI	1	HG02647_pat_hprc_r2_v1.0.1_HML-2_21q21.1
21q21.1	HG02666	h1	TypeI	1	HG02666_h1_HML-2_21q21.1_graph_hgsvc3-2024-02-23-mc-chm13
21q21.1	HG02666	h2	TypeI	1	HG02666_h2_HML-2_21q21.1_graph_hgsvc3-2024-02-23-mc-chm13
21q21.1	HG02668	mat	TypeI	1	HG02668_mat_hprc_r2_v1.0.1_HML-2_21q21.1
21q21.1	HG02668	pat	TypeI	1	HG02668_pat_hprc_r2_v1.0.1_HML-2_21q21.1
21q21.1	HG02698	mat	TypeI	1	HG02698_mat_hprc_r2_v1.0.1_HML-2_21q21.1
21q21.1	HG02698	pat	TypeI	1	HG02698_pat_hprc_r2_v1.0.1_HML-2_21q21.1
21q21.1	HG02717	mat	TypeI	1	HG02717_mat_hprc_r2_v1.0.1_HML-2_21q21.1
21q21.1	HG02717	pat	TypeI	1	HG02717_pat_hprc_r2_v1.0.1_HML-2_21q21.1
21q21.1	HG02723	mat	TypeI	1	HG02723_mat_hprc_r2_v1.0.1_HML-2_21q21.1
21q21.1	HG02723	pat	TypeI	1	HG02723_pat_hprc_r2_v1.0.1_HML-2_21q21.1
21q21.1	HG02735	mat	TypeI	1	HG02735_mat_hprc_r2_v1.0.1_HML-2_21q21.1
21q21.1	HG02735	pat	TypeI	1	HG02735_pat_hprc_r2_v1.0.1_HML-2_21q21.1
21q21.1	HG02738	mat	TypeI	1	HG02738_mat_hprc_r2_v1.0.1_HML-2_21q21.1
21q21.1	HG02738	pat	TypeI	1	HG02738_pat_hprc_r2_v1.0.1_HML-2_21q21.1
21q21.1	HG02769	h1	TypeI	1	HG02769_h1_HML-2_21q21.1_graph_hgsvc3-2024-02-23-mc-chm13
21q21.1	HG02769	h2	TypeI	1	HG02769_h2_HML-2_21q21.1_graph_hgsvc3-2024-02-23-mc-chm13
21q21.1	HG02809	mat	TypeI	1	HG02809_mat_hprc_r2_v1.0.1_HML-2_21q21.1
21q21.1	HG02809	pat	TypeI	1	HG02809_pat_hprc_r2_v1.0.1_HML-2_21q21.1
21q21.1	HG02818	mat	TypeI	1	HG02818_mat_hprc_r2_v1.0.1_HML-2_21q21.1
21q21.1	HG02818	pat	TypeI	1	HG02818_pat_hprc_r2_v1.0.1_HML-2_21q21.1
21q21.1	HG02841	mat	TypeI	1	HG02841_mat_hprc_r2_v1.0.1_HML-2_21q21.1
21q21.1	HG02841	pat	TypeI	1	HG02841_pat_hprc_r2_v1.0.1_HML-2_21q21.1
21q21.1	HG02886	mat	TypeI	1	HG02886_mat_hprc_r2_v1.0.1_HML-2_21q21.1
21q21.1	HG02886	pat	TypeI	1	HG02886_pat_hprc_r2_v1.0.1_HML-2_21q21.1
21q21.1	HG02922	h1	TypeI	1	HG02922_hap1_hprc_r2_v1.0.1_HML-2_21q21.1
21q21.1	HG02922	h2	TypeI	1	HG02922_hap2_hprc_r2_v1.0.1_HML-2_21q21.1
21q21.1	HG02953	h1	solo_LTR	1	HG02953_h1_HML-2_21q21.1_graph_hgsvc3-2024-02-23-mc-chm13
21q21.1	HG02953	h2	TypeI	1	HG02953_h2_HML-2_21q21.1_graph_hgsvc3-2024-02-23-mc-chm13
21q21.1	HG02965	h1	TypeI	1	HG02965_hap1_hprc_r2_v1.0.1_HML-2_21q21.1
21q21.1	HG02965	h2	TypeI	1	HG02965_hap2_hprc_r2_v1.0.1_HML-2_21q21.1
21q21.1	HG02976	h1	TypeI	1	HG02976_hap1_hprc_r2_v1.0.1_HML-2_21q21.1
21q21.1	HG02976	h2	TypeI	1	HG02976_hap2_hprc_r2_v1.0.1_HML-2_21q21.1
21q21.1	HG02984	mat	TypeI	1	HG02984_mat_hprc_r2_v1.0.1_HML-2_21q21.1
21q21.1	HG02984	pat	TypeI	1	HG02984_pat_hprc_r2_v1.0.1_HML-2_21q21.1
21q21.1	HG03009	h1	TypeI	1	HG03009_h1_HML-2_21q21.1_graph_hgsvc3-2024-02-23-mc-chm13
21q21.1	HG03009	h2	TypeI	1	HG03009_h2_HML-2_21q21.1_graph_hgsvc3-2024-02-23-mc-chm13
21q21.1	HG03017	mat	TypeI	1	HG03017_mat_hprc_r2_v1.0.1_HML-2_21q21.1
21q21.1	HG03017	pat	TypeI	1	HG03017_pat_hprc_r2_v1.0.1_HML-2_21q21.1
21q21.1	HG03041	mat	TypeI	1	HG03041_mat_hprc_r2_v1.0.1_HML-2_21q21.1
21q21.1	HG03041	pat	TypeI	1	HG03041_pat_hprc_r2_v1.0.1_HML-2_21q21.1
21q21.1	HG03050	mat	TypeI	1	HG03050_mat_hprc_r2_v1.0.1_HML-2_21q21.1
21q21.1	HG03050	pat	TypeI	1	HG03050_pat_hprc_r2_v1.0.1_HML-2_21q21.1
21q21.1	HG03065	h1	TypeI	1	HG03065_h1_HML-2_21q21.1_graph_hgsvc3-2024-02-23-mc-chm13
21q21.1	HG03065	h2	TypeI	1	HG03065_h2_HML-2_21q21.1_graph_hgsvc3-2024-02-23-mc-chm13
21q21.1	HG03098	mat	TypeI	1	HG03098_mat_hprc_r2_v1.0.1_HML-2_21q21.1
21q21.1	HG03098	pat	TypeI	1	HG03098_pat_hprc_r2_v1.0.1_HML-2_21q21.1
21q21.1	HG03130	h1	TypeI	1	HG03130_hap1_hprc_r2_v1.0.1_HML-2_21q21.1
21q21.1	HG03130	h2	TypeI	1	HG03130_hap2_hprc_r2_v1.0.1_HML-2_21q21.1
21q21.1	HG03139	h1	TypeI	1	HG03139_hap1_hprc_r2_v1.0.1_HML-2_21q21.1
21q21.1	HG03139	h2	TypeI	1	HG03139_hap2_hprc_r2_v1.0.1_HML-2_21q21.1
21q21.1	HG03195	h1	TypeI	1	HG03195_hap1_hprc_r2_v1.0.1_HML-2_21q21.1
21q21.1	HG03195	h2	TypeI	1	HG03195_hap2_hprc_r2_v1.0.1_HML-2_21q21.1
21q21.1	HG03209	h1	TypeI	1	HG03209_hap1_hprc_r2_v1.0.1_HML-2_21q21.1
21q21.1	HG03209	h2	TypeI	1	HG03209_hap2_hprc_r2_v1.0.1_HML-2_21q21.1
21q21.1	HG03225	h1	TypeI	1	HG03225_hap1_hprc_r2_v1.0.1_HML-2_21q21.1
21q21.1	HG03225	h2	TypeI	1	HG03225_hap2_hprc_r2_v1.0.1_HML-2_21q21.1
21q21.1	HG03239	mat	TypeI	1	HG03239_mat_hprc_r2_v1.0.1_HML-2_21q21.1
21q21.1	HG03239	pat	TypeI	1	HG03239_pat_hprc_r2_v1.0.1_HML-2_21q21.1
21q21.1	HG03248	h1	TypeI	1	HG03248_h1_HML-2_21q21.1_graph_hgsvc3-2024-02-23-mc-chm13
21q21.1	HG03248	h2	TypeI	1	HG03248_h2_HML-2_21q21.1_graph_hgsvc3-2024-02-23-mc-chm13
21q21.1	HG03270	h1	TypeI	1	HG03270_hap1_hprc_r2_v1.0.1_HML-2_21q21.1
21q21.1	HG03270	h2	TypeI	1	HG03270_hap2_hprc_r2_v1.0.1_HML-2_21q21.1
21q21.1	HG03369	h1	TypeI	1	HG03369_hap1_hprc_r2_v1.0.1_HML-2_21q21.1
21q21.1	HG03369	h2	TypeI	1	HG03369_hap2_hprc_r2_v1.0.1_HML-2_21q21.1
21q21.1	HG03371	h1	TypeI	1	HG03371_h1_HML-2_21q21.1_graph_hgsvc3-2024-02-23-mc-chm13
21q21.1	HG03371	h2	TypeI	1	HG03371_h2_HML-2_21q21.1_graph_hgsvc3-2024-02-23-mc-chm13
21q21.1	HG03452	h1	TypeI	1	HG03452_h1_HML-2_21q21.1_graph_hgsvc3-2024-02-23-mc-chm13
21q21.1	HG03452	h2	TypeI	1	HG03452_h2_HML-2_21q21.1_graph_hgsvc3-2024-02-23-mc-chm13
21q21.1	HG03453	mat	TypeI	1	HG03453_mat_hprc_r2_v1.0.1_HML-2_21q21.1
21q21.1	HG03453	pat	TypeI	1	HG03453_pat_hprc_r2_v1.0.1_HML-2_21q21.1
21q21.1	HG03456	h1	TypeI	1	HG03456_h1_HML-2_21q21.1_graph_hgsvc3-2024-02-23-mc-chm13
21q21.1	HG03456	h2	TypeI	1	HG03456_h2_HML-2_21q21.1_graph_hgsvc3-2024-02-23-mc-chm13
21q21.1	HG03470	h1	TypeI	1	HG03470_hap1_hprc_r2_v1.0.1_HML-2_21q21.1
21q21.1	HG03470	h2	TypeI	1	HG03470_hap2_hprc_r2_v1.0.1_HML-2_21q21.1
21q21.1	HG03471	h1	TypeI	1	HG03471_hap1_hprc_r2_v1.0.1_HML-2_21q21.1
21q21.1	HG03471	h2	TypeI	1	HG03471_hap2_hprc_r2_v1.0.1_HML-2_21q21.1
21q21.1	HG03486	mat	TypeI	1	HG03486_mat_hprc_r2_v1.0.1_HML-2_21q21.1
21q21.1	HG03486	pat	TypeI	1	HG03486_pat_hprc_r2_v1.0.1_HML-2_21q21.1
21q21.1	HG03516	mat	TypeI	1	HG03516_mat_hprc_r2_v1.1.0_HML-2_21q21.1
21q21.1	HG03516	pat	TypeI	1	HG03516_pat_hprc_r2_v1.1.0_HML-2_21q21.1
21q21.1	HG03520	h1	TypeI	1	HG03520_h1_HML-2_21q21.1_graph_hgsvc3-2024-02-23-mc-chm13
21q21.1	HG03520	h2	TypeI	1	HG03520_h2_HML-2_21q21.1_graph_hgsvc3-2024-02-23-mc-chm13
21q21.1	HG03521	h1	TypeI	1	HG03521_hap1_hprc_r2_v1.0.1_HML-2_21q21.1
21q21.1	HG03521	h2	TypeI	1	HG03521_hap2_hprc_r2_v1.0.1_HML-2_21q21.1
21q21.1	HG03540	mat	TypeI	1	HG03540_mat_hprc_r2_v1.0.1_HML-2_21q21.1
21q21.1	HG03540	pat	TypeI	1	HG03540_pat_hprc_r2_v1.0.1_HML-2_21q21.1
21q21.1	HG03579	mat	TypeI	1	HG03579_mat_hprc_r2_v1.0.1_HML-2_21q21.1
21q21.1	HG03579	pat	TypeI	1	HG03579_pat_hprc_r2_v1.0.1_HML-2_21q21.1
21q21.1	HG03583	h1	TypeI	1	HG03583_hap1_hprc_r2_v1.0.1_HML-2_21q21.1
21q21.1	HG03583	h2	TypeI	1	HG03583_hap2_hprc_r2_v1.0.1_HML-2_21q21.1
21q21.1	HG03654	mat	TypeI	1	HG03654_mat_hprc_r2_v1.0.1_HML-2_21q21.1
21q21.1	HG03654	pat	TypeI	1	HG03654_pat_hprc_r2_v1.0.1_HML-2_21q21.1
21q21.1	HG03669	mat	TypeI	1	HG03669_mat_hprc_r2_v1.0.1_HML-2_21q21.1
21q21.1	HG03669	pat	TypeI	1	HG03669_pat_hprc_r2_v1.0.1_HML-2_21q21.1
21q21.1	HG03683	h1	TypeI	1	HG03683_h1_HML-2_21q21.1_graph_hgsvc3-2024-02-23-mc-chm13
21q21.1	HG03683	h2	TypeI	1	HG03683_h2_HML-2_21q21.1_graph_hgsvc3-2024-02-23-mc-chm13
21q21.1	HG03688	mat	TypeI	1	HG03688_mat_hprc_r2_v1.0.1_HML-2_21q21.1
21q21.1	HG03688	pat	TypeI	1	HG03688_pat_hprc_r2_v1.0.1_HML-2_21q21.1
21q21.1	HG03704	mat	TypeI	1	HG03704_mat_hprc_r2_v1.0.1_HML-2_21q21.1
21q21.1	HG03704	pat	TypeI	1	HG03704_pat_hprc_r2_v1.0.1_HML-2_21q21.1
21q21.1	HG03710	mat	TypeI	1	HG03710_mat_hprc_r2_v1.0.1_HML-2_21q21.1
21q21.1	HG03710	pat	TypeI	1	HG03710_pat_hprc_r2_v1.0.1_HML-2_21q21.1
21q21.1	HG03732	h1	TypeI	1	HG03732_h1_HML-2_21q21.1_graph_hgsvc3-2024-02-23-mc-chm13
21q21.1	HG03732	h2	TypeI	1	HG03732_h2_HML-2_21q21.1_graph_hgsvc3-2024-02-23-mc-chm13
21q21.1	HG03742	h1	TypeI	1	HG03742_hap1_hprc_r2_v1.0.1_HML-2_21q21.1
21q21.1	HG03742	h2	TypeI	1	HG03742_hap2_hprc_r2_v1.0.1_HML-2_21q21.1
21q21.1	HG03784	h1	TypeI	1	HG03784_hap1_hprc_r2_v1.0.1_HML-2_21q21.1
21q21.1	HG03784	h2	TypeI	1	HG03784_hap2_hprc_r2_v1.0.1_HML-2_21q21.1
21q21.1	HG03804	mat	TypeI	1	HG03804_mat_hprc_r2_v1.0.1_HML-2_21q21.1
21q21.1	HG03804	pat	TypeI	1	HG03804_pat_hprc_r2_v1.0.1_HML-2_21q21.1
21q21.1	HG03807	h1	TypeI	1	HG03807_h1_HML-2_21q21.1_graph_hgsvc3-2024-02-23-mc-chm13
21q21.1	HG03807	h2	TypeI	1	HG03807_h2_HML-2_21q21.1_graph_hgsvc3-2024-02-23-mc-chm13
21q21.1	HG03816	mat	TypeI	1	HG03816_mat_hprc_r2_v1.0.1_HML-2_21q21.1
21q21.1	HG03816	pat	TypeI	1	HG03816_pat_hprc_r2_v1.0.1_HML-2_21q21.1
21q21.1	HG03831	mat	TypeI	1	HG03831_mat_hprc_r2_v1.0.1_HML-2_21q21.1
21q21.1	HG03831	pat	TypeI	1	HG03831_pat_hprc_r2_v1.0.1_HML-2_21q21.1
21q21.1	HG03834	mat	TypeI	1	HG03834_mat_hprc_r2_v1.0.1_HML-2_21q21.1
21q21.1	HG03834	pat	TypeI	1	HG03834_pat_hprc_r2_v1.0.1_HML-2_21q21.1
21q21.1	HG03874	h1	TypeI	1	HG03874_hap1_hprc_r2_v1.0.1_HML-2_21q21.1
21q21.1	HG03874	h2	TypeI	1	HG03874_hap2_hprc_r2_v1.0.1_HML-2_21q21.1
21q21.1	HG03927	mat	TypeI	1	HG03927_mat_hprc_r2_v1.0.1_HML-2_21q21.1
21q21.1	HG03927	pat	TypeI	1	HG03927_pat_hprc_r2_v1.0.1_HML-2_21q21.1
21q21.1	HG03942	mat	TypeI	1	HG03942_mat_hprc_r2_v1.0.1_HML-2_21q21.1
21q21.1	HG03942	pat	TypeI	1	HG03942_pat_hprc_r2_v1.0.1_HML-2_21q21.1
21q21.1	HG04036	h1	TypeI	1	HG04036_h1_HML-2_21q21.1_graph_hgsvc3-2024-02-23-mc-chm13
21q21.1	HG04036	h2	TypeI	1	HG04036_h2_HML-2_21q21.1_graph_hgsvc3-2024-02-23-mc-chm13
21q21.1	HG04115	mat	TypeI	1	HG04115_mat_hprc_r2_v1.0.1_HML-2_21q21.1
21q21.1	HG04115	pat	TypeI	1	HG04115_pat_hprc_r2_v1.0.1_HML-2_21q21.1
21q21.1	HG04157	mat	TypeI	1	HG04157_mat_hprc_r2_v1.0.1_HML-2_21q21.1
21q21.1	HG04157	pat	TypeI	1	HG04157_pat_hprc_r2_v1.0.1_HML-2_21q21.1
21q21.1	HG04160	mat	TypeI	1	HG04160_mat_hprc_r2_v1.0.1_HML-2_21q21.1
21q21.1	HG04160	pat	TypeI	1	HG04160_pat_hprc_r2_v1.0.1_HML-2_21q21.1
21q21.1	HG04184	mat	TypeI	1	HG04184_mat_hprc_r2_v1.0.1_HML-2_21q21.1
21q21.1	HG04184	pat	TypeI	1	HG04184_pat_hprc_r2_v1.0.1_HML-2_21q21.1
21q21.1	HG04187	mat	TypeI	1	HG04187_mat_hprc_r2_v1.0.1_HML-2_21q21.1
21q21.1	HG04187	pat	TypeI	1	HG04187_pat_hprc_r2_v1.0.1_HML-2_21q21.1
21q21.1	HG04199	mat	TypeI	1	HG04199_mat_hprc_r2_v1.0.1_HML-2_21q21.1
21q21.1	HG04199	pat	TypeI	1	HG04199_pat_hprc_r2_v1.0.1_HML-2_21q21.1
21q21.1	HG04204	mat	TypeI	1	HG04204_mat_hprc_r2_v1.0.1_HML-2_21q21.1
21q21.1	HG04204	pat	TypeI	1	HG04204_pat_hprc_r2_v1.0.1_HML-2_21q21.1
21q21.1	HG04217	h1	TypeI	1	HG04217_h1_HML-2_21q21.1_graph_hgsvc3-2024-02-23-mc-chm13
21q21.1	HG04217	h2	TypeI	1	HG04217_h2_HML-2_21q21.1_graph_hgsvc3-2024-02-23-mc-chm13
21q21.1	HG04228	mat	TypeI	1	HG04228_mat_hprc_r2_v1.0.1_HML-2_21q21.1
21q21.1	HG04228	pat	TypeI	1	HG04228_pat_hprc_r2_v1.0.1_HML-2_21q21.1
21q21.1	HG06807	mat	TypeI	1	HG06807_mat_v1.0.genbank_HML-2_21q21.1
21q21.1	HG06807	pat	TypeI	1	HG06807_pat_v1.0.genbank_HML-2_21q21.1
21q21.1	NA12329	h1	TypeI	1	NA12329_h1_HML-2_21q21.1_graph_hgsvc3-2024-02-23-mc-chm13
21q21.1	NA12329	h2	TypeI	1	NA12329_h2_HML-2_21q21.1_graph_hgsvc3-2024-02-23-mc-chm13
21q21.1	NA18505	h1	TypeI	1	NA18505_hap1_hprc_r2_v1.0.1_HML-2_21q21.1
21q21.1	NA18505	h2	TypeI	1	NA18505_hap2_hprc_r2_v1.0.1_HML-2_21q21.1
21q21.1	NA18508	h1	TypeI	1	NA18508_hap1_hprc_r2_v1.0.1_HML-2_21q21.1
21q21.1	NA18508	h2	TypeI	1	NA18508_hap2_hprc_r2_v1.0.1_HML-2_21q21.1
21q21.1	NA18522	h1	TypeI	1	NA18522_hap1_hprc_r2_v1.0.1_HML-2_21q21.1
21q21.1	NA18522	h2	TypeI	1	NA18522_hap2_hprc_r2_v1.0.1_HML-2_21q21.1
21q21.1	NA18534	h1	TypeI	1	NA18534_h1_HML-2_21q21.1_graph_hgsvc3-2024-02-23-mc-chm13
21q21.1	NA18534	h2	TypeI	1	NA18534_h2_HML-2_21q21.1_graph_hgsvc3-2024-02-23-mc-chm13
21q21.1	NA18565	h1	TypeI	1	NA18565_hap1_hprc_r2_v1.0.1_HML-2_21q21.1
21q21.1	NA18565	h2	TypeI	1	NA18565_hap2_hprc_r2_v1.0.1_HML-2_21q21.1
21q21.1	NA18570	h1	TypeI	1	NA18570_hap1_hprc_r2_v1.0.1_HML-2_21q21.1
21q21.1	NA18570	h2	TypeI	1	NA18570_hap2_hprc_r2_v1.0.1_HML-2_21q21.1
21q21.1	NA18608	h1	TypeI	1	NA18608_hap1_hprc_r2_v1.0.1_HML-2_21q21.1
21q21.1	NA18608	h2	TypeI	1	NA18608_hap2_hprc_r2_v1.0.1_HML-2_21q21.1
21q21.1	NA18620	h1	TypeI	1	NA18620_hap1_hprc_r2_v1.0.1_HML-2_21q21.1
21q21.1	NA18620	h2	TypeI	1	NA18620_hap2_hprc_r2_v1.0.1_HML-2_21q21.1
21q21.1	NA18747	h1	TypeI	1	NA18747_hap1_hprc_r2_v1.0.1_HML-2_21q21.1
21q21.1	NA18747	h2	TypeI	1	NA18747_hap2_hprc_r2_v1.0.1_HML-2_21q21.1
21q21.1	NA18879	h1	TypeI	1	NA18879_hap1_hprc_r2_v1.0.1_HML-2_21q21.1
21q21.1	NA18879	h2	TypeI	1	NA18879_hap2_hprc_r2_v1.0.1_HML-2_21q21.1
21q21.1	NA18906	mat	TypeI	1	NA18906_mat_hprc_r2_v1.0.1_HML-2_21q21.1
21q21.1	NA18906	pat	TypeI	1	NA18906_pat_hprc_r2_v1.0.1_HML-2_21q21.1
21q21.1	NA18939	h1	TypeI	1	NA18939_h1_HML-2_21q21.1_graph_hgsvc3-2024-02-23-mc-chm13
21q21.1	NA18939	h2	TypeI	1	NA18939_h2_HML-2_21q21.1_graph_hgsvc3-2024-02-23-mc-chm13
21q21.1	NA18940	h1	TypeI	1	NA18940_hap1_hprc_r2_v1.0.1_HML-2_21q21.1
21q21.1	NA18940	h2	TypeI	1	NA18940_hap2_hprc_r2_v1.0.1_HML-2_21q21.1
21q21.1	NA18943	h1	TypeI	1	NA18943_hap1_hprc_r2_v1.0.1_HML-2_21q21.1
21q21.1	NA18943	h2	TypeI	1	NA18943_hap2_hprc_r2_v1.0.1_HML-2_21q21.1
21q21.1	NA18944	h1	TypeI	1	NA18944_hap1_hprc_r2_v1.0.1_HML-2_21q21.1
21q21.1	NA18944	h2	TypeI	1	NA18944_hap2_hprc_r2_v1.0.1_HML-2_21q21.1
21q21.1	NA18945	h1	TypeI	1	NA18945_hap1_hprc_r2_v1.0.1_HML-2_21q21.1
21q21.1	NA18945	h2	TypeI	1	NA18945_hap2_hprc_r2_v1.0.1_HML-2_21q21.1
21q21.1	NA18948	h1	TypeI	1	NA18948_hap1_hprc_r2_v1.0.1_HML-2_21q21.1
21q21.1	NA18948	h2	TypeI	1	NA18948_hap2_hprc_r2_v1.0.1_HML-2_21q21.1
21q21.1	NA18952	h1	TypeI	1	NA18952_hap1_hprc_r2_v1.0.1_HML-2_21q21.1
21q21.1	NA18952	h2	TypeI	1	NA18952_hap2_hprc_r2_v1.0.1_HML-2_21q21.1
21q21.1	NA18959	h1	TypeI	1	NA18959_hap1_hprc_r2_v1.0.1_HML-2_21q21.1
21q21.1	NA18959	h2	TypeI	1	NA18959_hap2_hprc_r2_v1.0.1_HML-2_21q21.1
21q21.1	NA18960	h1	TypeI	1	NA18960_hap1_hprc_r2_v1.0.1_HML-2_21q21.1
21q21.1	NA18960	h2	TypeI	1	NA18960_hap2_hprc_r2_v1.0.1_HML-2_21q21.1
21q21.1	NA18967	h1	TypeI	1	NA18967_hap1_hprc_r2_v1.0.1_HML-2_21q21.1
21q21.1	NA18967	h2	TypeI	1	NA18967_hap2_hprc_r2_v1.0.1_HML-2_21q21.1
21q21.1	NA18970	h1	TypeI	1	NA18970_hap1_hprc_r2_v1.0.1_HML-2_21q21.1
21q21.1	NA18970	h2	TypeI	1	NA18970_hap2_hprc_r2_v1.0.1_HML-2_21q21.1
21q21.1	NA18971	h1	TypeI	1	NA18971_hap1_hprc_r2_v1.0.1_HML-2_21q21.1
21q21.1	NA18971	h2	TypeI	1	NA18971_hap2_hprc_r2_v1.0.1_HML-2_21q21.1
21q21.1	NA18974	h1	TypeI	1	NA18974_hap1_hprc_r2_v1.0.1_HML-2_21q21.1
21q21.1	NA18974	h2	TypeI	1	NA18974_hap2_hprc_r2_v1.0.1_HML-2_21q21.1
21q21.1	NA18976	h1	TypeI	1	NA18976_hap1_hprc_r2_v1.0.1_HML-2_21q21.1
21q21.1	NA18976	h2	TypeI	1	NA18976_hap2_hprc_r2_v1.0.1_HML-2_21q21.1
21q21.1	NA18982	h1	TypeI	1	NA18982_hap1_hprc_r2_v1.0.1_HML-2_21q21.1
21q21.1	NA18982	h2	TypeI	1	NA18982_hap2_hprc_r2_v1.0.1_HML-2_21q21.1
21q21.1	NA18983	h1	TypeI	1	NA18983_hap1_hprc_r2_v1.0.1_HML-2_21q21.1
21q21.1	NA18983	h2	TypeI	1	NA18983_hap2_hprc_r2_v1.0.1_HML-2_21q21.1
21q21.1	NA18989	h1	TypeI	1	NA18989_h1_HML-2_21q21.1_graph_hgsvc3-2024-02-23-mc-chm13
21q21.1	NA18989	h2	TypeI	1	NA18989_h2_HML-2_21q21.1_graph_hgsvc3-2024-02-23-mc-chm13
21q21.1	NA19036	h1	TypeI	1	NA19036_hap1_hprc_r2_v1.0.1_HML-2_21q21.1
21q21.1	NA19036	h2	TypeI	1	NA19036_hap2_hprc_r2_v1.0.1_HML-2_21q21.1
21q21.1	NA19043	h1	TypeI	1	NA19043_hap1_hprc_r2_v1.0.1_HML-2_21q21.1
21q21.1	NA19043	h2	TypeI	1	NA19043_hap2_hprc_r2_v1.0.1_HML-2_21q21.1
21q21.1	NA19087	h1	TypeI	1	NA19087_hap1_hprc_r2_v1.0.1_HML-2_21q21.1
21q21.1	NA19087	h2	TypeI	1	NA19087_hap2_hprc_r2_v1.0.1_HML-2_21q21.1
21q21.1	NA19129	h1	TypeI	1	NA19129_h1_HML-2_21q21.1_graph_hgsvc3-2024-02-23-mc-chm13
21q21.1	NA19129	h2	TypeI	1	NA19129_h2_HML-2_21q21.1_graph_hgsvc3-2024-02-23-mc-chm13
21q21.1	NA19159	h1	TypeI	1	NA19159_hap1_hprc_r2_v1.0.1_HML-2_21q21.1
21q21.1	NA19159	h2	TypeI	1	NA19159_hap2_hprc_r2_v1.0.1_HML-2_21q21.1
21q21.1	NA19185	h1	TypeI	1	NA19185_hap1_hprc_r2_v1.0.1_HML-2_21q21.1
21q21.1	NA19185	h2	TypeI	1	NA19185_hap2_hprc_r2_v1.0.1_HML-2_21q21.1
21q21.1	NA19238	h1	TypeI	1	NA19238_h1_HML-2_21q21.1_graph_hgsvc3-2024-02-23-mc-chm13
21q21.1	NA19238	h2	TypeI	1	NA19238_h2_HML-2_21q21.1_graph_hgsvc3-2024-02-23-mc-chm13
21q21.1	NA19239	h1	TypeI	1	NA19239_h1_HML-2_21q21.1_graph_hgsvc3-2024-02-23-mc-chm13
21q21.1	NA19239	h2	TypeI	1	NA19239_h2_HML-2_21q21.1_graph_hgsvc3-2024-02-23-mc-chm13
21q21.1	NA19240	mat	TypeI	1	NA19240_mat_hprc_r2_v1.0.1_HML-2_21q21.1
21q21.1	NA19240	pat	TypeI	1	NA19240_pat_hprc_r2_v1.0.1_HML-2_21q21.1
21q21.1	NA19317	h1	TypeI	1	NA19317_h1_HML-2_21q21.1_graph_hgsvc3-2024-02-23-mc-chm13
21q21.1	NA19317	h2	TypeI	1	NA19317_h2_HML-2_21q21.1_graph_hgsvc3-2024-02-23-mc-chm13
21q21.1	NA19331	h1	TypeI	1	NA19331_h1_HML-2_21q21.1_graph_hgsvc3-2024-02-23-mc-chm13
21q21.1	NA19331	h2	TypeI	1	NA19331_h2_HML-2_21q21.1_graph_hgsvc3-2024-02-23-mc-chm13
21q21.1	NA19338	h1	TypeI	1	NA19338_hap1_hprc_r2_v1.0.1_HML-2_21q21.1
21q21.1	NA19338	h2	TypeI	1	NA19338_hap2_hprc_r2_v1.0.1_HML-2_21q21.1
21q21.1	NA19347	h1	TypeI	1	NA19347_h1_HML-2_21q21.1_graph_hgsvc3-2024-02-23-mc-chm13
21q21.1	NA19347	h2	TypeI	1	NA19347_h2_HML-2_21q21.1_graph_hgsvc3-2024-02-23-mc-chm13
21q21.1	NA19384	h1	TypeI	1	NA19384_h1_HML-2_21q21.1_graph_hgsvc3-2024-02-23-mc-chm13
21q21.1	NA19384	h2	TypeI	1	NA19384_h2_HML-2_21q21.1_graph_hgsvc3-2024-02-23-mc-chm13
21q21.1	NA19391	h1	TypeI	1	NA19391_hap1_hprc_r2_v1.0.1_HML-2_21q21.1
21q21.1	NA19391	h2	TypeI	1	NA19391_hap2_hprc_r2_v1.0.1_HML-2_21q21.1
21q21.1	NA19434	h1	TypeI	1	NA19434_h1_HML-2_21q21.1_graph_hgsvc3-2024-02-23-mc-chm13
21q21.1	NA19434	h2	TypeI	1	NA19434_h2_HML-2_21q21.1_graph_hgsvc3-2024-02-23-mc-chm13
21q21.1	NA19443	h1	TypeI	1	NA19443_hap1_hprc_r2_v1.0.1_HML-2_21q21.1
21q21.1	NA19443	h2	TypeI	1	NA19443_hap2_hprc_r2_v1.0.1_HML-2_21q21.1
21q21.1	NA19468	h1	TypeI	1	NA19468_hap1_hprc_r2_v1.0.1_HML-2_21q21.1
21q21.1	NA19468	h2	TypeI	1	NA19468_hap2_hprc_r2_v1.0.1_HML-2_21q21.1
21q21.1	NA19650	h1	TypeI	1	NA19650_h1_HML-2_21q21.1_graph_hgsvc3-2024-02-23-mc-chm13
21q21.1	NA19650	h2	TypeI	1	NA19650_h2_HML-2_21q21.1_graph_hgsvc3-2024-02-23-mc-chm13
21q21.1	NA19682	h1	TypeI	1	NA19682_hap1_hprc_r2_v1.0.1_HML-2_21q21.1
21q21.1	NA19682	h2	TypeI	1	NA19682_hap2_hprc_r2_v1.0.1_HML-2_21q21.1
21q21.1	NA19700	h1	TypeI	1	NA19700_hap1_hprc_r2_v1.0.1_HML-2_21q21.1
21q21.1	NA19700	h2	TypeI	1	NA19700_hap2_hprc_r2_v1.0.1_HML-2_21q21.1
21q21.1	NA19705	h1	TypeI	1	NA19705_h1_HML-2_21q21.1_graph_hgsvc3-2024-02-23-mc-chm13
21q21.1	NA19705	h2	TypeI	1	NA19705_h2_HML-2_21q21.1_graph_hgsvc3-2024-02-23-mc-chm13
21q21.1	NA19776	h1	TypeI	1	NA19776_hap1_hprc_r2_v1.0.1_HML-2_21q21.1
21q21.1	NA19776	h2	TypeI	1	NA19776_hap2_hprc_r2_v1.0.1_HML-2_21q21.1
21q21.1	NA19835	h1	TypeI	1	NA19835_hap1_hprc_r2_v1.0.1_HML-2_21q21.1
21q21.1	NA19835	h2	TypeI	1	NA19835_hap2_hprc_r2_v1.0.1_HML-2_21q21.1
21q21.1	NA19836	h1	TypeI	1	NA19836_h1_HML-2_21q21.1_graph_hgsvc3-2024-02-23-mc-chm13
21q21.1	NA19836	h2	TypeI	1	NA19836_h2_HML-2_21q21.1_graph_hgsvc3-2024-02-23-mc-chm13
21q21.1	NA19909	h1	TypeI	1	NA19909_hap1_hprc_r2_v1.0.1_HML-2_21q21.1
21q21.1	NA19909	h2	TypeI	1	NA19909_hap2_hprc_r2_v1.0.1_HML-2_21q21.1
21q21.1	NA19983	h1	TypeI	1	NA19983_h1_HML-2_21q21.1_graph_hgsvc3-2024-02-23-mc-chm13
21q21.1	NA19983	h2	TypeI	1	NA19983_h2_HML-2_21q21.1_graph_hgsvc3-2024-02-23-mc-chm13
21q21.1	NA20129	mat	TypeI	1	NA20129_mat_hprc_r2_v1.0.1_HML-2_21q21.1
21q21.1	NA20129	pat	TypeI	1	NA20129_pat_hprc_r2_v1.0.1_HML-2_21q21.1
21q21.1	NA20282	h1	TypeI	1	NA20282_hap1_hprc_r2_v1.0.1_HML-2_21q21.1
21q21.1	NA20282	h2	TypeI	1	NA20282_hap2_hprc_r2_v1.0.1_HML-2_21q21.1
21q21.1	NA20346	h1	TypeI	1	NA20346_hap1_hprc_r2_v1.0.1_HML-2_21q21.1
21q21.1	NA20346	h2	TypeI	1	NA20346_hap2_hprc_r2_v1.0.1_HML-2_21q21.1
21q21.1	NA20355	h1	TypeI	1	NA20355_h1_HML-2_21q21.1_graph_hgsvc3-2024-02-23-mc-chm13
21q21.1	NA20355	h2	TypeI	1	NA20355_h2_HML-2_21q21.1_graph_hgsvc3-2024-02-23-mc-chm13
21q21.1	NA20503	h1	TypeI	1	NA20503_hap1_hprc_r2_v1.0.1_HML-2_21q21.1
21q21.1	NA20503	h2	TypeI	1	NA20503_hap2_hprc_r2_v1.0.1_HML-2_21q21.1
21q21.1	NA20509	h1	TypeI	1	NA20509_h1_HML-2_21q21.1_graph_hgsvc3-2024-02-23-mc-chm13
21q21.1	NA20509	h2	TypeI	1	NA20509_h2_HML-2_21q21.1_graph_hgsvc3-2024-02-23-mc-chm13
21q21.1	NA20752	h1	TypeI	1	NA20752_hap1_hprc_r2_v1.0.1_HML-2_21q21.1
21q21.1	NA20752	h2	TypeI	1	NA20752_hap2_hprc_r2_v1.0.1_HML-2_21q21.1
21q21.1	NA20762	h1	TypeI	1	NA20762_hap1_hprc_r2_v1.0.1_HML-2_21q21.1
21q21.1	NA20762	h2	TypeI	1	NA20762_hap2_hprc_r2_v1.0.1_HML-2_21q21.1
21q21.1	NA20799	h1	TypeI	1	NA20799_hap1_hprc_r2_v1.0.1_HML-2_21q21.1
21q21.1	NA20799	h2	TypeI	1	NA20799_hap2_hprc_r2_v1.0.1_HML-2_21q21.1
21q21.1	NA20805	h1	TypeI	1	NA20805_hap1_hprc_r2_v1.0.1_HML-2_21q21.1
21q21.1	NA20805	h2	TypeI	1	NA20805_hap2_hprc_r2_v1.0.1_HML-2_21q21.1
21q21.1	NA20806	h1	TypeI	1	NA20806_hap1_hprc_r2_v1.0.1_HML-2_21q21.1
21q21.1	NA20806	h2	TypeI	1	NA20806_hap2_hprc_r2_v1.0.1_HML-2_21q21.1
21q21.1	NA20809	h1	TypeI	1	NA20809_hap1_hprc_r2_v1.0.1_HML-2_21q21.1
21q21.1	NA20809	h2	TypeI	1	NA20809_hap2_hprc_r2_v1.0.1_HML-2_21q21.1
21q21.1	NA20827	h1	TypeI	1	NA20827_hap1_hprc_r2_v1.0.1_HML-2_21q21.1
21q21.1	NA20827	h2	TypeI	1	NA20827_hap2_hprc_r2_v1.0.1_HML-2_21q21.1
21q21.1	NA20847	h1	TypeI	1	NA20847_h1_HML-2_21q21.1_graph_hgsvc3-2024-02-23-mc-chm13
21q21.1	NA20847	h2	TypeI	1	NA20847_h2_HML-2_21q21.1_graph_hgsvc3-2024-02-23-mc-chm13
21q21.1	NA20850	h1	TypeI	1	NA20850_hap1_hprc_r2_v1.0.1_HML-2_21q21.1
21q21.1	NA20850	h2	TypeI	1	NA20850_hap2_hprc_r2_v1.0.1_HML-2_21q21.1
21q21.1	NA20870	h1	TypeI	1	NA20870_hap1_hprc_r2_v1.0.1_HML-2_21q21.1
21q21.1	NA20870	h2	TypeI	1	NA20870_hap2_hprc_r2_v1.0.1_HML-2_21q21.1
21q21.1	NA20905	h1	TypeI	1	NA20905_hap1_hprc_r2_v1.0.1_HML-2_21q21.1
21q21.1	NA20905	h2	TypeI	1	NA20905_hap2_hprc_r2_v1.0.1_HML-2_21q21.1
21q21.1	NA21093	h1	TypeI	1	NA21093_hap1_hprc_r2_v1.0.1_HML-2_21q21.1
21q21.1	NA21093	h2	TypeI	1	NA21093_hap2_hprc_r2_v1.0.1_HML-2_21q21.1
21q21.1	NA21102	h1	TypeI	1	NA21102_hap1_hprc_r2_v1.0.1_HML-2_21q21.1
21q21.1	NA21102	h2	TypeI	1	NA21102_hap2_hprc_r2_v1.0.1_HML-2_21q21.1
21q21.1	NA21106	h1	TypeI	1	NA21106_hap1_hprc_r2_v1.0.1_HML-2_21q21.1
21q21.1	NA21106	h2	TypeI	1	NA21106_hap2_hprc_r2_v1.0.1_HML-2_21q21.1
21q21.1	NA21110	h1	TypeI	1	NA21110_hap1_hprc_r2_v1.0.1_HML-2_21q21.1
21q21.1	NA21110	h2	TypeI	1	NA21110_hap2_hprc_r2_v1.0.1_HML-2_21q21.1
21q21.1	NA21144	h1	TypeI	1	NA21144_hap1_hprc_r2_v1.0.1_HML-2_21q21.1
21q21.1	NA21144	h2	TypeI	1	NA21144_hap2_hprc_r2_v1.0.1_HML-2_21q21.1
21q21.1	NA21309	mat	TypeI	1	NA21309_mat_hprc_r2_v1.0.1_HML-2_21q21.1
21q21.1	NA21309	pat	TypeI	1	NA21309_pat_hprc_r2_v1.0.1_HML-2_21q21.1
21q21.1	NA21487	h1	TypeI	1	NA21487_h1_HML-2_21q21.1_graph_hgsvc3-2024-02-23-mc-chm13
21q21.1	NA21487	h2	TypeI	1	NA21487_h2_HML-2_21q21.1_graph_hgsvc3-2024-02-23-mc-chm13
21q21.1	NA24385	h1	TypeI	1	NA24385_h1_HML-2_21q21.1_graph_hgsvc3-2024-02-23-mc-chm13
21q21.1	NA24385	h2	TypeI	1	NA24385_h2_HML-2_21q21.1_graph_hgsvc3-2024-02-23-mc-chm13
22q11.21	HG00096	h1	TypeI	1	HG00096_h1_HML-2_22q11.21_graph_hgsvc3-2024-02-23-mc-chm13
22q11.21	HG00096	h2	TypeI	1	HG00096_h2_HML-2_22q11.21_graph_hgsvc3-2024-02-23-mc-chm13
22q11.21	HG00097	h1	TypeI	1	HG00097_hap1_hprc_r2_v1.0.1_HML-2_22q11.21
22q11.21	HG00097	h2	TypeI	1	HG00097_hap2_hprc_r2_v1.0.1_HML-2_22q11.21
22q11.21	HG00099	h1	TypeI	1	HG00099_hap1_hprc_r2_v1.0.1_HML-2_22q11.21
22q11.21	HG00099	h2	TypeI	1	HG00099_hap2_hprc_r2_v1.0.1_HML-2_22q11.21
22q11.21	HG00126	h1	TypeI	1	HG00126_hap1_hprc_r2_v1.0.1_HML-2_22q11.21
22q11.21	HG00126	h2	TypeI	1	HG00126_hap2_hprc_r2_v1.0.1_HML-2_22q11.21
22q11.21	HG00128	h1	TypeI	1	HG00128_hap1_hprc_r2_v1.0.1_HML-2_22q11.21
22q11.21	HG00128	h2	TypeI	1	HG00128_hap2_hprc_r2_v1.0.1_HML-2_22q11.21
22q11.21	HG00133	h1	TypeI	1	HG00133_hap1_hprc_r2_v1.0.1_HML-2_22q11.21
22q11.21	HG00133	h2	TypeI	1	HG00133_hap2_hprc_r2_v1.0.1_HML-2_22q11.21
22q11.21	HG00140	h1	TypeI	1	HG00140_hap1_hprc_r2_v1.0.1_HML-2_22q11.21
22q11.21	HG00140	h2	TypeI	1	HG00140_hap2_hprc_r2_v1.0.1_HML-2_22q11.21
22q11.21	HG00146	h1	TypeI	1	HG00146_hap1_hprc_r2_v1.0.1_HML-2_22q11.21
22q11.21	HG00146	h2	TypeI	1	HG00146_hap2_hprc_r2_v1.0.1_HML-2_22q11.21
22q11.21	HG00171	h1	TypeI	1	HG00171_h1_HML-2_22q11.21_graph_hgsvc3-2024-02-23-mc-chm13
22q11.21	HG00171	h2	TypeI	1	HG00171_h2_HML-2_22q11.21_graph_hgsvc3-2024-02-23-mc-chm13
22q11.21	HG00232	h1	TypeI	1	HG00232_hap1_hprc_r2_v1.0.1_HML-2_22q11.21
22q11.21	HG00232	h2	TypeI	1	HG00232_hap2_hprc_r2_v1.0.1_HML-2_22q11.21
22q11.21	HG00235	h1	TypeI	1	HG00235_hap1_hprc_r2_v1.0.1_HML-2_22q11.21
22q11.21	HG00235	h2	TypeI	1	HG00235_hap2_hprc_r2_v1.0.1_HML-2_22q11.21
22q11.21	HG00253	h1	TypeI	1	HG00253_hap1_hprc_r2_v1.0.1_HML-2_22q11.21
22q11.21	HG00253	h2	TypeI	1	HG00253_hap2_hprc_r2_v1.0.1_HML-2_22q11.21
22q11.21	HG00268	h1	TypeI	1	HG00268_h1_HML-2_22q11.21_graph_hgsvc3-2024-02-23-mc-chm13
22q11.21	HG00268	h2	TypeI	1	HG00268_h2_HML-2_22q11.21_graph_hgsvc3-2024-02-23-mc-chm13
22q11.21	HG00272	h1	TypeI	1	HG00272_hap1_hprc_r2_v1.0.1_HML-2_22q11.21
22q11.21	HG00272	h2	TypeI	1	HG00272_hap2_hprc_r2_v1.0.1_HML-2_22q11.21
22q11.21	HG00280	h1	TypeI	1	HG00280_hap1_hprc_r2_v1.0.1_HML-2_22q11.21
22q11.21	HG00280	h2	TypeI	1	HG00280_hap2_hprc_r2_v1.0.1_HML-2_22q11.21
22q11.21	HG00290	h1	TypeI	1	HG00290_hap1_hprc_r2_v1.0.1_HML-2_22q11.21
22q11.21	HG00290	h2	TypeI	1	HG00290_hap2_hprc_r2_v1.0.1_HML-2_22q11.21
22q11.21	HG00320	h1	TypeI	1	HG00320_hap1_hprc_r2_v1.0.1_HML-2_22q11.21
22q11.21	HG00320	h2	TypeI	1	HG00320_hap2_hprc_r2_v1.0.1_HML-2_22q11.21
22q11.21	HG00321	h1	TypeI	1	HG00321_hap1_hprc_r2_v1.0.1_HML-2_22q11.21
22q11.21	HG00321	h2	TypeI	1	HG00321_hap2_hprc_r2_v1.0.1_HML-2_22q11.21
22q11.21	HG00323	h1	TypeI	1	HG00323_hap1_hprc_r2_v1.0.1_HML-2_22q11.21
22q11.21	HG00323	h2	TypeI	1	HG00323_hap2_hprc_r2_v1.0.1_HML-2_22q11.21
22q11.21	HG00329	h1	TypeI	1	HG00329_hap1_hprc_r2_v1.0.1_HML-2_22q11.21
22q11.21	HG00329	h2	TypeI	1	HG00329_hap2_hprc_r2_v1.0.1_HML-2_22q11.21
22q11.21	HG00344	h1	TypeI	1	HG00344_hap1_hprc_r2_v1.0.1_HML-2_22q11.21
22q11.21	HG00344	h2	TypeI	1	HG00344_hap2_hprc_r2_v1.0.1_HML-2_22q11.21
22q11.21	HG00350	h1	TypeI	1	HG00350_hap1_hprc_r2_v1.0.1_HML-2_22q11.21
22q11.21	HG00350	h2	TypeI	1	HG00350_hap2_hprc_r2_v1.0.1_HML-2_22q11.21
22q11.21	HG00358	h1	TypeI	1	HG00358_h1_HML-2_22q11.21_graph_hgsvc3-2024-02-23-mc-chm13
22q11.21	HG00358	h2	TypeI	1	HG00358_h2_HML-2_22q11.21_graph_hgsvc3-2024-02-23-mc-chm13
22q11.21	HG00408	mat	TypeI	1	HG00408_mat_hprc_r2_v1.0.1_HML-2_22q11.21
22q11.21	HG00408	pat	TypeI	1	HG00408_pat_hprc_r2_v1.0.1_HML-2_22q11.21
22q11.21	HG00423	mat	TypeI	1	HG00423_mat_hprc_r2_v1.0.1_HML-2_22q11.21
22q11.21	HG00423	pat	TypeI	1	HG00423_pat_hprc_r2_v1.0.1_HML-2_22q11.21
22q11.21	HG00438	mat	TypeI	1	HG00438_mat_hprc_r2_v1.0.1_HML-2_22q11.21
22q11.21	HG00438	pat	TypeI	1	HG00438_pat_hprc_r2_v1.0.1_HML-2_22q11.21
22q11.21	HG005	mat	TypeI	1	HG005_mat_hprc_r2_v1.0.1_HML-2_22q11.21
22q11.21	HG005	pat	TypeI	1	HG005_pat_hprc_r2_v1.0.1_HML-2_22q11.21
22q11.21	HG00512	h1	TypeI	1	HG00512_h1_HML-2_22q11.21_graph_hgsvc3-2024-02-23-mc-chm13
22q11.21	HG00512	h2	TypeI	1	HG00512_h2_HML-2_22q11.21_graph_hgsvc3-2024-02-23-mc-chm13
22q11.21	HG00513	h1	TypeI	1	HG00513_h1_HML-2_22q11.21_graph_hgsvc3-2024-02-23-mc-chm13
22q11.21	HG00513	h2	TypeI	1	HG00513_h2_HML-2_22q11.21_graph_hgsvc3-2024-02-23-mc-chm13
22q11.21	HG00514	h1	TypeI	1	HG00514_h1_HML-2_22q11.21_graph_hgsvc3-2024-02-23-mc-chm13
22q11.21	HG00514	h2	TypeI	1	HG00514_h2_HML-2_22q11.21_graph_hgsvc3-2024-02-23-mc-chm13
22q11.21	HG00544	mat	TypeI	1	HG00544_mat_hprc_r2_v1.0.1_HML-2_22q11.21
22q11.21	HG00544	pat	TypeI	1	HG00544_pat_hprc_r2_v1.0.1_HML-2_22q11.21
22q11.21	HG00558	mat	TypeI	1	HG00558_mat_hprc_r2_v1.0.1_HML-2_22q11.21
22q11.21	HG00558	pat	TypeI	1	HG00558_pat_hprc_r2_v1.0.1_HML-2_22q11.21
22q11.21	HG00597	mat	TypeI	1	HG00597_mat_hprc_r2_v1.0.1_HML-2_22q11.21
22q11.21	HG00597	pat	TypeI	1	HG00597_pat_hprc_r2_v1.0.1_HML-2_22q11.21
22q11.21	HG00609	mat	TypeI	1	HG00609_mat_hprc_r2_v1.0.1_HML-2_22q11.21
22q11.21	HG00609	pat	TypeI	1	HG00609_pat_hprc_r2_v1.0.1_HML-2_22q11.21
22q11.21	HG00621	mat	TypeI	1	HG00621_mat_hprc_r2_v1.0.1_HML-2_22q11.21
22q11.21	HG00621	pat	TypeI	1	HG00621_pat_hprc_r2_v1.0.1_HML-2_22q11.21
22q11.21	HG00639	mat	TypeI	1	HG00639_mat_hprc_r2_v1.0.1_HML-2_22q11.21
22q11.21	HG00639	pat	TypeI	1	HG00639_pat_hprc_r2_v1.0.1_HML-2_22q11.21
22q11.21	HG00642	mat	TypeI	1	HG00642_mat_hprc_r2_v1.0.1_HML-2_22q11.21
22q11.21	HG00642	pat	TypeI	1	HG00642_pat_hprc_r2_v1.0.1_HML-2_22q11.21
22q11.21	HG00658	mat	TypeI	1	HG00658_mat_hprc_r2_v1.0.1_HML-2_22q11.21
22q11.21	HG00658	pat	TypeI	1	HG00658_pat_hprc_r2_v1.0.1_HML-2_22q11.21
22q11.21	HG00673	mat	TypeI	1	HG00673_mat_hprc_r2_v1.0.1_HML-2_22q11.21
22q11.21	HG00673	pat	solo_LTR	1	HG00673_pat_hprc_r2_v1.0.1_HML-2_22q11.21
22q11.21	HG00706	mat	TypeI	1	HG00706_mat_hprc_r2_v1.0.1_HML-2_22q11.21
22q11.21	HG00706	pat	TypeI	1	HG00706_pat_hprc_r2_v1.0.1_HML-2_22q11.21
22q11.21	HG00731	h1	TypeI	1	HG00731_h1_HML-2_22q11.21_graph_hgsvc3-2024-02-23-mc-chm13
22q11.21	HG00731	h2	TypeI	1	HG00731_h2_HML-2_22q11.21_graph_hgsvc3-2024-02-23-mc-chm13
22q11.21	HG00732	h1	TypeI	1	HG00732_h1_HML-2_22q11.21_graph_hgsvc3-2024-02-23-mc-chm13
22q11.21	HG00732	h2	TypeI	1	HG00732_h2_HML-2_22q11.21_graph_hgsvc3-2024-02-23-mc-chm13
22q11.21	HG00733	mat	TypeI	1	HG00733_mat_hprc_r2_v1.0.1_HML-2_22q11.21
22q11.21	HG00733	pat	TypeI	1	HG00733_pat_hprc_r2_v1.0.1_HML-2_22q11.21
22q11.21	HG00735	mat	TypeI	1	HG00735_mat_hprc_r2_v1.0.1_HML-2_22q11.21
22q11.21	HG00735	pat	TypeI	1	HG00735_pat_hprc_r2_v1.0.1_HML-2_22q11.21
22q11.21	HG00738	mat	TypeI	1	HG00738_mat_hprc_r2_v1.0.1_HML-2_22q11.21
22q11.21	HG00738	pat	TypeI	1	HG00738_pat_hprc_r2_v1.0.1_HML-2_22q11.21
22q11.21	HG00741	mat	TypeI	1	HG00741_mat_hprc_r2_v1.0.1_HML-2_22q11.21
22q11.21	HG00741	pat	TypeI	1	HG00741_pat_hprc_r2_v1.0.1_HML-2_22q11.21
22q11.21	HG00864	h1	TypeI	1	HG00864_h1_HML-2_22q11.21_graph_hgsvc3-2024-02-23-mc-chm13
22q11.21	HG00864	h2	TypeI	1	HG00864_h2_HML-2_22q11.21_graph_hgsvc3-2024-02-23-mc-chm13
22q11.21	HG01071	mat	TypeI	1	HG01071_mat_hprc_r2_v1.0.1_HML-2_22q11.21
22q11.21	HG01071	pat	TypeI	1	HG01071_pat_hprc_r2_v1.0.1_HML-2_22q11.21
22q11.21	HG01074	mat	TypeI	1	HG01074_mat_hprc_r2_v1.0.1_HML-2_22q11.21
22q11.21	HG01074	pat	TypeI	1	HG01074_pat_hprc_r2_v1.0.1_HML-2_22q11.21
22q11.21	HG01081	mat	TypeI	1	HG01081_mat_hprc_r2_v1.0.1_HML-2_22q11.21
22q11.21	HG01081	pat	TypeI	1	HG01081_pat_hprc_r2_v1.0.1_HML-2_22q11.21
22q11.21	HG01099	mat	TypeI	1	HG01099_mat_hprc_r2_v1.0.1_HML-2_22q11.21
22q11.21	HG01099	pat	TypeI	1	HG01099_pat_hprc_r2_v1.0.1_HML-2_22q11.21
22q11.21	HG01106	mat	TypeI	1	HG01106_mat_hprc_r2_v1.0.1_HML-2_22q11.21
22q11.21	HG01106	pat	TypeI	1	HG01106_pat_hprc_r2_v1.0.1_HML-2_22q11.21
22q11.21	HG01109	mat	TypeI	1	HG01109_mat_hprc_r2_v1.0.1_HML-2_22q11.21
22q11.21	HG01109	pat	TypeI	1	HG01109_pat_hprc_r2_v1.0.1_HML-2_22q11.21
22q11.21	HG01114	h1	TypeI	1	HG01114_h1_HML-2_22q11.21_graph_hgsvc3-2024-02-23-mc-chm13
22q11.21	HG01114	h2	TypeI	1	HG01114_h2_HML-2_22q11.21_graph_hgsvc3-2024-02-23-mc-chm13
22q11.21	HG01123	mat	TypeI	1	HG01123_mat_hprc_r2_v1.0.1_HML-2_22q11.21
22q11.21	HG01123	pat	TypeI	1	HG01123_pat_hprc_r2_v1.0.1_HML-2_22q11.21
22q11.21	HG01150	mat	TypeI	1	HG01150_mat_hprc_r2_v1.0.1_HML-2_22q11.21
22q11.21	HG01150	pat	TypeI	1	HG01150_pat_hprc_r2_v1.0.1_HML-2_22q11.21
22q11.21	HG01167	h1	TypeI	1	HG01167_hap1_hprc_r2_v1.0.1_HML-2_22q11.21
22q11.21	HG01167	h2	TypeI	1	HG01167_hap2_hprc_r2_v1.0.1_HML-2_22q11.21
22q11.21	HG01175	mat	TypeI	1	HG01175_mat_hprc_r2_v1.0.1_HML-2_22q11.21
22q11.21	HG01175	pat	noncarrier	1	HG01175_pat_hprc_r2_v1.0.1_HML-2_22q11.21
22q11.21	HG01192	mat	TypeI	1	HG01192_mat_hprc_r2_v1.0.1_HML-2_22q11.21
22q11.21	HG01192	pat	TypeI	1	HG01192_pat_hprc_r2_v1.0.1_HML-2_22q11.21
22q11.21	HG01243	mat	TypeI	1	HG01243_mat_hprc_r2_v1.0.1_HML-2_22q11.21
22q11.21	HG01243	pat	TypeI	1	HG01243_pat_hprc_r2_v1.0.1_HML-2_22q11.21
22q11.21	HG01252	mat	TypeI	1	HG01252_mat_hprc_r2_v1.0.1_HML-2_22q11.21
22q11.21	HG01252	pat	TypeI	1	HG01252_pat_hprc_r2_v1.0.1_HML-2_22q11.21
22q11.21	HG01255	mat	TypeI	1	HG01255_mat_hprc_r2_v1.0.1_HML-2_22q11.21
22q11.21	HG01255	pat	TypeI	1	HG01255_pat_hprc_r2_v1.0.1_HML-2_22q11.21
22q11.21	HG01258	mat	TypeI	1	HG01258_mat_hprc_r2_v1.0.1_HML-2_22q11.21
22q11.21	HG01258	pat	TypeI	1	HG01258_pat_hprc_r2_v1.0.1_HML-2_22q11.21
22q11.21	HG01261	mat	TypeI	1	HG01261_mat_hprc_r2_v1.0.1_HML-2_22q11.21
22q11.21	HG01261	pat	TypeI	1	HG01261_pat_hprc_r2_v1.0.1_HML-2_22q11.21
22q11.21	HG01346	mat	TypeI	1	HG01346_mat_hprc_r2_v1.0.1_HML-2_22q11.21
22q11.21	HG01346	pat	TypeI	1	HG01346_pat_hprc_r2_v1.0.1_HML-2_22q11.21
22q11.21	HG01352	h1	TypeI	1	HG01352_h1_HML-2_22q11.21_graph_hgsvc3-2024-02-23-mc-chm13
22q11.21	HG01352	h2	TypeI	1	HG01352_h2_HML-2_22q11.21_graph_hgsvc3-2024-02-23-mc-chm13
22q11.21	HG01358	mat	TypeI	1	HG01358_mat_hprc_r2_v1.0.1_HML-2_22q11.21
22q11.21	HG01358	pat	TypeI	1	HG01358_pat_hprc_r2_v1.0.1_HML-2_22q11.21
22q11.21	HG01361	mat	TypeI	1	HG01361_mat_hprc_r2_v1.0.1_HML-2_22q11.21
22q11.21	HG01361	pat	TypeI	1	HG01361_pat_hprc_r2_v1.0.1_HML-2_22q11.21
22q11.21	HG01433	mat	TypeI	1	HG01433_mat_hprc_r2_v1.0.1_HML-2_22q11.21
22q11.21	HG01433	pat	TypeI	1	HG01433_pat_hprc_r2_v1.0.1_HML-2_22q11.21
22q11.21	HG01457	h1	TypeI	1	HG01457_h1_HML-2_22q11.21_graph_hgsvc3-2024-02-23-mc-chm13
22q11.21	HG01457	h2	TypeI	1	HG01457_h2_HML-2_22q11.21_graph_hgsvc3-2024-02-23-mc-chm13
22q11.21	HG01496	mat	TypeI	1	HG01496_mat_hprc_r2_v1.0.1_HML-2_22q11.21
22q11.21	HG01496	pat	TypeI	1	HG01496_pat_hprc_r2_v1.0.1_HML-2_22q11.21
22q11.21	HG01505	h1	TypeI	1	HG01505_h1_HML-2_22q11.21_graph_hgsvc3-2024-02-23-mc-chm13
22q11.21	HG01505	h2	TypeI	1	HG01505_h2_HML-2_22q11.21_graph_hgsvc3-2024-02-23-mc-chm13
22q11.21	HG01530	h1	TypeI	1	HG01530_hap1_hprc_r2_v1.0.1_HML-2_22q11.21
22q11.21	HG01530	h2	TypeI	1	HG01530_hap2_hprc_r2_v1.0.1_HML-2_22q11.21
22q11.21	HG01573	h1	TypeI	1	HG01573_h1_HML-2_22q11.21_graph_hgsvc3-2024-02-23-mc-chm13
22q11.21	HG01573	h2	TypeI	1	HG01573_h2_HML-2_22q11.21_graph_hgsvc3-2024-02-23-mc-chm13
22q11.21	HG01596	h1	TypeI	1	HG01596_h1_HML-2_22q11.21_graph_hgsvc3-2024-02-23-mc-chm13
22q11.21	HG01596	h2	TypeI	1	HG01596_h2_HML-2_22q11.21_graph_hgsvc3-2024-02-23-mc-chm13
22q11.21	HG01784	h1	TypeI	1	HG01784_hap1_hprc_r2_v1.0.1_HML-2_22q11.21
22q11.21	HG01784	h2	TypeI	1	HG01784_hap2_hprc_r2_v1.0.1_HML-2_22q11.21
22q11.21	HG01786	h1	TypeI	1	HG01786_hap1_hprc_r2_v1.0.1_HML-2_22q11.21
22q11.21	HG01786	h2	TypeI	1	HG01786_hap2_hprc_r2_v1.0.1_HML-2_22q11.21
22q11.21	HG01884	mat	TypeI	1	HG01884_mat_hprc_r2_v1.0.1_HML-2_22q11.21
22q11.21	HG01884	pat	TypeI	1	HG01884_pat_hprc_r2_v1.0.1_HML-2_22q11.21
22q11.21	HG01890	h1	TypeI	1	HG01890_h1_HML-2_22q11.21_graph_hgsvc3-2024-02-23-mc-chm13
22q11.21	HG01890	h2	TypeI	1	HG01890_h2_HML-2_22q11.21_graph_hgsvc3-2024-02-23-mc-chm13
22q11.21	HG01891	mat	TypeI	1	HG01891_mat_hprc_r2_v1.0.1_HML-2_22q11.21
22q11.21	HG01891	pat	TypeI	1	HG01891_pat_hprc_r2_v1.0.1_HML-2_22q11.21
22q11.21	HG01928	mat	TypeI	1	HG01928_mat_hprc_r2_v1.0.1_HML-2_22q11.21
22q11.21	HG01928	pat	TypeI	1	HG01928_pat_hprc_r2_v1.0.1_HML-2_22q11.21
22q11.21	HG01934	mat	TypeI	1	HG01934_mat_hprc_r2_v1.0.1_HML-2_22q11.21
22q11.21	HG01934	pat	TypeI	1	HG01934_pat_hprc_r2_v1.0.1_HML-2_22q11.21
22q11.21	HG01940	mat	TypeI	1	HG01940_mat_hprc_r2_v1.0.1_HML-2_22q11.21
22q11.21	HG01940	pat	TypeI	1	HG01940_pat_hprc_r2_v1.0.1_HML-2_22q11.21
22q11.21	HG01943	mat	TypeI	1	HG01943_mat_hprc_r2_v1.0.1_HML-2_22q11.21
22q11.21	HG01943	pat	TypeI	1	HG01943_pat_hprc_r2_v1.0.1_HML-2_22q11.21
22q11.21	HG01952	mat	TypeI	1	HG01952_mat_hprc_r2_v1.0.1_HML-2_22q11.21
22q11.21	HG01952	pat	TypeI	1	HG01952_pat_hprc_r2_v1.0.1_HML-2_22q11.21
22q11.21	HG01960	mat	TypeI	1	HG01960_mat_hprc_r2_v1.0.1_HML-2_22q11.21
22q11.21	HG01960	pat	TypeI	1	HG01960_pat_hprc_r2_v1.0.1_HML-2_22q11.21
22q11.21	HG01969	mat	TypeI	1	HG01969_mat_hprc_r2_v1.0.1_HML-2_22q11.21
22q11.21	HG01969	pat	TypeI	1	HG01969_pat_hprc_r2_v1.0.1_HML-2_22q11.21
22q11.21	HG01975	mat	TypeI	1	HG01975_mat_hprc_r2_v1.0.1_HML-2_22q11.21
22q11.21	HG01975	pat	TypeI	1	HG01975_pat_hprc_r2_v1.0.1_HML-2_22q11.21
22q11.21	HG01978	mat	TypeI	1	HG01978_mat_hprc_r2_v1.1.0_HML-2_22q11.21
22q11.21	HG01978	pat	TypeI	1	HG01978_pat_hprc_r2_v1.1.0_HML-2_22q11.21
22q11.21	HG01981	mat	TypeI	1	HG01981_mat_hprc_r2_v1.0.1_HML-2_22q11.21
22q11.21	HG01981	pat	TypeI	1	HG01981_pat_hprc_r2_v1.0.1_HML-2_22q11.21
22q11.21	HG01993	mat	TypeI	1	HG01993_mat_hprc_r2_v1.0.1_HML-2_22q11.21
22q11.21	HG01993	pat	TypeI	1	HG01993_pat_hprc_r2_v1.0.1_HML-2_22q11.21
22q11.21	HG02004	mat	TypeI	1	HG02004_mat_hprc_r2_v1.0.1_HML-2_22q11.21
22q11.21	HG02004	pat	TypeI	1	HG02004_pat_hprc_r2_v1.0.1_HML-2_22q11.21
22q11.21	HG02011	h1	TypeI	1	HG02011_h1_HML-2_22q11.21_graph_hgsvc3-2024-02-23-mc-chm13
22q11.21	HG02011	h2	TypeI	1	HG02011_h2_HML-2_22q11.21_graph_hgsvc3-2024-02-23-mc-chm13
22q11.21	HG02015	mat	TypeI	1	HG02015_mat_hprc_r2_v1.0.1_HML-2_22q11.21
22q11.21	HG02015	pat	TypeI	1	HG02015_pat_hprc_r2_v1.0.1_HML-2_22q11.21
22q11.21	HG02018	h1	TypeI	1	HG02018_h1_HML-2_22q11.21_graph_hgsvc3-2024-02-23-mc-chm13
22q11.21	HG02018	h2	TypeI	1	HG02018_h2_HML-2_22q11.21_graph_hgsvc3-2024-02-23-mc-chm13
22q11.21	HG02027	mat	TypeI	1	HG02027_mat_hprc_r2_v1.0.1_HML-2_22q11.21
22q11.21	HG02027	pat	TypeI	1	HG02027_pat_hprc_r2_v1.0.1_HML-2_22q11.21
22q11.21	HG02040	h1	TypeI	1	HG02040_hap1_hprc_r2_v1.0.1_HML-2_22q11.21
22q11.21	HG02040	h2	TypeI	1	HG02040_hap2_hprc_r2_v1.0.1_HML-2_22q11.21
22q11.21	HG02055	mat	TypeI	1	HG02055_mat_hprc_r2_v1.0.1_HML-2_22q11.21
22q11.21	HG02055	pat	TypeI	1	HG02055_pat_hprc_r2_v1.0.1_HML-2_22q11.21
22q11.21	HG02056	mat	TypeI	1	HG02056_mat_hprc_r2_v1.0.1_HML-2_22q11.21
22q11.21	HG02056	pat	TypeI	1	HG02056_pat_hprc_r2_v1.0.1_HML-2_22q11.21
22q11.21	HG02059	h1	TypeI	1	HG02059_h1_HML-2_22q11.21_graph_hgsvc3-2024-02-23-mc-chm13
22q11.21	HG02059	h2	TypeI	1	HG02059_h2_HML-2_22q11.21_graph_hgsvc3-2024-02-23-mc-chm13
22q11.21	HG02071	mat	TypeI	1	HG02071_mat_hprc_r2_v1.0.1_HML-2_22q11.21
22q11.21	HG02071	pat	TypeI	1	HG02071_pat_hprc_r2_v1.0.1_HML-2_22q11.21
22q11.21	HG02074	mat	TypeI	1	HG02074_mat_hprc_r2_v1.0.1_HML-2_22q11.21
22q11.21	HG02074	pat	TypeI	1	HG02074_pat_hprc_r2_v1.0.1_HML-2_22q11.21
22q11.21	HG02080	mat	TypeI	1	HG02080_mat_hprc_r2_v1.0.1_HML-2_22q11.21
22q11.21	HG02080	pat	TypeI	1	HG02080_pat_hprc_r2_v1.0.1_HML-2_22q11.21
22q11.21	HG02083	mat	TypeI	1	HG02083_mat_hprc_r2_v1.0.1_HML-2_22q11.21
22q11.21	HG02083	pat	TypeI	1	HG02083_pat_hprc_r2_v1.0.1_HML-2_22q11.21
22q11.21	HG02106	h1	TypeI	1	HG02106_h1_HML-2_22q11.21_graph_hgsvc3-2024-02-23-mc-chm13
22q11.21	HG02106	h2	TypeI	1	HG02106_h2_HML-2_22q11.21_graph_hgsvc3-2024-02-23-mc-chm13
22q11.21	HG02109	mat	TypeI	1	HG02109_mat_hprc_r2_v1.0.1_HML-2_22q11.21
22q11.21	HG02109	pat	TypeI	1	HG02109_pat_hprc_r2_v1.0.1_HML-2_22q11.21
22q11.21	HG02129	mat	TypeI	1	HG02129_mat_hprc_r2_v1.0.1_HML-2_22q11.21
22q11.21	HG02129	pat	TypeI	1	HG02129_pat_hprc_r2_v1.0.1_HML-2_22q11.21
22q11.21	HG02132	mat	TypeI	1	HG02132_mat_hprc_r2_v1.0.1_HML-2_22q11.21
22q11.21	HG02132	pat	TypeI	1	HG02132_pat_hprc_r2_v1.0.1_HML-2_22q11.21
22q11.21	HG02135	mat	TypeI	1	HG02135_mat_hprc_r2_v1.0.1_HML-2_22q11.21
22q11.21	HG02135	pat	TypeI	1	HG02135_pat_hprc_r2_v1.0.1_HML-2_22q11.21
22q11.21	HG02145	mat	TypeI	1	HG02145_mat_hprc_r2_v1.0.1_HML-2_22q11.21
22q11.21	HG02145	pat	TypeI	1	HG02145_pat_hprc_r2_v1.0.1_HML-2_22q11.21
22q11.21	HG02148	mat	TypeI	1	HG02148_mat_hprc_r2_v1.0.1_HML-2_22q11.21
22q11.21	HG02148	pat	TypeI	1	HG02148_pat_hprc_r2_v1.0.1_HML-2_22q11.21
22q11.21	HG02155	h1	TypeI	1	HG02155_hap1_hprc_r2_v1.0.1_HML-2_22q11.21
22q11.21	HG02155	h2	TypeI	1	HG02155_hap2_hprc_r2_v1.0.1_HML-2_22q11.21
22q11.21	HG02165	h1	noncarrier	1	HG02165_hap1_hprc_r2_v1.0.1_HML-2_22q11.21
22q11.21	HG02165	h2	TypeI	1	HG02165_hap2_hprc_r2_v1.0.1_HML-2_22q11.21
22q11.21	HG02178	h1	TypeI	1	HG02178_hap1_hprc_r2_v1.0.1_HML-2_22q11.21
22q11.21	HG02178	h2	TypeI	1	HG02178_hap2_hprc_r2_v1.0.1_HML-2_22q11.21
22q11.21	HG02257	mat	solo_LTR	1	HG02257_mat_hprc_r2_v1.1.0_HML-2_22q11.21
22q11.21	HG02257	pat	TypeI	1	HG02257_pat_hprc_r2_v1.1.0_HML-2_22q11.21
22q11.21	HG02258	mat	solo_LTR	1	HG02258_mat_hprc_r2_v1.0.1_HML-2_22q11.21
22q11.21	HG02258	pat	TypeI	1	HG02258_pat_hprc_r2_v1.0.1_HML-2_22q11.21
22q11.21	HG02273	h1	TypeI	1	HG02273_hap1_hprc_r2_v1.0.1_HML-2_22q11.21
22q11.21	HG02273	h2	TypeI	1	HG02273_hap2_hprc_r2_v1.0.1_HML-2_22q11.21
22q11.21	HG02280	mat	TypeI	1	HG02280_mat_hprc_r2_v1.0.1_HML-2_22q11.21
22q11.21	HG02280	pat	TypeI	1	HG02280_pat_hprc_r2_v1.0.1_HML-2_22q11.21
22q11.21	HG02282	h1	TypeI	1	HG02282_h1_HML-2_22q11.21_graph_hgsvc3-2024-02-23-mc-chm13
22q11.21	HG02282	h2	solo_LTR	1	HG02282_h2_HML-2_22q11.21_graph_hgsvc3-2024-02-23-mc-chm13
22q11.21	HG02293	mat	TypeI	1	HG02293_mat_hprc_r2_v1.0.1_HML-2_22q11.21
22q11.21	HG02293	pat	TypeI	1	HG02293_pat_hprc_r2_v1.0.1_HML-2_22q11.21
22q11.21	HG02300	mat	TypeI	1	HG02300_mat_hprc_r2_v1.0.1_HML-2_22q11.21
22q11.21	HG02300	pat	TypeI	1	HG02300_pat_hprc_r2_v1.0.1_HML-2_22q11.21
22q11.21	HG02391	h1	TypeI	1	HG02391_hap1_hprc_r2_v1.0.1_HML-2_22q11.21
22q11.21	HG02391	h2	TypeI	1	HG02391_hap2_hprc_r2_v1.0.1_HML-2_22q11.21
22q11.21	HG02392	h1	TypeI	1	HG02392_hap1_hprc_r2_v1.0.1_HML-2_22q11.21
22q11.21	HG02392	h2	TypeI	1	HG02392_hap2_hprc_r2_v1.0.1_HML-2_22q11.21
22q11.21	HG02451	mat	TypeI	1	HG02451_mat_hprc_r2_v1.0.1_HML-2_22q11.21
22q11.21	HG02451	pat	TypeI	1	HG02451_pat_hprc_r2_v1.0.1_HML-2_22q11.21
22q11.21	HG02486	mat	TypeI	1	HG02486_mat_hprc_r2_v1.0.1_HML-2_22q11.21
22q11.21	HG02486	pat	solo_LTR	1	HG02486_pat_hprc_r2_v1.0.1_HML-2_22q11.21
22q11.21	HG02492	h1	TypeI	1	HG02492_h1_HML-2_22q11.21_graph_hgsvc3-2024-02-23-mc-chm13
22q11.21	HG02492	h2	TypeI	1	HG02492_h2_HML-2_22q11.21_graph_hgsvc3-2024-02-23-mc-chm13
22q11.21	HG02514	mat	TypeI	1	HG02514_mat_hprc_r2_v1.0.1_HML-2_22q11.21
22q11.21	HG02514	pat	TypeI	1	HG02514_pat_hprc_r2_v1.0.1_HML-2_22q11.21
22q11.21	HG02523	mat	TypeI	1	HG02523_mat_hprc_r2_v1.0.1_HML-2_22q11.21
22q11.21	HG02523	pat	TypeI	1	HG02523_pat_hprc_r2_v1.0.1_HML-2_22q11.21
22q11.21	HG02554	h1	TypeI	1	HG02554_h1_HML-2_22q11.21_graph_hgsvc3-2024-02-23-mc-chm13
22q11.21	HG02554	h2	TypeI	1	HG02554_h2_HML-2_22q11.21_graph_hgsvc3-2024-02-23-mc-chm13
22q11.21	HG02559	mat	TypeI	1	HG02559_mat_hprc_r2_v1.0.1_HML-2_22q11.21
22q11.21	HG02559	pat	TypeI	1	HG02559_pat_hprc_r2_v1.0.1_HML-2_22q11.21
22q11.21	HG02572	mat	TypeI	1	HG02572_mat_hprc_r2_v1.0.1_HML-2_22q11.21
22q11.21	HG02572	pat	solo_LTR	1	HG02572_pat_hprc_r2_v1.0.1_HML-2_22q11.21
22q11.21	HG02583	h1	TypeI	1	HG02583_hap1_hprc_r2_v1.0.1_HML-2_22q11.21
22q11.21	HG02583	h2	TypeI	1	HG02583_hap2_hprc_r2_v1.0.1_HML-2_22q11.21
22q11.21	HG02587	h1	TypeI	1	HG02587_h1_HML-2_22q11.21_graph_hgsvc3-2024-02-23-mc-chm13
22q11.21	HG02587	h2	TypeI	1	HG02587_h2_HML-2_22q11.21_graph_hgsvc3-2024-02-23-mc-chm13
22q11.21	HG02602	mat	TypeI	1	HG02602_mat_hprc_r2_v1.0.1_HML-2_22q11.21
22q11.21	HG02602	pat	TypeI	1	HG02602_pat_hprc_r2_v1.0.1_HML-2_22q11.21
22q11.21	HG02615	mat	TypeI	1	HG02615_mat_hprc_r2_v1.0.1_HML-2_22q11.21
22q11.21	HG02615	pat	TypeI	1	HG02615_pat_hprc_r2_v1.0.1_HML-2_22q11.21
22q11.21	HG02622	mat	solo_LTR	1	HG02622_mat_hprc_r2_v1.0.1_HML-2_22q11.21
22q11.21	HG02622	pat	TypeI	1	HG02622_pat_hprc_r2_v1.0.1_HML-2_22q11.21
22q11.21	HG02630	mat	solo_LTR	1	HG02630_mat_hprc_r2_v1.0.1_HML-2_22q11.21
22q11.21	HG02630	pat	TypeI	1	HG02630_pat_hprc_r2_v1.0.1_HML-2_22q11.21
22q11.21	HG02647	mat	TypeI	1	HG02647_mat_hprc_r2_v1.0.1_HML-2_22q11.21
22q11.21	HG02647	pat	TypeI	1	HG02647_pat_hprc_r2_v1.0.1_HML-2_22q11.21
22q11.21	HG02666	h1	TypeI	1	HG02666_h1_HML-2_22q11.21_graph_hgsvc3-2024-02-23-mc-chm13
22q11.21	HG02666	h2	technical_record	1	HG02666_h2_HML-2_22q11.21_placeholder
22q11.21	HG02668	mat	TypeI	1	HG02668_mat_hprc_r2_v1.0.1_HML-2_22q11.21
22q11.21	HG02668	pat	TypeI	1	HG02668_pat_hprc_r2_v1.0.1_HML-2_22q11.21
22q11.21	HG02698	mat	TypeI	1	HG02698_mat_hprc_r2_v1.0.1_HML-2_22q11.21
22q11.21	HG02698	pat	TypeI	1	HG02698_pat_hprc_r2_v1.0.1_HML-2_22q11.21
22q11.21	HG02717	mat	TypeI	1	HG02717_mat_hprc_r2_v1.0.1_HML-2_22q11.21
22q11.21	HG02717	pat	TypeI	1	HG02717_pat_hprc_r2_v1.0.1_HML-2_22q11.21
22q11.21	HG02723	mat	TypeI	1	HG02723_mat_hprc_r2_v1.0.1_HML-2_22q11.21
22q11.21	HG02723	pat	TypeI	1	HG02723_pat_hprc_r2_v1.0.1_HML-2_22q11.21
22q11.21	HG02735	mat	TypeI	1	HG02735_mat_hprc_r2_v1.0.1_HML-2_22q11.21
22q11.21	HG02735	pat	TypeI	1	HG02735_pat_hprc_r2_v1.0.1_HML-2_22q11.21
22q11.21	HG02738	mat	TypeI	1	HG02738_mat_hprc_r2_v1.0.1_HML-2_22q11.21
22q11.21	HG02738	pat	TypeI	1	HG02738_pat_hprc_r2_v1.0.1_HML-2_22q11.21
22q11.21	HG02769	h1	TypeI	1	HG02769_h1_HML-2_22q11.21_graph_hgsvc3-2024-02-23-mc-chm13
22q11.21	HG02769	h2	TypeI	1	HG02769_h2_HML-2_22q11.21_graph_hgsvc3-2024-02-23-mc-chm13
22q11.21	HG02809	mat	TypeI	1	HG02809_mat_hprc_r2_v1.0.1_HML-2_22q11.21
22q11.21	HG02809	pat	TypeI	1	HG02809_pat_hprc_r2_v1.0.1_HML-2_22q11.21
22q11.21	HG02818	mat	TypeI	1	HG02818_mat_hprc_r2_v1.0.1_HML-2_22q11.21
22q11.21	HG02818	pat	TypeI	1	HG02818_pat_hprc_r2_v1.0.1_HML-2_22q11.21
22q11.21	HG02841	mat	solo_LTR	1	HG02841_mat_hprc_r2_v1.0.1_HML-2_22q11.21
22q11.21	HG02841	pat	TypeI	1	HG02841_pat_hprc_r2_v1.0.1_HML-2_22q11.21
22q11.21	HG02886	mat	TypeI	1	HG02886_mat_hprc_r2_v1.0.1_HML-2_22q11.21
22q11.21	HG02886	pat	solo_LTR	1	HG02886_pat_hprc_r2_v1.0.1_HML-2_22q11.21
22q11.21	HG02922	h1	TypeI	1	HG02922_hap1_hprc_r2_v1.0.1_HML-2_22q11.21
22q11.21	HG02922	h2	TypeI	1	HG02922_hap2_hprc_r2_v1.0.1_HML-2_22q11.21
22q11.21	HG02953	h1	TypeI	1	HG02953_h1_HML-2_22q11.21_graph_hgsvc3-2024-02-23-mc-chm13
22q11.21	HG02953	h2	TypeI	1	HG02953_h2_HML-2_22q11.21_graph_hgsvc3-2024-02-23-mc-chm13
22q11.21	HG02965	h1	TypeI	1	HG02965_hap1_hprc_r2_v1.0.1_HML-2_22q11.21
22q11.21	HG02965	h2	TypeI	1	HG02965_hap2_hprc_r2_v1.0.1_HML-2_22q11.21
22q11.21	HG02976	h1	TypeI	1	HG02976_hap1_hprc_r2_v1.0.1_HML-2_22q11.21
22q11.21	HG02976	h2	TypeI	1	HG02976_hap2_hprc_r2_v1.0.1_HML-2_22q11.21
22q11.21	HG02984	mat	TypeI	1	HG02984_mat_hprc_r2_v1.0.1_HML-2_22q11.21
22q11.21	HG02984	pat	TypeI	1	HG02984_pat_hprc_r2_v1.0.1_HML-2_22q11.21
22q11.21	HG03009	h1	TypeI	1	HG03009_h1_HML-2_22q11.21_graph_hgsvc3-2024-02-23-mc-chm13
22q11.21	HG03009	h2	TypeI	1	HG03009_h2_HML-2_22q11.21_graph_hgsvc3-2024-02-23-mc-chm13
22q11.21	HG03017	mat	TypeI	1	HG03017_mat_hprc_r2_v1.0.1_HML-2_22q11.21
22q11.21	HG03017	pat	TypeI	1	HG03017_pat_hprc_r2_v1.0.1_HML-2_22q11.21
22q11.21	HG03041	mat	TypeI	1	HG03041_mat_hprc_r2_v1.0.1_HML-2_22q11.21
22q11.21	HG03041	pat	TypeI	1	HG03041_pat_hprc_r2_v1.0.1_HML-2_22q11.21
22q11.21	HG03050	mat	TypeI	1	HG03050_mat_hprc_r2_v1.0.1_HML-2_22q11.21
22q11.21	HG03050	pat	TypeI	1	HG03050_pat_hprc_r2_v1.0.1_HML-2_22q11.21
22q11.21	HG03065	h1	TypeI	1	HG03065_h1_HML-2_22q11.21_graph_hgsvc3-2024-02-23-mc-chm13
22q11.21	HG03065	h2	TypeI	1	HG03065_h2_HML-2_22q11.21_graph_hgsvc3-2024-02-23-mc-chm13
22q11.21	HG03098	mat	TypeI	1	HG03098_mat_hprc_r2_v1.0.1_HML-2_22q11.21
22q11.21	HG03098	pat	TypeI	1	HG03098_pat_hprc_r2_v1.0.1_HML-2_22q11.21
22q11.21	HG03130	h1	TypeI	1	HG03130_hap1_hprc_r2_v1.0.1_HML-2_22q11.21
22q11.21	HG03130	h2	TypeI	1	HG03130_hap2_hprc_r2_v1.0.1_HML-2_22q11.21
22q11.21	HG03139	h1	TypeI	1	HG03139_hap1_hprc_r2_v1.0.1_HML-2_22q11.21
22q11.21	HG03139	h2	TypeI	1	HG03139_hap2_hprc_r2_v1.0.1_HML-2_22q11.21
22q11.21	HG03195	h1	TypeI	1	HG03195_hap1_hprc_r2_v1.0.1_HML-2_22q11.21
22q11.21	HG03195	h2	TypeI	1	HG03195_hap2_hprc_r2_v1.0.1_HML-2_22q11.21
22q11.21	HG03209	h1	TypeI	1	HG03209_hap1_hprc_r2_v1.0.1_HML-2_22q11.21
22q11.21	HG03209	h2	TypeI	1	HG03209_hap2_hprc_r2_v1.0.1_HML-2_22q11.21
22q11.21	HG03225	h1	TypeI	1	HG03225_hap1_hprc_r2_v1.0.1_HML-2_22q11.21
22q11.21	HG03225	h2	TypeI	1	HG03225_hap2_hprc_r2_v1.0.1_HML-2_22q11.21
22q11.21	HG03239	mat	TypeI	1	HG03239_mat_hprc_r2_v1.0.1_HML-2_22q11.21
22q11.21	HG03239	pat	noncarrier	1	HG03239_pat_hprc_r2_v1.0.1_HML-2_22q11.21
22q11.21	HG03248	h1	TypeI	1	HG03248_h1_HML-2_22q11.21_graph_hgsvc3-2024-02-23-mc-chm13
22q11.21	HG03248	h2	TypeI	1	HG03248_h2_HML-2_22q11.21_graph_hgsvc3-2024-02-23-mc-chm13
22q11.21	HG03270	h1	solo_LTR	1	HG03270_hap1_hprc_r2_v1.0.1_HML-2_22q11.21
22q11.21	HG03270	h2	TypeI	1	HG03270_hap2_hprc_r2_v1.0.1_HML-2_22q11.21
22q11.21	HG03369	h1	solo_LTR	1	HG03369_hap1_hprc_r2_v1.0.1_HML-2_22q11.21
22q11.21	HG03369	h2	solo_LTR	1	HG03369_hap2_hprc_r2_v1.0.1_HML-2_22q11.21
22q11.21	HG03371	h1	TypeI	1	HG03371_h1_HML-2_22q11.21_graph_hgsvc3-2024-02-23-mc-chm13
22q11.21	HG03371	h2	solo_LTR	1	HG03371_h2_HML-2_22q11.21_graph_hgsvc3-2024-02-23-mc-chm13
22q11.21	HG03452	h1	TypeI	1	HG03452_h1_HML-2_22q11.21_graph_hgsvc3-2024-02-23-mc-chm13
22q11.21	HG03452	h2	TypeI	1	HG03452_h2_HML-2_22q11.21_graph_hgsvc3-2024-02-23-mc-chm13
22q11.21	HG03453	mat	TypeI	1	HG03453_mat_hprc_r2_v1.0.1_HML-2_22q11.21
22q11.21	HG03453	pat	TypeI	1	HG03453_pat_hprc_r2_v1.0.1_HML-2_22q11.21
22q11.21	HG03456	h1	TypeI	1	HG03456_h1_HML-2_22q11.21_graph_hgsvc3-2024-02-23-mc-chm13
22q11.21	HG03456	h2	TypeI	1	HG03456_h2_HML-2_22q11.21_graph_hgsvc3-2024-02-23-mc-chm13
22q11.21	HG03470	h1	TypeI	1	HG03470_hap1_hprc_r2_v1.0.1_HML-2_22q11.21
22q11.21	HG03470	h2	TypeI	1	HG03470_hap2_hprc_r2_v1.0.1_HML-2_22q11.21
22q11.21	HG03471	h1	TypeI	1	HG03471_hap1_hprc_r2_v1.0.1_HML-2_22q11.21
22q11.21	HG03471	h2	solo_LTR	1	HG03471_hap2_hprc_r2_v1.0.1_HML-2_22q11.21
22q11.21	HG03486	mat	TypeI	1	HG03486_mat_hprc_r2_v1.0.1_HML-2_22q11.21
22q11.21	HG03486	pat	TypeI	1	HG03486_pat_hprc_r2_v1.0.1_HML-2_22q11.21
22q11.21	HG03516	mat	solo_LTR	1	HG03516_mat_hprc_r2_v1.1.0_HML-2_22q11.21
22q11.21	HG03516	pat	TypeI	1	HG03516_pat_hprc_r2_v1.1.0_HML-2_22q11.21
22q11.21	HG03520	h1	TypeI	1	HG03520_h1_HML-2_22q11.21_graph_hgsvc3-2024-02-23-mc-chm13
22q11.21	HG03520	h2	TypeI	1	HG03520_h2_HML-2_22q11.21_graph_hgsvc3-2024-02-23-mc-chm13
22q11.21	HG03521	h1	solo_LTR	1	HG03521_hap1_hprc_r2_v1.0.1_HML-2_22q11.21
22q11.21	HG03521	h2	TypeI	1	HG03521_hap2_hprc_r2_v1.0.1_HML-2_22q11.21
22q11.21	HG03540	mat	TypeI	1	HG03540_mat_hprc_r2_v1.0.1_HML-2_22q11.21
22q11.21	HG03540	pat	solo_LTR	1	HG03540_pat_hprc_r2_v1.0.1_HML-2_22q11.21
22q11.21	HG03579	mat	solo_LTR	1	HG03579_mat_hprc_r2_v1.0.1_HML-2_22q11.21
22q11.21	HG03579	pat	solo_LTR	1	HG03579_pat_hprc_r2_v1.0.1_HML-2_22q11.21
22q11.21	HG03583	h1	TypeI	1	HG03583_hap1_hprc_r2_v1.0.1_HML-2_22q11.21
22q11.21	HG03583	h2	TypeI	1	HG03583_hap2_hprc_r2_v1.0.1_HML-2_22q11.21
22q11.21	HG03654	mat	TypeI	1	HG03654_mat_hprc_r2_v1.0.1_HML-2_22q11.21
22q11.21	HG03654	pat	TypeI	1	HG03654_pat_hprc_r2_v1.0.1_HML-2_22q11.21
22q11.21	HG03669	mat	TypeI	1	HG03669_mat_hprc_r2_v1.0.1_HML-2_22q11.21
22q11.21	HG03669	pat	TypeI	1	HG03669_pat_hprc_r2_v1.0.1_HML-2_22q11.21
22q11.21	HG03683	h1	TypeI	1	HG03683_h1_HML-2_22q11.21_graph_hgsvc3-2024-02-23-mc-chm13
22q11.21	HG03683	h2	TypeI	1	HG03683_h2_HML-2_22q11.21_graph_hgsvc3-2024-02-23-mc-chm13
22q11.21	HG03688	mat	TypeI	1	HG03688_mat_hprc_r2_v1.0.1_HML-2_22q11.21
22q11.21	HG03688	pat	TypeI	1	HG03688_pat_hprc_r2_v1.0.1_HML-2_22q11.21
22q11.21	HG03704	mat	TypeI	1	HG03704_mat_hprc_r2_v1.0.1_HML-2_22q11.21
22q11.21	HG03704	pat	TypeI	1	HG03704_pat_hprc_r2_v1.0.1_HML-2_22q11.21
22q11.21	HG03710	mat	TypeI	1	HG03710_mat_hprc_r2_v1.0.1_HML-2_22q11.21
22q11.21	HG03710	pat	TypeI	1	HG03710_pat_hprc_r2_v1.0.1_HML-2_22q11.21
22q11.21	HG03732	h1	TypeI	1	HG03732_h1_HML-2_22q11.21_graph_hgsvc3-2024-02-23-mc-chm13
22q11.21	HG03732	h2	TypeI	1	HG03732_h2_HML-2_22q11.21_graph_hgsvc3-2024-02-23-mc-chm13
22q11.21	HG03742	h1	TypeI	1	HG03742_hap1_hprc_r2_v1.0.1_HML-2_22q11.21
22q11.21	HG03742	h2	TypeI	1	HG03742_hap2_hprc_r2_v1.0.1_HML-2_22q11.21
22q11.21	HG03784	h1	TypeI	1	HG03784_hap1_hprc_r2_v1.0.1_HML-2_22q11.21
22q11.21	HG03784	h2	TypeI	1	HG03784_hap2_hprc_r2_v1.0.1_HML-2_22q11.21
22q11.21	HG03804	mat	TypeI	1	HG03804_mat_hprc_r2_v1.0.1_HML-2_22q11.21
22q11.21	HG03804	pat	TypeI	1	HG03804_pat_hprc_r2_v1.0.1_HML-2_22q11.21
22q11.21	HG03807	h1	TypeI	1	HG03807_h1_HML-2_22q11.21_graph_hgsvc3-2024-02-23-mc-chm13
22q11.21	HG03807	h2	TypeI	1	HG03807_h2_HML-2_22q11.21_graph_hgsvc3-2024-02-23-mc-chm13
22q11.21	HG03816	mat	TypeI	1	HG03816_mat_hprc_r2_v1.0.1_HML-2_22q11.21
22q11.21	HG03816	pat	TypeI	1	HG03816_pat_hprc_r2_v1.0.1_HML-2_22q11.21
22q11.21	HG03831	mat	TypeI	1	HG03831_mat_hprc_r2_v1.0.1_HML-2_22q11.21
22q11.21	HG03831	pat	TypeI	1	HG03831_pat_hprc_r2_v1.0.1_HML-2_22q11.21
22q11.21	HG03834	mat	TypeI	1	HG03834_mat_hprc_r2_v1.0.1_HML-2_22q11.21
22q11.21	HG03834	pat	TypeI	1	HG03834_pat_hprc_r2_v1.0.1_HML-2_22q11.21
22q11.21	HG03874	h1	TypeI	1	HG03874_hap1_hprc_r2_v1.0.1_HML-2_22q11.21
22q11.21	HG03874	h2	TypeI	1	HG03874_hap2_hprc_r2_v1.0.1_HML-2_22q11.21
22q11.21	HG03927	mat	TypeI	1	HG03927_mat_hprc_r2_v1.0.1_HML-2_22q11.21
22q11.21	HG03927	pat	TypeI	1	HG03927_pat_hprc_r2_v1.0.1_HML-2_22q11.21
22q11.21	HG03942	mat	TypeI	1	HG03942_mat_hprc_r2_v1.0.1_HML-2_22q11.21
22q11.21	HG03942	pat	TypeI	1	HG03942_pat_hprc_r2_v1.0.1_HML-2_22q11.21
22q11.21	HG04036	h1	TypeI	1	HG04036_h1_HML-2_22q11.21_graph_hgsvc3-2024-02-23-mc-chm13
22q11.21	HG04036	h2	TypeI	1	HG04036_h2_HML-2_22q11.21_graph_hgsvc3-2024-02-23-mc-chm13
22q11.21	HG04115	mat	TypeI	1	HG04115_mat_hprc_r2_v1.0.1_HML-2_22q11.21
22q11.21	HG04115	pat	TypeI	1	HG04115_pat_hprc_r2_v1.0.1_HML-2_22q11.21
22q11.21	HG04157	mat	TypeI	1	HG04157_mat_hprc_r2_v1.0.1_HML-2_22q11.21
22q11.21	HG04157	pat	TypeI	1	HG04157_pat_hprc_r2_v1.0.1_HML-2_22q11.21
22q11.21	HG04160	mat	TypeI	1	HG04160_mat_hprc_r2_v1.0.1_HML-2_22q11.21
22q11.21	HG04160	pat	TypeI	1	HG04160_pat_hprc_r2_v1.0.1_HML-2_22q11.21
22q11.21	HG04184	mat	TypeI	1	HG04184_mat_hprc_r2_v1.0.1_HML-2_22q11.21
22q11.21	HG04184	pat	TypeI	1	HG04184_pat_hprc_r2_v1.0.1_HML-2_22q11.21
22q11.21	HG04187	mat	TypeI	1	HG04187_mat_hprc_r2_v1.0.1_HML-2_22q11.21
22q11.21	HG04187	pat	TypeI	1	HG04187_pat_hprc_r2_v1.0.1_HML-2_22q11.21
22q11.21	HG04199	mat	TypeI	1	HG04199_mat_hprc_r2_v1.0.1_HML-2_22q11.21
22q11.21	HG04199	pat	TypeI	1	HG04199_pat_hprc_r2_v1.0.1_HML-2_22q11.21
22q11.21	HG04204	mat	TypeI	1	HG04204_mat_hprc_r2_v1.0.1_HML-2_22q11.21
22q11.21	HG04204	pat	TypeI	1	HG04204_pat_hprc_r2_v1.0.1_HML-2_22q11.21
22q11.21	HG04217	h1	TypeI	1	HG04217_h1_HML-2_22q11.21_graph_hgsvc3-2024-02-23-mc-chm13
22q11.21	HG04217	h2	TypeI	1	HG04217_h2_HML-2_22q11.21_graph_hgsvc3-2024-02-23-mc-chm13
22q11.21	HG04228	mat	TypeI	1	HG04228_mat_hprc_r2_v1.0.1_HML-2_22q11.21
22q11.21	HG04228	pat	TypeI	1	HG04228_pat_hprc_r2_v1.0.1_HML-2_22q11.21
22q11.21	HG06807	mat	TypeI	1	HG06807_mat_v1.0.genbank_HML-2_22q11.21
22q11.21	HG06807	pat	TypeI	1	HG06807_pat_v1.0.genbank_HML-2_22q11.21
22q11.21	NA12329	h1	TypeI	1	NA12329_h1_HML-2_22q11.21_graph_hgsvc3-2024-02-23-mc-chm13
22q11.21	NA12329	h2	TypeI	1	NA12329_h2_HML-2_22q11.21_graph_hgsvc3-2024-02-23-mc-chm13
22q11.21	NA18505	h1	TypeI	1	NA18505_hap1_hprc_r2_v1.0.1_HML-2_22q11.21
22q11.21	NA18505	h2	TypeI	1	NA18505_hap2_hprc_r2_v1.0.1_HML-2_22q11.21
22q11.21	NA18508	h1	TypeI	1	NA18508_hap1_hprc_r2_v1.0.1_HML-2_22q11.21
22q11.21	NA18508	h2	solo_LTR	1	NA18508_hap2_hprc_r2_v1.0.1_HML-2_22q11.21
22q11.21	NA18522	h1	TypeI	1	NA18522_hap1_hprc_r2_v1.0.1_HML-2_22q11.21
22q11.21	NA18522	h2	TypeI	1	NA18522_hap2_hprc_r2_v1.0.1_HML-2_22q11.21
22q11.21	NA18534	h1	TypeI	1	NA18534_h1_HML-2_22q11.21_graph_hgsvc3-2024-02-23-mc-chm13
22q11.21	NA18534	h2	TypeI	1	NA18534_h2_HML-2_22q11.21_graph_hgsvc3-2024-02-23-mc-chm13
22q11.21	NA18565	h1	TypeI	1	NA18565_hap1_hprc_r2_v1.0.1_HML-2_22q11.21
22q11.21	NA18565	h2	TypeI	1	NA18565_hap2_hprc_r2_v1.0.1_HML-2_22q11.21
22q11.21	NA18570	h1	TypeI	1	NA18570_hap1_hprc_r2_v1.0.1_HML-2_22q11.21
22q11.21	NA18570	h2	TypeI	1	NA18570_hap2_hprc_r2_v1.0.1_HML-2_22q11.21
22q11.21	NA18608	h1	TypeI	1	NA18608_hap1_hprc_r2_v1.0.1_HML-2_22q11.21
22q11.21	NA18608	h2	TypeI	1	NA18608_hap2_hprc_r2_v1.0.1_HML-2_22q11.21
22q11.21	NA18620	h1	TypeI	1	NA18620_hap1_hprc_r2_v1.0.1_HML-2_22q11.21
22q11.21	NA18620	h2	TypeI	1	NA18620_hap2_hprc_r2_v1.0.1_HML-2_22q11.21
22q11.21	NA18747	h1	TypeI	1	NA18747_hap1_hprc_r2_v1.0.1_HML-2_22q11.21
22q11.21	NA18747	h2	TypeI	1	NA18747_hap2_hprc_r2_v1.0.1_HML-2_22q11.21
22q11.21	NA18879	h1	TypeI	1	NA18879_hap1_hprc_r2_v1.0.1_HML-2_22q11.21
22q11.21	NA18879	h2	TypeI	1	NA18879_hap2_hprc_r2_v1.0.1_HML-2_22q11.21
22q11.21	NA18906	mat	TypeI	1	NA18906_mat_hprc_r2_v1.0.1_HML-2_22q11.21
22q11.21	NA18906	pat	TypeI	1	NA18906_pat_hprc_r2_v1.0.1_HML-2_22q11.21
22q11.21	NA18939	h1	TypeI	1	NA18939_h1_HML-2_22q11.21_graph_hgsvc3-2024-02-23-mc-chm13
22q11.21	NA18939	h2	TypeI	1	NA18939_h2_HML-2_22q11.21_graph_hgsvc3-2024-02-23-mc-chm13
22q11.21	NA18940	h1	TypeI	1	NA18940_hap1_hprc_r2_v1.0.1_HML-2_22q11.21
22q11.21	NA18940	h2	TypeI	1	NA18940_hap2_hprc_r2_v1.0.1_HML-2_22q11.21
22q11.21	NA18943	h1	TypeI	1	NA18943_hap1_hprc_r2_v1.0.1_HML-2_22q11.21
22q11.21	NA18943	h2	TypeI	1	NA18943_hap2_hprc_r2_v1.0.1_HML-2_22q11.21
22q11.21	NA18944	h1	TypeI	1	NA18944_hap1_hprc_r2_v1.0.1_HML-2_22q11.21
22q11.21	NA18944	h2	TypeI	1	NA18944_hap2_hprc_r2_v1.0.1_HML-2_22q11.21
22q11.21	NA18945	h1	TypeI	1	NA18945_hap1_hprc_r2_v1.0.1_HML-2_22q11.21
22q11.21	NA18945	h2	TypeI	1	NA18945_hap2_hprc_r2_v1.0.1_HML-2_22q11.21
22q11.21	NA18948	h1	TypeI	1	NA18948_hap1_hprc_r2_v1.0.1_HML-2_22q11.21
22q11.21	NA18948	h2	TypeI	1	NA18948_hap2_hprc_r2_v1.0.1_HML-2_22q11.21
22q11.21	NA18952	h1	TypeI	1	NA18952_hap1_hprc_r2_v1.0.1_HML-2_22q11.21
22q11.21	NA18952	h2	TypeI	1	NA18952_hap2_hprc_r2_v1.0.1_HML-2_22q11.21
22q11.21	NA18959	h1	TypeI	1	NA18959_hap1_hprc_r2_v1.0.1_HML-2_22q11.21
22q11.21	NA18959	h2	TypeI	1	NA18959_hap2_hprc_r2_v1.0.1_HML-2_22q11.21
22q11.21	NA18960	h1	TypeI	1	NA18960_hap1_hprc_r2_v1.0.1_HML-2_22q11.21
22q11.21	NA18960	h2	TypeI	1	NA18960_hap2_hprc_r2_v1.0.1_HML-2_22q11.21
22q11.21	NA18967	h1	TypeI	1	NA18967_hap1_hprc_r2_v1.0.1_HML-2_22q11.21
22q11.21	NA18967	h2	TypeI	1	NA18967_hap2_hprc_r2_v1.0.1_HML-2_22q11.21
22q11.21	NA18970	h1	TypeI	1	NA18970_hap1_hprc_r2_v1.0.1_HML-2_22q11.21
22q11.21	NA18970	h2	TypeI	1	NA18970_hap2_hprc_r2_v1.0.1_HML-2_22q11.21
22q11.21	NA18971	h1	TypeI	1	NA18971_hap1_hprc_r2_v1.0.1_HML-2_22q11.21
22q11.21	NA18971	h2	TypeI	1	NA18971_hap2_hprc_r2_v1.0.1_HML-2_22q11.21
22q11.21	NA18974	h1	TypeI	1	NA18974_hap1_hprc_r2_v1.0.1_HML-2_22q11.21
22q11.21	NA18974	h2	TypeI	1	NA18974_hap2_hprc_r2_v1.0.1_HML-2_22q11.21
22q11.21	NA18976	h1	TypeI	1	NA18976_hap1_hprc_r2_v1.0.1_HML-2_22q11.21
22q11.21	NA18976	h2	TypeI	1	NA18976_hap2_hprc_r2_v1.0.1_HML-2_22q11.21
22q11.21	NA18982	h1	TypeI	1	NA18982_hap1_hprc_r2_v1.0.1_HML-2_22q11.21
22q11.21	NA18982	h2	TypeI	1	NA18982_hap2_hprc_r2_v1.0.1_HML-2_22q11.21
22q11.21	NA18983	h1	TypeI	1	NA18983_hap1_hprc_r2_v1.0.1_HML-2_22q11.21
22q11.21	NA18983	h2	TypeI	1	NA18983_hap2_hprc_r2_v1.0.1_HML-2_22q11.21
22q11.21	NA18989	h1	technical_record	1	NA18989_h1_HML-2_22q11.21_placeholder
22q11.21	NA18989	h2	technical_record	1	NA18989_h2_HML-2_22q11.21_placeholder
22q11.21	NA19036	h1	TypeI	1	NA19036_hap1_hprc_r2_v1.0.1_HML-2_22q11.21
22q11.21	NA19036	h2	TypeI	1	NA19036_hap2_hprc_r2_v1.0.1_HML-2_22q11.21
22q11.21	NA19043	h1	TypeI	1	NA19043_hap1_hprc_r2_v1.0.1_HML-2_22q11.21
22q11.21	NA19043	h2	solo_LTR	1	NA19043_hap2_hprc_r2_v1.0.1_HML-2_22q11.21
22q11.21	NA19087	h1	TypeI	1	NA19087_hap1_hprc_r2_v1.0.1_HML-2_22q11.21
22q11.21	NA19087	h2	TypeI	1	NA19087_hap2_hprc_r2_v1.0.1_HML-2_22q11.21
22q11.21	NA19129	h1	TypeI	1	NA19129_h1_HML-2_22q11.21_graph_hgsvc3-2024-02-23-mc-chm13
22q11.21	NA19129	h2	TypeI	1	NA19129_h2_HML-2_22q11.21_graph_hgsvc3-2024-02-23-mc-chm13
22q11.21	NA19159	h1	TypeI	1	NA19159_hap1_hprc_r2_v1.0.1_HML-2_22q11.21
22q11.21	NA19159	h2	TypeI	1	NA19159_hap2_hprc_r2_v1.0.1_HML-2_22q11.21
22q11.21	NA19185	h1	TypeI	1	NA19185_hap1_hprc_r2_v1.0.1_HML-2_22q11.21
22q11.21	NA19185	h2	TypeI	1	NA19185_hap2_hprc_r2_v1.0.1_HML-2_22q11.21
22q11.21	NA19238	h1	TypeI	1	NA19238_h1_HML-2_22q11.21_graph_hgsvc3-2024-02-23-mc-chm13
22q11.21	NA19238	h2	TypeI	1	NA19238_h2_HML-2_22q11.21_graph_hgsvc3-2024-02-23-mc-chm13
22q11.21	NA19239	h1	TypeI	1	NA19239_h1_HML-2_22q11.21_graph_hgsvc3-2024-02-23-mc-chm13
22q11.21	NA19239	h2	TypeI	1	NA19239_h2_HML-2_22q11.21_graph_hgsvc3-2024-02-23-mc-chm13
22q11.21	NA19240	mat	TypeI	1	NA19240_mat_hprc_r2_v1.0.1_HML-2_22q11.21
22q11.21	NA19240	pat	TypeI	1	NA19240_pat_hprc_r2_v1.0.1_HML-2_22q11.21
22q11.21	NA19317	h1	TypeI	1	NA19317_h1_HML-2_22q11.21_graph_hgsvc3-2024-02-23-mc-chm13
22q11.21	NA19317	h2	TypeI	1	NA19317_h2_HML-2_22q11.21_graph_hgsvc3-2024-02-23-mc-chm13
22q11.21	NA19331	h1	TypeI	1	NA19331_h1_HML-2_22q11.21_graph_hgsvc3-2024-02-23-mc-chm13
22q11.21	NA19331	h2	TypeI	1	NA19331_h2_HML-2_22q11.21_graph_hgsvc3-2024-02-23-mc-chm13
22q11.21	NA19338	h1	TypeI	1	NA19338_hap1_hprc_r2_v1.0.1_HML-2_22q11.21
22q11.21	NA19338	h2	TypeI	1	NA19338_hap2_hprc_r2_v1.0.1_HML-2_22q11.21
22q11.21	NA19347	h1	TypeI	1	NA19347_h1_HML-2_22q11.21_graph_hgsvc3-2024-02-23-mc-chm13
22q11.21	NA19347	h2	TypeI	1	NA19347_h2_HML-2_22q11.21_graph_hgsvc3-2024-02-23-mc-chm13
22q11.21	NA19384	h1	solo_LTR	1	NA19384_h1_HML-2_22q11.21_graph_hgsvc3-2024-02-23-mc-chm13
22q11.21	NA19384	h2	TypeI	1	NA19384_h2_HML-2_22q11.21_graph_hgsvc3-2024-02-23-mc-chm13
22q11.21	NA19391	h1	TypeI	1	NA19391_hap1_hprc_r2_v1.0.1_HML-2_22q11.21
22q11.21	NA19391	h2	TypeI	1	NA19391_hap2_hprc_r2_v1.0.1_HML-2_22q11.21
22q11.21	NA19434	h1	TypeI	1	NA19434_h1_HML-2_22q11.21_graph_hgsvc3-2024-02-23-mc-chm13
22q11.21	NA19434	h2	TypeI	1	NA19434_h2_HML-2_22q11.21_graph_hgsvc3-2024-02-23-mc-chm13
22q11.21	NA19443	h1	TypeI	1	NA19443_hap1_hprc_r2_v1.0.1_HML-2_22q11.21
22q11.21	NA19443	h2	TypeI	1	NA19443_hap2_hprc_r2_v1.0.1_HML-2_22q11.21
22q11.21	NA19468	h1	TypeI	1	NA19468_hap1_hprc_r2_v1.0.1_HML-2_22q11.21
22q11.21	NA19468	h2	TypeI	1	NA19468_hap2_hprc_r2_v1.0.1_HML-2_22q11.21
22q11.21	NA19650	h1	TypeI	1	NA19650_h1_HML-2_22q11.21_graph_hgsvc3-2024-02-23-mc-chm13
22q11.21	NA19650	h2	TypeI	1	NA19650_h2_HML-2_22q11.21_graph_hgsvc3-2024-02-23-mc-chm13
22q11.21	NA19682	h1	TypeI	1	NA19682_hap1_hprc_r2_v1.0.1_HML-2_22q11.21
22q11.21	NA19682	h2	TypeI	1	NA19682_hap2_hprc_r2_v1.0.1_HML-2_22q11.21
22q11.21	NA19700	h1	TypeI	1	NA19700_hap1_hprc_r2_v1.0.1_HML-2_22q11.21
22q11.21	NA19700	h2	TypeI	1	NA19700_hap2_hprc_r2_v1.0.1_HML-2_22q11.21
22q11.21	NA19705	h1	TypeI	1	NA19705_h1_HML-2_22q11.21_graph_hgsvc3-2024-02-23-mc-chm13
22q11.21	NA19705	h2	TypeI	1	NA19705_h2_HML-2_22q11.21_graph_hgsvc3-2024-02-23-mc-chm13
22q11.21	NA19776	h1	TypeI	1	NA19776_hap1_hprc_r2_v1.0.1_HML-2_22q11.21
22q11.21	NA19776	h2	TypeI	1	NA19776_hap2_hprc_r2_v1.0.1_HML-2_22q11.21
22q11.21	NA19835	h1	TypeI	1	NA19835_hap1_hprc_r2_v1.0.1_HML-2_22q11.21
22q11.21	NA19835	h2	TypeI	1	NA19835_hap2_hprc_r2_v1.0.1_HML-2_22q11.21
22q11.21	NA19836	h1	TypeI	1	NA19836_h1_HML-2_22q11.21_graph_hgsvc3-2024-02-23-mc-chm13
22q11.21	NA19836	h2	TypeI	1	NA19836_h2_HML-2_22q11.21_graph_hgsvc3-2024-02-23-mc-chm13
22q11.21	NA19909	h1	TypeI	1	NA19909_hap1_hprc_r2_v1.0.1_HML-2_22q11.21
22q11.21	NA19909	h2	TypeI	1	NA19909_hap2_hprc_r2_v1.0.1_HML-2_22q11.21
22q11.21	NA19983	h1	TypeI	1	NA19983_h1_HML-2_22q11.21_graph_hgsvc3-2024-02-23-mc-chm13
22q11.21	NA19983	h2	TypeI	1	NA19983_h2_HML-2_22q11.21_graph_hgsvc3-2024-02-23-mc-chm13
22q11.21	NA20129	mat	solo_LTR	1	NA20129_mat_hprc_r2_v1.0.1_HML-2_22q11.21
22q11.21	NA20129	pat	TypeI	1	NA20129_pat_hprc_r2_v1.0.1_HML-2_22q11.21
22q11.21	NA20282	h1	TypeI	1	NA20282_hap1_hprc_r2_v1.0.1_HML-2_22q11.21
22q11.21	NA20282	h2	TypeI	1	NA20282_hap2_hprc_r2_v1.0.1_HML-2_22q11.21
22q11.21	NA20346	h1	solo_LTR	1	NA20346_hap1_hprc_r2_v1.0.1_HML-2_22q11.21
22q11.21	NA20346	h2	TypeI	1	NA20346_hap2_hprc_r2_v1.0.1_HML-2_22q11.21
22q11.21	NA20355	h1	TypeI	1	NA20355_h1_HML-2_22q11.21_graph_hgsvc3-2024-02-23-mc-chm13
22q11.21	NA20355	h2	TypeI	1	NA20355_h2_HML-2_22q11.21_graph_hgsvc3-2024-02-23-mc-chm13
22q11.21	NA20503	h1	TypeI	1	NA20503_hap1_hprc_r2_v1.0.1_HML-2_22q11.21
22q11.21	NA20503	h2	TypeI	1	NA20503_hap2_hprc_r2_v1.0.1_HML-2_22q11.21
22q11.21	NA20509	h1	TypeI	1	NA20509_h1_HML-2_22q11.21_graph_hgsvc3-2024-02-23-mc-chm13
22q11.21	NA20509	h2	TypeI	1	NA20509_h2_HML-2_22q11.21_graph_hgsvc3-2024-02-23-mc-chm13
22q11.21	NA20752	h1	TypeI	1	NA20752_hap1_hprc_r2_v1.0.1_HML-2_22q11.21
22q11.21	NA20752	h2	TypeI	1	NA20752_hap2_hprc_r2_v1.0.1_HML-2_22q11.21
22q11.21	NA20762	h1	TypeI	1	NA20762_hap1_hprc_r2_v1.0.1_HML-2_22q11.21
22q11.21	NA20762	h2	TypeI	1	NA20762_hap2_hprc_r2_v1.0.1_HML-2_22q11.21
22q11.21	NA20799	h1	TypeI	1	NA20799_hap1_hprc_r2_v1.0.1_HML-2_22q11.21
22q11.21	NA20799	h2	TypeI	1	NA20799_hap2_hprc_r2_v1.0.1_HML-2_22q11.21
22q11.21	NA20805	h1	TypeI	1	NA20805_hap1_hprc_r2_v1.0.1_HML-2_22q11.21
22q11.21	NA20805	h2	TypeI	1	NA20805_hap2_hprc_r2_v1.0.1_HML-2_22q11.21
22q11.21	NA20806	h1	TypeI	1	NA20806_hap1_hprc_r2_v1.0.1_HML-2_22q11.21
22q11.21	NA20806	h2	TypeI	1	NA20806_hap2_hprc_r2_v1.0.1_HML-2_22q11.21
22q11.21	NA20809	h1	TypeI	1	NA20809_hap1_hprc_r2_v1.0.1_HML-2_22q11.21
22q11.21	NA20809	h2	TypeI	1	NA20809_hap2_hprc_r2_v1.0.1_HML-2_22q11.21
22q11.21	NA20827	h1	TypeI	1	NA20827_hap1_hprc_r2_v1.0.1_HML-2_22q11.21
22q11.21	NA20827	h2	TypeI	1	NA20827_hap2_hprc_r2_v1.0.1_HML-2_22q11.21
22q11.21	NA20847	h1	TypeI	1	NA20847_h1_HML-2_22q11.21_graph_hgsvc3-2024-02-23-mc-chm13
22q11.21	NA20847	h2	TypeI	1	NA20847_h2_HML-2_22q11.21_graph_hgsvc3-2024-02-23-mc-chm13
22q11.21	NA20850	h1	TypeI	1	NA20850_hap1_hprc_r2_v1.0.1_HML-2_22q11.21
22q11.21	NA20850	h2	TypeI	1	NA20850_hap2_hprc_r2_v1.0.1_HML-2_22q11.21
22q11.21	NA20870	h1	TypeI	1	NA20870_hap1_hprc_r2_v1.0.1_HML-2_22q11.21
22q11.21	NA20870	h2	TypeI	1	NA20870_hap2_hprc_r2_v1.0.1_HML-2_22q11.21
22q11.21	NA20905	h1	TypeI	1	NA20905_hap1_hprc_r2_v1.0.1_HML-2_22q11.21
22q11.21	NA20905	h2	TypeI	1	NA20905_hap2_hprc_r2_v1.0.1_HML-2_22q11.21
22q11.21	NA21093	h1	TypeI	1	NA21093_hap1_hprc_r2_v1.0.1_HML-2_22q11.21
22q11.21	NA21093	h2	TypeI	1	NA21093_hap2_hprc_r2_v1.0.1_HML-2_22q11.21
22q11.21	NA21102	h1	TypeI	1	NA21102_hap1_hprc_r2_v1.0.1_HML-2_22q11.21
22q11.21	NA21102	h2	TypeI	1	NA21102_hap2_hprc_r2_v1.0.1_HML-2_22q11.21
22q11.21	NA21106	h1	TypeI	1	NA21106_hap1_hprc_r2_v1.0.1_HML-2_22q11.21
22q11.21	NA21106	h2	TypeI	1	NA21106_hap2_hprc_r2_v1.0.1_HML-2_22q11.21
22q11.21	NA21110	h1	TypeI	1	NA21110_hap1_hprc_r2_v1.0.1_HML-2_22q11.21
22q11.21	NA21110	h2	TypeI	1	NA21110_hap2_hprc_r2_v1.0.1_HML-2_22q11.21
22q11.21	NA21144	h1	TypeI	1	NA21144_hap1_hprc_r2_v1.0.1_HML-2_22q11.21
22q11.21	NA21144	h2	TypeI	1	NA21144_hap2_hprc_r2_v1.0.1_HML-2_22q11.21
22q11.21	NA21309	mat	TypeI	1	NA21309_mat_hprc_r2_v1.0.1_HML-2_22q11.21
22q11.21	NA21309	pat	TypeI	1	NA21309_pat_hprc_r2_v1.0.1_HML-2_22q11.21
22q11.21	NA21487	h1	TypeI	1	NA21487_h1_HML-2_22q11.21_graph_hgsvc3-2024-02-23-mc-chm13
22q11.21	NA21487	h2	TypeI	1	NA21487_h2_HML-2_22q11.21_graph_hgsvc3-2024-02-23-mc-chm13
22q11.21	NA24385	h1	TypeI	1	NA24385_h1_HML-2_22q11.21_graph_hgsvc3-2024-02-23-mc-chm13
22q11.21	NA24385	h2	TypeI	1	NA24385_h2_HML-2_22q11.21_graph_hgsvc3-2024-02-23-mc-chm13
3p25.3	HG00096	h1	TypeI	1	HG00096_h1_HML-2_3p25.3_graph_hgsvc3-2024-02-23-mc-chm13
3p25.3	HG00096	h2	TypeI	1	HG00096_h2_HML-2_3p25.3_graph_hgsvc3-2024-02-23-mc-chm13
3p25.3	HG00097	h1	TypeI	1	HG00097_hap1_hprc_r2_v1.0.1_HML-2_3p25.3
3p25.3	HG00097	h2	TypeI	1	HG00097_hap2_hprc_r2_v1.0.1_HML-2_3p25.3
3p25.3	HG00099	h1	TypeI	1	HG00099_hap1_hprc_r2_v1.0.1_HML-2_3p25.3
3p25.3	HG00099	h2	TypeI	1	HG00099_hap2_hprc_r2_v1.0.1_HML-2_3p25.3
3p25.3	HG00126	h1	TypeI	1	HG00126_hap1_hprc_r2_v1.0.1_HML-2_3p25.3
3p25.3	HG00126	h2	TypeI	1	HG00126_hap2_hprc_r2_v1.0.1_HML-2_3p25.3
3p25.3	HG00128	h1	TypeI	1	HG00128_hap1_hprc_r2_v1.0.1_HML-2_3p25.3
3p25.3	HG00128	h2	TypeI	1	HG00128_hap2_hprc_r2_v1.0.1_HML-2_3p25.3
3p25.3	HG00133	h1	TypeI	1	HG00133_hap1_hprc_r2_v1.0.1_HML-2_3p25.3
3p25.3	HG00133	h2	TypeI	1	HG00133_hap2_hprc_r2_v1.0.1_HML-2_3p25.3
3p25.3	HG00140	h1	TypeI	1	HG00140_hap1_hprc_r2_v1.0.1_HML-2_3p25.3
3p25.3	HG00140	h2	TypeI	1	HG00140_hap2_hprc_r2_v1.0.1_HML-2_3p25.3
3p25.3	HG00146	h1	TypeI	1	HG00146_hap1_hprc_r2_v1.0.1_HML-2_3p25.3
3p25.3	HG00146	h2	TypeI	1	HG00146_hap2_hprc_r2_v1.0.1_HML-2_3p25.3
3p25.3	HG00171	h1	TypeI	1	HG00171_h1_HML-2_3p25.3_graph_hgsvc3-2024-02-23-mc-chm13
3p25.3	HG00171	h2	TypeI	1	HG00171_h2_HML-2_3p25.3_graph_hgsvc3-2024-02-23-mc-chm13
3p25.3	HG00232	h1	TypeI	1	HG00232_hap1_hprc_r2_v1.0.1_HML-2_3p25.3
3p25.3	HG00232	h2	TypeI	1	HG00232_hap2_hprc_r2_v1.0.1_HML-2_3p25.3
3p25.3	HG00235	h1	TypeI	1	HG00235_hap1_hprc_r2_v1.0.1_HML-2_3p25.3
3p25.3	HG00235	h2	TypeI	1	HG00235_hap2_hprc_r2_v1.0.1_HML-2_3p25.3
3p25.3	HG00253	h1	TypeI	1	HG00253_hap1_hprc_r2_v1.0.1_HML-2_3p25.3
3p25.3	HG00253	h2	TypeI	1	HG00253_hap2_hprc_r2_v1.0.1_HML-2_3p25.3
3p25.3	HG00268	h1	TypeI	1	HG00268_h1_HML-2_3p25.3_graph_hgsvc3-2024-02-23-mc-chm13
3p25.3	HG00268	h2	TypeI	1	HG00268_h2_HML-2_3p25.3_graph_hgsvc3-2024-02-23-mc-chm13
3p25.3	HG00272	h1	TypeI	1	HG00272_hap1_hprc_r2_v1.0.1_HML-2_3p25.3
3p25.3	HG00272	h2	TypeI	1	HG00272_hap2_hprc_r2_v1.0.1_HML-2_3p25.3
3p25.3	HG00280	h1	TypeI	1	HG00280_hap1_hprc_r2_v1.0.1_HML-2_3p25.3
3p25.3	HG00280	h2	TypeI	1	HG00280_hap2_hprc_r2_v1.0.1_HML-2_3p25.3
3p25.3	HG00290	h1	TypeI	1	HG00290_hap1_hprc_r2_v1.0.1_HML-2_3p25.3
3p25.3	HG00290	h2	TypeI	1	HG00290_hap2_hprc_r2_v1.0.1_HML-2_3p25.3
3p25.3	HG00320	h1	TypeI	1	HG00320_hap1_hprc_r2_v1.0.1_HML-2_3p25.3
3p25.3	HG00320	h2	TypeI	1	HG00320_hap2_hprc_r2_v1.0.1_HML-2_3p25.3
3p25.3	HG00321	h1	TypeI	1	HG00321_hap1_hprc_r2_v1.0.1_HML-2_3p25.3
3p25.3	HG00321	h2	TypeI	1	HG00321_hap2_hprc_r2_v1.0.1_HML-2_3p25.3
3p25.3	HG00323	h1	TypeI	1	HG00323_hap1_hprc_r2_v1.0.1_HML-2_3p25.3
3p25.3	HG00323	h2	TypeI	1	HG00323_hap2_hprc_r2_v1.0.1_HML-2_3p25.3
3p25.3	HG00329	h1	TypeI	1	HG00329_hap1_hprc_r2_v1.0.1_HML-2_3p25.3
3p25.3	HG00329	h2	TypeI	1	HG00329_hap2_hprc_r2_v1.0.1_HML-2_3p25.3
3p25.3	HG00344	h1	TypeI	1	HG00344_hap1_hprc_r2_v1.0.1_HML-2_3p25.3
3p25.3	HG00344	h2	TypeI	1	HG00344_hap2_hprc_r2_v1.0.1_HML-2_3p25.3
3p25.3	HG00350	h1	TypeI	1	HG00350_hap1_hprc_r2_v1.0.1_HML-2_3p25.3
3p25.3	HG00350	h2	TypeI	1	HG00350_hap2_hprc_r2_v1.0.1_HML-2_3p25.3
3p25.3	HG00358	h1	TypeI	1	HG00358_h1_HML-2_3p25.3_graph_hgsvc3-2024-02-23-mc-chm13
3p25.3	HG00358	h2	TypeI	1	HG00358_h2_HML-2_3p25.3_graph_hgsvc3-2024-02-23-mc-chm13
3p25.3	HG00408	mat	TypeI	1	HG00408_mat_hprc_r2_v1.0.1_HML-2_3p25.3
3p25.3	HG00408	pat	TypeI	1	HG00408_pat_hprc_r2_v1.0.1_HML-2_3p25.3
3p25.3	HG00423	mat	TypeI	1	HG00423_mat_hprc_r2_v1.0.1_HML-2_3p25.3
3p25.3	HG00423	pat	TypeI	1	HG00423_pat_hprc_r2_v1.0.1_HML-2_3p25.3
3p25.3	HG00438	mat	TypeI	1	HG00438_mat_hprc_r2_v1.0.1_HML-2_3p25.3
3p25.3	HG00438	pat	TypeI	1	HG00438_pat_hprc_r2_v1.0.1_HML-2_3p25.3
3p25.3	HG005	mat	TypeI	1	HG005_mat_hprc_r2_v1.0.1_HML-2_3p25.3
3p25.3	HG005	pat	TypeI	1	HG005_pat_hprc_r2_v1.0.1_HML-2_3p25.3
3p25.3	HG00512	h1	TypeI	1	HG00512_h1_HML-2_3p25.3_graph_hgsvc3-2024-02-23-mc-chm13
3p25.3	HG00512	h2	TypeI	1	HG00512_h2_HML-2_3p25.3_graph_hgsvc3-2024-02-23-mc-chm13
3p25.3	HG00513	h1	TypeI	1	HG00513_h1_HML-2_3p25.3_graph_hgsvc3-2024-02-23-mc-chm13
3p25.3	HG00513	h2	TypeI	1	HG00513_h2_HML-2_3p25.3_graph_hgsvc3-2024-02-23-mc-chm13
3p25.3	HG00514	h1	TypeI	1	HG00514_h1_HML-2_3p25.3_graph_hgsvc3-2024-02-23-mc-chm13
3p25.3	HG00514	h2	TypeI	1	HG00514_h2_HML-2_3p25.3_graph_hgsvc3-2024-02-23-mc-chm13
3p25.3	HG00544	mat	TypeI	1	HG00544_mat_hprc_r2_v1.0.1_HML-2_3p25.3
3p25.3	HG00544	pat	TypeI	1	HG00544_pat_hprc_r2_v1.0.1_HML-2_3p25.3
3p25.3	HG00558	mat	TypeI	1	HG00558_mat_hprc_r2_v1.0.1_HML-2_3p25.3
3p25.3	HG00558	pat	TypeI	1	HG00558_pat_hprc_r2_v1.0.1_HML-2_3p25.3
3p25.3	HG00597	mat	TypeI	1	HG00597_mat_hprc_r2_v1.0.1_HML-2_3p25.3
3p25.3	HG00597	pat	TypeI	1	HG00597_pat_hprc_r2_v1.0.1_HML-2_3p25.3
3p25.3	HG00609	mat	TypeI	1	HG00609_mat_hprc_r2_v1.0.1_HML-2_3p25.3
3p25.3	HG00609	pat	TypeI	1	HG00609_pat_hprc_r2_v1.0.1_HML-2_3p25.3
3p25.3	HG00621	mat	TypeI	1	HG00621_mat_hprc_r2_v1.0.1_HML-2_3p25.3
3p25.3	HG00621	pat	TypeI	1	HG00621_pat_hprc_r2_v1.0.1_HML-2_3p25.3
3p25.3	HG00639	mat	TypeI	1	HG00639_mat_hprc_r2_v1.0.1_HML-2_3p25.3
3p25.3	HG00639	pat	TypeI	1	HG00639_pat_hprc_r2_v1.0.1_HML-2_3p25.3
3p25.3	HG00642	mat	TypeI	1	HG00642_mat_hprc_r2_v1.0.1_HML-2_3p25.3
3p25.3	HG00642	pat	TypeI	1	HG00642_pat_hprc_r2_v1.0.1_HML-2_3p25.3
3p25.3	HG00658	mat	TypeI	1	HG00658_mat_hprc_r2_v1.0.1_HML-2_3p25.3
3p25.3	HG00658	pat	TypeI	1	HG00658_pat_hprc_r2_v1.0.1_HML-2_3p25.3
3p25.3	HG00673	mat	TypeI	1	HG00673_mat_hprc_r2_v1.0.1_HML-2_3p25.3
3p25.3	HG00673	pat	TypeI	1	HG00673_pat_hprc_r2_v1.0.1_HML-2_3p25.3
3p25.3	HG00706	mat	TypeI	1	HG00706_mat_hprc_r2_v1.0.1_HML-2_3p25.3
3p25.3	HG00706	pat	TypeI	1	HG00706_pat_hprc_r2_v1.0.1_HML-2_3p25.3
3p25.3	HG00731	h1	TypeI	1	HG00731_h1_HML-2_3p25.3_graph_hgsvc3-2024-02-23-mc-chm13
3p25.3	HG00731	h2	TypeI	1	HG00731_h2_HML-2_3p25.3_graph_hgsvc3-2024-02-23-mc-chm13
3p25.3	HG00732	h1	TypeI	1	HG00732_h1_HML-2_3p25.3_graph_hgsvc3-2024-02-23-mc-chm13
3p25.3	HG00732	h2	TypeI	1	HG00732_h2_HML-2_3p25.3_graph_hgsvc3-2024-02-23-mc-chm13
3p25.3	HG00733	mat	TypeI	1	HG00733_mat_hprc_r2_v1.0.1_HML-2_3p25.3
3p25.3	HG00733	pat	TypeI	1	HG00733_pat_hprc_r2_v1.0.1_HML-2_3p25.3
3p25.3	HG00735	mat	TypeI	1	HG00735_mat_hprc_r2_v1.0.1_HML-2_3p25.3
3p25.3	HG00735	pat	TypeI	1	HG00735_pat_hprc_r2_v1.0.1_HML-2_3p25.3
3p25.3	HG00738	mat	TypeI	1	HG00738_mat_hprc_r2_v1.0.1_HML-2_3p25.3
3p25.3	HG00738	pat	TypeI	1	HG00738_pat_hprc_r2_v1.0.1_HML-2_3p25.3
3p25.3	HG00741	mat	TypeI	1	HG00741_mat_hprc_r2_v1.0.1_HML-2_3p25.3
3p25.3	HG00741	pat	TypeI	1	HG00741_pat_hprc_r2_v1.0.1_HML-2_3p25.3
3p25.3	HG00864	h1	TypeI	1	HG00864_h1_HML-2_3p25.3_graph_hgsvc3-2024-02-23-mc-chm13
3p25.3	HG00864	h2	TypeI	1	HG00864_h2_HML-2_3p25.3_graph_hgsvc3-2024-02-23-mc-chm13
3p25.3	HG01071	mat	TypeI	1	HG01071_mat_hprc_r2_v1.0.1_HML-2_3p25.3
3p25.3	HG01071	pat	TypeI	1	HG01071_pat_hprc_r2_v1.0.1_HML-2_3p25.3
3p25.3	HG01074	mat	TypeI	1	HG01074_mat_hprc_r2_v1.0.1_HML-2_3p25.3
3p25.3	HG01074	pat	TypeI	1	HG01074_pat_hprc_r2_v1.0.1_HML-2_3p25.3
3p25.3	HG01081	mat	TypeI	1	HG01081_mat_hprc_r2_v1.0.1_HML-2_3p25.3
3p25.3	HG01081	pat	TypeI	1	HG01081_pat_hprc_r2_v1.0.1_HML-2_3p25.3
3p25.3	HG01099	mat	TypeI	1	HG01099_mat_hprc_r2_v1.0.1_HML-2_3p25.3
3p25.3	HG01099	pat	TypeI	1	HG01099_pat_hprc_r2_v1.0.1_HML-2_3p25.3
3p25.3	HG01106	mat	TypeI	1	HG01106_mat_hprc_r2_v1.0.1_HML-2_3p25.3
3p25.3	HG01106	pat	TypeI	1	HG01106_pat_hprc_r2_v1.0.1_HML-2_3p25.3
3p25.3	HG01109	mat	TypeI	1	HG01109_mat_hprc_r2_v1.0.1_HML-2_3p25.3
3p25.3	HG01109	pat	TypeI	1	HG01109_pat_hprc_r2_v1.0.1_HML-2_3p25.3
3p25.3	HG01114	h1	TypeI	1	HG01114_h1_HML-2_3p25.3_graph_hgsvc3-2024-02-23-mc-chm13
3p25.3	HG01114	h2	TypeI	1	HG01114_h2_HML-2_3p25.3_graph_hgsvc3-2024-02-23-mc-chm13
3p25.3	HG01123	mat	TypeI	1	HG01123_mat_hprc_r2_v1.0.1_HML-2_3p25.3
3p25.3	HG01123	pat	TypeI	1	HG01123_pat_hprc_r2_v1.0.1_HML-2_3p25.3
3p25.3	HG01150	mat	TypeI	1	HG01150_mat_hprc_r2_v1.0.1_HML-2_3p25.3
3p25.3	HG01150	pat	TypeI	1	HG01150_pat_hprc_r2_v1.0.1_HML-2_3p25.3
3p25.3	HG01167	h1	TypeI	1	HG01167_hap1_hprc_r2_v1.0.1_HML-2_3p25.3
3p25.3	HG01167	h2	TypeI	1	HG01167_hap2_hprc_r2_v1.0.1_HML-2_3p25.3
3p25.3	HG01175	mat	TypeI	1	HG01175_mat_hprc_r2_v1.0.1_HML-2_3p25.3
3p25.3	HG01175	pat	TypeI	1	HG01175_pat_hprc_r2_v1.0.1_HML-2_3p25.3
3p25.3	HG01192	mat	TypeI	1	HG01192_mat_hprc_r2_v1.0.1_HML-2_3p25.3
3p25.3	HG01192	pat	TypeI	1	HG01192_pat_hprc_r2_v1.0.1_HML-2_3p25.3
3p25.3	HG01243	mat	TypeI	1	HG01243_mat_hprc_r2_v1.0.1_HML-2_3p25.3
3p25.3	HG01243	pat	TypeI	1	HG01243_pat_hprc_r2_v1.0.1_HML-2_3p25.3
3p25.3	HG01252	mat	TypeI	1	HG01252_mat_hprc_r2_v1.0.1_HML-2_3p25.3
3p25.3	HG01252	pat	TypeI	1	HG01252_pat_hprc_r2_v1.0.1_HML-2_3p25.3
3p25.3	HG01255	mat	TypeI	1	HG01255_mat_hprc_r2_v1.0.1_HML-2_3p25.3
3p25.3	HG01255	pat	TypeI	1	HG01255_pat_hprc_r2_v1.0.1_HML-2_3p25.3
3p25.3	HG01258	mat	TypeI	1	HG01258_mat_hprc_r2_v1.0.1_HML-2_3p25.3
3p25.3	HG01258	pat	TypeI	1	HG01258_pat_hprc_r2_v1.0.1_HML-2_3p25.3
3p25.3	HG01261	mat	TypeI	1	HG01261_mat_hprc_r2_v1.0.1_HML-2_3p25.3
3p25.3	HG01261	pat	TypeI	1	HG01261_pat_hprc_r2_v1.0.1_HML-2_3p25.3
3p25.3	HG01346	mat	TypeI	1	HG01346_mat_hprc_r2_v1.0.1_HML-2_3p25.3
3p25.3	HG01346	pat	TypeI	1	HG01346_pat_hprc_r2_v1.0.1_HML-2_3p25.3
3p25.3	HG01352	h1	TypeI	1	HG01352_h1_HML-2_3p25.3_graph_hgsvc3-2024-02-23-mc-chm13
3p25.3	HG01352	h2	TypeI	1	HG01352_h2_HML-2_3p25.3_graph_hgsvc3-2024-02-23-mc-chm13
3p25.3	HG01358	mat	TypeI	1	HG01358_mat_hprc_r2_v1.0.1_HML-2_3p25.3
3p25.3	HG01358	pat	TypeI	1	HG01358_pat_hprc_r2_v1.0.1_HML-2_3p25.3
3p25.3	HG01361	mat	TypeI	1	HG01361_mat_hprc_r2_v1.0.1_HML-2_3p25.3
3p25.3	HG01361	pat	TypeI	1	HG01361_pat_hprc_r2_v1.0.1_HML-2_3p25.3
3p25.3	HG01433	mat	TypeI	1	HG01433_mat_hprc_r2_v1.0.1_HML-2_3p25.3
3p25.3	HG01433	pat	TypeI	1	HG01433_pat_hprc_r2_v1.0.1_HML-2_3p25.3
3p25.3	HG01457	h1	TypeI	1	HG01457_h1_HML-2_3p25.3_graph_hgsvc3-2024-02-23-mc-chm13
3p25.3	HG01457	h2	TypeI	1	HG01457_h2_HML-2_3p25.3_graph_hgsvc3-2024-02-23-mc-chm13
3p25.3	HG01496	mat	TypeI	1	HG01496_mat_hprc_r2_v1.0.1_HML-2_3p25.3
3p25.3	HG01496	pat	TypeI	1	HG01496_pat_hprc_r2_v1.0.1_HML-2_3p25.3
3p25.3	HG01505	h1	TypeI	1	HG01505_h1_HML-2_3p25.3_graph_hgsvc3-2024-02-23-mc-chm13
3p25.3	HG01505	h2	TypeI	1	HG01505_h2_HML-2_3p25.3_graph_hgsvc3-2024-02-23-mc-chm13
3p25.3	HG01530	h1	TypeI	1	HG01530_hap1_hprc_r2_v1.0.1_HML-2_3p25.3
3p25.3	HG01530	h2	TypeI	1	HG01530_hap2_hprc_r2_v1.0.1_HML-2_3p25.3
3p25.3	HG01573	h1	TypeI	1	HG01573_h1_HML-2_3p25.3_graph_hgsvc3-2024-02-23-mc-chm13
3p25.3	HG01573	h2	TypeI	1	HG01573_h2_HML-2_3p25.3_graph_hgsvc3-2024-02-23-mc-chm13
3p25.3	HG01596	h1	TypeI	1	HG01596_h1_HML-2_3p25.3_graph_hgsvc3-2024-02-23-mc-chm13
3p25.3	HG01596	h2	TypeI	1	HG01596_h2_HML-2_3p25.3_graph_hgsvc3-2024-02-23-mc-chm13
3p25.3	HG01784	h1	TypeI	1	HG01784_hap1_hprc_r2_v1.0.1_HML-2_3p25.3
3p25.3	HG01784	h2	TypeI	1	HG01784_hap2_hprc_r2_v1.0.1_HML-2_3p25.3
3p25.3	HG01786	h1	TypeI	1	HG01786_hap1_hprc_r2_v1.0.1_HML-2_3p25.3
3p25.3	HG01786	h2	TypeI	1	HG01786_hap2_hprc_r2_v1.0.1_HML-2_3p25.3
3p25.3	HG01884	mat	TypeI	1	HG01884_mat_hprc_r2_v1.0.1_HML-2_3p25.3
3p25.3	HG01884	pat	TypeI	1	HG01884_pat_hprc_r2_v1.0.1_HML-2_3p25.3
3p25.3	HG01890	h1	TypeI	1	HG01890_h1_HML-2_3p25.3_graph_hgsvc3-2024-02-23-mc-chm13
3p25.3	HG01890	h2	TypeI	1	HG01890_h2_HML-2_3p25.3_graph_hgsvc3-2024-02-23-mc-chm13
3p25.3	HG01891	mat	TypeI	1	HG01891_mat_hprc_r2_v1.0.1_HML-2_3p25.3
3p25.3	HG01891	pat	TypeI	1	HG01891_pat_hprc_r2_v1.0.1_HML-2_3p25.3
3p25.3	HG01928	mat	TypeI	1	HG01928_mat_hprc_r2_v1.0.1_HML-2_3p25.3
3p25.3	HG01928	pat	TypeI	1	HG01928_pat_hprc_r2_v1.0.1_HML-2_3p25.3
3p25.3	HG01934	mat	TypeI	1	HG01934_mat_hprc_r2_v1.0.1_HML-2_3p25.3
3p25.3	HG01934	pat	TypeI	1	HG01934_pat_hprc_r2_v1.0.1_HML-2_3p25.3
3p25.3	HG01940	mat	TypeI	1	HG01940_mat_hprc_r2_v1.0.1_HML-2_3p25.3
3p25.3	HG01940	pat	TypeI	1	HG01940_pat_hprc_r2_v1.0.1_HML-2_3p25.3
3p25.3	HG01943	mat	TypeI	1	HG01943_mat_hprc_r2_v1.0.1_HML-2_3p25.3
3p25.3	HG01943	pat	TypeI	1	HG01943_pat_hprc_r2_v1.0.1_HML-2_3p25.3
3p25.3	HG01952	mat	TypeI	1	HG01952_mat_hprc_r2_v1.0.1_HML-2_3p25.3
3p25.3	HG01952	pat	TypeI	1	HG01952_pat_hprc_r2_v1.0.1_HML-2_3p25.3
3p25.3	HG01960	mat	TypeI	1	HG01960_mat_hprc_r2_v1.0.1_HML-2_3p25.3
3p25.3	HG01960	pat	TypeI	1	HG01960_pat_hprc_r2_v1.0.1_HML-2_3p25.3
3p25.3	HG01969	mat	TypeI	1	HG01969_mat_hprc_r2_v1.0.1_HML-2_3p25.3
3p25.3	HG01969	pat	TypeI	1	HG01969_pat_hprc_r2_v1.0.1_HML-2_3p25.3
3p25.3	HG01975	mat	TypeI	1	HG01975_mat_hprc_r2_v1.0.1_HML-2_3p25.3
3p25.3	HG01975	pat	TypeI	1	HG01975_pat_hprc_r2_v1.0.1_HML-2_3p25.3
3p25.3	HG01978	mat	TypeI	1	HG01978_mat_hprc_r2_v1.1.0_HML-2_3p25.3
3p25.3	HG01978	pat	TypeI	1	HG01978_pat_hprc_r2_v1.1.0_HML-2_3p25.3
3p25.3	HG01981	mat	TypeI	1	HG01981_mat_hprc_r2_v1.0.1_HML-2_3p25.3
3p25.3	HG01981	pat	TypeI	1	HG01981_pat_hprc_r2_v1.0.1_HML-2_3p25.3
3p25.3	HG01993	mat	TypeI	1	HG01993_mat_hprc_r2_v1.0.1_HML-2_3p25.3
3p25.3	HG01993	pat	TypeI	1	HG01993_pat_hprc_r2_v1.0.1_HML-2_3p25.3
3p25.3	HG02004	mat	TypeI	1	HG02004_mat_hprc_r2_v1.0.1_HML-2_3p25.3
3p25.3	HG02004	pat	TypeI	1	HG02004_pat_hprc_r2_v1.0.1_HML-2_3p25.3
3p25.3	HG02011	h1	TypeI	1	HG02011_h1_HML-2_3p25.3_graph_hgsvc3-2024-02-23-mc-chm13
3p25.3	HG02011	h2	TypeI	1	HG02011_h2_HML-2_3p25.3_graph_hgsvc3-2024-02-23-mc-chm13
3p25.3	HG02015	mat	TypeI	1	HG02015_mat_hprc_r2_v1.0.1_HML-2_3p25.3
3p25.3	HG02015	pat	TypeI	1	HG02015_pat_hprc_r2_v1.0.1_HML-2_3p25.3
3p25.3	HG02018	h1	TypeI	1	HG02018_h1_HML-2_3p25.3_graph_hgsvc3-2024-02-23-mc-chm13
3p25.3	HG02018	h2	TypeI	1	HG02018_h2_HML-2_3p25.3_graph_hgsvc3-2024-02-23-mc-chm13
3p25.3	HG02027	mat	TypeI	1	HG02027_mat_hprc_r2_v1.0.1_HML-2_3p25.3
3p25.3	HG02027	pat	TypeI	1	HG02027_pat_hprc_r2_v1.0.1_HML-2_3p25.3
3p25.3	HG02040	h1	TypeI	1	HG02040_hap1_hprc_r2_v1.0.1_HML-2_3p25.3
3p25.3	HG02040	h2	TypeI	1	HG02040_hap2_hprc_r2_v1.0.1_HML-2_3p25.3
3p25.3	HG02055	mat	TypeI	1	HG02055_mat_hprc_r2_v1.0.1_HML-2_3p25.3
3p25.3	HG02055	pat	TypeI	1	HG02055_pat_hprc_r2_v1.0.1_HML-2_3p25.3
3p25.3	HG02056	mat	TypeI	1	HG02056_mat_hprc_r2_v1.0.1_HML-2_3p25.3
3p25.3	HG02056	pat	TypeI	1	HG02056_pat_hprc_r2_v1.0.1_HML-2_3p25.3
3p25.3	HG02059	h1	TypeI	1	HG02059_h1_HML-2_3p25.3_graph_hgsvc3-2024-02-23-mc-chm13
3p25.3	HG02059	h2	TypeI	1	HG02059_h2_HML-2_3p25.3_graph_hgsvc3-2024-02-23-mc-chm13
3p25.3	HG02071	mat	TypeI	1	HG02071_mat_hprc_r2_v1.0.1_HML-2_3p25.3
3p25.3	HG02071	pat	TypeI	1	HG02071_pat_hprc_r2_v1.0.1_HML-2_3p25.3
3p25.3	HG02074	mat	TypeI	1	HG02074_mat_hprc_r2_v1.0.1_HML-2_3p25.3
3p25.3	HG02074	pat	TypeI	1	HG02074_pat_hprc_r2_v1.0.1_HML-2_3p25.3
3p25.3	HG02080	mat	TypeI	1	HG02080_mat_hprc_r2_v1.0.1_HML-2_3p25.3
3p25.3	HG02080	pat	TypeI	1	HG02080_pat_hprc_r2_v1.0.1_HML-2_3p25.3
3p25.3	HG02083	mat	TypeI	1	HG02083_mat_hprc_r2_v1.0.1_HML-2_3p25.3
3p25.3	HG02083	pat	TypeI	1	HG02083_pat_hprc_r2_v1.0.1_HML-2_3p25.3
3p25.3	HG02106	h1	TypeI	1	HG02106_h1_HML-2_3p25.3_graph_hgsvc3-2024-02-23-mc-chm13
3p25.3	HG02106	h2	TypeI	1	HG02106_h2_HML-2_3p25.3_graph_hgsvc3-2024-02-23-mc-chm13
3p25.3	HG02109	mat	TypeI	1	HG02109_mat_hprc_r2_v1.0.1_HML-2_3p25.3
3p25.3	HG02109	pat	TypeI	1	HG02109_pat_hprc_r2_v1.0.1_HML-2_3p25.3
3p25.3	HG02129	mat	TypeI	1	HG02129_mat_hprc_r2_v1.0.1_HML-2_3p25.3
3p25.3	HG02129	pat	TypeI	1	HG02129_pat_hprc_r2_v1.0.1_HML-2_3p25.3
3p25.3	HG02132	mat	TypeI	1	HG02132_mat_hprc_r2_v1.0.1_HML-2_3p25.3
3p25.3	HG02132	pat	TypeI	1	HG02132_pat_hprc_r2_v1.0.1_HML-2_3p25.3
3p25.3	HG02135	mat	TypeI	1	HG02135_mat_hprc_r2_v1.0.1_HML-2_3p25.3
3p25.3	HG02135	pat	TypeI	1	HG02135_pat_hprc_r2_v1.0.1_HML-2_3p25.3
3p25.3	HG02145	mat	TypeI	1	HG02145_mat_hprc_r2_v1.0.1_HML-2_3p25.3
3p25.3	HG02145	pat	TypeI	1	HG02145_pat_hprc_r2_v1.0.1_HML-2_3p25.3
3p25.3	HG02148	mat	TypeI	1	HG02148_mat_hprc_r2_v1.0.1_HML-2_3p25.3
3p25.3	HG02148	pat	TypeI	1	HG02148_pat_hprc_r2_v1.0.1_HML-2_3p25.3
3p25.3	HG02155	h1	TypeI	1	HG02155_hap1_hprc_r2_v1.0.1_HML-2_3p25.3
3p25.3	HG02155	h2	TypeI	1	HG02155_hap2_hprc_r2_v1.0.1_HML-2_3p25.3
3p25.3	HG02165	h1	TypeI	1	HG02165_hap1_hprc_r2_v1.0.1_HML-2_3p25.3
3p25.3	HG02165	h2	TypeI	1	HG02165_hap2_hprc_r2_v1.0.1_HML-2_3p25.3
3p25.3	HG02178	h1	TypeI	1	HG02178_hap1_hprc_r2_v1.0.1_HML-2_3p25.3
3p25.3	HG02178	h2	TypeI	1	HG02178_hap2_hprc_r2_v1.0.1_HML-2_3p25.3
3p25.3	HG02257	mat	TypeI	1	HG02257_mat_hprc_r2_v1.1.0_HML-2_3p25.3
3p25.3	HG02257	pat	TypeI	1	HG02257_pat_hprc_r2_v1.1.0_HML-2_3p25.3
3p25.3	HG02258	mat	TypeI	1	HG02258_mat_hprc_r2_v1.0.1_HML-2_3p25.3
3p25.3	HG02258	pat	TypeI	1	HG02258_pat_hprc_r2_v1.0.1_HML-2_3p25.3
3p25.3	HG02273	h1	TypeI	1	HG02273_hap1_hprc_r2_v1.0.1_HML-2_3p25.3
3p25.3	HG02273	h2	TypeI	1	HG02273_hap2_hprc_r2_v1.0.1_HML-2_3p25.3
3p25.3	HG02280	mat	TypeI	1	HG02280_mat_hprc_r2_v1.0.1_HML-2_3p25.3
3p25.3	HG02280	pat	TypeI	1	HG02280_pat_hprc_r2_v1.0.1_HML-2_3p25.3
3p25.3	HG02282	h1	TypeI	1	HG02282_h1_HML-2_3p25.3_graph_hgsvc3-2024-02-23-mc-chm13
3p25.3	HG02282	h2	TypeI	1	HG02282_h2_HML-2_3p25.3_graph_hgsvc3-2024-02-23-mc-chm13
3p25.3	HG02293	mat	TypeI	1	HG02293_mat_hprc_r2_v1.0.1_HML-2_3p25.3
3p25.3	HG02293	pat	TypeI	1	HG02293_pat_hprc_r2_v1.0.1_HML-2_3p25.3
3p25.3	HG02300	mat	TypeI	1	HG02300_mat_hprc_r2_v1.0.1_HML-2_3p25.3
3p25.3	HG02300	pat	TypeI	1	HG02300_pat_hprc_r2_v1.0.1_HML-2_3p25.3
3p25.3	HG02391	h1	TypeI	1	HG02391_hap1_hprc_r2_v1.0.1_HML-2_3p25.3
3p25.3	HG02391	h2	TypeI	1	HG02391_hap2_hprc_r2_v1.0.1_HML-2_3p25.3
3p25.3	HG02392	h1	TypeI	1	HG02392_hap1_hprc_r2_v1.0.1_HML-2_3p25.3
3p25.3	HG02392	h2	TypeI	1	HG02392_hap2_hprc_r2_v1.0.1_HML-2_3p25.3
3p25.3	HG02451	mat	TypeI	1	HG02451_mat_hprc_r2_v1.0.1_HML-2_3p25.3
3p25.3	HG02451	pat	TypeI	1	HG02451_pat_hprc_r2_v1.0.1_HML-2_3p25.3
3p25.3	HG02486	mat	TypeI	1	HG02486_mat_hprc_r2_v1.0.1_HML-2_3p25.3
3p25.3	HG02486	pat	TypeI	1	HG02486_pat_hprc_r2_v1.0.1_HML-2_3p25.3
3p25.3	HG02492	h1	TypeI	1	HG02492_h1_HML-2_3p25.3_graph_hgsvc3-2024-02-23-mc-chm13
3p25.3	HG02492	h2	TypeI	1	HG02492_h2_HML-2_3p25.3_graph_hgsvc3-2024-02-23-mc-chm13
3p25.3	HG02514	mat	TypeI	1	HG02514_mat_hprc_r2_v1.0.1_HML-2_3p25.3
3p25.3	HG02514	pat	TypeI	1	HG02514_pat_hprc_r2_v1.0.1_HML-2_3p25.3
3p25.3	HG02523	mat	TypeI	1	HG02523_mat_hprc_r2_v1.0.1_HML-2_3p25.3
3p25.3	HG02523	pat	TypeI	1	HG02523_pat_hprc_r2_v1.0.1_HML-2_3p25.3
3p25.3	HG02554	h1	TypeI	1	HG02554_h1_HML-2_3p25.3_graph_hgsvc3-2024-02-23-mc-chm13
3p25.3	HG02554	h2	TypeI	1	HG02554_h2_HML-2_3p25.3_graph_hgsvc3-2024-02-23-mc-chm13
3p25.3	HG02559	mat	TypeI	1	HG02559_mat_hprc_r2_v1.0.1_HML-2_3p25.3
3p25.3	HG02559	pat	TypeI	1	HG02559_pat_hprc_r2_v1.0.1_HML-2_3p25.3
3p25.3	HG02572	mat	TypeI	1	HG02572_mat_hprc_r2_v1.0.1_HML-2_3p25.3
3p25.3	HG02572	pat	TypeI	1	HG02572_pat_hprc_r2_v1.0.1_HML-2_3p25.3
3p25.3	HG02583	h1	TypeI	1	HG02583_hap1_hprc_r2_v1.0.1_HML-2_3p25.3
3p25.3	HG02583	h2	TypeI	1	HG02583_hap2_hprc_r2_v1.0.1_HML-2_3p25.3
3p25.3	HG02587	h1	TypeI	1	HG02587_h1_HML-2_3p25.3_graph_hgsvc3-2024-02-23-mc-chm13
3p25.3	HG02587	h2	TypeI	1	HG02587_h2_HML-2_3p25.3_graph_hgsvc3-2024-02-23-mc-chm13
3p25.3	HG02602	mat	TypeI	1	HG02602_mat_hprc_r2_v1.0.1_HML-2_3p25.3
3p25.3	HG02602	pat	TypeI	1	HG02602_pat_hprc_r2_v1.0.1_HML-2_3p25.3
3p25.3	HG02615	mat	TypeI	1	HG02615_mat_hprc_r2_v1.0.1_HML-2_3p25.3
3p25.3	HG02615	pat	TypeI	1	HG02615_pat_hprc_r2_v1.0.1_HML-2_3p25.3
3p25.3	HG02622	mat	TypeI	1	HG02622_mat_hprc_r2_v1.0.1_HML-2_3p25.3
3p25.3	HG02622	pat	TypeI	1	HG02622_pat_hprc_r2_v1.0.1_HML-2_3p25.3
3p25.3	HG02630	mat	TypeI	1	HG02630_mat_hprc_r2_v1.0.1_HML-2_3p25.3
3p25.3	HG02630	pat	TypeI	1	HG02630_pat_hprc_r2_v1.0.1_HML-2_3p25.3
3p25.3	HG02647	mat	TypeI	1	HG02647_mat_hprc_r2_v1.0.1_HML-2_3p25.3
3p25.3	HG02647	pat	TypeI	1	HG02647_pat_hprc_r2_v1.0.1_HML-2_3p25.3
3p25.3	HG02666	h1	TypeI	1	HG02666_h1_HML-2_3p25.3_graph_hgsvc3-2024-02-23-mc-chm13
3p25.3	HG02666	h2	TypeI	1	HG02666_h2_HML-2_3p25.3_graph_hgsvc3-2024-02-23-mc-chm13
3p25.3	HG02668	mat	TypeI	1	HG02668_mat_hprc_r2_v1.0.1_HML-2_3p25.3
3p25.3	HG02668	pat	TypeI	1	HG02668_pat_hprc_r2_v1.0.1_HML-2_3p25.3
3p25.3	HG02698	mat	TypeI	1	HG02698_mat_hprc_r2_v1.0.1_HML-2_3p25.3
3p25.3	HG02698	pat	TypeI	1	HG02698_pat_hprc_r2_v1.0.1_HML-2_3p25.3
3p25.3	HG02717	mat	TypeI	1	HG02717_mat_hprc_r2_v1.0.1_HML-2_3p25.3
3p25.3	HG02717	pat	TypeI	1	HG02717_pat_hprc_r2_v1.0.1_HML-2_3p25.3
3p25.3	HG02723	mat	TypeI	1	HG02723_mat_hprc_r2_v1.0.1_HML-2_3p25.3
3p25.3	HG02723	pat	TypeI	1	HG02723_pat_hprc_r2_v1.0.1_HML-2_3p25.3
3p25.3	HG02735	mat	TypeI	1	HG02735_mat_hprc_r2_v1.0.1_HML-2_3p25.3
3p25.3	HG02735	pat	TypeI	1	HG02735_pat_hprc_r2_v1.0.1_HML-2_3p25.3
3p25.3	HG02738	mat	TypeI	1	HG02738_mat_hprc_r2_v1.0.1_HML-2_3p25.3
3p25.3	HG02738	pat	TypeI	1	HG02738_pat_hprc_r2_v1.0.1_HML-2_3p25.3
3p25.3	HG02769	h1	TypeI	1	HG02769_h1_HML-2_3p25.3_graph_hgsvc3-2024-02-23-mc-chm13
3p25.3	HG02769	h2	TypeI	1	HG02769_h2_HML-2_3p25.3_graph_hgsvc3-2024-02-23-mc-chm13
3p25.3	HG02809	mat	TypeI	1	HG02809_mat_hprc_r2_v1.0.1_HML-2_3p25.3
3p25.3	HG02809	pat	TypeI	1	HG02809_pat_hprc_r2_v1.0.1_HML-2_3p25.3
3p25.3	HG02818	mat	TypeI	1	HG02818_mat_hprc_r2_v1.0.1_HML-2_3p25.3
3p25.3	HG02818	pat	TypeI	1	HG02818_pat_hprc_r2_v1.0.1_HML-2_3p25.3
3p25.3	HG02841	mat	TypeI	1	HG02841_mat_hprc_r2_v1.0.1_HML-2_3p25.3
3p25.3	HG02841	pat	TypeI	1	HG02841_pat_hprc_r2_v1.0.1_HML-2_3p25.3
3p25.3	HG02886	mat	TypeI	1	HG02886_mat_hprc_r2_v1.0.1_HML-2_3p25.3
3p25.3	HG02886	pat	TypeI	1	HG02886_pat_hprc_r2_v1.0.1_HML-2_3p25.3
3p25.3	HG02922	h1	TypeI	1	HG02922_hap1_hprc_r2_v1.0.1_HML-2_3p25.3
3p25.3	HG02922	h2	TypeI	1	HG02922_hap2_hprc_r2_v1.0.1_HML-2_3p25.3
3p25.3	HG02953	h1	TypeI	1	HG02953_h1_HML-2_3p25.3_graph_hgsvc3-2024-02-23-mc-chm13
3p25.3	HG02953	h2	TypeI	1	HG02953_h2_HML-2_3p25.3_graph_hgsvc3-2024-02-23-mc-chm13
3p25.3	HG02965	h1	TypeI	1	HG02965_hap1_hprc_r2_v1.0.1_HML-2_3p25.3
3p25.3	HG02965	h2	TypeI	1	HG02965_hap2_hprc_r2_v1.0.1_HML-2_3p25.3
3p25.3	HG02976	h1	TypeI	1	HG02976_hap1_hprc_r2_v1.0.1_HML-2_3p25.3
3p25.3	HG02976	h2	TypeI	1	HG02976_hap2_hprc_r2_v1.0.1_HML-2_3p25.3
3p25.3	HG02984	mat	TypeI	1	HG02984_mat_hprc_r2_v1.0.1_HML-2_3p25.3
3p25.3	HG02984	pat	TypeI	1	HG02984_pat_hprc_r2_v1.0.1_HML-2_3p25.3
3p25.3	HG03009	h1	TypeI	1	HG03009_h1_HML-2_3p25.3_graph_hgsvc3-2024-02-23-mc-chm13
3p25.3	HG03009	h2	TypeI	1	HG03009_h2_HML-2_3p25.3_graph_hgsvc3-2024-02-23-mc-chm13
3p25.3	HG03017	mat	TypeI	1	HG03017_mat_hprc_r2_v1.0.1_HML-2_3p25.3
3p25.3	HG03017	pat	TypeI	1	HG03017_pat_hprc_r2_v1.0.1_HML-2_3p25.3
3p25.3	HG03041	mat	TypeI	1	HG03041_mat_hprc_r2_v1.0.1_HML-2_3p25.3
3p25.3	HG03041	pat	TypeI	1	HG03041_pat_hprc_r2_v1.0.1_HML-2_3p25.3
3p25.3	HG03050	mat	TypeI	1	HG03050_mat_hprc_r2_v1.0.1_HML-2_3p25.3
3p25.3	HG03050	pat	TypeI	1	HG03050_pat_hprc_r2_v1.0.1_HML-2_3p25.3
3p25.3	HG03065	h1	TypeI	1	HG03065_h1_HML-2_3p25.3_graph_hgsvc3-2024-02-23-mc-chm13
3p25.3	HG03065	h2	TypeI	1	HG03065_h2_HML-2_3p25.3_graph_hgsvc3-2024-02-23-mc-chm13
3p25.3	HG03098	mat	TypeI	1	HG03098_mat_hprc_r2_v1.0.1_HML-2_3p25.3
3p25.3	HG03098	pat	TypeI	1	HG03098_pat_hprc_r2_v1.0.1_HML-2_3p25.3
3p25.3	HG03130	h1	TypeI	1	HG03130_hap1_hprc_r2_v1.0.1_HML-2_3p25.3
3p25.3	HG03130	h2	TypeI	1	HG03130_hap2_hprc_r2_v1.0.1_HML-2_3p25.3
3p25.3	HG03139	h1	TypeI	1	HG03139_hap1_hprc_r2_v1.0.1_HML-2_3p25.3
3p25.3	HG03139	h2	TypeI	1	HG03139_hap2_hprc_r2_v1.0.1_HML-2_3p25.3
3p25.3	HG03195	h1	TypeI	1	HG03195_hap1_hprc_r2_v1.0.1_HML-2_3p25.3
3p25.3	HG03195	h2	TypeI	1	HG03195_hap2_hprc_r2_v1.0.1_HML-2_3p25.3
3p25.3	HG03209	h1	TypeI	1	HG03209_hap1_hprc_r2_v1.0.1_HML-2_3p25.3
3p25.3	HG03209	h2	TypeI	1	HG03209_hap2_hprc_r2_v1.0.1_HML-2_3p25.3
3p25.3	HG03225	h1	TypeI	1	HG03225_hap1_hprc_r2_v1.0.1_HML-2_3p25.3
3p25.3	HG03225	h2	TypeI	1	HG03225_hap2_hprc_r2_v1.0.1_HML-2_3p25.3
3p25.3	HG03239	mat	TypeI	1	HG03239_mat_hprc_r2_v1.0.1_HML-2_3p25.3
3p25.3	HG03239	pat	TypeI	1	HG03239_pat_hprc_r2_v1.0.1_HML-2_3p25.3
3p25.3	HG03248	h1	TypeI	1	HG03248_h1_HML-2_3p25.3_graph_hgsvc3-2024-02-23-mc-chm13
3p25.3	HG03248	h2	TypeI	1	HG03248_h2_HML-2_3p25.3_graph_hgsvc3-2024-02-23-mc-chm13
3p25.3	HG03270	h1	TypeI	1	HG03270_hap1_hprc_r2_v1.0.1_HML-2_3p25.3
3p25.3	HG03270	h2	TypeI	1	HG03270_hap2_hprc_r2_v1.0.1_HML-2_3p25.3
3p25.3	HG03369	h1	TypeI	1	HG03369_hap1_hprc_r2_v1.0.1_HML-2_3p25.3
3p25.3	HG03369	h2	TypeI	1	HG03369_hap2_hprc_r2_v1.0.1_HML-2_3p25.3
3p25.3	HG03371	h1	TypeI	1	HG03371_h1_HML-2_3p25.3_graph_hgsvc3-2024-02-23-mc-chm13
3p25.3	HG03371	h2	TypeI	1	HG03371_h2_HML-2_3p25.3_graph_hgsvc3-2024-02-23-mc-chm13
3p25.3	HG03452	h1	TypeI	1	HG03452_h1_HML-2_3p25.3_graph_hgsvc3-2024-02-23-mc-chm13
3p25.3	HG03452	h2	TypeI	1	HG03452_h2_HML-2_3p25.3_graph_hgsvc3-2024-02-23-mc-chm13
3p25.3	HG03453	mat	TypeI	1	HG03453_mat_hprc_r2_v1.0.1_HML-2_3p25.3
3p25.3	HG03453	pat	TypeI	1	HG03453_pat_hprc_r2_v1.0.1_HML-2_3p25.3
3p25.3	HG03456	h1	TypeI	1	HG03456_h1_HML-2_3p25.3_graph_hgsvc3-2024-02-23-mc-chm13
3p25.3	HG03456	h2	TypeI	1	HG03456_h2_HML-2_3p25.3_graph_hgsvc3-2024-02-23-mc-chm13
3p25.3	HG03470	h1	TypeI	1	HG03470_hap1_hprc_r2_v1.0.1_HML-2_3p25.3
3p25.3	HG03470	h2	TypeI	1	HG03470_hap2_hprc_r2_v1.0.1_HML-2_3p25.3
3p25.3	HG03471	h1	TypeI	1	HG03471_hap1_hprc_r2_v1.0.1_HML-2_3p25.3
3p25.3	HG03471	h2	TypeI	1	HG03471_hap2_hprc_r2_v1.0.1_HML-2_3p25.3
3p25.3	HG03486	mat	TypeI	1	HG03486_mat_hprc_r2_v1.0.1_HML-2_3p25.3
3p25.3	HG03486	pat	TypeI	1	HG03486_pat_hprc_r2_v1.0.1_HML-2_3p25.3
3p25.3	HG03516	mat	TypeI	1	HG03516_mat_hprc_r2_v1.1.0_HML-2_3p25.3
3p25.3	HG03516	pat	TypeI	1	HG03516_pat_hprc_r2_v1.1.0_HML-2_3p25.3
3p25.3	HG03520	h1	TypeI	1	HG03520_h1_HML-2_3p25.3_graph_hgsvc3-2024-02-23-mc-chm13
3p25.3	HG03520	h2	TypeI	1	HG03520_h2_HML-2_3p25.3_graph_hgsvc3-2024-02-23-mc-chm13
3p25.3	HG03521	h1	TypeI	1	HG03521_hap1_hprc_r2_v1.0.1_HML-2_3p25.3
3p25.3	HG03521	h2	TypeI	1	HG03521_hap2_hprc_r2_v1.0.1_HML-2_3p25.3
3p25.3	HG03540	mat	TypeI	1	HG03540_mat_hprc_r2_v1.0.1_HML-2_3p25.3
3p25.3	HG03540	pat	TypeI	1	HG03540_pat_hprc_r2_v1.0.1_HML-2_3p25.3
3p25.3	HG03579	mat	TypeI	1	HG03579_mat_hprc_r2_v1.0.1_HML-2_3p25.3
3p25.3	HG03579	pat	TypeI	1	HG03579_pat_hprc_r2_v1.0.1_HML-2_3p25.3
3p25.3	HG03583	h1	TypeI	1	HG03583_hap1_hprc_r2_v1.0.1_HML-2_3p25.3
3p25.3	HG03583	h2	TypeI	1	HG03583_hap2_hprc_r2_v1.0.1_HML-2_3p25.3
3p25.3	HG03654	mat	TypeI	1	HG03654_mat_hprc_r2_v1.0.1_HML-2_3p25.3
3p25.3	HG03654	pat	TypeI	1	HG03654_pat_hprc_r2_v1.0.1_HML-2_3p25.3
3p25.3	HG03669	mat	TypeI	1	HG03669_mat_hprc_r2_v1.0.1_HML-2_3p25.3
3p25.3	HG03669	pat	TypeI	1	HG03669_pat_hprc_r2_v1.0.1_HML-2_3p25.3
3p25.3	HG03683	h1	TypeI	1	HG03683_h1_HML-2_3p25.3_graph_hgsvc3-2024-02-23-mc-chm13
3p25.3	HG03683	h2	TypeI	1	HG03683_h2_HML-2_3p25.3_graph_hgsvc3-2024-02-23-mc-chm13
3p25.3	HG03688	mat	TypeI	1	HG03688_mat_hprc_r2_v1.0.1_HML-2_3p25.3
3p25.3	HG03688	pat	TypeI	1	HG03688_pat_hprc_r2_v1.0.1_HML-2_3p25.3
3p25.3	HG03704	mat	TypeI	1	HG03704_mat_hprc_r2_v1.0.1_HML-2_3p25.3
3p25.3	HG03704	pat	TypeI	1	HG03704_pat_hprc_r2_v1.0.1_HML-2_3p25.3
3p25.3	HG03710	mat	TypeI	1	HG03710_mat_hprc_r2_v1.0.1_HML-2_3p25.3
3p25.3	HG03710	pat	TypeI	1	HG03710_pat_hprc_r2_v1.0.1_HML-2_3p25.3
3p25.3	HG03732	h1	TypeI	1	HG03732_h1_HML-2_3p25.3_graph_hgsvc3-2024-02-23-mc-chm13
3p25.3	HG03732	h2	TypeI	1	HG03732_h2_HML-2_3p25.3_graph_hgsvc3-2024-02-23-mc-chm13
3p25.3	HG03742	h1	TypeI	1	HG03742_hap1_hprc_r2_v1.0.1_HML-2_3p25.3
3p25.3	HG03742	h2	TypeI	1	HG03742_hap2_hprc_r2_v1.0.1_HML-2_3p25.3
3p25.3	HG03784	h1	TypeI	1	HG03784_hap1_hprc_r2_v1.0.1_HML-2_3p25.3
3p25.3	HG03784	h2	TypeI	1	HG03784_hap2_hprc_r2_v1.0.1_HML-2_3p25.3
3p25.3	HG03804	mat	TypeI	1	HG03804_mat_hprc_r2_v1.0.1_HML-2_3p25.3
3p25.3	HG03804	pat	TypeI	1	HG03804_pat_hprc_r2_v1.0.1_HML-2_3p25.3
3p25.3	HG03807	h1	TypeI	1	HG03807_h1_HML-2_3p25.3_graph_hgsvc3-2024-02-23-mc-chm13
3p25.3	HG03807	h2	TypeI	1	HG03807_h2_HML-2_3p25.3_graph_hgsvc3-2024-02-23-mc-chm13
3p25.3	HG03816	mat	TypeI	1	HG03816_mat_hprc_r2_v1.0.1_HML-2_3p25.3
3p25.3	HG03816	pat	TypeI	1	HG03816_pat_hprc_r2_v1.0.1_HML-2_3p25.3
3p25.3	HG03831	mat	TypeI	1	HG03831_mat_hprc_r2_v1.0.1_HML-2_3p25.3
3p25.3	HG03831	pat	TypeI	1	HG03831_pat_hprc_r2_v1.0.1_HML-2_3p25.3
3p25.3	HG03834	mat	TypeI	1	HG03834_mat_hprc_r2_v1.0.1_HML-2_3p25.3
3p25.3	HG03834	pat	TypeI	1	HG03834_pat_hprc_r2_v1.0.1_HML-2_3p25.3
3p25.3	HG03874	h1	TypeI	1	HG03874_hap1_hprc_r2_v1.0.1_HML-2_3p25.3
3p25.3	HG03874	h2	TypeI	1	HG03874_hap2_hprc_r2_v1.0.1_HML-2_3p25.3
3p25.3	HG03927	mat	TypeI	1	HG03927_mat_hprc_r2_v1.0.1_HML-2_3p25.3
3p25.3	HG03927	pat	TypeI	1	HG03927_pat_hprc_r2_v1.0.1_HML-2_3p25.3
3p25.3	HG03942	mat	TypeI	1	HG03942_mat_hprc_r2_v1.0.1_HML-2_3p25.3
3p25.3	HG03942	pat	TypeI	1	HG03942_pat_hprc_r2_v1.0.1_HML-2_3p25.3
3p25.3	HG04036	h1	TypeI	1	HG04036_h1_HML-2_3p25.3_graph_hgsvc3-2024-02-23-mc-chm13
3p25.3	HG04036	h2	TypeI	1	HG04036_h2_HML-2_3p25.3_graph_hgsvc3-2024-02-23-mc-chm13
3p25.3	HG04115	mat	TypeI	1	HG04115_mat_hprc_r2_v1.0.1_HML-2_3p25.3
3p25.3	HG04115	pat	TypeI	1	HG04115_pat_hprc_r2_v1.0.1_HML-2_3p25.3
3p25.3	HG04157	mat	TypeI	1	HG04157_mat_hprc_r2_v1.0.1_HML-2_3p25.3
3p25.3	HG04157	pat	TypeI	1	HG04157_pat_hprc_r2_v1.0.1_HML-2_3p25.3
3p25.3	HG04160	mat	TypeI	1	HG04160_mat_hprc_r2_v1.0.1_HML-2_3p25.3
3p25.3	HG04160	pat	TypeI	1	HG04160_pat_hprc_r2_v1.0.1_HML-2_3p25.3
3p25.3	HG04184	mat	TypeI	1	HG04184_mat_hprc_r2_v1.0.1_HML-2_3p25.3
3p25.3	HG04184	pat	TypeI	1	HG04184_pat_hprc_r2_v1.0.1_HML-2_3p25.3
3p25.3	HG04187	mat	TypeI	1	HG04187_mat_hprc_r2_v1.0.1_HML-2_3p25.3
3p25.3	HG04187	pat	TypeI	1	HG04187_pat_hprc_r2_v1.0.1_HML-2_3p25.3
3p25.3	HG04199	mat	TypeI	1	HG04199_mat_hprc_r2_v1.0.1_HML-2_3p25.3
3p25.3	HG04199	pat	TypeI	1	HG04199_pat_hprc_r2_v1.0.1_HML-2_3p25.3
3p25.3	HG04204	mat	TypeI	1	HG04204_mat_hprc_r2_v1.0.1_HML-2_3p25.3
3p25.3	HG04204	pat	TypeI	1	HG04204_pat_hprc_r2_v1.0.1_HML-2_3p25.3
3p25.3	HG04217	h1	TypeI	1	HG04217_h1_HML-2_3p25.3_graph_hgsvc3-2024-02-23-mc-chm13
3p25.3	HG04217	h2	TypeI	1	HG04217_h2_HML-2_3p25.3_graph_hgsvc3-2024-02-23-mc-chm13
3p25.3	HG04228	mat	TypeI	1	HG04228_mat_hprc_r2_v1.0.1_HML-2_3p25.3
3p25.3	HG04228	pat	TypeI	1	HG04228_pat_hprc_r2_v1.0.1_HML-2_3p25.3
3p25.3	HG06807	mat	TypeI	1	HG06807_mat_v1.0.genbank_HML-2_3p25.3
3p25.3	HG06807	pat	TypeI	1	HG06807_pat_v1.0.genbank_HML-2_3p25.3
3p25.3	NA12329	h1	TypeI	1	NA12329_h1_HML-2_3p25.3_graph_hgsvc3-2024-02-23-mc-chm13
3p25.3	NA12329	h2	TypeI	1	NA12329_h2_HML-2_3p25.3_graph_hgsvc3-2024-02-23-mc-chm13
3p25.3	NA18505	h1	TypeI	1	NA18505_hap1_hprc_r2_v1.0.1_HML-2_3p25.3
3p25.3	NA18505	h2	TypeI	1	NA18505_hap2_hprc_r2_v1.0.1_HML-2_3p25.3
3p25.3	NA18508	h1	TypeI	1	NA18508_hap1_hprc_r2_v1.0.1_HML-2_3p25.3
3p25.3	NA18508	h2	TypeI	1	NA18508_hap2_hprc_r2_v1.0.1_HML-2_3p25.3
3p25.3	NA18522	h1	TypeI	1	NA18522_hap1_hprc_r2_v1.0.1_HML-2_3p25.3
3p25.3	NA18522	h2	TypeI	1	NA18522_hap2_hprc_r2_v1.0.1_HML-2_3p25.3
3p25.3	NA18534	h1	TypeI	1	NA18534_h1_HML-2_3p25.3_graph_hgsvc3-2024-02-23-mc-chm13
3p25.3	NA18534	h2	TypeI	1	NA18534_h2_HML-2_3p25.3_graph_hgsvc3-2024-02-23-mc-chm13
3p25.3	NA18565	h1	TypeI	1	NA18565_hap1_hprc_r2_v1.0.1_HML-2_3p25.3
3p25.3	NA18565	h2	TypeI	1	NA18565_hap2_hprc_r2_v1.0.1_HML-2_3p25.3
3p25.3	NA18570	h1	TypeI	1	NA18570_hap1_hprc_r2_v1.0.1_HML-2_3p25.3
3p25.3	NA18570	h2	TypeI	1	NA18570_hap2_hprc_r2_v1.0.1_HML-2_3p25.3
3p25.3	NA18608	h1	TypeI	1	NA18608_hap1_hprc_r2_v1.0.1_HML-2_3p25.3
3p25.3	NA18608	h2	TypeI	1	NA18608_hap2_hprc_r2_v1.0.1_HML-2_3p25.3
3p25.3	NA18620	h1	TypeI	1	NA18620_hap1_hprc_r2_v1.0.1_HML-2_3p25.3
3p25.3	NA18620	h2	TypeI	1	NA18620_hap2_hprc_r2_v1.0.1_HML-2_3p25.3
3p25.3	NA18747	h1	TypeI	1	NA18747_hap1_hprc_r2_v1.0.1_HML-2_3p25.3
3p25.3	NA18747	h2	TypeI	1	NA18747_hap2_hprc_r2_v1.0.1_HML-2_3p25.3
3p25.3	NA18879	h1	TypeI	1	NA18879_hap1_hprc_r2_v1.0.1_HML-2_3p25.3
3p25.3	NA18879	h2	TypeI	1	NA18879_hap2_hprc_r2_v1.0.1_HML-2_3p25.3
3p25.3	NA18906	mat	TypeI	1	NA18906_mat_hprc_r2_v1.0.1_HML-2_3p25.3
3p25.3	NA18906	pat	TypeI	1	NA18906_pat_hprc_r2_v1.0.1_HML-2_3p25.3
3p25.3	NA18939	h1	TypeI	1	NA18939_h1_HML-2_3p25.3_graph_hgsvc3-2024-02-23-mc-chm13
3p25.3	NA18939	h2	TypeI	1	NA18939_h2_HML-2_3p25.3_graph_hgsvc3-2024-02-23-mc-chm13
3p25.3	NA18940	h1	TypeI	1	NA18940_hap1_hprc_r2_v1.0.1_HML-2_3p25.3
3p25.3	NA18940	h2	TypeI	1	NA18940_hap2_hprc_r2_v1.0.1_HML-2_3p25.3
3p25.3	NA18943	h1	TypeI	1	NA18943_hap1_hprc_r2_v1.0.1_HML-2_3p25.3
3p25.3	NA18943	h2	TypeI	1	NA18943_hap2_hprc_r2_v1.0.1_HML-2_3p25.3
3p25.3	NA18944	h1	TypeI	1	NA18944_hap1_hprc_r2_v1.0.1_HML-2_3p25.3
3p25.3	NA18944	h2	TypeI	1	NA18944_hap2_hprc_r2_v1.0.1_HML-2_3p25.3
3p25.3	NA18945	h1	TypeI	1	NA18945_hap1_hprc_r2_v1.0.1_HML-2_3p25.3
3p25.3	NA18945	h2	TypeI	1	NA18945_hap2_hprc_r2_v1.0.1_HML-2_3p25.3
3p25.3	NA18948	h1	TypeI	1	NA18948_hap1_hprc_r2_v1.0.1_HML-2_3p25.3
3p25.3	NA18948	h2	TypeI	1	NA18948_hap2_hprc_r2_v1.0.1_HML-2_3p25.3
3p25.3	NA18952	h1	TypeI	1	NA18952_hap1_hprc_r2_v1.0.1_HML-2_3p25.3
3p25.3	NA18952	h2	TypeI	1	NA18952_hap2_hprc_r2_v1.0.1_HML-2_3p25.3
3p25.3	NA18959	h1	TypeI	1	NA18959_hap1_hprc_r2_v1.0.1_HML-2_3p25.3
3p25.3	NA18959	h2	TypeI	1	NA18959_hap2_hprc_r2_v1.0.1_HML-2_3p25.3
3p25.3	NA18960	h1	TypeI	1	NA18960_hap1_hprc_r2_v1.0.1_HML-2_3p25.3
3p25.3	NA18960	h2	TypeI	1	NA18960_hap2_hprc_r2_v1.0.1_HML-2_3p25.3
3p25.3	NA18967	h1	TypeI	1	NA18967_hap1_hprc_r2_v1.0.1_HML-2_3p25.3
3p25.3	NA18967	h2	TypeI	1	NA18967_hap2_hprc_r2_v1.0.1_HML-2_3p25.3
3p25.3	NA18970	h1	TypeI	1	NA18970_hap1_hprc_r2_v1.0.1_HML-2_3p25.3
3p25.3	NA18970	h2	TypeI	1	NA18970_hap2_hprc_r2_v1.0.1_HML-2_3p25.3
3p25.3	NA18971	h1	TypeI	1	NA18971_hap1_hprc_r2_v1.0.1_HML-2_3p25.3
3p25.3	NA18971	h2	TypeI	1	NA18971_hap2_hprc_r2_v1.0.1_HML-2_3p25.3
3p25.3	NA18974	h1	TypeI	1	NA18974_hap1_hprc_r2_v1.0.1_HML-2_3p25.3
3p25.3	NA18974	h2	TypeI	1	NA18974_hap2_hprc_r2_v1.0.1_HML-2_3p25.3
3p25.3	NA18976	h1	TypeI	1	NA18976_hap1_hprc_r2_v1.0.1_HML-2_3p25.3
3p25.3	NA18976	h2	TypeI	1	NA18976_hap2_hprc_r2_v1.0.1_HML-2_3p25.3
3p25.3	NA18982	h1	TypeI	1	NA18982_hap1_hprc_r2_v1.0.1_HML-2_3p25.3
3p25.3	NA18982	h2	TypeI	1	NA18982_hap2_hprc_r2_v1.0.1_HML-2_3p25.3
3p25.3	NA18983	h1	TypeI	1	NA18983_hap1_hprc_r2_v1.0.1_HML-2_3p25.3
3p25.3	NA18983	h2	TypeI	1	NA18983_hap2_hprc_r2_v1.0.1_HML-2_3p25.3
3p25.3	NA18989	h1	TypeI	1	NA18989_h1_HML-2_3p25.3_graph_hgsvc3-2024-02-23-mc-chm13
3p25.3	NA18989	h2	TypeI	1	NA18989_h2_HML-2_3p25.3_graph_hgsvc3-2024-02-23-mc-chm13
3p25.3	NA19036	h1	TypeI	1	NA19036_hap1_hprc_r2_v1.0.1_HML-2_3p25.3
3p25.3	NA19036	h2	TypeI	1	NA19036_hap2_hprc_r2_v1.0.1_HML-2_3p25.3
3p25.3	NA19043	h1	TypeI	1	NA19043_hap1_hprc_r2_v1.0.1_HML-2_3p25.3
3p25.3	NA19043	h2	TypeI	1	NA19043_hap2_hprc_r2_v1.0.1_HML-2_3p25.3
3p25.3	NA19087	h1	TypeI	1	NA19087_hap1_hprc_r2_v1.0.1_HML-2_3p25.3
3p25.3	NA19087	h2	TypeI	1	NA19087_hap2_hprc_r2_v1.0.1_HML-2_3p25.3
3p25.3	NA19129	h1	TypeI	1	NA19129_h1_HML-2_3p25.3_graph_hgsvc3-2024-02-23-mc-chm13
3p25.3	NA19129	h2	TypeI	1	NA19129_h2_HML-2_3p25.3_graph_hgsvc3-2024-02-23-mc-chm13
3p25.3	NA19159	h1	TypeI	1	NA19159_hap1_hprc_r2_v1.0.1_HML-2_3p25.3
3p25.3	NA19159	h2	TypeI	1	NA19159_hap2_hprc_r2_v1.0.1_HML-2_3p25.3
3p25.3	NA19185	h1	TypeI	1	NA19185_hap1_hprc_r2_v1.0.1_HML-2_3p25.3
3p25.3	NA19185	h2	TypeI	1	NA19185_hap2_hprc_r2_v1.0.1_HML-2_3p25.3
3p25.3	NA19238	h1	TypeI	1	NA19238_h1_HML-2_3p25.3_graph_hgsvc3-2024-02-23-mc-chm13
3p25.3	NA19238	h2	TypeI	1	NA19238_h2_HML-2_3p25.3_graph_hgsvc3-2024-02-23-mc-chm13
3p25.3	NA19239	h1	TypeI	1	NA19239_h1_HML-2_3p25.3_graph_hgsvc3-2024-02-23-mc-chm13
3p25.3	NA19239	h2	TypeI	1	NA19239_h2_HML-2_3p25.3_graph_hgsvc3-2024-02-23-mc-chm13
3p25.3	NA19240	mat	TypeI	1	NA19240_mat_hprc_r2_v1.0.1_HML-2_3p25.3
3p25.3	NA19240	pat	TypeI	1	NA19240_pat_hprc_r2_v1.0.1_HML-2_3p25.3
3p25.3	NA19317	h1	TypeI	1	NA19317_h1_HML-2_3p25.3_graph_hgsvc3-2024-02-23-mc-chm13
3p25.3	NA19317	h2	TypeI	1	NA19317_h2_HML-2_3p25.3_graph_hgsvc3-2024-02-23-mc-chm13
3p25.3	NA19331	h1	TypeI	1	NA19331_h1_HML-2_3p25.3_graph_hgsvc3-2024-02-23-mc-chm13
3p25.3	NA19331	h2	TypeI	1	NA19331_h2_HML-2_3p25.3_graph_hgsvc3-2024-02-23-mc-chm13
3p25.3	NA19338	h1	TypeI	1	NA19338_hap1_hprc_r2_v1.0.1_HML-2_3p25.3
3p25.3	NA19338	h2	TypeI	1	NA19338_hap2_hprc_r2_v1.0.1_HML-2_3p25.3
3p25.3	NA19347	h1	TypeI	1	NA19347_h1_HML-2_3p25.3_graph_hgsvc3-2024-02-23-mc-chm13
3p25.3	NA19347	h2	TypeI	1	NA19347_h2_HML-2_3p25.3_graph_hgsvc3-2024-02-23-mc-chm13
3p25.3	NA19384	h1	TypeI	1	NA19384_h1_HML-2_3p25.3_graph_hgsvc3-2024-02-23-mc-chm13
3p25.3	NA19384	h2	TypeI	1	NA19384_h2_HML-2_3p25.3_graph_hgsvc3-2024-02-23-mc-chm13
3p25.3	NA19391	h1	TypeI	1	NA19391_hap1_hprc_r2_v1.0.1_HML-2_3p25.3
3p25.3	NA19391	h2	TypeI	1	NA19391_hap2_hprc_r2_v1.0.1_HML-2_3p25.3
3p25.3	NA19434	h1	TypeI	1	NA19434_h1_HML-2_3p25.3_graph_hgsvc3-2024-02-23-mc-chm13
3p25.3	NA19434	h2	TypeI	1	NA19434_h2_HML-2_3p25.3_graph_hgsvc3-2024-02-23-mc-chm13
3p25.3	NA19443	h1	TypeI	1	NA19443_hap1_hprc_r2_v1.0.1_HML-2_3p25.3
3p25.3	NA19443	h2	TypeI	1	NA19443_hap2_hprc_r2_v1.0.1_HML-2_3p25.3
3p25.3	NA19468	h1	TypeI	1	NA19468_hap1_hprc_r2_v1.0.1_HML-2_3p25.3
3p25.3	NA19468	h2	TypeI	1	NA19468_hap2_hprc_r2_v1.0.1_HML-2_3p25.3
3p25.3	NA19650	h1	TypeI	1	NA19650_h1_HML-2_3p25.3_graph_hgsvc3-2024-02-23-mc-chm13
3p25.3	NA19650	h2	TypeI	1	NA19650_h2_HML-2_3p25.3_graph_hgsvc3-2024-02-23-mc-chm13
3p25.3	NA19682	h1	TypeI	1	NA19682_hap1_hprc_r2_v1.0.1_HML-2_3p25.3
3p25.3	NA19682	h2	TypeI	1	NA19682_hap2_hprc_r2_v1.0.1_HML-2_3p25.3
3p25.3	NA19700	h1	TypeI	1	NA19700_hap1_hprc_r2_v1.0.1_HML-2_3p25.3
3p25.3	NA19700	h2	TypeI	1	NA19700_hap2_hprc_r2_v1.0.1_HML-2_3p25.3
3p25.3	NA19705	h1	TypeI	1	NA19705_h1_HML-2_3p25.3_graph_hgsvc3-2024-02-23-mc-chm13
3p25.3	NA19705	h2	TypeI	1	NA19705_h2_HML-2_3p25.3_graph_hgsvc3-2024-02-23-mc-chm13
3p25.3	NA19776	h1	TypeI	1	NA19776_hap1_hprc_r2_v1.0.1_HML-2_3p25.3
3p25.3	NA19776	h2	TypeI	1	NA19776_hap2_hprc_r2_v1.0.1_HML-2_3p25.3
3p25.3	NA19835	h1	TypeI	1	NA19835_hap1_hprc_r2_v1.0.1_HML-2_3p25.3
3p25.3	NA19835	h2	TypeI	1	NA19835_hap2_hprc_r2_v1.0.1_HML-2_3p25.3
3p25.3	NA19836	h1	TypeI	1	NA19836_h1_HML-2_3p25.3_graph_hgsvc3-2024-02-23-mc-chm13
3p25.3	NA19836	h2	TypeI	1	NA19836_h2_HML-2_3p25.3_graph_hgsvc3-2024-02-23-mc-chm13
3p25.3	NA19909	h1	TypeI	1	NA19909_hap1_hprc_r2_v1.0.1_HML-2_3p25.3
3p25.3	NA19909	h2	TypeI	1	NA19909_hap2_hprc_r2_v1.0.1_HML-2_3p25.3
3p25.3	NA19983	h1	TypeI	1	NA19983_h1_HML-2_3p25.3_graph_hgsvc3-2024-02-23-mc-chm13
3p25.3	NA19983	h2	TypeI	1	NA19983_h2_HML-2_3p25.3_graph_hgsvc3-2024-02-23-mc-chm13
3p25.3	NA20129	mat	TypeI	1	NA20129_mat_hprc_r2_v1.0.1_HML-2_3p25.3
3p25.3	NA20129	pat	TypeI	1	NA20129_pat_hprc_r2_v1.0.1_HML-2_3p25.3
3p25.3	NA20282	h1	TypeI	1	NA20282_hap1_hprc_r2_v1.0.1_HML-2_3p25.3
3p25.3	NA20282	h2	TypeI	1	NA20282_hap2_hprc_r2_v1.0.1_HML-2_3p25.3
3p25.3	NA20346	h1	TypeI	1	NA20346_hap1_hprc_r2_v1.0.1_HML-2_3p25.3
3p25.3	NA20346	h2	TypeI	1	NA20346_hap2_hprc_r2_v1.0.1_HML-2_3p25.3
3p25.3	NA20355	h1	TypeI	1	NA20355_h1_HML-2_3p25.3_graph_hgsvc3-2024-02-23-mc-chm13
3p25.3	NA20355	h2	TypeI	1	NA20355_h2_HML-2_3p25.3_graph_hgsvc3-2024-02-23-mc-chm13
3p25.3	NA20503	h1	TypeI	1	NA20503_hap1_hprc_r2_v1.0.1_HML-2_3p25.3
3p25.3	NA20503	h2	TypeI	1	NA20503_hap2_hprc_r2_v1.0.1_HML-2_3p25.3
3p25.3	NA20509	h1	TypeI	1	NA20509_h1_HML-2_3p25.3_graph_hgsvc3-2024-02-23-mc-chm13
3p25.3	NA20509	h2	TypeI	1	NA20509_h2_HML-2_3p25.3_graph_hgsvc3-2024-02-23-mc-chm13
3p25.3	NA20752	h1	TypeI	1	NA20752_hap1_hprc_r2_v1.0.1_HML-2_3p25.3
3p25.3	NA20752	h2	TypeI	1	NA20752_hap2_hprc_r2_v1.0.1_HML-2_3p25.3
3p25.3	NA20762	h1	TypeI	1	NA20762_hap1_hprc_r2_v1.0.1_HML-2_3p25.3
3p25.3	NA20762	h2	TypeI	1	NA20762_hap2_hprc_r2_v1.0.1_HML-2_3p25.3
3p25.3	NA20799	h1	TypeI	1	NA20799_hap1_hprc_r2_v1.0.1_HML-2_3p25.3
3p25.3	NA20799	h2	TypeI	1	NA20799_hap2_hprc_r2_v1.0.1_HML-2_3p25.3
3p25.3	NA20805	h1	TypeI	1	NA20805_hap1_hprc_r2_v1.0.1_HML-2_3p25.3
3p25.3	NA20805	h2	TypeI	1	NA20805_hap2_hprc_r2_v1.0.1_HML-2_3p25.3
3p25.3	NA20806	h1	TypeI	1	NA20806_hap1_hprc_r2_v1.0.1_HML-2_3p25.3
3p25.3	NA20806	h2	TypeI	1	NA20806_hap2_hprc_r2_v1.0.1_HML-2_3p25.3
3p25.3	NA20809	h1	TypeI	1	NA20809_hap1_hprc_r2_v1.0.1_HML-2_3p25.3
3p25.3	NA20809	h2	TypeI	1	NA20809_hap2_hprc_r2_v1.0.1_HML-2_3p25.3
3p25.3	NA20827	h1	TypeI	1	NA20827_hap1_hprc_r2_v1.0.1_HML-2_3p25.3
3p25.3	NA20827	h2	TypeI	1	NA20827_hap2_hprc_r2_v1.0.1_HML-2_3p25.3
3p25.3	NA20847	h1	TypeI	1	NA20847_h1_HML-2_3p25.3_graph_hgsvc3-2024-02-23-mc-chm13
3p25.3	NA20847	h2	TypeI	1	NA20847_h2_HML-2_3p25.3_graph_hgsvc3-2024-02-23-mc-chm13
3p25.3	NA20850	h1	TypeI	1	NA20850_hap1_hprc_r2_v1.0.1_HML-2_3p25.3
3p25.3	NA20850	h2	TypeI	1	NA20850_hap2_hprc_r2_v1.0.1_HML-2_3p25.3
3p25.3	NA20870	h1	TypeI	1	NA20870_hap1_hprc_r2_v1.0.1_HML-2_3p25.3
3p25.3	NA20870	h2	TypeI	1	NA20870_hap2_hprc_r2_v1.0.1_HML-2_3p25.3
3p25.3	NA20905	h1	TypeI	1	NA20905_hap1_hprc_r2_v1.0.1_HML-2_3p25.3
3p25.3	NA20905	h2	TypeI	1	NA20905_hap2_hprc_r2_v1.0.1_HML-2_3p25.3
3p25.3	NA21093	h1	TypeI	1	NA21093_hap1_hprc_r2_v1.0.1_HML-2_3p25.3
3p25.3	NA21093	h2	TypeI	1	NA21093_hap2_hprc_r2_v1.0.1_HML-2_3p25.3
3p25.3	NA21102	h1	TypeI	1	NA21102_hap1_hprc_r2_v1.0.1_HML-2_3p25.3
3p25.3	NA21102	h2	TypeI	1	NA21102_hap2_hprc_r2_v1.0.1_HML-2_3p25.3
3p25.3	NA21106	h1	TypeI	1	NA21106_hap1_hprc_r2_v1.0.1_HML-2_3p25.3
3p25.3	NA21106	h2	TypeI	1	NA21106_hap2_hprc_r2_v1.0.1_HML-2_3p25.3
3p25.3	NA21110	h1	TypeI	1	NA21110_hap1_hprc_r2_v1.0.1_HML-2_3p25.3
3p25.3	NA21110	h2	TypeI	1	NA21110_hap2_hprc_r2_v1.0.1_HML-2_3p25.3
3p25.3	NA21144	h1	TypeI	1	NA21144_hap1_hprc_r2_v1.0.1_HML-2_3p25.3
3p25.3	NA21144	h2	TypeI	1	NA21144_hap2_hprc_r2_v1.0.1_HML-2_3p25.3
3p25.3	NA21309	mat	TypeI	1	NA21309_mat_hprc_r2_v1.0.1_HML-2_3p25.3
3p25.3	NA21309	pat	TypeI	1	NA21309_pat_hprc_r2_v1.0.1_HML-2_3p25.3
3p25.3	NA21487	h1	TypeI	1	NA21487_h1_HML-2_3p25.3_graph_hgsvc3-2024-02-23-mc-chm13
3p25.3	NA21487	h2	TypeI	1	NA21487_h2_HML-2_3p25.3_graph_hgsvc3-2024-02-23-mc-chm13
3p25.3	NA24385	h1	TypeI	1	NA24385_h1_HML-2_3p25.3_graph_hgsvc3-2024-02-23-mc-chm13
3p25.3	NA24385	h2	TypeI	1	NA24385_h2_HML-2_3p25.3_graph_hgsvc3-2024-02-23-mc-chm13
3q12.3	HG00096	h1	TypeI	1	HG00096_h1_HML-2_3q12.3_graph_hgsvc3-2024-02-23-mc-chm13
3q12.3	HG00096	h2	TypeI	1	HG00096_h2_HML-2_3q12.3_graph_hgsvc3-2024-02-23-mc-chm13
3q12.3	HG00097	h1	TypeI	1	HG00097_hap1_hprc_r2_v1.0.1_HML-2_3q12.3
3q12.3	HG00097	h2	TypeI	1	HG00097_hap2_hprc_r2_v1.0.1_HML-2_3q12.3
3q12.3	HG00099	h1	TypeI	1	HG00099_hap1_hprc_r2_v1.0.1_HML-2_3q12.3
3q12.3	HG00099	h2	TypeI	1	HG00099_hap2_hprc_r2_v1.0.1_HML-2_3q12.3
3q12.3	HG00126	h1	TypeI	1	HG00126_hap1_hprc_r2_v1.0.1_HML-2_3q12.3
3q12.3	HG00126	h2	TypeI	1	HG00126_hap2_hprc_r2_v1.0.1_HML-2_3q12.3
3q12.3	HG00128	h1	TypeI	1	HG00128_hap1_hprc_r2_v1.0.1_HML-2_3q12.3
3q12.3	HG00128	h2	TypeI	1	HG00128_hap2_hprc_r2_v1.0.1_HML-2_3q12.3
3q12.3	HG00133	h1	TypeI	1	HG00133_hap1_hprc_r2_v1.0.1_HML-2_3q12.3
3q12.3	HG00133	h2	TypeI	1	HG00133_hap2_hprc_r2_v1.0.1_HML-2_3q12.3
3q12.3	HG00140	h1	TypeI	1	HG00140_hap1_hprc_r2_v1.0.1_HML-2_3q12.3
3q12.3	HG00140	h2	TypeI	1	HG00140_hap2_hprc_r2_v1.0.1_HML-2_3q12.3
3q12.3	HG00146	h1	TypeI	1	HG00146_hap1_hprc_r2_v1.0.1_HML-2_3q12.3
3q12.3	HG00146	h2	TypeI	1	HG00146_hap2_hprc_r2_v1.0.1_HML-2_3q12.3
3q12.3	HG00171	h1	TypeI	1	HG00171_h1_HML-2_3q12.3_graph_hgsvc3-2024-02-23-mc-chm13
3q12.3	HG00171	h2	TypeI	1	HG00171_h2_HML-2_3q12.3_graph_hgsvc3-2024-02-23-mc-chm13
3q12.3	HG00232	h1	TypeI	1	HG00232_hap1_hprc_r2_v1.0.1_HML-2_3q12.3
3q12.3	HG00232	h2	TypeI	1	HG00232_hap2_hprc_r2_v1.0.1_HML-2_3q12.3
3q12.3	HG00235	h1	TypeI	1	HG00235_hap1_hprc_r2_v1.0.1_HML-2_3q12.3
3q12.3	HG00235	h2	TypeI	1	HG00235_hap2_hprc_r2_v1.0.1_HML-2_3q12.3
3q12.3	HG00253	h1	TypeI	1	HG00253_hap1_hprc_r2_v1.0.1_HML-2_3q12.3
3q12.3	HG00253	h2	TypeI	1	HG00253_hap2_hprc_r2_v1.0.1_HML-2_3q12.3
3q12.3	HG00268	h1	TypeI	1	HG00268_h1_HML-2_3q12.3_graph_hgsvc3-2024-02-23-mc-chm13
3q12.3	HG00268	h2	TypeI	1	HG00268_h2_HML-2_3q12.3_graph_hgsvc3-2024-02-23-mc-chm13
3q12.3	HG00272	h1	TypeI	1	HG00272_hap1_hprc_r2_v1.0.1_HML-2_3q12.3
3q12.3	HG00272	h2	TypeI	1	HG00272_hap2_hprc_r2_v1.0.1_HML-2_3q12.3
3q12.3	HG00280	h1	TypeI	1	HG00280_hap1_hprc_r2_v1.0.1_HML-2_3q12.3
3q12.3	HG00280	h2	TypeI	1	HG00280_hap2_hprc_r2_v1.0.1_HML-2_3q12.3
3q12.3	HG00290	h1	TypeI	1	HG00290_hap1_hprc_r2_v1.0.1_HML-2_3q12.3
3q12.3	HG00290	h2	TypeI	1	HG00290_hap2_hprc_r2_v1.0.1_HML-2_3q12.3
3q12.3	HG00320	h1	TypeI	1	HG00320_hap1_hprc_r2_v1.0.1_HML-2_3q12.3
3q12.3	HG00320	h2	TypeI	1	HG00320_hap2_hprc_r2_v1.0.1_HML-2_3q12.3
3q12.3	HG00321	h1	TypeI	1	HG00321_hap1_hprc_r2_v1.0.1_HML-2_3q12.3
3q12.3	HG00321	h2	TypeI	1	HG00321_hap2_hprc_r2_v1.0.1_HML-2_3q12.3
3q12.3	HG00323	h1	TypeI	1	HG00323_hap1_hprc_r2_v1.0.1_HML-2_3q12.3
3q12.3	HG00323	h2	TypeI	1	HG00323_hap2_hprc_r2_v1.0.1_HML-2_3q12.3
3q12.3	HG00329	h1	TypeI	1	HG00329_hap1_hprc_r2_v1.0.1_HML-2_3q12.3
3q12.3	HG00329	h2	TypeI	1	HG00329_hap2_hprc_r2_v1.0.1_HML-2_3q12.3
3q12.3	HG00344	h1	TypeI	1	HG00344_hap1_hprc_r2_v1.0.1_HML-2_3q12.3
3q12.3	HG00344	h2	TypeI	1	HG00344_hap2_hprc_r2_v1.0.1_HML-2_3q12.3
3q12.3	HG00350	h1	TypeI	1	HG00350_hap1_hprc_r2_v1.0.1_HML-2_3q12.3
3q12.3	HG00350	h2	TypeI	1	HG00350_hap2_hprc_r2_v1.0.1_HML-2_3q12.3
3q12.3	HG00358	h1	TypeI	1	HG00358_h1_HML-2_3q12.3_graph_hgsvc3-2024-02-23-mc-chm13
3q12.3	HG00358	h2	TypeI	1	HG00358_h2_HML-2_3q12.3_graph_hgsvc3-2024-02-23-mc-chm13
3q12.3	HG00408	mat	TypeI	1	HG00408_mat_hprc_r2_v1.0.1_HML-2_3q12.3
3q12.3	HG00408	pat	TypeI	1	HG00408_pat_hprc_r2_v1.0.1_HML-2_3q12.3
3q12.3	HG00423	mat	TypeI	1	HG00423_mat_hprc_r2_v1.0.1_HML-2_3q12.3
3q12.3	HG00423	pat	TypeI	1	HG00423_pat_hprc_r2_v1.0.1_HML-2_3q12.3
3q12.3	HG00438	mat	TypeI	1	HG00438_mat_hprc_r2_v1.0.1_HML-2_3q12.3
3q12.3	HG00438	pat	TypeI	1	HG00438_pat_hprc_r2_v1.0.1_HML-2_3q12.3
3q12.3	HG005	mat	TypeI	1	HG005_mat_hprc_r2_v1.0.1_HML-2_3q12.3
3q12.3	HG005	pat	TypeI	1	HG005_pat_hprc_r2_v1.0.1_HML-2_3q12.3
3q12.3	HG00512	h1	TypeI	1	HG00512_h1_HML-2_3q12.3_graph_hgsvc3-2024-02-23-mc-chm13
3q12.3	HG00512	h2	TypeI	1	HG00512_h2_HML-2_3q12.3_graph_hgsvc3-2024-02-23-mc-chm13
3q12.3	HG00513	h1	TypeI	1	HG00513_h1_HML-2_3q12.3_graph_hgsvc3-2024-02-23-mc-chm13
3q12.3	HG00513	h2	TypeI	1	HG00513_h2_HML-2_3q12.3_graph_hgsvc3-2024-02-23-mc-chm13
3q12.3	HG00514	h1	TypeI	1	HG00514_h1_HML-2_3q12.3_graph_hgsvc3-2024-02-23-mc-chm13
3q12.3	HG00514	h2	TypeI	1	HG00514_h2_HML-2_3q12.3_graph_hgsvc3-2024-02-23-mc-chm13
3q12.3	HG00544	mat	TypeI	1	HG00544_mat_hprc_r2_v1.0.1_HML-2_3q12.3
3q12.3	HG00544	pat	TypeI	1	HG00544_pat_hprc_r2_v1.0.1_HML-2_3q12.3
3q12.3	HG00558	mat	TypeI	1	HG00558_mat_hprc_r2_v1.0.1_HML-2_3q12.3
3q12.3	HG00558	pat	TypeI	1	HG00558_pat_hprc_r2_v1.0.1_HML-2_3q12.3
3q12.3	HG00597	mat	TypeI	1	HG00597_mat_hprc_r2_v1.0.1_HML-2_3q12.3
3q12.3	HG00597	pat	TypeI	1	HG00597_pat_hprc_r2_v1.0.1_HML-2_3q12.3
3q12.3	HG00609	mat	TypeI	1	HG00609_mat_hprc_r2_v1.0.1_HML-2_3q12.3
3q12.3	HG00609	pat	TypeI	1	HG00609_pat_hprc_r2_v1.0.1_HML-2_3q12.3
3q12.3	HG00621	mat	TypeI	1	HG00621_mat_hprc_r2_v1.0.1_HML-2_3q12.3
3q12.3	HG00621	pat	TypeI	1	HG00621_pat_hprc_r2_v1.0.1_HML-2_3q12.3
3q12.3	HG00639	mat	TypeI	1	HG00639_mat_hprc_r2_v1.0.1_HML-2_3q12.3
3q12.3	HG00639	pat	TypeI	1	HG00639_pat_hprc_r2_v1.0.1_HML-2_3q12.3
3q12.3	HG00642	mat	TypeI	1	HG00642_mat_hprc_r2_v1.0.1_HML-2_3q12.3
3q12.3	HG00642	pat	TypeI	1	HG00642_pat_hprc_r2_v1.0.1_HML-2_3q12.3
3q12.3	HG00658	mat	TypeI	1	HG00658_mat_hprc_r2_v1.0.1_HML-2_3q12.3
3q12.3	HG00658	pat	TypeI	1	HG00658_pat_hprc_r2_v1.0.1_HML-2_3q12.3
3q12.3	HG00673	mat	TypeI	1	HG00673_mat_hprc_r2_v1.0.1_HML-2_3q12.3
3q12.3	HG00673	pat	TypeI	1	HG00673_pat_hprc_r2_v1.0.1_HML-2_3q12.3
3q12.3	HG00706	mat	TypeI	1	HG00706_mat_hprc_r2_v1.0.1_HML-2_3q12.3
3q12.3	HG00706	pat	TypeI	1	HG00706_pat_hprc_r2_v1.0.1_HML-2_3q12.3
3q12.3	HG00731	h1	TypeI	1	HG00731_h1_HML-2_3q12.3_graph_hgsvc3-2024-02-23-mc-chm13
3q12.3	HG00731	h2	TypeI	1	HG00731_h2_HML-2_3q12.3_graph_hgsvc3-2024-02-23-mc-chm13
3q12.3	HG00732	h1	TypeI	1	HG00732_h1_HML-2_3q12.3_graph_hgsvc3-2024-02-23-mc-chm13
3q12.3	HG00732	h2	TypeI	1	HG00732_h2_HML-2_3q12.3_graph_hgsvc3-2024-02-23-mc-chm13
3q12.3	HG00733	mat	TypeI	1	HG00733_mat_hprc_r2_v1.0.1_HML-2_3q12.3
3q12.3	HG00733	pat	TypeI	1	HG00733_pat_hprc_r2_v1.0.1_HML-2_3q12.3
3q12.3	HG00735	mat	TypeI	1	HG00735_mat_hprc_r2_v1.0.1_HML-2_3q12.3
3q12.3	HG00735	pat	TypeI	1	HG00735_pat_hprc_r2_v1.0.1_HML-2_3q12.3
3q12.3	HG00738	mat	TypeI	1	HG00738_mat_hprc_r2_v1.0.1_HML-2_3q12.3
3q12.3	HG00738	pat	TypeI	1	HG00738_pat_hprc_r2_v1.0.1_HML-2_3q12.3
3q12.3	HG00741	mat	TypeI	1	HG00741_mat_hprc_r2_v1.0.1_HML-2_3q12.3
3q12.3	HG00741	pat	TypeI	1	HG00741_pat_hprc_r2_v1.0.1_HML-2_3q12.3
3q12.3	HG00864	h1	TypeI	1	HG00864_h1_HML-2_3q12.3_graph_hgsvc3-2024-02-23-mc-chm13
3q12.3	HG00864	h2	TypeI	1	HG00864_h2_HML-2_3q12.3_graph_hgsvc3-2024-02-23-mc-chm13
3q12.3	HG01071	mat	TypeI	1	HG01071_mat_hprc_r2_v1.0.1_HML-2_3q12.3
3q12.3	HG01071	pat	TypeI	1	HG01071_pat_hprc_r2_v1.0.1_HML-2_3q12.3
3q12.3	HG01074	mat	TypeI	1	HG01074_mat_hprc_r2_v1.0.1_HML-2_3q12.3
3q12.3	HG01074	pat	TypeI	1	HG01074_pat_hprc_r2_v1.0.1_HML-2_3q12.3
3q12.3	HG01081	mat	TypeI	1	HG01081_mat_hprc_r2_v1.0.1_HML-2_3q12.3
3q12.3	HG01081	pat	TypeI	1	HG01081_pat_hprc_r2_v1.0.1_HML-2_3q12.3
3q12.3	HG01099	mat	TypeI	1	HG01099_mat_hprc_r2_v1.0.1_HML-2_3q12.3
3q12.3	HG01099	pat	TypeI	1	HG01099_pat_hprc_r2_v1.0.1_HML-2_3q12.3
3q12.3	HG01106	mat	TypeI	1	HG01106_mat_hprc_r2_v1.0.1_HML-2_3q12.3
3q12.3	HG01106	pat	TypeI	1	HG01106_pat_hprc_r2_v1.0.1_HML-2_3q12.3
3q12.3	HG01109	mat	TypeI	1	HG01109_mat_hprc_r2_v1.0.1_HML-2_3q12.3
3q12.3	HG01109	pat	TypeI	1	HG01109_pat_hprc_r2_v1.0.1_HML-2_3q12.3
3q12.3	HG01114	h1	TypeI	1	HG01114_h1_HML-2_3q12.3_graph_hgsvc3-2024-02-23-mc-chm13
3q12.3	HG01114	h2	TypeI	1	HG01114_h2_HML-2_3q12.3_graph_hgsvc3-2024-02-23-mc-chm13
3q12.3	HG01123	mat	TypeI	1	HG01123_mat_hprc_r2_v1.0.1_HML-2_3q12.3
3q12.3	HG01123	pat	TypeI	1	HG01123_pat_hprc_r2_v1.0.1_HML-2_3q12.3
3q12.3	HG01150	mat	TypeI	1	HG01150_mat_hprc_r2_v1.0.1_HML-2_3q12.3
3q12.3	HG01150	pat	TypeI	1	HG01150_pat_hprc_r2_v1.0.1_HML-2_3q12.3
3q12.3	HG01167	h1	TypeI	1	HG01167_hap1_hprc_r2_v1.0.1_HML-2_3q12.3
3q12.3	HG01167	h2	TypeI	1	HG01167_hap2_hprc_r2_v1.0.1_HML-2_3q12.3
3q12.3	HG01175	mat	TypeI	1	HG01175_mat_hprc_r2_v1.0.1_HML-2_3q12.3
3q12.3	HG01175	pat	TypeI	1	HG01175_pat_hprc_r2_v1.0.1_HML-2_3q12.3
3q12.3	HG01192	mat	TypeI	1	HG01192_mat_hprc_r2_v1.0.1_HML-2_3q12.3
3q12.3	HG01192	pat	TypeI	1	HG01192_pat_hprc_r2_v1.0.1_HML-2_3q12.3
3q12.3	HG01243	mat	TypeI	1	HG01243_mat_hprc_r2_v1.0.1_HML-2_3q12.3
3q12.3	HG01243	pat	TypeI	1	HG01243_pat_hprc_r2_v1.0.1_HML-2_3q12.3
3q12.3	HG01252	mat	TypeI	1	HG01252_mat_hprc_r2_v1.0.1_HML-2_3q12.3
3q12.3	HG01252	pat	TypeI	1	HG01252_pat_hprc_r2_v1.0.1_HML-2_3q12.3
3q12.3	HG01255	mat	TypeI	1	HG01255_mat_hprc_r2_v1.0.1_HML-2_3q12.3
3q12.3	HG01255	pat	TypeI	1	HG01255_pat_hprc_r2_v1.0.1_HML-2_3q12.3
3q12.3	HG01258	mat	TypeI	1	HG01258_mat_hprc_r2_v1.0.1_HML-2_3q12.3
3q12.3	HG01258	pat	TypeI	1	HG01258_pat_hprc_r2_v1.0.1_HML-2_3q12.3
3q12.3	HG01261	mat	TypeI	1	HG01261_mat_hprc_r2_v1.0.1_HML-2_3q12.3
3q12.3	HG01261	pat	TypeI	1	HG01261_pat_hprc_r2_v1.0.1_HML-2_3q12.3
3q12.3	HG01346	mat	TypeI	1	HG01346_mat_hprc_r2_v1.0.1_HML-2_3q12.3
3q12.3	HG01346	pat	TypeI	1	HG01346_pat_hprc_r2_v1.0.1_HML-2_3q12.3
3q12.3	HG01352	h1	TypeI	1	HG01352_h1_HML-2_3q12.3_graph_hgsvc3-2024-02-23-mc-chm13
3q12.3	HG01352	h2	TypeI	1	HG01352_h2_HML-2_3q12.3_graph_hgsvc3-2024-02-23-mc-chm13
3q12.3	HG01358	mat	TypeI	1	HG01358_mat_hprc_r2_v1.0.1_HML-2_3q12.3
3q12.3	HG01358	pat	TypeI	1	HG01358_pat_hprc_r2_v1.0.1_HML-2_3q12.3
3q12.3	HG01361	mat	TypeI	1	HG01361_mat_hprc_r2_v1.0.1_HML-2_3q12.3
3q12.3	HG01361	pat	TypeI	1	HG01361_pat_hprc_r2_v1.0.1_HML-2_3q12.3
3q12.3	HG01433	mat	TypeI	1	HG01433_mat_hprc_r2_v1.0.1_HML-2_3q12.3
3q12.3	HG01433	pat	TypeI	1	HG01433_pat_hprc_r2_v1.0.1_HML-2_3q12.3
3q12.3	HG01457	h1	TypeI	1	HG01457_h1_HML-2_3q12.3_graph_hgsvc3-2024-02-23-mc-chm13
3q12.3	HG01457	h2	TypeI	1	HG01457_h2_HML-2_3q12.3_graph_hgsvc3-2024-02-23-mc-chm13
3q12.3	HG01496	mat	TypeI	1	HG01496_mat_hprc_r2_v1.0.1_HML-2_3q12.3
3q12.3	HG01496	pat	TypeI	1	HG01496_pat_hprc_r2_v1.0.1_HML-2_3q12.3
3q12.3	HG01505	h1	TypeI	1	HG01505_h1_HML-2_3q12.3_graph_hgsvc3-2024-02-23-mc-chm13
3q12.3	HG01505	h2	TypeI	1	HG01505_h2_HML-2_3q12.3_graph_hgsvc3-2024-02-23-mc-chm13
3q12.3	HG01530	h1	TypeI	1	HG01530_hap1_hprc_r2_v1.0.1_HML-2_3q12.3
3q12.3	HG01530	h2	TypeI	1	HG01530_hap2_hprc_r2_v1.0.1_HML-2_3q12.3
3q12.3	HG01573	h1	TypeI	1	HG01573_h1_HML-2_3q12.3_graph_hgsvc3-2024-02-23-mc-chm13
3q12.3	HG01573	h2	TypeI	1	HG01573_h2_HML-2_3q12.3_graph_hgsvc3-2024-02-23-mc-chm13
3q12.3	HG01596	h1	TypeI	1	HG01596_h1_HML-2_3q12.3_graph_hgsvc3-2024-02-23-mc-chm13
3q12.3	HG01596	h2	TypeI	1	HG01596_h2_HML-2_3q12.3_graph_hgsvc3-2024-02-23-mc-chm13
3q12.3	HG01784	h1	TypeI	1	HG01784_hap1_hprc_r2_v1.0.1_HML-2_3q12.3
3q12.3	HG01784	h2	TypeI	1	HG01784_hap2_hprc_r2_v1.0.1_HML-2_3q12.3
3q12.3	HG01786	h1	TypeI	1	HG01786_hap1_hprc_r2_v1.0.1_HML-2_3q12.3
3q12.3	HG01786	h2	TypeI	1	HG01786_hap2_hprc_r2_v1.0.1_HML-2_3q12.3
3q12.3	HG01884	mat	TypeI	1	HG01884_mat_hprc_r2_v1.0.1_HML-2_3q12.3
3q12.3	HG01884	pat	TypeI	1	HG01884_pat_hprc_r2_v1.0.1_HML-2_3q12.3
3q12.3	HG01890	h1	TypeI	1	HG01890_h1_HML-2_3q12.3_graph_hgsvc3-2024-02-23-mc-chm13
3q12.3	HG01890	h2	TypeI	1	HG01890_h2_HML-2_3q12.3_graph_hgsvc3-2024-02-23-mc-chm13
3q12.3	HG01891	mat	TypeI	1	HG01891_mat_hprc_r2_v1.0.1_HML-2_3q12.3
3q12.3	HG01891	pat	TypeI	1	HG01891_pat_hprc_r2_v1.0.1_HML-2_3q12.3
3q12.3	HG01928	mat	TypeI	1	HG01928_mat_hprc_r2_v1.0.1_HML-2_3q12.3
3q12.3	HG01928	pat	TypeI	1	HG01928_pat_hprc_r2_v1.0.1_HML-2_3q12.3
3q12.3	HG01934	mat	TypeI	1	HG01934_mat_hprc_r2_v1.0.1_HML-2_3q12.3
3q12.3	HG01934	pat	TypeI	1	HG01934_pat_hprc_r2_v1.0.1_HML-2_3q12.3
3q12.3	HG01940	mat	TypeI	1	HG01940_mat_hprc_r2_v1.0.1_HML-2_3q12.3
3q12.3	HG01940	pat	TypeI	1	HG01940_pat_hprc_r2_v1.0.1_HML-2_3q12.3
3q12.3	HG01943	mat	TypeI	1	HG01943_mat_hprc_r2_v1.0.1_HML-2_3q12.3
3q12.3	HG01943	pat	TypeI	1	HG01943_pat_hprc_r2_v1.0.1_HML-2_3q12.3
3q12.3	HG01952	mat	TypeI	1	HG01952_mat_hprc_r2_v1.0.1_HML-2_3q12.3
3q12.3	HG01952	pat	TypeI	1	HG01952_pat_hprc_r2_v1.0.1_HML-2_3q12.3
3q12.3	HG01960	mat	TypeI	1	HG01960_mat_hprc_r2_v1.0.1_HML-2_3q12.3
3q12.3	HG01960	pat	TypeI	1	HG01960_pat_hprc_r2_v1.0.1_HML-2_3q12.3
3q12.3	HG01969	mat	TypeI	1	HG01969_mat_hprc_r2_v1.0.1_HML-2_3q12.3
3q12.3	HG01969	pat	TypeI	1	HG01969_pat_hprc_r2_v1.0.1_HML-2_3q12.3
3q12.3	HG01975	mat	TypeI	1	HG01975_mat_hprc_r2_v1.0.1_HML-2_3q12.3
3q12.3	HG01975	pat	TypeI	1	HG01975_pat_hprc_r2_v1.0.1_HML-2_3q12.3
3q12.3	HG01978	mat	TypeI	1	HG01978_mat_hprc_r2_v1.1.0_HML-2_3q12.3
3q12.3	HG01978	pat	TypeI	1	HG01978_pat_hprc_r2_v1.1.0_HML-2_3q12.3
3q12.3	HG01981	mat	TypeI	1	HG01981_mat_hprc_r2_v1.0.1_HML-2_3q12.3
3q12.3	HG01981	pat	TypeI	1	HG01981_pat_hprc_r2_v1.0.1_HML-2_3q12.3
3q12.3	HG01993	mat	TypeI	1	HG01993_mat_hprc_r2_v1.0.1_HML-2_3q12.3
3q12.3	HG01993	pat	TypeI	1	HG01993_pat_hprc_r2_v1.0.1_HML-2_3q12.3
3q12.3	HG02004	mat	TypeI	1	HG02004_mat_hprc_r2_v1.0.1_HML-2_3q12.3
3q12.3	HG02004	pat	TypeI	1	HG02004_pat_hprc_r2_v1.0.1_HML-2_3q12.3
3q12.3	HG02011	h1	TypeI	1	HG02011_h1_HML-2_3q12.3_graph_hgsvc3-2024-02-23-mc-chm13
3q12.3	HG02011	h2	TypeI	1	HG02011_h2_HML-2_3q12.3_graph_hgsvc3-2024-02-23-mc-chm13
3q12.3	HG02015	mat	TypeI	1	HG02015_mat_hprc_r2_v1.0.1_HML-2_3q12.3
3q12.3	HG02015	pat	TypeI	1	HG02015_pat_hprc_r2_v1.0.1_HML-2_3q12.3
3q12.3	HG02018	h1	TypeI	1	HG02018_h1_HML-2_3q12.3_graph_hgsvc3-2024-02-23-mc-chm13
3q12.3	HG02018	h2	TypeI	1	HG02018_h2_HML-2_3q12.3_graph_hgsvc3-2024-02-23-mc-chm13
3q12.3	HG02027	mat	TypeI	1	HG02027_mat_hprc_r2_v1.0.1_HML-2_3q12.3
3q12.3	HG02027	pat	TypeI	1	HG02027_pat_hprc_r2_v1.0.1_HML-2_3q12.3
3q12.3	HG02040	h1	TypeI	1	HG02040_hap1_hprc_r2_v1.0.1_HML-2_3q12.3
3q12.3	HG02040	h2	TypeI	1	HG02040_hap2_hprc_r2_v1.0.1_HML-2_3q12.3
3q12.3	HG02055	mat	TypeI	1	HG02055_mat_hprc_r2_v1.0.1_HML-2_3q12.3
3q12.3	HG02055	pat	TypeI	1	HG02055_pat_hprc_r2_v1.0.1_HML-2_3q12.3
3q12.3	HG02056	mat	TypeI	1	HG02056_mat_hprc_r2_v1.0.1_HML-2_3q12.3
3q12.3	HG02056	pat	TypeI	1	HG02056_pat_hprc_r2_v1.0.1_HML-2_3q12.3
3q12.3	HG02059	h1	TypeI	1	HG02059_h1_HML-2_3q12.3_graph_hgsvc3-2024-02-23-mc-chm13
3q12.3	HG02059	h2	TypeI	1	HG02059_h2_HML-2_3q12.3_graph_hgsvc3-2024-02-23-mc-chm13
3q12.3	HG02071	mat	TypeI	1	HG02071_mat_hprc_r2_v1.0.1_HML-2_3q12.3
3q12.3	HG02071	pat	TypeI	1	HG02071_pat_hprc_r2_v1.0.1_HML-2_3q12.3
3q12.3	HG02074	mat	TypeI	1	HG02074_mat_hprc_r2_v1.0.1_HML-2_3q12.3
3q12.3	HG02074	pat	TypeI	1	HG02074_pat_hprc_r2_v1.0.1_HML-2_3q12.3
3q12.3	HG02080	mat	TypeI	1	HG02080_mat_hprc_r2_v1.0.1_HML-2_3q12.3
3q12.3	HG02080	pat	TypeI	1	HG02080_pat_hprc_r2_v1.0.1_HML-2_3q12.3
3q12.3	HG02083	mat	TypeI	1	HG02083_mat_hprc_r2_v1.0.1_HML-2_3q12.3
3q12.3	HG02083	pat	TypeI	1	HG02083_pat_hprc_r2_v1.0.1_HML-2_3q12.3
3q12.3	HG02106	h1	TypeI	1	HG02106_h1_HML-2_3q12.3_graph_hgsvc3-2024-02-23-mc-chm13
3q12.3	HG02106	h2	TypeI	1	HG02106_h2_HML-2_3q12.3_graph_hgsvc3-2024-02-23-mc-chm13
3q12.3	HG02109	mat	TypeI	1	HG02109_mat_hprc_r2_v1.0.1_HML-2_3q12.3
3q12.3	HG02109	pat	TypeI	1	HG02109_pat_hprc_r2_v1.0.1_HML-2_3q12.3
3q12.3	HG02129	mat	TypeI	1	HG02129_mat_hprc_r2_v1.0.1_HML-2_3q12.3
3q12.3	HG02129	pat	TypeI	1	HG02129_pat_hprc_r2_v1.0.1_HML-2_3q12.3
3q12.3	HG02132	mat	TypeI	1	HG02132_mat_hprc_r2_v1.0.1_HML-2_3q12.3
3q12.3	HG02132	pat	TypeI	1	HG02132_pat_hprc_r2_v1.0.1_HML-2_3q12.3
3q12.3	HG02135	mat	TypeI	1	HG02135_mat_hprc_r2_v1.0.1_HML-2_3q12.3
3q12.3	HG02135	pat	TypeI	1	HG02135_pat_hprc_r2_v1.0.1_HML-2_3q12.3
3q12.3	HG02145	mat	TypeI	1	HG02145_mat_hprc_r2_v1.0.1_HML-2_3q12.3
3q12.3	HG02145	pat	TypeI	1	HG02145_pat_hprc_r2_v1.0.1_HML-2_3q12.3
3q12.3	HG02148	mat	TypeI	1	HG02148_mat_hprc_r2_v1.0.1_HML-2_3q12.3
3q12.3	HG02148	pat	TypeI	1	HG02148_pat_hprc_r2_v1.0.1_HML-2_3q12.3
3q12.3	HG02155	h1	TypeI	1	HG02155_hap1_hprc_r2_v1.0.1_HML-2_3q12.3
3q12.3	HG02155	h2	TypeI	1	HG02155_hap2_hprc_r2_v1.0.1_HML-2_3q12.3
3q12.3	HG02165	h1	TypeI	1	HG02165_hap1_hprc_r2_v1.0.1_HML-2_3q12.3
3q12.3	HG02165	h2	TypeI	1	HG02165_hap2_hprc_r2_v1.0.1_HML-2_3q12.3
3q12.3	HG02178	h1	TypeI	1	HG02178_hap1_hprc_r2_v1.0.1_HML-2_3q12.3
3q12.3	HG02178	h2	TypeI	1	HG02178_hap2_hprc_r2_v1.0.1_HML-2_3q12.3
3q12.3	HG02257	mat	TypeI	1	HG02257_mat_hprc_r2_v1.1.0_HML-2_3q12.3
3q12.3	HG02257	pat	TypeI	1	HG02257_pat_hprc_r2_v1.1.0_HML-2_3q12.3
3q12.3	HG02258	mat	TypeI	1	HG02258_mat_hprc_r2_v1.0.1_HML-2_3q12.3
3q12.3	HG02258	pat	TypeI	1	HG02258_pat_hprc_r2_v1.0.1_HML-2_3q12.3
3q12.3	HG02273	h1	TypeI	1	HG02273_hap1_hprc_r2_v1.0.1_HML-2_3q12.3
3q12.3	HG02273	h2	TypeI	1	HG02273_hap2_hprc_r2_v1.0.1_HML-2_3q12.3
3q12.3	HG02280	mat	TypeI	1	HG02280_mat_hprc_r2_v1.0.1_HML-2_3q12.3
3q12.3	HG02280	pat	TypeI	1	HG02280_pat_hprc_r2_v1.0.1_HML-2_3q12.3
3q12.3	HG02282	h1	TypeI	1	HG02282_h1_HML-2_3q12.3_graph_hgsvc3-2024-02-23-mc-chm13
3q12.3	HG02282	h2	solo_LTR	1	HG02282_h2_HML-2_3q12.3_graph_hgsvc3-2024-02-23-mc-chm13
3q12.3	HG02293	mat	TypeI	1	HG02293_mat_hprc_r2_v1.0.1_HML-2_3q12.3
3q12.3	HG02293	pat	TypeI	1	HG02293_pat_hprc_r2_v1.0.1_HML-2_3q12.3
3q12.3	HG02300	mat	TypeI	1	HG02300_mat_hprc_r2_v1.0.1_HML-2_3q12.3
3q12.3	HG02300	pat	TypeI	1	HG02300_pat_hprc_r2_v1.0.1_HML-2_3q12.3
3q12.3	HG02391	h1	TypeI	1	HG02391_hap1_hprc_r2_v1.0.1_HML-2_3q12.3
3q12.3	HG02391	h2	TypeI	1	HG02391_hap2_hprc_r2_v1.0.1_HML-2_3q12.3
3q12.3	HG02392	h1	TypeI	1	HG02392_hap1_hprc_r2_v1.0.1_HML-2_3q12.3
3q12.3	HG02392	h2	TypeI	1	HG02392_hap2_hprc_r2_v1.0.1_HML-2_3q12.3
3q12.3	HG02451	mat	TypeI	1	HG02451_mat_hprc_r2_v1.0.1_HML-2_3q12.3
3q12.3	HG02451	pat	cassette_unrepresented_fragment	1	HG02451_pat_hprc_r2_v1.0.1_HML-2_3q12.3
3q12.3	HG02486	mat	TypeI	1	HG02486_mat_hprc_r2_v1.0.1_HML-2_3q12.3
3q12.3	HG02486	pat	TypeI	1	HG02486_pat_hprc_r2_v1.0.1_HML-2_3q12.3
3q12.3	HG02492	h1	TypeI	1	HG02492_h1_HML-2_3q12.3_graph_hgsvc3-2024-02-23-mc-chm13
3q12.3	HG02492	h2	TypeI	1	HG02492_h2_HML-2_3q12.3_graph_hgsvc3-2024-02-23-mc-chm13
3q12.3	HG02514	mat	TypeI	1	HG02514_mat_hprc_r2_v1.0.1_HML-2_3q12.3
3q12.3	HG02514	pat	TypeI	1	HG02514_pat_hprc_r2_v1.0.1_HML-2_3q12.3
3q12.3	HG02523	mat	TypeI	1	HG02523_mat_hprc_r2_v1.0.1_HML-2_3q12.3
3q12.3	HG02523	pat	TypeI	1	HG02523_pat_hprc_r2_v1.0.1_HML-2_3q12.3
3q12.3	HG02554	h1	TypeI	1	HG02554_h1_HML-2_3q12.3_graph_hgsvc3-2024-02-23-mc-chm13
3q12.3	HG02554	h2	TypeI	1	HG02554_h2_HML-2_3q12.3_graph_hgsvc3-2024-02-23-mc-chm13
3q12.3	HG02559	mat	TypeI	1	HG02559_mat_hprc_r2_v1.0.1_HML-2_3q12.3
3q12.3	HG02559	pat	cassette_unrepresented_fragment	1	HG02559_pat_hprc_r2_v1.0.1_HML-2_3q12.3
3q12.3	HG02572	mat	TypeI	1	HG02572_mat_hprc_r2_v1.0.1_HML-2_3q12.3
3q12.3	HG02572	pat	TypeI	1	HG02572_pat_hprc_r2_v1.0.1_HML-2_3q12.3
3q12.3	HG02583	h1	cassette_unrepresented_fragment	1	HG02583_hap1_hprc_r2_v1.0.1_HML-2_3q12.3
3q12.3	HG02583	h2	TypeI	1	HG02583_hap2_hprc_r2_v1.0.1_HML-2_3q12.3
3q12.3	HG02587	h1	solo_LTR	1	HG02587_h1_HML-2_3q12.3_graph_hgsvc3-2024-02-23-mc-chm13
3q12.3	HG02587	h2	TypeI	1	HG02587_h2_HML-2_3q12.3_graph_hgsvc3-2024-02-23-mc-chm13
3q12.3	HG02602	mat	TypeI	1	HG02602_mat_hprc_r2_v1.0.1_HML-2_3q12.3
3q12.3	HG02602	pat	TypeI	1	HG02602_pat_hprc_r2_v1.0.1_HML-2_3q12.3
3q12.3	HG02615	mat	TypeI	1	HG02615_mat_hprc_r2_v1.0.1_HML-2_3q12.3
3q12.3	HG02615	pat	TypeI	1	HG02615_pat_hprc_r2_v1.0.1_HML-2_3q12.3
3q12.3	HG02622	mat	TypeI	1	HG02622_mat_hprc_r2_v1.0.1_HML-2_3q12.3
3q12.3	HG02622	pat	TypeI	1	HG02622_pat_hprc_r2_v1.0.1_HML-2_3q12.3
3q12.3	HG02630	mat	TypeI	1	HG02630_mat_hprc_r2_v1.0.1_HML-2_3q12.3
3q12.3	HG02630	pat	TypeI	1	HG02630_pat_hprc_r2_v1.0.1_HML-2_3q12.3
3q12.3	HG02647	mat	TypeI	1	HG02647_mat_hprc_r2_v1.0.1_HML-2_3q12.3
3q12.3	HG02647	pat	TypeI	1	HG02647_pat_hprc_r2_v1.0.1_HML-2_3q12.3
3q12.3	HG02666	h1	TypeI	1	HG02666_h1_HML-2_3q12.3_graph_hgsvc3-2024-02-23-mc-chm13
3q12.3	HG02666	h2	TypeI	1	HG02666_h2_HML-2_3q12.3_graph_hgsvc3-2024-02-23-mc-chm13
3q12.3	HG02668	mat	TypeI	1	HG02668_mat_hprc_r2_v1.0.1_HML-2_3q12.3
3q12.3	HG02668	pat	TypeI	1	HG02668_pat_hprc_r2_v1.0.1_HML-2_3q12.3
3q12.3	HG02698	mat	TypeI	1	HG02698_mat_hprc_r2_v1.0.1_HML-2_3q12.3
3q12.3	HG02698	pat	TypeI	1	HG02698_pat_hprc_r2_v1.0.1_HML-2_3q12.3
3q12.3	HG02717	mat	TypeI	1	HG02717_mat_hprc_r2_v1.0.1_HML-2_3q12.3
3q12.3	HG02717	pat	TypeI	1	HG02717_pat_hprc_r2_v1.0.1_HML-2_3q12.3
3q12.3	HG02723	mat	TypeI	1	HG02723_mat_hprc_r2_v1.0.1_HML-2_3q12.3
3q12.3	HG02723	pat	TypeI	1	HG02723_pat_hprc_r2_v1.0.1_HML-2_3q12.3
3q12.3	HG02735	mat	TypeI	1	HG02735_mat_hprc_r2_v1.0.1_HML-2_3q12.3
3q12.3	HG02735	pat	TypeI	1	HG02735_pat_hprc_r2_v1.0.1_HML-2_3q12.3
3q12.3	HG02738	mat	TypeI	1	HG02738_mat_hprc_r2_v1.0.1_HML-2_3q12.3
3q12.3	HG02738	pat	TypeI	1	HG02738_pat_hprc_r2_v1.0.1_HML-2_3q12.3
3q12.3	HG02769	h1	TypeI	1	HG02769_h1_HML-2_3q12.3_graph_hgsvc3-2024-02-23-mc-chm13
3q12.3	HG02769	h2	solo_LTR	1	HG02769_h2_HML-2_3q12.3_graph_hgsvc3-2024-02-23-mc-chm13
3q12.3	HG02809	mat	TypeI	1	HG02809_mat_hprc_r2_v1.0.1_HML-2_3q12.3
3q12.3	HG02809	pat	TypeI	1	HG02809_pat_hprc_r2_v1.0.1_HML-2_3q12.3
3q12.3	HG02818	mat	TypeI	1	HG02818_mat_hprc_r2_v1.0.1_HML-2_3q12.3
3q12.3	HG02818	pat	TypeI	1	HG02818_pat_hprc_r2_v1.0.1_HML-2_3q12.3
3q12.3	HG02841	mat	TypeI	1	HG02841_mat_hprc_r2_v1.0.1_HML-2_3q12.3
3q12.3	HG02841	pat	TypeI	1	HG02841_pat_hprc_r2_v1.0.1_HML-2_3q12.3
3q12.3	HG02886	mat	TypeI	1	HG02886_mat_hprc_r2_v1.0.1_HML-2_3q12.3
3q12.3	HG02886	pat	TypeI	1	HG02886_pat_hprc_r2_v1.0.1_HML-2_3q12.3
3q12.3	HG02922	h1	TypeI	1	HG02922_hap1_hprc_r2_v1.0.1_HML-2_3q12.3
3q12.3	HG02922	h2	TypeI	1	HG02922_hap2_hprc_r2_v1.0.1_HML-2_3q12.3
3q12.3	HG02953	h1	TypeI	1	HG02953_h1_HML-2_3q12.3_graph_hgsvc3-2024-02-23-mc-chm13
3q12.3	HG02953	h2	TypeI	1	HG02953_h2_HML-2_3q12.3_graph_hgsvc3-2024-02-23-mc-chm13
3q12.3	HG02965	h1	TypeI	1	HG02965_hap1_hprc_r2_v1.0.1_HML-2_3q12.3
3q12.3	HG02965	h2	TypeI	1	HG02965_hap2_hprc_r2_v1.0.1_HML-2_3q12.3
3q12.3	HG02976	h1	TypeI	1	HG02976_hap1_hprc_r2_v1.0.1_HML-2_3q12.3
3q12.3	HG02976	h2	TypeI	1	HG02976_hap2_hprc_r2_v1.0.1_HML-2_3q12.3
3q12.3	HG02984	mat	TypeI	1	HG02984_mat_hprc_r2_v1.0.1_HML-2_3q12.3
3q12.3	HG02984	pat	TypeI	1	HG02984_pat_hprc_r2_v1.0.1_HML-2_3q12.3
3q12.3	HG03009	h1	TypeI	1	HG03009_h1_HML-2_3q12.3_graph_hgsvc3-2024-02-23-mc-chm13
3q12.3	HG03009	h2	TypeI	1	HG03009_h2_HML-2_3q12.3_graph_hgsvc3-2024-02-23-mc-chm13
3q12.3	HG03017	mat	TypeI	1	HG03017_mat_hprc_r2_v1.0.1_HML-2_3q12.3
3q12.3	HG03017	pat	TypeI	1	HG03017_pat_hprc_r2_v1.0.1_HML-2_3q12.3
3q12.3	HG03041	mat	TypeI	1	HG03041_mat_hprc_r2_v1.0.1_HML-2_3q12.3
3q12.3	HG03041	pat	TypeI	1	HG03041_pat_hprc_r2_v1.0.1_HML-2_3q12.3
3q12.3	HG03050	mat	TypeI	1	HG03050_mat_hprc_r2_v1.0.1_HML-2_3q12.3
3q12.3	HG03050	pat	TypeI	1	HG03050_pat_hprc_r2_v1.0.1_HML-2_3q12.3
3q12.3	HG03065	h1	TypeI	1	HG03065_h1_HML-2_3q12.3_graph_hgsvc3-2024-02-23-mc-chm13
3q12.3	HG03065	h2	TypeI	1	HG03065_h2_HML-2_3q12.3_graph_hgsvc3-2024-02-23-mc-chm13
3q12.3	HG03098	mat	TypeI	1	HG03098_mat_hprc_r2_v1.0.1_HML-2_3q12.3
3q12.3	HG03098	pat	TypeI	1	HG03098_pat_hprc_r2_v1.0.1_HML-2_3q12.3
3q12.3	HG03130	h1	TypeI	1	HG03130_hap1_hprc_r2_v1.0.1_HML-2_3q12.3
3q12.3	HG03130	h2	TypeI	1	HG03130_hap2_hprc_r2_v1.0.1_HML-2_3q12.3
3q12.3	HG03139	h1	TypeI	1	HG03139_hap1_hprc_r2_v1.0.1_HML-2_3q12.3
3q12.3	HG03139	h2	TypeI	1	HG03139_hap2_hprc_r2_v1.0.1_HML-2_3q12.3
3q12.3	HG03195	h1	TypeI	1	HG03195_hap1_hprc_r2_v1.0.1_HML-2_3q12.3
3q12.3	HG03195	h2	TypeI	1	HG03195_hap2_hprc_r2_v1.0.1_HML-2_3q12.3
3q12.3	HG03209	h1	TypeI	1	HG03209_hap1_hprc_r2_v1.0.1_HML-2_3q12.3
3q12.3	HG03209	h2	TypeI	1	HG03209_hap2_hprc_r2_v1.0.1_HML-2_3q12.3
3q12.3	HG03225	h1	TypeI	1	HG03225_hap1_hprc_r2_v1.0.1_HML-2_3q12.3
3q12.3	HG03225	h2	TypeI	1	HG03225_hap2_hprc_r2_v1.0.1_HML-2_3q12.3
3q12.3	HG03239	mat	TypeI	1	HG03239_mat_hprc_r2_v1.0.1_HML-2_3q12.3
3q12.3	HG03239	pat	TypeI	1	HG03239_pat_hprc_r2_v1.0.1_HML-2_3q12.3
3q12.3	HG03248	h1	TypeI	1	HG03248_h1_HML-2_3q12.3_graph_hgsvc3-2024-02-23-mc-chm13
3q12.3	HG03248	h2	TypeI	1	HG03248_h2_HML-2_3q12.3_graph_hgsvc3-2024-02-23-mc-chm13
3q12.3	HG03270	h1	TypeI	1	HG03270_hap1_hprc_r2_v1.0.1_HML-2_3q12.3
3q12.3	HG03270	h2	TypeI	1	HG03270_hap2_hprc_r2_v1.0.1_HML-2_3q12.3
3q12.3	HG03369	h1	TypeI	1	HG03369_hap1_hprc_r2_v1.0.1_HML-2_3q12.3
3q12.3	HG03369	h2	TypeI	1	HG03369_hap2_hprc_r2_v1.0.1_HML-2_3q12.3
3q12.3	HG03371	h1	TypeI	1	HG03371_h1_HML-2_3q12.3_graph_hgsvc3-2024-02-23-mc-chm13
3q12.3	HG03371	h2	TypeI	1	HG03371_h2_HML-2_3q12.3_graph_hgsvc3-2024-02-23-mc-chm13
3q12.3	HG03452	h1	TypeI	1	HG03452_h1_HML-2_3q12.3_graph_hgsvc3-2024-02-23-mc-chm13
3q12.3	HG03452	h2	TypeI	1	HG03452_h2_HML-2_3q12.3_graph_hgsvc3-2024-02-23-mc-chm13
3q12.3	HG03453	mat	TypeI	1	HG03453_mat_hprc_r2_v1.0.1_HML-2_3q12.3
3q12.3	HG03453	pat	TypeI	1	HG03453_pat_hprc_r2_v1.0.1_HML-2_3q12.3
3q12.3	HG03456	h1	TypeI	1	HG03456_h1_HML-2_3q12.3_graph_hgsvc3-2024-02-23-mc-chm13
3q12.3	HG03456	h2	TypeI	1	HG03456_h2_HML-2_3q12.3_graph_hgsvc3-2024-02-23-mc-chm13
3q12.3	HG03470	h1	TypeI	1	HG03470_hap1_hprc_r2_v1.0.1_HML-2_3q12.3
3q12.3	HG03470	h2	TypeI	1	HG03470_hap2_hprc_r2_v1.0.1_HML-2_3q12.3
3q12.3	HG03471	h1	TypeI	1	HG03471_hap1_hprc_r2_v1.0.1_HML-2_3q12.3
3q12.3	HG03471	h2	TypeI	1	HG03471_hap2_hprc_r2_v1.0.1_HML-2_3q12.3
3q12.3	HG03486	mat	TypeI	1	HG03486_mat_hprc_r2_v1.0.1_HML-2_3q12.3
3q12.3	HG03486	pat	TypeI	1	HG03486_pat_hprc_r2_v1.0.1_HML-2_3q12.3
3q12.3	HG03516	mat	TypeI	1	HG03516_mat_hprc_r2_v1.1.0_HML-2_3q12.3
3q12.3	HG03516	pat	TypeI	1	HG03516_pat_hprc_r2_v1.1.0_HML-2_3q12.3
3q12.3	HG03520	h1	TypeI	1	HG03520_h1_HML-2_3q12.3_graph_hgsvc3-2024-02-23-mc-chm13
3q12.3	HG03520	h2	TypeI	1	HG03520_h2_HML-2_3q12.3_graph_hgsvc3-2024-02-23-mc-chm13
3q12.3	HG03521	h1	TypeI	1	HG03521_hap1_hprc_r2_v1.0.1_HML-2_3q12.3
3q12.3	HG03521	h2	TypeI	1	HG03521_hap2_hprc_r2_v1.0.1_HML-2_3q12.3
3q12.3	HG03540	mat	TypeI	1	HG03540_mat_hprc_r2_v1.0.1_HML-2_3q12.3
3q12.3	HG03540	pat	TypeI	1	HG03540_pat_hprc_r2_v1.0.1_HML-2_3q12.3
3q12.3	HG03579	mat	TypeI	1	HG03579_mat_hprc_r2_v1.0.1_HML-2_3q12.3
3q12.3	HG03579	pat	cassette_unrepresented_fragment	1	HG03579_pat_hprc_r2_v1.0.1_HML-2_3q12.3
3q12.3	HG03583	h1	TypeI	1	HG03583_hap1_hprc_r2_v1.0.1_HML-2_3q12.3
3q12.3	HG03583	h2	TypeI	1	HG03583_hap2_hprc_r2_v1.0.1_HML-2_3q12.3
3q12.3	HG03654	mat	TypeI	1	HG03654_mat_hprc_r2_v1.0.1_HML-2_3q12.3
3q12.3	HG03654	pat	TypeI	1	HG03654_pat_hprc_r2_v1.0.1_HML-2_3q12.3
3q12.3	HG03669	mat	TypeI	1	HG03669_mat_hprc_r2_v1.0.1_HML-2_3q12.3
3q12.3	HG03669	pat	TypeI	1	HG03669_pat_hprc_r2_v1.0.1_HML-2_3q12.3
3q12.3	HG03683	h1	TypeI	1	HG03683_h1_HML-2_3q12.3_graph_hgsvc3-2024-02-23-mc-chm13
3q12.3	HG03683	h2	TypeI	1	HG03683_h2_HML-2_3q12.3_graph_hgsvc3-2024-02-23-mc-chm13
3q12.3	HG03688	mat	TypeI	1	HG03688_mat_hprc_r2_v1.0.1_HML-2_3q12.3
3q12.3	HG03688	pat	TypeI	1	HG03688_pat_hprc_r2_v1.0.1_HML-2_3q12.3
3q12.3	HG03704	mat	TypeI	1	HG03704_mat_hprc_r2_v1.0.1_HML-2_3q12.3
3q12.3	HG03704	pat	TypeI	1	HG03704_pat_hprc_r2_v1.0.1_HML-2_3q12.3
3q12.3	HG03710	mat	TypeI	1	HG03710_mat_hprc_r2_v1.0.1_HML-2_3q12.3
3q12.3	HG03710	pat	TypeI	1	HG03710_pat_hprc_r2_v1.0.1_HML-2_3q12.3
3q12.3	HG03732	h1	TypeI	1	HG03732_h1_HML-2_3q12.3_graph_hgsvc3-2024-02-23-mc-chm13
3q12.3	HG03732	h2	TypeI	1	HG03732_h2_HML-2_3q12.3_graph_hgsvc3-2024-02-23-mc-chm13
3q12.3	HG03742	h1	TypeI	1	HG03742_hap1_hprc_r2_v1.0.1_HML-2_3q12.3
3q12.3	HG03742	h2	TypeI	1	HG03742_hap2_hprc_r2_v1.0.1_HML-2_3q12.3
3q12.3	HG03784	h1	TypeI	1	HG03784_hap1_hprc_r2_v1.0.1_HML-2_3q12.3
3q12.3	HG03784	h2	TypeI	1	HG03784_hap2_hprc_r2_v1.0.1_HML-2_3q12.3
3q12.3	HG03804	mat	TypeI	1	HG03804_mat_hprc_r2_v1.0.1_HML-2_3q12.3
3q12.3	HG03804	pat	TypeI	1	HG03804_pat_hprc_r2_v1.0.1_HML-2_3q12.3
3q12.3	HG03807	h1	TypeI	1	HG03807_h1_HML-2_3q12.3_graph_hgsvc3-2024-02-23-mc-chm13
3q12.3	HG03807	h2	TypeI	1	HG03807_h2_HML-2_3q12.3_graph_hgsvc3-2024-02-23-mc-chm13
3q12.3	HG03816	mat	TypeI	1	HG03816_mat_hprc_r2_v1.0.1_HML-2_3q12.3
3q12.3	HG03816	pat	TypeI	1	HG03816_pat_hprc_r2_v1.0.1_HML-2_3q12.3
3q12.3	HG03831	mat	TypeI	1	HG03831_mat_hprc_r2_v1.0.1_HML-2_3q12.3
3q12.3	HG03831	pat	TypeI	1	HG03831_pat_hprc_r2_v1.0.1_HML-2_3q12.3
3q12.3	HG03834	mat	TypeI	1	HG03834_mat_hprc_r2_v1.0.1_HML-2_3q12.3
3q12.3	HG03834	pat	TypeI	1	HG03834_pat_hprc_r2_v1.0.1_HML-2_3q12.3
3q12.3	HG03874	h1	TypeI	1	HG03874_hap1_hprc_r2_v1.0.1_HML-2_3q12.3
3q12.3	HG03874	h2	TypeI	1	HG03874_hap2_hprc_r2_v1.0.1_HML-2_3q12.3
3q12.3	HG03927	mat	TypeI	1	HG03927_mat_hprc_r2_v1.0.1_HML-2_3q12.3
3q12.3	HG03927	pat	TypeI	1	HG03927_pat_hprc_r2_v1.0.1_HML-2_3q12.3
3q12.3	HG03942	mat	TypeI	1	HG03942_mat_hprc_r2_v1.0.1_HML-2_3q12.3
3q12.3	HG03942	pat	TypeI	1	HG03942_pat_hprc_r2_v1.0.1_HML-2_3q12.3
3q12.3	HG04036	h1	TypeI	1	HG04036_h1_HML-2_3q12.3_graph_hgsvc3-2024-02-23-mc-chm13
3q12.3	HG04036	h2	TypeI	1	HG04036_h2_HML-2_3q12.3_graph_hgsvc3-2024-02-23-mc-chm13
3q12.3	HG04115	mat	TypeI	1	HG04115_mat_hprc_r2_v1.0.1_HML-2_3q12.3
3q12.3	HG04115	pat	TypeI	1	HG04115_pat_hprc_r2_v1.0.1_HML-2_3q12.3
3q12.3	HG04157	mat	TypeI	1	HG04157_mat_hprc_r2_v1.0.1_HML-2_3q12.3
3q12.3	HG04157	pat	TypeI	1	HG04157_pat_hprc_r2_v1.0.1_HML-2_3q12.3
3q12.3	HG04160	mat	TypeI	1	HG04160_mat_hprc_r2_v1.0.1_HML-2_3q12.3
3q12.3	HG04160	pat	TypeI	1	HG04160_pat_hprc_r2_v1.0.1_HML-2_3q12.3
3q12.3	HG04184	mat	TypeI	1	HG04184_mat_hprc_r2_v1.0.1_HML-2_3q12.3
3q12.3	HG04184	pat	TypeI	1	HG04184_pat_hprc_r2_v1.0.1_HML-2_3q12.3
3q12.3	HG04187	mat	TypeI	1	HG04187_mat_hprc_r2_v1.0.1_HML-2_3q12.3
3q12.3	HG04187	pat	TypeI	1	HG04187_pat_hprc_r2_v1.0.1_HML-2_3q12.3
3q12.3	HG04199	mat	TypeI	1	HG04199_mat_hprc_r2_v1.0.1_HML-2_3q12.3
3q12.3	HG04199	pat	TypeI	1	HG04199_pat_hprc_r2_v1.0.1_HML-2_3q12.3
3q12.3	HG04204	mat	TypeI	1	HG04204_mat_hprc_r2_v1.0.1_HML-2_3q12.3
3q12.3	HG04204	pat	TypeI	1	HG04204_pat_hprc_r2_v1.0.1_HML-2_3q12.3
3q12.3	HG04217	h1	TypeI	1	HG04217_h1_HML-2_3q12.3_graph_hgsvc3-2024-02-23-mc-chm13
3q12.3	HG04217	h2	TypeI	1	HG04217_h2_HML-2_3q12.3_graph_hgsvc3-2024-02-23-mc-chm13
3q12.3	HG04228	mat	TypeI	1	HG04228_mat_hprc_r2_v1.0.1_HML-2_3q12.3
3q12.3	HG04228	pat	TypeI	1	HG04228_pat_hprc_r2_v1.0.1_HML-2_3q12.3
3q12.3	HG06807	mat	TypeI	1	HG06807_mat_v1.0.genbank_HML-2_3q12.3
3q12.3	HG06807	pat	TypeI	1	HG06807_pat_v1.0.genbank_HML-2_3q12.3
3q12.3	NA12329	h1	TypeI	1	NA12329_h1_HML-2_3q12.3_graph_hgsvc3-2024-02-23-mc-chm13
3q12.3	NA12329	h2	TypeI	1	NA12329_h2_HML-2_3q12.3_graph_hgsvc3-2024-02-23-mc-chm13
3q12.3	NA18505	h1	TypeI	1	NA18505_hap1_hprc_r2_v1.0.1_HML-2_3q12.3
3q12.3	NA18505	h2	TypeI	1	NA18505_hap2_hprc_r2_v1.0.1_HML-2_3q12.3
3q12.3	NA18508	h1	TypeI	1	NA18508_hap1_hprc_r2_v1.0.1_HML-2_3q12.3
3q12.3	NA18508	h2	TypeI	1	NA18508_hap2_hprc_r2_v1.0.1_HML-2_3q12.3
3q12.3	NA18522	h1	TypeI	1	NA18522_hap1_hprc_r2_v1.0.1_HML-2_3q12.3
3q12.3	NA18522	h2	TypeI	1	NA18522_hap2_hprc_r2_v1.0.1_HML-2_3q12.3
3q12.3	NA18534	h1	TypeI	1	NA18534_h1_HML-2_3q12.3_graph_hgsvc3-2024-02-23-mc-chm13
3q12.3	NA18534	h2	TypeI	1	NA18534_h2_HML-2_3q12.3_graph_hgsvc3-2024-02-23-mc-chm13
3q12.3	NA18565	h1	TypeI	1	NA18565_hap1_hprc_r2_v1.0.1_HML-2_3q12.3
3q12.3	NA18565	h2	TypeI	1	NA18565_hap2_hprc_r2_v1.0.1_HML-2_3q12.3
3q12.3	NA18570	h1	TypeI	1	NA18570_hap1_hprc_r2_v1.0.1_HML-2_3q12.3
3q12.3	NA18570	h2	TypeI	1	NA18570_hap2_hprc_r2_v1.0.1_HML-2_3q12.3
3q12.3	NA18608	h1	TypeI	1	NA18608_hap1_hprc_r2_v1.0.1_HML-2_3q12.3
3q12.3	NA18608	h2	TypeI	1	NA18608_hap2_hprc_r2_v1.0.1_HML-2_3q12.3
3q12.3	NA18620	h1	TypeI	1	NA18620_hap1_hprc_r2_v1.0.1_HML-2_3q12.3
3q12.3	NA18620	h2	TypeI	1	NA18620_hap2_hprc_r2_v1.0.1_HML-2_3q12.3
3q12.3	NA18747	h1	TypeI	1	NA18747_hap1_hprc_r2_v1.0.1_HML-2_3q12.3
3q12.3	NA18747	h2	TypeI	1	NA18747_hap2_hprc_r2_v1.0.1_HML-2_3q12.3
3q12.3	NA18879	h1	TypeI	1	NA18879_hap1_hprc_r2_v1.0.1_HML-2_3q12.3
3q12.3	NA18879	h2	cassette_unrepresented_fragment	1	NA18879_hap2_hprc_r2_v1.0.1_HML-2_3q12.3
3q12.3	NA18906	mat	TypeI	1	NA18906_mat_hprc_r2_v1.0.1_HML-2_3q12.3
3q12.3	NA18906	pat	TypeI	1	NA18906_pat_hprc_r2_v1.0.1_HML-2_3q12.3
3q12.3	NA18939	h1	TypeI	1	NA18939_h1_HML-2_3q12.3_graph_hgsvc3-2024-02-23-mc-chm13
3q12.3	NA18939	h2	TypeI	1	NA18939_h2_HML-2_3q12.3_graph_hgsvc3-2024-02-23-mc-chm13
3q12.3	NA18940	h1	TypeI	1	NA18940_hap1_hprc_r2_v1.0.1_HML-2_3q12.3
3q12.3	NA18940	h2	TypeI	1	NA18940_hap2_hprc_r2_v1.0.1_HML-2_3q12.3
3q12.3	NA18943	h1	TypeI	1	NA18943_hap1_hprc_r2_v1.0.1_HML-2_3q12.3
3q12.3	NA18943	h2	TypeI	1	NA18943_hap2_hprc_r2_v1.0.1_HML-2_3q12.3
3q12.3	NA18944	h1	TypeI	1	NA18944_hap1_hprc_r2_v1.0.1_HML-2_3q12.3
3q12.3	NA18944	h2	TypeI	1	NA18944_hap2_hprc_r2_v1.0.1_HML-2_3q12.3
3q12.3	NA18945	h1	TypeI	1	NA18945_hap1_hprc_r2_v1.0.1_HML-2_3q12.3
3q12.3	NA18945	h2	TypeI	1	NA18945_hap2_hprc_r2_v1.0.1_HML-2_3q12.3
3q12.3	NA18948	h1	TypeI	1	NA18948_hap1_hprc_r2_v1.0.1_HML-2_3q12.3
3q12.3	NA18948	h2	TypeI	1	NA18948_hap2_hprc_r2_v1.0.1_HML-2_3q12.3
3q12.3	NA18952	h1	TypeI	1	NA18952_hap1_hprc_r2_v1.0.1_HML-2_3q12.3
3q12.3	NA18952	h2	TypeI	1	NA18952_hap2_hprc_r2_v1.0.1_HML-2_3q12.3
3q12.3	NA18959	h1	TypeI	1	NA18959_hap1_hprc_r2_v1.0.1_HML-2_3q12.3
3q12.3	NA18959	h2	TypeI	1	NA18959_hap2_hprc_r2_v1.0.1_HML-2_3q12.3
3q12.3	NA18960	h1	TypeI	1	NA18960_hap1_hprc_r2_v1.0.1_HML-2_3q12.3
3q12.3	NA18960	h2	TypeI	1	NA18960_hap2_hprc_r2_v1.0.1_HML-2_3q12.3
3q12.3	NA18967	h1	TypeI	1	NA18967_hap1_hprc_r2_v1.0.1_HML-2_3q12.3
3q12.3	NA18967	h2	TypeI	1	NA18967_hap2_hprc_r2_v1.0.1_HML-2_3q12.3
3q12.3	NA18970	h1	TypeI	1	NA18970_hap1_hprc_r2_v1.0.1_HML-2_3q12.3
3q12.3	NA18970	h2	TypeI	1	NA18970_hap2_hprc_r2_v1.0.1_HML-2_3q12.3
3q12.3	NA18971	h1	TypeI	1	NA18971_hap1_hprc_r2_v1.0.1_HML-2_3q12.3
3q12.3	NA18971	h2	TypeI	1	NA18971_hap2_hprc_r2_v1.0.1_HML-2_3q12.3
3q12.3	NA18974	h1	TypeI	1	NA18974_hap1_hprc_r2_v1.0.1_HML-2_3q12.3
3q12.3	NA18974	h2	TypeI	1	NA18974_hap2_hprc_r2_v1.0.1_HML-2_3q12.3
3q12.3	NA18976	h1	TypeI	1	NA18976_hap1_hprc_r2_v1.0.1_HML-2_3q12.3
3q12.3	NA18976	h2	TypeI	1	NA18976_hap2_hprc_r2_v1.0.1_HML-2_3q12.3
3q12.3	NA18982	h1	TypeI	1	NA18982_hap1_hprc_r2_v1.0.1_HML-2_3q12.3
3q12.3	NA18982	h2	TypeI	1	NA18982_hap2_hprc_r2_v1.0.1_HML-2_3q12.3
3q12.3	NA18983	h1	TypeI	1	NA18983_hap1_hprc_r2_v1.0.1_HML-2_3q12.3
3q12.3	NA18983	h2	TypeI	1	NA18983_hap2_hprc_r2_v1.0.1_HML-2_3q12.3
3q12.3	NA18989	h1	TypeI	1	NA18989_h1_HML-2_3q12.3_graph_hgsvc3-2024-02-23-mc-chm13
3q12.3	NA18989	h2	TypeI	1	NA18989_h2_HML-2_3q12.3_graph_hgsvc3-2024-02-23-mc-chm13
3q12.3	NA19036	h1	TypeI	1	NA19036_hap1_hprc_r2_v1.0.1_HML-2_3q12.3
3q12.3	NA19036	h2	TypeI	1	NA19036_hap2_hprc_r2_v1.0.1_HML-2_3q12.3
3q12.3	NA19043	h1	TypeI	1	NA19043_hap1_hprc_r2_v1.0.1_HML-2_3q12.3
3q12.3	NA19043	h2	TypeI	1	NA19043_hap2_hprc_r2_v1.0.1_HML-2_3q12.3
3q12.3	NA19087	h1	TypeI	1	NA19087_hap1_hprc_r2_v1.0.1_HML-2_3q12.3
3q12.3	NA19087	h2	TypeI	1	NA19087_hap2_hprc_r2_v1.0.1_HML-2_3q12.3
3q12.3	NA19129	h1	TypeI	1	NA19129_h1_HML-2_3q12.3_graph_hgsvc3-2024-02-23-mc-chm13
3q12.3	NA19129	h2	TypeI	1	NA19129_h2_HML-2_3q12.3_graph_hgsvc3-2024-02-23-mc-chm13
3q12.3	NA19159	h1	TypeI	1	NA19159_hap1_hprc_r2_v1.0.1_HML-2_3q12.3
3q12.3	NA19159	h2	TypeI	1	NA19159_hap2_hprc_r2_v1.0.1_HML-2_3q12.3
3q12.3	NA19185	h1	TypeI	1	NA19185_hap1_hprc_r2_v1.0.1_HML-2_3q12.3
3q12.3	NA19185	h2	TypeI	1	NA19185_hap2_hprc_r2_v1.0.1_HML-2_3q12.3
3q12.3	NA19238	h1	TypeI	1	NA19238_h1_HML-2_3q12.3_graph_hgsvc3-2024-02-23-mc-chm13
3q12.3	NA19238	h2	TypeI	1	NA19238_h2_HML-2_3q12.3_graph_hgsvc3-2024-02-23-mc-chm13
3q12.3	NA19239	h1	TypeI	1	NA19239_h1_HML-2_3q12.3_graph_hgsvc3-2024-02-23-mc-chm13
3q12.3	NA19239	h2	TypeI	1	NA19239_h2_HML-2_3q12.3_graph_hgsvc3-2024-02-23-mc-chm13
3q12.3	NA19240	mat	TypeI	1	NA19240_mat_hprc_r2_v1.0.1_HML-2_3q12.3
3q12.3	NA19240	pat	TypeI	1	NA19240_pat_hprc_r2_v1.0.1_HML-2_3q12.3
3q12.3	NA19317	h1	TypeI	1	NA19317_h1_HML-2_3q12.3_graph_hgsvc3-2024-02-23-mc-chm13
3q12.3	NA19317	h2	TypeI	1	NA19317_h2_HML-2_3q12.3_graph_hgsvc3-2024-02-23-mc-chm13
3q12.3	NA19331	h1	TypeI	1	NA19331_h1_HML-2_3q12.3_graph_hgsvc3-2024-02-23-mc-chm13
3q12.3	NA19331	h2	TypeI	1	NA19331_h2_HML-2_3q12.3_graph_hgsvc3-2024-02-23-mc-chm13
3q12.3	NA19338	h1	cassette_unrepresented_fragment	1	NA19338_hap1_hprc_r2_v1.0.1_HML-2_3q12.3
3q12.3	NA19338	h2	TypeI	1	NA19338_hap2_hprc_r2_v1.0.1_HML-2_3q12.3
3q12.3	NA19347	h1	TypeI	1	NA19347_h1_HML-2_3q12.3_graph_hgsvc3-2024-02-23-mc-chm13
3q12.3	NA19347	h2	TypeI	1	NA19347_h2_HML-2_3q12.3_graph_hgsvc3-2024-02-23-mc-chm13
3q12.3	NA19384	h1	TypeI	1	NA19384_h1_HML-2_3q12.3_graph_hgsvc3-2024-02-23-mc-chm13
3q12.3	NA19384	h2	TypeI	1	NA19384_h2_HML-2_3q12.3_graph_hgsvc3-2024-02-23-mc-chm13
3q12.3	NA19391	h1	TypeI	1	NA19391_hap1_hprc_r2_v1.0.1_HML-2_3q12.3
3q12.3	NA19391	h2	TypeI	1	NA19391_hap2_hprc_r2_v1.0.1_HML-2_3q12.3
3q12.3	NA19434	h1	TypeI	1	NA19434_h1_HML-2_3q12.3_graph_hgsvc3-2024-02-23-mc-chm13
3q12.3	NA19434	h2	TypeI	1	NA19434_h2_HML-2_3q12.3_graph_hgsvc3-2024-02-23-mc-chm13
3q12.3	NA19443	h1	TypeI	1	NA19443_hap1_hprc_r2_v1.0.1_HML-2_3q12.3
3q12.3	NA19443	h2	TypeI	1	NA19443_hap2_hprc_r2_v1.0.1_HML-2_3q12.3
3q12.3	NA19468	h1	TypeI	1	NA19468_hap1_hprc_r2_v1.0.1_HML-2_3q12.3
3q12.3	NA19468	h2	TypeI	1	NA19468_hap2_hprc_r2_v1.0.1_HML-2_3q12.3
3q12.3	NA19650	h1	TypeI	1	NA19650_h1_HML-2_3q12.3_graph_hgsvc3-2024-02-23-mc-chm13
3q12.3	NA19650	h2	TypeI	1	NA19650_h2_HML-2_3q12.3_graph_hgsvc3-2024-02-23-mc-chm13
3q12.3	NA19682	h1	TypeI	1	NA19682_hap1_hprc_r2_v1.0.1_HML-2_3q12.3
3q12.3	NA19682	h2	TypeI	1	NA19682_hap2_hprc_r2_v1.0.1_HML-2_3q12.3
3q12.3	NA19700	h1	TypeI	1	NA19700_hap1_hprc_r2_v1.0.1_HML-2_3q12.3
3q12.3	NA19700	h2	TypeI	1	NA19700_hap2_hprc_r2_v1.0.1_HML-2_3q12.3
3q12.3	NA19705	h1	solo_LTR	1	NA19705_h1_HML-2_3q12.3_graph_hgsvc3-2024-02-23-mc-chm13
3q12.3	NA19705	h2	solo_LTR	1	NA19705_h2_HML-2_3q12.3_graph_hgsvc3-2024-02-23-mc-chm13
3q12.3	NA19776	h1	TypeI	1	NA19776_hap1_hprc_r2_v1.0.1_HML-2_3q12.3
3q12.3	NA19776	h2	TypeI	1	NA19776_hap2_hprc_r2_v1.0.1_HML-2_3q12.3
3q12.3	NA19835	h1	TypeI	1	NA19835_hap1_hprc_r2_v1.0.1_HML-2_3q12.3
3q12.3	NA19835	h2	TypeI	1	NA19835_hap2_hprc_r2_v1.0.1_HML-2_3q12.3
3q12.3	NA19836	h1	TypeI	1	NA19836_h1_HML-2_3q12.3_graph_hgsvc3-2024-02-23-mc-chm13
3q12.3	NA19836	h2	TypeI	1	NA19836_h2_HML-2_3q12.3_graph_hgsvc3-2024-02-23-mc-chm13
3q12.3	NA19909	h1	TypeI	1	NA19909_hap1_hprc_r2_v1.0.1_HML-2_3q12.3
3q12.3	NA19909	h2	TypeI	1	NA19909_hap2_hprc_r2_v1.0.1_HML-2_3q12.3
3q12.3	NA19983	h1	TypeI	1	NA19983_h1_HML-2_3q12.3_graph_hgsvc3-2024-02-23-mc-chm13
3q12.3	NA19983	h2	TypeI	1	NA19983_h2_HML-2_3q12.3_graph_hgsvc3-2024-02-23-mc-chm13
3q12.3	NA20129	mat	TypeI	1	NA20129_mat_hprc_r2_v1.0.1_HML-2_3q12.3
3q12.3	NA20129	pat	TypeI	1	NA20129_pat_hprc_r2_v1.0.1_HML-2_3q12.3
3q12.3	NA20282	h1	TypeI	1	NA20282_hap1_hprc_r2_v1.0.1_HML-2_3q12.3
3q12.3	NA20282	h2	TypeI	1	NA20282_hap2_hprc_r2_v1.0.1_HML-2_3q12.3
3q12.3	NA20346	h1	TypeI	1	NA20346_hap1_hprc_r2_v1.0.1_HML-2_3q12.3
3q12.3	NA20346	h2	TypeI	1	NA20346_hap2_hprc_r2_v1.0.1_HML-2_3q12.3
3q12.3	NA20355	h1	TypeI	1	NA20355_h1_HML-2_3q12.3_graph_hgsvc3-2024-02-23-mc-chm13
3q12.3	NA20355	h2	TypeI	1	NA20355_h2_HML-2_3q12.3_graph_hgsvc3-2024-02-23-mc-chm13
3q12.3	NA20503	h1	TypeI	1	NA20503_hap1_hprc_r2_v1.0.1_HML-2_3q12.3
3q12.3	NA20503	h2	TypeI	1	NA20503_hap2_hprc_r2_v1.0.1_HML-2_3q12.3
3q12.3	NA20509	h1	TypeI	1	NA20509_h1_HML-2_3q12.3_graph_hgsvc3-2024-02-23-mc-chm13
3q12.3	NA20509	h2	TypeI	1	NA20509_h2_HML-2_3q12.3_graph_hgsvc3-2024-02-23-mc-chm13
3q12.3	NA20752	h1	TypeI	1	NA20752_hap1_hprc_r2_v1.0.1_HML-2_3q12.3
3q12.3	NA20752	h2	TypeI	1	NA20752_hap2_hprc_r2_v1.0.1_HML-2_3q12.3
3q12.3	NA20762	h1	TypeI	1	NA20762_hap1_hprc_r2_v1.0.1_HML-2_3q12.3
3q12.3	NA20762	h2	TypeI	1	NA20762_hap2_hprc_r2_v1.0.1_HML-2_3q12.3
3q12.3	NA20799	h1	TypeI	1	NA20799_hap1_hprc_r2_v1.0.1_HML-2_3q12.3
3q12.3	NA20799	h2	TypeI	1	NA20799_hap2_hprc_r2_v1.0.1_HML-2_3q12.3
3q12.3	NA20805	h1	TypeI	1	NA20805_hap1_hprc_r2_v1.0.1_HML-2_3q12.3
3q12.3	NA20805	h2	TypeI	1	NA20805_hap2_hprc_r2_v1.0.1_HML-2_3q12.3
3q12.3	NA20806	h1	TypeI	1	NA20806_hap1_hprc_r2_v1.0.1_HML-2_3q12.3
3q12.3	NA20806	h2	TypeI	1	NA20806_hap2_hprc_r2_v1.0.1_HML-2_3q12.3
3q12.3	NA20809	h1	TypeI	1	NA20809_hap1_hprc_r2_v1.0.1_HML-2_3q12.3
3q12.3	NA20809	h2	TypeI	1	NA20809_hap2_hprc_r2_v1.0.1_HML-2_3q12.3
3q12.3	NA20827	h1	TypeI	1	NA20827_hap1_hprc_r2_v1.0.1_HML-2_3q12.3
3q12.3	NA20827	h2	TypeI	1	NA20827_hap2_hprc_r2_v1.0.1_HML-2_3q12.3
3q12.3	NA20847	h1	TypeI	1	NA20847_h1_HML-2_3q12.3_graph_hgsvc3-2024-02-23-mc-chm13
3q12.3	NA20847	h2	TypeI	1	NA20847_h2_HML-2_3q12.3_graph_hgsvc3-2024-02-23-mc-chm13
3q12.3	NA20850	h1	TypeI	1	NA20850_hap1_hprc_r2_v1.0.1_HML-2_3q12.3
3q12.3	NA20850	h2	TypeI	1	NA20850_hap2_hprc_r2_v1.0.1_HML-2_3q12.3
3q12.3	NA20870	h1	TypeI	1	NA20870_hap1_hprc_r2_v1.0.1_HML-2_3q12.3
3q12.3	NA20870	h2	TypeI	1	NA20870_hap2_hprc_r2_v1.0.1_HML-2_3q12.3
3q12.3	NA20905	h1	TypeI	1	NA20905_hap1_hprc_r2_v1.0.1_HML-2_3q12.3
3q12.3	NA20905	h2	TypeI	1	NA20905_hap2_hprc_r2_v1.0.1_HML-2_3q12.3
3q12.3	NA21093	h1	TypeI	1	NA21093_hap1_hprc_r2_v1.0.1_HML-2_3q12.3
3q12.3	NA21093	h2	TypeI	1	NA21093_hap2_hprc_r2_v1.0.1_HML-2_3q12.3
3q12.3	NA21102	h1	TypeI	1	NA21102_hap1_hprc_r2_v1.0.1_HML-2_3q12.3
3q12.3	NA21102	h2	TypeI	1	NA21102_hap2_hprc_r2_v1.0.1_HML-2_3q12.3
3q12.3	NA21106	h1	TypeI	1	NA21106_hap1_hprc_r2_v1.0.1_HML-2_3q12.3
3q12.3	NA21106	h2	TypeI	1	NA21106_hap2_hprc_r2_v1.0.1_HML-2_3q12.3
3q12.3	NA21110	h1	TypeI	1	NA21110_hap1_hprc_r2_v1.0.1_HML-2_3q12.3
3q12.3	NA21110	h2	TypeI	1	NA21110_hap2_hprc_r2_v1.0.1_HML-2_3q12.3
3q12.3	NA21144	h1	TypeI	1	NA21144_hap1_hprc_r2_v1.0.1_HML-2_3q12.3
3q12.3	NA21144	h2	TypeI	1	NA21144_hap2_hprc_r2_v1.0.1_HML-2_3q12.3
3q12.3	NA21309	mat	TypeI	1	NA21309_mat_hprc_r2_v1.0.1_HML-2_3q12.3
3q12.3	NA21309	pat	TypeI	1	NA21309_pat_hprc_r2_v1.0.1_HML-2_3q12.3
3q12.3	NA21487	h1	TypeI	1	NA21487_h1_HML-2_3q12.3_graph_hgsvc3-2024-02-23-mc-chm13
3q12.3	NA21487	h2	TypeI	1	NA21487_h2_HML-2_3q12.3_graph_hgsvc3-2024-02-23-mc-chm13
3q12.3	NA24385	h1	TypeI	1	NA24385_h1_HML-2_3q12.3_graph_hgsvc3-2024-02-23-mc-chm13
3q12.3	NA24385	h2	TypeI	1	NA24385_h2_HML-2_3q12.3_graph_hgsvc3-2024-02-23-mc-chm13
3q13.2	HG00096	h1	TypeI	1	HG00096_h1_HML-2_3q13.2_graph_hgsvc3-2024-02-23-mc-chm13
3q13.2	HG00096	h2	TypeI	1	HG00096_h2_HML-2_3q13.2_graph_hgsvc3-2024-02-23-mc-chm13
3q13.2	HG00097	h1	TypeI	1	HG00097_hap1_hprc_r2_v1.0.1_HML-2_3q13.2
3q13.2	HG00097	h2	TypeI	1	HG00097_hap2_hprc_r2_v1.0.1_HML-2_3q13.2
3q13.2	HG00099	h1	TypeI	1	HG00099_hap1_hprc_r2_v1.0.1_HML-2_3q13.2
3q13.2	HG00099	h2	TypeI	1	HG00099_hap2_hprc_r2_v1.0.1_HML-2_3q13.2
3q13.2	HG00126	h1	TypeI	1	HG00126_hap1_hprc_r2_v1.0.1_HML-2_3q13.2
3q13.2	HG00126	h2	TypeI	1	HG00126_hap2_hprc_r2_v1.0.1_HML-2_3q13.2
3q13.2	HG00128	h1	TypeI	1	HG00128_hap1_hprc_r2_v1.0.1_HML-2_3q13.2
3q13.2	HG00128	h2	TypeI	1	HG00128_hap2_hprc_r2_v1.0.1_HML-2_3q13.2
3q13.2	HG00133	h1	TypeI	1	HG00133_hap1_hprc_r2_v1.0.1_HML-2_3q13.2
3q13.2	HG00133	h2	TypeI	1	HG00133_hap2_hprc_r2_v1.0.1_HML-2_3q13.2
3q13.2	HG00140	h1	TypeI	1	HG00140_hap1_hprc_r2_v1.0.1_HML-2_3q13.2
3q13.2	HG00140	h2	TypeI	1	HG00140_hap2_hprc_r2_v1.0.1_HML-2_3q13.2
3q13.2	HG00146	h1	TypeI	1	HG00146_hap1_hprc_r2_v1.0.1_HML-2_3q13.2
3q13.2	HG00146	h2	TypeI	1	HG00146_hap2_hprc_r2_v1.0.1_HML-2_3q13.2
3q13.2	HG00171	h1	TypeI	1	HG00171_h1_HML-2_3q13.2_graph_hgsvc3-2024-02-23-mc-chm13
3q13.2	HG00171	h2	TypeI	1	HG00171_h2_HML-2_3q13.2_graph_hgsvc3-2024-02-23-mc-chm13
3q13.2	HG00232	h1	TypeI	1	HG00232_hap1_hprc_r2_v1.0.1_HML-2_3q13.2
3q13.2	HG00232	h2	TypeI	1	HG00232_hap2_hprc_r2_v1.0.1_HML-2_3q13.2
3q13.2	HG00235	h1	TypeI	1	HG00235_hap1_hprc_r2_v1.0.1_HML-2_3q13.2
3q13.2	HG00235	h2	TypeI	1	HG00235_hap2_hprc_r2_v1.0.1_HML-2_3q13.2
3q13.2	HG00253	h1	TypeI	1	HG00253_hap1_hprc_r2_v1.0.1_HML-2_3q13.2
3q13.2	HG00253	h2	TypeI	1	HG00253_hap2_hprc_r2_v1.0.1_HML-2_3q13.2
3q13.2	HG00268	h1	TypeI	1	HG00268_h1_HML-2_3q13.2_graph_hgsvc3-2024-02-23-mc-chm13
3q13.2	HG00268	h2	TypeI	1	HG00268_h2_HML-2_3q13.2_graph_hgsvc3-2024-02-23-mc-chm13
3q13.2	HG00272	h1	TypeI	1	HG00272_hap1_hprc_r2_v1.0.1_HML-2_3q13.2
3q13.2	HG00272	h2	TypeI	1	HG00272_hap2_hprc_r2_v1.0.1_HML-2_3q13.2
3q13.2	HG00280	h1	TypeI	1	HG00280_hap1_hprc_r2_v1.0.1_HML-2_3q13.2
3q13.2	HG00280	h2	TypeI	1	HG00280_hap2_hprc_r2_v1.0.1_HML-2_3q13.2
3q13.2	HG00290	h1	TypeI	1	HG00290_hap1_hprc_r2_v1.0.1_HML-2_3q13.2
3q13.2	HG00290	h2	TypeI	1	HG00290_hap2_hprc_r2_v1.0.1_HML-2_3q13.2
3q13.2	HG00320	h1	TypeI	1	HG00320_hap1_hprc_r2_v1.0.1_HML-2_3q13.2
3q13.2	HG00320	h2	TypeI	1	HG00320_hap2_hprc_r2_v1.0.1_HML-2_3q13.2
3q13.2	HG00321	h1	TypeI	1	HG00321_hap1_hprc_r2_v1.0.1_HML-2_3q13.2
3q13.2	HG00321	h2	TypeI	1	HG00321_hap2_hprc_r2_v1.0.1_HML-2_3q13.2
3q13.2	HG00323	h1	TypeI	1	HG00323_hap1_hprc_r2_v1.0.1_HML-2_3q13.2
3q13.2	HG00323	h2	TypeI	1	HG00323_hap2_hprc_r2_v1.0.1_HML-2_3q13.2
3q13.2	HG00329	h1	TypeI	1	HG00329_hap1_hprc_r2_v1.0.1_HML-2_3q13.2
3q13.2	HG00329	h2	TypeI	1	HG00329_hap2_hprc_r2_v1.0.1_HML-2_3q13.2
3q13.2	HG00344	h1	TypeI	1	HG00344_hap1_hprc_r2_v1.0.1_HML-2_3q13.2
3q13.2	HG00344	h2	TypeI	1	HG00344_hap2_hprc_r2_v1.0.1_HML-2_3q13.2
3q13.2	HG00350	h1	TypeI	1	HG00350_hap1_hprc_r2_v1.0.1_HML-2_3q13.2
3q13.2	HG00350	h2	TypeI	1	HG00350_hap2_hprc_r2_v1.0.1_HML-2_3q13.2
3q13.2	HG00358	h1	TypeI	1	HG00358_h1_HML-2_3q13.2_graph_hgsvc3-2024-02-23-mc-chm13
3q13.2	HG00358	h2	TypeI	1	HG00358_h2_HML-2_3q13.2_graph_hgsvc3-2024-02-23-mc-chm13
3q13.2	HG00408	mat	TypeI	1	HG00408_mat_hprc_r2_v1.0.1_HML-2_3q13.2
3q13.2	HG00408	pat	TypeI	1	HG00408_pat_hprc_r2_v1.0.1_HML-2_3q13.2
3q13.2	HG00423	mat	TypeI	1	HG00423_mat_hprc_r2_v1.0.1_HML-2_3q13.2
3q13.2	HG00423	pat	TypeI	1	HG00423_pat_hprc_r2_v1.0.1_HML-2_3q13.2
3q13.2	HG00438	mat	TypeI	1	HG00438_mat_hprc_r2_v1.0.1_HML-2_3q13.2
3q13.2	HG00438	pat	TypeI	1	HG00438_pat_hprc_r2_v1.0.1_HML-2_3q13.2
3q13.2	HG005	mat	TypeI	1	HG005_mat_hprc_r2_v1.0.1_HML-2_3q13.2
3q13.2	HG005	pat	TypeI	1	HG005_pat_hprc_r2_v1.0.1_HML-2_3q13.2
3q13.2	HG00512	h1	TypeI	1	HG00512_h1_HML-2_3q13.2_graph_hgsvc3-2024-02-23-mc-chm13
3q13.2	HG00512	h2	TypeI	1	HG00512_h2_HML-2_3q13.2_graph_hgsvc3-2024-02-23-mc-chm13
3q13.2	HG00513	h1	TypeI	1	HG00513_h1_HML-2_3q13.2_graph_hgsvc3-2024-02-23-mc-chm13
3q13.2	HG00513	h2	TypeI	1	HG00513_h2_HML-2_3q13.2_graph_hgsvc3-2024-02-23-mc-chm13
3q13.2	HG00514	h1	TypeI	1	HG00514_h1_HML-2_3q13.2_graph_hgsvc3-2024-02-23-mc-chm13
3q13.2	HG00514	h2	TypeI	1	HG00514_h2_HML-2_3q13.2_graph_hgsvc3-2024-02-23-mc-chm13
3q13.2	HG00544	mat	TypeI	1	HG00544_mat_hprc_r2_v1.0.1_HML-2_3q13.2
3q13.2	HG00544	pat	TypeI	1	HG00544_pat_hprc_r2_v1.0.1_HML-2_3q13.2
3q13.2	HG00558	mat	TypeI	1	HG00558_mat_hprc_r2_v1.0.1_HML-2_3q13.2
3q13.2	HG00558	pat	TypeI	1	HG00558_pat_hprc_r2_v1.0.1_HML-2_3q13.2
3q13.2	HG00597	mat	TypeI	1	HG00597_mat_hprc_r2_v1.0.1_HML-2_3q13.2
3q13.2	HG00597	pat	TypeI	1	HG00597_pat_hprc_r2_v1.0.1_HML-2_3q13.2
3q13.2	HG00609	mat	TypeI	1	HG00609_mat_hprc_r2_v1.0.1_HML-2_3q13.2
3q13.2	HG00609	pat	TypeI	1	HG00609_pat_hprc_r2_v1.0.1_HML-2_3q13.2
3q13.2	HG00621	mat	TypeI	1	HG00621_mat_hprc_r2_v1.0.1_HML-2_3q13.2
3q13.2	HG00621	pat	TypeI	1	HG00621_pat_hprc_r2_v1.0.1_HML-2_3q13.2
3q13.2	HG00639	mat	TypeI	1	HG00639_mat_hprc_r2_v1.0.1_HML-2_3q13.2
3q13.2	HG00639	pat	TypeI	1	HG00639_pat_hprc_r2_v1.0.1_HML-2_3q13.2
3q13.2	HG00642	mat	TypeI	1	HG00642_mat_hprc_r2_v1.0.1_HML-2_3q13.2
3q13.2	HG00642	pat	TypeI	1	HG00642_pat_hprc_r2_v1.0.1_HML-2_3q13.2
3q13.2	HG00658	mat	TypeI	1	HG00658_mat_hprc_r2_v1.0.1_HML-2_3q13.2
3q13.2	HG00658	pat	TypeI	1	HG00658_pat_hprc_r2_v1.0.1_HML-2_3q13.2
3q13.2	HG00673	mat	TypeI	1	HG00673_mat_hprc_r2_v1.0.1_HML-2_3q13.2
3q13.2	HG00673	pat	TypeI	1	HG00673_pat_hprc_r2_v1.0.1_HML-2_3q13.2
3q13.2	HG00706	mat	TypeI	1	HG00706_mat_hprc_r2_v1.0.1_HML-2_3q13.2
3q13.2	HG00706	pat	TypeI	1	HG00706_pat_hprc_r2_v1.0.1_HML-2_3q13.2
3q13.2	HG00731	h1	TypeI	1	HG00731_h1_HML-2_3q13.2_graph_hgsvc3-2024-02-23-mc-chm13
3q13.2	HG00731	h2	TypeI	1	HG00731_h2_HML-2_3q13.2_graph_hgsvc3-2024-02-23-mc-chm13
3q13.2	HG00732	h1	TypeI	1	HG00732_h1_HML-2_3q13.2_graph_hgsvc3-2024-02-23-mc-chm13
3q13.2	HG00732	h2	TypeI	1	HG00732_h2_HML-2_3q13.2_graph_hgsvc3-2024-02-23-mc-chm13
3q13.2	HG00733	mat	TypeI	1	HG00733_mat_hprc_r2_v1.0.1_HML-2_3q13.2
3q13.2	HG00733	pat	TypeI	1	HG00733_pat_hprc_r2_v1.0.1_HML-2_3q13.2
3q13.2	HG00735	mat	TypeI	1	HG00735_mat_hprc_r2_v1.0.1_HML-2_3q13.2
3q13.2	HG00735	pat	solo_LTR	1	HG00735_pat_hprc_r2_v1.0.1_HML-2_3q13.2
3q13.2	HG00738	mat	TypeI	1	HG00738_mat_hprc_r2_v1.0.1_HML-2_3q13.2
3q13.2	HG00738	pat	TypeI	1	HG00738_pat_hprc_r2_v1.0.1_HML-2_3q13.2
3q13.2	HG00741	mat	TypeI	1	HG00741_mat_hprc_r2_v1.0.1_HML-2_3q13.2
3q13.2	HG00741	pat	solo_LTR	1	HG00741_pat_hprc_r2_v1.0.1_HML-2_3q13.2
3q13.2	HG00864	h1	TypeI	1	HG00864_h1_HML-2_3q13.2_graph_hgsvc3-2024-02-23-mc-chm13
3q13.2	HG00864	h2	TypeI	1	HG00864_h2_HML-2_3q13.2_graph_hgsvc3-2024-02-23-mc-chm13
3q13.2	HG01071	mat	TypeI	1	HG01071_mat_hprc_r2_v1.0.1_HML-2_3q13.2
3q13.2	HG01071	pat	TypeI	1	HG01071_pat_hprc_r2_v1.0.1_HML-2_3q13.2
3q13.2	HG01074	mat	TypeI	1	HG01074_mat_hprc_r2_v1.0.1_HML-2_3q13.2
3q13.2	HG01074	pat	TypeI	1	HG01074_pat_hprc_r2_v1.0.1_HML-2_3q13.2
3q13.2	HG01081	mat	TypeI	1	HG01081_mat_hprc_r2_v1.0.1_HML-2_3q13.2
3q13.2	HG01081	pat	TypeI	1	HG01081_pat_hprc_r2_v1.0.1_HML-2_3q13.2
3q13.2	HG01099	mat	TypeI	1	HG01099_mat_hprc_r2_v1.0.1_HML-2_3q13.2
3q13.2	HG01099	pat	TypeI	1	HG01099_pat_hprc_r2_v1.0.1_HML-2_3q13.2
3q13.2	HG01106	mat	TypeI	1	HG01106_mat_hprc_r2_v1.0.1_HML-2_3q13.2
3q13.2	HG01106	pat	TypeI	1	HG01106_pat_hprc_r2_v1.0.1_HML-2_3q13.2
3q13.2	HG01109	mat	TypeI	1	HG01109_mat_hprc_r2_v1.0.1_HML-2_3q13.2
3q13.2	HG01109	pat	TypeI	1	HG01109_pat_hprc_r2_v1.0.1_HML-2_3q13.2
3q13.2	HG01114	h1	TypeI	1	HG01114_h1_HML-2_3q13.2_graph_hgsvc3-2024-02-23-mc-chm13
3q13.2	HG01114	h2	TypeI	1	HG01114_h2_HML-2_3q13.2_graph_hgsvc3-2024-02-23-mc-chm13
3q13.2	HG01123	mat	solo_LTR	1	HG01123_mat_hprc_r2_v1.0.1_HML-2_3q13.2
3q13.2	HG01123	pat	TypeI	1	HG01123_pat_hprc_r2_v1.0.1_HML-2_3q13.2
3q13.2	HG01150	mat	TypeI	1	HG01150_mat_hprc_r2_v1.0.1_HML-2_3q13.2
3q13.2	HG01150	pat	TypeI	1	HG01150_pat_hprc_r2_v1.0.1_HML-2_3q13.2
3q13.2	HG01167	h1	TypeI	1	HG01167_hap1_hprc_r2_v1.0.1_HML-2_3q13.2
3q13.2	HG01167	h2	TypeI	1	HG01167_hap2_hprc_r2_v1.0.1_HML-2_3q13.2
3q13.2	HG01175	mat	TypeI	1	HG01175_mat_hprc_r2_v1.0.1_HML-2_3q13.2
3q13.2	HG01175	pat	TypeI	1	HG01175_pat_hprc_r2_v1.0.1_HML-2_3q13.2
3q13.2	HG01192	mat	TypeI	1	HG01192_mat_hprc_r2_v1.0.1_HML-2_3q13.2
3q13.2	HG01192	pat	TypeI	1	HG01192_pat_hprc_r2_v1.0.1_HML-2_3q13.2
3q13.2	HG01243	mat	TypeI	1	HG01243_mat_hprc_r2_v1.0.1_HML-2_3q13.2
3q13.2	HG01243	pat	TypeI	1	HG01243_pat_hprc_r2_v1.0.1_HML-2_3q13.2
3q13.2	HG01252	mat	TypeI	1	HG01252_mat_hprc_r2_v1.0.1_HML-2_3q13.2
3q13.2	HG01252	pat	TypeI	1	HG01252_pat_hprc_r2_v1.0.1_HML-2_3q13.2
3q13.2	HG01255	mat	TypeI	1	HG01255_mat_hprc_r2_v1.0.1_HML-2_3q13.2
3q13.2	HG01255	pat	TypeI	1	HG01255_pat_hprc_r2_v1.0.1_HML-2_3q13.2
3q13.2	HG01258	mat	TypeI	1	HG01258_mat_hprc_r2_v1.0.1_HML-2_3q13.2
3q13.2	HG01258	pat	TypeI	1	HG01258_pat_hprc_r2_v1.0.1_HML-2_3q13.2
3q13.2	HG01261	mat	TypeI	1	HG01261_mat_hprc_r2_v1.0.1_HML-2_3q13.2
3q13.2	HG01261	pat	TypeI	1	HG01261_pat_hprc_r2_v1.0.1_HML-2_3q13.2
3q13.2	HG01346	mat	TypeI	1	HG01346_mat_hprc_r2_v1.0.1_HML-2_3q13.2
3q13.2	HG01346	pat	TypeI	1	HG01346_pat_hprc_r2_v1.0.1_HML-2_3q13.2
3q13.2	HG01352	h1	TypeI	1	HG01352_h1_HML-2_3q13.2_graph_hgsvc3-2024-02-23-mc-chm13
3q13.2	HG01352	h2	solo_LTR	1	HG01352_h2_HML-2_3q13.2_graph_hgsvc3-2024-02-23-mc-chm13
3q13.2	HG01358	mat	TypeI	1	HG01358_mat_hprc_r2_v1.0.1_HML-2_3q13.2
3q13.2	HG01358	pat	TypeI	1	HG01358_pat_hprc_r2_v1.0.1_HML-2_3q13.2
3q13.2	HG01361	mat	TypeI	1	HG01361_mat_hprc_r2_v1.0.1_HML-2_3q13.2
3q13.2	HG01361	pat	TypeI	1	HG01361_pat_hprc_r2_v1.0.1_HML-2_3q13.2
3q13.2	HG01433	mat	TypeI	1	HG01433_mat_hprc_r2_v1.0.1_HML-2_3q13.2
3q13.2	HG01433	pat	TypeI	1	HG01433_pat_hprc_r2_v1.0.1_HML-2_3q13.2
3q13.2	HG01457	h1	TypeI	1	HG01457_h1_HML-2_3q13.2_graph_hgsvc3-2024-02-23-mc-chm13
3q13.2	HG01457	h2	TypeI	1	HG01457_h2_HML-2_3q13.2_graph_hgsvc3-2024-02-23-mc-chm13
3q13.2	HG01496	mat	TypeI	1	HG01496_mat_hprc_r2_v1.0.1_HML-2_3q13.2
3q13.2	HG01496	pat	TypeI	1	HG01496_pat_hprc_r2_v1.0.1_HML-2_3q13.2
3q13.2	HG01505	h1	solo_LTR	1	HG01505_h1_HML-2_3q13.2_graph_hgsvc3-2024-02-23-mc-chm13
3q13.2	HG01505	h2	TypeI	1	HG01505_h2_HML-2_3q13.2_graph_hgsvc3-2024-02-23-mc-chm13
3q13.2	HG01530	h1	TypeI	1	HG01530_hap1_hprc_r2_v1.0.1_HML-2_3q13.2
3q13.2	HG01530	h2	TypeI	1	HG01530_hap2_hprc_r2_v1.0.1_HML-2_3q13.2
3q13.2	HG01573	h1	TypeI	1	HG01573_h1_HML-2_3q13.2_graph_hgsvc3-2024-02-23-mc-chm13
3q13.2	HG01573	h2	TypeI	1	HG01573_h2_HML-2_3q13.2_graph_hgsvc3-2024-02-23-mc-chm13
3q13.2	HG01596	h1	TypeI	1	HG01596_h1_HML-2_3q13.2_graph_hgsvc3-2024-02-23-mc-chm13
3q13.2	HG01596	h2	TypeI	1	HG01596_h2_HML-2_3q13.2_graph_hgsvc3-2024-02-23-mc-chm13
3q13.2	HG01784	h1	TypeI	1	HG01784_hap1_hprc_r2_v1.0.1_HML-2_3q13.2
3q13.2	HG01784	h2	TypeI	1	HG01784_hap2_hprc_r2_v1.0.1_HML-2_3q13.2
3q13.2	HG01786	h1	TypeI	1	HG01786_hap1_hprc_r2_v1.0.1_HML-2_3q13.2
3q13.2	HG01786	h2	solo_LTR	1	HG01786_hap2_hprc_r2_v1.0.1_HML-2_3q13.2
3q13.2	HG01884	mat	TypeI	1	HG01884_mat_hprc_r2_v1.0.1_HML-2_3q13.2
3q13.2	HG01884	pat	solo_LTR	1	HG01884_pat_hprc_r2_v1.0.1_HML-2_3q13.2
3q13.2	HG01890	h1	solo_LTR	1	HG01890_h1_HML-2_3q13.2_graph_hgsvc3-2024-02-23-mc-chm13
3q13.2	HG01890	h2	solo_LTR	1	HG01890_h2_HML-2_3q13.2_graph_hgsvc3-2024-02-23-mc-chm13
3q13.2	HG01891	mat	TypeI	1	HG01891_mat_hprc_r2_v1.0.1_HML-2_3q13.2
3q13.2	HG01891	pat	solo_LTR	1	HG01891_pat_hprc_r2_v1.0.1_HML-2_3q13.2
3q13.2	HG01928	mat	TypeI	1	HG01928_mat_hprc_r2_v1.0.1_HML-2_3q13.2
3q13.2	HG01928	pat	TypeI	1	HG01928_pat_hprc_r2_v1.0.1_HML-2_3q13.2
3q13.2	HG01934	mat	TypeI	1	HG01934_mat_hprc_r2_v1.0.1_HML-2_3q13.2
3q13.2	HG01934	pat	TypeI	1	HG01934_pat_hprc_r2_v1.0.1_HML-2_3q13.2
3q13.2	HG01940	mat	TypeI	1	HG01940_mat_hprc_r2_v1.0.1_HML-2_3q13.2
3q13.2	HG01940	pat	TypeI	1	HG01940_pat_hprc_r2_v1.0.1_HML-2_3q13.2
3q13.2	HG01943	mat	TypeI	1	HG01943_mat_hprc_r2_v1.0.1_HML-2_3q13.2
3q13.2	HG01943	pat	TypeI	1	HG01943_pat_hprc_r2_v1.0.1_HML-2_3q13.2
3q13.2	HG01952	mat	TypeI	1	HG01952_mat_hprc_r2_v1.0.1_HML-2_3q13.2
3q13.2	HG01952	pat	TypeI	1	HG01952_pat_hprc_r2_v1.0.1_HML-2_3q13.2
3q13.2	HG01960	mat	TypeI	1	HG01960_mat_hprc_r2_v1.0.1_HML-2_3q13.2
3q13.2	HG01960	pat	TypeI	1	HG01960_pat_hprc_r2_v1.0.1_HML-2_3q13.2
3q13.2	HG01969	mat	TypeI	1	HG01969_mat_hprc_r2_v1.0.1_HML-2_3q13.2
3q13.2	HG01969	pat	TypeI	1	HG01969_pat_hprc_r2_v1.0.1_HML-2_3q13.2
3q13.2	HG01975	mat	TypeI	1	HG01975_mat_hprc_r2_v1.0.1_HML-2_3q13.2
3q13.2	HG01975	pat	TypeI	1	HG01975_pat_hprc_r2_v1.0.1_HML-2_3q13.2
3q13.2	HG01978	mat	TypeI	1	HG01978_mat_hprc_r2_v1.1.0_HML-2_3q13.2
3q13.2	HG01978	pat	TypeI	1	HG01978_pat_hprc_r2_v1.1.0_HML-2_3q13.2
3q13.2	HG01981	mat	TypeI	1	HG01981_mat_hprc_r2_v1.0.1_HML-2_3q13.2
3q13.2	HG01981	pat	TypeI	1	HG01981_pat_hprc_r2_v1.0.1_HML-2_3q13.2
3q13.2	HG01993	mat	TypeI	1	HG01993_mat_hprc_r2_v1.0.1_HML-2_3q13.2
3q13.2	HG01993	pat	TypeI	1	HG01993_pat_hprc_r2_v1.0.1_HML-2_3q13.2
3q13.2	HG02004	mat	TypeI	1	HG02004_mat_hprc_r2_v1.0.1_HML-2_3q13.2
3q13.2	HG02004	pat	TypeI	1	HG02004_pat_hprc_r2_v1.0.1_HML-2_3q13.2
3q13.2	HG02011	h1	solo_LTR	1	HG02011_h1_HML-2_3q13.2_graph_hgsvc3-2024-02-23-mc-chm13
3q13.2	HG02011	h2	TypeI	1	HG02011_h2_HML-2_3q13.2_graph_hgsvc3-2024-02-23-mc-chm13
3q13.2	HG02015	mat	TypeI	1	HG02015_mat_hprc_r2_v1.0.1_HML-2_3q13.2
3q13.2	HG02015	pat	TypeI	1	HG02015_pat_hprc_r2_v1.0.1_HML-2_3q13.2
3q13.2	HG02018	h1	TypeI	1	HG02018_h1_HML-2_3q13.2_graph_hgsvc3-2024-02-23-mc-chm13
3q13.2	HG02018	h2	TypeI	1	HG02018_h2_HML-2_3q13.2_graph_hgsvc3-2024-02-23-mc-chm13
3q13.2	HG02027	mat	TypeI	1	HG02027_mat_hprc_r2_v1.0.1_HML-2_3q13.2
3q13.2	HG02027	pat	TypeI	1	HG02027_pat_hprc_r2_v1.0.1_HML-2_3q13.2
3q13.2	HG02040	h1	TypeI	1	HG02040_hap1_hprc_r2_v1.0.1_HML-2_3q13.2
3q13.2	HG02040	h2	TypeI	2	HG02040_hap2_hprc_r2_v1.0.1_HML-2_3q13.2_MULTI_part1|HG02040_hap2_hprc_r2_v1.0.1_HML-2_3q13.2_MULTI_part2
3q13.2	HG02055	mat	solo_LTR	1	HG02055_mat_hprc_r2_v1.0.1_HML-2_3q13.2
3q13.2	HG02055	pat	solo_LTR	1	HG02055_pat_hprc_r2_v1.0.1_HML-2_3q13.2
3q13.2	HG02056	mat	solo_LTR	1	HG02056_mat_hprc_r2_v1.0.1_HML-2_3q13.2
3q13.2	HG02056	pat	TypeI	1	HG02056_pat_hprc_r2_v1.0.1_HML-2_3q13.2
3q13.2	HG02059	h1	TypeI	1	HG02059_h1_HML-2_3q13.2_graph_hgsvc3-2024-02-23-mc-chm13
3q13.2	HG02059	h2	TypeI	1	HG02059_h2_HML-2_3q13.2_graph_hgsvc3-2024-02-23-mc-chm13
3q13.2	HG02071	mat	TypeI	1	HG02071_mat_hprc_r2_v1.0.1_HML-2_3q13.2
3q13.2	HG02071	pat	TypeI	1	HG02071_pat_hprc_r2_v1.0.1_HML-2_3q13.2
3q13.2	HG02074	mat	TypeI	1	HG02074_mat_hprc_r2_v1.0.1_HML-2_3q13.2
3q13.2	HG02074	pat	TypeI	1	HG02074_pat_hprc_r2_v1.0.1_HML-2_3q13.2
3q13.2	HG02080	mat	TypeI	1	HG02080_mat_hprc_r2_v1.0.1_HML-2_3q13.2
3q13.2	HG02080	pat	solo_LTR	1	HG02080_pat_hprc_r2_v1.0.1_HML-2_3q13.2
3q13.2	HG02083	mat	TypeI	1	HG02083_mat_hprc_r2_v1.0.1_HML-2_3q13.2
3q13.2	HG02083	pat	TypeI	1	HG02083_pat_hprc_r2_v1.0.1_HML-2_3q13.2
3q13.2	HG02106	h1	TypeI	1	HG02106_h1_HML-2_3q13.2_graph_hgsvc3-2024-02-23-mc-chm13
3q13.2	HG02106	h2	TypeI	1	HG02106_h2_HML-2_3q13.2_graph_hgsvc3-2024-02-23-mc-chm13
3q13.2	HG02109	mat	TypeI	1	HG02109_mat_hprc_r2_v1.0.1_HML-2_3q13.2
3q13.2	HG02109	pat	TypeI	1	HG02109_pat_hprc_r2_v1.0.1_HML-2_3q13.2
3q13.2	HG02129	mat	TypeI	1	HG02129_mat_hprc_r2_v1.0.1_HML-2_3q13.2
3q13.2	HG02129	pat	TypeI	1	HG02129_pat_hprc_r2_v1.0.1_HML-2_3q13.2
3q13.2	HG02132	mat	TypeI	1	HG02132_mat_hprc_r2_v1.0.1_HML-2_3q13.2
3q13.2	HG02132	pat	TypeI	1	HG02132_pat_hprc_r2_v1.0.1_HML-2_3q13.2
3q13.2	HG02135	mat	TypeI	1	HG02135_mat_hprc_r2_v1.0.1_HML-2_3q13.2
3q13.2	HG02135	pat	TypeI	1	HG02135_pat_hprc_r2_v1.0.1_HML-2_3q13.2
3q13.2	HG02145	mat	solo_LTR	1	HG02145_mat_hprc_r2_v1.0.1_HML-2_3q13.2
3q13.2	HG02145	pat	TypeI	1	HG02145_pat_hprc_r2_v1.0.1_HML-2_3q13.2
3q13.2	HG02148	mat	TypeI	1	HG02148_mat_hprc_r2_v1.0.1_HML-2_3q13.2
3q13.2	HG02148	pat	TypeI	1	HG02148_pat_hprc_r2_v1.0.1_HML-2_3q13.2
3q13.2	HG02155	h1	TypeI	1	HG02155_hap1_hprc_r2_v1.0.1_HML-2_3q13.2
3q13.2	HG02155	h2	TypeI	1	HG02155_hap2_hprc_r2_v1.0.1_HML-2_3q13.2
3q13.2	HG02165	h1	TypeI	1	HG02165_hap1_hprc_r2_v1.0.1_HML-2_3q13.2
3q13.2	HG02165	h2	TypeI	1	HG02165_hap2_hprc_r2_v1.0.1_HML-2_3q13.2
3q13.2	HG02178	h1	TypeI	1	HG02178_hap1_hprc_r2_v1.0.1_HML-2_3q13.2
3q13.2	HG02178	h2	TypeI	1	HG02178_hap2_hprc_r2_v1.0.1_HML-2_3q13.2
3q13.2	HG02257	mat	TypeI	1	HG02257_mat_hprc_r2_v1.1.0_HML-2_3q13.2
3q13.2	HG02257	pat	TypeI	1	HG02257_pat_hprc_r2_v1.1.0_HML-2_3q13.2
3q13.2	HG02258	mat	solo_LTR	1	HG02258_mat_hprc_r2_v1.0.1_HML-2_3q13.2
3q13.2	HG02258	pat	solo_LTR	1	HG02258_pat_hprc_r2_v1.0.1_HML-2_3q13.2
3q13.2	HG02273	h1	TypeI	1	HG02273_hap1_hprc_r2_v1.0.1_HML-2_3q13.2
3q13.2	HG02273	h2	TypeI	1	HG02273_hap2_hprc_r2_v1.0.1_HML-2_3q13.2
3q13.2	HG02280	mat	TypeI	1	HG02280_mat_hprc_r2_v1.0.1_HML-2_3q13.2
3q13.2	HG02280	pat	TypeI	1	HG02280_pat_hprc_r2_v1.0.1_HML-2_3q13.2
3q13.2	HG02282	h1	TypeI	1	HG02282_h1_HML-2_3q13.2_graph_hgsvc3-2024-02-23-mc-chm13
3q13.2	HG02282	h2	TypeI	1	HG02282_h2_HML-2_3q13.2_graph_hgsvc3-2024-02-23-mc-chm13
3q13.2	HG02293	mat	TypeI	1	HG02293_mat_hprc_r2_v1.0.1_HML-2_3q13.2
3q13.2	HG02293	pat	TypeI	1	HG02293_pat_hprc_r2_v1.0.1_HML-2_3q13.2
3q13.2	HG02300	mat	TypeI	1	HG02300_mat_hprc_r2_v1.0.1_HML-2_3q13.2
3q13.2	HG02300	pat	TypeI	1	HG02300_pat_hprc_r2_v1.0.1_HML-2_3q13.2
3q13.2	HG02391	h1	TypeI	1	HG02391_hap1_hprc_r2_v1.0.1_HML-2_3q13.2
3q13.2	HG02391	h2	TypeI	1	HG02391_hap2_hprc_r2_v1.0.1_HML-2_3q13.2
3q13.2	HG02392	h1	TypeI	1	HG02392_hap1_hprc_r2_v1.0.1_HML-2_3q13.2
3q13.2	HG02392	h2	TypeI	1	HG02392_hap2_hprc_r2_v1.0.1_HML-2_3q13.2
3q13.2	HG02451	mat	TypeI	1	HG02451_mat_hprc_r2_v1.0.1_HML-2_3q13.2
3q13.2	HG02451	pat	TypeI	1	HG02451_pat_hprc_r2_v1.0.1_HML-2_3q13.2
3q13.2	HG02486	mat	TypeI	1	HG02486_mat_hprc_r2_v1.0.1_HML-2_3q13.2
3q13.2	HG02486	pat	TypeI	1	HG02486_pat_hprc_r2_v1.0.1_HML-2_3q13.2
3q13.2	HG02492	h1	TypeI	1	HG02492_h1_HML-2_3q13.2_graph_hgsvc3-2024-02-23-mc-chm13
3q13.2	HG02492	h2	TypeI	1	HG02492_h2_HML-2_3q13.2_graph_hgsvc3-2024-02-23-mc-chm13
3q13.2	HG02514	mat	TypeI	1	HG02514_mat_hprc_r2_v1.0.1_HML-2_3q13.2
3q13.2	HG02514	pat	TypeI	1	HG02514_pat_hprc_r2_v1.0.1_HML-2_3q13.2
3q13.2	HG02523	mat	TypeI	1	HG02523_mat_hprc_r2_v1.0.1_HML-2_3q13.2
3q13.2	HG02523	pat	TypeI	1	HG02523_pat_hprc_r2_v1.0.1_HML-2_3q13.2
3q13.2	HG02554	h1	TypeI	1	HG02554_h1_HML-2_3q13.2_graph_hgsvc3-2024-02-23-mc-chm13
3q13.2	HG02554	h2	TypeI	1	HG02554_h2_HML-2_3q13.2_graph_hgsvc3-2024-02-23-mc-chm13
3q13.2	HG02559	mat	TypeI	1	HG02559_mat_hprc_r2_v1.0.1_HML-2_3q13.2
3q13.2	HG02559	pat	TypeI	1	HG02559_pat_hprc_r2_v1.0.1_HML-2_3q13.2
3q13.2	HG02572	mat	TypeI	1	HG02572_mat_hprc_r2_v1.0.1_HML-2_3q13.2
3q13.2	HG02572	pat	TypeI	1	HG02572_pat_hprc_r2_v1.0.1_HML-2_3q13.2
3q13.2	HG02583	h1	TypeI	1	HG02583_hap1_hprc_r2_v1.0.1_HML-2_3q13.2
3q13.2	HG02583	h2	TypeI	1	HG02583_hap2_hprc_r2_v1.0.1_HML-2_3q13.2
3q13.2	HG02587	h1	TypeI	1	HG02587_h1_HML-2_3q13.2_graph_hgsvc3-2024-02-23-mc-chm13
3q13.2	HG02587	h2	solo_LTR	1	HG02587_h2_HML-2_3q13.2_graph_hgsvc3-2024-02-23-mc-chm13
3q13.2	HG02602	mat	TypeI	1	HG02602_mat_hprc_r2_v1.0.1_HML-2_3q13.2
3q13.2	HG02602	pat	TypeI	1	HG02602_pat_hprc_r2_v1.0.1_HML-2_3q13.2
3q13.2	HG02615	mat	TypeI	1	HG02615_mat_hprc_r2_v1.0.1_HML-2_3q13.2
3q13.2	HG02615	pat	TypeI	1	HG02615_pat_hprc_r2_v1.0.1_HML-2_3q13.2
3q13.2	HG02622	mat	TypeI	1	HG02622_mat_hprc_r2_v1.0.1_HML-2_3q13.2
3q13.2	HG02622	pat	TypeI	1	HG02622_pat_hprc_r2_v1.0.1_HML-2_3q13.2
3q13.2	HG02630	mat	TypeI	1	HG02630_mat_hprc_r2_v1.0.1_HML-2_3q13.2
3q13.2	HG02630	pat	TypeI	1	HG02630_pat_hprc_r2_v1.0.1_HML-2_3q13.2
3q13.2	HG02647	mat	TypeI	1	HG02647_mat_hprc_r2_v1.0.1_HML-2_3q13.2
3q13.2	HG02647	pat	TypeI	1	HG02647_pat_hprc_r2_v1.0.1_HML-2_3q13.2
3q13.2	HG02666	h1	TypeI	1	HG02666_h1_HML-2_3q13.2_graph_hgsvc3-2024-02-23-mc-chm13
3q13.2	HG02666	h2	TypeI	1	HG02666_h2_HML-2_3q13.2_graph_hgsvc3-2024-02-23-mc-chm13
3q13.2	HG02668	mat	solo_LTR	1	HG02668_mat_hprc_r2_v1.0.1_HML-2_3q13.2
3q13.2	HG02668	pat	TypeI	1	HG02668_pat_hprc_r2_v1.0.1_HML-2_3q13.2
3q13.2	HG02698	mat	TypeI	1	HG02698_mat_hprc_r2_v1.0.1_HML-2_3q13.2
3q13.2	HG02698	pat	TypeI	1	HG02698_pat_hprc_r2_v1.0.1_HML-2_3q13.2
3q13.2	HG02717	mat	solo_LTR	1	HG02717_mat_hprc_r2_v1.0.1_HML-2_3q13.2
3q13.2	HG02717	pat	TypeI	1	HG02717_pat_hprc_r2_v1.0.1_HML-2_3q13.2
3q13.2	HG02723	mat	TypeI	1	HG02723_mat_hprc_r2_v1.0.1_HML-2_3q13.2
3q13.2	HG02723	pat	TypeI	1	HG02723_pat_hprc_r2_v1.0.1_HML-2_3q13.2
3q13.2	HG02735	mat	TypeI	1	HG02735_mat_hprc_r2_v1.0.1_HML-2_3q13.2
3q13.2	HG02735	pat	TypeI	1	HG02735_pat_hprc_r2_v1.0.1_HML-2_3q13.2
3q13.2	HG02738	mat	TypeI	1	HG02738_mat_hprc_r2_v1.0.1_HML-2_3q13.2
3q13.2	HG02738	pat	solo_LTR	1	HG02738_pat_hprc_r2_v1.0.1_HML-2_3q13.2
3q13.2	HG02769	h1	TypeI	1	HG02769_h1_HML-2_3q13.2_graph_hgsvc3-2024-02-23-mc-chm13
3q13.2	HG02769	h2	TypeI	1	HG02769_h2_HML-2_3q13.2_graph_hgsvc3-2024-02-23-mc-chm13
3q13.2	HG02809	mat	TypeI	1	HG02809_mat_hprc_r2_v1.0.1_HML-2_3q13.2
3q13.2	HG02809	pat	solo_LTR	1	HG02809_pat_hprc_r2_v1.0.1_HML-2_3q13.2
3q13.2	HG02818	mat	solo_LTR	1	HG02818_mat_hprc_r2_v1.0.1_HML-2_3q13.2
3q13.2	HG02818	pat	TypeI	1	HG02818_pat_hprc_r2_v1.0.1_HML-2_3q13.2
3q13.2	HG02841	mat	TypeI	1	HG02841_mat_hprc_r2_v1.0.1_HML-2_3q13.2
3q13.2	HG02841	pat	TypeI	2	HG02841_pat_hprc_r2_v1.0.1_HML-2_3q13.2_MULTI_part1|HG02841_pat_hprc_r2_v1.0.1_HML-2_3q13.2_MULTI_part2
3q13.2	HG02886	mat	TypeI	1	HG02886_mat_hprc_r2_v1.0.1_HML-2_3q13.2
3q13.2	HG02886	pat	TypeI	1	HG02886_pat_hprc_r2_v1.0.1_HML-2_3q13.2
3q13.2	HG02922	h1	TypeI	1	HG02922_hap1_hprc_r2_v1.0.1_HML-2_3q13.2
3q13.2	HG02922	h2	TypeI	1	HG02922_hap2_hprc_r2_v1.0.1_HML-2_3q13.2
3q13.2	HG02953	h1	TypeI	1	HG02953_h1_HML-2_3q13.2_graph_hgsvc3-2024-02-23-mc-chm13
3q13.2	HG02953	h2	TypeI	1	HG02953_h2_HML-2_3q13.2_graph_hgsvc3-2024-02-23-mc-chm13
3q13.2	HG02965	h1	TypeI	1	HG02965_hap1_hprc_r2_v1.0.1_HML-2_3q13.2
3q13.2	HG02965	h2	solo_LTR	1	HG02965_hap2_hprc_r2_v1.0.1_HML-2_3q13.2
3q13.2	HG02976	h1	solo_LTR	1	HG02976_hap1_hprc_r2_v1.0.1_HML-2_3q13.2
3q13.2	HG02976	h2	TypeI	1	HG02976_hap2_hprc_r2_v1.0.1_HML-2_3q13.2
3q13.2	HG02984	mat	TypeI	1	HG02984_mat_hprc_r2_v1.0.1_HML-2_3q13.2
3q13.2	HG02984	pat	TypeI	1	HG02984_pat_hprc_r2_v1.0.1_HML-2_3q13.2
3q13.2	HG03009	h1	TypeI	1	HG03009_h1_HML-2_3q13.2_graph_hgsvc3-2024-02-23-mc-chm13
3q13.2	HG03009	h2	TypeI	1	HG03009_h2_HML-2_3q13.2_graph_hgsvc3-2024-02-23-mc-chm13
3q13.2	HG03017	mat	TypeI	1	HG03017_mat_hprc_r2_v1.0.1_HML-2_3q13.2
3q13.2	HG03017	pat	solo_LTR	1	HG03017_pat_hprc_r2_v1.0.1_HML-2_3q13.2
3q13.2	HG03041	mat	TypeI	1	HG03041_mat_hprc_r2_v1.0.1_HML-2_3q13.2
3q13.2	HG03041	pat	solo_LTR	1	HG03041_pat_hprc_r2_v1.0.1_HML-2_3q13.2
3q13.2	HG03050	mat	solo_LTR	1	HG03050_mat_hprc_r2_v1.0.1_HML-2_3q13.2
3q13.2	HG03050	pat	TypeI	1	HG03050_pat_hprc_r2_v1.0.1_HML-2_3q13.2
3q13.2	HG03065	h1	TypeI	1	HG03065_h1_HML-2_3q13.2_graph_hgsvc3-2024-02-23-mc-chm13
3q13.2	HG03065	h2	TypeI	1	HG03065_h2_HML-2_3q13.2_graph_hgsvc3-2024-02-23-mc-chm13
3q13.2	HG03098	mat	TypeI	1	HG03098_mat_hprc_r2_v1.0.1_HML-2_3q13.2
3q13.2	HG03098	pat	TypeI	1	HG03098_pat_hprc_r2_v1.0.1_HML-2_3q13.2
3q13.2	HG03130	h1	TypeI	1	HG03130_hap1_hprc_r2_v1.0.1_HML-2_3q13.2
3q13.2	HG03130	h2	TypeI	1	HG03130_hap2_hprc_r2_v1.0.1_HML-2_3q13.2
3q13.2	HG03139	h1	TypeI	1	HG03139_hap1_hprc_r2_v1.0.1_HML-2_3q13.2
3q13.2	HG03139	h2	TypeI	1	HG03139_hap2_hprc_r2_v1.0.1_HML-2_3q13.2
3q13.2	HG03195	h1	TypeI	1	HG03195_hap1_hprc_r2_v1.0.1_HML-2_3q13.2
3q13.2	HG03195	h2	TypeI	1	HG03195_hap2_hprc_r2_v1.0.1_HML-2_3q13.2
3q13.2	HG03209	h1	TypeI	1	HG03209_hap1_hprc_r2_v1.0.1_HML-2_3q13.2
3q13.2	HG03209	h2	TypeI	1	HG03209_hap2_hprc_r2_v1.0.1_HML-2_3q13.2
3q13.2	HG03225	h1	TypeI	1	HG03225_hap1_hprc_r2_v1.0.1_HML-2_3q13.2
3q13.2	HG03225	h2	TypeI	1	HG03225_hap2_hprc_r2_v1.0.1_HML-2_3q13.2
3q13.2	HG03239	mat	TypeI	1	HG03239_mat_hprc_r2_v1.0.1_HML-2_3q13.2
3q13.2	HG03239	pat	TypeI	1	HG03239_pat_hprc_r2_v1.0.1_HML-2_3q13.2
3q13.2	HG03248	h1	solo_LTR	1	HG03248_h1_HML-2_3q13.2_graph_hgsvc3-2024-02-23-mc-chm13
3q13.2	HG03248	h2	TypeI	1	HG03248_h2_HML-2_3q13.2_graph_hgsvc3-2024-02-23-mc-chm13
3q13.2	HG03270	h1	solo_LTR	1	HG03270_hap1_hprc_r2_v1.0.1_HML-2_3q13.2
3q13.2	HG03270	h2	TypeI	1	HG03270_hap2_hprc_r2_v1.0.1_HML-2_3q13.2
3q13.2	HG03369	h1	TypeI	1	HG03369_hap1_hprc_r2_v1.0.1_HML-2_3q13.2
3q13.2	HG03369	h2	TypeI	1	HG03369_hap2_hprc_r2_v1.0.1_HML-2_3q13.2
3q13.2	HG03371	h1	TypeI	1	HG03371_h1_HML-2_3q13.2_graph_hgsvc3-2024-02-23-mc-chm13
3q13.2	HG03371	h2	TypeI	1	HG03371_h2_HML-2_3q13.2_graph_hgsvc3-2024-02-23-mc-chm13
3q13.2	HG03452	h1	TypeI	1	HG03452_h1_HML-2_3q13.2_graph_hgsvc3-2024-02-23-mc-chm13
3q13.2	HG03452	h2	TypeI	1	HG03452_h2_HML-2_3q13.2_graph_hgsvc3-2024-02-23-mc-chm13
3q13.2	HG03453	mat	TypeI	1	HG03453_mat_hprc_r2_v1.0.1_HML-2_3q13.2
3q13.2	HG03453	pat	TypeI	1	HG03453_pat_hprc_r2_v1.0.1_HML-2_3q13.2
3q13.2	HG03456	h1	TypeI	1	HG03456_h1_HML-2_3q13.2_graph_hgsvc3-2024-02-23-mc-chm13
3q13.2	HG03456	h2	TypeI	1	HG03456_h2_HML-2_3q13.2_graph_hgsvc3-2024-02-23-mc-chm13
3q13.2	HG03470	h1	TypeI	1	HG03470_hap1_hprc_r2_v1.0.1_HML-2_3q13.2
3q13.2	HG03470	h2	TypeI	1	HG03470_hap2_hprc_r2_v1.0.1_HML-2_3q13.2
3q13.2	HG03471	h1	TypeI	1	HG03471_hap1_hprc_r2_v1.0.1_HML-2_3q13.2
3q13.2	HG03471	h2	TypeI	1	HG03471_hap2_hprc_r2_v1.0.1_HML-2_3q13.2
3q13.2	HG03486	mat	TypeI	1	HG03486_mat_hprc_r2_v1.0.1_HML-2_3q13.2
3q13.2	HG03486	pat	solo_LTR	1	HG03486_pat_hprc_r2_v1.0.1_HML-2_3q13.2
3q13.2	HG03516	mat	TypeI	1	HG03516_mat_hprc_r2_v1.1.0_HML-2_3q13.2
3q13.2	HG03516	pat	TypeI	1	HG03516_pat_hprc_r2_v1.1.0_HML-2_3q13.2
3q13.2	HG03520	h1	TypeI	1	HG03520_h1_HML-2_3q13.2_graph_hgsvc3-2024-02-23-mc-chm13
3q13.2	HG03520	h2	TypeI	1	HG03520_h2_HML-2_3q13.2_graph_hgsvc3-2024-02-23-mc-chm13
3q13.2	HG03521	h1	TypeI	1	HG03521_hap1_hprc_r2_v1.0.1_HML-2_3q13.2
3q13.2	HG03521	h2	TypeI	1	HG03521_hap2_hprc_r2_v1.0.1_HML-2_3q13.2
3q13.2	HG03540	mat	TypeI	1	HG03540_mat_hprc_r2_v1.0.1_HML-2_3q13.2
3q13.2	HG03540	pat	solo_LTR	1	HG03540_pat_hprc_r2_v1.0.1_HML-2_3q13.2
3q13.2	HG03579	mat	solo_LTR	1	HG03579_mat_hprc_r2_v1.0.1_HML-2_3q13.2
3q13.2	HG03579	pat	solo_LTR	1	HG03579_pat_hprc_r2_v1.0.1_HML-2_3q13.2
3q13.2	HG03583	h1	TypeI	1	HG03583_hap1_hprc_r2_v1.0.1_HML-2_3q13.2
3q13.2	HG03583	h2	TypeI	1	HG03583_hap2_hprc_r2_v1.0.1_HML-2_3q13.2
3q13.2	HG03654	mat	TypeI	1	HG03654_mat_hprc_r2_v1.0.1_HML-2_3q13.2
3q13.2	HG03654	pat	TypeI	1	HG03654_pat_hprc_r2_v1.0.1_HML-2_3q13.2
3q13.2	HG03669	mat	TypeI	1	HG03669_mat_hprc_r2_v1.0.1_HML-2_3q13.2
3q13.2	HG03669	pat	TypeI	1	HG03669_pat_hprc_r2_v1.0.1_HML-2_3q13.2
3q13.2	HG03683	h1	TypeI	1	HG03683_h1_HML-2_3q13.2_graph_hgsvc3-2024-02-23-mc-chm13
3q13.2	HG03683	h2	TypeI	1	HG03683_h2_HML-2_3q13.2_graph_hgsvc3-2024-02-23-mc-chm13
3q13.2	HG03688	mat	TypeI	1	HG03688_mat_hprc_r2_v1.0.1_HML-2_3q13.2
3q13.2	HG03688	pat	TypeI	1	HG03688_pat_hprc_r2_v1.0.1_HML-2_3q13.2
3q13.2	HG03704	mat	TypeI	1	HG03704_mat_hprc_r2_v1.0.1_HML-2_3q13.2
3q13.2	HG03704	pat	TypeI	1	HG03704_pat_hprc_r2_v1.0.1_HML-2_3q13.2
3q13.2	HG03710	mat	TypeI	1	HG03710_mat_hprc_r2_v1.0.1_HML-2_3q13.2
3q13.2	HG03710	pat	TypeI	1	HG03710_pat_hprc_r2_v1.0.1_HML-2_3q13.2
3q13.2	HG03732	h1	TypeI	1	HG03732_h1_HML-2_3q13.2_graph_hgsvc3-2024-02-23-mc-chm13
3q13.2	HG03732	h2	TypeI	1	HG03732_h2_HML-2_3q13.2_graph_hgsvc3-2024-02-23-mc-chm13
3q13.2	HG03742	h1	TypeI	1	HG03742_hap1_hprc_r2_v1.0.1_HML-2_3q13.2
3q13.2	HG03742	h2	TypeI	1	HG03742_hap2_hprc_r2_v1.0.1_HML-2_3q13.2
3q13.2	HG03784	h1	TypeI	1	HG03784_hap1_hprc_r2_v1.0.1_HML-2_3q13.2
3q13.2	HG03784	h2	TypeI	1	HG03784_hap2_hprc_r2_v1.0.1_HML-2_3q13.2
3q13.2	HG03804	mat	TypeI	1	HG03804_mat_hprc_r2_v1.0.1_HML-2_3q13.2
3q13.2	HG03804	pat	TypeI	1	HG03804_pat_hprc_r2_v1.0.1_HML-2_3q13.2
3q13.2	HG03807	h1	TypeI	1	HG03807_h1_HML-2_3q13.2_graph_hgsvc3-2024-02-23-mc-chm13
3q13.2	HG03807	h2	TypeI	1	HG03807_h2_HML-2_3q13.2_graph_hgsvc3-2024-02-23-mc-chm13
3q13.2	HG03816	mat	TypeI	1	HG03816_mat_hprc_r2_v1.0.1_HML-2_3q13.2
3q13.2	HG03816	pat	TypeI	1	HG03816_pat_hprc_r2_v1.0.1_HML-2_3q13.2
3q13.2	HG03831	mat	TypeI	1	HG03831_mat_hprc_r2_v1.0.1_HML-2_3q13.2
3q13.2	HG03831	pat	TypeI	1	HG03831_pat_hprc_r2_v1.0.1_HML-2_3q13.2
3q13.2	HG03834	mat	solo_LTR	1	HG03834_mat_hprc_r2_v1.0.1_HML-2_3q13.2
3q13.2	HG03834	pat	solo_LTR	1	HG03834_pat_hprc_r2_v1.0.1_HML-2_3q13.2
3q13.2	HG03874	h1	TypeI	1	HG03874_hap1_hprc_r2_v1.0.1_HML-2_3q13.2
3q13.2	HG03874	h2	solo_LTR	1	HG03874_hap2_hprc_r2_v1.0.1_HML-2_3q13.2
3q13.2	HG03927	mat	TypeI	1	HG03927_mat_hprc_r2_v1.0.1_HML-2_3q13.2
3q13.2	HG03927	pat	solo_LTR	1	HG03927_pat_hprc_r2_v1.0.1_HML-2_3q13.2
3q13.2	HG03942	mat	TypeI	1	HG03942_mat_hprc_r2_v1.0.1_HML-2_3q13.2
3q13.2	HG03942	pat	TypeI	1	HG03942_pat_hprc_r2_v1.0.1_HML-2_3q13.2
3q13.2	HG04036	h1	TypeI	1	HG04036_h1_HML-2_3q13.2_graph_hgsvc3-2024-02-23-mc-chm13
3q13.2	HG04036	h2	TypeI	1	HG04036_h2_HML-2_3q13.2_graph_hgsvc3-2024-02-23-mc-chm13
3q13.2	HG04115	mat	TypeI	1	HG04115_mat_hprc_r2_v1.0.1_HML-2_3q13.2
3q13.2	HG04115	pat	TypeI	1	HG04115_pat_hprc_r2_v1.0.1_HML-2_3q13.2
3q13.2	HG04157	mat	TypeI	1	HG04157_mat_hprc_r2_v1.0.1_HML-2_3q13.2
3q13.2	HG04157	pat	TypeI	1	HG04157_pat_hprc_r2_v1.0.1_HML-2_3q13.2
3q13.2	HG04160	mat	solo_LTR	1	HG04160_mat_hprc_r2_v1.0.1_HML-2_3q13.2
3q13.2	HG04160	pat	TypeI	1	HG04160_pat_hprc_r2_v1.0.1_HML-2_3q13.2
3q13.2	HG04184	mat	TypeI	1	HG04184_mat_hprc_r2_v1.0.1_HML-2_3q13.2
3q13.2	HG04184	pat	TypeI	1	HG04184_pat_hprc_r2_v1.0.1_HML-2_3q13.2
3q13.2	HG04187	mat	TypeI	1	HG04187_mat_hprc_r2_v1.0.1_HML-2_3q13.2
3q13.2	HG04187	pat	solo_LTR	1	HG04187_pat_hprc_r2_v1.0.1_HML-2_3q13.2
3q13.2	HG04199	mat	solo_LTR	1	HG04199_mat_hprc_r2_v1.0.1_HML-2_3q13.2
3q13.2	HG04199	pat	TypeI	1	HG04199_pat_hprc_r2_v1.0.1_HML-2_3q13.2
3q13.2	HG04204	mat	TypeI	1	HG04204_mat_hprc_r2_v1.0.1_HML-2_3q13.2
3q13.2	HG04204	pat	solo_LTR	1	HG04204_pat_hprc_r2_v1.0.1_HML-2_3q13.2
3q13.2	HG04217	h1	TypeI	1	HG04217_h1_HML-2_3q13.2_graph_hgsvc3-2024-02-23-mc-chm13
3q13.2	HG04217	h2	TypeI	1	HG04217_h2_HML-2_3q13.2_graph_hgsvc3-2024-02-23-mc-chm13
3q13.2	HG04228	mat	TypeI	1	HG04228_mat_hprc_r2_v1.0.1_HML-2_3q13.2
3q13.2	HG04228	pat	TypeI	1	HG04228_pat_hprc_r2_v1.0.1_HML-2_3q13.2
3q13.2	HG06807	mat	TypeI	1	HG06807_mat_v1.0.genbank_HML-2_3q13.2
3q13.2	HG06807	pat	TypeI	1	HG06807_pat_v1.0.genbank_HML-2_3q13.2
3q13.2	NA12329	h1	TypeI	1	NA12329_h1_HML-2_3q13.2_graph_hgsvc3-2024-02-23-mc-chm13
3q13.2	NA12329	h2	TypeI	1	NA12329_h2_HML-2_3q13.2_graph_hgsvc3-2024-02-23-mc-chm13
3q13.2	NA18505	h1	TypeI	1	NA18505_hap1_hprc_r2_v1.0.1_HML-2_3q13.2
3q13.2	NA18505	h2	solo_LTR	1	NA18505_hap2_hprc_r2_v1.0.1_HML-2_3q13.2
3q13.2	NA18508	h1	TypeI	1	NA18508_hap1_hprc_r2_v1.0.1_HML-2_3q13.2
3q13.2	NA18508	h2	TypeI	1	NA18508_hap2_hprc_r2_v1.0.1_HML-2_3q13.2
3q13.2	NA18522	h1	TypeI	1	NA18522_hap1_hprc_r2_v1.0.1_HML-2_3q13.2
3q13.2	NA18522	h2	TypeI	1	NA18522_hap2_hprc_r2_v1.0.1_HML-2_3q13.2
3q13.2	NA18534	h1	TypeI	1	NA18534_h1_HML-2_3q13.2_graph_hgsvc3-2024-02-23-mc-chm13
3q13.2	NA18534	h2	TypeI	1	NA18534_h2_HML-2_3q13.2_graph_hgsvc3-2024-02-23-mc-chm13
3q13.2	NA18565	h1	TypeI	1	NA18565_hap1_hprc_r2_v1.0.1_HML-2_3q13.2
3q13.2	NA18565	h2	TypeI	1	NA18565_hap2_hprc_r2_v1.0.1_HML-2_3q13.2
3q13.2	NA18570	h1	TypeI	1	NA18570_hap1_hprc_r2_v1.0.1_HML-2_3q13.2
3q13.2	NA18570	h2	TypeI	1	NA18570_hap2_hprc_r2_v1.0.1_HML-2_3q13.2
3q13.2	NA18608	h1	TypeI	1	NA18608_hap1_hprc_r2_v1.0.1_HML-2_3q13.2
3q13.2	NA18608	h2	TypeI	1	NA18608_hap2_hprc_r2_v1.0.1_HML-2_3q13.2
3q13.2	NA18620	h1	TypeI	1	NA18620_hap1_hprc_r2_v1.0.1_HML-2_3q13.2
3q13.2	NA18620	h2	TypeI	1	NA18620_hap2_hprc_r2_v1.0.1_HML-2_3q13.2
3q13.2	NA18747	h1	TypeI	1	NA18747_hap1_hprc_r2_v1.0.1_HML-2_3q13.2
3q13.2	NA18747	h2	TypeI	1	NA18747_hap2_hprc_r2_v1.0.1_HML-2_3q13.2
3q13.2	NA18879	h1	TypeI	1	NA18879_hap1_hprc_r2_v1.0.1_HML-2_3q13.2
3q13.2	NA18879	h2	TypeI	1	NA18879_hap2_hprc_r2_v1.0.1_HML-2_3q13.2
3q13.2	NA18906	mat	TypeI	1	NA18906_mat_hprc_r2_v1.0.1_HML-2_3q13.2
3q13.2	NA18906	pat	solo_LTR	1	NA18906_pat_hprc_r2_v1.0.1_HML-2_3q13.2
3q13.2	NA18939	h1	TypeI	1	NA18939_h1_HML-2_3q13.2_graph_hgsvc3-2024-02-23-mc-chm13
3q13.2	NA18939	h2	TypeI	1	NA18939_h2_HML-2_3q13.2_graph_hgsvc3-2024-02-23-mc-chm13
3q13.2	NA18940	h1	TypeI	1	NA18940_hap1_hprc_r2_v1.0.1_HML-2_3q13.2
3q13.2	NA18940	h2	TypeI	1	NA18940_hap2_hprc_r2_v1.0.1_HML-2_3q13.2
3q13.2	NA18943	h1	TypeI	1	NA18943_hap1_hprc_r2_v1.0.1_HML-2_3q13.2
3q13.2	NA18943	h2	TypeI	1	NA18943_hap2_hprc_r2_v1.0.1_HML-2_3q13.2
3q13.2	NA18944	h1	TypeI	1	NA18944_hap1_hprc_r2_v1.0.1_HML-2_3q13.2
3q13.2	NA18944	h2	TypeI	1	NA18944_hap2_hprc_r2_v1.0.1_HML-2_3q13.2
3q13.2	NA18945	h1	TypeI	1	NA18945_hap1_hprc_r2_v1.0.1_HML-2_3q13.2
3q13.2	NA18945	h2	TypeI	1	NA18945_hap2_hprc_r2_v1.0.1_HML-2_3q13.2
3q13.2	NA18948	h1	TypeI	1	NA18948_hap1_hprc_r2_v1.0.1_HML-2_3q13.2
3q13.2	NA18948	h2	TypeI	1	NA18948_hap2_hprc_r2_v1.0.1_HML-2_3q13.2
3q13.2	NA18952	h1	TypeI	1	NA18952_hap1_hprc_r2_v1.0.1_HML-2_3q13.2
3q13.2	NA18952	h2	TypeI	1	NA18952_hap2_hprc_r2_v1.0.1_HML-2_3q13.2
3q13.2	NA18959	h1	TypeI	1	NA18959_hap1_hprc_r2_v1.0.1_HML-2_3q13.2
3q13.2	NA18959	h2	TypeI	1	NA18959_hap2_hprc_r2_v1.0.1_HML-2_3q13.2
3q13.2	NA18960	h1	TypeI	1	NA18960_hap1_hprc_r2_v1.0.1_HML-2_3q13.2
3q13.2	NA18960	h2	TypeI	1	NA18960_hap2_hprc_r2_v1.0.1_HML-2_3q13.2
3q13.2	NA18967	h1	TypeI	1	NA18967_hap1_hprc_r2_v1.0.1_HML-2_3q13.2
3q13.2	NA18967	h2	TypeI	1	NA18967_hap2_hprc_r2_v1.0.1_HML-2_3q13.2
3q13.2	NA18970	h1	TypeI	2	NA18970_hap1_hprc_r2_v1.0.1_HML-2_3q13.2_MULTI_part1|NA18970_hap1_hprc_r2_v1.0.1_HML-2_3q13.2_MULTI_part2
3q13.2	NA18970	h2	TypeI	1	NA18970_hap2_hprc_r2_v1.0.1_HML-2_3q13.2
3q13.2	NA18971	h1	TypeI	1	NA18971_hap1_hprc_r2_v1.0.1_HML-2_3q13.2
3q13.2	NA18971	h2	TypeI	1	NA18971_hap2_hprc_r2_v1.0.1_HML-2_3q13.2
3q13.2	NA18974	h1	solo_LTR	1	NA18974_hap1_hprc_r2_v1.0.1_HML-2_3q13.2
3q13.2	NA18974	h2	TypeI	1	NA18974_hap2_hprc_r2_v1.0.1_HML-2_3q13.2
3q13.2	NA18976	h1	TypeI	1	NA18976_hap1_hprc_r2_v1.0.1_HML-2_3q13.2
3q13.2	NA18976	h2	TypeI	1	NA18976_hap2_hprc_r2_v1.0.1_HML-2_3q13.2
3q13.2	NA18982	h1	TypeI	1	NA18982_hap1_hprc_r2_v1.0.1_HML-2_3q13.2
3q13.2	NA18982	h2	TypeI	1	NA18982_hap2_hprc_r2_v1.0.1_HML-2_3q13.2
3q13.2	NA18983	h1	TypeI	1	NA18983_hap1_hprc_r2_v1.0.1_HML-2_3q13.2
3q13.2	NA18983	h2	TypeI	1	NA18983_hap2_hprc_r2_v1.0.1_HML-2_3q13.2
3q13.2	NA18989	h1	TypeI	1	NA18989_h1_HML-2_3q13.2_graph_hgsvc3-2024-02-23-mc-chm13
3q13.2	NA18989	h2	TypeI	1	NA18989_h2_HML-2_3q13.2_graph_hgsvc3-2024-02-23-mc-chm13
3q13.2	NA19036	h1	TypeI	1	NA19036_hap1_hprc_r2_v1.0.1_HML-2_3q13.2
3q13.2	NA19036	h2	TypeI	1	NA19036_hap2_hprc_r2_v1.0.1_HML-2_3q13.2
3q13.2	NA19043	h1	TypeI	1	NA19043_hap1_hprc_r2_v1.0.1_HML-2_3q13.2
3q13.2	NA19043	h2	TypeI	1	NA19043_hap2_hprc_r2_v1.0.1_HML-2_3q13.2
3q13.2	NA19087	h1	TypeI	1	NA19087_hap1_hprc_r2_v1.0.1_HML-2_3q13.2
3q13.2	NA19087	h2	TypeI	1	NA19087_hap2_hprc_r2_v1.0.1_HML-2_3q13.2
3q13.2	NA19129	h1	TypeI	1	NA19129_h1_HML-2_3q13.2_graph_hgsvc3-2024-02-23-mc-chm13
3q13.2	NA19129	h2	TypeI	1	NA19129_h2_HML-2_3q13.2_graph_hgsvc3-2024-02-23-mc-chm13
3q13.2	NA19159	h1	solo_LTR	1	NA19159_hap1_hprc_r2_v1.0.1_HML-2_3q13.2
3q13.2	NA19159	h2	TypeI	1	NA19159_hap2_hprc_r2_v1.0.1_HML-2_3q13.2
3q13.2	NA19185	h1	TypeI	1	NA19185_hap1_hprc_r2_v1.0.1_HML-2_3q13.2
3q13.2	NA19185	h2	TypeI	1	NA19185_hap2_hprc_r2_v1.0.1_HML-2_3q13.2
3q13.2	NA19238	h1	TypeI	1	NA19238_h1_HML-2_3q13.2_graph_hgsvc3-2024-02-23-mc-chm13
3q13.2	NA19238	h2	TypeI	1	NA19238_h2_HML-2_3q13.2_graph_hgsvc3-2024-02-23-mc-chm13
3q13.2	NA19239	h1	TypeI	1	NA19239_h1_HML-2_3q13.2_graph_hgsvc3-2024-02-23-mc-chm13
3q13.2	NA19239	h2	TypeI	1	NA19239_h2_HML-2_3q13.2_graph_hgsvc3-2024-02-23-mc-chm13
3q13.2	NA19240	mat	TypeI	1	NA19240_mat_hprc_r2_v1.0.1_HML-2_3q13.2
3q13.2	NA19240	pat	TypeI	1	NA19240_pat_hprc_r2_v1.0.1_HML-2_3q13.2
3q13.2	NA19317	h1	solo_LTR	1	NA19317_h1_HML-2_3q13.2_graph_hgsvc3-2024-02-23-mc-chm13
3q13.2	NA19317	h2	TypeI	1	NA19317_h2_HML-2_3q13.2_graph_hgsvc3-2024-02-23-mc-chm13
3q13.2	NA19331	h1	TypeI	1	NA19331_h1_HML-2_3q13.2_graph_hgsvc3-2024-02-23-mc-chm13
3q13.2	NA19331	h2	solo_LTR	1	NA19331_h2_HML-2_3q13.2_graph_hgsvc3-2024-02-23-mc-chm13
3q13.2	NA19338	h1	TypeI	1	NA19338_hap1_hprc_r2_v1.0.1_HML-2_3q13.2
3q13.2	NA19338	h2	TypeI	1	NA19338_hap2_hprc_r2_v1.0.1_HML-2_3q13.2
3q13.2	NA19347	h1	TypeI	1	NA19347_h1_HML-2_3q13.2_graph_hgsvc3-2024-02-23-mc-chm13
3q13.2	NA19347	h2	TypeI	1	NA19347_h2_HML-2_3q13.2_graph_hgsvc3-2024-02-23-mc-chm13
3q13.2	NA19384	h1	TypeI	1	NA19384_h1_HML-2_3q13.2_graph_hgsvc3-2024-02-23-mc-chm13
3q13.2	NA19384	h2	TypeI	1	NA19384_h2_HML-2_3q13.2_graph_hgsvc3-2024-02-23-mc-chm13
3q13.2	NA19391	h1	TypeI	1	NA19391_hap1_hprc_r2_v1.0.1_HML-2_3q13.2
3q13.2	NA19391	h2	TypeI	1	NA19391_hap2_hprc_r2_v1.0.1_HML-2_3q13.2
3q13.2	NA19434	h1	TypeI	1	NA19434_h1_HML-2_3q13.2_graph_hgsvc3-2024-02-23-mc-chm13
3q13.2	NA19434	h2	TypeI	1	NA19434_h2_HML-2_3q13.2_graph_hgsvc3-2024-02-23-mc-chm13
3q13.2	NA19443	h1	TypeI	1	NA19443_hap1_hprc_r2_v1.0.1_HML-2_3q13.2
3q13.2	NA19443	h2	TypeI	1	NA19443_hap2_hprc_r2_v1.0.1_HML-2_3q13.2
3q13.2	NA19468	h1	TypeI	1	NA19468_hap1_hprc_r2_v1.0.1_HML-2_3q13.2
3q13.2	NA19468	h2	TypeI	1	NA19468_hap2_hprc_r2_v1.0.1_HML-2_3q13.2
3q13.2	NA19650	h1	TypeI	1	NA19650_h1_HML-2_3q13.2_graph_hgsvc3-2024-02-23-mc-chm13
3q13.2	NA19650	h2	TypeI	1	NA19650_h2_HML-2_3q13.2_graph_hgsvc3-2024-02-23-mc-chm13
3q13.2	NA19682	h1	TypeI	1	NA19682_hap1_hprc_r2_v1.0.1_HML-2_3q13.2
3q13.2	NA19682	h2	solo_LTR	1	NA19682_hap2_hprc_r2_v1.0.1_HML-2_3q13.2
3q13.2	NA19700	h1	TypeI	1	NA19700_hap1_hprc_r2_v1.0.1_HML-2_3q13.2
3q13.2	NA19700	h2	TypeI	1	NA19700_hap2_hprc_r2_v1.0.1_HML-2_3q13.2
3q13.2	NA19705	h1	TypeI	1	NA19705_h1_HML-2_3q13.2_graph_hgsvc3-2024-02-23-mc-chm13
3q13.2	NA19705	h2	TypeI	1	NA19705_h2_HML-2_3q13.2_graph_hgsvc3-2024-02-23-mc-chm13
3q13.2	NA19776	h1	TypeI	1	NA19776_hap1_hprc_r2_v1.0.1_HML-2_3q13.2
3q13.2	NA19776	h2	TypeI	1	NA19776_hap2_hprc_r2_v1.0.1_HML-2_3q13.2
3q13.2	NA19835	h1	TypeI	1	NA19835_hap1_hprc_r2_v1.0.1_HML-2_3q13.2
3q13.2	NA19835	h2	TypeI	1	NA19835_hap2_hprc_r2_v1.0.1_HML-2_3q13.2
3q13.2	NA19836	h1	TypeI	1	NA19836_h1_HML-2_3q13.2_graph_hgsvc3-2024-02-23-mc-chm13
3q13.2	NA19836	h2	TypeI	1	NA19836_h2_HML-2_3q13.2_graph_hgsvc3-2024-02-23-mc-chm13
3q13.2	NA19909	h1	TypeI	1	NA19909_hap1_hprc_r2_v1.0.1_HML-2_3q13.2
3q13.2	NA19909	h2	TypeI	1	NA19909_hap2_hprc_r2_v1.0.1_HML-2_3q13.2
3q13.2	NA19983	h1	solo_LTR	1	NA19983_h1_HML-2_3q13.2_graph_hgsvc3-2024-02-23-mc-chm13
3q13.2	NA19983	h2	TypeI	1	NA19983_h2_HML-2_3q13.2_graph_hgsvc3-2024-02-23-mc-chm13
3q13.2	NA20129	mat	TypeI	1	NA20129_mat_hprc_r2_v1.0.1_HML-2_3q13.2
3q13.2	NA20129	pat	TypeI	1	NA20129_pat_hprc_r2_v1.0.1_HML-2_3q13.2
3q13.2	NA20282	h1	TypeI	1	NA20282_hap1_hprc_r2_v1.0.1_HML-2_3q13.2
3q13.2	NA20282	h2	TypeI	1	NA20282_hap2_hprc_r2_v1.0.1_HML-2_3q13.2
3q13.2	NA20346	h1	TypeI	1	NA20346_hap1_hprc_r2_v1.0.1_HML-2_3q13.2
3q13.2	NA20346	h2	TypeI	1	NA20346_hap2_hprc_r2_v1.0.1_HML-2_3q13.2
3q13.2	NA20355	h1	TypeI	1	NA20355_h1_HML-2_3q13.2_graph_hgsvc3-2024-02-23-mc-chm13
3q13.2	NA20355	h2	TypeI	1	NA20355_h2_HML-2_3q13.2_graph_hgsvc3-2024-02-23-mc-chm13
3q13.2	NA20503	h1	TypeI	1	NA20503_hap1_hprc_r2_v1.0.1_HML-2_3q13.2
3q13.2	NA20503	h2	TypeI	1	NA20503_hap2_hprc_r2_v1.0.1_HML-2_3q13.2
3q13.2	NA20509	h1	TypeI	1	NA20509_h1_HML-2_3q13.2_graph_hgsvc3-2024-02-23-mc-chm13
3q13.2	NA20509	h2	TypeI	1	NA20509_h2_HML-2_3q13.2_graph_hgsvc3-2024-02-23-mc-chm13
3q13.2	NA20752	h1	TypeI	1	NA20752_hap1_hprc_r2_v1.0.1_HML-2_3q13.2
3q13.2	NA20752	h2	TypeI	1	NA20752_hap2_hprc_r2_v1.0.1_HML-2_3q13.2
3q13.2	NA20762	h1	TypeI	1	NA20762_hap1_hprc_r2_v1.0.1_HML-2_3q13.2
3q13.2	NA20762	h2	solo_LTR	1	NA20762_hap2_hprc_r2_v1.0.1_HML-2_3q13.2
3q13.2	NA20799	h1	TypeI	1	NA20799_hap1_hprc_r2_v1.0.1_HML-2_3q13.2
3q13.2	NA20799	h2	TypeI	1	NA20799_hap2_hprc_r2_v1.0.1_HML-2_3q13.2
3q13.2	NA20805	h1	TypeI	1	NA20805_hap1_hprc_r2_v1.0.1_HML-2_3q13.2
3q13.2	NA20805	h2	TypeI	1	NA20805_hap2_hprc_r2_v1.0.1_HML-2_3q13.2
3q13.2	NA20806	h1	TypeI	1	NA20806_hap1_hprc_r2_v1.0.1_HML-2_3q13.2
3q13.2	NA20806	h2	TypeI	1	NA20806_hap2_hprc_r2_v1.0.1_HML-2_3q13.2
3q13.2	NA20809	h1	solo_LTR	1	NA20809_hap1_hprc_r2_v1.0.1_HML-2_3q13.2
3q13.2	NA20809	h2	TypeI	1	NA20809_hap2_hprc_r2_v1.0.1_HML-2_3q13.2
3q13.2	NA20827	h1	TypeI	1	NA20827_hap1_hprc_r2_v1.0.1_HML-2_3q13.2
3q13.2	NA20827	h2	TypeI	1	NA20827_hap2_hprc_r2_v1.0.1_HML-2_3q13.2
3q13.2	NA20847	h1	TypeI	1	NA20847_h1_HML-2_3q13.2_graph_hgsvc3-2024-02-23-mc-chm13
3q13.2	NA20847	h2	TypeI	1	NA20847_h2_HML-2_3q13.2_graph_hgsvc3-2024-02-23-mc-chm13
3q13.2	NA20850	h1	TypeI	1	NA20850_hap1_hprc_r2_v1.0.1_HML-2_3q13.2
3q13.2	NA20850	h2	TypeI	1	NA20850_hap2_hprc_r2_v1.0.1_HML-2_3q13.2
3q13.2	NA20870	h1	solo_LTR	1	NA20870_hap1_hprc_r2_v1.0.1_HML-2_3q13.2
3q13.2	NA20870	h2	TypeI	1	NA20870_hap2_hprc_r2_v1.0.1_HML-2_3q13.2
3q13.2	NA20905	h1	TypeI	1	NA20905_hap1_hprc_r2_v1.0.1_HML-2_3q13.2
3q13.2	NA20905	h2	TypeI	1	NA20905_hap2_hprc_r2_v1.0.1_HML-2_3q13.2
3q13.2	NA21093	h1	TypeI	1	NA21093_hap1_hprc_r2_v1.0.1_HML-2_3q13.2
3q13.2	NA21093	h2	TypeI	1	NA21093_hap2_hprc_r2_v1.0.1_HML-2_3q13.2
3q13.2	NA21102	h1	solo_LTR	1	NA21102_hap1_hprc_r2_v1.0.1_HML-2_3q13.2
3q13.2	NA21102	h2	TypeI	1	NA21102_hap2_hprc_r2_v1.0.1_HML-2_3q13.2
3q13.2	NA21106	h1	TypeI	1	NA21106_hap1_hprc_r2_v1.0.1_HML-2_3q13.2
3q13.2	NA21106	h2	TypeI	1	NA21106_hap2_hprc_r2_v1.0.1_HML-2_3q13.2
3q13.2	NA21110	h1	TypeI	1	NA21110_hap1_hprc_r2_v1.0.1_HML-2_3q13.2
3q13.2	NA21110	h2	TypeI	1	NA21110_hap2_hprc_r2_v1.0.1_HML-2_3q13.2
3q13.2	NA21144	h1	TypeI	1	NA21144_hap1_hprc_r2_v1.0.1_HML-2_3q13.2
3q13.2	NA21144	h2	TypeI	1	NA21144_hap2_hprc_r2_v1.0.1_HML-2_3q13.2
3q13.2	NA21309	mat	TypeI	1	NA21309_mat_hprc_r2_v1.0.1_HML-2_3q13.2
3q13.2	NA21309	pat	TypeI	1	NA21309_pat_hprc_r2_v1.0.1_HML-2_3q13.2
3q13.2	NA21487	h1	TypeI	1	NA21487_h1_HML-2_3q13.2_graph_hgsvc3-2024-02-23-mc-chm13
3q13.2	NA21487	h2	TypeI	1	NA21487_h2_HML-2_3q13.2_graph_hgsvc3-2024-02-23-mc-chm13
3q13.2	NA24385	h1	TypeI	1	NA24385_h1_HML-2_3q13.2_graph_hgsvc3-2024-02-23-mc-chm13
3q13.2	NA24385	h2	solo_LTR	1	NA24385_h2_HML-2_3q13.2_graph_hgsvc3-2024-02-23-mc-chm13
3q27.2	HG00096	h1	TypeI	1	HG00096_h1_HML-2_3q27.2_graph_hgsvc3-2024-02-23-mc-chm13
3q27.2	HG00096	h2	TypeI	1	HG00096_h2_HML-2_3q27.2_graph_hgsvc3-2024-02-23-mc-chm13
3q27.2	HG00097	h1	solo_LTR	1	HG00097_hap1_hprc_r2_v1.0.1_HML-2_3q27.2
3q27.2	HG00097	h2	TypeI	1	HG00097_hap2_hprc_r2_v1.0.1_HML-2_3q27.2
3q27.2	HG00099	h1	TypeI	1	HG00099_hap1_hprc_r2_v1.0.1_HML-2_3q27.2
3q27.2	HG00099	h2	TypeI	1	HG00099_hap2_hprc_r2_v1.0.1_HML-2_3q27.2
3q27.2	HG00126	h1	TypeI	1	HG00126_hap1_hprc_r2_v1.0.1_HML-2_3q27.2
3q27.2	HG00126	h2	TypeI	1	HG00126_hap2_hprc_r2_v1.0.1_HML-2_3q27.2
3q27.2	HG00128	h1	TypeI	1	HG00128_hap1_hprc_r2_v1.0.1_HML-2_3q27.2
3q27.2	HG00128	h2	TypeI	1	HG00128_hap2_hprc_r2_v1.0.1_HML-2_3q27.2
3q27.2	HG00133	h1	TypeI	1	HG00133_hap1_hprc_r2_v1.0.1_HML-2_3q27.2
3q27.2	HG00133	h2	TypeI	1	HG00133_hap2_hprc_r2_v1.0.1_HML-2_3q27.2
3q27.2	HG00140	h1	TypeI	1	HG00140_hap1_hprc_r2_v1.0.1_HML-2_3q27.2
3q27.2	HG00140	h2	TypeI	1	HG00140_hap2_hprc_r2_v1.0.1_HML-2_3q27.2
3q27.2	HG00146	h1	solo_LTR	1	HG00146_hap1_hprc_r2_v1.0.1_HML-2_3q27.2
3q27.2	HG00146	h2	TypeI	1	HG00146_hap2_hprc_r2_v1.0.1_HML-2_3q27.2
3q27.2	HG00171	h1	TypeI	1	HG00171_h1_HML-2_3q27.2_graph_hgsvc3-2024-02-23-mc-chm13
3q27.2	HG00171	h2	TypeI	1	HG00171_h2_HML-2_3q27.2_graph_hgsvc3-2024-02-23-mc-chm13
3q27.2	HG00232	h1	TypeI	1	HG00232_hap1_hprc_r2_v1.0.1_HML-2_3q27.2
3q27.2	HG00232	h2	TypeI	1	HG00232_hap2_hprc_r2_v1.0.1_HML-2_3q27.2
3q27.2	HG00235	h1	TypeI	1	HG00235_hap1_hprc_r2_v1.0.1_HML-2_3q27.2
3q27.2	HG00235	h2	TypeI	1	HG00235_hap2_hprc_r2_v1.0.1_HML-2_3q27.2
3q27.2	HG00253	h1	TypeI	1	HG00253_hap1_hprc_r2_v1.0.1_HML-2_3q27.2
3q27.2	HG00253	h2	TypeI	1	HG00253_hap2_hprc_r2_v1.0.1_HML-2_3q27.2
3q27.2	HG00268	h1	TypeI	1	HG00268_h1_HML-2_3q27.2_graph_hgsvc3-2024-02-23-mc-chm13
3q27.2	HG00268	h2	TypeI	1	HG00268_h2_HML-2_3q27.2_graph_hgsvc3-2024-02-23-mc-chm13
3q27.2	HG00272	h1	TypeI	1	HG00272_hap1_hprc_r2_v1.0.1_HML-2_3q27.2
3q27.2	HG00272	h2	TypeI	1	HG00272_hap2_hprc_r2_v1.0.1_HML-2_3q27.2
3q27.2	HG00280	h1	TypeI	1	HG00280_hap1_hprc_r2_v1.0.1_HML-2_3q27.2
3q27.2	HG00280	h2	TypeI	1	HG00280_hap2_hprc_r2_v1.0.1_HML-2_3q27.2
3q27.2	HG00290	h1	TypeI	1	HG00290_hap1_hprc_r2_v1.0.1_HML-2_3q27.2
3q27.2	HG00290	h2	TypeI	1	HG00290_hap2_hprc_r2_v1.0.1_HML-2_3q27.2
3q27.2	HG00320	h1	TypeI	1	HG00320_hap1_hprc_r2_v1.0.1_HML-2_3q27.2
3q27.2	HG00320	h2	TypeI	1	HG00320_hap2_hprc_r2_v1.0.1_HML-2_3q27.2
3q27.2	HG00321	h1	TypeI	1	HG00321_hap1_hprc_r2_v1.0.1_HML-2_3q27.2
3q27.2	HG00321	h2	TypeI	1	HG00321_hap2_hprc_r2_v1.0.1_HML-2_3q27.2
3q27.2	HG00323	h1	TypeI	1	HG00323_hap1_hprc_r2_v1.0.1_HML-2_3q27.2
3q27.2	HG00323	h2	TypeI	1	HG00323_hap2_hprc_r2_v1.0.1_HML-2_3q27.2
3q27.2	HG00329	h1	TypeI	1	HG00329_hap1_hprc_r2_v1.0.1_HML-2_3q27.2
3q27.2	HG00329	h2	TypeI	1	HG00329_hap2_hprc_r2_v1.0.1_HML-2_3q27.2
3q27.2	HG00344	h1	TypeI	1	HG00344_hap1_hprc_r2_v1.0.1_HML-2_3q27.2
3q27.2	HG00344	h2	TypeI	1	HG00344_hap2_hprc_r2_v1.0.1_HML-2_3q27.2
3q27.2	HG00350	h1	TypeI	1	HG00350_hap1_hprc_r2_v1.0.1_HML-2_3q27.2
3q27.2	HG00350	h2	TypeI	1	HG00350_hap2_hprc_r2_v1.0.1_HML-2_3q27.2
3q27.2	HG00358	h1	TypeI	1	HG00358_h1_HML-2_3q27.2_graph_hgsvc3-2024-02-23-mc-chm13
3q27.2	HG00358	h2	TypeI	1	HG00358_h2_HML-2_3q27.2_graph_hgsvc3-2024-02-23-mc-chm13
3q27.2	HG00408	mat	TypeI	1	HG00408_mat_hprc_r2_v1.0.1_HML-2_3q27.2
3q27.2	HG00408	pat	TypeI	1	HG00408_pat_hprc_r2_v1.0.1_HML-2_3q27.2
3q27.2	HG00423	mat	TypeI	1	HG00423_mat_hprc_r2_v1.0.1_HML-2_3q27.2
3q27.2	HG00423	pat	TypeI	1	HG00423_pat_hprc_r2_v1.0.1_HML-2_3q27.2
3q27.2	HG00438	mat	TypeI	1	HG00438_mat_hprc_r2_v1.0.1_HML-2_3q27.2
3q27.2	HG00438	pat	TypeI	1	HG00438_pat_hprc_r2_v1.0.1_HML-2_3q27.2
3q27.2	HG005	mat	TypeI	1	HG005_mat_hprc_r2_v1.0.1_HML-2_3q27.2
3q27.2	HG005	pat	TypeI	1	HG005_pat_hprc_r2_v1.0.1_HML-2_3q27.2
3q27.2	HG00512	h1	TypeI	1	HG00512_h1_HML-2_3q27.2_graph_hgsvc3-2024-02-23-mc-chm13
3q27.2	HG00512	h2	TypeI	1	HG00512_h2_HML-2_3q27.2_graph_hgsvc3-2024-02-23-mc-chm13
3q27.2	HG00513	h1	TypeI	1	HG00513_h1_HML-2_3q27.2_graph_hgsvc3-2024-02-23-mc-chm13
3q27.2	HG00513	h2	TypeI	1	HG00513_h2_HML-2_3q27.2_graph_hgsvc3-2024-02-23-mc-chm13
3q27.2	HG00514	h1	TypeI	1	HG00514_h1_HML-2_3q27.2_graph_hgsvc3-2024-02-23-mc-chm13
3q27.2	HG00514	h2	TypeI	1	HG00514_h2_HML-2_3q27.2_graph_hgsvc3-2024-02-23-mc-chm13
3q27.2	HG00544	mat	TypeI	2	HG00544_mat_hprc_r2_v1.0.1_HML-2_3q27.2_MULTI_part1|HG00544_mat_hprc_r2_v1.0.1_HML-2_3q27.2_MULTI_part2
3q27.2	HG00544	pat	TypeI	1	HG00544_pat_hprc_r2_v1.0.1_HML-2_3q27.2
3q27.2	HG00558	mat	TypeI	1	HG00558_mat_hprc_r2_v1.0.1_HML-2_3q27.2
3q27.2	HG00558	pat	TypeI	1	HG00558_pat_hprc_r2_v1.0.1_HML-2_3q27.2
3q27.2	HG00597	mat	TypeI	1	HG00597_mat_hprc_r2_v1.0.1_HML-2_3q27.2
3q27.2	HG00597	pat	TypeI	1	HG00597_pat_hprc_r2_v1.0.1_HML-2_3q27.2
3q27.2	HG00609	mat	TypeI	1	HG00609_mat_hprc_r2_v1.0.1_HML-2_3q27.2
3q27.2	HG00609	pat	TypeI	1	HG00609_pat_hprc_r2_v1.0.1_HML-2_3q27.2
3q27.2	HG00621	mat	TypeI	1	HG00621_mat_hprc_r2_v1.0.1_HML-2_3q27.2
3q27.2	HG00621	pat	TypeI	1	HG00621_pat_hprc_r2_v1.0.1_HML-2_3q27.2
3q27.2	HG00639	mat	TypeI	1	HG00639_mat_hprc_r2_v1.0.1_HML-2_3q27.2
3q27.2	HG00639	pat	TypeI	1	HG00639_pat_hprc_r2_v1.0.1_HML-2_3q27.2
3q27.2	HG00642	mat	TypeI	1	HG00642_mat_hprc_r2_v1.0.1_HML-2_3q27.2
3q27.2	HG00642	pat	TypeI	1	HG00642_pat_hprc_r2_v1.0.1_HML-2_3q27.2
3q27.2	HG00658	mat	TypeI	1	HG00658_mat_hprc_r2_v1.0.1_HML-2_3q27.2
3q27.2	HG00658	pat	TypeI	1	HG00658_pat_hprc_r2_v1.0.1_HML-2_3q27.2
3q27.2	HG00673	mat	TypeI	1	HG00673_mat_hprc_r2_v1.0.1_HML-2_3q27.2
3q27.2	HG00673	pat	TypeI	1	HG00673_pat_hprc_r2_v1.0.1_HML-2_3q27.2
3q27.2	HG00706	mat	TypeI	1	HG00706_mat_hprc_r2_v1.0.1_HML-2_3q27.2
3q27.2	HG00706	pat	TypeI	1	HG00706_pat_hprc_r2_v1.0.1_HML-2_3q27.2
3q27.2	HG00731	h1	TypeI	1	HG00731_h1_HML-2_3q27.2_graph_hgsvc3-2024-02-23-mc-chm13
3q27.2	HG00731	h2	TypeI	1	HG00731_h2_HML-2_3q27.2_graph_hgsvc3-2024-02-23-mc-chm13
3q27.2	HG00732	h1	TypeI	1	HG00732_h1_HML-2_3q27.2_graph_hgsvc3-2024-02-23-mc-chm13
3q27.2	HG00732	h2	TypeI	1	HG00732_h2_HML-2_3q27.2_graph_hgsvc3-2024-02-23-mc-chm13
3q27.2	HG00733	mat	TypeI	1	HG00733_mat_hprc_r2_v1.0.1_HML-2_3q27.2
3q27.2	HG00733	pat	TypeI	1	HG00733_pat_hprc_r2_v1.0.1_HML-2_3q27.2
3q27.2	HG00735	mat	TypeI	1	HG00735_mat_hprc_r2_v1.0.1_HML-2_3q27.2
3q27.2	HG00735	pat	TypeI	1	HG00735_pat_hprc_r2_v1.0.1_HML-2_3q27.2
3q27.2	HG00738	mat	TypeI	1	HG00738_mat_hprc_r2_v1.0.1_HML-2_3q27.2
3q27.2	HG00738	pat	TypeI	1	HG00738_pat_hprc_r2_v1.0.1_HML-2_3q27.2
3q27.2	HG00741	mat	TypeI	1	HG00741_mat_hprc_r2_v1.0.1_HML-2_3q27.2
3q27.2	HG00741	pat	TypeI	1	HG00741_pat_hprc_r2_v1.0.1_HML-2_3q27.2
3q27.2	HG00864	h1	TypeI	1	HG00864_h1_HML-2_3q27.2_graph_hgsvc3-2024-02-23-mc-chm13
3q27.2	HG00864	h2	TypeI	1	HG00864_h2_HML-2_3q27.2_graph_hgsvc3-2024-02-23-mc-chm13
3q27.2	HG01071	mat	TypeI	1	HG01071_mat_hprc_r2_v1.0.1_HML-2_3q27.2
3q27.2	HG01071	pat	TypeI	1	HG01071_pat_hprc_r2_v1.0.1_HML-2_3q27.2
3q27.2	HG01074	mat	TypeI	1	HG01074_mat_hprc_r2_v1.0.1_HML-2_3q27.2
3q27.2	HG01074	pat	TypeI	1	HG01074_pat_hprc_r2_v1.0.1_HML-2_3q27.2
3q27.2	HG01081	mat	TypeI	1	HG01081_mat_hprc_r2_v1.0.1_HML-2_3q27.2
3q27.2	HG01081	pat	TypeI	1	HG01081_pat_hprc_r2_v1.0.1_HML-2_3q27.2
3q27.2	HG01099	mat	TypeI	1	HG01099_mat_hprc_r2_v1.0.1_HML-2_3q27.2
3q27.2	HG01099	pat	TypeI	1	HG01099_pat_hprc_r2_v1.0.1_HML-2_3q27.2
3q27.2	HG01106	mat	TypeI	1	HG01106_mat_hprc_r2_v1.0.1_HML-2_3q27.2
3q27.2	HG01106	pat	TypeI	1	HG01106_pat_hprc_r2_v1.0.1_HML-2_3q27.2
3q27.2	HG01109	mat	TypeI	1	HG01109_mat_hprc_r2_v1.0.1_HML-2_3q27.2
3q27.2	HG01109	pat	TypeI	1	HG01109_pat_hprc_r2_v1.0.1_HML-2_3q27.2
3q27.2	HG01114	h1	TypeI	1	HG01114_h1_HML-2_3q27.2_graph_hgsvc3-2024-02-23-mc-chm13
3q27.2	HG01114	h2	TypeI	1	HG01114_h2_HML-2_3q27.2_graph_hgsvc3-2024-02-23-mc-chm13
3q27.2	HG01123	mat	TypeI	1	HG01123_mat_hprc_r2_v1.0.1_HML-2_3q27.2
3q27.2	HG01123	pat	TypeI	1	HG01123_pat_hprc_r2_v1.0.1_HML-2_3q27.2
3q27.2	HG01150	mat	TypeI	1	HG01150_mat_hprc_r2_v1.0.1_HML-2_3q27.2
3q27.2	HG01150	pat	TypeI	1	HG01150_pat_hprc_r2_v1.0.1_HML-2_3q27.2
3q27.2	HG01167	h1	solo_LTR	1	HG01167_hap1_hprc_r2_v1.0.1_HML-2_3q27.2
3q27.2	HG01167	h2	TypeI	1	HG01167_hap2_hprc_r2_v1.0.1_HML-2_3q27.2
3q27.2	HG01175	mat	TypeI	1	HG01175_mat_hprc_r2_v1.0.1_HML-2_3q27.2
3q27.2	HG01175	pat	TypeI	1	HG01175_pat_hprc_r2_v1.0.1_HML-2_3q27.2
3q27.2	HG01192	mat	TypeI	1	HG01192_mat_hprc_r2_v1.0.1_HML-2_3q27.2
3q27.2	HG01192	pat	TypeI	1	HG01192_pat_hprc_r2_v1.0.1_HML-2_3q27.2
3q27.2	HG01243	mat	TypeI	1	HG01243_mat_hprc_r2_v1.0.1_HML-2_3q27.2
3q27.2	HG01243	pat	TypeI	1	HG01243_pat_hprc_r2_v1.0.1_HML-2_3q27.2
3q27.2	HG01252	mat	TypeI	1	HG01252_mat_hprc_r2_v1.0.1_HML-2_3q27.2
3q27.2	HG01252	pat	TypeI	1	HG01252_pat_hprc_r2_v1.0.1_HML-2_3q27.2
3q27.2	HG01255	mat	TypeI	1	HG01255_mat_hprc_r2_v1.0.1_HML-2_3q27.2
3q27.2	HG01255	pat	TypeI	1	HG01255_pat_hprc_r2_v1.0.1_HML-2_3q27.2
3q27.2	HG01258	mat	TypeI	1	HG01258_mat_hprc_r2_v1.0.1_HML-2_3q27.2
3q27.2	HG01258	pat	TypeI	1	HG01258_pat_hprc_r2_v1.0.1_HML-2_3q27.2
3q27.2	HG01261	mat	TypeI	1	HG01261_mat_hprc_r2_v1.0.1_HML-2_3q27.2
3q27.2	HG01261	pat	TypeI	1	HG01261_pat_hprc_r2_v1.0.1_HML-2_3q27.2
3q27.2	HG01346	mat	TypeI	1	HG01346_mat_hprc_r2_v1.0.1_HML-2_3q27.2
3q27.2	HG01346	pat	TypeI	1	HG01346_pat_hprc_r2_v1.0.1_HML-2_3q27.2
3q27.2	HG01352	h1	TypeI	1	HG01352_h1_HML-2_3q27.2_graph_hgsvc3-2024-02-23-mc-chm13
3q27.2	HG01352	h2	TypeI	1	HG01352_h2_HML-2_3q27.2_graph_hgsvc3-2024-02-23-mc-chm13
3q27.2	HG01358	mat	TypeI	1	HG01358_mat_hprc_r2_v1.0.1_HML-2_3q27.2
3q27.2	HG01358	pat	TypeI	1	HG01358_pat_hprc_r2_v1.0.1_HML-2_3q27.2
3q27.2	HG01361	mat	TypeI	1	HG01361_mat_hprc_r2_v1.0.1_HML-2_3q27.2
3q27.2	HG01361	pat	TypeI	1	HG01361_pat_hprc_r2_v1.0.1_HML-2_3q27.2
3q27.2	HG01433	mat	TypeI	1	HG01433_mat_hprc_r2_v1.0.1_HML-2_3q27.2
3q27.2	HG01433	pat	TypeI	1	HG01433_pat_hprc_r2_v1.0.1_HML-2_3q27.2
3q27.2	HG01457	h1	TypeI	1	HG01457_h1_HML-2_3q27.2_graph_hgsvc3-2024-02-23-mc-chm13
3q27.2	HG01457	h2	TypeI	1	HG01457_h2_HML-2_3q27.2_graph_hgsvc3-2024-02-23-mc-chm13
3q27.2	HG01496	mat	TypeI	1	HG01496_mat_hprc_r2_v1.0.1_HML-2_3q27.2
3q27.2	HG01496	pat	TypeI	1	HG01496_pat_hprc_r2_v1.0.1_HML-2_3q27.2
3q27.2	HG01505	h1	TypeI	1	HG01505_h1_HML-2_3q27.2_graph_hgsvc3-2024-02-23-mc-chm13
3q27.2	HG01505	h2	TypeI	1	HG01505_h2_HML-2_3q27.2_graph_hgsvc3-2024-02-23-mc-chm13
3q27.2	HG01530	h1	TypeI	1	HG01530_hap1_hprc_r2_v1.0.1_HML-2_3q27.2
3q27.2	HG01530	h2	TypeI	1	HG01530_hap2_hprc_r2_v1.0.1_HML-2_3q27.2
3q27.2	HG01573	h1	TypeI	1	HG01573_h1_HML-2_3q27.2_graph_hgsvc3-2024-02-23-mc-chm13
3q27.2	HG01573	h2	TypeI	1	HG01573_h2_HML-2_3q27.2_graph_hgsvc3-2024-02-23-mc-chm13
3q27.2	HG01596	h1	TypeI	1	HG01596_h1_HML-2_3q27.2_graph_hgsvc3-2024-02-23-mc-chm13
3q27.2	HG01596	h2	TypeI	1	HG01596_h2_HML-2_3q27.2_graph_hgsvc3-2024-02-23-mc-chm13
3q27.2	HG01784	h1	TypeI	1	HG01784_hap1_hprc_r2_v1.0.1_HML-2_3q27.2
3q27.2	HG01784	h2	TypeI	1	HG01784_hap2_hprc_r2_v1.0.1_HML-2_3q27.2
3q27.2	HG01786	h1	TypeI	1	HG01786_hap1_hprc_r2_v1.0.1_HML-2_3q27.2
3q27.2	HG01786	h2	TypeI	1	HG01786_hap2_hprc_r2_v1.0.1_HML-2_3q27.2
3q27.2	HG01884	mat	TypeI	1	HG01884_mat_hprc_r2_v1.0.1_HML-2_3q27.2
3q27.2	HG01884	pat	TypeI	1	HG01884_pat_hprc_r2_v1.0.1_HML-2_3q27.2
3q27.2	HG01890	h1	TypeI	1	HG01890_h1_HML-2_3q27.2_graph_hgsvc3-2024-02-23-mc-chm13
3q27.2	HG01890	h2	TypeI	1	HG01890_h2_HML-2_3q27.2_graph_hgsvc3-2024-02-23-mc-chm13
3q27.2	HG01891	mat	TypeI	1	HG01891_mat_hprc_r2_v1.0.1_HML-2_3q27.2
3q27.2	HG01891	pat	TypeI	1	HG01891_pat_hprc_r2_v1.0.1_HML-2_3q27.2
3q27.2	HG01928	mat	TypeI	1	HG01928_mat_hprc_r2_v1.0.1_HML-2_3q27.2
3q27.2	HG01928	pat	TypeI	1	HG01928_pat_hprc_r2_v1.0.1_HML-2_3q27.2
3q27.2	HG01934	mat	TypeI	1	HG01934_mat_hprc_r2_v1.0.1_HML-2_3q27.2
3q27.2	HG01934	pat	TypeI	1	HG01934_pat_hprc_r2_v1.0.1_HML-2_3q27.2
3q27.2	HG01940	mat	TypeI	1	HG01940_mat_hprc_r2_v1.0.1_HML-2_3q27.2
3q27.2	HG01940	pat	TypeI	1	HG01940_pat_hprc_r2_v1.0.1_HML-2_3q27.2
3q27.2	HG01943	mat	TypeI	1	HG01943_mat_hprc_r2_v1.0.1_HML-2_3q27.2
3q27.2	HG01943	pat	TypeI	1	HG01943_pat_hprc_r2_v1.0.1_HML-2_3q27.2
3q27.2	HG01952	mat	TypeI	1	HG01952_mat_hprc_r2_v1.0.1_HML-2_3q27.2
3q27.2	HG01952	pat	TypeI	1	HG01952_pat_hprc_r2_v1.0.1_HML-2_3q27.2
3q27.2	HG01960	mat	solo_LTR	1	HG01960_mat_hprc_r2_v1.0.1_HML-2_3q27.2
3q27.2	HG01960	pat	TypeI	1	HG01960_pat_hprc_r2_v1.0.1_HML-2_3q27.2
3q27.2	HG01969	mat	TypeI	1	HG01969_mat_hprc_r2_v1.0.1_HML-2_3q27.2
3q27.2	HG01969	pat	TypeI	1	HG01969_pat_hprc_r2_v1.0.1_HML-2_3q27.2
3q27.2	HG01975	mat	TypeI	1	HG01975_mat_hprc_r2_v1.0.1_HML-2_3q27.2
3q27.2	HG01975	pat	TypeI	1	HG01975_pat_hprc_r2_v1.0.1_HML-2_3q27.2
3q27.2	HG01978	mat	TypeI	1	HG01978_mat_hprc_r2_v1.1.0_HML-2_3q27.2
3q27.2	HG01978	pat	TypeI	1	HG01978_pat_hprc_r2_v1.1.0_HML-2_3q27.2
3q27.2	HG01981	mat	TypeI	1	HG01981_mat_hprc_r2_v1.0.1_HML-2_3q27.2
3q27.2	HG01981	pat	TypeI	1	HG01981_pat_hprc_r2_v1.0.1_HML-2_3q27.2
3q27.2	HG01993	mat	TypeI	1	HG01993_mat_hprc_r2_v1.0.1_HML-2_3q27.2
3q27.2	HG01993	pat	TypeI	1	HG01993_pat_hprc_r2_v1.0.1_HML-2_3q27.2
3q27.2	HG02004	mat	TypeI	1	HG02004_mat_hprc_r2_v1.0.1_HML-2_3q27.2
3q27.2	HG02004	pat	TypeI	1	HG02004_pat_hprc_r2_v1.0.1_HML-2_3q27.2
3q27.2	HG02011	h1	TypeI	1	HG02011_h1_HML-2_3q27.2_graph_hgsvc3-2024-02-23-mc-chm13
3q27.2	HG02011	h2	TypeI	1	HG02011_h2_HML-2_3q27.2_graph_hgsvc3-2024-02-23-mc-chm13
3q27.2	HG02015	mat	TypeI	1	HG02015_mat_hprc_r2_v1.0.1_HML-2_3q27.2
3q27.2	HG02015	pat	TypeI	1	HG02015_pat_hprc_r2_v1.0.1_HML-2_3q27.2
3q27.2	HG02018	h1	TypeI	1	HG02018_h1_HML-2_3q27.2_graph_hgsvc3-2024-02-23-mc-chm13
3q27.2	HG02018	h2	TypeI	1	HG02018_h2_HML-2_3q27.2_graph_hgsvc3-2024-02-23-mc-chm13
3q27.2	HG02027	mat	TypeI	1	HG02027_mat_hprc_r2_v1.0.1_HML-2_3q27.2
3q27.2	HG02027	pat	TypeI	1	HG02027_pat_hprc_r2_v1.0.1_HML-2_3q27.2
3q27.2	HG02040	h1	TypeI	1	HG02040_hap1_hprc_r2_v1.0.1_HML-2_3q27.2
3q27.2	HG02040	h2	TypeI	1	HG02040_hap2_hprc_r2_v1.0.1_HML-2_3q27.2
3q27.2	HG02055	mat	TypeI	1	HG02055_mat_hprc_r2_v1.0.1_HML-2_3q27.2
3q27.2	HG02055	pat	TypeI	1	HG02055_pat_hprc_r2_v1.0.1_HML-2_3q27.2
3q27.2	HG02056	mat	TypeI	1	HG02056_mat_hprc_r2_v1.0.1_HML-2_3q27.2
3q27.2	HG02056	pat	TypeI	1	HG02056_pat_hprc_r2_v1.0.1_HML-2_3q27.2
3q27.2	HG02059	h1	TypeI	1	HG02059_h1_HML-2_3q27.2_graph_hgsvc3-2024-02-23-mc-chm13
3q27.2	HG02059	h2	TypeI	1	HG02059_h2_HML-2_3q27.2_graph_hgsvc3-2024-02-23-mc-chm13
3q27.2	HG02071	mat	TypeI	1	HG02071_mat_hprc_r2_v1.0.1_HML-2_3q27.2
3q27.2	HG02071	pat	TypeI	1	HG02071_pat_hprc_r2_v1.0.1_HML-2_3q27.2
3q27.2	HG02074	mat	TypeI	1	HG02074_mat_hprc_r2_v1.0.1_HML-2_3q27.2
3q27.2	HG02074	pat	TypeI	1	HG02074_pat_hprc_r2_v1.0.1_HML-2_3q27.2
3q27.2	HG02080	mat	TypeI	1	HG02080_mat_hprc_r2_v1.0.1_HML-2_3q27.2
3q27.2	HG02080	pat	TypeI	1	HG02080_pat_hprc_r2_v1.0.1_HML-2_3q27.2
3q27.2	HG02083	mat	TypeI	1	HG02083_mat_hprc_r2_v1.0.1_HML-2_3q27.2
3q27.2	HG02083	pat	TypeI	1	HG02083_pat_hprc_r2_v1.0.1_HML-2_3q27.2
3q27.2	HG02106	h1	TypeI	1	HG02106_h1_HML-2_3q27.2_graph_hgsvc3-2024-02-23-mc-chm13
3q27.2	HG02106	h2	TypeI	1	HG02106_h2_HML-2_3q27.2_graph_hgsvc3-2024-02-23-mc-chm13
3q27.2	HG02109	mat	TypeI	1	HG02109_mat_hprc_r2_v1.0.1_HML-2_3q27.2
3q27.2	HG02109	pat	TypeI	1	HG02109_pat_hprc_r2_v1.0.1_HML-2_3q27.2
3q27.2	HG02129	mat	TypeI	1	HG02129_mat_hprc_r2_v1.0.1_HML-2_3q27.2
3q27.2	HG02129	pat	TypeI	1	HG02129_pat_hprc_r2_v1.0.1_HML-2_3q27.2
3q27.2	HG02132	mat	TypeI	1	HG02132_mat_hprc_r2_v1.0.1_HML-2_3q27.2
3q27.2	HG02132	pat	TypeI	1	HG02132_pat_hprc_r2_v1.0.1_HML-2_3q27.2
3q27.2	HG02135	mat	TypeI	1	HG02135_mat_hprc_r2_v1.0.1_HML-2_3q27.2
3q27.2	HG02135	pat	TypeI	1	HG02135_pat_hprc_r2_v1.0.1_HML-2_3q27.2
3q27.2	HG02145	mat	TypeI	1	HG02145_mat_hprc_r2_v1.0.1_HML-2_3q27.2
3q27.2	HG02145	pat	TypeI	1	HG02145_pat_hprc_r2_v1.0.1_HML-2_3q27.2
3q27.2	HG02148	mat	TypeI	1	HG02148_mat_hprc_r2_v1.0.1_HML-2_3q27.2
3q27.2	HG02148	pat	TypeI	1	HG02148_pat_hprc_r2_v1.0.1_HML-2_3q27.2
3q27.2	HG02155	h1	TypeI	1	HG02155_hap1_hprc_r2_v1.0.1_HML-2_3q27.2
3q27.2	HG02155	h2	TypeI	1	HG02155_hap2_hprc_r2_v1.0.1_HML-2_3q27.2
3q27.2	HG02165	h1	TypeI	1	HG02165_hap1_hprc_r2_v1.0.1_HML-2_3q27.2
3q27.2	HG02165	h2	TypeI	1	HG02165_hap2_hprc_r2_v1.0.1_HML-2_3q27.2
3q27.2	HG02178	h1	TypeI	1	HG02178_hap1_hprc_r2_v1.0.1_HML-2_3q27.2
3q27.2	HG02178	h2	TypeI	1	HG02178_hap2_hprc_r2_v1.0.1_HML-2_3q27.2
3q27.2	HG02257	mat	TypeI	1	HG02257_mat_hprc_r2_v1.1.0_HML-2_3q27.2
3q27.2	HG02257	pat	TypeI	1	HG02257_pat_hprc_r2_v1.1.0_HML-2_3q27.2
3q27.2	HG02258	mat	TypeI	1	HG02258_mat_hprc_r2_v1.0.1_HML-2_3q27.2
3q27.2	HG02258	pat	TypeI	1	HG02258_pat_hprc_r2_v1.0.1_HML-2_3q27.2
3q27.2	HG02273	h1	TypeI	1	HG02273_hap1_hprc_r2_v1.0.1_HML-2_3q27.2
3q27.2	HG02273	h2	TypeI	1	HG02273_hap2_hprc_r2_v1.0.1_HML-2_3q27.2
3q27.2	HG02280	mat	TypeI	1	HG02280_mat_hprc_r2_v1.0.1_HML-2_3q27.2
3q27.2	HG02280	pat	TypeI	1	HG02280_pat_hprc_r2_v1.0.1_HML-2_3q27.2
3q27.2	HG02282	h1	TypeI	1	HG02282_h1_HML-2_3q27.2_graph_hgsvc3-2024-02-23-mc-chm13
3q27.2	HG02282	h2	TypeI	1	HG02282_h2_HML-2_3q27.2_graph_hgsvc3-2024-02-23-mc-chm13
3q27.2	HG02293	mat	TypeI	1	HG02293_mat_hprc_r2_v1.0.1_HML-2_3q27.2
3q27.2	HG02293	pat	TypeI	1	HG02293_pat_hprc_r2_v1.0.1_HML-2_3q27.2
3q27.2	HG02300	mat	TypeI	1	HG02300_mat_hprc_r2_v1.0.1_HML-2_3q27.2
3q27.2	HG02300	pat	TypeI	1	HG02300_pat_hprc_r2_v1.0.1_HML-2_3q27.2
3q27.2	HG02391	h1	TypeI	1	HG02391_hap1_hprc_r2_v1.0.1_HML-2_3q27.2
3q27.2	HG02391	h2	TypeI	1	HG02391_hap2_hprc_r2_v1.0.1_HML-2_3q27.2
3q27.2	HG02392	h1	TypeI	1	HG02392_hap1_hprc_r2_v1.0.1_HML-2_3q27.2
3q27.2	HG02392	h2	TypeI	1	HG02392_hap2_hprc_r2_v1.0.1_HML-2_3q27.2
3q27.2	HG02451	mat	TypeI	1	HG02451_mat_hprc_r2_v1.0.1_HML-2_3q27.2
3q27.2	HG02451	pat	TypeI	1	HG02451_pat_hprc_r2_v1.0.1_HML-2_3q27.2
3q27.2	HG02486	mat	TypeI	1	HG02486_mat_hprc_r2_v1.0.1_HML-2_3q27.2
3q27.2	HG02486	pat	TypeI	1	HG02486_pat_hprc_r2_v1.0.1_HML-2_3q27.2
3q27.2	HG02492	h1	TypeI	1	HG02492_h1_HML-2_3q27.2_graph_hgsvc3-2024-02-23-mc-chm13
3q27.2	HG02492	h2	TypeI	1	HG02492_h2_HML-2_3q27.2_graph_hgsvc3-2024-02-23-mc-chm13
3q27.2	HG02514	mat	TypeI	1	HG02514_mat_hprc_r2_v1.0.1_HML-2_3q27.2
3q27.2	HG02514	pat	TypeI	1	HG02514_pat_hprc_r2_v1.0.1_HML-2_3q27.2
3q27.2	HG02523	mat	TypeI	1	HG02523_mat_hprc_r2_v1.0.1_HML-2_3q27.2
3q27.2	HG02523	pat	TypeI	1	HG02523_pat_hprc_r2_v1.0.1_HML-2_3q27.2
3q27.2	HG02554	h1	TypeI	1	HG02554_h1_HML-2_3q27.2_graph_hgsvc3-2024-02-23-mc-chm13
3q27.2	HG02554	h2	TypeI	1	HG02554_h2_HML-2_3q27.2_graph_hgsvc3-2024-02-23-mc-chm13
3q27.2	HG02559	mat	solo_LTR	1	HG02559_mat_hprc_r2_v1.0.1_HML-2_3q27.2
3q27.2	HG02559	pat	solo_LTR	1	HG02559_pat_hprc_r2_v1.0.1_HML-2_3q27.2
3q27.2	HG02572	mat	TypeI	1	HG02572_mat_hprc_r2_v1.0.1_HML-2_3q27.2
3q27.2	HG02572	pat	solo_LTR	1	HG02572_pat_hprc_r2_v1.0.1_HML-2_3q27.2
3q27.2	HG02583	h1	TypeI	1	HG02583_hap1_hprc_r2_v1.0.1_HML-2_3q27.2
3q27.2	HG02583	h2	TypeI	1	HG02583_hap2_hprc_r2_v1.0.1_HML-2_3q27.2
3q27.2	HG02587	h1	TypeI	1	HG02587_h1_HML-2_3q27.2_graph_hgsvc3-2024-02-23-mc-chm13
3q27.2	HG02587	h2	TypeI	2	HG02587_h2_HML-2_3q27.2_graph_hgsvc3-2024-02-23-mc-chm13_MULTI_part1|HG02587_h2_HML-2_3q27.2_graph_hgsvc3-2024-02-23-mc-chm13_MULTI_part2
3q27.2	HG02602	mat	TypeI	1	HG02602_mat_hprc_r2_v1.0.1_HML-2_3q27.2
3q27.2	HG02602	pat	TypeI	1	HG02602_pat_hprc_r2_v1.0.1_HML-2_3q27.2
3q27.2	HG02615	mat	TypeI	1	HG02615_mat_hprc_r2_v1.0.1_HML-2_3q27.2
3q27.2	HG02615	pat	TypeI	1	HG02615_pat_hprc_r2_v1.0.1_HML-2_3q27.2
3q27.2	HG02622	mat	TypeI	1	HG02622_mat_hprc_r2_v1.0.1_HML-2_3q27.2
3q27.2	HG02622	pat	TypeI	1	HG02622_pat_hprc_r2_v1.0.1_HML-2_3q27.2
3q27.2	HG02630	mat	TypeI	1	HG02630_mat_hprc_r2_v1.0.1_HML-2_3q27.2
3q27.2	HG02630	pat	TypeI	1	HG02630_pat_hprc_r2_v1.0.1_HML-2_3q27.2
3q27.2	HG02647	mat	TypeI	1	HG02647_mat_hprc_r2_v1.0.1_HML-2_3q27.2
3q27.2	HG02647	pat	TypeI	1	HG02647_pat_hprc_r2_v1.0.1_HML-2_3q27.2
3q27.2	HG02666	h1	TypeI	1	HG02666_h1_HML-2_3q27.2_graph_hgsvc3-2024-02-23-mc-chm13
3q27.2	HG02666	h2	TypeI	1	HG02666_h2_HML-2_3q27.2_graph_hgsvc3-2024-02-23-mc-chm13
3q27.2	HG02668	mat	TypeI	1	HG02668_mat_hprc_r2_v1.0.1_HML-2_3q27.2
3q27.2	HG02668	pat	TypeI	1	HG02668_pat_hprc_r2_v1.0.1_HML-2_3q27.2
3q27.2	HG02698	mat	TypeI	1	HG02698_mat_hprc_r2_v1.0.1_HML-2_3q27.2
3q27.2	HG02698	pat	TypeI	1	HG02698_pat_hprc_r2_v1.0.1_HML-2_3q27.2
3q27.2	HG02717	mat	TypeI	1	HG02717_mat_hprc_r2_v1.0.1_HML-2_3q27.2
3q27.2	HG02717	pat	TypeI	1	HG02717_pat_hprc_r2_v1.0.1_HML-2_3q27.2
3q27.2	HG02723	mat	TypeI	1	HG02723_mat_hprc_r2_v1.0.1_HML-2_3q27.2
3q27.2	HG02723	pat	solo_LTR	1	HG02723_pat_hprc_r2_v1.0.1_HML-2_3q27.2
3q27.2	HG02735	mat	TypeI	1	HG02735_mat_hprc_r2_v1.0.1_HML-2_3q27.2
3q27.2	HG02735	pat	TypeI	1	HG02735_pat_hprc_r2_v1.0.1_HML-2_3q27.2
3q27.2	HG02738	mat	TypeI	1	HG02738_mat_hprc_r2_v1.0.1_HML-2_3q27.2
3q27.2	HG02738	pat	TypeI	1	HG02738_pat_hprc_r2_v1.0.1_HML-2_3q27.2
3q27.2	HG02769	h1	TypeI	1	HG02769_h1_HML-2_3q27.2_graph_hgsvc3-2024-02-23-mc-chm13
3q27.2	HG02769	h2	TypeI	1	HG02769_h2_HML-2_3q27.2_graph_hgsvc3-2024-02-23-mc-chm13
3q27.2	HG02809	mat	TypeI	1	HG02809_mat_hprc_r2_v1.0.1_HML-2_3q27.2
3q27.2	HG02809	pat	TypeI	1	HG02809_pat_hprc_r2_v1.0.1_HML-2_3q27.2
3q27.2	HG02818	mat	TypeI	1	HG02818_mat_hprc_r2_v1.0.1_HML-2_3q27.2
3q27.2	HG02818	pat	TypeI	1	HG02818_pat_hprc_r2_v1.0.1_HML-2_3q27.2
3q27.2	HG02841	mat	TypeI	1	HG02841_mat_hprc_r2_v1.0.1_HML-2_3q27.2
3q27.2	HG02841	pat	TypeI	1	HG02841_pat_hprc_r2_v1.0.1_HML-2_3q27.2
3q27.2	HG02886	mat	solo_LTR	1	HG02886_mat_hprc_r2_v1.0.1_HML-2_3q27.2
3q27.2	HG02886	pat	TypeI	1	HG02886_pat_hprc_r2_v1.0.1_HML-2_3q27.2
3q27.2	HG02922	h1	TypeI	1	HG02922_hap1_hprc_r2_v1.0.1_HML-2_3q27.2
3q27.2	HG02922	h2	TypeI	1	HG02922_hap2_hprc_r2_v1.0.1_HML-2_3q27.2
3q27.2	HG02953	h1	TypeI	1	HG02953_h1_HML-2_3q27.2_graph_hgsvc3-2024-02-23-mc-chm13
3q27.2	HG02953	h2	TypeI	1	HG02953_h2_HML-2_3q27.2_graph_hgsvc3-2024-02-23-mc-chm13
3q27.2	HG02965	h1	TypeI	1	HG02965_hap1_hprc_r2_v1.0.1_HML-2_3q27.2
3q27.2	HG02965	h2	TypeI	1	HG02965_hap2_hprc_r2_v1.0.1_HML-2_3q27.2
3q27.2	HG02976	h1	solo_LTR	1	HG02976_hap1_hprc_r2_v1.0.1_HML-2_3q27.2
3q27.2	HG02976	h2	solo_LTR	1	HG02976_hap2_hprc_r2_v1.0.1_HML-2_3q27.2
3q27.2	HG02984	mat	TypeI	1	HG02984_mat_hprc_r2_v1.0.1_HML-2_3q27.2
3q27.2	HG02984	pat	TypeI	1	HG02984_pat_hprc_r2_v1.0.1_HML-2_3q27.2
3q27.2	HG03009	h1	TypeI	1	HG03009_h1_HML-2_3q27.2_graph_hgsvc3-2024-02-23-mc-chm13
3q27.2	HG03009	h2	TypeI	1	HG03009_h2_HML-2_3q27.2_graph_hgsvc3-2024-02-23-mc-chm13
3q27.2	HG03017	mat	TypeI	1	HG03017_mat_hprc_r2_v1.0.1_HML-2_3q27.2
3q27.2	HG03017	pat	TypeI	1	HG03017_pat_hprc_r2_v1.0.1_HML-2_3q27.2
3q27.2	HG03041	mat	TypeI	1	HG03041_mat_hprc_r2_v1.0.1_HML-2_3q27.2
3q27.2	HG03041	pat	TypeI	1	HG03041_pat_hprc_r2_v1.0.1_HML-2_3q27.2
3q27.2	HG03050	mat	TypeI	1	HG03050_mat_hprc_r2_v1.0.1_HML-2_3q27.2
3q27.2	HG03050	pat	TypeI	1	HG03050_pat_hprc_r2_v1.0.1_HML-2_3q27.2
3q27.2	HG03065	h1	TypeI	1	HG03065_h1_HML-2_3q27.2_graph_hgsvc3-2024-02-23-mc-chm13
3q27.2	HG03065	h2	TypeI	1	HG03065_h2_HML-2_3q27.2_graph_hgsvc3-2024-02-23-mc-chm13
3q27.2	HG03098	mat	TypeI	1	HG03098_mat_hprc_r2_v1.0.1_HML-2_3q27.2
3q27.2	HG03098	pat	TypeI	1	HG03098_pat_hprc_r2_v1.0.1_HML-2_3q27.2
3q27.2	HG03130	h1	TypeI	1	HG03130_hap1_hprc_r2_v1.0.1_HML-2_3q27.2
3q27.2	HG03130	h2	TypeI	1	HG03130_hap2_hprc_r2_v1.0.1_HML-2_3q27.2
3q27.2	HG03139	h1	TypeI	1	HG03139_hap1_hprc_r2_v1.0.1_HML-2_3q27.2
3q27.2	HG03139	h2	solo_LTR	1	HG03139_hap2_hprc_r2_v1.0.1_HML-2_3q27.2
3q27.2	HG03195	h1	TypeI	1	HG03195_hap1_hprc_r2_v1.0.1_HML-2_3q27.2
3q27.2	HG03195	h2	TypeI	1	HG03195_hap2_hprc_r2_v1.0.1_HML-2_3q27.2
3q27.2	HG03209	h1	TypeI	1	HG03209_hap1_hprc_r2_v1.0.1_HML-2_3q27.2
3q27.2	HG03209	h2	TypeI	1	HG03209_hap2_hprc_r2_v1.0.1_HML-2_3q27.2
3q27.2	HG03225	h1	TypeI	1	HG03225_hap1_hprc_r2_v1.0.1_HML-2_3q27.2
3q27.2	HG03225	h2	TypeI	1	HG03225_hap2_hprc_r2_v1.0.1_HML-2_3q27.2
3q27.2	HG03239	mat	TypeI	1	HG03239_mat_hprc_r2_v1.0.1_HML-2_3q27.2
3q27.2	HG03239	pat	TypeI	1	HG03239_pat_hprc_r2_v1.0.1_HML-2_3q27.2
3q27.2	HG03248	h1	TypeI	1	HG03248_h1_HML-2_3q27.2_graph_hgsvc3-2024-02-23-mc-chm13
3q27.2	HG03248	h2	solo_LTR	1	HG03248_h2_HML-2_3q27.2_graph_hgsvc3-2024-02-23-mc-chm13
3q27.2	HG03270	h1	solo_LTR	1	HG03270_hap1_hprc_r2_v1.0.1_HML-2_3q27.2
3q27.2	HG03270	h2	TypeI	1	HG03270_hap2_hprc_r2_v1.0.1_HML-2_3q27.2
3q27.2	HG03369	h1	TypeI	1	HG03369_hap1_hprc_r2_v1.0.1_HML-2_3q27.2
3q27.2	HG03369	h2	TypeI	1	HG03369_hap2_hprc_r2_v1.0.1_HML-2_3q27.2
3q27.2	HG03371	h1	TypeI	1	HG03371_h1_HML-2_3q27.2_graph_hgsvc3-2024-02-23-mc-chm13
3q27.2	HG03371	h2	TypeI	1	HG03371_h2_HML-2_3q27.2_graph_hgsvc3-2024-02-23-mc-chm13
3q27.2	HG03452	h1	TypeI	1	HG03452_h1_HML-2_3q27.2_graph_hgsvc3-2024-02-23-mc-chm13
3q27.2	HG03452	h2	TypeI	1	HG03452_h2_HML-2_3q27.2_graph_hgsvc3-2024-02-23-mc-chm13
3q27.2	HG03453	mat	TypeI	1	HG03453_mat_hprc_r2_v1.0.1_HML-2_3q27.2
3q27.2	HG03453	pat	TypeI	1	HG03453_pat_hprc_r2_v1.0.1_HML-2_3q27.2
3q27.2	HG03456	h1	TypeI	1	HG03456_h1_HML-2_3q27.2_graph_hgsvc3-2024-02-23-mc-chm13
3q27.2	HG03456	h2	TypeI	1	HG03456_h2_HML-2_3q27.2_graph_hgsvc3-2024-02-23-mc-chm13
3q27.2	HG03470	h1	TypeI	1	HG03470_hap1_hprc_r2_v1.0.1_HML-2_3q27.2
3q27.2	HG03470	h2	TypeI	1	HG03470_hap2_hprc_r2_v1.0.1_HML-2_3q27.2
3q27.2	HG03471	h1	TypeI	1	HG03471_hap1_hprc_r2_v1.0.1_HML-2_3q27.2
3q27.2	HG03471	h2	TypeI	1	HG03471_hap2_hprc_r2_v1.0.1_HML-2_3q27.2
3q27.2	HG03486	mat	TypeI	1	HG03486_mat_hprc_r2_v1.0.1_HML-2_3q27.2
3q27.2	HG03486	pat	solo_LTR	1	HG03486_pat_hprc_r2_v1.0.1_HML-2_3q27.2
3q27.2	HG03516	mat	TypeI	1	HG03516_mat_hprc_r2_v1.1.0_HML-2_3q27.2
3q27.2	HG03516	pat	TypeI	1	HG03516_pat_hprc_r2_v1.1.0_HML-2_3q27.2
3q27.2	HG03520	h1	TypeI	1	HG03520_h1_HML-2_3q27.2_graph_hgsvc3-2024-02-23-mc-chm13
3q27.2	HG03520	h2	TypeI	1	HG03520_h2_HML-2_3q27.2_graph_hgsvc3-2024-02-23-mc-chm13
3q27.2	HG03521	h1	TypeI	1	HG03521_hap1_hprc_r2_v1.0.1_HML-2_3q27.2
3q27.2	HG03521	h2	TypeI	1	HG03521_hap2_hprc_r2_v1.0.1_HML-2_3q27.2
3q27.2	HG03540	mat	TypeI	1	HG03540_mat_hprc_r2_v1.0.1_HML-2_3q27.2
3q27.2	HG03540	pat	TypeI	1	HG03540_pat_hprc_r2_v1.0.1_HML-2_3q27.2
3q27.2	HG03579	mat	TypeI	1	HG03579_mat_hprc_r2_v1.0.1_HML-2_3q27.2
3q27.2	HG03579	pat	TypeI	1	HG03579_pat_hprc_r2_v1.0.1_HML-2_3q27.2
3q27.2	HG03583	h1	TypeI	1	HG03583_hap1_hprc_r2_v1.0.1_HML-2_3q27.2
3q27.2	HG03583	h2	TypeI	1	HG03583_hap2_hprc_r2_v1.0.1_HML-2_3q27.2
3q27.2	HG03654	mat	solo_LTR	1	HG03654_mat_hprc_r2_v1.0.1_HML-2_3q27.2
3q27.2	HG03654	pat	TypeI	1	HG03654_pat_hprc_r2_v1.0.1_HML-2_3q27.2
3q27.2	HG03669	mat	TypeI	1	HG03669_mat_hprc_r2_v1.0.1_HML-2_3q27.2
3q27.2	HG03669	pat	TypeI	1	HG03669_pat_hprc_r2_v1.0.1_HML-2_3q27.2
3q27.2	HG03683	h1	TypeI	1	HG03683_h1_HML-2_3q27.2_graph_hgsvc3-2024-02-23-mc-chm13
3q27.2	HG03683	h2	TypeI	1	HG03683_h2_HML-2_3q27.2_graph_hgsvc3-2024-02-23-mc-chm13
3q27.2	HG03688	mat	TypeI	1	HG03688_mat_hprc_r2_v1.0.1_HML-2_3q27.2
3q27.2	HG03688	pat	TypeI	1	HG03688_pat_hprc_r2_v1.0.1_HML-2_3q27.2
3q27.2	HG03704	mat	TypeI	1	HG03704_mat_hprc_r2_v1.0.1_HML-2_3q27.2
3q27.2	HG03704	pat	TypeI	1	HG03704_pat_hprc_r2_v1.0.1_HML-2_3q27.2
3q27.2	HG03710	mat	TypeI	1	HG03710_mat_hprc_r2_v1.0.1_HML-2_3q27.2
3q27.2	HG03710	pat	TypeI	1	HG03710_pat_hprc_r2_v1.0.1_HML-2_3q27.2
3q27.2	HG03732	h1	TypeI	1	HG03732_h1_HML-2_3q27.2_graph_hgsvc3-2024-02-23-mc-chm13
3q27.2	HG03732	h2	TypeI	1	HG03732_h2_HML-2_3q27.2_graph_hgsvc3-2024-02-23-mc-chm13
3q27.2	HG03742	h1	TypeI	1	HG03742_hap1_hprc_r2_v1.0.1_HML-2_3q27.2
3q27.2	HG03742	h2	TypeI	1	HG03742_hap2_hprc_r2_v1.0.1_HML-2_3q27.2
3q27.2	HG03784	h1	TypeI	1	HG03784_hap1_hprc_r2_v1.0.1_HML-2_3q27.2
3q27.2	HG03784	h2	TypeI	1	HG03784_hap2_hprc_r2_v1.0.1_HML-2_3q27.2
3q27.2	HG03804	mat	TypeI	1	HG03804_mat_hprc_r2_v1.0.1_HML-2_3q27.2
3q27.2	HG03804	pat	TypeI	1	HG03804_pat_hprc_r2_v1.0.1_HML-2_3q27.2
3q27.2	HG03807	h1	TypeI	1	HG03807_h1_HML-2_3q27.2_graph_hgsvc3-2024-02-23-mc-chm13
3q27.2	HG03807	h2	TypeI	1	HG03807_h2_HML-2_3q27.2_graph_hgsvc3-2024-02-23-mc-chm13
3q27.2	HG03816	mat	TypeI	1	HG03816_mat_hprc_r2_v1.0.1_HML-2_3q27.2
3q27.2	HG03816	pat	TypeI	1	HG03816_pat_hprc_r2_v1.0.1_HML-2_3q27.2
3q27.2	HG03831	mat	TypeI	1	HG03831_mat_hprc_r2_v1.0.1_HML-2_3q27.2
3q27.2	HG03831	pat	TypeI	1	HG03831_pat_hprc_r2_v1.0.1_HML-2_3q27.2
3q27.2	HG03834	mat	TypeI	1	HG03834_mat_hprc_r2_v1.0.1_HML-2_3q27.2
3q27.2	HG03834	pat	TypeI	1	HG03834_pat_hprc_r2_v1.0.1_HML-2_3q27.2
3q27.2	HG03874	h1	TypeI	1	HG03874_hap1_hprc_r2_v1.0.1_HML-2_3q27.2
3q27.2	HG03874	h2	TypeI	1	HG03874_hap2_hprc_r2_v1.0.1_HML-2_3q27.2
3q27.2	HG03927	mat	TypeI	1	HG03927_mat_hprc_r2_v1.0.1_HML-2_3q27.2
3q27.2	HG03927	pat	TypeI	1	HG03927_pat_hprc_r2_v1.0.1_HML-2_3q27.2
3q27.2	HG03942	mat	TypeI	1	HG03942_mat_hprc_r2_v1.0.1_HML-2_3q27.2
3q27.2	HG03942	pat	TypeI	1	HG03942_pat_hprc_r2_v1.0.1_HML-2_3q27.2
3q27.2	HG04036	h1	TypeI	1	HG04036_h1_HML-2_3q27.2_graph_hgsvc3-2024-02-23-mc-chm13
3q27.2	HG04036	h2	TypeI	1	HG04036_h2_HML-2_3q27.2_graph_hgsvc3-2024-02-23-mc-chm13
3q27.2	HG04115	mat	TypeI	1	HG04115_mat_hprc_r2_v1.0.1_HML-2_3q27.2
3q27.2	HG04115	pat	TypeI	1	HG04115_pat_hprc_r2_v1.0.1_HML-2_3q27.2
3q27.2	HG04157	mat	TypeI	1	HG04157_mat_hprc_r2_v1.0.1_HML-2_3q27.2
3q27.2	HG04157	pat	TypeI	1	HG04157_pat_hprc_r2_v1.0.1_HML-2_3q27.2
3q27.2	HG04160	mat	TypeI	1	HG04160_mat_hprc_r2_v1.0.1_HML-2_3q27.2
3q27.2	HG04160	pat	TypeI	1	HG04160_pat_hprc_r2_v1.0.1_HML-2_3q27.2
3q27.2	HG04184	mat	TypeI	1	HG04184_mat_hprc_r2_v1.0.1_HML-2_3q27.2
3q27.2	HG04184	pat	TypeI	1	HG04184_pat_hprc_r2_v1.0.1_HML-2_3q27.2
3q27.2	HG04187	mat	TypeI	1	HG04187_mat_hprc_r2_v1.0.1_HML-2_3q27.2
3q27.2	HG04187	pat	TypeI	1	HG04187_pat_hprc_r2_v1.0.1_HML-2_3q27.2
3q27.2	HG04199	mat	TypeI	1	HG04199_mat_hprc_r2_v1.0.1_HML-2_3q27.2
3q27.2	HG04199	pat	TypeI	1	HG04199_pat_hprc_r2_v1.0.1_HML-2_3q27.2
3q27.2	HG04204	mat	TypeI	1	HG04204_mat_hprc_r2_v1.0.1_HML-2_3q27.2
3q27.2	HG04204	pat	TypeI	1	HG04204_pat_hprc_r2_v1.0.1_HML-2_3q27.2
3q27.2	HG04217	h1	TypeI	1	HG04217_h1_HML-2_3q27.2_graph_hgsvc3-2024-02-23-mc-chm13
3q27.2	HG04217	h2	TypeI	1	HG04217_h2_HML-2_3q27.2_graph_hgsvc3-2024-02-23-mc-chm13
3q27.2	HG04228	mat	TypeI	1	HG04228_mat_hprc_r2_v1.0.1_HML-2_3q27.2
3q27.2	HG04228	pat	TypeI	1	HG04228_pat_hprc_r2_v1.0.1_HML-2_3q27.2
3q27.2	HG06807	mat	solo_LTR	1	HG06807_mat_v1.0.genbank_HML-2_3q27.2
3q27.2	HG06807	pat	TypeI	1	HG06807_pat_v1.0.genbank_HML-2_3q27.2
3q27.2	NA12329	h1	TypeI	1	NA12329_h1_HML-2_3q27.2_graph_hgsvc3-2024-02-23-mc-chm13
3q27.2	NA12329	h2	TypeI	1	NA12329_h2_HML-2_3q27.2_graph_hgsvc3-2024-02-23-mc-chm13
3q27.2	NA18505	h1	TypeI	1	NA18505_hap1_hprc_r2_v1.0.1_HML-2_3q27.2
3q27.2	NA18505	h2	TypeI	1	NA18505_hap2_hprc_r2_v1.0.1_HML-2_3q27.2
3q27.2	NA18508	h1	TypeI	1	NA18508_hap1_hprc_r2_v1.0.1_HML-2_3q27.2
3q27.2	NA18508	h2	TypeI	1	NA18508_hap2_hprc_r2_v1.0.1_HML-2_3q27.2
3q27.2	NA18522	h1	solo_LTR	1	NA18522_hap1_hprc_r2_v1.0.1_HML-2_3q27.2
3q27.2	NA18522	h2	TypeI	1	NA18522_hap2_hprc_r2_v1.0.1_HML-2_3q27.2
3q27.2	NA18534	h1	TypeI	1	NA18534_h1_HML-2_3q27.2_graph_hgsvc3-2024-02-23-mc-chm13
3q27.2	NA18534	h2	TypeI	1	NA18534_h2_HML-2_3q27.2_graph_hgsvc3-2024-02-23-mc-chm13
3q27.2	NA18565	h1	TypeI	1	NA18565_hap1_hprc_r2_v1.0.1_HML-2_3q27.2
3q27.2	NA18565	h2	TypeI	1	NA18565_hap2_hprc_r2_v1.0.1_HML-2_3q27.2
3q27.2	NA18570	h1	TypeI	1	NA18570_hap1_hprc_r2_v1.0.1_HML-2_3q27.2
3q27.2	NA18570	h2	TypeI	1	NA18570_hap2_hprc_r2_v1.0.1_HML-2_3q27.2
3q27.2	NA18608	h1	TypeI	1	NA18608_hap1_hprc_r2_v1.0.1_HML-2_3q27.2
3q27.2	NA18608	h2	TypeI	1	NA18608_hap2_hprc_r2_v1.0.1_HML-2_3q27.2
3q27.2	NA18620	h1	TypeI	1	NA18620_hap1_hprc_r2_v1.0.1_HML-2_3q27.2
3q27.2	NA18620	h2	TypeI	1	NA18620_hap2_hprc_r2_v1.0.1_HML-2_3q27.2
3q27.2	NA18747	h1	TypeI	1	NA18747_hap1_hprc_r2_v1.0.1_HML-2_3q27.2
3q27.2	NA18747	h2	TypeI	1	NA18747_hap2_hprc_r2_v1.0.1_HML-2_3q27.2
3q27.2	NA18879	h1	TypeI	1	NA18879_hap1_hprc_r2_v1.0.1_HML-2_3q27.2
3q27.2	NA18879	h2	TypeI	1	NA18879_hap2_hprc_r2_v1.0.1_HML-2_3q27.2
3q27.2	NA18906	mat	TypeI	1	NA18906_mat_hprc_r2_v1.0.1_HML-2_3q27.2
3q27.2	NA18906	pat	TypeI	1	NA18906_pat_hprc_r2_v1.0.1_HML-2_3q27.2
3q27.2	NA18939	h1	TypeI	1	NA18939_h1_HML-2_3q27.2_graph_hgsvc3-2024-02-23-mc-chm13
3q27.2	NA18939	h2	TypeI	1	NA18939_h2_HML-2_3q27.2_graph_hgsvc3-2024-02-23-mc-chm13
3q27.2	NA18940	h1	TypeI	1	NA18940_hap1_hprc_r2_v1.0.1_HML-2_3q27.2
3q27.2	NA18940	h2	TypeI	1	NA18940_hap2_hprc_r2_v1.0.1_HML-2_3q27.2
3q27.2	NA18943	h1	TypeI	1	NA18943_hap1_hprc_r2_v1.0.1_HML-2_3q27.2
3q27.2	NA18943	h2	TypeI	1	NA18943_hap2_hprc_r2_v1.0.1_HML-2_3q27.2
3q27.2	NA18944	h1	TypeI	1	NA18944_hap1_hprc_r2_v1.0.1_HML-2_3q27.2
3q27.2	NA18944	h2	TypeI	1	NA18944_hap2_hprc_r2_v1.0.1_HML-2_3q27.2
3q27.2	NA18945	h1	TypeI	1	NA18945_hap1_hprc_r2_v1.0.1_HML-2_3q27.2
3q27.2	NA18945	h2	TypeI	1	NA18945_hap2_hprc_r2_v1.0.1_HML-2_3q27.2
3q27.2	NA18948	h1	TypeI	1	NA18948_hap1_hprc_r2_v1.0.1_HML-2_3q27.2
3q27.2	NA18948	h2	TypeI	1	NA18948_hap2_hprc_r2_v1.0.1_HML-2_3q27.2
3q27.2	NA18952	h1	TypeI	1	NA18952_hap1_hprc_r2_v1.0.1_HML-2_3q27.2
3q27.2	NA18952	h2	TypeI	1	NA18952_hap2_hprc_r2_v1.0.1_HML-2_3q27.2
3q27.2	NA18959	h1	TypeI	1	NA18959_hap1_hprc_r2_v1.0.1_HML-2_3q27.2
3q27.2	NA18959	h2	TypeI	1	NA18959_hap2_hprc_r2_v1.0.1_HML-2_3q27.2
3q27.2	NA18960	h1	TypeI	1	NA18960_hap1_hprc_r2_v1.0.1_HML-2_3q27.2
3q27.2	NA18960	h2	TypeI	1	NA18960_hap2_hprc_r2_v1.0.1_HML-2_3q27.2
3q27.2	NA18967	h1	TypeI	1	NA18967_hap1_hprc_r2_v1.0.1_HML-2_3q27.2
3q27.2	NA18967	h2	TypeI	1	NA18967_hap2_hprc_r2_v1.0.1_HML-2_3q27.2
3q27.2	NA18970	h1	TypeI	1	NA18970_hap1_hprc_r2_v1.0.1_HML-2_3q27.2
3q27.2	NA18970	h2	TypeI	1	NA18970_hap2_hprc_r2_v1.0.1_HML-2_3q27.2
3q27.2	NA18971	h1	TypeI	1	NA18971_hap1_hprc_r2_v1.0.1_HML-2_3q27.2
3q27.2	NA18971	h2	TypeI	1	NA18971_hap2_hprc_r2_v1.0.1_HML-2_3q27.2
3q27.2	NA18974	h1	TypeI	1	NA18974_hap1_hprc_r2_v1.0.1_HML-2_3q27.2
3q27.2	NA18974	h2	TypeI	1	NA18974_hap2_hprc_r2_v1.0.1_HML-2_3q27.2
3q27.2	NA18976	h1	TypeI	1	NA18976_hap1_hprc_r2_v1.0.1_HML-2_3q27.2
3q27.2	NA18976	h2	TypeI	1	NA18976_hap2_hprc_r2_v1.0.1_HML-2_3q27.2
3q27.2	NA18982	h1	TypeI	1	NA18982_hap1_hprc_r2_v1.0.1_HML-2_3q27.2
3q27.2	NA18982	h2	TypeI	1	NA18982_hap2_hprc_r2_v1.0.1_HML-2_3q27.2
3q27.2	NA18983	h1	TypeI	1	NA18983_hap1_hprc_r2_v1.0.1_HML-2_3q27.2
3q27.2	NA18983	h2	TypeI	1	NA18983_hap2_hprc_r2_v1.0.1_HML-2_3q27.2
3q27.2	NA18989	h1	TypeI	1	NA18989_h1_HML-2_3q27.2_graph_hgsvc3-2024-02-23-mc-chm13
3q27.2	NA18989	h2	TypeI	1	NA18989_h2_HML-2_3q27.2_graph_hgsvc3-2024-02-23-mc-chm13
3q27.2	NA19036	h1	TypeI	1	NA19036_hap1_hprc_r2_v1.0.1_HML-2_3q27.2
3q27.2	NA19036	h2	TypeI	1	NA19036_hap2_hprc_r2_v1.0.1_HML-2_3q27.2
3q27.2	NA19043	h1	TypeI	1	NA19043_hap1_hprc_r2_v1.0.1_HML-2_3q27.2
3q27.2	NA19043	h2	TypeI	1	NA19043_hap2_hprc_r2_v1.0.1_HML-2_3q27.2
3q27.2	NA19087	h1	TypeI	1	NA19087_hap1_hprc_r2_v1.0.1_HML-2_3q27.2
3q27.2	NA19087	h2	TypeI	1	NA19087_hap2_hprc_r2_v1.0.1_HML-2_3q27.2
3q27.2	NA19129	h1	TypeI	1	NA19129_h1_HML-2_3q27.2_graph_hgsvc3-2024-02-23-mc-chm13
3q27.2	NA19129	h2	TypeI	1	NA19129_h2_HML-2_3q27.2_graph_hgsvc3-2024-02-23-mc-chm13
3q27.2	NA19159	h1	TypeI	1	NA19159_hap1_hprc_r2_v1.0.1_HML-2_3q27.2
3q27.2	NA19159	h2	TypeI	1	NA19159_hap2_hprc_r2_v1.0.1_HML-2_3q27.2
3q27.2	NA19185	h1	TypeI	1	NA19185_hap1_hprc_r2_v1.0.1_HML-2_3q27.2
3q27.2	NA19185	h2	TypeI	1	NA19185_hap2_hprc_r2_v1.0.1_HML-2_3q27.2
3q27.2	NA19238	h1	solo_LTR	1	NA19238_h1_HML-2_3q27.2_graph_hgsvc3-2024-02-23-mc-chm13
3q27.2	NA19238	h2	TypeI	1	NA19238_h2_HML-2_3q27.2_graph_hgsvc3-2024-02-23-mc-chm13
3q27.2	NA19239	h1	TypeI	1	NA19239_h1_HML-2_3q27.2_graph_hgsvc3-2024-02-23-mc-chm13
3q27.2	NA19239	h2	TypeI	1	NA19239_h2_HML-2_3q27.2_graph_hgsvc3-2024-02-23-mc-chm13
3q27.2	NA19240	mat	TypeI	1	NA19240_mat_hprc_r2_v1.0.1_HML-2_3q27.2
3q27.2	NA19240	pat	TypeI	1	NA19240_pat_hprc_r2_v1.0.1_HML-2_3q27.2
3q27.2	NA19317	h1	TypeI	1	NA19317_h1_HML-2_3q27.2_graph_hgsvc3-2024-02-23-mc-chm13
3q27.2	NA19317	h2	TypeI	1	NA19317_h2_HML-2_3q27.2_graph_hgsvc3-2024-02-23-mc-chm13
3q27.2	NA19331	h1	TypeI	1	NA19331_h1_HML-2_3q27.2_graph_hgsvc3-2024-02-23-mc-chm13
3q27.2	NA19331	h2	TypeI	1	NA19331_h2_HML-2_3q27.2_graph_hgsvc3-2024-02-23-mc-chm13
3q27.2	NA19338	h1	solo_LTR	1	NA19338_hap1_hprc_r2_v1.0.1_HML-2_3q27.2
3q27.2	NA19338	h2	TypeI	1	NA19338_hap2_hprc_r2_v1.0.1_HML-2_3q27.2
3q27.2	NA19347	h1	TypeI	1	NA19347_h1_HML-2_3q27.2_graph_hgsvc3-2024-02-23-mc-chm13
3q27.2	NA19347	h2	solo_LTR	1	NA19347_h2_HML-2_3q27.2_graph_hgsvc3-2024-02-23-mc-chm13
3q27.2	NA19384	h1	TypeI	1	NA19384_h1_HML-2_3q27.2_graph_hgsvc3-2024-02-23-mc-chm13
3q27.2	NA19384	h2	TypeI	1	NA19384_h2_HML-2_3q27.2_graph_hgsvc3-2024-02-23-mc-chm13
3q27.2	NA19391	h1	TypeI	1	NA19391_hap1_hprc_r2_v1.0.1_HML-2_3q27.2
3q27.2	NA19391	h2	TypeI	1	NA19391_hap2_hprc_r2_v1.0.1_HML-2_3q27.2
3q27.2	NA19434	h1	TypeI	1	NA19434_h1_HML-2_3q27.2_graph_hgsvc3-2024-02-23-mc-chm13
3q27.2	NA19434	h2	TypeI	1	NA19434_h2_HML-2_3q27.2_graph_hgsvc3-2024-02-23-mc-chm13
3q27.2	NA19443	h1	TypeI	1	NA19443_hap1_hprc_r2_v1.0.1_HML-2_3q27.2
3q27.2	NA19443	h2	TypeI	1	NA19443_hap2_hprc_r2_v1.0.1_HML-2_3q27.2
3q27.2	NA19468	h1	TypeI	1	NA19468_hap1_hprc_r2_v1.0.1_HML-2_3q27.2
3q27.2	NA19468	h2	TypeI	1	NA19468_hap2_hprc_r2_v1.0.1_HML-2_3q27.2
3q27.2	NA19650	h1	TypeI	1	NA19650_h1_HML-2_3q27.2_graph_hgsvc3-2024-02-23-mc-chm13
3q27.2	NA19650	h2	TypeI	1	NA19650_h2_HML-2_3q27.2_graph_hgsvc3-2024-02-23-mc-chm13
3q27.2	NA19682	h1	TypeI	1	NA19682_hap1_hprc_r2_v1.0.1_HML-2_3q27.2
3q27.2	NA19682	h2	TypeI	1	NA19682_hap2_hprc_r2_v1.0.1_HML-2_3q27.2
3q27.2	NA19700	h1	TypeI	1	NA19700_hap1_hprc_r2_v1.0.1_HML-2_3q27.2
3q27.2	NA19700	h2	TypeI	1	NA19700_hap2_hprc_r2_v1.0.1_HML-2_3q27.2
3q27.2	NA19705	h1	TypeI	1	NA19705_h1_HML-2_3q27.2_graph_hgsvc3-2024-02-23-mc-chm13
3q27.2	NA19705	h2	TypeI	1	NA19705_h2_HML-2_3q27.2_graph_hgsvc3-2024-02-23-mc-chm13
3q27.2	NA19776	h1	TypeI	1	NA19776_hap1_hprc_r2_v1.0.1_HML-2_3q27.2
3q27.2	NA19776	h2	TypeI	1	NA19776_hap2_hprc_r2_v1.0.1_HML-2_3q27.2
3q27.2	NA19835	h1	TypeI	1	NA19835_hap1_hprc_r2_v1.0.1_HML-2_3q27.2
3q27.2	NA19835	h2	TypeI	1	NA19835_hap2_hprc_r2_v1.0.1_HML-2_3q27.2
3q27.2	NA19836	h1	TypeI	1	NA19836_h1_HML-2_3q27.2_graph_hgsvc3-2024-02-23-mc-chm13
3q27.2	NA19836	h2	TypeI	1	NA19836_h2_HML-2_3q27.2_graph_hgsvc3-2024-02-23-mc-chm13
3q27.2	NA19909	h1	TypeI	1	NA19909_hap1_hprc_r2_v1.0.1_HML-2_3q27.2
3q27.2	NA19909	h2	TypeI	1	NA19909_hap2_hprc_r2_v1.0.1_HML-2_3q27.2
3q27.2	NA19983	h1	TypeI	1	NA19983_h1_HML-2_3q27.2_graph_hgsvc3-2024-02-23-mc-chm13
3q27.2	NA19983	h2	TypeI	1	NA19983_h2_HML-2_3q27.2_graph_hgsvc3-2024-02-23-mc-chm13
3q27.2	NA20129	mat	TypeI	1	NA20129_mat_hprc_r2_v1.0.1_HML-2_3q27.2
3q27.2	NA20129	pat	TypeI	1	NA20129_pat_hprc_r2_v1.0.1_HML-2_3q27.2
3q27.2	NA20282	h1	TypeI	1	NA20282_hap1_hprc_r2_v1.0.1_HML-2_3q27.2
3q27.2	NA20282	h2	TypeI	1	NA20282_hap2_hprc_r2_v1.0.1_HML-2_3q27.2
3q27.2	NA20346	h1	TypeI	1	NA20346_hap1_hprc_r2_v1.0.1_HML-2_3q27.2
3q27.2	NA20346	h2	TypeI	1	NA20346_hap2_hprc_r2_v1.0.1_HML-2_3q27.2
3q27.2	NA20355	h1	TypeI	1	NA20355_h1_HML-2_3q27.2_graph_hgsvc3-2024-02-23-mc-chm13
3q27.2	NA20355	h2	TypeI	1	NA20355_h2_HML-2_3q27.2_graph_hgsvc3-2024-02-23-mc-chm13
3q27.2	NA20503	h1	TypeI	1	NA20503_hap1_hprc_r2_v1.0.1_HML-2_3q27.2
3q27.2	NA20503	h2	TypeI	1	NA20503_hap2_hprc_r2_v1.0.1_HML-2_3q27.2
3q27.2	NA20509	h1	TypeI	1	NA20509_h1_HML-2_3q27.2_graph_hgsvc3-2024-02-23-mc-chm13
3q27.2	NA20509	h2	TypeI	1	NA20509_h2_HML-2_3q27.2_graph_hgsvc3-2024-02-23-mc-chm13
3q27.2	NA20752	h1	TypeI	1	NA20752_hap1_hprc_r2_v1.0.1_HML-2_3q27.2
3q27.2	NA20752	h2	TypeI	1	NA20752_hap2_hprc_r2_v1.0.1_HML-2_3q27.2
3q27.2	NA20762	h1	TypeI	1	NA20762_hap1_hprc_r2_v1.0.1_HML-2_3q27.2
3q27.2	NA20762	h2	TypeI	1	NA20762_hap2_hprc_r2_v1.0.1_HML-2_3q27.2
3q27.2	NA20799	h1	TypeI	1	NA20799_hap1_hprc_r2_v1.0.1_HML-2_3q27.2
3q27.2	NA20799	h2	TypeI	1	NA20799_hap2_hprc_r2_v1.0.1_HML-2_3q27.2
3q27.2	NA20805	h1	TypeI	1	NA20805_hap1_hprc_r2_v1.0.1_HML-2_3q27.2
3q27.2	NA20805	h2	TypeI	1	NA20805_hap2_hprc_r2_v1.0.1_HML-2_3q27.2
3q27.2	NA20806	h1	TypeI	1	NA20806_hap1_hprc_r2_v1.0.1_HML-2_3q27.2
3q27.2	NA20806	h2	TypeI	1	NA20806_hap2_hprc_r2_v1.0.1_HML-2_3q27.2
3q27.2	NA20809	h1	TypeI	1	NA20809_hap1_hprc_r2_v1.0.1_HML-2_3q27.2
3q27.2	NA20809	h2	TypeI	1	NA20809_hap2_hprc_r2_v1.0.1_HML-2_3q27.2
3q27.2	NA20827	h1	TypeI	1	NA20827_hap1_hprc_r2_v1.0.1_HML-2_3q27.2
3q27.2	NA20827	h2	TypeI	1	NA20827_hap2_hprc_r2_v1.0.1_HML-2_3q27.2
3q27.2	NA20847	h1	TypeI	1	NA20847_h1_HML-2_3q27.2_graph_hgsvc3-2024-02-23-mc-chm13
3q27.2	NA20847	h2	TypeI	1	NA20847_h2_HML-2_3q27.2_graph_hgsvc3-2024-02-23-mc-chm13
3q27.2	NA20850	h1	TypeI	1	NA20850_hap1_hprc_r2_v1.0.1_HML-2_3q27.2
3q27.2	NA20850	h2	TypeI	1	NA20850_hap2_hprc_r2_v1.0.1_HML-2_3q27.2
3q27.2	NA20870	h1	TypeI	1	NA20870_hap1_hprc_r2_v1.0.1_HML-2_3q27.2
3q27.2	NA20870	h2	TypeI	1	NA20870_hap2_hprc_r2_v1.0.1_HML-2_3q27.2
3q27.2	NA20905	h1	TypeI	1	NA20905_hap1_hprc_r2_v1.0.1_HML-2_3q27.2
3q27.2	NA20905	h2	TypeI	1	NA20905_hap2_hprc_r2_v1.0.1_HML-2_3q27.2
3q27.2	NA21093	h1	TypeI	1	NA21093_hap1_hprc_r2_v1.0.1_HML-2_3q27.2
3q27.2	NA21093	h2	TypeI	1	NA21093_hap2_hprc_r2_v1.0.1_HML-2_3q27.2
3q27.2	NA21102	h1	TypeI	1	NA21102_hap1_hprc_r2_v1.0.1_HML-2_3q27.2
3q27.2	NA21102	h2	TypeI	1	NA21102_hap2_hprc_r2_v1.0.1_HML-2_3q27.2
3q27.2	NA21106	h1	TypeI	1	NA21106_hap1_hprc_r2_v1.0.1_HML-2_3q27.2
3q27.2	NA21106	h2	TypeI	1	NA21106_hap2_hprc_r2_v1.0.1_HML-2_3q27.2
3q27.2	NA21110	h1	TypeI	1	NA21110_hap1_hprc_r2_v1.0.1_HML-2_3q27.2
3q27.2	NA21110	h2	TypeI	1	NA21110_hap2_hprc_r2_v1.0.1_HML-2_3q27.2
3q27.2	NA21144	h1	TypeI	1	NA21144_hap1_hprc_r2_v1.0.1_HML-2_3q27.2
3q27.2	NA21144	h2	TypeI	1	NA21144_hap2_hprc_r2_v1.0.1_HML-2_3q27.2
3q27.2	NA21309	mat	TypeI	1	NA21309_mat_hprc_r2_v1.0.1_HML-2_3q27.2
3q27.2	NA21309	pat	TypeI	1	NA21309_pat_hprc_r2_v1.0.1_HML-2_3q27.2
3q27.2	NA21487	h1	TypeI	1	NA21487_h1_HML-2_3q27.2_graph_hgsvc3-2024-02-23-mc-chm13
3q27.2	NA21487	h2	TypeI	1	NA21487_h2_HML-2_3q27.2_graph_hgsvc3-2024-02-23-mc-chm13
3q27.2	NA24385	h1	TypeI	1	NA24385_h1_HML-2_3q27.2_graph_hgsvc3-2024-02-23-mc-chm13
3q27.2	NA24385	h2	TypeI	1	NA24385_h2_HML-2_3q27.2_graph_hgsvc3-2024-02-23-mc-chm13
4q32.3	HG00096	h1	TypeI	1	HG00096_h1_HML-2_4q32.3_graph_hgsvc3-2024-02-23-mc-chm13
4q32.3	HG00096	h2	TypeI	1	HG00096_h2_HML-2_4q32.3_graph_hgsvc3-2024-02-23-mc-chm13
4q32.3	HG00097	h1	TypeI	1	HG00097_hap1_hprc_r2_v1.0.1_HML-2_4q32.3
4q32.3	HG00097	h2	TypeI	1	HG00097_hap2_hprc_r2_v1.0.1_HML-2_4q32.3
4q32.3	HG00099	h1	TypeI	1	HG00099_hap1_hprc_r2_v1.0.1_HML-2_4q32.3
4q32.3	HG00099	h2	TypeI	1	HG00099_hap2_hprc_r2_v1.0.1_HML-2_4q32.3
4q32.3	HG00126	h1	TypeI	1	HG00126_hap1_hprc_r2_v1.0.1_HML-2_4q32.3
4q32.3	HG00126	h2	TypeI	1	HG00126_hap2_hprc_r2_v1.0.1_HML-2_4q32.3
4q32.3	HG00128	h1	TypeI	1	HG00128_hap1_hprc_r2_v1.0.1_HML-2_4q32.3
4q32.3	HG00128	h2	TypeI	1	HG00128_hap2_hprc_r2_v1.0.1_HML-2_4q32.3
4q32.3	HG00133	h1	TypeI	1	HG00133_hap1_hprc_r2_v1.0.1_HML-2_4q32.3
4q32.3	HG00133	h2	TypeI	1	HG00133_hap2_hprc_r2_v1.0.1_HML-2_4q32.3
4q32.3	HG00140	h1	TypeI	1	HG00140_hap1_hprc_r2_v1.0.1_HML-2_4q32.3
4q32.3	HG00140	h2	TypeI	1	HG00140_hap2_hprc_r2_v1.0.1_HML-2_4q32.3
4q32.3	HG00146	h1	TypeI	1	HG00146_hap1_hprc_r2_v1.0.1_HML-2_4q32.3
4q32.3	HG00146	h2	TypeI	1	HG00146_hap2_hprc_r2_v1.0.1_HML-2_4q32.3
4q32.3	HG00171	h1	TypeI	1	HG00171_h1_HML-2_4q32.3_graph_hgsvc3-2024-02-23-mc-chm13
4q32.3	HG00171	h2	TypeI	1	HG00171_h2_HML-2_4q32.3_graph_hgsvc3-2024-02-23-mc-chm13
4q32.3	HG00232	h1	TypeI	1	HG00232_hap1_hprc_r2_v1.0.1_HML-2_4q32.3
4q32.3	HG00232	h2	TypeI	1	HG00232_hap2_hprc_r2_v1.0.1_HML-2_4q32.3
4q32.3	HG00235	h1	TypeI	1	HG00235_hap1_hprc_r2_v1.0.1_HML-2_4q32.3
4q32.3	HG00235	h2	TypeI	1	HG00235_hap2_hprc_r2_v1.0.1_HML-2_4q32.3
4q32.3	HG00253	h1	TypeI	1	HG00253_hap1_hprc_r2_v1.0.1_HML-2_4q32.3
4q32.3	HG00253	h2	TypeI	1	HG00253_hap2_hprc_r2_v1.0.1_HML-2_4q32.3
4q32.3	HG00268	h1	TypeI	1	HG00268_h1_HML-2_4q32.3_graph_hgsvc3-2024-02-23-mc-chm13
4q32.3	HG00268	h2	TypeI	1	HG00268_h2_HML-2_4q32.3_graph_hgsvc3-2024-02-23-mc-chm13
4q32.3	HG00272	h1	TypeI	1	HG00272_hap1_hprc_r2_v1.0.1_HML-2_4q32.3
4q32.3	HG00272	h2	TypeI	1	HG00272_hap2_hprc_r2_v1.0.1_HML-2_4q32.3
4q32.3	HG00280	h1	TypeI	1	HG00280_hap1_hprc_r2_v1.0.1_HML-2_4q32.3
4q32.3	HG00280	h2	TypeI	1	HG00280_hap2_hprc_r2_v1.0.1_HML-2_4q32.3
4q32.3	HG00290	h1	TypeI	1	HG00290_hap1_hprc_r2_v1.0.1_HML-2_4q32.3
4q32.3	HG00290	h2	TypeI	1	HG00290_hap2_hprc_r2_v1.0.1_HML-2_4q32.3
4q32.3	HG00320	h1	TypeI	1	HG00320_hap1_hprc_r2_v1.0.1_HML-2_4q32.3
4q32.3	HG00320	h2	TypeI	1	HG00320_hap2_hprc_r2_v1.0.1_HML-2_4q32.3
4q32.3	HG00321	h1	TypeI	1	HG00321_hap1_hprc_r2_v1.0.1_HML-2_4q32.3
4q32.3	HG00321	h2	TypeI	1	HG00321_hap2_hprc_r2_v1.0.1_HML-2_4q32.3
4q32.3	HG00323	h1	TypeI	1	HG00323_hap1_hprc_r2_v1.0.1_HML-2_4q32.3
4q32.3	HG00323	h2	TypeI	1	HG00323_hap2_hprc_r2_v1.0.1_HML-2_4q32.3
4q32.3	HG00329	h1	TypeI	1	HG00329_hap1_hprc_r2_v1.0.1_HML-2_4q32.3
4q32.3	HG00329	h2	TypeI	1	HG00329_hap2_hprc_r2_v1.0.1_HML-2_4q32.3
4q32.3	HG00344	h1	TypeI	1	HG00344_hap1_hprc_r2_v1.0.1_HML-2_4q32.3
4q32.3	HG00344	h2	TypeI	1	HG00344_hap2_hprc_r2_v1.0.1_HML-2_4q32.3
4q32.3	HG00350	h1	TypeI	1	HG00350_hap1_hprc_r2_v1.0.1_HML-2_4q32.3
4q32.3	HG00350	h2	TypeI	1	HG00350_hap2_hprc_r2_v1.0.1_HML-2_4q32.3
4q32.3	HG00358	h1	TypeI	1	HG00358_h1_HML-2_4q32.3_graph_hgsvc3-2024-02-23-mc-chm13
4q32.3	HG00358	h2	TypeI	1	HG00358_h2_HML-2_4q32.3_graph_hgsvc3-2024-02-23-mc-chm13
4q32.3	HG00408	mat	TypeI	1	HG00408_mat_hprc_r2_v1.0.1_HML-2_4q32.3
4q32.3	HG00408	pat	TypeI	1	HG00408_pat_hprc_r2_v1.0.1_HML-2_4q32.3
4q32.3	HG00423	mat	TypeI	1	HG00423_mat_hprc_r2_v1.0.1_HML-2_4q32.3
4q32.3	HG00423	pat	TypeI	1	HG00423_pat_hprc_r2_v1.0.1_HML-2_4q32.3
4q32.3	HG00438	mat	TypeI	1	HG00438_mat_hprc_r2_v1.0.1_HML-2_4q32.3
4q32.3	HG00438	pat	TypeI	1	HG00438_pat_hprc_r2_v1.0.1_HML-2_4q32.3
4q32.3	HG005	mat	TypeI	1	HG005_mat_hprc_r2_v1.0.1_HML-2_4q32.3
4q32.3	HG005	pat	TypeI	1	HG005_pat_hprc_r2_v1.0.1_HML-2_4q32.3
4q32.3	HG00512	h1	TypeI	1	HG00512_h1_HML-2_4q32.3_graph_hgsvc3-2024-02-23-mc-chm13
4q32.3	HG00512	h2	TypeI	1	HG00512_h2_HML-2_4q32.3_graph_hgsvc3-2024-02-23-mc-chm13
4q32.3	HG00513	h1	TypeI	1	HG00513_h1_HML-2_4q32.3_graph_hgsvc3-2024-02-23-mc-chm13
4q32.3	HG00513	h2	TypeI	1	HG00513_h2_HML-2_4q32.3_graph_hgsvc3-2024-02-23-mc-chm13
4q32.3	HG00514	h1	TypeI	1	HG00514_h1_HML-2_4q32.3_graph_hgsvc3-2024-02-23-mc-chm13
4q32.3	HG00514	h2	TypeI	1	HG00514_h2_HML-2_4q32.3_graph_hgsvc3-2024-02-23-mc-chm13
4q32.3	HG00544	mat	TypeI	1	HG00544_mat_hprc_r2_v1.0.1_HML-2_4q32.3
4q32.3	HG00544	pat	TypeI	1	HG00544_pat_hprc_r2_v1.0.1_HML-2_4q32.3
4q32.3	HG00558	mat	TypeI	1	HG00558_mat_hprc_r2_v1.0.1_HML-2_4q32.3
4q32.3	HG00558	pat	TypeI	1	HG00558_pat_hprc_r2_v1.0.1_HML-2_4q32.3
4q32.3	HG00597	mat	TypeI	1	HG00597_mat_hprc_r2_v1.0.1_HML-2_4q32.3
4q32.3	HG00597	pat	TypeI	1	HG00597_pat_hprc_r2_v1.0.1_HML-2_4q32.3
4q32.3	HG00609	mat	TypeI	1	HG00609_mat_hprc_r2_v1.0.1_HML-2_4q32.3
4q32.3	HG00609	pat	TypeI	1	HG00609_pat_hprc_r2_v1.0.1_HML-2_4q32.3
4q32.3	HG00621	mat	TypeI	1	HG00621_mat_hprc_r2_v1.0.1_HML-2_4q32.3
4q32.3	HG00621	pat	TypeI	1	HG00621_pat_hprc_r2_v1.0.1_HML-2_4q32.3
4q32.3	HG00639	mat	TypeI	1	HG00639_mat_hprc_r2_v1.0.1_HML-2_4q32.3
4q32.3	HG00639	pat	TypeI	1	HG00639_pat_hprc_r2_v1.0.1_HML-2_4q32.3
4q32.3	HG00642	mat	TypeI	1	HG00642_mat_hprc_r2_v1.0.1_HML-2_4q32.3
4q32.3	HG00642	pat	TypeI	1	HG00642_pat_hprc_r2_v1.0.1_HML-2_4q32.3
4q32.3	HG00658	mat	TypeI	1	HG00658_mat_hprc_r2_v1.0.1_HML-2_4q32.3
4q32.3	HG00658	pat	TypeI	1	HG00658_pat_hprc_r2_v1.0.1_HML-2_4q32.3
4q32.3	HG00673	mat	TypeI	1	HG00673_mat_hprc_r2_v1.0.1_HML-2_4q32.3
4q32.3	HG00673	pat	TypeI	1	HG00673_pat_hprc_r2_v1.0.1_HML-2_4q32.3
4q32.3	HG00706	mat	TypeI	1	HG00706_mat_hprc_r2_v1.0.1_HML-2_4q32.3
4q32.3	HG00706	pat	TypeI	1	HG00706_pat_hprc_r2_v1.0.1_HML-2_4q32.3
4q32.3	HG00731	h1	TypeI	1	HG00731_h1_HML-2_4q32.3_graph_hgsvc3-2024-02-23-mc-chm13
4q32.3	HG00731	h2	TypeI	1	HG00731_h2_HML-2_4q32.3_graph_hgsvc3-2024-02-23-mc-chm13
4q32.3	HG00732	h1	TypeI	1	HG00732_h1_HML-2_4q32.3_graph_hgsvc3-2024-02-23-mc-chm13
4q32.3	HG00732	h2	TypeI	1	HG00732_h2_HML-2_4q32.3_graph_hgsvc3-2024-02-23-mc-chm13
4q32.3	HG00733	mat	TypeI	1	HG00733_mat_hprc_r2_v1.0.1_HML-2_4q32.3
4q32.3	HG00733	pat	TypeI	1	HG00733_pat_hprc_r2_v1.0.1_HML-2_4q32.3
4q32.3	HG00735	mat	TypeI	1	HG00735_mat_hprc_r2_v1.0.1_HML-2_4q32.3
4q32.3	HG00735	pat	TypeI	1	HG00735_pat_hprc_r2_v1.0.1_HML-2_4q32.3
4q32.3	HG00738	mat	TypeI	1	HG00738_mat_hprc_r2_v1.0.1_HML-2_4q32.3
4q32.3	HG00738	pat	TypeI	1	HG00738_pat_hprc_r2_v1.0.1_HML-2_4q32.3
4q32.3	HG00741	mat	TypeI	1	HG00741_mat_hprc_r2_v1.0.1_HML-2_4q32.3
4q32.3	HG00741	pat	TypeI	1	HG00741_pat_hprc_r2_v1.0.1_HML-2_4q32.3
4q32.3	HG00864	h1	TypeI	1	HG00864_h1_HML-2_4q32.3_graph_hgsvc3-2024-02-23-mc-chm13
4q32.3	HG00864	h2	TypeI	1	HG00864_h2_HML-2_4q32.3_graph_hgsvc3-2024-02-23-mc-chm13
4q32.3	HG01071	mat	TypeI	1	HG01071_mat_hprc_r2_v1.0.1_HML-2_4q32.3
4q32.3	HG01071	pat	TypeI	1	HG01071_pat_hprc_r2_v1.0.1_HML-2_4q32.3
4q32.3	HG01074	mat	TypeI	1	HG01074_mat_hprc_r2_v1.0.1_HML-2_4q32.3
4q32.3	HG01074	pat	TypeI	1	HG01074_pat_hprc_r2_v1.0.1_HML-2_4q32.3
4q32.3	HG01081	mat	TypeI	1	HG01081_mat_hprc_r2_v1.0.1_HML-2_4q32.3
4q32.3	HG01081	pat	TypeI	1	HG01081_pat_hprc_r2_v1.0.1_HML-2_4q32.3
4q32.3	HG01099	mat	TypeI	1	HG01099_mat_hprc_r2_v1.0.1_HML-2_4q32.3
4q32.3	HG01099	pat	TypeI	1	HG01099_pat_hprc_r2_v1.0.1_HML-2_4q32.3
4q32.3	HG01106	mat	TypeI	1	HG01106_mat_hprc_r2_v1.0.1_HML-2_4q32.3
4q32.3	HG01106	pat	TypeI	1	HG01106_pat_hprc_r2_v1.0.1_HML-2_4q32.3
4q32.3	HG01109	mat	TypeI	1	HG01109_mat_hprc_r2_v1.0.1_HML-2_4q32.3
4q32.3	HG01109	pat	TypeI	1	HG01109_pat_hprc_r2_v1.0.1_HML-2_4q32.3
4q32.3	HG01114	h1	TypeI	1	HG01114_h1_HML-2_4q32.3_graph_hgsvc3-2024-02-23-mc-chm13
4q32.3	HG01114	h2	TypeI	1	HG01114_h2_HML-2_4q32.3_graph_hgsvc3-2024-02-23-mc-chm13
4q32.3	HG01123	mat	TypeI	1	HG01123_mat_hprc_r2_v1.0.1_HML-2_4q32.3
4q32.3	HG01123	pat	TypeI	1	HG01123_pat_hprc_r2_v1.0.1_HML-2_4q32.3
4q32.3	HG01150	mat	TypeI	1	HG01150_mat_hprc_r2_v1.0.1_HML-2_4q32.3
4q32.3	HG01150	pat	TypeI	1	HG01150_pat_hprc_r2_v1.0.1_HML-2_4q32.3
4q32.3	HG01167	h1	TypeI	1	HG01167_hap1_hprc_r2_v1.0.1_HML-2_4q32.3
4q32.3	HG01167	h2	TypeI	1	HG01167_hap2_hprc_r2_v1.0.1_HML-2_4q32.3
4q32.3	HG01175	mat	TypeI	1	HG01175_mat_hprc_r2_v1.0.1_HML-2_4q32.3
4q32.3	HG01175	pat	TypeI	1	HG01175_pat_hprc_r2_v1.0.1_HML-2_4q32.3
4q32.3	HG01192	mat	TypeI	1	HG01192_mat_hprc_r2_v1.0.1_HML-2_4q32.3
4q32.3	HG01192	pat	TypeI	1	HG01192_pat_hprc_r2_v1.0.1_HML-2_4q32.3
4q32.3	HG01243	mat	TypeI	1	HG01243_mat_hprc_r2_v1.0.1_HML-2_4q32.3
4q32.3	HG01243	pat	TypeI	1	HG01243_pat_hprc_r2_v1.0.1_HML-2_4q32.3
4q32.3	HG01252	mat	TypeI	1	HG01252_mat_hprc_r2_v1.0.1_HML-2_4q32.3
4q32.3	HG01252	pat	TypeI	1	HG01252_pat_hprc_r2_v1.0.1_HML-2_4q32.3
4q32.3	HG01255	mat	TypeI	1	HG01255_mat_hprc_r2_v1.0.1_HML-2_4q32.3
4q32.3	HG01255	pat	TypeI	1	HG01255_pat_hprc_r2_v1.0.1_HML-2_4q32.3
4q32.3	HG01258	mat	TypeI	1	HG01258_mat_hprc_r2_v1.0.1_HML-2_4q32.3
4q32.3	HG01258	pat	TypeI	1	HG01258_pat_hprc_r2_v1.0.1_HML-2_4q32.3
4q32.3	HG01261	mat	TypeI	1	HG01261_mat_hprc_r2_v1.0.1_HML-2_4q32.3
4q32.3	HG01261	pat	TypeI	1	HG01261_pat_hprc_r2_v1.0.1_HML-2_4q32.3
4q32.3	HG01346	mat	TypeI	1	HG01346_mat_hprc_r2_v1.0.1_HML-2_4q32.3
4q32.3	HG01346	pat	TypeI	1	HG01346_pat_hprc_r2_v1.0.1_HML-2_4q32.3
4q32.3	HG01352	h1	TypeI	1	HG01352_h1_HML-2_4q32.3_graph_hgsvc3-2024-02-23-mc-chm13
4q32.3	HG01352	h2	TypeI	1	HG01352_h2_HML-2_4q32.3_graph_hgsvc3-2024-02-23-mc-chm13
4q32.3	HG01358	mat	TypeI	1	HG01358_mat_hprc_r2_v1.0.1_HML-2_4q32.3
4q32.3	HG01358	pat	TypeI	1	HG01358_pat_hprc_r2_v1.0.1_HML-2_4q32.3
4q32.3	HG01361	mat	TypeI	1	HG01361_mat_hprc_r2_v1.0.1_HML-2_4q32.3
4q32.3	HG01361	pat	TypeI	1	HG01361_pat_hprc_r2_v1.0.1_HML-2_4q32.3
4q32.3	HG01433	mat	TypeI	1	HG01433_mat_hprc_r2_v1.0.1_HML-2_4q32.3
4q32.3	HG01433	pat	TypeI	1	HG01433_pat_hprc_r2_v1.0.1_HML-2_4q32.3
4q32.3	HG01457	h1	TypeI	1	HG01457_h1_HML-2_4q32.3_graph_hgsvc3-2024-02-23-mc-chm13
4q32.3	HG01457	h2	TypeI	1	HG01457_h2_HML-2_4q32.3_graph_hgsvc3-2024-02-23-mc-chm13
4q32.3	HG01496	mat	TypeI	1	HG01496_mat_hprc_r2_v1.0.1_HML-2_4q32.3
4q32.3	HG01496	pat	TypeI	1	HG01496_pat_hprc_r2_v1.0.1_HML-2_4q32.3
4q32.3	HG01505	h1	TypeI	1	HG01505_h1_HML-2_4q32.3_graph_hgsvc3-2024-02-23-mc-chm13
4q32.3	HG01505	h2	TypeI	1	HG01505_h2_HML-2_4q32.3_graph_hgsvc3-2024-02-23-mc-chm13
4q32.3	HG01530	h1	TypeI	1	HG01530_hap1_hprc_r2_v1.0.1_HML-2_4q32.3
4q32.3	HG01530	h2	TypeI	1	HG01530_hap2_hprc_r2_v1.0.1_HML-2_4q32.3
4q32.3	HG01573	h1	TypeI	1	HG01573_h1_HML-2_4q32.3_graph_hgsvc3-2024-02-23-mc-chm13
4q32.3	HG01573	h2	TypeI	1	HG01573_h2_HML-2_4q32.3_graph_hgsvc3-2024-02-23-mc-chm13
4q32.3	HG01596	h1	TypeI	1	HG01596_h1_HML-2_4q32.3_graph_hgsvc3-2024-02-23-mc-chm13
4q32.3	HG01596	h2	TypeI	1	HG01596_h2_HML-2_4q32.3_graph_hgsvc3-2024-02-23-mc-chm13
4q32.3	HG01784	h1	TypeI	1	HG01784_hap1_hprc_r2_v1.0.1_HML-2_4q32.3
4q32.3	HG01784	h2	TypeI	1	HG01784_hap2_hprc_r2_v1.0.1_HML-2_4q32.3
4q32.3	HG01786	h1	TypeI	1	HG01786_hap1_hprc_r2_v1.0.1_HML-2_4q32.3
4q32.3	HG01786	h2	TypeI	1	HG01786_hap2_hprc_r2_v1.0.1_HML-2_4q32.3
4q32.3	HG01884	mat	TypeI	1	HG01884_mat_hprc_r2_v1.0.1_HML-2_4q32.3
4q32.3	HG01884	pat	TypeI	1	HG01884_pat_hprc_r2_v1.0.1_HML-2_4q32.3
4q32.3	HG01890	h1	TypeI	1	HG01890_h1_HML-2_4q32.3_graph_hgsvc3-2024-02-23-mc-chm13
4q32.3	HG01890	h2	TypeI	1	HG01890_h2_HML-2_4q32.3_graph_hgsvc3-2024-02-23-mc-chm13
4q32.3	HG01891	mat	TypeI	1	HG01891_mat_hprc_r2_v1.0.1_HML-2_4q32.3
4q32.3	HG01891	pat	TypeI	1	HG01891_pat_hprc_r2_v1.0.1_HML-2_4q32.3
4q32.3	HG01928	mat	TypeI	1	HG01928_mat_hprc_r2_v1.0.1_HML-2_4q32.3
4q32.3	HG01928	pat	TypeI	1	HG01928_pat_hprc_r2_v1.0.1_HML-2_4q32.3
4q32.3	HG01934	mat	TypeI	1	HG01934_mat_hprc_r2_v1.0.1_HML-2_4q32.3
4q32.3	HG01934	pat	TypeI	1	HG01934_pat_hprc_r2_v1.0.1_HML-2_4q32.3
4q32.3	HG01940	mat	TypeI	1	HG01940_mat_hprc_r2_v1.0.1_HML-2_4q32.3
4q32.3	HG01940	pat	TypeI	1	HG01940_pat_hprc_r2_v1.0.1_HML-2_4q32.3
4q32.3	HG01943	mat	TypeI	1	HG01943_mat_hprc_r2_v1.0.1_HML-2_4q32.3
4q32.3	HG01943	pat	TypeI	1	HG01943_pat_hprc_r2_v1.0.1_HML-2_4q32.3
4q32.3	HG01952	mat	TypeI	1	HG01952_mat_hprc_r2_v1.0.1_HML-2_4q32.3
4q32.3	HG01952	pat	TypeI	1	HG01952_pat_hprc_r2_v1.0.1_HML-2_4q32.3
4q32.3	HG01960	mat	TypeI	1	HG01960_mat_hprc_r2_v1.0.1_HML-2_4q32.3
4q32.3	HG01960	pat	TypeI	1	HG01960_pat_hprc_r2_v1.0.1_HML-2_4q32.3
4q32.3	HG01969	mat	TypeI	1	HG01969_mat_hprc_r2_v1.0.1_HML-2_4q32.3
4q32.3	HG01969	pat	TypeI	1	HG01969_pat_hprc_r2_v1.0.1_HML-2_4q32.3
4q32.3	HG01975	mat	TypeI	1	HG01975_mat_hprc_r2_v1.0.1_HML-2_4q32.3
4q32.3	HG01975	pat	TypeI	1	HG01975_pat_hprc_r2_v1.0.1_HML-2_4q32.3
4q32.3	HG01978	mat	TypeI	1	HG01978_mat_hprc_r2_v1.1.0_HML-2_4q32.3
4q32.3	HG01978	pat	TypeI	1	HG01978_pat_hprc_r2_v1.1.0_HML-2_4q32.3
4q32.3	HG01981	mat	TypeI	1	HG01981_mat_hprc_r2_v1.0.1_HML-2_4q32.3
4q32.3	HG01981	pat	TypeI	1	HG01981_pat_hprc_r2_v1.0.1_HML-2_4q32.3
4q32.3	HG01993	mat	TypeI	1	HG01993_mat_hprc_r2_v1.0.1_HML-2_4q32.3
4q32.3	HG01993	pat	TypeI	1	HG01993_pat_hprc_r2_v1.0.1_HML-2_4q32.3
4q32.3	HG02004	mat	TypeI	1	HG02004_mat_hprc_r2_v1.0.1_HML-2_4q32.3
4q32.3	HG02004	pat	TypeI	1	HG02004_pat_hprc_r2_v1.0.1_HML-2_4q32.3
4q32.3	HG02011	h1	TypeI	1	HG02011_h1_HML-2_4q32.3_graph_hgsvc3-2024-02-23-mc-chm13
4q32.3	HG02011	h2	TypeI	1	HG02011_h2_HML-2_4q32.3_graph_hgsvc3-2024-02-23-mc-chm13
4q32.3	HG02015	mat	TypeI	1	HG02015_mat_hprc_r2_v1.0.1_HML-2_4q32.3
4q32.3	HG02015	pat	TypeI	1	HG02015_pat_hprc_r2_v1.0.1_HML-2_4q32.3
4q32.3	HG02018	h1	TypeI	1	HG02018_h1_HML-2_4q32.3_graph_hgsvc3-2024-02-23-mc-chm13
4q32.3	HG02018	h2	TypeI	1	HG02018_h2_HML-2_4q32.3_graph_hgsvc3-2024-02-23-mc-chm13
4q32.3	HG02027	mat	TypeI	1	HG02027_mat_hprc_r2_v1.0.1_HML-2_4q32.3
4q32.3	HG02027	pat	TypeI	1	HG02027_pat_hprc_r2_v1.0.1_HML-2_4q32.3
4q32.3	HG02040	h1	TypeI	1	HG02040_hap1_hprc_r2_v1.0.1_HML-2_4q32.3
4q32.3	HG02040	h2	TypeI	1	HG02040_hap2_hprc_r2_v1.0.1_HML-2_4q32.3
4q32.3	HG02055	mat	TypeI	1	HG02055_mat_hprc_r2_v1.0.1_HML-2_4q32.3
4q32.3	HG02055	pat	TypeI	1	HG02055_pat_hprc_r2_v1.0.1_HML-2_4q32.3
4q32.3	HG02056	mat	TypeI	1	HG02056_mat_hprc_r2_v1.0.1_HML-2_4q32.3
4q32.3	HG02056	pat	TypeI	1	HG02056_pat_hprc_r2_v1.0.1_HML-2_4q32.3
4q32.3	HG02059	h1	TypeI	1	HG02059_h1_HML-2_4q32.3_graph_hgsvc3-2024-02-23-mc-chm13
4q32.3	HG02059	h2	TypeI	1	HG02059_h2_HML-2_4q32.3_graph_hgsvc3-2024-02-23-mc-chm13
4q32.3	HG02071	mat	TypeI	1	HG02071_mat_hprc_r2_v1.0.1_HML-2_4q32.3
4q32.3	HG02071	pat	TypeI	1	HG02071_pat_hprc_r2_v1.0.1_HML-2_4q32.3
4q32.3	HG02074	mat	TypeI	1	HG02074_mat_hprc_r2_v1.0.1_HML-2_4q32.3
4q32.3	HG02074	pat	TypeI	1	HG02074_pat_hprc_r2_v1.0.1_HML-2_4q32.3
4q32.3	HG02080	mat	TypeI	1	HG02080_mat_hprc_r2_v1.0.1_HML-2_4q32.3
4q32.3	HG02080	pat	TypeI	1	HG02080_pat_hprc_r2_v1.0.1_HML-2_4q32.3
4q32.3	HG02083	mat	TypeI	1	HG02083_mat_hprc_r2_v1.0.1_HML-2_4q32.3
4q32.3	HG02083	pat	TypeI	1	HG02083_pat_hprc_r2_v1.0.1_HML-2_4q32.3
4q32.3	HG02106	h1	TypeI	1	HG02106_h1_HML-2_4q32.3_graph_hgsvc3-2024-02-23-mc-chm13
4q32.3	HG02106	h2	TypeI	1	HG02106_h2_HML-2_4q32.3_graph_hgsvc3-2024-02-23-mc-chm13
4q32.3	HG02109	mat	TypeI	1	HG02109_mat_hprc_r2_v1.0.1_HML-2_4q32.3
4q32.3	HG02109	pat	TypeI	1	HG02109_pat_hprc_r2_v1.0.1_HML-2_4q32.3
4q32.3	HG02129	mat	TypeI	1	HG02129_mat_hprc_r2_v1.0.1_HML-2_4q32.3
4q32.3	HG02129	pat	TypeI	1	HG02129_pat_hprc_r2_v1.0.1_HML-2_4q32.3
4q32.3	HG02132	mat	TypeI	1	HG02132_mat_hprc_r2_v1.0.1_HML-2_4q32.3
4q32.3	HG02132	pat	TypeI	1	HG02132_pat_hprc_r2_v1.0.1_HML-2_4q32.3
4q32.3	HG02135	mat	TypeI	1	HG02135_mat_hprc_r2_v1.0.1_HML-2_4q32.3
4q32.3	HG02135	pat	TypeI	1	HG02135_pat_hprc_r2_v1.0.1_HML-2_4q32.3
4q32.3	HG02145	mat	TypeI	1	HG02145_mat_hprc_r2_v1.0.1_HML-2_4q32.3
4q32.3	HG02145	pat	TypeI	1	HG02145_pat_hprc_r2_v1.0.1_HML-2_4q32.3
4q32.3	HG02148	mat	TypeI	1	HG02148_mat_hprc_r2_v1.0.1_HML-2_4q32.3
4q32.3	HG02148	pat	TypeI	1	HG02148_pat_hprc_r2_v1.0.1_HML-2_4q32.3
4q32.3	HG02155	h1	TypeI	1	HG02155_hap1_hprc_r2_v1.0.1_HML-2_4q32.3
4q32.3	HG02155	h2	TypeI	1	HG02155_hap2_hprc_r2_v1.0.1_HML-2_4q32.3
4q32.3	HG02165	h1	TypeI	1	HG02165_hap1_hprc_r2_v1.0.1_HML-2_4q32.3
4q32.3	HG02165	h2	TypeI	1	HG02165_hap2_hprc_r2_v1.0.1_HML-2_4q32.3
4q32.3	HG02178	h1	TypeI	1	HG02178_hap1_hprc_r2_v1.0.1_HML-2_4q32.3
4q32.3	HG02178	h2	TypeI	1	HG02178_hap2_hprc_r2_v1.0.1_HML-2_4q32.3
4q32.3	HG02257	mat	TypeI	1	HG02257_mat_hprc_r2_v1.1.0_HML-2_4q32.3
4q32.3	HG02257	pat	TypeI	1	HG02257_pat_hprc_r2_v1.1.0_HML-2_4q32.3
4q32.3	HG02258	mat	TypeI	1	HG02258_mat_hprc_r2_v1.0.1_HML-2_4q32.3
4q32.3	HG02258	pat	TypeI	1	HG02258_pat_hprc_r2_v1.0.1_HML-2_4q32.3
4q32.3	HG02273	h1	TypeI	1	HG02273_hap1_hprc_r2_v1.0.1_HML-2_4q32.3
4q32.3	HG02273	h2	TypeI	1	HG02273_hap2_hprc_r2_v1.0.1_HML-2_4q32.3
4q32.3	HG02280	mat	TypeI	1	HG02280_mat_hprc_r2_v1.0.1_HML-2_4q32.3
4q32.3	HG02280	pat	TypeI	1	HG02280_pat_hprc_r2_v1.0.1_HML-2_4q32.3
4q32.3	HG02282	h1	TypeI	1	HG02282_h1_HML-2_4q32.3_graph_hgsvc3-2024-02-23-mc-chm13
4q32.3	HG02282	h2	TypeI	1	HG02282_h2_HML-2_4q32.3_graph_hgsvc3-2024-02-23-mc-chm13
4q32.3	HG02293	mat	TypeI	1	HG02293_mat_hprc_r2_v1.0.1_HML-2_4q32.3
4q32.3	HG02293	pat	TypeI	1	HG02293_pat_hprc_r2_v1.0.1_HML-2_4q32.3
4q32.3	HG02300	mat	TypeI	1	HG02300_mat_hprc_r2_v1.0.1_HML-2_4q32.3
4q32.3	HG02300	pat	TypeI	1	HG02300_pat_hprc_r2_v1.0.1_HML-2_4q32.3
4q32.3	HG02391	h1	TypeI	1	HG02391_hap1_hprc_r2_v1.0.1_HML-2_4q32.3
4q32.3	HG02391	h2	TypeI	1	HG02391_hap2_hprc_r2_v1.0.1_HML-2_4q32.3
4q32.3	HG02392	h1	TypeI	1	HG02392_hap1_hprc_r2_v1.0.1_HML-2_4q32.3
4q32.3	HG02392	h2	TypeI	1	HG02392_hap2_hprc_r2_v1.0.1_HML-2_4q32.3
4q32.3	HG02451	mat	TypeI	1	HG02451_mat_hprc_r2_v1.0.1_HML-2_4q32.3
4q32.3	HG02451	pat	TypeI	1	HG02451_pat_hprc_r2_v1.0.1_HML-2_4q32.3
4q32.3	HG02486	mat	TypeI	1	HG02486_mat_hprc_r2_v1.0.1_HML-2_4q32.3
4q32.3	HG02486	pat	TypeI	1	HG02486_pat_hprc_r2_v1.0.1_HML-2_4q32.3
4q32.3	HG02492	h1	TypeI	1	HG02492_h1_HML-2_4q32.3_graph_hgsvc3-2024-02-23-mc-chm13
4q32.3	HG02492	h2	TypeI	1	HG02492_h2_HML-2_4q32.3_graph_hgsvc3-2024-02-23-mc-chm13
4q32.3	HG02514	mat	TypeI	1	HG02514_mat_hprc_r2_v1.0.1_HML-2_4q32.3
4q32.3	HG02514	pat	TypeI	1	HG02514_pat_hprc_r2_v1.0.1_HML-2_4q32.3
4q32.3	HG02523	mat	TypeI	1	HG02523_mat_hprc_r2_v1.0.1_HML-2_4q32.3
4q32.3	HG02523	pat	TypeI	1	HG02523_pat_hprc_r2_v1.0.1_HML-2_4q32.3
4q32.3	HG02554	h1	TypeI	1	HG02554_h1_HML-2_4q32.3_graph_hgsvc3-2024-02-23-mc-chm13
4q32.3	HG02554	h2	TypeI	1	HG02554_h2_HML-2_4q32.3_graph_hgsvc3-2024-02-23-mc-chm13
4q32.3	HG02559	mat	TypeI	1	HG02559_mat_hprc_r2_v1.0.1_HML-2_4q32.3
4q32.3	HG02559	pat	TypeI	1	HG02559_pat_hprc_r2_v1.0.1_HML-2_4q32.3
4q32.3	HG02572	mat	TypeI	1	HG02572_mat_hprc_r2_v1.0.1_HML-2_4q32.3
4q32.3	HG02572	pat	TypeI	1	HG02572_pat_hprc_r2_v1.0.1_HML-2_4q32.3
4q32.3	HG02583	h1	TypeI	1	HG02583_hap1_hprc_r2_v1.0.1_HML-2_4q32.3
4q32.3	HG02583	h2	TypeI	1	HG02583_hap2_hprc_r2_v1.0.1_HML-2_4q32.3
4q32.3	HG02587	h1	TypeI	1	HG02587_h1_HML-2_4q32.3_graph_hgsvc3-2024-02-23-mc-chm13
4q32.3	HG02587	h2	TypeI	1	HG02587_h2_HML-2_4q32.3_graph_hgsvc3-2024-02-23-mc-chm13
4q32.3	HG02602	mat	TypeI	1	HG02602_mat_hprc_r2_v1.0.1_HML-2_4q32.3
4q32.3	HG02602	pat	TypeI	1	HG02602_pat_hprc_r2_v1.0.1_HML-2_4q32.3
4q32.3	HG02615	mat	TypeI	1	HG02615_mat_hprc_r2_v1.0.1_HML-2_4q32.3
4q32.3	HG02615	pat	TypeI	1	HG02615_pat_hprc_r2_v1.0.1_HML-2_4q32.3
4q32.3	HG02622	mat	TypeI	1	HG02622_mat_hprc_r2_v1.0.1_HML-2_4q32.3
4q32.3	HG02622	pat	TypeI	1	HG02622_pat_hprc_r2_v1.0.1_HML-2_4q32.3
4q32.3	HG02630	mat	TypeI	1	HG02630_mat_hprc_r2_v1.0.1_HML-2_4q32.3
4q32.3	HG02630	pat	TypeI	1	HG02630_pat_hprc_r2_v1.0.1_HML-2_4q32.3
4q32.3	HG02647	mat	TypeI	1	HG02647_mat_hprc_r2_v1.0.1_HML-2_4q32.3
4q32.3	HG02647	pat	TypeI	1	HG02647_pat_hprc_r2_v1.0.1_HML-2_4q32.3
4q32.3	HG02666	h1	TypeI	1	HG02666_h1_HML-2_4q32.3_graph_hgsvc3-2024-02-23-mc-chm13
4q32.3	HG02666	h2	TypeI	1	HG02666_h2_HML-2_4q32.3_graph_hgsvc3-2024-02-23-mc-chm13
4q32.3	HG02668	mat	TypeI	1	HG02668_mat_hprc_r2_v1.0.1_HML-2_4q32.3
4q32.3	HG02668	pat	TypeI	1	HG02668_pat_hprc_r2_v1.0.1_HML-2_4q32.3
4q32.3	HG02698	mat	TypeI	1	HG02698_mat_hprc_r2_v1.0.1_HML-2_4q32.3
4q32.3	HG02698	pat	TypeI	1	HG02698_pat_hprc_r2_v1.0.1_HML-2_4q32.3
4q32.3	HG02717	mat	TypeI	1	HG02717_mat_hprc_r2_v1.0.1_HML-2_4q32.3
4q32.3	HG02717	pat	TypeI	1	HG02717_pat_hprc_r2_v1.0.1_HML-2_4q32.3
4q32.3	HG02723	mat	TypeI	1	HG02723_mat_hprc_r2_v1.0.1_HML-2_4q32.3
4q32.3	HG02723	pat	TypeI	1	HG02723_pat_hprc_r2_v1.0.1_HML-2_4q32.3
4q32.3	HG02735	mat	TypeI	1	HG02735_mat_hprc_r2_v1.0.1_HML-2_4q32.3
4q32.3	HG02735	pat	TypeI	1	HG02735_pat_hprc_r2_v1.0.1_HML-2_4q32.3
4q32.3	HG02738	mat	TypeI	1	HG02738_mat_hprc_r2_v1.0.1_HML-2_4q32.3
4q32.3	HG02738	pat	TypeI	1	HG02738_pat_hprc_r2_v1.0.1_HML-2_4q32.3
4q32.3	HG02769	h1	TypeI	1	HG02769_h1_HML-2_4q32.3_graph_hgsvc3-2024-02-23-mc-chm13
4q32.3	HG02769	h2	TypeI	1	HG02769_h2_HML-2_4q32.3_graph_hgsvc3-2024-02-23-mc-chm13
4q32.3	HG02809	mat	TypeI	1	HG02809_mat_hprc_r2_v1.0.1_HML-2_4q32.3
4q32.3	HG02809	pat	TypeI	1	HG02809_pat_hprc_r2_v1.0.1_HML-2_4q32.3
4q32.3	HG02818	mat	TypeI	1	HG02818_mat_hprc_r2_v1.0.1_HML-2_4q32.3
4q32.3	HG02818	pat	TypeI	1	HG02818_pat_hprc_r2_v1.0.1_HML-2_4q32.3
4q32.3	HG02841	mat	TypeI	1	HG02841_mat_hprc_r2_v1.0.1_HML-2_4q32.3
4q32.3	HG02841	pat	TypeI	1	HG02841_pat_hprc_r2_v1.0.1_HML-2_4q32.3
4q32.3	HG02886	mat	TypeI	1	HG02886_mat_hprc_r2_v1.0.1_HML-2_4q32.3
4q32.3	HG02886	pat	TypeI	1	HG02886_pat_hprc_r2_v1.0.1_HML-2_4q32.3
4q32.3	HG02922	h1	TypeI	1	HG02922_hap1_hprc_r2_v1.0.1_HML-2_4q32.3
4q32.3	HG02922	h2	TypeI	1	HG02922_hap2_hprc_r2_v1.0.1_HML-2_4q32.3
4q32.3	HG02953	h1	TypeI	1	HG02953_h1_HML-2_4q32.3_graph_hgsvc3-2024-02-23-mc-chm13
4q32.3	HG02953	h2	TypeI	1	HG02953_h2_HML-2_4q32.3_graph_hgsvc3-2024-02-23-mc-chm13
4q32.3	HG02965	h1	TypeI	1	HG02965_hap1_hprc_r2_v1.0.1_HML-2_4q32.3
4q32.3	HG02965	h2	TypeI	1	HG02965_hap2_hprc_r2_v1.0.1_HML-2_4q32.3
4q32.3	HG02976	h1	TypeI	1	HG02976_hap1_hprc_r2_v1.0.1_HML-2_4q32.3
4q32.3	HG02976	h2	TypeI	1	HG02976_hap2_hprc_r2_v1.0.1_HML-2_4q32.3
4q32.3	HG02984	mat	TypeI	1	HG02984_mat_hprc_r2_v1.0.1_HML-2_4q32.3
4q32.3	HG02984	pat	TypeI	1	HG02984_pat_hprc_r2_v1.0.1_HML-2_4q32.3
4q32.3	HG03009	h1	TypeI	1	HG03009_h1_HML-2_4q32.3_graph_hgsvc3-2024-02-23-mc-chm13
4q32.3	HG03009	h2	TypeI	1	HG03009_h2_HML-2_4q32.3_graph_hgsvc3-2024-02-23-mc-chm13
4q32.3	HG03017	mat	TypeI	1	HG03017_mat_hprc_r2_v1.0.1_HML-2_4q32.3
4q32.3	HG03017	pat	TypeI	1	HG03017_pat_hprc_r2_v1.0.1_HML-2_4q32.3
4q32.3	HG03041	mat	TypeI	1	HG03041_mat_hprc_r2_v1.0.1_HML-2_4q32.3
4q32.3	HG03041	pat	TypeI	1	HG03041_pat_hprc_r2_v1.0.1_HML-2_4q32.3
4q32.3	HG03050	mat	TypeI	1	HG03050_mat_hprc_r2_v1.0.1_HML-2_4q32.3
4q32.3	HG03050	pat	TypeI	1	HG03050_pat_hprc_r2_v1.0.1_HML-2_4q32.3
4q32.3	HG03065	h1	TypeI	1	HG03065_h1_HML-2_4q32.3_graph_hgsvc3-2024-02-23-mc-chm13
4q32.3	HG03065	h2	TypeI	1	HG03065_h2_HML-2_4q32.3_graph_hgsvc3-2024-02-23-mc-chm13
4q32.3	HG03098	mat	TypeI	1	HG03098_mat_hprc_r2_v1.0.1_HML-2_4q32.3
4q32.3	HG03098	pat	TypeI	1	HG03098_pat_hprc_r2_v1.0.1_HML-2_4q32.3
4q32.3	HG03130	h1	TypeI	1	HG03130_hap1_hprc_r2_v1.0.1_HML-2_4q32.3
4q32.3	HG03130	h2	TypeI	1	HG03130_hap2_hprc_r2_v1.0.1_HML-2_4q32.3
4q32.3	HG03139	h1	TypeI	1	HG03139_hap1_hprc_r2_v1.0.1_HML-2_4q32.3
4q32.3	HG03139	h2	TypeI	1	HG03139_hap2_hprc_r2_v1.0.1_HML-2_4q32.3
4q32.3	HG03195	h1	TypeI	1	HG03195_hap1_hprc_r2_v1.0.1_HML-2_4q32.3
4q32.3	HG03195	h2	TypeI	1	HG03195_hap2_hprc_r2_v1.0.1_HML-2_4q32.3
4q32.3	HG03209	h1	TypeI	1	HG03209_hap1_hprc_r2_v1.0.1_HML-2_4q32.3
4q32.3	HG03209	h2	TypeI	1	HG03209_hap2_hprc_r2_v1.0.1_HML-2_4q32.3
4q32.3	HG03225	h1	TypeI	1	HG03225_hap1_hprc_r2_v1.0.1_HML-2_4q32.3
4q32.3	HG03225	h2	TypeI	1	HG03225_hap2_hprc_r2_v1.0.1_HML-2_4q32.3
4q32.3	HG03239	mat	TypeI	1	HG03239_mat_hprc_r2_v1.0.1_HML-2_4q32.3
4q32.3	HG03239	pat	TypeI	1	HG03239_pat_hprc_r2_v1.0.1_HML-2_4q32.3
4q32.3	HG03248	h1	TypeI	1	HG03248_h1_HML-2_4q32.3_graph_hgsvc3-2024-02-23-mc-chm13
4q32.3	HG03248	h2	TypeI	1	HG03248_h2_HML-2_4q32.3_graph_hgsvc3-2024-02-23-mc-chm13
4q32.3	HG03270	h1	TypeI	1	HG03270_hap1_hprc_r2_v1.0.1_HML-2_4q32.3
4q32.3	HG03270	h2	TypeI	1	HG03270_hap2_hprc_r2_v1.0.1_HML-2_4q32.3
4q32.3	HG03369	h1	TypeI	1	HG03369_hap1_hprc_r2_v1.0.1_HML-2_4q32.3
4q32.3	HG03369	h2	TypeI	1	HG03369_hap2_hprc_r2_v1.0.1_HML-2_4q32.3
4q32.3	HG03371	h1	TypeI	1	HG03371_h1_HML-2_4q32.3_graph_hgsvc3-2024-02-23-mc-chm13
4q32.3	HG03371	h2	TypeI	1	HG03371_h2_HML-2_4q32.3_graph_hgsvc3-2024-02-23-mc-chm13
4q32.3	HG03452	h1	TypeI	1	HG03452_h1_HML-2_4q32.3_graph_hgsvc3-2024-02-23-mc-chm13
4q32.3	HG03452	h2	TypeI	1	HG03452_h2_HML-2_4q32.3_graph_hgsvc3-2024-02-23-mc-chm13
4q32.3	HG03453	mat	TypeI	1	HG03453_mat_hprc_r2_v1.0.1_HML-2_4q32.3
4q32.3	HG03453	pat	TypeI	1	HG03453_pat_hprc_r2_v1.0.1_HML-2_4q32.3
4q32.3	HG03456	h1	TypeI	1	HG03456_h1_HML-2_4q32.3_graph_hgsvc3-2024-02-23-mc-chm13
4q32.3	HG03456	h2	TypeI	1	HG03456_h2_HML-2_4q32.3_graph_hgsvc3-2024-02-23-mc-chm13
4q32.3	HG03470	h1	TypeI	1	HG03470_hap1_hprc_r2_v1.0.1_HML-2_4q32.3
4q32.3	HG03470	h2	TypeI	1	HG03470_hap2_hprc_r2_v1.0.1_HML-2_4q32.3
4q32.3	HG03471	h1	TypeI	1	HG03471_hap1_hprc_r2_v1.0.1_HML-2_4q32.3
4q32.3	HG03471	h2	TypeI	1	HG03471_hap2_hprc_r2_v1.0.1_HML-2_4q32.3
4q32.3	HG03486	mat	TypeI	1	HG03486_mat_hprc_r2_v1.0.1_HML-2_4q32.3
4q32.3	HG03486	pat	TypeI	1	HG03486_pat_hprc_r2_v1.0.1_HML-2_4q32.3
4q32.3	HG03516	mat	TypeI	1	HG03516_mat_hprc_r2_v1.1.0_HML-2_4q32.3
4q32.3	HG03516	pat	TypeI	1	HG03516_pat_hprc_r2_v1.1.0_HML-2_4q32.3
4q32.3	HG03520	h1	TypeI	1	HG03520_h1_HML-2_4q32.3_graph_hgsvc3-2024-02-23-mc-chm13
4q32.3	HG03520	h2	TypeI	1	HG03520_h2_HML-2_4q32.3_graph_hgsvc3-2024-02-23-mc-chm13
4q32.3	HG03521	h1	TypeI	1	HG03521_hap1_hprc_r2_v1.0.1_HML-2_4q32.3
4q32.3	HG03521	h2	TypeI	1	HG03521_hap2_hprc_r2_v1.0.1_HML-2_4q32.3
4q32.3	HG03540	mat	TypeI	1	HG03540_mat_hprc_r2_v1.0.1_HML-2_4q32.3
4q32.3	HG03540	pat	TypeI	1	HG03540_pat_hprc_r2_v1.0.1_HML-2_4q32.3
4q32.3	HG03579	mat	TypeI	1	HG03579_mat_hprc_r2_v1.0.1_HML-2_4q32.3
4q32.3	HG03579	pat	TypeI	1	HG03579_pat_hprc_r2_v1.0.1_HML-2_4q32.3
4q32.3	HG03583	h1	TypeI	1	HG03583_hap1_hprc_r2_v1.0.1_HML-2_4q32.3
4q32.3	HG03583	h2	TypeI	1	HG03583_hap2_hprc_r2_v1.0.1_HML-2_4q32.3
4q32.3	HG03654	mat	TypeI	1	HG03654_mat_hprc_r2_v1.0.1_HML-2_4q32.3
4q32.3	HG03654	pat	TypeI	1	HG03654_pat_hprc_r2_v1.0.1_HML-2_4q32.3
4q32.3	HG03669	mat	TypeI	1	HG03669_mat_hprc_r2_v1.0.1_HML-2_4q32.3
4q32.3	HG03669	pat	TypeI	1	HG03669_pat_hprc_r2_v1.0.1_HML-2_4q32.3
4q32.3	HG03683	h1	TypeI	1	HG03683_h1_HML-2_4q32.3_graph_hgsvc3-2024-02-23-mc-chm13
4q32.3	HG03683	h2	TypeI	1	HG03683_h2_HML-2_4q32.3_graph_hgsvc3-2024-02-23-mc-chm13
4q32.3	HG03688	mat	TypeI	1	HG03688_mat_hprc_r2_v1.0.1_HML-2_4q32.3
4q32.3	HG03688	pat	TypeI	1	HG03688_pat_hprc_r2_v1.0.1_HML-2_4q32.3
4q32.3	HG03704	mat	TypeI	1	HG03704_mat_hprc_r2_v1.0.1_HML-2_4q32.3
4q32.3	HG03704	pat	TypeI	1	HG03704_pat_hprc_r2_v1.0.1_HML-2_4q32.3
4q32.3	HG03710	mat	TypeI	1	HG03710_mat_hprc_r2_v1.0.1_HML-2_4q32.3
4q32.3	HG03710	pat	TypeI	1	HG03710_pat_hprc_r2_v1.0.1_HML-2_4q32.3
4q32.3	HG03732	h1	TypeI	1	HG03732_h1_HML-2_4q32.3_graph_hgsvc3-2024-02-23-mc-chm13
4q32.3	HG03732	h2	TypeI	1	HG03732_h2_HML-2_4q32.3_graph_hgsvc3-2024-02-23-mc-chm13
4q32.3	HG03742	h1	TypeI	1	HG03742_hap1_hprc_r2_v1.0.1_HML-2_4q32.3
4q32.3	HG03742	h2	TypeI	1	HG03742_hap2_hprc_r2_v1.0.1_HML-2_4q32.3
4q32.3	HG03784	h1	TypeI	1	HG03784_hap1_hprc_r2_v1.0.1_HML-2_4q32.3
4q32.3	HG03784	h2	TypeI	1	HG03784_hap2_hprc_r2_v1.0.1_HML-2_4q32.3
4q32.3	HG03804	mat	TypeI	1	HG03804_mat_hprc_r2_v1.0.1_HML-2_4q32.3
4q32.3	HG03804	pat	TypeI	1	HG03804_pat_hprc_r2_v1.0.1_HML-2_4q32.3
4q32.3	HG03807	h1	TypeI	1	HG03807_h1_HML-2_4q32.3_graph_hgsvc3-2024-02-23-mc-chm13
4q32.3	HG03807	h2	TypeI	1	HG03807_h2_HML-2_4q32.3_graph_hgsvc3-2024-02-23-mc-chm13
4q32.3	HG03816	mat	TypeI	1	HG03816_mat_hprc_r2_v1.0.1_HML-2_4q32.3
4q32.3	HG03816	pat	TypeI	1	HG03816_pat_hprc_r2_v1.0.1_HML-2_4q32.3
4q32.3	HG03831	mat	TypeI	1	HG03831_mat_hprc_r2_v1.0.1_HML-2_4q32.3
4q32.3	HG03831	pat	TypeI	1	HG03831_pat_hprc_r2_v1.0.1_HML-2_4q32.3
4q32.3	HG03834	mat	TypeI	1	HG03834_mat_hprc_r2_v1.0.1_HML-2_4q32.3
4q32.3	HG03834	pat	TypeI	1	HG03834_pat_hprc_r2_v1.0.1_HML-2_4q32.3
4q32.3	HG03874	h1	TypeI	1	HG03874_hap1_hprc_r2_v1.0.1_HML-2_4q32.3
4q32.3	HG03874	h2	TypeI	1	HG03874_hap2_hprc_r2_v1.0.1_HML-2_4q32.3
4q32.3	HG03927	mat	TypeI	1	HG03927_mat_hprc_r2_v1.0.1_HML-2_4q32.3
4q32.3	HG03927	pat	TypeI	1	HG03927_pat_hprc_r2_v1.0.1_HML-2_4q32.3
4q32.3	HG03942	mat	TypeI	1	HG03942_mat_hprc_r2_v1.0.1_HML-2_4q32.3
4q32.3	HG03942	pat	TypeI	1	HG03942_pat_hprc_r2_v1.0.1_HML-2_4q32.3
4q32.3	HG04036	h1	TypeI	1	HG04036_h1_HML-2_4q32.3_graph_hgsvc3-2024-02-23-mc-chm13
4q32.3	HG04036	h2	TypeI	1	HG04036_h2_HML-2_4q32.3_graph_hgsvc3-2024-02-23-mc-chm13
4q32.3	HG04115	mat	TypeI	1	HG04115_mat_hprc_r2_v1.0.1_HML-2_4q32.3
4q32.3	HG04115	pat	TypeI	1	HG04115_pat_hprc_r2_v1.0.1_HML-2_4q32.3
4q32.3	HG04157	mat	TypeI	1	HG04157_mat_hprc_r2_v1.0.1_HML-2_4q32.3
4q32.3	HG04157	pat	TypeI	1	HG04157_pat_hprc_r2_v1.0.1_HML-2_4q32.3
4q32.3	HG04160	mat	TypeI	1	HG04160_mat_hprc_r2_v1.0.1_HML-2_4q32.3
4q32.3	HG04160	pat	TypeI	1	HG04160_pat_hprc_r2_v1.0.1_HML-2_4q32.3
4q32.3	HG04184	mat	TypeI	1	HG04184_mat_hprc_r2_v1.0.1_HML-2_4q32.3
4q32.3	HG04184	pat	TypeI	1	HG04184_pat_hprc_r2_v1.0.1_HML-2_4q32.3
4q32.3	HG04187	mat	TypeI	1	HG04187_mat_hprc_r2_v1.0.1_HML-2_4q32.3
4q32.3	HG04187	pat	TypeI	1	HG04187_pat_hprc_r2_v1.0.1_HML-2_4q32.3
4q32.3	HG04199	mat	TypeI	1	HG04199_mat_hprc_r2_v1.0.1_HML-2_4q32.3
4q32.3	HG04199	pat	TypeI	1	HG04199_pat_hprc_r2_v1.0.1_HML-2_4q32.3
4q32.3	HG04204	mat	TypeI	1	HG04204_mat_hprc_r2_v1.0.1_HML-2_4q32.3
4q32.3	HG04204	pat	TypeI	1	HG04204_pat_hprc_r2_v1.0.1_HML-2_4q32.3
4q32.3	HG04217	h1	TypeI	1	HG04217_h1_HML-2_4q32.3_graph_hgsvc3-2024-02-23-mc-chm13
4q32.3	HG04217	h2	TypeI	1	HG04217_h2_HML-2_4q32.3_graph_hgsvc3-2024-02-23-mc-chm13
4q32.3	HG04228	mat	TypeI	1	HG04228_mat_hprc_r2_v1.0.1_HML-2_4q32.3
4q32.3	HG04228	pat	TypeI	1	HG04228_pat_hprc_r2_v1.0.1_HML-2_4q32.3
4q32.3	HG06807	mat	TypeI	1	HG06807_mat_v1.0.genbank_HML-2_4q32.3
4q32.3	HG06807	pat	TypeI	1	HG06807_pat_v1.0.genbank_HML-2_4q32.3
4q32.3	NA12329	h1	TypeI	1	NA12329_h1_HML-2_4q32.3_graph_hgsvc3-2024-02-23-mc-chm13
4q32.3	NA12329	h2	TypeI	1	NA12329_h2_HML-2_4q32.3_graph_hgsvc3-2024-02-23-mc-chm13
4q32.3	NA18505	h1	TypeI	1	NA18505_hap1_hprc_r2_v1.0.1_HML-2_4q32.3
4q32.3	NA18505	h2	TypeI	1	NA18505_hap2_hprc_r2_v1.0.1_HML-2_4q32.3
4q32.3	NA18508	h1	TypeI	1	NA18508_hap1_hprc_r2_v1.0.1_HML-2_4q32.3
4q32.3	NA18508	h2	TypeI	1	NA18508_hap2_hprc_r2_v1.0.1_HML-2_4q32.3
4q32.3	NA18522	h1	TypeI	1	NA18522_hap1_hprc_r2_v1.0.1_HML-2_4q32.3
4q32.3	NA18522	h2	TypeI	1	NA18522_hap2_hprc_r2_v1.0.1_HML-2_4q32.3
4q32.3	NA18534	h1	TypeI	1	NA18534_h1_HML-2_4q32.3_graph_hgsvc3-2024-02-23-mc-chm13
4q32.3	NA18534	h2	TypeI	1	NA18534_h2_HML-2_4q32.3_graph_hgsvc3-2024-02-23-mc-chm13
4q32.3	NA18565	h1	TypeI	1	NA18565_hap1_hprc_r2_v1.0.1_HML-2_4q32.3
4q32.3	NA18565	h2	TypeI	1	NA18565_hap2_hprc_r2_v1.0.1_HML-2_4q32.3
4q32.3	NA18570	h1	TypeI	1	NA18570_hap1_hprc_r2_v1.0.1_HML-2_4q32.3
4q32.3	NA18570	h2	TypeI	1	NA18570_hap2_hprc_r2_v1.0.1_HML-2_4q32.3
4q32.3	NA18608	h1	TypeI	1	NA18608_hap1_hprc_r2_v1.0.1_HML-2_4q32.3
4q32.3	NA18608	h2	TypeI	1	NA18608_hap2_hprc_r2_v1.0.1_HML-2_4q32.3
4q32.3	NA18620	h1	TypeI	1	NA18620_hap1_hprc_r2_v1.0.1_HML-2_4q32.3
4q32.3	NA18620	h2	TypeI	1	NA18620_hap2_hprc_r2_v1.0.1_HML-2_4q32.3
4q32.3	NA18747	h1	TypeI	1	NA18747_hap1_hprc_r2_v1.0.1_HML-2_4q32.3
4q32.3	NA18747	h2	TypeI	1	NA18747_hap2_hprc_r2_v1.0.1_HML-2_4q32.3
4q32.3	NA18879	h1	TypeI	1	NA18879_hap1_hprc_r2_v1.0.1_HML-2_4q32.3
4q32.3	NA18879	h2	TypeI	1	NA18879_hap2_hprc_r2_v1.0.1_HML-2_4q32.3
4q32.3	NA18906	mat	TypeI	1	NA18906_mat_hprc_r2_v1.0.1_HML-2_4q32.3
4q32.3	NA18906	pat	TypeI	1	NA18906_pat_hprc_r2_v1.0.1_HML-2_4q32.3
4q32.3	NA18939	h1	TypeI	1	NA18939_h1_HML-2_4q32.3_graph_hgsvc3-2024-02-23-mc-chm13
4q32.3	NA18939	h2	TypeI	1	NA18939_h2_HML-2_4q32.3_graph_hgsvc3-2024-02-23-mc-chm13
4q32.3	NA18940	h1	TypeI	1	NA18940_hap1_hprc_r2_v1.0.1_HML-2_4q32.3
4q32.3	NA18940	h2	TypeI	1	NA18940_hap2_hprc_r2_v1.0.1_HML-2_4q32.3
4q32.3	NA18943	h1	TypeI	1	NA18943_hap1_hprc_r2_v1.0.1_HML-2_4q32.3
4q32.3	NA18943	h2	TypeI	1	NA18943_hap2_hprc_r2_v1.0.1_HML-2_4q32.3
4q32.3	NA18944	h1	TypeI	1	NA18944_hap1_hprc_r2_v1.0.1_HML-2_4q32.3
4q32.3	NA18944	h2	TypeI	1	NA18944_hap2_hprc_r2_v1.0.1_HML-2_4q32.3
4q32.3	NA18945	h1	TypeI	1	NA18945_hap1_hprc_r2_v1.0.1_HML-2_4q32.3
4q32.3	NA18945	h2	TypeI	1	NA18945_hap2_hprc_r2_v1.0.1_HML-2_4q32.3
4q32.3	NA18948	h1	TypeI	1	NA18948_hap1_hprc_r2_v1.0.1_HML-2_4q32.3
4q32.3	NA18948	h2	TypeI	1	NA18948_hap2_hprc_r2_v1.0.1_HML-2_4q32.3
4q32.3	NA18952	h1	TypeI	1	NA18952_hap1_hprc_r2_v1.0.1_HML-2_4q32.3
4q32.3	NA18952	h2	TypeI	1	NA18952_hap2_hprc_r2_v1.0.1_HML-2_4q32.3
4q32.3	NA18959	h1	TypeI	1	NA18959_hap1_hprc_r2_v1.0.1_HML-2_4q32.3
4q32.3	NA18959	h2	TypeI	1	NA18959_hap2_hprc_r2_v1.0.1_HML-2_4q32.3
4q32.3	NA18960	h1	TypeI	1	NA18960_hap1_hprc_r2_v1.0.1_HML-2_4q32.3
4q32.3	NA18960	h2	TypeI	1	NA18960_hap2_hprc_r2_v1.0.1_HML-2_4q32.3
4q32.3	NA18967	h1	TypeI	1	NA18967_hap1_hprc_r2_v1.0.1_HML-2_4q32.3
4q32.3	NA18967	h2	TypeI	1	NA18967_hap2_hprc_r2_v1.0.1_HML-2_4q32.3
4q32.3	NA18970	h1	TypeI	1	NA18970_hap1_hprc_r2_v1.0.1_HML-2_4q32.3
4q32.3	NA18970	h2	TypeI	1	NA18970_hap2_hprc_r2_v1.0.1_HML-2_4q32.3
4q32.3	NA18971	h1	TypeI	1	NA18971_hap1_hprc_r2_v1.0.1_HML-2_4q32.3
4q32.3	NA18971	h2	TypeI	1	NA18971_hap2_hprc_r2_v1.0.1_HML-2_4q32.3
4q32.3	NA18974	h1	TypeI	1	NA18974_hap1_hprc_r2_v1.0.1_HML-2_4q32.3
4q32.3	NA18974	h2	TypeI	1	NA18974_hap2_hprc_r2_v1.0.1_HML-2_4q32.3
4q32.3	NA18976	h1	TypeI	1	NA18976_hap1_hprc_r2_v1.0.1_HML-2_4q32.3
4q32.3	NA18976	h2	TypeI	1	NA18976_hap2_hprc_r2_v1.0.1_HML-2_4q32.3
4q32.3	NA18982	h1	TypeI	1	NA18982_hap1_hprc_r2_v1.0.1_HML-2_4q32.3
4q32.3	NA18982	h2	TypeI	1	NA18982_hap2_hprc_r2_v1.0.1_HML-2_4q32.3
4q32.3	NA18983	h1	TypeI	1	NA18983_hap1_hprc_r2_v1.0.1_HML-2_4q32.3
4q32.3	NA18983	h2	TypeI	1	NA18983_hap2_hprc_r2_v1.0.1_HML-2_4q32.3
4q32.3	NA18989	h1	TypeI	1	NA18989_h1_HML-2_4q32.3_graph_hgsvc3-2024-02-23-mc-chm13
4q32.3	NA18989	h2	TypeI	1	NA18989_h2_HML-2_4q32.3_graph_hgsvc3-2024-02-23-mc-chm13
4q32.3	NA19036	h1	TypeI	1	NA19036_hap1_hprc_r2_v1.0.1_HML-2_4q32.3
4q32.3	NA19036	h2	TypeI	1	NA19036_hap2_hprc_r2_v1.0.1_HML-2_4q32.3
4q32.3	NA19043	h1	TypeI	1	NA19043_hap1_hprc_r2_v1.0.1_HML-2_4q32.3
4q32.3	NA19043	h2	TypeI	1	NA19043_hap2_hprc_r2_v1.0.1_HML-2_4q32.3
4q32.3	NA19087	h1	TypeI	1	NA19087_hap1_hprc_r2_v1.0.1_HML-2_4q32.3
4q32.3	NA19087	h2	TypeI	1	NA19087_hap2_hprc_r2_v1.0.1_HML-2_4q32.3
4q32.3	NA19129	h1	TypeI	1	NA19129_h1_HML-2_4q32.3_graph_hgsvc3-2024-02-23-mc-chm13
4q32.3	NA19129	h2	TypeI	1	NA19129_h2_HML-2_4q32.3_graph_hgsvc3-2024-02-23-mc-chm13
4q32.3	NA19159	h1	TypeI	1	NA19159_hap1_hprc_r2_v1.0.1_HML-2_4q32.3
4q32.3	NA19159	h2	TypeI	1	NA19159_hap2_hprc_r2_v1.0.1_HML-2_4q32.3
4q32.3	NA19185	h1	TypeI	1	NA19185_hap1_hprc_r2_v1.0.1_HML-2_4q32.3
4q32.3	NA19185	h2	TypeI	1	NA19185_hap2_hprc_r2_v1.0.1_HML-2_4q32.3
4q32.3	NA19238	h1	TypeI	1	NA19238_h1_HML-2_4q32.3_graph_hgsvc3-2024-02-23-mc-chm13
4q32.3	NA19238	h2	TypeI	1	NA19238_h2_HML-2_4q32.3_graph_hgsvc3-2024-02-23-mc-chm13
4q32.3	NA19239	h1	TypeI	1	NA19239_h1_HML-2_4q32.3_graph_hgsvc3-2024-02-23-mc-chm13
4q32.3	NA19239	h2	TypeI	1	NA19239_h2_HML-2_4q32.3_graph_hgsvc3-2024-02-23-mc-chm13
4q32.3	NA19240	mat	TypeI	1	NA19240_mat_hprc_r2_v1.0.1_HML-2_4q32.3
4q32.3	NA19240	pat	TypeI	1	NA19240_pat_hprc_r2_v1.0.1_HML-2_4q32.3
4q32.3	NA19317	h1	TypeI	1	NA19317_h1_HML-2_4q32.3_graph_hgsvc3-2024-02-23-mc-chm13
4q32.3	NA19317	h2	TypeI	1	NA19317_h2_HML-2_4q32.3_graph_hgsvc3-2024-02-23-mc-chm13
4q32.3	NA19331	h1	TypeI	1	NA19331_h1_HML-2_4q32.3_graph_hgsvc3-2024-02-23-mc-chm13
4q32.3	NA19331	h2	TypeI	1	NA19331_h2_HML-2_4q32.3_graph_hgsvc3-2024-02-23-mc-chm13
4q32.3	NA19338	h1	TypeI	1	NA19338_hap1_hprc_r2_v1.0.1_HML-2_4q32.3
4q32.3	NA19338	h2	TypeI	1	NA19338_hap2_hprc_r2_v1.0.1_HML-2_4q32.3
4q32.3	NA19347	h1	TypeI	1	NA19347_h1_HML-2_4q32.3_graph_hgsvc3-2024-02-23-mc-chm13
4q32.3	NA19347	h2	TypeI	1	NA19347_h2_HML-2_4q32.3_graph_hgsvc3-2024-02-23-mc-chm13
4q32.3	NA19384	h1	TypeI	1	NA19384_h1_HML-2_4q32.3_graph_hgsvc3-2024-02-23-mc-chm13
4q32.3	NA19384	h2	TypeI	1	NA19384_h2_HML-2_4q32.3_graph_hgsvc3-2024-02-23-mc-chm13
4q32.3	NA19391	h1	TypeI	1	NA19391_hap1_hprc_r2_v1.0.1_HML-2_4q32.3
4q32.3	NA19391	h2	TypeI	1	NA19391_hap2_hprc_r2_v1.0.1_HML-2_4q32.3
4q32.3	NA19434	h1	TypeI	1	NA19434_h1_HML-2_4q32.3_graph_hgsvc3-2024-02-23-mc-chm13
4q32.3	NA19434	h2	TypeI	1	NA19434_h2_HML-2_4q32.3_graph_hgsvc3-2024-02-23-mc-chm13
4q32.3	NA19443	h1	TypeI	1	NA19443_hap1_hprc_r2_v1.0.1_HML-2_4q32.3
4q32.3	NA19443	h2	TypeI	1	NA19443_hap2_hprc_r2_v1.0.1_HML-2_4q32.3
4q32.3	NA19468	h1	TypeI	1	NA19468_hap1_hprc_r2_v1.0.1_HML-2_4q32.3
4q32.3	NA19468	h2	TypeI	1	NA19468_hap2_hprc_r2_v1.0.1_HML-2_4q32.3
4q32.3	NA19650	h1	TypeI	1	NA19650_h1_HML-2_4q32.3_graph_hgsvc3-2024-02-23-mc-chm13
4q32.3	NA19650	h2	TypeI	1	NA19650_h2_HML-2_4q32.3_graph_hgsvc3-2024-02-23-mc-chm13
4q32.3	NA19682	h1	TypeI	1	NA19682_hap1_hprc_r2_v1.0.1_HML-2_4q32.3
4q32.3	NA19682	h2	TypeI	1	NA19682_hap2_hprc_r2_v1.0.1_HML-2_4q32.3
4q32.3	NA19700	h1	TypeI	1	NA19700_hap1_hprc_r2_v1.0.1_HML-2_4q32.3
4q32.3	NA19700	h2	TypeI	1	NA19700_hap2_hprc_r2_v1.0.1_HML-2_4q32.3
4q32.3	NA19705	h1	TypeI	1	NA19705_h1_HML-2_4q32.3_graph_hgsvc3-2024-02-23-mc-chm13
4q32.3	NA19705	h2	TypeI	1	NA19705_h2_HML-2_4q32.3_graph_hgsvc3-2024-02-23-mc-chm13
4q32.3	NA19776	h1	TypeI	1	NA19776_hap1_hprc_r2_v1.0.1_HML-2_4q32.3
4q32.3	NA19776	h2	TypeI	1	NA19776_hap2_hprc_r2_v1.0.1_HML-2_4q32.3
4q32.3	NA19835	h1	TypeI	1	NA19835_hap1_hprc_r2_v1.0.1_HML-2_4q32.3
4q32.3	NA19835	h2	TypeI	1	NA19835_hap2_hprc_r2_v1.0.1_HML-2_4q32.3
4q32.3	NA19836	h1	TypeI	1	NA19836_h1_HML-2_4q32.3_graph_hgsvc3-2024-02-23-mc-chm13
4q32.3	NA19836	h2	TypeI	1	NA19836_h2_HML-2_4q32.3_graph_hgsvc3-2024-02-23-mc-chm13
4q32.3	NA19909	h1	TypeI	1	NA19909_hap1_hprc_r2_v1.0.1_HML-2_4q32.3
4q32.3	NA19909	h2	TypeI	1	NA19909_hap2_hprc_r2_v1.0.1_HML-2_4q32.3
4q32.3	NA19983	h1	TypeI	1	NA19983_h1_HML-2_4q32.3_graph_hgsvc3-2024-02-23-mc-chm13
4q32.3	NA19983	h2	TypeI	1	NA19983_h2_HML-2_4q32.3_graph_hgsvc3-2024-02-23-mc-chm13
4q32.3	NA20129	mat	TypeI	1	NA20129_mat_hprc_r2_v1.0.1_HML-2_4q32.3
4q32.3	NA20129	pat	TypeI	1	NA20129_pat_hprc_r2_v1.0.1_HML-2_4q32.3
4q32.3	NA20282	h1	TypeI	1	NA20282_hap1_hprc_r2_v1.0.1_HML-2_4q32.3
4q32.3	NA20282	h2	TypeI	1	NA20282_hap2_hprc_r2_v1.0.1_HML-2_4q32.3
4q32.3	NA20346	h1	TypeI	1	NA20346_hap1_hprc_r2_v1.0.1_HML-2_4q32.3
4q32.3	NA20346	h2	TypeI	1	NA20346_hap2_hprc_r2_v1.0.1_HML-2_4q32.3
4q32.3	NA20355	h1	TypeI	1	NA20355_h1_HML-2_4q32.3_graph_hgsvc3-2024-02-23-mc-chm13
4q32.3	NA20355	h2	TypeI	1	NA20355_h2_HML-2_4q32.3_graph_hgsvc3-2024-02-23-mc-chm13
4q32.3	NA20503	h1	TypeI	1	NA20503_hap1_hprc_r2_v1.0.1_HML-2_4q32.3
4q32.3	NA20503	h2	TypeI	1	NA20503_hap2_hprc_r2_v1.0.1_HML-2_4q32.3
4q32.3	NA20509	h1	TypeI	1	NA20509_h1_HML-2_4q32.3_graph_hgsvc3-2024-02-23-mc-chm13
4q32.3	NA20509	h2	TypeI	1	NA20509_h2_HML-2_4q32.3_graph_hgsvc3-2024-02-23-mc-chm13
4q32.3	NA20752	h1	TypeI	1	NA20752_hap1_hprc_r2_v1.0.1_HML-2_4q32.3
4q32.3	NA20752	h2	TypeI	1	NA20752_hap2_hprc_r2_v1.0.1_HML-2_4q32.3
4q32.3	NA20762	h1	TypeI	1	NA20762_hap1_hprc_r2_v1.0.1_HML-2_4q32.3
4q32.3	NA20762	h2	TypeI	1	NA20762_hap2_hprc_r2_v1.0.1_HML-2_4q32.3
4q32.3	NA20799	h1	TypeI	1	NA20799_hap1_hprc_r2_v1.0.1_HML-2_4q32.3
4q32.3	NA20799	h2	TypeI	1	NA20799_hap2_hprc_r2_v1.0.1_HML-2_4q32.3
4q32.3	NA20805	h1	TypeI	1	NA20805_hap1_hprc_r2_v1.0.1_HML-2_4q32.3
4q32.3	NA20805	h2	TypeI	1	NA20805_hap2_hprc_r2_v1.0.1_HML-2_4q32.3
4q32.3	NA20806	h1	TypeI	1	NA20806_hap1_hprc_r2_v1.0.1_HML-2_4q32.3
4q32.3	NA20806	h2	TypeI	1	NA20806_hap2_hprc_r2_v1.0.1_HML-2_4q32.3
4q32.3	NA20809	h1	TypeI	1	NA20809_hap1_hprc_r2_v1.0.1_HML-2_4q32.3
4q32.3	NA20809	h2	TypeI	1	NA20809_hap2_hprc_r2_v1.0.1_HML-2_4q32.3
4q32.3	NA20827	h1	TypeI	1	NA20827_hap1_hprc_r2_v1.0.1_HML-2_4q32.3
4q32.3	NA20827	h2	TypeI	1	NA20827_hap2_hprc_r2_v1.0.1_HML-2_4q32.3
4q32.3	NA20847	h1	TypeI	1	NA20847_h1_HML-2_4q32.3_graph_hgsvc3-2024-02-23-mc-chm13
4q32.3	NA20847	h2	TypeI	1	NA20847_h2_HML-2_4q32.3_graph_hgsvc3-2024-02-23-mc-chm13
4q32.3	NA20850	h1	TypeI	1	NA20850_hap1_hprc_r2_v1.0.1_HML-2_4q32.3
4q32.3	NA20850	h2	TypeI	1	NA20850_hap2_hprc_r2_v1.0.1_HML-2_4q32.3
4q32.3	NA20870	h1	TypeI	1	NA20870_hap1_hprc_r2_v1.0.1_HML-2_4q32.3
4q32.3	NA20870	h2	TypeI	1	NA20870_hap2_hprc_r2_v1.0.1_HML-2_4q32.3
4q32.3	NA20905	h1	TypeI	1	NA20905_hap1_hprc_r2_v1.0.1_HML-2_4q32.3
4q32.3	NA20905	h2	TypeI	1	NA20905_hap2_hprc_r2_v1.0.1_HML-2_4q32.3
4q32.3	NA21093	h1	TypeI	1	NA21093_hap1_hprc_r2_v1.0.1_HML-2_4q32.3
4q32.3	NA21093	h2	TypeI	1	NA21093_hap2_hprc_r2_v1.0.1_HML-2_4q32.3
4q32.3	NA21102	h1	TypeI	1	NA21102_hap1_hprc_r2_v1.0.1_HML-2_4q32.3
4q32.3	NA21102	h2	TypeI	1	NA21102_hap2_hprc_r2_v1.0.1_HML-2_4q32.3
4q32.3	NA21106	h1	TypeI	1	NA21106_hap1_hprc_r2_v1.0.1_HML-2_4q32.3
4q32.3	NA21106	h2	TypeI	1	NA21106_hap2_hprc_r2_v1.0.1_HML-2_4q32.3
4q32.3	NA21110	h1	TypeI	1	NA21110_hap1_hprc_r2_v1.0.1_HML-2_4q32.3
4q32.3	NA21110	h2	TypeI	1	NA21110_hap2_hprc_r2_v1.0.1_HML-2_4q32.3
4q32.3	NA21144	h1	TypeI	1	NA21144_hap1_hprc_r2_v1.0.1_HML-2_4q32.3
4q32.3	NA21144	h2	TypeI	1	NA21144_hap2_hprc_r2_v1.0.1_HML-2_4q32.3
4q32.3	NA21309	mat	TypeI	1	NA21309_mat_hprc_r2_v1.0.1_HML-2_4q32.3
4q32.3	NA21309	pat	TypeI	1	NA21309_pat_hprc_r2_v1.0.1_HML-2_4q32.3
4q32.3	NA21487	h1	TypeI	1	NA21487_h1_HML-2_4q32.3_graph_hgsvc3-2024-02-23-mc-chm13
4q32.3	NA21487	h2	TypeI	1	NA21487_h2_HML-2_4q32.3_graph_hgsvc3-2024-02-23-mc-chm13
4q32.3	NA24385	h1	TypeI	1	NA24385_h1_HML-2_4q32.3_graph_hgsvc3-2024-02-23-mc-chm13
4q32.3	NA24385	h2	TypeI	1	NA24385_h2_HML-2_4q32.3_graph_hgsvc3-2024-02-23-mc-chm13
5p12	HG00096	h1	TypeI	1	HG00096_h1_HML-2_5p12_graph_hgsvc3-2024-02-23-mc-chm13
5p12	HG00096	h2	TypeI	1	HG00096_h2_HML-2_5p12_graph_hgsvc3-2024-02-23-mc-chm13
5p12	HG00097	h1	TypeI	1	HG00097_hap1_hprc_r2_v1.0.1_HML-2_5p12
5p12	HG00097	h2	TypeI	1	HG00097_hap2_hprc_r2_v1.0.1_HML-2_5p12
5p12	HG00099	h1	TypeI	1	HG00099_hap1_hprc_r2_v1.0.1_HML-2_5p12
5p12	HG00099	h2	TypeI	1	HG00099_hap2_hprc_r2_v1.0.1_HML-2_5p12
5p12	HG00126	h1	TypeI	1	HG00126_hap1_hprc_r2_v1.0.1_HML-2_5p12
5p12	HG00126	h2	TypeI	1	HG00126_hap2_hprc_r2_v1.0.1_HML-2_5p12
5p12	HG00128	h1	TypeI	1	HG00128_hap1_hprc_r2_v1.0.1_HML-2_5p12
5p12	HG00128	h2	TypeI	1	HG00128_hap2_hprc_r2_v1.0.1_HML-2_5p12
5p12	HG00133	h1	TypeI	1	HG00133_hap1_hprc_r2_v1.0.1_HML-2_5p12
5p12	HG00133	h2	TypeI	1	HG00133_hap2_hprc_r2_v1.0.1_HML-2_5p12
5p12	HG00140	h1	noncarrier	1	HG00140_hap1_hprc_r2_v1.0.1_HML-2_5p12
5p12	HG00140	h2	TypeI	2	HG00140_hap2_hprc_r2_v1.0.1_HML-2_5p12_alt1|HG00140_hap2_hprc_r2_v1.0.1_HML-2_5p12_alt2
5p12	HG00146	h1	TypeI	1	HG00146_hap1_hprc_r2_v1.0.1_HML-2_5p12
5p12	HG00146	h2	TypeI	1	HG00146_hap2_hprc_r2_v1.0.1_HML-2_5p12
5p12	HG00171	h1	TypeI	1	HG00171_h1_HML-2_5p12_graph_hgsvc3-2024-02-23-mc-chm13
5p12	HG00171	h2	TypeI	1	HG00171_h2_HML-2_5p12_graph_hgsvc3-2024-02-23-mc-chm13
5p12	HG00232	h1	TypeI	1	HG00232_hap1_hprc_r2_v1.0.1_HML-2_5p12
5p12	HG00232	h2	TypeI	1	HG00232_hap2_hprc_r2_v1.0.1_HML-2_5p12
5p12	HG00235	h1	TypeI	1	HG00235_hap1_hprc_r2_v1.0.1_HML-2_5p12
5p12	HG00235	h2	TypeI	1	HG00235_hap2_hprc_r2_v1.0.1_HML-2_5p12
5p12	HG00253	h1	TypeI	1	HG00253_hap1_hprc_r2_v1.0.1_HML-2_5p12
5p12	HG00253	h2	TypeI	1	HG00253_hap2_hprc_r2_v1.0.1_HML-2_5p12
5p12	HG00268	h1	TypeI	1	HG00268_h1_HML-2_5p12_graph_hgsvc3-2024-02-23-mc-chm13
5p12	HG00268	h2	TypeI	1	HG00268_h2_HML-2_5p12_graph_hgsvc3-2024-02-23-mc-chm13
5p12	HG00272	h1	TypeI	1	HG00272_hap1_hprc_r2_v1.0.1_HML-2_5p12
5p12	HG00272	h2	TypeI	1	HG00272_hap2_hprc_r2_v1.0.1_HML-2_5p12
5p12	HG00280	h1	TypeI	1	HG00280_hap1_hprc_r2_v1.0.1_HML-2_5p12
5p12	HG00280	h2	TypeI	1	HG00280_hap2_hprc_r2_v1.0.1_HML-2_5p12
5p12	HG00290	h1	TypeI	1	HG00290_hap1_hprc_r2_v1.0.1_HML-2_5p12
5p12	HG00290	h2	TypeI	1	HG00290_hap2_hprc_r2_v1.0.1_HML-2_5p12
5p12	HG00320	h1	TypeI	1	HG00320_hap1_hprc_r2_v1.0.1_HML-2_5p12
5p12	HG00320	h2	TypeI	1	HG00320_hap2_hprc_r2_v1.0.1_HML-2_5p12
5p12	HG00321	h1	TypeI	1	HG00321_hap1_hprc_r2_v1.0.1_HML-2_5p12
5p12	HG00321	h2	TypeI	1	HG00321_hap2_hprc_r2_v1.0.1_HML-2_5p12
5p12	HG00323	h1	TypeI	1	HG00323_hap1_hprc_r2_v1.0.1_HML-2_5p12
5p12	HG00323	h2	TypeI	1	HG00323_hap2_hprc_r2_v1.0.1_HML-2_5p12
5p12	HG00329	h1	TypeI	1	HG00329_hap1_hprc_r2_v1.0.1_HML-2_5p12
5p12	HG00329	h2	TypeI	1	HG00329_hap2_hprc_r2_v1.0.1_HML-2_5p12
5p12	HG00344	h1	TypeI	1	HG00344_hap1_hprc_r2_v1.0.1_HML-2_5p12
5p12	HG00344	h2	TypeI	1	HG00344_hap2_hprc_r2_v1.0.1_HML-2_5p12
5p12	HG00350	h1	TypeI	1	HG00350_hap1_hprc_r2_v1.0.1_HML-2_5p12
5p12	HG00350	h2	TypeI	1	HG00350_hap2_hprc_r2_v1.0.1_HML-2_5p12
5p12	HG00358	h1	TypeI	1	HG00358_h1_HML-2_5p12_graph_hgsvc3-2024-02-23-mc-chm13
5p12	HG00358	h2	TypeI	1	HG00358_h2_HML-2_5p12_graph_hgsvc3-2024-02-23-mc-chm13
5p12	HG00408	mat	TypeI	1	HG00408_mat_hprc_r2_v1.0.1_HML-2_5p12
5p12	HG00408	pat	TypeI	1	HG00408_pat_hprc_r2_v1.0.1_HML-2_5p12
5p12	HG00423	mat	TypeI	1	HG00423_mat_hprc_r2_v1.0.1_HML-2_5p12
5p12	HG00423	pat	TypeI	1	HG00423_pat_hprc_r2_v1.0.1_HML-2_5p12
5p12	HG00438	mat	TypeI	1	HG00438_mat_hprc_r2_v1.0.1_HML-2_5p12
5p12	HG00438	pat	TypeI	1	HG00438_pat_hprc_r2_v1.0.1_HML-2_5p12
5p12	HG005	mat	TypeI	1	HG005_mat_hprc_r2_v1.0.1_HML-2_5p12
5p12	HG005	pat	TypeI	1	HG005_pat_hprc_r2_v1.0.1_HML-2_5p12
5p12	HG00512	h1	TypeI	1	HG00512_h1_HML-2_5p12_graph_hgsvc3-2024-02-23-mc-chm13
5p12	HG00512	h2	TypeI	1	HG00512_h2_HML-2_5p12_graph_hgsvc3-2024-02-23-mc-chm13
5p12	HG00513	h1	TypeI	1	HG00513_h1_HML-2_5p12_graph_hgsvc3-2024-02-23-mc-chm13
5p12	HG00513	h2	TypeI	1	HG00513_h2_HML-2_5p12_graph_hgsvc3-2024-02-23-mc-chm13
5p12	HG00514	h1	TypeI	1	HG00514_h1_HML-2_5p12_graph_hgsvc3-2024-02-23-mc-chm13
5p12	HG00514	h2	TypeI	1	HG00514_h2_HML-2_5p12_graph_hgsvc3-2024-02-23-mc-chm13
5p12	HG00544	mat	TypeI	1	HG00544_mat_hprc_r2_v1.0.1_HML-2_5p12
5p12	HG00544	pat	TypeI	1	HG00544_pat_hprc_r2_v1.0.1_HML-2_5p12
5p12	HG00558	mat	TypeI	1	HG00558_mat_hprc_r2_v1.0.1_HML-2_5p12
5p12	HG00558	pat	TypeI	1	HG00558_pat_hprc_r2_v1.0.1_HML-2_5p12
5p12	HG00597	mat	TypeI	1	HG00597_mat_hprc_r2_v1.0.1_HML-2_5p12
5p12	HG00597	pat	TypeI	1	HG00597_pat_hprc_r2_v1.0.1_HML-2_5p12
5p12	HG00609	mat	TypeI	1	HG00609_mat_hprc_r2_v1.0.1_HML-2_5p12
5p12	HG00609	pat	TypeI	1	HG00609_pat_hprc_r2_v1.0.1_HML-2_5p12
5p12	HG00621	mat	TypeI	1	HG00621_mat_hprc_r2_v1.0.1_HML-2_5p12
5p12	HG00621	pat	TypeI	1	HG00621_pat_hprc_r2_v1.0.1_HML-2_5p12
5p12	HG00639	mat	TypeI	1	HG00639_mat_hprc_r2_v1.0.1_HML-2_5p12
5p12	HG00639	pat	TypeI	1	HG00639_pat_hprc_r2_v1.0.1_HML-2_5p12
5p12	HG00642	mat	TypeI	1	HG00642_mat_hprc_r2_v1.0.1_HML-2_5p12
5p12	HG00642	pat	TypeI	1	HG00642_pat_hprc_r2_v1.0.1_HML-2_5p12
5p12	HG00658	mat	TypeI	1	HG00658_mat_hprc_r2_v1.0.1_HML-2_5p12
5p12	HG00658	pat	TypeI	1	HG00658_pat_hprc_r2_v1.0.1_HML-2_5p12
5p12	HG00673	mat	TypeI	1	HG00673_mat_hprc_r2_v1.0.1_HML-2_5p12
5p12	HG00673	pat	TypeI	1	HG00673_pat_hprc_r2_v1.0.1_HML-2_5p12
5p12	HG00706	mat	TypeI	1	HG00706_mat_hprc_r2_v1.0.1_HML-2_5p12
5p12	HG00706	pat	TypeI	1	HG00706_pat_hprc_r2_v1.0.1_HML-2_5p12
5p12	HG00731	h1	TypeI	1	HG00731_h1_HML-2_5p12_graph_hgsvc3-2024-02-23-mc-chm13
5p12	HG00731	h2	TypeI	1	HG00731_h2_HML-2_5p12_graph_hgsvc3-2024-02-23-mc-chm13
5p12	HG00732	h1	TypeI	1	HG00732_h1_HML-2_5p12_graph_hgsvc3-2024-02-23-mc-chm13
5p12	HG00732	h2	TypeI	1	HG00732_h2_HML-2_5p12_graph_hgsvc3-2024-02-23-mc-chm13
5p12	HG00733	mat	TypeI	1	HG00733_mat_hprc_r2_v1.0.1_HML-2_5p12
5p12	HG00733	pat	TypeI	1	HG00733_pat_hprc_r2_v1.0.1_HML-2_5p12
5p12	HG00735	mat	TypeI	1	HG00735_mat_hprc_r2_v1.0.1_HML-2_5p12
5p12	HG00735	pat	TypeI	1	HG00735_pat_hprc_r2_v1.0.1_HML-2_5p12
5p12	HG00738	mat	TypeI	1	HG00738_mat_hprc_r2_v1.0.1_HML-2_5p12
5p12	HG00738	pat	TypeI	1	HG00738_pat_hprc_r2_v1.0.1_HML-2_5p12
5p12	HG00741	mat	TypeI	1	HG00741_mat_hprc_r2_v1.0.1_HML-2_5p12
5p12	HG00741	pat	TypeI	1	HG00741_pat_hprc_r2_v1.0.1_HML-2_5p12
5p12	HG00864	h1	TypeI	1	HG00864_h1_HML-2_5p12_graph_hgsvc3-2024-02-23-mc-chm13
5p12	HG00864	h2	TypeI	1	HG00864_h2_HML-2_5p12_graph_hgsvc3-2024-02-23-mc-chm13
5p12	HG01071	mat	TypeI	1	HG01071_mat_hprc_r2_v1.0.1_HML-2_5p12
5p12	HG01071	pat	TypeI	1	HG01071_pat_hprc_r2_v1.0.1_HML-2_5p12
5p12	HG01074	mat	TypeI	1	HG01074_mat_hprc_r2_v1.0.1_HML-2_5p12
5p12	HG01074	pat	TypeI	1	HG01074_pat_hprc_r2_v1.0.1_HML-2_5p12
5p12	HG01081	mat	TypeI	1	HG01081_mat_hprc_r2_v1.0.1_HML-2_5p12
5p12	HG01081	pat	TypeI	1	HG01081_pat_hprc_r2_v1.0.1_HML-2_5p12
5p12	HG01099	mat	TypeI	1	HG01099_mat_hprc_r2_v1.0.1_HML-2_5p12
5p12	HG01099	pat	TypeI	1	HG01099_pat_hprc_r2_v1.0.1_HML-2_5p12
5p12	HG01106	mat	TypeI	1	HG01106_mat_hprc_r2_v1.0.1_HML-2_5p12
5p12	HG01106	pat	TypeI	1	HG01106_pat_hprc_r2_v1.0.1_HML-2_5p12
5p12	HG01109	mat	TypeI	1	HG01109_mat_hprc_r2_v1.0.1_HML-2_5p12
5p12	HG01109	pat	TypeI	1	HG01109_pat_hprc_r2_v1.0.1_HML-2_5p12
5p12	HG01114	h1	TypeI	1	HG01114_h1_HML-2_5p12_graph_hgsvc3-2024-02-23-mc-chm13
5p12	HG01114	h2	TypeI	1	HG01114_h2_HML-2_5p12_graph_hgsvc3-2024-02-23-mc-chm13
5p12	HG01123	mat	TypeI	1	HG01123_mat_hprc_r2_v1.0.1_HML-2_5p12
5p12	HG01123	pat	TypeI	1	HG01123_pat_hprc_r2_v1.0.1_HML-2_5p12
5p12	HG01150	mat	TypeI	1	HG01150_mat_hprc_r2_v1.0.1_HML-2_5p12
5p12	HG01150	pat	TypeI	1	HG01150_pat_hprc_r2_v1.0.1_HML-2_5p12
5p12	HG01167	h1	TypeI	1	HG01167_hap1_hprc_r2_v1.0.1_HML-2_5p12
5p12	HG01167	h2	TypeI	1	HG01167_hap2_hprc_r2_v1.0.1_HML-2_5p12
5p12	HG01175	mat	TypeI	1	HG01175_mat_hprc_r2_v1.0.1_HML-2_5p12
5p12	HG01175	pat	TypeI	1	HG01175_pat_hprc_r2_v1.0.1_HML-2_5p12
5p12	HG01192	mat	TypeI	1	HG01192_mat_hprc_r2_v1.0.1_HML-2_5p12
5p12	HG01192	pat	TypeI	1	HG01192_pat_hprc_r2_v1.0.1_HML-2_5p12
5p12	HG01243	mat	TypeI	1	HG01243_mat_hprc_r2_v1.0.1_HML-2_5p12
5p12	HG01243	pat	TypeI	1	HG01243_pat_hprc_r2_v1.0.1_HML-2_5p12
5p12	HG01252	mat	TypeI	1	HG01252_mat_hprc_r2_v1.0.1_HML-2_5p12
5p12	HG01252	pat	TypeI	1	HG01252_pat_hprc_r2_v1.0.1_HML-2_5p12
5p12	HG01255	mat	TypeI	1	HG01255_mat_hprc_r2_v1.0.1_HML-2_5p12
5p12	HG01255	pat	TypeI	1	HG01255_pat_hprc_r2_v1.0.1_HML-2_5p12
5p12	HG01258	mat	TypeI	1	HG01258_mat_hprc_r2_v1.0.1_HML-2_5p12
5p12	HG01258	pat	TypeI	1	HG01258_pat_hprc_r2_v1.0.1_HML-2_5p12
5p12	HG01261	mat	TypeI	1	HG01261_mat_hprc_r2_v1.0.1_HML-2_5p12
5p12	HG01261	pat	TypeI	1	HG01261_pat_hprc_r2_v1.0.1_HML-2_5p12
5p12	HG01346	mat	TypeI	1	HG01346_mat_hprc_r2_v1.0.1_HML-2_5p12
5p12	HG01346	pat	TypeI	1	HG01346_pat_hprc_r2_v1.0.1_HML-2_5p12
5p12	HG01352	h1	TypeI	1	HG01352_h1_HML-2_5p12_graph_hgsvc3-2024-02-23-mc-chm13
5p12	HG01352	h2	TypeI	1	HG01352_h2_HML-2_5p12_graph_hgsvc3-2024-02-23-mc-chm13
5p12	HG01358	mat	TypeI	1	HG01358_mat_hprc_r2_v1.0.1_HML-2_5p12
5p12	HG01358	pat	TypeI	1	HG01358_pat_hprc_r2_v1.0.1_HML-2_5p12
5p12	HG01361	mat	TypeI	1	HG01361_mat_hprc_r2_v1.0.1_HML-2_5p12
5p12	HG01361	pat	TypeI	1	HG01361_pat_hprc_r2_v1.0.1_HML-2_5p12
5p12	HG01433	mat	TypeI	1	HG01433_mat_hprc_r2_v1.0.1_HML-2_5p12
5p12	HG01433	pat	TypeI	1	HG01433_pat_hprc_r2_v1.0.1_HML-2_5p12
5p12	HG01457	h1	TypeI	1	HG01457_h1_HML-2_5p12_graph_hgsvc3-2024-02-23-mc-chm13
5p12	HG01457	h2	TypeI	1	HG01457_h2_HML-2_5p12_graph_hgsvc3-2024-02-23-mc-chm13
5p12	HG01496	mat	TypeI	1	HG01496_mat_hprc_r2_v1.0.1_HML-2_5p12
5p12	HG01496	pat	TypeI	1	HG01496_pat_hprc_r2_v1.0.1_HML-2_5p12
5p12	HG01505	h1	TypeI	1	HG01505_h1_HML-2_5p12_graph_hgsvc3-2024-02-23-mc-chm13
5p12	HG01505	h2	TypeI	1	HG01505_h2_HML-2_5p12_graph_hgsvc3-2024-02-23-mc-chm13
5p12	HG01530	h1	TypeI	1	HG01530_hap1_hprc_r2_v1.0.1_HML-2_5p12
5p12	HG01530	h2	TypeI	1	HG01530_hap2_hprc_r2_v1.0.1_HML-2_5p12
5p12	HG01573	h1	TypeI	1	HG01573_h1_HML-2_5p12_graph_hgsvc3-2024-02-23-mc-chm13
5p12	HG01573	h2	TypeI	1	HG01573_h2_HML-2_5p12_graph_hgsvc3-2024-02-23-mc-chm13
5p12	HG01596	h1	TypeI	1	HG01596_h1_HML-2_5p12_graph_hgsvc3-2024-02-23-mc-chm13
5p12	HG01596	h2	TypeI	1	HG01596_h2_HML-2_5p12_graph_hgsvc3-2024-02-23-mc-chm13
5p12	HG01784	h1	TypeI	1	HG01784_hap1_hprc_r2_v1.0.1_HML-2_5p12
5p12	HG01784	h2	TypeI	1	HG01784_hap2_hprc_r2_v1.0.1_HML-2_5p12
5p12	HG01786	h1	TypeI	1	HG01786_hap1_hprc_r2_v1.0.1_HML-2_5p12
5p12	HG01786	h2	TypeI	1	HG01786_hap2_hprc_r2_v1.0.1_HML-2_5p12
5p12	HG01884	mat	TypeI	1	HG01884_mat_hprc_r2_v1.0.1_HML-2_5p12
5p12	HG01884	pat	TypeI	1	HG01884_pat_hprc_r2_v1.0.1_HML-2_5p12
5p12	HG01890	h1	TypeI	1	HG01890_h1_HML-2_5p12_graph_hgsvc3-2024-02-23-mc-chm13
5p12	HG01890	h2	TypeI	1	HG01890_h2_HML-2_5p12_graph_hgsvc3-2024-02-23-mc-chm13
5p12	HG01891	mat	TypeI	1	HG01891_mat_hprc_r2_v1.0.1_HML-2_5p12
5p12	HG01891	pat	TypeI	1	HG01891_pat_hprc_r2_v1.0.1_HML-2_5p12
5p12	HG01928	mat	TypeI	1	HG01928_mat_hprc_r2_v1.0.1_HML-2_5p12
5p12	HG01928	pat	TypeI	1	HG01928_pat_hprc_r2_v1.0.1_HML-2_5p12
5p12	HG01934	mat	TypeI	1	HG01934_mat_hprc_r2_v1.0.1_HML-2_5p12
5p12	HG01934	pat	TypeI	1	HG01934_pat_hprc_r2_v1.0.1_HML-2_5p12
5p12	HG01940	mat	TypeI	1	HG01940_mat_hprc_r2_v1.0.1_HML-2_5p12
5p12	HG01940	pat	TypeI	1	HG01940_pat_hprc_r2_v1.0.1_HML-2_5p12
5p12	HG01943	mat	TypeI	1	HG01943_mat_hprc_r2_v1.0.1_HML-2_5p12
5p12	HG01943	pat	TypeI	1	HG01943_pat_hprc_r2_v1.0.1_HML-2_5p12
5p12	HG01952	mat	TypeI	1	HG01952_mat_hprc_r2_v1.0.1_HML-2_5p12
5p12	HG01952	pat	TypeI	1	HG01952_pat_hprc_r2_v1.0.1_HML-2_5p12
5p12	HG01960	mat	TypeI	1	HG01960_mat_hprc_r2_v1.0.1_HML-2_5p12
5p12	HG01960	pat	TypeI	1	HG01960_pat_hprc_r2_v1.0.1_HML-2_5p12
5p12	HG01969	mat	TypeI	1	HG01969_mat_hprc_r2_v1.0.1_HML-2_5p12
5p12	HG01969	pat	TypeI	1	HG01969_pat_hprc_r2_v1.0.1_HML-2_5p12
5p12	HG01975	mat	TypeI	1	HG01975_mat_hprc_r2_v1.0.1_HML-2_5p12
5p12	HG01975	pat	TypeI	1	HG01975_pat_hprc_r2_v1.0.1_HML-2_5p12
5p12	HG01978	mat	TypeI	1	HG01978_mat_hprc_r2_v1.1.0_HML-2_5p12
5p12	HG01978	pat	TypeI	1	HG01978_pat_hprc_r2_v1.1.0_HML-2_5p12
5p12	HG01981	mat	TypeI	1	HG01981_mat_hprc_r2_v1.0.1_HML-2_5p12
5p12	HG01981	pat	TypeI	1	HG01981_pat_hprc_r2_v1.0.1_HML-2_5p12
5p12	HG01993	mat	TypeI	1	HG01993_mat_hprc_r2_v1.0.1_HML-2_5p12
5p12	HG01993	pat	TypeI	1	HG01993_pat_hprc_r2_v1.0.1_HML-2_5p12
5p12	HG02004	mat	TypeI	1	HG02004_mat_hprc_r2_v1.0.1_HML-2_5p12
5p12	HG02004	pat	TypeI	1	HG02004_pat_hprc_r2_v1.0.1_HML-2_5p12
5p12	HG02011	h1	TypeI	1	HG02011_h1_HML-2_5p12_graph_hgsvc3-2024-02-23-mc-chm13
5p12	HG02011	h2	TypeI	1	HG02011_h2_HML-2_5p12_graph_hgsvc3-2024-02-23-mc-chm13
5p12	HG02015	mat	TypeI	1	HG02015_mat_hprc_r2_v1.0.1_HML-2_5p12
5p12	HG02015	pat	TypeI	1	HG02015_pat_hprc_r2_v1.0.1_HML-2_5p12
5p12	HG02018	h1	TypeI	1	HG02018_h1_HML-2_5p12_graph_hgsvc3-2024-02-23-mc-chm13
5p12	HG02018	h2	TypeI	1	HG02018_h2_HML-2_5p12_graph_hgsvc3-2024-02-23-mc-chm13
5p12	HG02027	mat	TypeI	1	HG02027_mat_hprc_r2_v1.0.1_HML-2_5p12
5p12	HG02027	pat	TypeI	1	HG02027_pat_hprc_r2_v1.0.1_HML-2_5p12
5p12	HG02040	h1	TypeI	1	HG02040_hap1_hprc_r2_v1.0.1_HML-2_5p12
5p12	HG02040	h2	TypeI	1	HG02040_hap2_hprc_r2_v1.0.1_HML-2_5p12
5p12	HG02055	mat	TypeI	1	HG02055_mat_hprc_r2_v1.0.1_HML-2_5p12
5p12	HG02055	pat	TypeI	1	HG02055_pat_hprc_r2_v1.0.1_HML-2_5p12
5p12	HG02056	mat	TypeI	1	HG02056_mat_hprc_r2_v1.0.1_HML-2_5p12
5p12	HG02056	pat	TypeI	1	HG02056_pat_hprc_r2_v1.0.1_HML-2_5p12
5p12	HG02059	h1	TypeI	1	HG02059_h1_HML-2_5p12_graph_hgsvc3-2024-02-23-mc-chm13
5p12	HG02059	h2	TypeI	1	HG02059_h2_HML-2_5p12_graph_hgsvc3-2024-02-23-mc-chm13
5p12	HG02071	mat	TypeI	1	HG02071_mat_hprc_r2_v1.0.1_HML-2_5p12
5p12	HG02071	pat	TypeI	1	HG02071_pat_hprc_r2_v1.0.1_HML-2_5p12
5p12	HG02074	mat	TypeI	1	HG02074_mat_hprc_r2_v1.0.1_HML-2_5p12
5p12	HG02074	pat	TypeI	1	HG02074_pat_hprc_r2_v1.0.1_HML-2_5p12
5p12	HG02080	mat	TypeI	1	HG02080_mat_hprc_r2_v1.0.1_HML-2_5p12
5p12	HG02080	pat	TypeI	1	HG02080_pat_hprc_r2_v1.0.1_HML-2_5p12
5p12	HG02083	mat	TypeI	1	HG02083_mat_hprc_r2_v1.0.1_HML-2_5p12
5p12	HG02083	pat	TypeI	1	HG02083_pat_hprc_r2_v1.0.1_HML-2_5p12
5p12	HG02106	h1	TypeI	1	HG02106_h1_HML-2_5p12_graph_hgsvc3-2024-02-23-mc-chm13
5p12	HG02106	h2	TypeI	1	HG02106_h2_HML-2_5p12_graph_hgsvc3-2024-02-23-mc-chm13
5p12	HG02109	mat	TypeI	1	HG02109_mat_hprc_r2_v1.0.1_HML-2_5p12
5p12	HG02109	pat	TypeI	1	HG02109_pat_hprc_r2_v1.0.1_HML-2_5p12
5p12	HG02129	mat	TypeI	1	HG02129_mat_hprc_r2_v1.0.1_HML-2_5p12
5p12	HG02129	pat	TypeI	1	HG02129_pat_hprc_r2_v1.0.1_HML-2_5p12
5p12	HG02132	mat	TypeI	1	HG02132_mat_hprc_r2_v1.0.1_HML-2_5p12
5p12	HG02132	pat	TypeI	1	HG02132_pat_hprc_r2_v1.0.1_HML-2_5p12
5p12	HG02135	mat	TypeI	1	HG02135_mat_hprc_r2_v1.0.1_HML-2_5p12
5p12	HG02135	pat	TypeI	1	HG02135_pat_hprc_r2_v1.0.1_HML-2_5p12
5p12	HG02145	mat	TypeI	1	HG02145_mat_hprc_r2_v1.0.1_HML-2_5p12
5p12	HG02145	pat	TypeI	1	HG02145_pat_hprc_r2_v1.0.1_HML-2_5p12
5p12	HG02148	mat	TypeI	1	HG02148_mat_hprc_r2_v1.0.1_HML-2_5p12
5p12	HG02148	pat	TypeI	1	HG02148_pat_hprc_r2_v1.0.1_HML-2_5p12
5p12	HG02155	h1	TypeI	1	HG02155_hap1_hprc_r2_v1.0.1_HML-2_5p12
5p12	HG02155	h2	TypeI	1	HG02155_hap2_hprc_r2_v1.0.1_HML-2_5p12
5p12	HG02165	h1	TypeI	1	HG02165_hap1_hprc_r2_v1.0.1_HML-2_5p12
5p12	HG02165	h2	TypeI	1	HG02165_hap2_hprc_r2_v1.0.1_HML-2_5p12
5p12	HG02178	h1	TypeI	1	HG02178_hap1_hprc_r2_v1.0.1_HML-2_5p12
5p12	HG02178	h2	TypeI	1	HG02178_hap2_hprc_r2_v1.0.1_HML-2_5p12
5p12	HG02257	mat	TypeI	1	HG02257_mat_hprc_r2_v1.1.0_HML-2_5p12
5p12	HG02257	pat	TypeI	1	HG02257_pat_hprc_r2_v1.1.0_HML-2_5p12
5p12	HG02258	mat	TypeI	1	HG02258_mat_hprc_r2_v1.0.1_HML-2_5p12
5p12	HG02258	pat	TypeI	1	HG02258_pat_hprc_r2_v1.0.1_HML-2_5p12
5p12	HG02273	h1	TypeI	1	HG02273_hap1_hprc_r2_v1.0.1_HML-2_5p12
5p12	HG02273	h2	TypeI	1	HG02273_hap2_hprc_r2_v1.0.1_HML-2_5p12
5p12	HG02280	mat	TypeI	1	HG02280_mat_hprc_r2_v1.0.1_HML-2_5p12
5p12	HG02280	pat	TypeI	1	HG02280_pat_hprc_r2_v1.0.1_HML-2_5p12
5p12	HG02282	h1	TypeI	1	HG02282_h1_HML-2_5p12_graph_hgsvc3-2024-02-23-mc-chm13
5p12	HG02282	h2	TypeI	1	HG02282_h2_HML-2_5p12_graph_hgsvc3-2024-02-23-mc-chm13
5p12	HG02293	mat	TypeI	1	HG02293_mat_hprc_r2_v1.0.1_HML-2_5p12
5p12	HG02293	pat	TypeI	1	HG02293_pat_hprc_r2_v1.0.1_HML-2_5p12
5p12	HG02300	mat	TypeI	1	HG02300_mat_hprc_r2_v1.0.1_HML-2_5p12
5p12	HG02300	pat	TypeI	1	HG02300_pat_hprc_r2_v1.0.1_HML-2_5p12
5p12	HG02391	h1	TypeI	1	HG02391_hap1_hprc_r2_v1.0.1_HML-2_5p12
5p12	HG02391	h2	TypeI	1	HG02391_hap2_hprc_r2_v1.0.1_HML-2_5p12
5p12	HG02392	h1	TypeI	1	HG02392_hap1_hprc_r2_v1.0.1_HML-2_5p12
5p12	HG02392	h2	TypeI	1	HG02392_hap2_hprc_r2_v1.0.1_HML-2_5p12
5p12	HG02451	mat	TypeI	1	HG02451_mat_hprc_r2_v1.0.1_HML-2_5p12
5p12	HG02451	pat	TypeI	1	HG02451_pat_hprc_r2_v1.0.1_HML-2_5p12
5p12	HG02486	mat	TypeI	1	HG02486_mat_hprc_r2_v1.0.1_HML-2_5p12
5p12	HG02486	pat	TypeI	1	HG02486_pat_hprc_r2_v1.0.1_HML-2_5p12
5p12	HG02492	h1	TypeI	1	HG02492_h1_HML-2_5p12_graph_hgsvc3-2024-02-23-mc-chm13
5p12	HG02492	h2	TypeI	1	HG02492_h2_HML-2_5p12_graph_hgsvc3-2024-02-23-mc-chm13
5p12	HG02514	mat	TypeI	1	HG02514_mat_hprc_r2_v1.0.1_HML-2_5p12
5p12	HG02514	pat	TypeI	1	HG02514_pat_hprc_r2_v1.0.1_HML-2_5p12
5p12	HG02523	mat	TypeI	1	HG02523_mat_hprc_r2_v1.0.1_HML-2_5p12
5p12	HG02523	pat	TypeI	1	HG02523_pat_hprc_r2_v1.0.1_HML-2_5p12
5p12	HG02554	h1	TypeI	1	HG02554_h1_HML-2_5p12_graph_hgsvc3-2024-02-23-mc-chm13
5p12	HG02554	h2	TypeI	1	HG02554_h2_HML-2_5p12_graph_hgsvc3-2024-02-23-mc-chm13
5p12	HG02559	mat	TypeI	1	HG02559_mat_hprc_r2_v1.0.1_HML-2_5p12
5p12	HG02559	pat	TypeI	1	HG02559_pat_hprc_r2_v1.0.1_HML-2_5p12
5p12	HG02572	mat	TypeI	1	HG02572_mat_hprc_r2_v1.0.1_HML-2_5p12
5p12	HG02572	pat	TypeI	1	HG02572_pat_hprc_r2_v1.0.1_HML-2_5p12
5p12	HG02583	h1	TypeI	1	HG02583_hap1_hprc_r2_v1.0.1_HML-2_5p12
5p12	HG02583	h2	TypeI	1	HG02583_hap2_hprc_r2_v1.0.1_HML-2_5p12
5p12	HG02587	h1	TypeI	1	HG02587_h1_HML-2_5p12_graph_hgsvc3-2024-02-23-mc-chm13
5p12	HG02587	h2	TypeI	1	HG02587_h2_HML-2_5p12_graph_hgsvc3-2024-02-23-mc-chm13
5p12	HG02602	mat	TypeI	1	HG02602_mat_hprc_r2_v1.0.1_HML-2_5p12
5p12	HG02602	pat	TypeI	1	HG02602_pat_hprc_r2_v1.0.1_HML-2_5p12
5p12	HG02615	mat	TypeI	1	HG02615_mat_hprc_r2_v1.0.1_HML-2_5p12
5p12	HG02615	pat	TypeI	1	HG02615_pat_hprc_r2_v1.0.1_HML-2_5p12
5p12	HG02622	mat	TypeI	1	HG02622_mat_hprc_r2_v1.0.1_HML-2_5p12
5p12	HG02622	pat	TypeI	1	HG02622_pat_hprc_r2_v1.0.1_HML-2_5p12
5p12	HG02630	mat	TypeI	1	HG02630_mat_hprc_r2_v1.0.1_HML-2_5p12
5p12	HG02630	pat	TypeI	1	HG02630_pat_hprc_r2_v1.0.1_HML-2_5p12
5p12	HG02647	mat	TypeI	1	HG02647_mat_hprc_r2_v1.0.1_HML-2_5p12
5p12	HG02647	pat	TypeI	1	HG02647_pat_hprc_r2_v1.0.1_HML-2_5p12
5p12	HG02666	h1	TypeI	1	HG02666_h1_HML-2_5p12_graph_hgsvc3-2024-02-23-mc-chm13
5p12	HG02666	h2	TypeI	1	HG02666_h2_HML-2_5p12_graph_hgsvc3-2024-02-23-mc-chm13
5p12	HG02668	mat	TypeI	1	HG02668_mat_hprc_r2_v1.0.1_HML-2_5p12
5p12	HG02668	pat	TypeI	1	HG02668_pat_hprc_r2_v1.0.1_HML-2_5p12
5p12	HG02698	mat	TypeI	1	HG02698_mat_hprc_r2_v1.0.1_HML-2_5p12
5p12	HG02698	pat	TypeI	1	HG02698_pat_hprc_r2_v1.0.1_HML-2_5p12
5p12	HG02717	mat	TypeI	1	HG02717_mat_hprc_r2_v1.0.1_HML-2_5p12
5p12	HG02717	pat	TypeI	1	HG02717_pat_hprc_r2_v1.0.1_HML-2_5p12
5p12	HG02723	mat	TypeI	1	HG02723_mat_hprc_r2_v1.0.1_HML-2_5p12
5p12	HG02723	pat	TypeI	1	HG02723_pat_hprc_r2_v1.0.1_HML-2_5p12
5p12	HG02735	mat	TypeI	1	HG02735_mat_hprc_r2_v1.0.1_HML-2_5p12
5p12	HG02735	pat	TypeI	1	HG02735_pat_hprc_r2_v1.0.1_HML-2_5p12
5p12	HG02738	mat	TypeI	1	HG02738_mat_hprc_r2_v1.0.1_HML-2_5p12
5p12	HG02738	pat	TypeI	1	HG02738_pat_hprc_r2_v1.0.1_HML-2_5p12
5p12	HG02769	h1	TypeI	1	HG02769_h1_HML-2_5p12_graph_hgsvc3-2024-02-23-mc-chm13
5p12	HG02769	h2	TypeI	1	HG02769_h2_HML-2_5p12_graph_hgsvc3-2024-02-23-mc-chm13
5p12	HG02809	mat	TypeI	1	HG02809_mat_hprc_r2_v1.0.1_HML-2_5p12
5p12	HG02809	pat	TypeI	1	HG02809_pat_hprc_r2_v1.0.1_HML-2_5p12
5p12	HG02818	mat	TypeI	1	HG02818_mat_hprc_r2_v1.0.1_HML-2_5p12
5p12	HG02818	pat	TypeI	1	HG02818_pat_hprc_r2_v1.0.1_HML-2_5p12
5p12	HG02841	mat	TypeI	1	HG02841_mat_hprc_r2_v1.0.1_HML-2_5p12
5p12	HG02841	pat	TypeI	1	HG02841_pat_hprc_r2_v1.0.1_HML-2_5p12
5p12	HG02886	mat	TypeI	1	HG02886_mat_hprc_r2_v1.0.1_HML-2_5p12
5p12	HG02886	pat	TypeI	1	HG02886_pat_hprc_r2_v1.0.1_HML-2_5p12
5p12	HG02922	h1	TypeI	1	HG02922_hap1_hprc_r2_v1.0.1_HML-2_5p12
5p12	HG02922	h2	TypeI	1	HG02922_hap2_hprc_r2_v1.0.1_HML-2_5p12
5p12	HG02953	h1	TypeI	1	HG02953_h1_HML-2_5p12_graph_hgsvc3-2024-02-23-mc-chm13
5p12	HG02953	h2	TypeI	1	HG02953_h2_HML-2_5p12_graph_hgsvc3-2024-02-23-mc-chm13
5p12	HG02965	h1	TypeI	1	HG02965_hap1_hprc_r2_v1.0.1_HML-2_5p12
5p12	HG02965	h2	TypeI	1	HG02965_hap2_hprc_r2_v1.0.1_HML-2_5p12
5p12	HG02976	h1	TypeI	1	HG02976_hap1_hprc_r2_v1.0.1_HML-2_5p12
5p12	HG02976	h2	TypeI	1	HG02976_hap2_hprc_r2_v1.0.1_HML-2_5p12
5p12	HG02984	mat	TypeI	1	HG02984_mat_hprc_r2_v1.0.1_HML-2_5p12
5p12	HG02984	pat	TypeI	1	HG02984_pat_hprc_r2_v1.0.1_HML-2_5p12
5p12	HG03009	h1	TypeI	1	HG03009_h1_HML-2_5p12_graph_hgsvc3-2024-02-23-mc-chm13
5p12	HG03009	h2	TypeI	1	HG03009_h2_HML-2_5p12_graph_hgsvc3-2024-02-23-mc-chm13
5p12	HG03017	mat	TypeI	1	HG03017_mat_hprc_r2_v1.0.1_HML-2_5p12
5p12	HG03017	pat	TypeI	1	HG03017_pat_hprc_r2_v1.0.1_HML-2_5p12
5p12	HG03041	mat	TypeI	1	HG03041_mat_hprc_r2_v1.0.1_HML-2_5p12
5p12	HG03041	pat	TypeI	1	HG03041_pat_hprc_r2_v1.0.1_HML-2_5p12
5p12	HG03050	mat	TypeI	1	HG03050_mat_hprc_r2_v1.0.1_HML-2_5p12
5p12	HG03050	pat	TypeI	1	HG03050_pat_hprc_r2_v1.0.1_HML-2_5p12
5p12	HG03065	h1	TypeI	1	HG03065_h1_HML-2_5p12_graph_hgsvc3-2024-02-23-mc-chm13
5p12	HG03065	h2	TypeI	1	HG03065_h2_HML-2_5p12_graph_hgsvc3-2024-02-23-mc-chm13
5p12	HG03098	mat	TypeI	1	HG03098_mat_hprc_r2_v1.0.1_HML-2_5p12
5p12	HG03098	pat	TypeI	1	HG03098_pat_hprc_r2_v1.0.1_HML-2_5p12
5p12	HG03130	h1	TypeI	1	HG03130_hap1_hprc_r2_v1.0.1_HML-2_5p12
5p12	HG03130	h2	TypeI	1	HG03130_hap2_hprc_r2_v1.0.1_HML-2_5p12
5p12	HG03139	h1	TypeI	1	HG03139_hap1_hprc_r2_v1.0.1_HML-2_5p12
5p12	HG03139	h2	TypeI	1	HG03139_hap2_hprc_r2_v1.0.1_HML-2_5p12
5p12	HG03195	h1	TypeI	1	HG03195_hap1_hprc_r2_v1.0.1_HML-2_5p12
5p12	HG03195	h2	TypeI	1	HG03195_hap2_hprc_r2_v1.0.1_HML-2_5p12
5p12	HG03209	h1	TypeI	1	HG03209_hap1_hprc_r2_v1.0.1_HML-2_5p12
5p12	HG03209	h2	TypeI	1	HG03209_hap2_hprc_r2_v1.0.1_HML-2_5p12
5p12	HG03225	h1	TypeI	1	HG03225_hap1_hprc_r2_v1.0.1_HML-2_5p12
5p12	HG03225	h2	TypeI	1	HG03225_hap2_hprc_r2_v1.0.1_HML-2_5p12
5p12	HG03239	mat	TypeI	1	HG03239_mat_hprc_r2_v1.0.1_HML-2_5p12
5p12	HG03239	pat	TypeI	1	HG03239_pat_hprc_r2_v1.0.1_HML-2_5p12
5p12	HG03248	h1	TypeI	1	HG03248_h1_HML-2_5p12_graph_hgsvc3-2024-02-23-mc-chm13
5p12	HG03248	h2	TypeI	1	HG03248_h2_HML-2_5p12_graph_hgsvc3-2024-02-23-mc-chm13
5p12	HG03270	h1	TypeI	1	HG03270_hap1_hprc_r2_v1.0.1_HML-2_5p12
5p12	HG03270	h2	TypeI	1	HG03270_hap2_hprc_r2_v1.0.1_HML-2_5p12
5p12	HG03369	h1	TypeI	1	HG03369_hap1_hprc_r2_v1.0.1_HML-2_5p12
5p12	HG03369	h2	TypeI	1	HG03369_hap2_hprc_r2_v1.0.1_HML-2_5p12
5p12	HG03371	h1	TypeI	1	HG03371_h1_HML-2_5p12_graph_hgsvc3-2024-02-23-mc-chm13
5p12	HG03371	h2	TypeI	1	HG03371_h2_HML-2_5p12_graph_hgsvc3-2024-02-23-mc-chm13
5p12	HG03452	h1	TypeI	1	HG03452_h1_HML-2_5p12_graph_hgsvc3-2024-02-23-mc-chm13
5p12	HG03452	h2	TypeI	1	HG03452_h2_HML-2_5p12_graph_hgsvc3-2024-02-23-mc-chm13
5p12	HG03453	mat	TypeI	1	HG03453_mat_hprc_r2_v1.0.1_HML-2_5p12
5p12	HG03453	pat	TypeI	1	HG03453_pat_hprc_r2_v1.0.1_HML-2_5p12
5p12	HG03456	h1	TypeI	1	HG03456_h1_HML-2_5p12_graph_hgsvc3-2024-02-23-mc-chm13
5p12	HG03456	h2	TypeI	1	HG03456_h2_HML-2_5p12_graph_hgsvc3-2024-02-23-mc-chm13
5p12	HG03470	h1	TypeI	1	HG03470_hap1_hprc_r2_v1.0.1_HML-2_5p12
5p12	HG03470	h2	TypeI	1	HG03470_hap2_hprc_r2_v1.0.1_HML-2_5p12
5p12	HG03471	h1	TypeI	1	HG03471_hap1_hprc_r2_v1.0.1_HML-2_5p12
5p12	HG03471	h2	TypeI	1	HG03471_hap2_hprc_r2_v1.0.1_HML-2_5p12
5p12	HG03486	mat	TypeI	1	HG03486_mat_hprc_r2_v1.0.1_HML-2_5p12
5p12	HG03486	pat	TypeI	1	HG03486_pat_hprc_r2_v1.0.1_HML-2_5p12
5p12	HG03516	mat	TypeI	1	HG03516_mat_hprc_r2_v1.1.0_HML-2_5p12
5p12	HG03516	pat	TypeI	1	HG03516_pat_hprc_r2_v1.1.0_HML-2_5p12
5p12	HG03520	h1	TypeI	1	HG03520_h1_HML-2_5p12_graph_hgsvc3-2024-02-23-mc-chm13
5p12	HG03520	h2	TypeI	1	HG03520_h2_HML-2_5p12_graph_hgsvc3-2024-02-23-mc-chm13
5p12	HG03521	h1	TypeI	1	HG03521_hap1_hprc_r2_v1.0.1_HML-2_5p12
5p12	HG03521	h2	TypeI	1	HG03521_hap2_hprc_r2_v1.0.1_HML-2_5p12
5p12	HG03540	mat	TypeI	1	HG03540_mat_hprc_r2_v1.0.1_HML-2_5p12
5p12	HG03540	pat	TypeI	1	HG03540_pat_hprc_r2_v1.0.1_HML-2_5p12
5p12	HG03579	mat	TypeI	1	HG03579_mat_hprc_r2_v1.0.1_HML-2_5p12
5p12	HG03579	pat	TypeI	1	HG03579_pat_hprc_r2_v1.0.1_HML-2_5p12
5p12	HG03583	h1	TypeI	1	HG03583_hap1_hprc_r2_v1.0.1_HML-2_5p12
5p12	HG03583	h2	TypeI	1	HG03583_hap2_hprc_r2_v1.0.1_HML-2_5p12
5p12	HG03654	mat	TypeI	1	HG03654_mat_hprc_r2_v1.0.1_HML-2_5p12
5p12	HG03654	pat	TypeI	1	HG03654_pat_hprc_r2_v1.0.1_HML-2_5p12
5p12	HG03669	mat	TypeI	1	HG03669_mat_hprc_r2_v1.0.1_HML-2_5p12
5p12	HG03669	pat	TypeI	1	HG03669_pat_hprc_r2_v1.0.1_HML-2_5p12
5p12	HG03683	h1	TypeI	1	HG03683_h1_HML-2_5p12_graph_hgsvc3-2024-02-23-mc-chm13
5p12	HG03683	h2	TypeI	1	HG03683_h2_HML-2_5p12_graph_hgsvc3-2024-02-23-mc-chm13
5p12	HG03688	mat	TypeI	1	HG03688_mat_hprc_r2_v1.0.1_HML-2_5p12
5p12	HG03688	pat	TypeI	1	HG03688_pat_hprc_r2_v1.0.1_HML-2_5p12
5p12	HG03704	mat	TypeI	1	HG03704_mat_hprc_r2_v1.0.1_HML-2_5p12
5p12	HG03704	pat	TypeI	1	HG03704_pat_hprc_r2_v1.0.1_HML-2_5p12
5p12	HG03710	mat	TypeI	1	HG03710_mat_hprc_r2_v1.0.1_HML-2_5p12
5p12	HG03710	pat	TypeI	1	HG03710_pat_hprc_r2_v1.0.1_HML-2_5p12
5p12	HG03732	h1	TypeI	1	HG03732_h1_HML-2_5p12_graph_hgsvc3-2024-02-23-mc-chm13
5p12	HG03732	h2	TypeI	1	HG03732_h2_HML-2_5p12_graph_hgsvc3-2024-02-23-mc-chm13
5p12	HG03742	h1	TypeI	1	HG03742_hap1_hprc_r2_v1.0.1_HML-2_5p12
5p12	HG03742	h2	TypeI	1	HG03742_hap2_hprc_r2_v1.0.1_HML-2_5p12
5p12	HG03784	h1	TypeI	1	HG03784_hap1_hprc_r2_v1.0.1_HML-2_5p12
5p12	HG03784	h2	TypeI	1	HG03784_hap2_hprc_r2_v1.0.1_HML-2_5p12
5p12	HG03804	mat	TypeI	1	HG03804_mat_hprc_r2_v1.0.1_HML-2_5p12
5p12	HG03804	pat	TypeI	1	HG03804_pat_hprc_r2_v1.0.1_HML-2_5p12
5p12	HG03807	h1	TypeI	1	HG03807_h1_HML-2_5p12_graph_hgsvc3-2024-02-23-mc-chm13
5p12	HG03807	h2	TypeI	1	HG03807_h2_HML-2_5p12_graph_hgsvc3-2024-02-23-mc-chm13
5p12	HG03816	mat	TypeI	1	HG03816_mat_hprc_r2_v1.0.1_HML-2_5p12
5p12	HG03816	pat	TypeI	1	HG03816_pat_hprc_r2_v1.0.1_HML-2_5p12
5p12	HG03831	mat	TypeI	1	HG03831_mat_hprc_r2_v1.0.1_HML-2_5p12
5p12	HG03831	pat	TypeI	1	HG03831_pat_hprc_r2_v1.0.1_HML-2_5p12
5p12	HG03834	mat	TypeI	1	HG03834_mat_hprc_r2_v1.0.1_HML-2_5p12
5p12	HG03834	pat	TypeI	1	HG03834_pat_hprc_r2_v1.0.1_HML-2_5p12
5p12	HG03874	h1	TypeI	1	HG03874_hap1_hprc_r2_v1.0.1_HML-2_5p12
5p12	HG03874	h2	TypeI	1	HG03874_hap2_hprc_r2_v1.0.1_HML-2_5p12
5p12	HG03927	mat	TypeI	1	HG03927_mat_hprc_r2_v1.0.1_HML-2_5p12
5p12	HG03927	pat	TypeI	1	HG03927_pat_hprc_r2_v1.0.1_HML-2_5p12
5p12	HG03942	mat	TypeI	1	HG03942_mat_hprc_r2_v1.0.1_HML-2_5p12
5p12	HG03942	pat	TypeI	1	HG03942_pat_hprc_r2_v1.0.1_HML-2_5p12
5p12	HG04036	h1	TypeI	1	HG04036_h1_HML-2_5p12_graph_hgsvc3-2024-02-23-mc-chm13
5p12	HG04036	h2	TypeI	1	HG04036_h2_HML-2_5p12_graph_hgsvc3-2024-02-23-mc-chm13
5p12	HG04115	mat	TypeI	1	HG04115_mat_hprc_r2_v1.0.1_HML-2_5p12
5p12	HG04115	pat	TypeI	1	HG04115_pat_hprc_r2_v1.0.1_HML-2_5p12
5p12	HG04157	mat	TypeI	1	HG04157_mat_hprc_r2_v1.0.1_HML-2_5p12
5p12	HG04157	pat	TypeI	1	HG04157_pat_hprc_r2_v1.0.1_HML-2_5p12
5p12	HG04160	mat	TypeI	1	HG04160_mat_hprc_r2_v1.0.1_HML-2_5p12
5p12	HG04160	pat	TypeI	1	HG04160_pat_hprc_r2_v1.0.1_HML-2_5p12
5p12	HG04184	mat	TypeI	1	HG04184_mat_hprc_r2_v1.0.1_HML-2_5p12
5p12	HG04184	pat	TypeI	1	HG04184_pat_hprc_r2_v1.0.1_HML-2_5p12
5p12	HG04187	mat	TypeI	1	HG04187_mat_hprc_r2_v1.0.1_HML-2_5p12
5p12	HG04187	pat	TypeI	1	HG04187_pat_hprc_r2_v1.0.1_HML-2_5p12
5p12	HG04199	mat	TypeI	1	HG04199_mat_hprc_r2_v1.0.1_HML-2_5p12
5p12	HG04199	pat	noncarrier	1	HG04199_pat_hprc_r2_v1.0.1_HML-2_5p12
5p12	HG04204	mat	TypeI	1	HG04204_mat_hprc_r2_v1.0.1_HML-2_5p12
5p12	HG04204	pat	TypeI	1	HG04204_pat_hprc_r2_v1.0.1_HML-2_5p12
5p12	HG04217	h1	TypeI	1	HG04217_h1_HML-2_5p12_graph_hgsvc3-2024-02-23-mc-chm13
5p12	HG04217	h2	TypeI	1	HG04217_h2_HML-2_5p12_graph_hgsvc3-2024-02-23-mc-chm13
5p12	HG04228	mat	TypeI	1	HG04228_mat_hprc_r2_v1.0.1_HML-2_5p12
5p12	HG04228	pat	TypeI	1	HG04228_pat_hprc_r2_v1.0.1_HML-2_5p12
5p12	HG06807	mat	TypeI	1	HG06807_mat_v1.0.genbank_HML-2_5p12
5p12	HG06807	pat	TypeI	1	HG06807_pat_v1.0.genbank_HML-2_5p12
5p12	NA12329	h1	TypeI	1	NA12329_h1_HML-2_5p12_graph_hgsvc3-2024-02-23-mc-chm13
5p12	NA12329	h2	TypeI	1	NA12329_h2_HML-2_5p12_graph_hgsvc3-2024-02-23-mc-chm13
5p12	NA18505	h1	TypeI	1	NA18505_hap1_hprc_r2_v1.0.1_HML-2_5p12
5p12	NA18505	h2	TypeI	1	NA18505_hap2_hprc_r2_v1.0.1_HML-2_5p12
5p12	NA18508	h1	TypeI	1	NA18508_hap1_hprc_r2_v1.0.1_HML-2_5p12
5p12	NA18508	h2	TypeI	1	NA18508_hap2_hprc_r2_v1.0.1_HML-2_5p12
5p12	NA18522	h1	TypeI	1	NA18522_hap1_hprc_r2_v1.0.1_HML-2_5p12
5p12	NA18522	h2	TypeI	1	NA18522_hap2_hprc_r2_v1.0.1_HML-2_5p12
5p12	NA18534	h1	TypeI	1	NA18534_h1_HML-2_5p12_graph_hgsvc3-2024-02-23-mc-chm13
5p12	NA18534	h2	TypeI	1	NA18534_h2_HML-2_5p12_graph_hgsvc3-2024-02-23-mc-chm13
5p12	NA18565	h1	TypeI	1	NA18565_hap1_hprc_r2_v1.0.1_HML-2_5p12
5p12	NA18565	h2	TypeI	1	NA18565_hap2_hprc_r2_v1.0.1_HML-2_5p12
5p12	NA18570	h1	TypeI	1	NA18570_hap1_hprc_r2_v1.0.1_HML-2_5p12
5p12	NA18570	h2	TypeI	1	NA18570_hap2_hprc_r2_v1.0.1_HML-2_5p12
5p12	NA18608	h1	TypeI	1	NA18608_hap1_hprc_r2_v1.0.1_HML-2_5p12
5p12	NA18608	h2	TypeI	1	NA18608_hap2_hprc_r2_v1.0.1_HML-2_5p12
5p12	NA18620	h1	TypeI	1	NA18620_hap1_hprc_r2_v1.0.1_HML-2_5p12
5p12	NA18620	h2	TypeI	1	NA18620_hap2_hprc_r2_v1.0.1_HML-2_5p12
5p12	NA18747	h1	TypeI	1	NA18747_hap1_hprc_r2_v1.0.1_HML-2_5p12
5p12	NA18747	h2	TypeI	1	NA18747_hap2_hprc_r2_v1.0.1_HML-2_5p12
5p12	NA18879	h1	TypeI	1	NA18879_hap1_hprc_r2_v1.0.1_HML-2_5p12
5p12	NA18879	h2	TypeI	1	NA18879_hap2_hprc_r2_v1.0.1_HML-2_5p12
5p12	NA18906	mat	TypeI	1	NA18906_mat_hprc_r2_v1.0.1_HML-2_5p12
5p12	NA18906	pat	TypeI	1	NA18906_pat_hprc_r2_v1.0.1_HML-2_5p12
5p12	NA18939	h1	TypeI	1	NA18939_h1_HML-2_5p12_graph_hgsvc3-2024-02-23-mc-chm13
5p12	NA18939	h2	TypeI	1	NA18939_h2_HML-2_5p12_graph_hgsvc3-2024-02-23-mc-chm13
5p12	NA18940	h1	TypeI	1	NA18940_hap1_hprc_r2_v1.0.1_HML-2_5p12
5p12	NA18940	h2	TypeI	1	NA18940_hap2_hprc_r2_v1.0.1_HML-2_5p12
5p12	NA18943	h1	TypeI	1	NA18943_hap1_hprc_r2_v1.0.1_HML-2_5p12
5p12	NA18943	h2	TypeI	1	NA18943_hap2_hprc_r2_v1.0.1_HML-2_5p12
5p12	NA18944	h1	TypeI	1	NA18944_hap1_hprc_r2_v1.0.1_HML-2_5p12
5p12	NA18944	h2	TypeI	1	NA18944_hap2_hprc_r2_v1.0.1_HML-2_5p12
5p12	NA18945	h1	TypeI	1	NA18945_hap1_hprc_r2_v1.0.1_HML-2_5p12
5p12	NA18945	h2	TypeI	1	NA18945_hap2_hprc_r2_v1.0.1_HML-2_5p12
5p12	NA18948	h1	TypeI	1	NA18948_hap1_hprc_r2_v1.0.1_HML-2_5p12
5p12	NA18948	h2	TypeI	1	NA18948_hap2_hprc_r2_v1.0.1_HML-2_5p12
5p12	NA18952	h1	TypeI	1	NA18952_hap1_hprc_r2_v1.0.1_HML-2_5p12
5p12	NA18952	h2	TypeI	1	NA18952_hap2_hprc_r2_v1.0.1_HML-2_5p12
5p12	NA18959	h1	TypeI	1	NA18959_hap1_hprc_r2_v1.0.1_HML-2_5p12
5p12	NA18959	h2	TypeI	1	NA18959_hap2_hprc_r2_v1.0.1_HML-2_5p12
5p12	NA18960	h1	TypeI	1	NA18960_hap1_hprc_r2_v1.0.1_HML-2_5p12
5p12	NA18960	h2	TypeI	1	NA18960_hap2_hprc_r2_v1.0.1_HML-2_5p12
5p12	NA18967	h1	TypeI	1	NA18967_hap1_hprc_r2_v1.0.1_HML-2_5p12
5p12	NA18967	h2	TypeI	1	NA18967_hap2_hprc_r2_v1.0.1_HML-2_5p12
5p12	NA18970	h1	TypeI	1	NA18970_hap1_hprc_r2_v1.0.1_HML-2_5p12
5p12	NA18970	h2	TypeI	1	NA18970_hap2_hprc_r2_v1.0.1_HML-2_5p12
5p12	NA18971	h1	TypeI	1	NA18971_hap1_hprc_r2_v1.0.1_HML-2_5p12
5p12	NA18971	h2	TypeI	1	NA18971_hap2_hprc_r2_v1.0.1_HML-2_5p12
5p12	NA18974	h1	TypeI	1	NA18974_hap1_hprc_r2_v1.0.1_HML-2_5p12
5p12	NA18974	h2	TypeI	1	NA18974_hap2_hprc_r2_v1.0.1_HML-2_5p12
5p12	NA18976	h1	TypeI	1	NA18976_hap1_hprc_r2_v1.0.1_HML-2_5p12
5p12	NA18976	h2	TypeI	1	NA18976_hap2_hprc_r2_v1.0.1_HML-2_5p12
5p12	NA18982	h1	TypeI	1	NA18982_hap1_hprc_r2_v1.0.1_HML-2_5p12
5p12	NA18982	h2	TypeI	1	NA18982_hap2_hprc_r2_v1.0.1_HML-2_5p12
5p12	NA18983	h1	TypeI	1	NA18983_hap1_hprc_r2_v1.0.1_HML-2_5p12
5p12	NA18983	h2	TypeI	1	NA18983_hap2_hprc_r2_v1.0.1_HML-2_5p12
5p12	NA18989	h1	TypeI	1	NA18989_h1_HML-2_5p12_graph_hgsvc3-2024-02-23-mc-chm13
5p12	NA18989	h2	TypeI	1	NA18989_h2_HML-2_5p12_graph_hgsvc3-2024-02-23-mc-chm13
5p12	NA19036	h1	TypeI	1	NA19036_hap1_hprc_r2_v1.0.1_HML-2_5p12
5p12	NA19036	h2	TypeI	1	NA19036_hap2_hprc_r2_v1.0.1_HML-2_5p12
5p12	NA19043	h1	TypeI	1	NA19043_hap1_hprc_r2_v1.0.1_HML-2_5p12
5p12	NA19043	h2	TypeI	1	NA19043_hap2_hprc_r2_v1.0.1_HML-2_5p12
5p12	NA19087	h1	TypeI	1	NA19087_hap1_hprc_r2_v1.0.1_HML-2_5p12
5p12	NA19087	h2	TypeI	1	NA19087_hap2_hprc_r2_v1.0.1_HML-2_5p12
5p12	NA19129	h1	TypeI	1	NA19129_h1_HML-2_5p12_graph_hgsvc3-2024-02-23-mc-chm13
5p12	NA19129	h2	TypeI	1	NA19129_h2_HML-2_5p12_graph_hgsvc3-2024-02-23-mc-chm13
5p12	NA19159	h1	TypeI	1	NA19159_hap1_hprc_r2_v1.0.1_HML-2_5p12
5p12	NA19159	h2	TypeI	1	NA19159_hap2_hprc_r2_v1.0.1_HML-2_5p12
5p12	NA19185	h1	TypeI	1	NA19185_hap1_hprc_r2_v1.0.1_HML-2_5p12
5p12	NA19185	h2	TypeI	1	NA19185_hap2_hprc_r2_v1.0.1_HML-2_5p12
5p12	NA19238	h1	TypeI	1	NA19238_h1_HML-2_5p12_graph_hgsvc3-2024-02-23-mc-chm13
5p12	NA19238	h2	TypeI	1	NA19238_h2_HML-2_5p12_graph_hgsvc3-2024-02-23-mc-chm13
5p12	NA19239	h1	TypeI	1	NA19239_h1_HML-2_5p12_graph_hgsvc3-2024-02-23-mc-chm13
5p12	NA19239	h2	TypeI	1	NA19239_h2_HML-2_5p12_graph_hgsvc3-2024-02-23-mc-chm13
5p12	NA19240	mat	TypeI	1	NA19240_mat_hprc_r2_v1.0.1_HML-2_5p12
5p12	NA19240	pat	TypeI	1	NA19240_pat_hprc_r2_v1.0.1_HML-2_5p12
5p12	NA19317	h1	technical_record	1	NA19317_h1_HML-2_5p12_placeholder
5p12	NA19317	h2	TypeI	1	NA19317_h2_HML-2_5p12_graph_hgsvc3-2024-02-23-mc-chm13
5p12	NA19331	h1	TypeI	1	NA19331_h1_HML-2_5p12_graph_hgsvc3-2024-02-23-mc-chm13_DEGRADED_KCON_9692
5p12	NA19331	h2	TypeI	1	NA19331_h2_HML-2_5p12_graph_hgsvc3-2024-02-23-mc-chm13
5p12	NA19338	h1	TypeI	1	NA19338_hap1_hprc_r2_v1.0.1_HML-2_5p12
5p12	NA19338	h2	TypeI	1	NA19338_hap2_hprc_r2_v1.0.1_HML-2_5p12
5p12	NA19347	h1	technical_record	1	NA19347_h1_HML-2_5p12_placeholder
5p12	NA19347	h2	TypeI	1	NA19347_h2_HML-2_5p12_graph_hgsvc3-2024-02-23-mc-chm13
5p12	NA19384	h1	TypeI	1	NA19384_h1_HML-2_5p12_graph_hgsvc3-2024-02-23-mc-chm13
5p12	NA19384	h2	TypeI	1	NA19384_h2_HML-2_5p12_graph_hgsvc3-2024-02-23-mc-chm13
5p12	NA19391	h1	TypeI	1	NA19391_hap1_hprc_r2_v1.0.1_HML-2_5p12
5p12	NA19391	h2	TypeI	1	NA19391_hap2_hprc_r2_v1.0.1_HML-2_5p12
5p12	NA19434	h1	TypeI	1	NA19434_h1_HML-2_5p12_graph_hgsvc3-2024-02-23-mc-chm13
5p12	NA19434	h2	TypeI	1	NA19434_h2_HML-2_5p12_graph_hgsvc3-2024-02-23-mc-chm13
5p12	NA19443	h1	TypeI	1	NA19443_hap1_hprc_r2_v1.0.1_HML-2_5p12
5p12	NA19443	h2	TypeI	1	NA19443_hap2_hprc_r2_v1.0.1_HML-2_5p12
5p12	NA19468	h1	TypeI	1	NA19468_hap1_hprc_r2_v1.0.1_HML-2_5p12
5p12	NA19468	h2	TypeI	1	NA19468_hap2_hprc_r2_v1.0.1_HML-2_5p12
5p12	NA19650	h1	TypeI	1	NA19650_h1_HML-2_5p12_graph_hgsvc3-2024-02-23-mc-chm13
5p12	NA19650	h2	TypeI	1	NA19650_h2_HML-2_5p12_graph_hgsvc3-2024-02-23-mc-chm13
5p12	NA19682	h1	TypeI	1	NA19682_hap1_hprc_r2_v1.0.1_HML-2_5p12
5p12	NA19682	h2	TypeI	1	NA19682_hap2_hprc_r2_v1.0.1_HML-2_5p12
5p12	NA19700	h1	TypeI	1	NA19700_hap1_hprc_r2_v1.0.1_HML-2_5p12
5p12	NA19700	h2	TypeI	1	NA19700_hap2_hprc_r2_v1.0.1_HML-2_5p12
5p12	NA19705	h1	TypeI	1	NA19705_h1_HML-2_5p12_graph_hgsvc3-2024-02-23-mc-chm13
5p12	NA19705	h2	TypeI	1	NA19705_h2_HML-2_5p12_graph_hgsvc3-2024-02-23-mc-chm13
5p12	NA19776	h1	TypeI	1	NA19776_hap1_hprc_r2_v1.0.1_HML-2_5p12
5p12	NA19776	h2	TypeI	1	NA19776_hap2_hprc_r2_v1.0.1_HML-2_5p12
5p12	NA19835	h1	TypeI	1	NA19835_hap1_hprc_r2_v1.0.1_HML-2_5p12
5p12	NA19835	h2	TypeI	1	NA19835_hap2_hprc_r2_v1.0.1_HML-2_5p12
5p12	NA19836	h1	TypeI	1	NA19836_h1_HML-2_5p12_graph_hgsvc3-2024-02-23-mc-chm13
5p12	NA19836	h2	TypeI	1	NA19836_h2_HML-2_5p12_graph_hgsvc3-2024-02-23-mc-chm13
5p12	NA19909	h1	TypeI	1	NA19909_hap1_hprc_r2_v1.0.1_HML-2_5p12
5p12	NA19909	h2	TypeI	1	NA19909_hap2_hprc_r2_v1.0.1_HML-2_5p12
5p12	NA19983	h1	TypeI	1	NA19983_h1_HML-2_5p12_graph_hgsvc3-2024-02-23-mc-chm13
5p12	NA19983	h2	TypeI	1	NA19983_h2_HML-2_5p12_graph_hgsvc3-2024-02-23-mc-chm13
5p12	NA20129	mat	TypeI	1	NA20129_mat_hprc_r2_v1.0.1_HML-2_5p12
5p12	NA20129	pat	TypeI	1	NA20129_pat_hprc_r2_v1.0.1_HML-2_5p12
5p12	NA20282	h1	TypeI	1	NA20282_hap1_hprc_r2_v1.0.1_HML-2_5p12
5p12	NA20282	h2	TypeI	1	NA20282_hap2_hprc_r2_v1.0.1_HML-2_5p12
5p12	NA20346	h1	TypeI	1	NA20346_hap1_hprc_r2_v1.0.1_HML-2_5p12
5p12	NA20346	h2	TypeI	1	NA20346_hap2_hprc_r2_v1.0.1_HML-2_5p12
5p12	NA20355	h1	TypeI	1	NA20355_h1_HML-2_5p12_graph_hgsvc3-2024-02-23-mc-chm13
5p12	NA20355	h2	TypeI	1	NA20355_h2_HML-2_5p12_graph_hgsvc3-2024-02-23-mc-chm13
5p12	NA20503	h1	TypeI	1	NA20503_hap1_hprc_r2_v1.0.1_HML-2_5p12
5p12	NA20503	h2	TypeI	1	NA20503_hap2_hprc_r2_v1.0.1_HML-2_5p12
5p12	NA20509	h1	TypeI	1	NA20509_h1_HML-2_5p12_graph_hgsvc3-2024-02-23-mc-chm13
5p12	NA20509	h2	TypeI	1	NA20509_h2_HML-2_5p12_graph_hgsvc3-2024-02-23-mc-chm13
5p12	NA20752	h1	TypeI	1	NA20752_hap1_hprc_r2_v1.0.1_HML-2_5p12
5p12	NA20752	h2	TypeI	1	NA20752_hap2_hprc_r2_v1.0.1_HML-2_5p12
5p12	NA20762	h1	TypeI	1	NA20762_hap1_hprc_r2_v1.0.1_HML-2_5p12
5p12	NA20762	h2	TypeI	1	NA20762_hap2_hprc_r2_v1.0.1_HML-2_5p12
5p12	NA20799	h1	TypeI	1	NA20799_hap1_hprc_r2_v1.0.1_HML-2_5p12
5p12	NA20799	h2	TypeI	1	NA20799_hap2_hprc_r2_v1.0.1_HML-2_5p12
5p12	NA20805	h1	TypeI	1	NA20805_hap1_hprc_r2_v1.0.1_HML-2_5p12
5p12	NA20805	h2	TypeI	1	NA20805_hap2_hprc_r2_v1.0.1_HML-2_5p12
5p12	NA20806	h1	TypeI	1	NA20806_hap1_hprc_r2_v1.0.1_HML-2_5p12
5p12	NA20806	h2	TypeI	1	NA20806_hap2_hprc_r2_v1.0.1_HML-2_5p12
5p12	NA20809	h1	TypeI	1	NA20809_hap1_hprc_r2_v1.0.1_HML-2_5p12
5p12	NA20809	h2	TypeI	1	NA20809_hap2_hprc_r2_v1.0.1_HML-2_5p12
5p12	NA20827	h1	TypeI	1	NA20827_hap1_hprc_r2_v1.0.1_HML-2_5p12
5p12	NA20827	h2	TypeI	1	NA20827_hap2_hprc_r2_v1.0.1_HML-2_5p12
5p12	NA20847	h1	TypeI	1	NA20847_h1_HML-2_5p12_graph_hgsvc3-2024-02-23-mc-chm13
5p12	NA20847	h2	TypeI	1	NA20847_h2_HML-2_5p12_graph_hgsvc3-2024-02-23-mc-chm13
5p12	NA20850	h1	TypeI	1	NA20850_hap1_hprc_r2_v1.0.1_HML-2_5p12
5p12	NA20850	h2	TypeI	1	NA20850_hap2_hprc_r2_v1.0.1_HML-2_5p12
5p12	NA20870	h1	TypeI	1	NA20870_hap1_hprc_r2_v1.0.1_HML-2_5p12
5p12	NA20870	h2	TypeI	1	NA20870_hap2_hprc_r2_v1.0.1_HML-2_5p12
5p12	NA20905	h1	TypeI	1	NA20905_hap1_hprc_r2_v1.0.1_HML-2_5p12
5p12	NA20905	h2	TypeI	1	NA20905_hap2_hprc_r2_v1.0.1_HML-2_5p12
5p12	NA21093	h1	TypeI	1	NA21093_hap1_hprc_r2_v1.0.1_HML-2_5p12
5p12	NA21093	h2	TypeI	1	NA21093_hap2_hprc_r2_v1.0.1_HML-2_5p12
5p12	NA21102	h1	TypeI	1	NA21102_hap1_hprc_r2_v1.0.1_HML-2_5p12
5p12	NA21102	h2	TypeI	1	NA21102_hap2_hprc_r2_v1.0.1_HML-2_5p12
5p12	NA21106	h1	TypeI	1	NA21106_hap1_hprc_r2_v1.0.1_HML-2_5p12
5p12	NA21106	h2	TypeI	1	NA21106_hap2_hprc_r2_v1.0.1_HML-2_5p12
5p12	NA21110	h1	TypeI	1	NA21110_hap1_hprc_r2_v1.0.1_HML-2_5p12
5p12	NA21110	h2	TypeI	1	NA21110_hap2_hprc_r2_v1.0.1_HML-2_5p12
5p12	NA21144	h1	TypeI	1	NA21144_hap1_hprc_r2_v1.0.1_HML-2_5p12
5p12	NA21144	h2	TypeI	1	NA21144_hap2_hprc_r2_v1.0.1_HML-2_5p12
5p12	NA21309	mat	TypeI	1	NA21309_mat_hprc_r2_v1.0.1_HML-2_5p12
5p12	NA21309	pat	TypeI	1	NA21309_pat_hprc_r2_v1.0.1_HML-2_5p12
5p12	NA21487	h1	TypeI	1	NA21487_h1_HML-2_5p12_graph_hgsvc3-2024-02-23-mc-chm13
5p12	NA21487	h2	TypeI	1	NA21487_h2_HML-2_5p12_graph_hgsvc3-2024-02-23-mc-chm13
5p12	NA24385	h1	TypeI	1	NA24385_h1_HML-2_5p12_graph_hgsvc3-2024-02-23-mc-chm13
5p12	NA24385	h2	TypeI	1	NA24385_h2_HML-2_5p12_graph_hgsvc3-2024-02-23-mc-chm13
5q33.3	HG00096	h1	TypeI	1	HG00096_h1_HML-2_5q33.3_graph_hgsvc3-2024-02-23-mc-chm13
5q33.3	HG00096	h2	TypeI	1	HG00096_h2_HML-2_5q33.3_graph_hgsvc3-2024-02-23-mc-chm13
5q33.3	HG00097	h1	TypeI	1	HG00097_hap1_hprc_r2_v1.0.1_HML-2_5q33.3
5q33.3	HG00097	h2	TypeI	1	HG00097_hap2_hprc_r2_v1.0.1_HML-2_5q33.3
5q33.3	HG00099	h1	TypeI	1	HG00099_hap1_hprc_r2_v1.0.1_HML-2_5q33.3
5q33.3	HG00099	h2	TypeI	1	HG00099_hap2_hprc_r2_v1.0.1_HML-2_5q33.3
5q33.3	HG00126	h1	TypeI	1	HG00126_hap1_hprc_r2_v1.0.1_HML-2_5q33.3
5q33.3	HG00126	h2	solo_LTR	1	HG00126_hap2_hprc_r2_v1.0.1_HML-2_5q33.3
5q33.3	HG00128	h1	TypeI	1	HG00128_hap1_hprc_r2_v1.0.1_HML-2_5q33.3
5q33.3	HG00128	h2	TypeI	1	HG00128_hap2_hprc_r2_v1.0.1_HML-2_5q33.3
5q33.3	HG00133	h1	TypeI	1	HG00133_hap1_hprc_r2_v1.0.1_HML-2_5q33.3
5q33.3	HG00133	h2	TypeI	1	HG00133_hap2_hprc_r2_v1.0.1_HML-2_5q33.3
5q33.3	HG00140	h1	TypeI	1	HG00140_hap1_hprc_r2_v1.0.1_HML-2_5q33.3
5q33.3	HG00140	h2	TypeI	1	HG00140_hap2_hprc_r2_v1.0.1_HML-2_5q33.3
5q33.3	HG00146	h1	TypeI	1	HG00146_hap1_hprc_r2_v1.0.1_HML-2_5q33.3
5q33.3	HG00146	h2	TypeI	1	HG00146_hap2_hprc_r2_v1.0.1_HML-2_5q33.3
5q33.3	HG00171	h1	TypeI	1	HG00171_h1_HML-2_5q33.3_graph_hgsvc3-2024-02-23-mc-chm13
5q33.3	HG00171	h2	TypeI	1	HG00171_h2_HML-2_5q33.3_graph_hgsvc3-2024-02-23-mc-chm13
5q33.3	HG00232	h1	TypeI	1	HG00232_hap1_hprc_r2_v1.0.1_HML-2_5q33.3
5q33.3	HG00232	h2	TypeI	1	HG00232_hap2_hprc_r2_v1.0.1_HML-2_5q33.3
5q33.3	HG00235	h1	solo_LTR	1	HG00235_hap1_hprc_r2_v1.0.1_HML-2_5q33.3
5q33.3	HG00235	h2	TypeI	1	HG00235_hap2_hprc_r2_v1.0.1_HML-2_5q33.3
5q33.3	HG00253	h1	TypeI	1	HG00253_hap1_hprc_r2_v1.0.1_HML-2_5q33.3
5q33.3	HG00253	h2	TypeI	1	HG00253_hap2_hprc_r2_v1.0.1_HML-2_5q33.3
5q33.3	HG00268	h1	TypeI	1	HG00268_h1_HML-2_5q33.3_graph_hgsvc3-2024-02-23-mc-chm13
5q33.3	HG00268	h2	TypeI	1	HG00268_h2_HML-2_5q33.3_graph_hgsvc3-2024-02-23-mc-chm13
5q33.3	HG00272	h1	TypeI	1	HG00272_hap1_hprc_r2_v1.0.1_HML-2_5q33.3
5q33.3	HG00272	h2	TypeI	1	HG00272_hap2_hprc_r2_v1.0.1_HML-2_5q33.3
5q33.3	HG00280	h1	TypeI	1	HG00280_hap1_hprc_r2_v1.0.1_HML-2_5q33.3
5q33.3	HG00280	h2	TypeI	1	HG00280_hap2_hprc_r2_v1.0.1_HML-2_5q33.3
5q33.3	HG00290	h1	TypeI	1	HG00290_hap1_hprc_r2_v1.0.1_HML-2_5q33.3
5q33.3	HG00290	h2	TypeI	3	HG00290_hap2_hprc_r2_v1.0.1_HML-2_5q33.3_MULTI_part1|HG00290_hap2_hprc_r2_v1.0.1_HML-2_5q33.3_MULTI_part2|HG00290_hap2_hprc_r2_v1.0.1_HML-2_5q33.3_MULTI_part3
5q33.3	HG00320	h1	TypeI	1	HG00320_hap1_hprc_r2_v1.0.1_HML-2_5q33.3
5q33.3	HG00320	h2	TypeI	1	HG00320_hap2_hprc_r2_v1.0.1_HML-2_5q33.3
5q33.3	HG00321	h1	solo_LTR	1	HG00321_hap1_hprc_r2_v1.0.1_HML-2_5q33.3
5q33.3	HG00321	h2	TypeI	1	HG00321_hap2_hprc_r2_v1.0.1_HML-2_5q33.3
5q33.3	HG00323	h1	TypeI	1	HG00323_hap1_hprc_r2_v1.0.1_HML-2_5q33.3
5q33.3	HG00323	h2	TypeI	1	HG00323_hap2_hprc_r2_v1.0.1_HML-2_5q33.3
5q33.3	HG00329	h1	TypeI	1	HG00329_hap1_hprc_r2_v1.0.1_HML-2_5q33.3
5q33.3	HG00329	h2	TypeI	1	HG00329_hap2_hprc_r2_v1.0.1_HML-2_5q33.3
5q33.3	HG00344	h1	TypeI	1	HG00344_hap1_hprc_r2_v1.0.1_HML-2_5q33.3
5q33.3	HG00344	h2	TypeI	1	HG00344_hap2_hprc_r2_v1.0.1_HML-2_5q33.3
5q33.3	HG00350	h1	TypeI	1	HG00350_hap1_hprc_r2_v1.0.1_HML-2_5q33.3
5q33.3	HG00350	h2	TypeI	1	HG00350_hap2_hprc_r2_v1.0.1_HML-2_5q33.3
5q33.3	HG00358	h1	TypeI	1	HG00358_h1_HML-2_5q33.3_graph_hgsvc3-2024-02-23-mc-chm13
5q33.3	HG00358	h2	TypeI	1	HG00358_h2_HML-2_5q33.3_graph_hgsvc3-2024-02-23-mc-chm13
5q33.3	HG00408	mat	TypeI	1	HG00408_mat_hprc_r2_v1.0.1_HML-2_5q33.3
5q33.3	HG00408	pat	TypeI	1	HG00408_pat_hprc_r2_v1.0.1_HML-2_5q33.3
5q33.3	HG00423	mat	TypeI	1	HG00423_mat_hprc_r2_v1.0.1_HML-2_5q33.3
5q33.3	HG00423	pat	TypeI	1	HG00423_pat_hprc_r2_v1.0.1_HML-2_5q33.3
5q33.3	HG00438	mat	TypeI	1	HG00438_mat_hprc_r2_v1.0.1_HML-2_5q33.3
5q33.3	HG00438	pat	TypeI	1	HG00438_pat_hprc_r2_v1.0.1_HML-2_5q33.3
5q33.3	HG005	mat	TypeI	1	HG005_mat_hprc_r2_v1.0.1_HML-2_5q33.3
5q33.3	HG005	pat	TypeI	1	HG005_pat_hprc_r2_v1.0.1_HML-2_5q33.3
5q33.3	HG00512	h1	TypeI	1	HG00512_h1_HML-2_5q33.3_graph_hgsvc3-2024-02-23-mc-chm13
5q33.3	HG00512	h2	TypeI	1	HG00512_h2_HML-2_5q33.3_graph_hgsvc3-2024-02-23-mc-chm13
5q33.3	HG00513	h1	TypeI	1	HG00513_h1_HML-2_5q33.3_graph_hgsvc3-2024-02-23-mc-chm13
5q33.3	HG00513	h2	TypeI	1	HG00513_h2_HML-2_5q33.3_graph_hgsvc3-2024-02-23-mc-chm13
5q33.3	HG00514	h1	TypeI	1	HG00514_h1_HML-2_5q33.3_graph_hgsvc3-2024-02-23-mc-chm13
5q33.3	HG00514	h2	TypeI	1	HG00514_h2_HML-2_5q33.3_graph_hgsvc3-2024-02-23-mc-chm13
5q33.3	HG00544	mat	TypeI	1	HG00544_mat_hprc_r2_v1.0.1_HML-2_5q33.3
5q33.3	HG00544	pat	TypeI	1	HG00544_pat_hprc_r2_v1.0.1_HML-2_5q33.3
5q33.3	HG00558	mat	TypeI	1	HG00558_mat_hprc_r2_v1.0.1_HML-2_5q33.3
5q33.3	HG00558	pat	TypeI	1	HG00558_pat_hprc_r2_v1.0.1_HML-2_5q33.3
5q33.3	HG00597	mat	TypeI	1	HG00597_mat_hprc_r2_v1.0.1_HML-2_5q33.3
5q33.3	HG00597	pat	TypeI	1	HG00597_pat_hprc_r2_v1.0.1_HML-2_5q33.3
5q33.3	HG00609	mat	TypeI	1	HG00609_mat_hprc_r2_v1.0.1_HML-2_5q33.3
5q33.3	HG00609	pat	TypeI	1	HG00609_pat_hprc_r2_v1.0.1_HML-2_5q33.3
5q33.3	HG00621	mat	TypeI	1	HG00621_mat_hprc_r2_v1.0.1_HML-2_5q33.3
5q33.3	HG00621	pat	TypeI	1	HG00621_pat_hprc_r2_v1.0.1_HML-2_5q33.3
5q33.3	HG00639	mat	TypeI	1	HG00639_mat_hprc_r2_v1.0.1_HML-2_5q33.3
5q33.3	HG00639	pat	TypeI	1	HG00639_pat_hprc_r2_v1.0.1_HML-2_5q33.3
5q33.3	HG00642	mat	TypeI	1	HG00642_mat_hprc_r2_v1.0.1_HML-2_5q33.3
5q33.3	HG00642	pat	TypeI	1	HG00642_pat_hprc_r2_v1.0.1_HML-2_5q33.3
5q33.3	HG00658	mat	TypeI	1	HG00658_mat_hprc_r2_v1.0.1_HML-2_5q33.3
5q33.3	HG00658	pat	TypeI	1	HG00658_pat_hprc_r2_v1.0.1_HML-2_5q33.3
5q33.3	HG00673	mat	TypeI	1	HG00673_mat_hprc_r2_v1.0.1_HML-2_5q33.3
5q33.3	HG00673	pat	TypeI	1	HG00673_pat_hprc_r2_v1.0.1_HML-2_5q33.3
5q33.3	HG00706	mat	TypeI	1	HG00706_mat_hprc_r2_v1.0.1_HML-2_5q33.3
5q33.3	HG00706	pat	TypeI	1	HG00706_pat_hprc_r2_v1.0.1_HML-2_5q33.3
5q33.3	HG00731	h1	TypeI	1	HG00731_h1_HML-2_5q33.3_graph_hgsvc3-2024-02-23-mc-chm13
5q33.3	HG00731	h2	TypeI	1	HG00731_h2_HML-2_5q33.3_graph_hgsvc3-2024-02-23-mc-chm13
5q33.3	HG00732	h1	TypeI	1	HG00732_h1_HML-2_5q33.3_graph_hgsvc3-2024-02-23-mc-chm13
5q33.3	HG00732	h2	TypeI	1	HG00732_h2_HML-2_5q33.3_graph_hgsvc3-2024-02-23-mc-chm13
5q33.3	HG00733	mat	TypeI	1	HG00733_mat_hprc_r2_v1.0.1_HML-2_5q33.3
5q33.3	HG00733	pat	TypeI	1	HG00733_pat_hprc_r2_v1.0.1_HML-2_5q33.3
5q33.3	HG00735	mat	TypeI	1	HG00735_mat_hprc_r2_v1.0.1_HML-2_5q33.3
5q33.3	HG00735	pat	TypeI	1	HG00735_pat_hprc_r2_v1.0.1_HML-2_5q33.3
5q33.3	HG00738	mat	TypeI	1	HG00738_mat_hprc_r2_v1.0.1_HML-2_5q33.3
5q33.3	HG00738	pat	TypeI	1	HG00738_pat_hprc_r2_v1.0.1_HML-2_5q33.3
5q33.3	HG00741	mat	TypeI	1	HG00741_mat_hprc_r2_v1.0.1_HML-2_5q33.3
5q33.3	HG00741	pat	TypeI	1	HG00741_pat_hprc_r2_v1.0.1_HML-2_5q33.3
5q33.3	HG00864	h1	TypeI	1	HG00864_h1_HML-2_5q33.3_graph_hgsvc3-2024-02-23-mc-chm13
5q33.3	HG00864	h2	TypeI	1	HG00864_h2_HML-2_5q33.3_graph_hgsvc3-2024-02-23-mc-chm13
5q33.3	HG01071	mat	TypeI	1	HG01071_mat_hprc_r2_v1.0.1_HML-2_5q33.3
5q33.3	HG01071	pat	TypeI	1	HG01071_pat_hprc_r2_v1.0.1_HML-2_5q33.3
5q33.3	HG01074	mat	TypeI	1	HG01074_mat_hprc_r2_v1.0.1_HML-2_5q33.3
5q33.3	HG01074	pat	TypeI	1	HG01074_pat_hprc_r2_v1.0.1_HML-2_5q33.3
5q33.3	HG01081	mat	TypeI	1	HG01081_mat_hprc_r2_v1.0.1_HML-2_5q33.3
5q33.3	HG01081	pat	TypeI	1	HG01081_pat_hprc_r2_v1.0.1_HML-2_5q33.3
5q33.3	HG01099	mat	TypeI	1	HG01099_mat_hprc_r2_v1.0.1_HML-2_5q33.3
5q33.3	HG01099	pat	TypeI	1	HG01099_pat_hprc_r2_v1.0.1_HML-2_5q33.3
5q33.3	HG01106	mat	TypeI	1	HG01106_mat_hprc_r2_v1.0.1_HML-2_5q33.3
5q33.3	HG01106	pat	TypeI	1	HG01106_pat_hprc_r2_v1.0.1_HML-2_5q33.3
5q33.3	HG01109	mat	TypeI	1	HG01109_mat_hprc_r2_v1.0.1_HML-2_5q33.3
5q33.3	HG01109	pat	TypeI	1	HG01109_pat_hprc_r2_v1.0.1_HML-2_5q33.3
5q33.3	HG01114	h1	TypeI	1	HG01114_h1_HML-2_5q33.3_graph_hgsvc3-2024-02-23-mc-chm13
5q33.3	HG01114	h2	TypeI	1	HG01114_h2_HML-2_5q33.3_graph_hgsvc3-2024-02-23-mc-chm13
5q33.3	HG01123	mat	TypeI	1	HG01123_mat_hprc_r2_v1.0.1_HML-2_5q33.3
5q33.3	HG01123	pat	TypeI	1	HG01123_pat_hprc_r2_v1.0.1_HML-2_5q33.3
5q33.3	HG01150	mat	TypeI	1	HG01150_mat_hprc_r2_v1.0.1_HML-2_5q33.3
5q33.3	HG01150	pat	TypeI	1	HG01150_pat_hprc_r2_v1.0.1_HML-2_5q33.3
5q33.3	HG01167	h1	TypeI	1	HG01167_hap1_hprc_r2_v1.0.1_HML-2_5q33.3
5q33.3	HG01167	h2	TypeI	1	HG01167_hap2_hprc_r2_v1.0.1_HML-2_5q33.3
5q33.3	HG01175	mat	TypeI	1	HG01175_mat_hprc_r2_v1.0.1_HML-2_5q33.3
5q33.3	HG01175	pat	TypeI	1	HG01175_pat_hprc_r2_v1.0.1_HML-2_5q33.3
5q33.3	HG01192	mat	TypeI	1	HG01192_mat_hprc_r2_v1.0.1_HML-2_5q33.3
5q33.3	HG01192	pat	TypeI	1	HG01192_pat_hprc_r2_v1.0.1_HML-2_5q33.3
5q33.3	HG01243	mat	TypeI	1	HG01243_mat_hprc_r2_v1.0.1_HML-2_5q33.3
5q33.3	HG01243	pat	TypeI	1	HG01243_pat_hprc_r2_v1.0.1_HML-2_5q33.3
5q33.3	HG01252	mat	TypeI	1	HG01252_mat_hprc_r2_v1.0.1_HML-2_5q33.3
5q33.3	HG01252	pat	TypeI	1	HG01252_pat_hprc_r2_v1.0.1_HML-2_5q33.3
5q33.3	HG01255	mat	TypeI	1	HG01255_mat_hprc_r2_v1.0.1_HML-2_5q33.3
5q33.3	HG01255	pat	TypeI	1	HG01255_pat_hprc_r2_v1.0.1_HML-2_5q33.3
5q33.3	HG01258	mat	TypeI	1	HG01258_mat_hprc_r2_v1.0.1_HML-2_5q33.3
5q33.3	HG01258	pat	TypeI	1	HG01258_pat_hprc_r2_v1.0.1_HML-2_5q33.3
5q33.3	HG01261	mat	TypeI	1	HG01261_mat_hprc_r2_v1.0.1_HML-2_5q33.3
5q33.3	HG01261	pat	TypeI	1	HG01261_pat_hprc_r2_v1.0.1_HML-2_5q33.3
5q33.3	HG01346	mat	TypeI	1	HG01346_mat_hprc_r2_v1.0.1_HML-2_5q33.3
5q33.3	HG01346	pat	TypeI	2	HG01346_pat_hprc_r2_v1.0.1_HML-2_5q33.3_MULTI_part1|HG01346_pat_hprc_r2_v1.0.1_HML-2_5q33.3_MULTI_part2
5q33.3	HG01352	h1	TypeI	1	HG01352_h1_HML-2_5q33.3_graph_hgsvc3-2024-02-23-mc-chm13
5q33.3	HG01352	h2	TypeI	1	HG01352_h2_HML-2_5q33.3_graph_hgsvc3-2024-02-23-mc-chm13
5q33.3	HG01358	mat	TypeI	1	HG01358_mat_hprc_r2_v1.0.1_HML-2_5q33.3
5q33.3	HG01358	pat	TypeI	1	HG01358_pat_hprc_r2_v1.0.1_HML-2_5q33.3
5q33.3	HG01361	mat	TypeI	1	HG01361_mat_hprc_r2_v1.0.1_HML-2_5q33.3
5q33.3	HG01361	pat	TypeI	1	HG01361_pat_hprc_r2_v1.0.1_HML-2_5q33.3
5q33.3	HG01433	mat	TypeI	1	HG01433_mat_hprc_r2_v1.0.1_HML-2_5q33.3
5q33.3	HG01433	pat	TypeI	1	HG01433_pat_hprc_r2_v1.0.1_HML-2_5q33.3
5q33.3	HG01457	h1	TypeI	1	HG01457_h1_HML-2_5q33.3_graph_hgsvc3-2024-02-23-mc-chm13
5q33.3	HG01457	h2	TypeI	1	HG01457_h2_HML-2_5q33.3_graph_hgsvc3-2024-02-23-mc-chm13
5q33.3	HG01496	mat	TypeI	1	HG01496_mat_hprc_r2_v1.0.1_HML-2_5q33.3
5q33.3	HG01496	pat	TypeI	1	HG01496_pat_hprc_r2_v1.0.1_HML-2_5q33.3
5q33.3	HG01505	h1	TypeI	1	HG01505_h1_HML-2_5q33.3_graph_hgsvc3-2024-02-23-mc-chm13
5q33.3	HG01505	h2	TypeI	1	HG01505_h2_HML-2_5q33.3_graph_hgsvc3-2024-02-23-mc-chm13
5q33.3	HG01530	h1	TypeI	1	HG01530_hap1_hprc_r2_v1.0.1_HML-2_5q33.3
5q33.3	HG01530	h2	TypeI	1	HG01530_hap2_hprc_r2_v1.0.1_HML-2_5q33.3
5q33.3	HG01573	h1	TypeI	1	HG01573_h1_HML-2_5q33.3_graph_hgsvc3-2024-02-23-mc-chm13
5q33.3	HG01573	h2	TypeI	1	HG01573_h2_HML-2_5q33.3_graph_hgsvc3-2024-02-23-mc-chm13
5q33.3	HG01596	h1	TypeI	1	HG01596_h1_HML-2_5q33.3_graph_hgsvc3-2024-02-23-mc-chm13
5q33.3	HG01596	h2	TypeI	1	HG01596_h2_HML-2_5q33.3_graph_hgsvc3-2024-02-23-mc-chm13
5q33.3	HG01784	h1	TypeI	1	HG01784_hap1_hprc_r2_v1.0.1_HML-2_5q33.3
5q33.3	HG01784	h2	TypeI	1	HG01784_hap2_hprc_r2_v1.0.1_HML-2_5q33.3
5q33.3	HG01786	h1	TypeI	1	HG01786_hap1_hprc_r2_v1.0.1_HML-2_5q33.3
5q33.3	HG01786	h2	TypeI	1	HG01786_hap2_hprc_r2_v1.0.1_HML-2_5q33.3
5q33.3	HG01884	mat	TypeI	1	HG01884_mat_hprc_r2_v1.0.1_HML-2_5q33.3
5q33.3	HG01884	pat	TypeI	1	HG01884_pat_hprc_r2_v1.0.1_HML-2_5q33.3
5q33.3	HG01890	h1	TypeI	1	HG01890_h1_HML-2_5q33.3_graph_hgsvc3-2024-02-23-mc-chm13
5q33.3	HG01890	h2	TypeI	1	HG01890_h2_HML-2_5q33.3_graph_hgsvc3-2024-02-23-mc-chm13
5q33.3	HG01891	mat	TypeI	1	HG01891_mat_hprc_r2_v1.0.1_HML-2_5q33.3
5q33.3	HG01891	pat	TypeI	1	HG01891_pat_hprc_r2_v1.0.1_HML-2_5q33.3
5q33.3	HG01928	mat	TypeI	1	HG01928_mat_hprc_r2_v1.0.1_HML-2_5q33.3
5q33.3	HG01928	pat	TypeI	1	HG01928_pat_hprc_r2_v1.0.1_HML-2_5q33.3
5q33.3	HG01934	mat	TypeI	1	HG01934_mat_hprc_r2_v1.0.1_HML-2_5q33.3
5q33.3	HG01934	pat	TypeI	1	HG01934_pat_hprc_r2_v1.0.1_HML-2_5q33.3
5q33.3	HG01940	mat	TypeI	1	HG01940_mat_hprc_r2_v1.0.1_HML-2_5q33.3
5q33.3	HG01940	pat	TypeI	1	HG01940_pat_hprc_r2_v1.0.1_HML-2_5q33.3
5q33.3	HG01943	mat	TypeI	1	HG01943_mat_hprc_r2_v1.0.1_HML-2_5q33.3
5q33.3	HG01943	pat	TypeI	1	HG01943_pat_hprc_r2_v1.0.1_HML-2_5q33.3
5q33.3	HG01952	mat	TypeI	1	HG01952_mat_hprc_r2_v1.0.1_HML-2_5q33.3
5q33.3	HG01952	pat	TypeI	1	HG01952_pat_hprc_r2_v1.0.1_HML-2_5q33.3
5q33.3	HG01960	mat	TypeI	1	HG01960_mat_hprc_r2_v1.0.1_HML-2_5q33.3
5q33.3	HG01960	pat	TypeI	1	HG01960_pat_hprc_r2_v1.0.1_HML-2_5q33.3
5q33.3	HG01969	mat	TypeI	1	HG01969_mat_hprc_r2_v1.0.1_HML-2_5q33.3
5q33.3	HG01969	pat	TypeI	1	HG01969_pat_hprc_r2_v1.0.1_HML-2_5q33.3
5q33.3	HG01975	mat	TypeI	1	HG01975_mat_hprc_r2_v1.0.1_HML-2_5q33.3
5q33.3	HG01975	pat	TypeI	1	HG01975_pat_hprc_r2_v1.0.1_HML-2_5q33.3
5q33.3	HG01978	mat	TypeI	1	HG01978_mat_hprc_r2_v1.1.0_HML-2_5q33.3
5q33.3	HG01978	pat	TypeI	1	HG01978_pat_hprc_r2_v1.1.0_HML-2_5q33.3
5q33.3	HG01981	mat	TypeI	1	HG01981_mat_hprc_r2_v1.0.1_HML-2_5q33.3
5q33.3	HG01981	pat	TypeI	1	HG01981_pat_hprc_r2_v1.0.1_HML-2_5q33.3
5q33.3	HG01993	mat	TypeI	1	HG01993_mat_hprc_r2_v1.0.1_HML-2_5q33.3
5q33.3	HG01993	pat	TypeI	1	HG01993_pat_hprc_r2_v1.0.1_HML-2_5q33.3
5q33.3	HG02004	mat	TypeI	1	HG02004_mat_hprc_r2_v1.0.1_HML-2_5q33.3
5q33.3	HG02004	pat	TypeI	1	HG02004_pat_hprc_r2_v1.0.1_HML-2_5q33.3
5q33.3	HG02011	h1	TypeI	1	HG02011_h1_HML-2_5q33.3_graph_hgsvc3-2024-02-23-mc-chm13
5q33.3	HG02011	h2	TypeI	1	HG02011_h2_HML-2_5q33.3_graph_hgsvc3-2024-02-23-mc-chm13
5q33.3	HG02015	mat	TypeI	1	HG02015_mat_hprc_r2_v1.0.1_HML-2_5q33.3
5q33.3	HG02015	pat	TypeI	1	HG02015_pat_hprc_r2_v1.0.1_HML-2_5q33.3
5q33.3	HG02018	h1	TypeI	1	HG02018_h1_HML-2_5q33.3_graph_hgsvc3-2024-02-23-mc-chm13
5q33.3	HG02018	h2	TypeI	1	HG02018_h2_HML-2_5q33.3_graph_hgsvc3-2024-02-23-mc-chm13
5q33.3	HG02027	mat	TypeI	1	HG02027_mat_hprc_r2_v1.0.1_HML-2_5q33.3
5q33.3	HG02027	pat	TypeI	1	HG02027_pat_hprc_r2_v1.0.1_HML-2_5q33.3
5q33.3	HG02040	h1	TypeI	1	HG02040_hap1_hprc_r2_v1.0.1_HML-2_5q33.3
5q33.3	HG02040	h2	TypeI	1	HG02040_hap2_hprc_r2_v1.0.1_HML-2_5q33.3
5q33.3	HG02055	mat	TypeI	1	HG02055_mat_hprc_r2_v1.0.1_HML-2_5q33.3
5q33.3	HG02055	pat	TypeI	1	HG02055_pat_hprc_r2_v1.0.1_HML-2_5q33.3
5q33.3	HG02056	mat	TypeI	1	HG02056_mat_hprc_r2_v1.0.1_HML-2_5q33.3
5q33.3	HG02056	pat	TypeI	1	HG02056_pat_hprc_r2_v1.0.1_HML-2_5q33.3
5q33.3	HG02059	h1	TypeI	1	HG02059_h1_HML-2_5q33.3_graph_hgsvc3-2024-02-23-mc-chm13
5q33.3	HG02059	h2	TypeI	1	HG02059_h2_HML-2_5q33.3_graph_hgsvc3-2024-02-23-mc-chm13
5q33.3	HG02071	mat	TypeI	1	HG02071_mat_hprc_r2_v1.0.1_HML-2_5q33.3
5q33.3	HG02071	pat	TypeI	1	HG02071_pat_hprc_r2_v1.0.1_HML-2_5q33.3
5q33.3	HG02074	mat	TypeI	1	HG02074_mat_hprc_r2_v1.0.1_HML-2_5q33.3
5q33.3	HG02074	pat	TypeI	1	HG02074_pat_hprc_r2_v1.0.1_HML-2_5q33.3
5q33.3	HG02080	mat	TypeI	1	HG02080_mat_hprc_r2_v1.0.1_HML-2_5q33.3
5q33.3	HG02080	pat	TypeI	1	HG02080_pat_hprc_r2_v1.0.1_HML-2_5q33.3
5q33.3	HG02083	mat	TypeI	1	HG02083_mat_hprc_r2_v1.0.1_HML-2_5q33.3
5q33.3	HG02083	pat	TypeI	1	HG02083_pat_hprc_r2_v1.0.1_HML-2_5q33.3
5q33.3	HG02106	h1	TypeI	1	HG02106_h1_HML-2_5q33.3_graph_hgsvc3-2024-02-23-mc-chm13
5q33.3	HG02106	h2	TypeI	1	HG02106_h2_HML-2_5q33.3_graph_hgsvc3-2024-02-23-mc-chm13
5q33.3	HG02109	mat	TypeI	1	HG02109_mat_hprc_r2_v1.0.1_HML-2_5q33.3
5q33.3	HG02109	pat	TypeI	1	HG02109_pat_hprc_r2_v1.0.1_HML-2_5q33.3
5q33.3	HG02129	mat	TypeI	1	HG02129_mat_hprc_r2_v1.0.1_HML-2_5q33.3
5q33.3	HG02129	pat	TypeI	1	HG02129_pat_hprc_r2_v1.0.1_HML-2_5q33.3
5q33.3	HG02132	mat	TypeI	1	HG02132_mat_hprc_r2_v1.0.1_HML-2_5q33.3
5q33.3	HG02132	pat	TypeI	1	HG02132_pat_hprc_r2_v1.0.1_HML-2_5q33.3
5q33.3	HG02135	mat	TypeI	1	HG02135_mat_hprc_r2_v1.0.1_HML-2_5q33.3
5q33.3	HG02135	pat	TypeI	1	HG02135_pat_hprc_r2_v1.0.1_HML-2_5q33.3
5q33.3	HG02145	mat	TypeI	1	HG02145_mat_hprc_r2_v1.0.1_HML-2_5q33.3
5q33.3	HG02145	pat	TypeI	1	HG02145_pat_hprc_r2_v1.0.1_HML-2_5q33.3
5q33.3	HG02148	mat	TypeI	1	HG02148_mat_hprc_r2_v1.0.1_HML-2_5q33.3
5q33.3	HG02148	pat	TypeI	1	HG02148_pat_hprc_r2_v1.0.1_HML-2_5q33.3
5q33.3	HG02155	h1	TypeI	1	HG02155_hap1_hprc_r2_v1.0.1_HML-2_5q33.3
5q33.3	HG02155	h2	TypeI	1	HG02155_hap2_hprc_r2_v1.0.1_HML-2_5q33.3
5q33.3	HG02165	h1	TypeI	1	HG02165_hap1_hprc_r2_v1.0.1_HML-2_5q33.3
5q33.3	HG02165	h2	TypeI	1	HG02165_hap2_hprc_r2_v1.0.1_HML-2_5q33.3
5q33.3	HG02178	h1	TypeI	1	HG02178_hap1_hprc_r2_v1.0.1_HML-2_5q33.3
5q33.3	HG02178	h2	TypeI	1	HG02178_hap2_hprc_r2_v1.0.1_HML-2_5q33.3
5q33.3	HG02257	mat	TypeI	1	HG02257_mat_hprc_r2_v1.1.0_HML-2_5q33.3
5q33.3	HG02257	pat	TypeI	1	HG02257_pat_hprc_r2_v1.1.0_HML-2_5q33.3
5q33.3	HG02258	mat	TypeI	1	HG02258_mat_hprc_r2_v1.0.1_HML-2_5q33.3
5q33.3	HG02258	pat	TypeI	1	HG02258_pat_hprc_r2_v1.0.1_HML-2_5q33.3
5q33.3	HG02273	h1	TypeI	1	HG02273_hap1_hprc_r2_v1.0.1_HML-2_5q33.3
5q33.3	HG02273	h2	TypeI	1	HG02273_hap2_hprc_r2_v1.0.1_HML-2_5q33.3
5q33.3	HG02280	mat	TypeI	1	HG02280_mat_hprc_r2_v1.0.1_HML-2_5q33.3
5q33.3	HG02280	pat	TypeI	1	HG02280_pat_hprc_r2_v1.0.1_HML-2_5q33.3
5q33.3	HG02282	h1	TypeI	1	HG02282_h1_HML-2_5q33.3_graph_hgsvc3-2024-02-23-mc-chm13
5q33.3	HG02282	h2	TypeI	1	HG02282_h2_HML-2_5q33.3_graph_hgsvc3-2024-02-23-mc-chm13
5q33.3	HG02293	mat	TypeI	1	HG02293_mat_hprc_r2_v1.0.1_HML-2_5q33.3
5q33.3	HG02293	pat	TypeI	1	HG02293_pat_hprc_r2_v1.0.1_HML-2_5q33.3
5q33.3	HG02300	mat	TypeI	1	HG02300_mat_hprc_r2_v1.0.1_HML-2_5q33.3
5q33.3	HG02300	pat	TypeI	1	HG02300_pat_hprc_r2_v1.0.1_HML-2_5q33.3
5q33.3	HG02391	h1	TypeI	1	HG02391_hap1_hprc_r2_v1.0.1_HML-2_5q33.3
5q33.3	HG02391	h2	TypeI	1	HG02391_hap2_hprc_r2_v1.0.1_HML-2_5q33.3
5q33.3	HG02392	h1	TypeI	1	HG02392_hap1_hprc_r2_v1.0.1_HML-2_5q33.3
5q33.3	HG02392	h2	TypeI	1	HG02392_hap2_hprc_r2_v1.0.1_HML-2_5q33.3
5q33.3	HG02451	mat	TypeI	1	HG02451_mat_hprc_r2_v1.0.1_HML-2_5q33.3
5q33.3	HG02451	pat	TypeI	1	HG02451_pat_hprc_r2_v1.0.1_HML-2_5q33.3
5q33.3	HG02486	mat	TypeI	1	HG02486_mat_hprc_r2_v1.0.1_HML-2_5q33.3
5q33.3	HG02486	pat	TypeI	1	HG02486_pat_hprc_r2_v1.0.1_HML-2_5q33.3
5q33.3	HG02492	h1	TypeI	1	HG02492_h1_HML-2_5q33.3_graph_hgsvc3-2024-02-23-mc-chm13
5q33.3	HG02492	h2	TypeI	1	HG02492_h2_HML-2_5q33.3_graph_hgsvc3-2024-02-23-mc-chm13
5q33.3	HG02514	mat	TypeI	1	HG02514_mat_hprc_r2_v1.0.1_HML-2_5q33.3
5q33.3	HG02514	pat	TypeI	1	HG02514_pat_hprc_r2_v1.0.1_HML-2_5q33.3
5q33.3	HG02523	mat	TypeI	1	HG02523_mat_hprc_r2_v1.0.1_HML-2_5q33.3
5q33.3	HG02523	pat	TypeI	1	HG02523_pat_hprc_r2_v1.0.1_HML-2_5q33.3
5q33.3	HG02554	h1	TypeI	1	HG02554_h1_HML-2_5q33.3_graph_hgsvc3-2024-02-23-mc-chm13
5q33.3	HG02554	h2	TypeI	1	HG02554_h2_HML-2_5q33.3_graph_hgsvc3-2024-02-23-mc-chm13
5q33.3	HG02559	mat	TypeI	1	HG02559_mat_hprc_r2_v1.0.1_HML-2_5q33.3
5q33.3	HG02559	pat	TypeI	1	HG02559_pat_hprc_r2_v1.0.1_HML-2_5q33.3
5q33.3	HG02572	mat	TypeI	1	HG02572_mat_hprc_r2_v1.0.1_HML-2_5q33.3
5q33.3	HG02572	pat	solo_LTR	1	HG02572_pat_hprc_r2_v1.0.1_HML-2_5q33.3
5q33.3	HG02583	h1	TypeI	1	HG02583_hap1_hprc_r2_v1.0.1_HML-2_5q33.3
5q33.3	HG02583	h2	TypeI	1	HG02583_hap2_hprc_r2_v1.0.1_HML-2_5q33.3
5q33.3	HG02587	h1	TypeI	1	HG02587_h1_HML-2_5q33.3_graph_hgsvc3-2024-02-23-mc-chm13
5q33.3	HG02587	h2	TypeI	1	HG02587_h2_HML-2_5q33.3_graph_hgsvc3-2024-02-23-mc-chm13
5q33.3	HG02602	mat	TypeI	1	HG02602_mat_hprc_r2_v1.0.1_HML-2_5q33.3
5q33.3	HG02602	pat	TypeI	1	HG02602_pat_hprc_r2_v1.0.1_HML-2_5q33.3
5q33.3	HG02615	mat	TypeI	1	HG02615_mat_hprc_r2_v1.0.1_HML-2_5q33.3
5q33.3	HG02615	pat	TypeI	1	HG02615_pat_hprc_r2_v1.0.1_HML-2_5q33.3
5q33.3	HG02622	mat	TypeI	1	HG02622_mat_hprc_r2_v1.0.1_HML-2_5q33.3
5q33.3	HG02622	pat	solo_LTR	1	HG02622_pat_hprc_r2_v1.0.1_HML-2_5q33.3
5q33.3	HG02630	mat	TypeI	1	HG02630_mat_hprc_r2_v1.0.1_HML-2_5q33.3
5q33.3	HG02630	pat	TypeI	1	HG02630_pat_hprc_r2_v1.0.1_HML-2_5q33.3
5q33.3	HG02647	mat	TypeI	1	HG02647_mat_hprc_r2_v1.0.1_HML-2_5q33.3
5q33.3	HG02647	pat	TypeI	1	HG02647_pat_hprc_r2_v1.0.1_HML-2_5q33.3
5q33.3	HG02666	h1	TypeI	1	HG02666_h1_HML-2_5q33.3_graph_hgsvc3-2024-02-23-mc-chm13
5q33.3	HG02666	h2	TypeI	1	HG02666_h2_HML-2_5q33.3_graph_hgsvc3-2024-02-23-mc-chm13
5q33.3	HG02668	mat	TypeI	1	HG02668_mat_hprc_r2_v1.0.1_HML-2_5q33.3
5q33.3	HG02668	pat	TypeI	1	HG02668_pat_hprc_r2_v1.0.1_HML-2_5q33.3
5q33.3	HG02698	mat	TypeI	1	HG02698_mat_hprc_r2_v1.0.1_HML-2_5q33.3
5q33.3	HG02698	pat	TypeI	1	HG02698_pat_hprc_r2_v1.0.1_HML-2_5q33.3
5q33.3	HG02717	mat	TypeI	1	HG02717_mat_hprc_r2_v1.0.1_HML-2_5q33.3
5q33.3	HG02717	pat	solo_LTR	1	HG02717_pat_hprc_r2_v1.0.1_HML-2_5q33.3
5q33.3	HG02723	mat	TypeI	1	HG02723_mat_hprc_r2_v1.0.1_HML-2_5q33.3
5q33.3	HG02723	pat	TypeI	1	HG02723_pat_hprc_r2_v1.0.1_HML-2_5q33.3
5q33.3	HG02735	mat	TypeI	1	HG02735_mat_hprc_r2_v1.0.1_HML-2_5q33.3
5q33.3	HG02735	pat	TypeI	1	HG02735_pat_hprc_r2_v1.0.1_HML-2_5q33.3
5q33.3	HG02738	mat	TypeI	1	HG02738_mat_hprc_r2_v1.0.1_HML-2_5q33.3
5q33.3	HG02738	pat	TypeI	3	HG02738_pat_hprc_r2_v1.0.1_HML-2_5q33.3_MULTI_part1|HG02738_pat_hprc_r2_v1.0.1_HML-2_5q33.3_MULTI_part2|HG02738_pat_hprc_r2_v1.0.1_HML-2_5q33.3_MULTI_part3
5q33.3	HG02769	h1	TypeI	1	HG02769_h1_HML-2_5q33.3_graph_hgsvc3-2024-02-23-mc-chm13
5q33.3	HG02769	h2	TypeI	1	HG02769_h2_HML-2_5q33.3_graph_hgsvc3-2024-02-23-mc-chm13
5q33.3	HG02809	mat	TypeI	1	HG02809_mat_hprc_r2_v1.0.1_HML-2_5q33.3
5q33.3	HG02809	pat	solo_LTR	1	HG02809_pat_hprc_r2_v1.0.1_HML-2_5q33.3
5q33.3	HG02818	mat	solo_LTR	1	HG02818_mat_hprc_r2_v1.0.1_HML-2_5q33.3
5q33.3	HG02818	pat	TypeI	1	HG02818_pat_hprc_r2_v1.0.1_HML-2_5q33.3
5q33.3	HG02841	mat	TypeI	1	HG02841_mat_hprc_r2_v1.0.1_HML-2_5q33.3
5q33.3	HG02841	pat	TypeI	1	HG02841_pat_hprc_r2_v1.0.1_HML-2_5q33.3
5q33.3	HG02886	mat	solo_LTR	1	HG02886_mat_hprc_r2_v1.0.1_HML-2_5q33.3
5q33.3	HG02886	pat	TypeI	1	HG02886_pat_hprc_r2_v1.0.1_HML-2_5q33.3
5q33.3	HG02922	h1	solo_LTR	1	HG02922_hap1_hprc_r2_v1.0.1_HML-2_5q33.3
5q33.3	HG02922	h2	TypeI	1	HG02922_hap2_hprc_r2_v1.0.1_HML-2_5q33.3
5q33.3	HG02953	h1	solo_LTR	1	HG02953_h1_HML-2_5q33.3_graph_hgsvc3-2024-02-23-mc-chm13
5q33.3	HG02953	h2	solo_LTR	1	HG02953_h2_HML-2_5q33.3_graph_hgsvc3-2024-02-23-mc-chm13
5q33.3	HG02965	h1	TypeI	1	HG02965_hap1_hprc_r2_v1.0.1_HML-2_5q33.3
5q33.3	HG02965	h2	solo_LTR	1	HG02965_hap2_hprc_r2_v1.0.1_HML-2_5q33.3
5q33.3	HG02976	h1	TypeI	1	HG02976_hap1_hprc_r2_v1.0.1_HML-2_5q33.3
5q33.3	HG02976	h2	solo_LTR	1	HG02976_hap2_hprc_r2_v1.0.1_HML-2_5q33.3
5q33.3	HG02984	mat	solo_LTR	1	HG02984_mat_hprc_r2_v1.0.1_HML-2_5q33.3
5q33.3	HG02984	pat	TypeI	1	HG02984_pat_hprc_r2_v1.0.1_HML-2_5q33.3
5q33.3	HG03009	h1	TypeI	1	HG03009_h1_HML-2_5q33.3_graph_hgsvc3-2024-02-23-mc-chm13
5q33.3	HG03009	h2	TypeI	1	HG03009_h2_HML-2_5q33.3_graph_hgsvc3-2024-02-23-mc-chm13
5q33.3	HG03017	mat	TypeI	1	HG03017_mat_hprc_r2_v1.0.1_HML-2_5q33.3
5q33.3	HG03017	pat	TypeI	1	HG03017_pat_hprc_r2_v1.0.1_HML-2_5q33.3
5q33.3	HG03041	mat	TypeI	1	HG03041_mat_hprc_r2_v1.0.1_HML-2_5q33.3
5q33.3	HG03041	pat	TypeI	1	HG03041_pat_hprc_r2_v1.0.1_HML-2_5q33.3
5q33.3	HG03050	mat	TypeI	1	HG03050_mat_hprc_r2_v1.0.1_HML-2_5q33.3
5q33.3	HG03050	pat	TypeI	1	HG03050_pat_hprc_r2_v1.0.1_HML-2_5q33.3
5q33.3	HG03065	h1	TypeI	1	HG03065_h1_HML-2_5q33.3_graph_hgsvc3-2024-02-23-mc-chm13
5q33.3	HG03065	h2	TypeI	1	HG03065_h2_HML-2_5q33.3_graph_hgsvc3-2024-02-23-mc-chm13
5q33.3	HG03098	mat	TypeI	1	HG03098_mat_hprc_r2_v1.0.1_HML-2_5q33.3
5q33.3	HG03098	pat	TypeI	1	HG03098_pat_hprc_r2_v1.0.1_HML-2_5q33.3
5q33.3	HG03130	h1	TypeI	1	HG03130_hap1_hprc_r2_v1.0.1_HML-2_5q33.3
5q33.3	HG03130	h2	TypeI	1	HG03130_hap2_hprc_r2_v1.0.1_HML-2_5q33.3
5q33.3	HG03139	h1	TypeI	1	HG03139_hap1_hprc_r2_v1.0.1_HML-2_5q33.3
5q33.3	HG03139	h2	TypeI	1	HG03139_hap2_hprc_r2_v1.0.1_HML-2_5q33.3
5q33.3	HG03195	h1	TypeI	1	HG03195_hap1_hprc_r2_v1.0.1_HML-2_5q33.3
5q33.3	HG03195	h2	solo_LTR	1	HG03195_hap2_hprc_r2_v1.0.1_HML-2_5q33.3
5q33.3	HG03209	h1	TypeI	1	HG03209_hap1_hprc_r2_v1.0.1_HML-2_5q33.3
5q33.3	HG03209	h2	TypeI	1	HG03209_hap2_hprc_r2_v1.0.1_HML-2_5q33.3
5q33.3	HG03225	h1	TypeI	1	HG03225_hap1_hprc_r2_v1.0.1_HML-2_5q33.3
5q33.3	HG03225	h2	TypeI	1	HG03225_hap2_hprc_r2_v1.0.1_HML-2_5q33.3
5q33.3	HG03239	mat	TypeI	1	HG03239_mat_hprc_r2_v1.0.1_HML-2_5q33.3
5q33.3	HG03239	pat	TypeI	1	HG03239_pat_hprc_r2_v1.0.1_HML-2_5q33.3
5q33.3	HG03248	h1	TypeI	1	HG03248_h1_HML-2_5q33.3_graph_hgsvc3-2024-02-23-mc-chm13
5q33.3	HG03248	h2	TypeI	1	HG03248_h2_HML-2_5q33.3_graph_hgsvc3-2024-02-23-mc-chm13
5q33.3	HG03270	h1	solo_LTR	1	HG03270_hap1_hprc_r2_v1.0.1_HML-2_5q33.3
5q33.3	HG03270	h2	TypeI	1	HG03270_hap2_hprc_r2_v1.0.1_HML-2_5q33.3
5q33.3	HG03369	h1	TypeI	1	HG03369_hap1_hprc_r2_v1.0.1_HML-2_5q33.3
5q33.3	HG03369	h2	TypeI	1	HG03369_hap2_hprc_r2_v1.0.1_HML-2_5q33.3
5q33.3	HG03371	h1	TypeI	1	HG03371_h1_HML-2_5q33.3_graph_hgsvc3-2024-02-23-mc-chm13
5q33.3	HG03371	h2	TypeI	1	HG03371_h2_HML-2_5q33.3_graph_hgsvc3-2024-02-23-mc-chm13
5q33.3	HG03452	h1	TypeI	1	HG03452_h1_HML-2_5q33.3_graph_hgsvc3-2024-02-23-mc-chm13
5q33.3	HG03452	h2	TypeI	1	HG03452_h2_HML-2_5q33.3_graph_hgsvc3-2024-02-23-mc-chm13
5q33.3	HG03453	mat	TypeI	1	HG03453_mat_hprc_r2_v1.0.1_HML-2_5q33.3
5q33.3	HG03453	pat	TypeI	1	HG03453_pat_hprc_r2_v1.0.1_HML-2_5q33.3
5q33.3	HG03456	h1	TypeI	1	HG03456_h1_HML-2_5q33.3_graph_hgsvc3-2024-02-23-mc-chm13
5q33.3	HG03456	h2	TypeI	1	HG03456_h2_HML-2_5q33.3_graph_hgsvc3-2024-02-23-mc-chm13
5q33.3	HG03470	h1	TypeI	1	HG03470_hap1_hprc_r2_v1.0.1_HML-2_5q33.3
5q33.3	HG03470	h2	TypeI	1	HG03470_hap2_hprc_r2_v1.0.1_HML-2_5q33.3
5q33.3	HG03471	h1	TypeI	1	HG03471_hap1_hprc_r2_v1.0.1_HML-2_5q33.3
5q33.3	HG03471	h2	TypeI	1	HG03471_hap2_hprc_r2_v1.0.1_HML-2_5q33.3
5q33.3	HG03486	mat	TypeI	1	HG03486_mat_hprc_r2_v1.0.1_HML-2_5q33.3
5q33.3	HG03486	pat	solo_LTR	1	HG03486_pat_hprc_r2_v1.0.1_HML-2_5q33.3
5q33.3	HG03516	mat	TypeI	1	HG03516_mat_hprc_r2_v1.1.0_HML-2_5q33.3
5q33.3	HG03516	pat	TypeI	1	HG03516_pat_hprc_r2_v1.1.0_HML-2_5q33.3
5q33.3	HG03520	h1	TypeI	1	HG03520_h1_HML-2_5q33.3_graph_hgsvc3-2024-02-23-mc-chm13
5q33.3	HG03520	h2	TypeI	1	HG03520_h2_HML-2_5q33.3_graph_hgsvc3-2024-02-23-mc-chm13
5q33.3	HG03521	h1	TypeI	1	HG03521_hap1_hprc_r2_v1.0.1_HML-2_5q33.3
5q33.3	HG03521	h2	TypeI	1	HG03521_hap2_hprc_r2_v1.0.1_HML-2_5q33.3
5q33.3	HG03540	mat	TypeI	1	HG03540_mat_hprc_r2_v1.0.1_HML-2_5q33.3
5q33.3	HG03540	pat	TypeI	1	HG03540_pat_hprc_r2_v1.0.1_HML-2_5q33.3
5q33.3	HG03579	mat	TypeI	1	HG03579_mat_hprc_r2_v1.0.1_HML-2_5q33.3
5q33.3	HG03579	pat	TypeI	1	HG03579_pat_hprc_r2_v1.0.1_HML-2_5q33.3
5q33.3	HG03583	h1	TypeI	1	HG03583_hap1_hprc_r2_v1.0.1_HML-2_5q33.3
5q33.3	HG03583	h2	TypeI	1	HG03583_hap2_hprc_r2_v1.0.1_HML-2_5q33.3
5q33.3	HG03654	mat	TypeI	1	HG03654_mat_hprc_r2_v1.0.1_HML-2_5q33.3
5q33.3	HG03654	pat	TypeI	1	HG03654_pat_hprc_r2_v1.0.1_HML-2_5q33.3
5q33.3	HG03669	mat	solo_LTR	1	HG03669_mat_hprc_r2_v1.0.1_HML-2_5q33.3
5q33.3	HG03669	pat	TypeI	1	HG03669_pat_hprc_r2_v1.0.1_HML-2_5q33.3
5q33.3	HG03683	h1	TypeI	1	HG03683_h1_HML-2_5q33.3_graph_hgsvc3-2024-02-23-mc-chm13
5q33.3	HG03683	h2	TypeI	1	HG03683_h2_HML-2_5q33.3_graph_hgsvc3-2024-02-23-mc-chm13
5q33.3	HG03688	mat	TypeI	1	HG03688_mat_hprc_r2_v1.0.1_HML-2_5q33.3
5q33.3	HG03688	pat	TypeI	1	HG03688_pat_hprc_r2_v1.0.1_HML-2_5q33.3
5q33.3	HG03704	mat	TypeI	1	HG03704_mat_hprc_r2_v1.0.1_HML-2_5q33.3
5q33.3	HG03704	pat	solo_LTR	1	HG03704_pat_hprc_r2_v1.0.1_HML-2_5q33.3
5q33.3	HG03710	mat	TypeI	1	HG03710_mat_hprc_r2_v1.0.1_HML-2_5q33.3
5q33.3	HG03710	pat	TypeI	1	HG03710_pat_hprc_r2_v1.0.1_HML-2_5q33.3
5q33.3	HG03732	h1	TypeI	1	HG03732_h1_HML-2_5q33.3_graph_hgsvc3-2024-02-23-mc-chm13
5q33.3	HG03732	h2	TypeI	1	HG03732_h2_HML-2_5q33.3_graph_hgsvc3-2024-02-23-mc-chm13
5q33.3	HG03742	h1	TypeI	1	HG03742_hap1_hprc_r2_v1.0.1_HML-2_5q33.3
5q33.3	HG03742	h2	TypeI	1	HG03742_hap2_hprc_r2_v1.0.1_HML-2_5q33.3
5q33.3	HG03784	h1	TypeI	1	HG03784_hap1_hprc_r2_v1.0.1_HML-2_5q33.3
5q33.3	HG03784	h2	TypeI	1	HG03784_hap2_hprc_r2_v1.0.1_HML-2_5q33.3
5q33.3	HG03804	mat	TypeI	1	HG03804_mat_hprc_r2_v1.0.1_HML-2_5q33.3
5q33.3	HG03804	pat	TypeI	1	HG03804_pat_hprc_r2_v1.0.1_HML-2_5q33.3
5q33.3	HG03807	h1	TypeI	1	HG03807_h1_HML-2_5q33.3_graph_hgsvc3-2024-02-23-mc-chm13
5q33.3	HG03807	h2	TypeI	1	HG03807_h2_HML-2_5q33.3_graph_hgsvc3-2024-02-23-mc-chm13
5q33.3	HG03816	mat	TypeI	1	HG03816_mat_hprc_r2_v1.0.1_HML-2_5q33.3
5q33.3	HG03816	pat	TypeI	1	HG03816_pat_hprc_r2_v1.0.1_HML-2_5q33.3
5q33.3	HG03831	mat	TypeI	1	HG03831_mat_hprc_r2_v1.0.1_HML-2_5q33.3
5q33.3	HG03831	pat	TypeI	1	HG03831_pat_hprc_r2_v1.0.1_HML-2_5q33.3
5q33.3	HG03834	mat	TypeI	1	HG03834_mat_hprc_r2_v1.0.1_HML-2_5q33.3
5q33.3	HG03834	pat	TypeI	1	HG03834_pat_hprc_r2_v1.0.1_HML-2_5q33.3
5q33.3	HG03874	h1	TypeI	1	HG03874_hap1_hprc_r2_v1.0.1_HML-2_5q33.3
5q33.3	HG03874	h2	TypeI	1	HG03874_hap2_hprc_r2_v1.0.1_HML-2_5q33.3
5q33.3	HG03927	mat	TypeI	1	HG03927_mat_hprc_r2_v1.0.1_HML-2_5q33.3
5q33.3	HG03927	pat	TypeI	1	HG03927_pat_hprc_r2_v1.0.1_HML-2_5q33.3
5q33.3	HG03942	mat	TypeI	1	HG03942_mat_hprc_r2_v1.0.1_HML-2_5q33.3
5q33.3	HG03942	pat	TypeI	1	HG03942_pat_hprc_r2_v1.0.1_HML-2_5q33.3
5q33.3	HG04036	h1	TypeI	1	HG04036_h1_HML-2_5q33.3_graph_hgsvc3-2024-02-23-mc-chm13
5q33.3	HG04036	h2	TypeI	1	HG04036_h2_HML-2_5q33.3_graph_hgsvc3-2024-02-23-mc-chm13
5q33.3	HG04115	mat	TypeI	1	HG04115_mat_hprc_r2_v1.0.1_HML-2_5q33.3
5q33.3	HG04115	pat	TypeI	1	HG04115_pat_hprc_r2_v1.0.1_HML-2_5q33.3
5q33.3	HG04157	mat	TypeI	1	HG04157_mat_hprc_r2_v1.0.1_HML-2_5q33.3
5q33.3	HG04157	pat	TypeI	1	HG04157_pat_hprc_r2_v1.0.1_HML-2_5q33.3
5q33.3	HG04160	mat	solo_LTR	1	HG04160_mat_hprc_r2_v1.0.1_HML-2_5q33.3
5q33.3	HG04160	pat	TypeI	1	HG04160_pat_hprc_r2_v1.0.1_HML-2_5q33.3
5q33.3	HG04184	mat	TypeI	1	HG04184_mat_hprc_r2_v1.0.1_HML-2_5q33.3
5q33.3	HG04184	pat	TypeI	1	HG04184_pat_hprc_r2_v1.0.1_HML-2_5q33.3
5q33.3	HG04187	mat	TypeI	1	HG04187_mat_hprc_r2_v1.0.1_HML-2_5q33.3
5q33.3	HG04187	pat	TypeI	1	HG04187_pat_hprc_r2_v1.0.1_HML-2_5q33.3
5q33.3	HG04199	mat	TypeI	1	HG04199_mat_hprc_r2_v1.0.1_HML-2_5q33.3
5q33.3	HG04199	pat	TypeI	1	HG04199_pat_hprc_r2_v1.0.1_HML-2_5q33.3
5q33.3	HG04204	mat	TypeI	1	HG04204_mat_hprc_r2_v1.0.1_HML-2_5q33.3
5q33.3	HG04204	pat	TypeI	1	HG04204_pat_hprc_r2_v1.0.1_HML-2_5q33.3
5q33.3	HG04217	h1	TypeI	1	HG04217_h1_HML-2_5q33.3_graph_hgsvc3-2024-02-23-mc-chm13
5q33.3	HG04217	h2	TypeI	1	HG04217_h2_HML-2_5q33.3_graph_hgsvc3-2024-02-23-mc-chm13
5q33.3	HG04228	mat	TypeI	1	HG04228_mat_hprc_r2_v1.0.1_HML-2_5q33.3
5q33.3	HG04228	pat	TypeI	1	HG04228_pat_hprc_r2_v1.0.1_HML-2_5q33.3
5q33.3	HG06807	mat	TypeI	1	HG06807_mat_v1.0.genbank_HML-2_5q33.3
5q33.3	HG06807	pat	TypeI	1	HG06807_pat_v1.0.genbank_HML-2_5q33.3
5q33.3	NA12329	h1	TypeI	1	NA12329_h1_HML-2_5q33.3_graph_hgsvc3-2024-02-23-mc-chm13
5q33.3	NA12329	h2	TypeI	1	NA12329_h2_HML-2_5q33.3_graph_hgsvc3-2024-02-23-mc-chm13
5q33.3	NA18505	h1	TypeI	1	NA18505_hap1_hprc_r2_v1.0.1_HML-2_5q33.3
5q33.3	NA18505	h2	TypeI	1	NA18505_hap2_hprc_r2_v1.0.1_HML-2_5q33.3
5q33.3	NA18508	h1	TypeI	1	NA18508_hap1_hprc_r2_v1.0.1_HML-2_5q33.3
5q33.3	NA18508	h2	TypeI	1	NA18508_hap2_hprc_r2_v1.0.1_HML-2_5q33.3
5q33.3	NA18522	h1	TypeI	1	NA18522_hap1_hprc_r2_v1.0.1_HML-2_5q33.3
5q33.3	NA18522	h2	TypeI	1	NA18522_hap2_hprc_r2_v1.0.1_HML-2_5q33.3
5q33.3	NA18534	h1	TypeI	1	NA18534_h1_HML-2_5q33.3_graph_hgsvc3-2024-02-23-mc-chm13
5q33.3	NA18534	h2	TypeI	1	NA18534_h2_HML-2_5q33.3_graph_hgsvc3-2024-02-23-mc-chm13
5q33.3	NA18565	h1	TypeI	1	NA18565_hap1_hprc_r2_v1.0.1_HML-2_5q33.3
5q33.3	NA18565	h2	TypeI	1	NA18565_hap2_hprc_r2_v1.0.1_HML-2_5q33.3
5q33.3	NA18570	h1	TypeI	1	NA18570_hap1_hprc_r2_v1.0.1_HML-2_5q33.3
5q33.3	NA18570	h2	TypeI	1	NA18570_hap2_hprc_r2_v1.0.1_HML-2_5q33.3
5q33.3	NA18608	h1	TypeI	1	NA18608_hap1_hprc_r2_v1.0.1_HML-2_5q33.3
5q33.3	NA18608	h2	TypeI	1	NA18608_hap2_hprc_r2_v1.0.1_HML-2_5q33.3
5q33.3	NA18620	h1	TypeI	1	NA18620_hap1_hprc_r2_v1.0.1_HML-2_5q33.3
5q33.3	NA18620	h2	TypeI	1	NA18620_hap2_hprc_r2_v1.0.1_HML-2_5q33.3
5q33.3	NA18747	h1	TypeI	1	NA18747_hap1_hprc_r2_v1.0.1_HML-2_5q33.3
5q33.3	NA18747	h2	TypeI	1	NA18747_hap2_hprc_r2_v1.0.1_HML-2_5q33.3
5q33.3	NA18879	h1	TypeI	1	NA18879_hap1_hprc_r2_v1.0.1_HML-2_5q33.3
5q33.3	NA18879	h2	TypeI	1	NA18879_hap2_hprc_r2_v1.0.1_HML-2_5q33.3
5q33.3	NA18906	mat	TypeI	1	NA18906_mat_hprc_r2_v1.0.1_HML-2_5q33.3
5q33.3	NA18906	pat	TypeI	1	NA18906_pat_hprc_r2_v1.0.1_HML-2_5q33.3
5q33.3	NA18939	h1	TypeI	1	NA18939_h1_HML-2_5q33.3_graph_hgsvc3-2024-02-23-mc-chm13
5q33.3	NA18939	h2	TypeI	1	NA18939_h2_HML-2_5q33.3_graph_hgsvc3-2024-02-23-mc-chm13
5q33.3	NA18940	h1	TypeI	1	NA18940_hap1_hprc_r2_v1.0.1_HML-2_5q33.3
5q33.3	NA18940	h2	TypeI	1	NA18940_hap2_hprc_r2_v1.0.1_HML-2_5q33.3
5q33.3	NA18943	h1	TypeI	1	NA18943_hap1_hprc_r2_v1.0.1_HML-2_5q33.3
5q33.3	NA18943	h2	TypeI	1	NA18943_hap2_hprc_r2_v1.0.1_HML-2_5q33.3
5q33.3	NA18944	h1	TypeI	1	NA18944_hap1_hprc_r2_v1.0.1_HML-2_5q33.3
5q33.3	NA18944	h2	TypeI	1	NA18944_hap2_hprc_r2_v1.0.1_HML-2_5q33.3
5q33.3	NA18945	h1	TypeI	1	NA18945_hap1_hprc_r2_v1.0.1_HML-2_5q33.3
5q33.3	NA18945	h2	TypeI	1	NA18945_hap2_hprc_r2_v1.0.1_HML-2_5q33.3
5q33.3	NA18948	h1	TypeI	1	NA18948_hap1_hprc_r2_v1.0.1_HML-2_5q33.3
5q33.3	NA18948	h2	TypeI	1	NA18948_hap2_hprc_r2_v1.0.1_HML-2_5q33.3
5q33.3	NA18952	h1	TypeI	1	NA18952_hap1_hprc_r2_v1.0.1_HML-2_5q33.3
5q33.3	NA18952	h2	TypeI	1	NA18952_hap2_hprc_r2_v1.0.1_HML-2_5q33.3
5q33.3	NA18959	h1	TypeI	1	NA18959_hap1_hprc_r2_v1.0.1_HML-2_5q33.3
5q33.3	NA18959	h2	TypeI	1	NA18959_hap2_hprc_r2_v1.0.1_HML-2_5q33.3
5q33.3	NA18960	h1	TypeI	1	NA18960_hap1_hprc_r2_v1.0.1_HML-2_5q33.3
5q33.3	NA18960	h2	TypeI	1	NA18960_hap2_hprc_r2_v1.0.1_HML-2_5q33.3
5q33.3	NA18967	h1	TypeI	1	NA18967_hap1_hprc_r2_v1.0.1_HML-2_5q33.3
5q33.3	NA18967	h2	TypeI	1	NA18967_hap2_hprc_r2_v1.0.1_HML-2_5q33.3
5q33.3	NA18970	h1	TypeI	1	NA18970_hap1_hprc_r2_v1.0.1_HML-2_5q33.3
5q33.3	NA18970	h2	TypeI	1	NA18970_hap2_hprc_r2_v1.0.1_HML-2_5q33.3
5q33.3	NA18971	h1	TypeI	1	NA18971_hap1_hprc_r2_v1.0.1_HML-2_5q33.3
5q33.3	NA18971	h2	TypeI	1	NA18971_hap2_hprc_r2_v1.0.1_HML-2_5q33.3
5q33.3	NA18974	h1	TypeI	1	NA18974_hap1_hprc_r2_v1.0.1_HML-2_5q33.3
5q33.3	NA18974	h2	TypeI	1	NA18974_hap2_hprc_r2_v1.0.1_HML-2_5q33.3
5q33.3	NA18976	h1	TypeI	1	NA18976_hap1_hprc_r2_v1.0.1_HML-2_5q33.3
5q33.3	NA18976	h2	TypeI	1	NA18976_hap2_hprc_r2_v1.0.1_HML-2_5q33.3
5q33.3	NA18982	h1	TypeI	1	NA18982_hap1_hprc_r2_v1.0.1_HML-2_5q33.3
5q33.3	NA18982	h2	TypeI	1	NA18982_hap2_hprc_r2_v1.0.1_HML-2_5q33.3
5q33.3	NA18983	h1	TypeI	1	NA18983_hap1_hprc_r2_v1.0.1_HML-2_5q33.3
5q33.3	NA18983	h2	TypeI	1	NA18983_hap2_hprc_r2_v1.0.1_HML-2_5q33.3
5q33.3	NA18989	h1	TypeI	1	NA18989_h1_HML-2_5q33.3_graph_hgsvc3-2024-02-23-mc-chm13
5q33.3	NA18989	h2	TypeI	1	NA18989_h2_HML-2_5q33.3_graph_hgsvc3-2024-02-23-mc-chm13
5q33.3	NA19036	h1	TypeI	1	NA19036_hap1_hprc_r2_v1.0.1_HML-2_5q33.3
5q33.3	NA19036	h2	solo_LTR	1	NA19036_hap2_hprc_r2_v1.0.1_HML-2_5q33.3
5q33.3	NA19043	h1	TypeI	1	NA19043_hap1_hprc_r2_v1.0.1_HML-2_5q33.3
5q33.3	NA19043	h2	TypeI	1	NA19043_hap2_hprc_r2_v1.0.1_HML-2_5q33.3
5q33.3	NA19087	h1	TypeI	1	NA19087_hap1_hprc_r2_v1.0.1_HML-2_5q33.3
5q33.3	NA19087	h2	TypeI	1	NA19087_hap2_hprc_r2_v1.0.1_HML-2_5q33.3
5q33.3	NA19129	h1	TypeI	1	NA19129_h1_HML-2_5q33.3_graph_hgsvc3-2024-02-23-mc-chm13
5q33.3	NA19129	h2	TypeI	1	NA19129_h2_HML-2_5q33.3_graph_hgsvc3-2024-02-23-mc-chm13
5q33.3	NA19159	h1	TypeI	1	NA19159_hap1_hprc_r2_v1.0.1_HML-2_5q33.3
5q33.3	NA19159	h2	TypeI	1	NA19159_hap2_hprc_r2_v1.0.1_HML-2_5q33.3
5q33.3	NA19185	h1	TypeI	1	NA19185_hap1_hprc_r2_v1.0.1_HML-2_5q33.3
5q33.3	NA19185	h2	TypeI	1	NA19185_hap2_hprc_r2_v1.0.1_HML-2_5q33.3
5q33.3	NA19238	h1	TypeI	1	NA19238_h1_HML-2_5q33.3_graph_hgsvc3-2024-02-23-mc-chm13
5q33.3	NA19238	h2	TypeI	1	NA19238_h2_HML-2_5q33.3_graph_hgsvc3-2024-02-23-mc-chm13
5q33.3	NA19239	h1	TypeI	1	NA19239_h1_HML-2_5q33.3_graph_hgsvc3-2024-02-23-mc-chm13
5q33.3	NA19239	h2	TypeI	1	NA19239_h2_HML-2_5q33.3_graph_hgsvc3-2024-02-23-mc-chm13
5q33.3	NA19240	mat	TypeI	1	NA19240_mat_hprc_r2_v1.0.1_HML-2_5q33.3
5q33.3	NA19240	pat	TypeI	1	NA19240_pat_hprc_r2_v1.0.1_HML-2_5q33.3
5q33.3	NA19317	h1	TypeI	1	NA19317_h1_HML-2_5q33.3_graph_hgsvc3-2024-02-23-mc-chm13
5q33.3	NA19317	h2	TypeI	1	NA19317_h2_HML-2_5q33.3_graph_hgsvc3-2024-02-23-mc-chm13
5q33.3	NA19331	h1	TypeI	1	NA19331_h1_HML-2_5q33.3_graph_hgsvc3-2024-02-23-mc-chm13
5q33.3	NA19331	h2	TypeI	1	NA19331_h2_HML-2_5q33.3_graph_hgsvc3-2024-02-23-mc-chm13
5q33.3	NA19338	h1	TypeI	1	NA19338_hap1_hprc_r2_v1.0.1_HML-2_5q33.3
5q33.3	NA19338	h2	solo_LTR	1	NA19338_hap2_hprc_r2_v1.0.1_HML-2_5q33.3
5q33.3	NA19347	h1	solo_LTR	1	NA19347_h1_HML-2_5q33.3_graph_hgsvc3-2024-02-23-mc-chm13
5q33.3	NA19347	h2	TypeI	1	NA19347_h2_HML-2_5q33.3_graph_hgsvc3-2024-02-23-mc-chm13
5q33.3	NA19384	h1	TypeI	1	NA19384_h1_HML-2_5q33.3_graph_hgsvc3-2024-02-23-mc-chm13
5q33.3	NA19384	h2	TypeI	1	NA19384_h2_HML-2_5q33.3_graph_hgsvc3-2024-02-23-mc-chm13
5q33.3	NA19391	h1	solo_LTR	1	NA19391_hap1_hprc_r2_v1.0.1_HML-2_5q33.3
5q33.3	NA19391	h2	TypeI	1	NA19391_hap2_hprc_r2_v1.0.1_HML-2_5q33.3
5q33.3	NA19434	h1	TypeI	1	NA19434_h1_HML-2_5q33.3_graph_hgsvc3-2024-02-23-mc-chm13
5q33.3	NA19434	h2	technical_record	1	NA19434_h2_HML-2_5q33.3_placeholder
5q33.3	NA19443	h1	TypeI	1	NA19443_hap1_hprc_r2_v1.0.1_HML-2_5q33.3
5q33.3	NA19443	h2	TypeI	1	NA19443_hap2_hprc_r2_v1.0.1_HML-2_5q33.3
5q33.3	NA19468	h1	TypeI	1	NA19468_hap1_hprc_r2_v1.0.1_HML-2_5q33.3
5q33.3	NA19468	h2	TypeI	1	NA19468_hap2_hprc_r2_v1.0.1_HML-2_5q33.3
5q33.3	NA19650	h1	TypeI	1	NA19650_h1_HML-2_5q33.3_graph_hgsvc3-2024-02-23-mc-chm13
5q33.3	NA19650	h2	TypeI	1	NA19650_h2_HML-2_5q33.3_graph_hgsvc3-2024-02-23-mc-chm13
5q33.3	NA19682	h1	TypeI	1	NA19682_hap1_hprc_r2_v1.0.1_HML-2_5q33.3
5q33.3	NA19682	h2	TypeI	1	NA19682_hap2_hprc_r2_v1.0.1_HML-2_5q33.3
5q33.3	NA19700	h1	solo_LTR	1	NA19700_hap1_hprc_r2_v1.0.1_HML-2_5q33.3
5q33.3	NA19700	h2	TypeI	1	NA19700_hap2_hprc_r2_v1.0.1_HML-2_5q33.3
5q33.3	NA19705	h1	TypeI	2	NA19705_h1_HML-2_5q33.3_graph_hgsvc3-2024-02-23-mc-chm13_MULTI_part1|NA19705_h1_HML-2_5q33.3_graph_hgsvc3-2024-02-23-mc-chm13_MULTI_part2
5q33.3	NA19705	h2	TypeI	1	NA19705_h2_HML-2_5q33.3_graph_hgsvc3-2024-02-23-mc-chm13
5q33.3	NA19776	h1	TypeI	1	NA19776_hap1_hprc_r2_v1.0.1_HML-2_5q33.3
5q33.3	NA19776	h2	TypeI	1	NA19776_hap2_hprc_r2_v1.0.1_HML-2_5q33.3
5q33.3	NA19835	h1	TypeI	1	NA19835_hap1_hprc_r2_v1.0.1_HML-2_5q33.3
5q33.3	NA19835	h2	TypeI	1	NA19835_hap2_hprc_r2_v1.0.1_HML-2_5q33.3
5q33.3	NA19836	h1	TypeI	1	NA19836_h1_HML-2_5q33.3_graph_hgsvc3-2024-02-23-mc-chm13
5q33.3	NA19836	h2	TypeI	1	NA19836_h2_HML-2_5q33.3_graph_hgsvc3-2024-02-23-mc-chm13
5q33.3	NA19909	h1	TypeI	1	NA19909_hap1_hprc_r2_v1.0.1_HML-2_5q33.3
5q33.3	NA19909	h2	solo_LTR	1	NA19909_hap2_hprc_r2_v1.0.1_HML-2_5q33.3
5q33.3	NA19983	h1	TypeI	1	NA19983_h1_HML-2_5q33.3_graph_hgsvc3-2024-02-23-mc-chm13
5q33.3	NA19983	h2	TypeI	1	NA19983_h2_HML-2_5q33.3_graph_hgsvc3-2024-02-23-mc-chm13
5q33.3	NA20129	mat	TypeI	1	NA20129_mat_hprc_r2_v1.0.1_HML-2_5q33.3
5q33.3	NA20129	pat	TypeI	1	NA20129_pat_hprc_r2_v1.0.1_HML-2_5q33.3
5q33.3	NA20282	h1	TypeI	1	NA20282_hap1_hprc_r2_v1.0.1_HML-2_5q33.3
5q33.3	NA20282	h2	TypeI	1	NA20282_hap2_hprc_r2_v1.0.1_HML-2_5q33.3
5q33.3	NA20346	h1	TypeI	1	NA20346_hap1_hprc_r2_v1.0.1_HML-2_5q33.3
5q33.3	NA20346	h2	TypeI	1	NA20346_hap2_hprc_r2_v1.0.1_HML-2_5q33.3
5q33.3	NA20355	h1	TypeI	1	NA20355_h1_HML-2_5q33.3_graph_hgsvc3-2024-02-23-mc-chm13
5q33.3	NA20355	h2	TypeI	1	NA20355_h2_HML-2_5q33.3_graph_hgsvc3-2024-02-23-mc-chm13
5q33.3	NA20503	h1	TypeI	1	NA20503_hap1_hprc_r2_v1.0.1_HML-2_5q33.3
5q33.3	NA20503	h2	TypeI	1	NA20503_hap2_hprc_r2_v1.0.1_HML-2_5q33.3
5q33.3	NA20509	h1	TypeI	1	NA20509_h1_HML-2_5q33.3_graph_hgsvc3-2024-02-23-mc-chm13
5q33.3	NA20509	h2	TypeI	1	NA20509_h2_HML-2_5q33.3_graph_hgsvc3-2024-02-23-mc-chm13
5q33.3	NA20752	h1	TypeI	1	NA20752_hap1_hprc_r2_v1.0.1_HML-2_5q33.3
5q33.3	NA20752	h2	TypeI	1	NA20752_hap2_hprc_r2_v1.0.1_HML-2_5q33.3
5q33.3	NA20762	h1	TypeI	1	NA20762_hap1_hprc_r2_v1.0.1_HML-2_5q33.3
5q33.3	NA20762	h2	TypeI	1	NA20762_hap2_hprc_r2_v1.0.1_HML-2_5q33.3
5q33.3	NA20799	h1	TypeI	1	NA20799_hap1_hprc_r2_v1.0.1_HML-2_5q33.3
5q33.3	NA20799	h2	TypeI	1	NA20799_hap2_hprc_r2_v1.0.1_HML-2_5q33.3
5q33.3	NA20805	h1	TypeI	1	NA20805_hap1_hprc_r2_v1.0.1_HML-2_5q33.3
5q33.3	NA20805	h2	TypeI	1	NA20805_hap2_hprc_r2_v1.0.1_HML-2_5q33.3
5q33.3	NA20806	h1	TypeI	1	NA20806_hap1_hprc_r2_v1.0.1_HML-2_5q33.3
5q33.3	NA20806	h2	TypeI	1	NA20806_hap2_hprc_r2_v1.0.1_HML-2_5q33.3
5q33.3	NA20809	h1	TypeI	1	NA20809_hap1_hprc_r2_v1.0.1_HML-2_5q33.3
5q33.3	NA20809	h2	TypeI	1	NA20809_hap2_hprc_r2_v1.0.1_HML-2_5q33.3
5q33.3	NA20827	h1	TypeI	1	NA20827_hap1_hprc_r2_v1.0.1_HML-2_5q33.3
5q33.3	NA20827	h2	TypeI	1	NA20827_hap2_hprc_r2_v1.0.1_HML-2_5q33.3
5q33.3	NA20847	h1	TypeI	1	NA20847_h1_HML-2_5q33.3_graph_hgsvc3-2024-02-23-mc-chm13
5q33.3	NA20847	h2	TypeI	1	NA20847_h2_HML-2_5q33.3_graph_hgsvc3-2024-02-23-mc-chm13
5q33.3	NA20850	h1	TypeI	1	NA20850_hap1_hprc_r2_v1.0.1_HML-2_5q33.3
5q33.3	NA20850	h2	TypeI	1	NA20850_hap2_hprc_r2_v1.0.1_HML-2_5q33.3
5q33.3	NA20870	h1	TypeI	1	NA20870_hap1_hprc_r2_v1.0.1_HML-2_5q33.3
5q33.3	NA20870	h2	TypeI	1	NA20870_hap2_hprc_r2_v1.0.1_HML-2_5q33.3
5q33.3	NA20905	h1	TypeI	1	NA20905_hap1_hprc_r2_v1.0.1_HML-2_5q33.3
5q33.3	NA20905	h2	TypeI	1	NA20905_hap2_hprc_r2_v1.0.1_HML-2_5q33.3
5q33.3	NA21093	h1	TypeI	1	NA21093_hap1_hprc_r2_v1.0.1_HML-2_5q33.3
5q33.3	NA21093	h2	TypeI	1	NA21093_hap2_hprc_r2_v1.0.1_HML-2_5q33.3
5q33.3	NA21102	h1	TypeI	1	NA21102_hap1_hprc_r2_v1.0.1_HML-2_5q33.3
5q33.3	NA21102	h2	TypeI	1	NA21102_hap2_hprc_r2_v1.0.1_HML-2_5q33.3
5q33.3	NA21106	h1	TypeI	1	NA21106_hap1_hprc_r2_v1.0.1_HML-2_5q33.3
5q33.3	NA21106	h2	TypeI	1	NA21106_hap2_hprc_r2_v1.0.1_HML-2_5q33.3
5q33.3	NA21110	h1	TypeI	1	NA21110_hap1_hprc_r2_v1.0.1_HML-2_5q33.3
5q33.3	NA21110	h2	TypeI	1	NA21110_hap2_hprc_r2_v1.0.1_HML-2_5q33.3
5q33.3	NA21144	h1	TypeI	1	NA21144_hap1_hprc_r2_v1.0.1_HML-2_5q33.3
5q33.3	NA21144	h2	TypeI	1	NA21144_hap2_hprc_r2_v1.0.1_HML-2_5q33.3
5q33.3	NA21309	mat	TypeI	1	NA21309_mat_hprc_r2_v1.0.1_HML-2_5q33.3
5q33.3	NA21309	pat	TypeI	1	NA21309_pat_hprc_r2_v1.0.1_HML-2_5q33.3
5q33.3	NA21487	h1	TypeI	1	NA21487_h1_HML-2_5q33.3_graph_hgsvc3-2024-02-23-mc-chm13
5q33.3	NA21487	h2	TypeI	1	NA21487_h2_HML-2_5q33.3_graph_hgsvc3-2024-02-23-mc-chm13
5q33.3	NA24385	h1	TypeI	1	NA24385_h1_HML-2_5q33.3_graph_hgsvc3-2024-02-23-mc-chm13
5q33.3	NA24385	h2	TypeI	1	NA24385_h2_HML-2_5q33.3_graph_hgsvc3-2024-02-23-mc-chm13
8q11.23_new	HG00096	h1	solo_LTR	1	HG00096_h1_HML-2_8q11.23_new_graph_hgsvc3-2024-02-23-mc-chm13
8q11.23_new	HG00096	h2	solo_LTR	1	HG00096_h2_HML-2_8q11.23_new_graph_hgsvc3-2024-02-23-mc-chm13
8q11.23_new	HG00097	h1	solo_LTR	1	HG00097_hap1_hprc_r2_v1.0.1_HML-2_8q11.23_new
8q11.23_new	HG00097	h2	solo_LTR	1	HG00097_hap2_hprc_r2_v1.0.1_HML-2_8q11.23_new
8q11.23_new	HG00099	h1	solo_LTR	1	HG00099_hap1_hprc_r2_v1.0.1_HML-2_8q11.23_new
8q11.23_new	HG00099	h2	solo_LTR	1	HG00099_hap2_hprc_r2_v1.0.1_HML-2_8q11.23_new
8q11.23_new	HG00126	h1	solo_LTR	1	HG00126_hap1_hprc_r2_v1.0.1_HML-2_8q11.23_new
8q11.23_new	HG00126	h2	solo_LTR	1	HG00126_hap2_hprc_r2_v1.0.1_HML-2_8q11.23_new
8q11.23_new	HG00128	h1	solo_LTR	1	HG00128_hap1_hprc_r2_v1.0.1_HML-2_8q11.23_new
8q11.23_new	HG00128	h2	solo_LTR	1	HG00128_hap2_hprc_r2_v1.0.1_HML-2_8q11.23_new
8q11.23_new	HG00133	h1	solo_LTR	1	HG00133_hap1_hprc_r2_v1.0.1_HML-2_8q11.23_new
8q11.23_new	HG00133	h2	solo_LTR	1	HG00133_hap2_hprc_r2_v1.0.1_HML-2_8q11.23_new
8q11.23_new	HG00140	h1	solo_LTR	1	HG00140_hap1_hprc_r2_v1.0.1_HML-2_8q11.23_new
8q11.23_new	HG00140	h2	solo_LTR	1	HG00140_hap2_hprc_r2_v1.0.1_HML-2_8q11.23_new
8q11.23_new	HG00146	h1	solo_LTR	1	HG00146_hap1_hprc_r2_v1.0.1_HML-2_8q11.23_new
8q11.23_new	HG00146	h2	solo_LTR	1	HG00146_hap2_hprc_r2_v1.0.1_HML-2_8q11.23_new
8q11.23_new	HG00171	h1	solo_LTR	1	HG00171_h1_HML-2_8q11.23_new_graph_hgsvc3-2024-02-23-mc-chm13
8q11.23_new	HG00171	h2	solo_LTR	1	HG00171_h2_HML-2_8q11.23_new_graph_hgsvc3-2024-02-23-mc-chm13
8q11.23_new	HG00232	h1	solo_LTR	1	HG00232_hap1_hprc_r2_v1.0.1_HML-2_8q11.23_new
8q11.23_new	HG00232	h2	solo_LTR	1	HG00232_hap2_hprc_r2_v1.0.1_HML-2_8q11.23_new
8q11.23_new	HG00235	h1	solo_LTR	1	HG00235_hap1_hprc_r2_v1.0.1_HML-2_8q11.23_new
8q11.23_new	HG00235	h2	solo_LTR	1	HG00235_hap2_hprc_r2_v1.0.1_HML-2_8q11.23_new
8q11.23_new	HG00253	h1	solo_LTR	1	HG00253_hap1_hprc_r2_v1.0.1_HML-2_8q11.23_new
8q11.23_new	HG00253	h2	solo_LTR	1	HG00253_hap2_hprc_r2_v1.0.1_HML-2_8q11.23_new
8q11.23_new	HG00268	h1	solo_LTR	1	HG00268_h1_HML-2_8q11.23_new_graph_hgsvc3-2024-02-23-mc-chm13
8q11.23_new	HG00268	h2	solo_LTR	1	HG00268_h2_HML-2_8q11.23_new_graph_hgsvc3-2024-02-23-mc-chm13
8q11.23_new	HG00272	h1	solo_LTR	1	HG00272_hap1_hprc_r2_v1.0.1_HML-2_8q11.23_new
8q11.23_new	HG00272	h2	solo_LTR	1	HG00272_hap2_hprc_r2_v1.0.1_HML-2_8q11.23_new
8q11.23_new	HG00280	h1	solo_LTR	1	HG00280_hap1_hprc_r2_v1.0.1_HML-2_8q11.23_new
8q11.23_new	HG00280	h2	solo_LTR	1	HG00280_hap2_hprc_r2_v1.0.1_HML-2_8q11.23_new
8q11.23_new	HG00290	h1	solo_LTR	1	HG00290_hap1_hprc_r2_v1.0.1_HML-2_8q11.23_new
8q11.23_new	HG00290	h2	solo_LTR	1	HG00290_hap2_hprc_r2_v1.0.1_HML-2_8q11.23_new
8q11.23_new	HG00320	h1	solo_LTR	1	HG00320_hap1_hprc_r2_v1.0.1_HML-2_8q11.23_new
8q11.23_new	HG00320	h2	solo_LTR	1	HG00320_hap2_hprc_r2_v1.0.1_HML-2_8q11.23_new
8q11.23_new	HG00321	h1	solo_LTR	1	HG00321_hap1_hprc_r2_v1.0.1_HML-2_8q11.23_new
8q11.23_new	HG00321	h2	solo_LTR	1	HG00321_hap2_hprc_r2_v1.0.1_HML-2_8q11.23_new
8q11.23_new	HG00323	h1	solo_LTR	1	HG00323_hap1_hprc_r2_v1.0.1_HML-2_8q11.23_new
8q11.23_new	HG00323	h2	solo_LTR	1	HG00323_hap2_hprc_r2_v1.0.1_HML-2_8q11.23_new
8q11.23_new	HG00329	h1	solo_LTR	1	HG00329_hap1_hprc_r2_v1.0.1_HML-2_8q11.23_new
8q11.23_new	HG00329	h2	solo_LTR	1	HG00329_hap2_hprc_r2_v1.0.1_HML-2_8q11.23_new
8q11.23_new	HG00344	h1	solo_LTR	1	HG00344_hap1_hprc_r2_v1.0.1_HML-2_8q11.23_new
8q11.23_new	HG00344	h2	solo_LTR	1	HG00344_hap2_hprc_r2_v1.0.1_HML-2_8q11.23_new
8q11.23_new	HG00350	h1	solo_LTR	1	HG00350_hap1_hprc_r2_v1.0.1_HML-2_8q11.23_new
8q11.23_new	HG00350	h2	solo_LTR	1	HG00350_hap2_hprc_r2_v1.0.1_HML-2_8q11.23_new
8q11.23_new	HG00358	h1	solo_LTR	1	HG00358_h1_HML-2_8q11.23_new_graph_hgsvc3-2024-02-23-mc-chm13
8q11.23_new	HG00358	h2	solo_LTR	1	HG00358_h2_HML-2_8q11.23_new_graph_hgsvc3-2024-02-23-mc-chm13
8q11.23_new	HG00408	mat	solo_LTR	1	HG00408_mat_hprc_r2_v1.0.1_HML-2_8q11.23_new
8q11.23_new	HG00408	pat	solo_LTR	1	HG00408_pat_hprc_r2_v1.0.1_HML-2_8q11.23_new
8q11.23_new	HG00423	mat	solo_LTR	1	HG00423_mat_hprc_r2_v1.0.1_HML-2_8q11.23_new
8q11.23_new	HG00423	pat	solo_LTR	1	HG00423_pat_hprc_r2_v1.0.1_HML-2_8q11.23_new
8q11.23_new	HG00438	mat	solo_LTR	1	HG00438_mat_hprc_r2_v1.0.1_HML-2_8q11.23_new
8q11.23_new	HG00438	pat	solo_LTR	1	HG00438_pat_hprc_r2_v1.0.1_HML-2_8q11.23_new
8q11.23_new	HG005	mat	solo_LTR	1	HG005_mat_hprc_r2_v1.0.1_HML-2_8q11.23_new
8q11.23_new	HG005	pat	solo_LTR	1	HG005_pat_hprc_r2_v1.0.1_HML-2_8q11.23_new
8q11.23_new	HG00512	h1	solo_LTR	1	HG00512_h1_HML-2_8q11.23_new_graph_hgsvc3-2024-02-23-mc-chm13
8q11.23_new	HG00512	h2	solo_LTR	1	HG00512_h2_HML-2_8q11.23_new_graph_hgsvc3-2024-02-23-mc-chm13
8q11.23_new	HG00513	h1	solo_LTR	1	HG00513_h1_HML-2_8q11.23_new_graph_hgsvc3-2024-02-23-mc-chm13
8q11.23_new	HG00513	h2	solo_LTR	1	HG00513_h2_HML-2_8q11.23_new_graph_hgsvc3-2024-02-23-mc-chm13
8q11.23_new	HG00514	h1	solo_LTR	1	HG00514_h1_HML-2_8q11.23_new_graph_hgsvc3-2024-02-23-mc-chm13
8q11.23_new	HG00514	h2	solo_LTR	1	HG00514_h2_HML-2_8q11.23_new_graph_hgsvc3-2024-02-23-mc-chm13
8q11.23_new	HG00544	mat	solo_LTR	1	HG00544_mat_hprc_r2_v1.0.1_HML-2_8q11.23_new
8q11.23_new	HG00544	pat	solo_LTR	1	HG00544_pat_hprc_r2_v1.0.1_HML-2_8q11.23_new
8q11.23_new	HG00558	mat	solo_LTR	1	HG00558_mat_hprc_r2_v1.0.1_HML-2_8q11.23_new
8q11.23_new	HG00558	pat	solo_LTR	1	HG00558_pat_hprc_r2_v1.0.1_HML-2_8q11.23_new
8q11.23_new	HG00597	mat	solo_LTR	1	HG00597_mat_hprc_r2_v1.0.1_HML-2_8q11.23_new
8q11.23_new	HG00597	pat	solo_LTR	1	HG00597_pat_hprc_r2_v1.0.1_HML-2_8q11.23_new
8q11.23_new	HG00609	mat	solo_LTR	1	HG00609_mat_hprc_r2_v1.0.1_HML-2_8q11.23_new
8q11.23_new	HG00609	pat	solo_LTR	1	HG00609_pat_hprc_r2_v1.0.1_HML-2_8q11.23_new
8q11.23_new	HG00621	mat	solo_LTR	1	HG00621_mat_hprc_r2_v1.0.1_HML-2_8q11.23_new
8q11.23_new	HG00621	pat	solo_LTR	1	HG00621_pat_hprc_r2_v1.0.1_HML-2_8q11.23_new
8q11.23_new	HG00639	mat	solo_LTR	1	HG00639_mat_hprc_r2_v1.0.1_HML-2_8q11.23_new
8q11.23_new	HG00639	pat	solo_LTR	1	HG00639_pat_hprc_r2_v1.0.1_HML-2_8q11.23_new
8q11.23_new	HG00642	mat	solo_LTR	1	HG00642_mat_hprc_r2_v1.0.1_HML-2_8q11.23_new
8q11.23_new	HG00642	pat	solo_LTR	1	HG00642_pat_hprc_r2_v1.0.1_HML-2_8q11.23_new
8q11.23_new	HG00658	mat	solo_LTR	1	HG00658_mat_hprc_r2_v1.0.1_HML-2_8q11.23_new
8q11.23_new	HG00658	pat	solo_LTR	1	HG00658_pat_hprc_r2_v1.0.1_HML-2_8q11.23_new
8q11.23_new	HG00673	mat	solo_LTR	1	HG00673_mat_hprc_r2_v1.0.1_HML-2_8q11.23_new
8q11.23_new	HG00673	pat	solo_LTR	1	HG00673_pat_hprc_r2_v1.0.1_HML-2_8q11.23_new
8q11.23_new	HG00706	mat	solo_LTR	1	HG00706_mat_hprc_r2_v1.0.1_HML-2_8q11.23_new
8q11.23_new	HG00706	pat	solo_LTR	1	HG00706_pat_hprc_r2_v1.0.1_HML-2_8q11.23_new
8q11.23_new	HG00731	h1	solo_LTR	1	HG00731_h1_HML-2_8q11.23_new_graph_hgsvc3-2024-02-23-mc-chm13
8q11.23_new	HG00731	h2	solo_LTR	1	HG00731_h2_HML-2_8q11.23_new_graph_hgsvc3-2024-02-23-mc-chm13
8q11.23_new	HG00732	h1	solo_LTR	1	HG00732_h1_HML-2_8q11.23_new_graph_hgsvc3-2024-02-23-mc-chm13
8q11.23_new	HG00732	h2	solo_LTR	1	HG00732_h2_HML-2_8q11.23_new_graph_hgsvc3-2024-02-23-mc-chm13
8q11.23_new	HG00733	mat	solo_LTR	1	HG00733_mat_hprc_r2_v1.0.1_HML-2_8q11.23_new
8q11.23_new	HG00733	pat	solo_LTR	1	HG00733_pat_hprc_r2_v1.0.1_HML-2_8q11.23_new
8q11.23_new	HG00735	mat	solo_LTR	1	HG00735_mat_hprc_r2_v1.0.1_HML-2_8q11.23_new
8q11.23_new	HG00735	pat	solo_LTR	1	HG00735_pat_hprc_r2_v1.0.1_HML-2_8q11.23_new
8q11.23_new	HG00738	mat	solo_LTR	1	HG00738_mat_hprc_r2_v1.0.1_HML-2_8q11.23_new
8q11.23_new	HG00738	pat	solo_LTR	1	HG00738_pat_hprc_r2_v1.0.1_HML-2_8q11.23_new
8q11.23_new	HG00741	mat	solo_LTR	1	HG00741_mat_hprc_r2_v1.0.1_HML-2_8q11.23_new
8q11.23_new	HG00741	pat	solo_LTR	1	HG00741_pat_hprc_r2_v1.0.1_HML-2_8q11.23_new
8q11.23_new	HG00864	h1	solo_LTR	1	HG00864_h1_HML-2_8q11.23_new_graph_hgsvc3-2024-02-23-mc-chm13
8q11.23_new	HG00864	h2	solo_LTR	1	HG00864_h2_HML-2_8q11.23_new_graph_hgsvc3-2024-02-23-mc-chm13
8q11.23_new	HG01071	mat	solo_LTR	1	HG01071_mat_hprc_r2_v1.0.1_HML-2_8q11.23_new
8q11.23_new	HG01071	pat	solo_LTR	1	HG01071_pat_hprc_r2_v1.0.1_HML-2_8q11.23_new
8q11.23_new	HG01074	mat	solo_LTR	1	HG01074_mat_hprc_r2_v1.0.1_HML-2_8q11.23_new
8q11.23_new	HG01074	pat	solo_LTR	1	HG01074_pat_hprc_r2_v1.0.1_HML-2_8q11.23_new
8q11.23_new	HG01081	mat	solo_LTR	1	HG01081_mat_hprc_r2_v1.0.1_HML-2_8q11.23_new
8q11.23_new	HG01081	pat	solo_LTR	1	HG01081_pat_hprc_r2_v1.0.1_HML-2_8q11.23_new
8q11.23_new	HG01099	mat	solo_LTR	1	HG01099_mat_hprc_r2_v1.0.1_HML-2_8q11.23_new
8q11.23_new	HG01099	pat	solo_LTR	1	HG01099_pat_hprc_r2_v1.0.1_HML-2_8q11.23_new
8q11.23_new	HG01106	mat	solo_LTR	1	HG01106_mat_hprc_r2_v1.0.1_HML-2_8q11.23_new
8q11.23_new	HG01106	pat	solo_LTR	1	HG01106_pat_hprc_r2_v1.0.1_HML-2_8q11.23_new
8q11.23_new	HG01109	mat	solo_LTR	1	HG01109_mat_hprc_r2_v1.0.1_HML-2_8q11.23_new
8q11.23_new	HG01109	pat	solo_LTR	1	HG01109_pat_hprc_r2_v1.0.1_HML-2_8q11.23_new
8q11.23_new	HG01114	h1	solo_LTR	1	HG01114_h1_HML-2_8q11.23_new_graph_hgsvc3-2024-02-23-mc-chm13
8q11.23_new	HG01114	h2	solo_LTR	1	HG01114_h2_HML-2_8q11.23_new_graph_hgsvc3-2024-02-23-mc-chm13
8q11.23_new	HG01123	mat	solo_LTR	1	HG01123_mat_hprc_r2_v1.0.1_HML-2_8q11.23_new
8q11.23_new	HG01123	pat	solo_LTR	1	HG01123_pat_hprc_r2_v1.0.1_HML-2_8q11.23_new
8q11.23_new	HG01150	mat	solo_LTR	1	HG01150_mat_hprc_r2_v1.0.1_HML-2_8q11.23_new
8q11.23_new	HG01150	pat	solo_LTR	1	HG01150_pat_hprc_r2_v1.0.1_HML-2_8q11.23_new
8q11.23_new	HG01167	h1	solo_LTR	1	HG01167_hap1_hprc_r2_v1.0.1_HML-2_8q11.23_new
8q11.23_new	HG01167	h2	solo_LTR	1	HG01167_hap2_hprc_r2_v1.0.1_HML-2_8q11.23_new
8q11.23_new	HG01175	mat	solo_LTR	1	HG01175_mat_hprc_r2_v1.0.1_HML-2_8q11.23_new
8q11.23_new	HG01175	pat	solo_LTR	1	HG01175_pat_hprc_r2_v1.0.1_HML-2_8q11.23_new
8q11.23_new	HG01192	mat	solo_LTR	1	HG01192_mat_hprc_r2_v1.0.1_HML-2_8q11.23_new
8q11.23_new	HG01192	pat	solo_LTR	1	HG01192_pat_hprc_r2_v1.0.1_HML-2_8q11.23_new
8q11.23_new	HG01243	mat	solo_LTR	1	HG01243_mat_hprc_r2_v1.0.1_HML-2_8q11.23_new
8q11.23_new	HG01243	pat	solo_LTR	1	HG01243_pat_hprc_r2_v1.0.1_HML-2_8q11.23_new
8q11.23_new	HG01252	mat	solo_LTR	1	HG01252_mat_hprc_r2_v1.0.1_HML-2_8q11.23_new
8q11.23_new	HG01252	pat	solo_LTR	1	HG01252_pat_hprc_r2_v1.0.1_HML-2_8q11.23_new
8q11.23_new	HG01255	mat	solo_LTR	1	HG01255_mat_hprc_r2_v1.0.1_HML-2_8q11.23_new
8q11.23_new	HG01255	pat	solo_LTR	1	HG01255_pat_hprc_r2_v1.0.1_HML-2_8q11.23_new
8q11.23_new	HG01258	mat	solo_LTR	1	HG01258_mat_hprc_r2_v1.0.1_HML-2_8q11.23_new
8q11.23_new	HG01258	pat	solo_LTR	1	HG01258_pat_hprc_r2_v1.0.1_HML-2_8q11.23_new
8q11.23_new	HG01261	mat	solo_LTR	1	HG01261_mat_hprc_r2_v1.0.1_HML-2_8q11.23_new
8q11.23_new	HG01261	pat	solo_LTR	1	HG01261_pat_hprc_r2_v1.0.1_HML-2_8q11.23_new
8q11.23_new	HG01346	mat	solo_LTR	1	HG01346_mat_hprc_r2_v1.0.1_HML-2_8q11.23_new
8q11.23_new	HG01346	pat	solo_LTR	1	HG01346_pat_hprc_r2_v1.0.1_HML-2_8q11.23_new
8q11.23_new	HG01352	h1	solo_LTR	1	HG01352_h1_HML-2_8q11.23_new_graph_hgsvc3-2024-02-23-mc-chm13
8q11.23_new	HG01352	h2	solo_LTR	1	HG01352_h2_HML-2_8q11.23_new_graph_hgsvc3-2024-02-23-mc-chm13
8q11.23_new	HG01358	mat	solo_LTR	1	HG01358_mat_hprc_r2_v1.0.1_HML-2_8q11.23_new
8q11.23_new	HG01358	pat	solo_LTR	1	HG01358_pat_hprc_r2_v1.0.1_HML-2_8q11.23_new
8q11.23_new	HG01361	mat	solo_LTR	1	HG01361_mat_hprc_r2_v1.0.1_HML-2_8q11.23_new
8q11.23_new	HG01361	pat	solo_LTR	1	HG01361_pat_hprc_r2_v1.0.1_HML-2_8q11.23_new
8q11.23_new	HG01433	mat	solo_LTR	1	HG01433_mat_hprc_r2_v1.0.1_HML-2_8q11.23_new
8q11.23_new	HG01433	pat	solo_LTR	1	HG01433_pat_hprc_r2_v1.0.1_HML-2_8q11.23_new
8q11.23_new	HG01457	h1	solo_LTR	1	HG01457_h1_HML-2_8q11.23_new_graph_hgsvc3-2024-02-23-mc-chm13
8q11.23_new	HG01457	h2	solo_LTR	1	HG01457_h2_HML-2_8q11.23_new_graph_hgsvc3-2024-02-23-mc-chm13
8q11.23_new	HG01496	mat	solo_LTR	1	HG01496_mat_hprc_r2_v1.0.1_HML-2_8q11.23_new
8q11.23_new	HG01496	pat	solo_LTR	1	HG01496_pat_hprc_r2_v1.0.1_HML-2_8q11.23_new
8q11.23_new	HG01505	h1	solo_LTR	1	HG01505_h1_HML-2_8q11.23_new_graph_hgsvc3-2024-02-23-mc-chm13
8q11.23_new	HG01505	h2	solo_LTR	1	HG01505_h2_HML-2_8q11.23_new_graph_hgsvc3-2024-02-23-mc-chm13
8q11.23_new	HG01530	h1	solo_LTR	1	HG01530_hap1_hprc_r2_v1.0.1_HML-2_8q11.23_new
8q11.23_new	HG01530	h2	solo_LTR	1	HG01530_hap2_hprc_r2_v1.0.1_HML-2_8q11.23_new
8q11.23_new	HG01573	h1	solo_LTR	1	HG01573_h1_HML-2_8q11.23_new_graph_hgsvc3-2024-02-23-mc-chm13
8q11.23_new	HG01573	h2	solo_LTR	1	HG01573_h2_HML-2_8q11.23_new_graph_hgsvc3-2024-02-23-mc-chm13
8q11.23_new	HG01596	h1	solo_LTR	1	HG01596_h1_HML-2_8q11.23_new_graph_hgsvc3-2024-02-23-mc-chm13
8q11.23_new	HG01596	h2	solo_LTR	1	HG01596_h2_HML-2_8q11.23_new_graph_hgsvc3-2024-02-23-mc-chm13
8q11.23_new	HG01784	h1	solo_LTR	1	HG01784_hap1_hprc_r2_v1.0.1_HML-2_8q11.23_new
8q11.23_new	HG01784	h2	solo_LTR	1	HG01784_hap2_hprc_r2_v1.0.1_HML-2_8q11.23_new
8q11.23_new	HG01786	h1	solo_LTR	1	HG01786_hap1_hprc_r2_v1.0.1_HML-2_8q11.23_new
8q11.23_new	HG01786	h2	solo_LTR	1	HG01786_hap2_hprc_r2_v1.0.1_HML-2_8q11.23_new
8q11.23_new	HG01884	mat	solo_LTR	1	HG01884_mat_hprc_r2_v1.0.1_HML-2_8q11.23_new
8q11.23_new	HG01884	pat	solo_LTR	1	HG01884_pat_hprc_r2_v1.0.1_HML-2_8q11.23_new
8q11.23_new	HG01890	h1	solo_LTR	1	HG01890_h1_HML-2_8q11.23_new_graph_hgsvc3-2024-02-23-mc-chm13
8q11.23_new	HG01890	h2	solo_LTR	1	HG01890_h2_HML-2_8q11.23_new_graph_hgsvc3-2024-02-23-mc-chm13
8q11.23_new	HG01891	mat	solo_LTR	1	HG01891_mat_hprc_r2_v1.0.1_HML-2_8q11.23_new
8q11.23_new	HG01891	pat	solo_LTR	1	HG01891_pat_hprc_r2_v1.0.1_HML-2_8q11.23_new
8q11.23_new	HG01928	mat	solo_LTR	1	HG01928_mat_hprc_r2_v1.0.1_HML-2_8q11.23_new
8q11.23_new	HG01928	pat	solo_LTR	1	HG01928_pat_hprc_r2_v1.0.1_HML-2_8q11.23_new
8q11.23_new	HG01934	mat	solo_LTR	1	HG01934_mat_hprc_r2_v1.0.1_HML-2_8q11.23_new
8q11.23_new	HG01934	pat	solo_LTR	1	HG01934_pat_hprc_r2_v1.0.1_HML-2_8q11.23_new
8q11.23_new	HG01940	mat	solo_LTR	1	HG01940_mat_hprc_r2_v1.0.1_HML-2_8q11.23_new
8q11.23_new	HG01940	pat	solo_LTR	1	HG01940_pat_hprc_r2_v1.0.1_HML-2_8q11.23_new
8q11.23_new	HG01943	mat	solo_LTR	1	HG01943_mat_hprc_r2_v1.0.1_HML-2_8q11.23_new
8q11.23_new	HG01943	pat	solo_LTR	1	HG01943_pat_hprc_r2_v1.0.1_HML-2_8q11.23_new
8q11.23_new	HG01952	mat	solo_LTR	1	HG01952_mat_hprc_r2_v1.0.1_HML-2_8q11.23_new
8q11.23_new	HG01952	pat	solo_LTR	1	HG01952_pat_hprc_r2_v1.0.1_HML-2_8q11.23_new
8q11.23_new	HG01960	mat	solo_LTR	1	HG01960_mat_hprc_r2_v1.0.1_HML-2_8q11.23_new
8q11.23_new	HG01960	pat	solo_LTR	1	HG01960_pat_hprc_r2_v1.0.1_HML-2_8q11.23_new
8q11.23_new	HG01969	mat	solo_LTR	1	HG01969_mat_hprc_r2_v1.0.1_HML-2_8q11.23_new
8q11.23_new	HG01969	pat	solo_LTR	1	HG01969_pat_hprc_r2_v1.0.1_HML-2_8q11.23_new
8q11.23_new	HG01975	mat	solo_LTR	1	HG01975_mat_hprc_r2_v1.0.1_HML-2_8q11.23_new
8q11.23_new	HG01975	pat	solo_LTR	1	HG01975_pat_hprc_r2_v1.0.1_HML-2_8q11.23_new
8q11.23_new	HG01978	mat	solo_LTR	1	HG01978_mat_hprc_r2_v1.1.0_HML-2_8q11.23_new
8q11.23_new	HG01978	pat	solo_LTR	1	HG01978_pat_hprc_r2_v1.1.0_HML-2_8q11.23_new
8q11.23_new	HG01981	mat	solo_LTR	1	HG01981_mat_hprc_r2_v1.0.1_HML-2_8q11.23_new
8q11.23_new	HG01981	pat	solo_LTR	1	HG01981_pat_hprc_r2_v1.0.1_HML-2_8q11.23_new
8q11.23_new	HG01993	mat	solo_LTR	1	HG01993_mat_hprc_r2_v1.0.1_HML-2_8q11.23_new
8q11.23_new	HG01993	pat	solo_LTR	1	HG01993_pat_hprc_r2_v1.0.1_HML-2_8q11.23_new
8q11.23_new	HG02004	mat	solo_LTR	1	HG02004_mat_hprc_r2_v1.0.1_HML-2_8q11.23_new
8q11.23_new	HG02004	pat	solo_LTR	1	HG02004_pat_hprc_r2_v1.0.1_HML-2_8q11.23_new
8q11.23_new	HG02011	h1	solo_LTR	1	HG02011_h1_HML-2_8q11.23_new_graph_hgsvc3-2024-02-23-mc-chm13
8q11.23_new	HG02011	h2	solo_LTR	1	HG02011_h2_HML-2_8q11.23_new_graph_hgsvc3-2024-02-23-mc-chm13
8q11.23_new	HG02015	mat	solo_LTR	1	HG02015_mat_hprc_r2_v1.0.1_HML-2_8q11.23_new
8q11.23_new	HG02015	pat	solo_LTR	1	HG02015_pat_hprc_r2_v1.0.1_HML-2_8q11.23_new
8q11.23_new	HG02018	h1	solo_LTR	1	HG02018_h1_HML-2_8q11.23_new_graph_hgsvc3-2024-02-23-mc-chm13
8q11.23_new	HG02018	h2	solo_LTR	1	HG02018_h2_HML-2_8q11.23_new_graph_hgsvc3-2024-02-23-mc-chm13
8q11.23_new	HG02027	mat	solo_LTR	1	HG02027_mat_hprc_r2_v1.0.1_HML-2_8q11.23_new
8q11.23_new	HG02027	pat	solo_LTR	1	HG02027_pat_hprc_r2_v1.0.1_HML-2_8q11.23_new
8q11.23_new	HG02040	h1	solo_LTR	1	HG02040_hap1_hprc_r2_v1.0.1_HML-2_8q11.23_new
8q11.23_new	HG02040	h2	solo_LTR	1	HG02040_hap2_hprc_r2_v1.0.1_HML-2_8q11.23_new
8q11.23_new	HG02055	mat	solo_LTR	1	HG02055_mat_hprc_r2_v1.0.1_HML-2_8q11.23_new
8q11.23_new	HG02055	pat	solo_LTR	1	HG02055_pat_hprc_r2_v1.0.1_HML-2_8q11.23_new
8q11.23_new	HG02056	mat	solo_LTR	1	HG02056_mat_hprc_r2_v1.0.1_HML-2_8q11.23_new
8q11.23_new	HG02056	pat	solo_LTR	1	HG02056_pat_hprc_r2_v1.0.1_HML-2_8q11.23_new
8q11.23_new	HG02059	h1	solo_LTR	1	HG02059_h1_HML-2_8q11.23_new_graph_hgsvc3-2024-02-23-mc-chm13
8q11.23_new	HG02059	h2	solo_LTR	1	HG02059_h2_HML-2_8q11.23_new_graph_hgsvc3-2024-02-23-mc-chm13
8q11.23_new	HG02071	mat	solo_LTR	1	HG02071_mat_hprc_r2_v1.0.1_HML-2_8q11.23_new
8q11.23_new	HG02071	pat	solo_LTR	1	HG02071_pat_hprc_r2_v1.0.1_HML-2_8q11.23_new
8q11.23_new	HG02074	mat	solo_LTR	1	HG02074_mat_hprc_r2_v1.0.1_HML-2_8q11.23_new
8q11.23_new	HG02074	pat	solo_LTR	1	HG02074_pat_hprc_r2_v1.0.1_HML-2_8q11.23_new
8q11.23_new	HG02080	mat	solo_LTR	1	HG02080_mat_hprc_r2_v1.0.1_HML-2_8q11.23_new
8q11.23_new	HG02080	pat	solo_LTR	1	HG02080_pat_hprc_r2_v1.0.1_HML-2_8q11.23_new
8q11.23_new	HG02083	mat	solo_LTR	1	HG02083_mat_hprc_r2_v1.0.1_HML-2_8q11.23_new
8q11.23_new	HG02083	pat	solo_LTR	1	HG02083_pat_hprc_r2_v1.0.1_HML-2_8q11.23_new
8q11.23_new	HG02106	h1	solo_LTR	1	HG02106_h1_HML-2_8q11.23_new_graph_hgsvc3-2024-02-23-mc-chm13
8q11.23_new	HG02106	h2	solo_LTR	1	HG02106_h2_HML-2_8q11.23_new_graph_hgsvc3-2024-02-23-mc-chm13
8q11.23_new	HG02109	mat	solo_LTR	1	HG02109_mat_hprc_r2_v1.0.1_HML-2_8q11.23_new
8q11.23_new	HG02109	pat	solo_LTR	1	HG02109_pat_hprc_r2_v1.0.1_HML-2_8q11.23_new
8q11.23_new	HG02129	mat	solo_LTR	1	HG02129_mat_hprc_r2_v1.0.1_HML-2_8q11.23_new
8q11.23_new	HG02129	pat	solo_LTR	1	HG02129_pat_hprc_r2_v1.0.1_HML-2_8q11.23_new
8q11.23_new	HG02132	mat	solo_LTR	1	HG02132_mat_hprc_r2_v1.0.1_HML-2_8q11.23_new
8q11.23_new	HG02132	pat	solo_LTR	1	HG02132_pat_hprc_r2_v1.0.1_HML-2_8q11.23_new
8q11.23_new	HG02135	mat	solo_LTR	1	HG02135_mat_hprc_r2_v1.0.1_HML-2_8q11.23_new
8q11.23_new	HG02135	pat	solo_LTR	1	HG02135_pat_hprc_r2_v1.0.1_HML-2_8q11.23_new
8q11.23_new	HG02145	mat	solo_LTR	1	HG02145_mat_hprc_r2_v1.0.1_HML-2_8q11.23_new
8q11.23_new	HG02145	pat	solo_LTR	1	HG02145_pat_hprc_r2_v1.0.1_HML-2_8q11.23_new
8q11.23_new	HG02148	mat	solo_LTR	1	HG02148_mat_hprc_r2_v1.0.1_HML-2_8q11.23_new
8q11.23_new	HG02148	pat	solo_LTR	1	HG02148_pat_hprc_r2_v1.0.1_HML-2_8q11.23_new
8q11.23_new	HG02155	h1	solo_LTR	1	HG02155_hap1_hprc_r2_v1.0.1_HML-2_8q11.23_new
8q11.23_new	HG02155	h2	solo_LTR	1	HG02155_hap2_hprc_r2_v1.0.1_HML-2_8q11.23_new
8q11.23_new	HG02165	h1	solo_LTR	1	HG02165_hap1_hprc_r2_v1.0.1_HML-2_8q11.23_new
8q11.23_new	HG02165	h2	solo_LTR	1	HG02165_hap2_hprc_r2_v1.0.1_HML-2_8q11.23_new
8q11.23_new	HG02178	h1	solo_LTR	1	HG02178_hap1_hprc_r2_v1.0.1_HML-2_8q11.23_new
8q11.23_new	HG02178	h2	solo_LTR	1	HG02178_hap2_hprc_r2_v1.0.1_HML-2_8q11.23_new
8q11.23_new	HG02257	mat	solo_LTR	1	HG02257_mat_hprc_r2_v1.1.0_HML-2_8q11.23_new
8q11.23_new	HG02257	pat	solo_LTR	1	HG02257_pat_hprc_r2_v1.1.0_HML-2_8q11.23_new
8q11.23_new	HG02258	mat	solo_LTR	1	HG02258_mat_hprc_r2_v1.0.1_HML-2_8q11.23_new
8q11.23_new	HG02258	pat	solo_LTR	1	HG02258_pat_hprc_r2_v1.0.1_HML-2_8q11.23_new
8q11.23_new	HG02273	h1	solo_LTR	1	HG02273_hap1_hprc_r2_v1.0.1_HML-2_8q11.23_new
8q11.23_new	HG02273	h2	solo_LTR	1	HG02273_hap2_hprc_r2_v1.0.1_HML-2_8q11.23_new
8q11.23_new	HG02280	mat	solo_LTR	1	HG02280_mat_hprc_r2_v1.0.1_HML-2_8q11.23_new
8q11.23_new	HG02280	pat	solo_LTR	1	HG02280_pat_hprc_r2_v1.0.1_HML-2_8q11.23_new
8q11.23_new	HG02282	h1	solo_LTR	1	HG02282_h1_HML-2_8q11.23_new_graph_hgsvc3-2024-02-23-mc-chm13
8q11.23_new	HG02282	h2	solo_LTR	1	HG02282_h2_HML-2_8q11.23_new_graph_hgsvc3-2024-02-23-mc-chm13
8q11.23_new	HG02293	mat	solo_LTR	1	HG02293_mat_hprc_r2_v1.0.1_HML-2_8q11.23_new
8q11.23_new	HG02293	pat	solo_LTR	1	HG02293_pat_hprc_r2_v1.0.1_HML-2_8q11.23_new
8q11.23_new	HG02300	mat	solo_LTR	1	HG02300_mat_hprc_r2_v1.0.1_HML-2_8q11.23_new
8q11.23_new	HG02300	pat	solo_LTR	1	HG02300_pat_hprc_r2_v1.0.1_HML-2_8q11.23_new
8q11.23_new	HG02391	h1	solo_LTR	1	HG02391_hap1_hprc_r2_v1.0.1_HML-2_8q11.23_new
8q11.23_new	HG02391	h2	solo_LTR	1	HG02391_hap2_hprc_r2_v1.0.1_HML-2_8q11.23_new
8q11.23_new	HG02392	h1	solo_LTR	1	HG02392_hap1_hprc_r2_v1.0.1_HML-2_8q11.23_new
8q11.23_new	HG02392	h2	solo_LTR	1	HG02392_hap2_hprc_r2_v1.0.1_HML-2_8q11.23_new
8q11.23_new	HG02451	mat	solo_LTR	1	HG02451_mat_hprc_r2_v1.0.1_HML-2_8q11.23_new
8q11.23_new	HG02451	pat	solo_LTR	1	HG02451_pat_hprc_r2_v1.0.1_HML-2_8q11.23_new
8q11.23_new	HG02486	mat	solo_LTR	1	HG02486_mat_hprc_r2_v1.0.1_HML-2_8q11.23_new
8q11.23_new	HG02486	pat	solo_LTR	1	HG02486_pat_hprc_r2_v1.0.1_HML-2_8q11.23_new
8q11.23_new	HG02492	h1	solo_LTR	1	HG02492_h1_HML-2_8q11.23_new_graph_hgsvc3-2024-02-23-mc-chm13
8q11.23_new	HG02492	h2	solo_LTR	1	HG02492_h2_HML-2_8q11.23_new_graph_hgsvc3-2024-02-23-mc-chm13
8q11.23_new	HG02514	mat	solo_LTR	1	HG02514_mat_hprc_r2_v1.0.1_HML-2_8q11.23_new
8q11.23_new	HG02514	pat	solo_LTR	1	HG02514_pat_hprc_r2_v1.0.1_HML-2_8q11.23_new
8q11.23_new	HG02523	mat	solo_LTR	1	HG02523_mat_hprc_r2_v1.0.1_HML-2_8q11.23_new
8q11.23_new	HG02523	pat	solo_LTR	1	HG02523_pat_hprc_r2_v1.0.1_HML-2_8q11.23_new
8q11.23_new	HG02554	h1	solo_LTR	1	HG02554_h1_HML-2_8q11.23_new_graph_hgsvc3-2024-02-23-mc-chm13
8q11.23_new	HG02554	h2	solo_LTR	1	HG02554_h2_HML-2_8q11.23_new_graph_hgsvc3-2024-02-23-mc-chm13
8q11.23_new	HG02559	mat	solo_LTR	1	HG02559_mat_hprc_r2_v1.0.1_HML-2_8q11.23_new
8q11.23_new	HG02559	pat	solo_LTR	1	HG02559_pat_hprc_r2_v1.0.1_HML-2_8q11.23_new
8q11.23_new	HG02572	mat	solo_LTR	1	HG02572_mat_hprc_r2_v1.0.1_HML-2_8q11.23_new
8q11.23_new	HG02572	pat	solo_LTR	1	HG02572_pat_hprc_r2_v1.0.1_HML-2_8q11.23_new
8q11.23_new	HG02583	h1	solo_LTR	1	HG02583_hap1_hprc_r2_v1.0.1_HML-2_8q11.23_new
8q11.23_new	HG02583	h2	solo_LTR	1	HG02583_hap2_hprc_r2_v1.0.1_HML-2_8q11.23_new
8q11.23_new	HG02587	h1	solo_LTR	1	HG02587_h1_HML-2_8q11.23_new_graph_hgsvc3-2024-02-23-mc-chm13
8q11.23_new	HG02587	h2	solo_LTR	1	HG02587_h2_HML-2_8q11.23_new_graph_hgsvc3-2024-02-23-mc-chm13
8q11.23_new	HG02602	mat	solo_LTR	1	HG02602_mat_hprc_r2_v1.0.1_HML-2_8q11.23_new
8q11.23_new	HG02602	pat	solo_LTR	1	HG02602_pat_hprc_r2_v1.0.1_HML-2_8q11.23_new
8q11.23_new	HG02615	mat	solo_LTR	1	HG02615_mat_hprc_r2_v1.0.1_HML-2_8q11.23_new
8q11.23_new	HG02615	pat	solo_LTR	1	HG02615_pat_hprc_r2_v1.0.1_HML-2_8q11.23_new
8q11.23_new	HG02622	mat	solo_LTR	1	HG02622_mat_hprc_r2_v1.0.1_HML-2_8q11.23_new
8q11.23_new	HG02622	pat	solo_LTR	1	HG02622_pat_hprc_r2_v1.0.1_HML-2_8q11.23_new
8q11.23_new	HG02630	mat	solo_LTR	1	HG02630_mat_hprc_r2_v1.0.1_HML-2_8q11.23_new
8q11.23_new	HG02630	pat	solo_LTR	1	HG02630_pat_hprc_r2_v1.0.1_HML-2_8q11.23_new
8q11.23_new	HG02647	mat	solo_LTR	1	HG02647_mat_hprc_r2_v1.0.1_HML-2_8q11.23_new
8q11.23_new	HG02647	pat	solo_LTR	1	HG02647_pat_hprc_r2_v1.0.1_HML-2_8q11.23_new
8q11.23_new	HG02666	h1	solo_LTR	1	HG02666_h1_HML-2_8q11.23_new_graph_hgsvc3-2024-02-23-mc-chm13
8q11.23_new	HG02666	h2	solo_LTR	1	HG02666_h2_HML-2_8q11.23_new_graph_hgsvc3-2024-02-23-mc-chm13
8q11.23_new	HG02668	mat	solo_LTR	1	HG02668_mat_hprc_r2_v1.0.1_HML-2_8q11.23_new
8q11.23_new	HG02668	pat	solo_LTR	1	HG02668_pat_hprc_r2_v1.0.1_HML-2_8q11.23_new
8q11.23_new	HG02698	mat	solo_LTR	1	HG02698_mat_hprc_r2_v1.0.1_HML-2_8q11.23_new
8q11.23_new	HG02698	pat	solo_LTR	1	HG02698_pat_hprc_r2_v1.0.1_HML-2_8q11.23_new
8q11.23_new	HG02717	mat	solo_LTR	1	HG02717_mat_hprc_r2_v1.0.1_HML-2_8q11.23_new
8q11.23_new	HG02717	pat	solo_LTR	1	HG02717_pat_hprc_r2_v1.0.1_HML-2_8q11.23_new
8q11.23_new	HG02723	mat	solo_LTR	1	HG02723_mat_hprc_r2_v1.0.1_HML-2_8q11.23_new
8q11.23_new	HG02723	pat	solo_LTR	1	HG02723_pat_hprc_r2_v1.0.1_HML-2_8q11.23_new
8q11.23_new	HG02735	mat	solo_LTR	1	HG02735_mat_hprc_r2_v1.0.1_HML-2_8q11.23_new
8q11.23_new	HG02735	pat	solo_LTR	1	HG02735_pat_hprc_r2_v1.0.1_HML-2_8q11.23_new
8q11.23_new	HG02738	mat	solo_LTR	1	HG02738_mat_hprc_r2_v1.0.1_HML-2_8q11.23_new
8q11.23_new	HG02738	pat	solo_LTR	1	HG02738_pat_hprc_r2_v1.0.1_HML-2_8q11.23_new
8q11.23_new	HG02769	h1	solo_LTR	1	HG02769_h1_HML-2_8q11.23_new_graph_hgsvc3-2024-02-23-mc-chm13
8q11.23_new	HG02769	h2	solo_LTR	1	HG02769_h2_HML-2_8q11.23_new_graph_hgsvc3-2024-02-23-mc-chm13
8q11.23_new	HG02809	mat	solo_LTR	1	HG02809_mat_hprc_r2_v1.0.1_HML-2_8q11.23_new
8q11.23_new	HG02809	pat	solo_LTR	1	HG02809_pat_hprc_r2_v1.0.1_HML-2_8q11.23_new
8q11.23_new	HG02818	mat	solo_LTR	1	HG02818_mat_hprc_r2_v1.0.1_HML-2_8q11.23_new
8q11.23_new	HG02818	pat	solo_LTR	1	HG02818_pat_hprc_r2_v1.0.1_HML-2_8q11.23_new
8q11.23_new	HG02841	mat	solo_LTR	1	HG02841_mat_hprc_r2_v1.0.1_HML-2_8q11.23_new
8q11.23_new	HG02841	pat	solo_LTR	1	HG02841_pat_hprc_r2_v1.0.1_HML-2_8q11.23_new
8q11.23_new	HG02886	mat	solo_LTR	1	HG02886_mat_hprc_r2_v1.0.1_HML-2_8q11.23_new
8q11.23_new	HG02886	pat	solo_LTR	1	HG02886_pat_hprc_r2_v1.0.1_HML-2_8q11.23_new
8q11.23_new	HG02922	h1	solo_LTR	1	HG02922_hap1_hprc_r2_v1.0.1_HML-2_8q11.23_new
8q11.23_new	HG02922	h2	solo_LTR	1	HG02922_hap2_hprc_r2_v1.0.1_HML-2_8q11.23_new
8q11.23_new	HG02953	h1	solo_LTR	1	HG02953_h1_HML-2_8q11.23_new_graph_hgsvc3-2024-02-23-mc-chm13
8q11.23_new	HG02953	h2	solo_LTR	1	HG02953_h2_HML-2_8q11.23_new_graph_hgsvc3-2024-02-23-mc-chm13
8q11.23_new	HG02965	h1	solo_LTR	1	HG02965_hap1_hprc_r2_v1.0.1_HML-2_8q11.23_new
8q11.23_new	HG02965	h2	solo_LTR	1	HG02965_hap2_hprc_r2_v1.0.1_HML-2_8q11.23_new
8q11.23_new	HG02976	h1	solo_LTR	1	HG02976_hap1_hprc_r2_v1.0.1_HML-2_8q11.23_new
8q11.23_new	HG02976	h2	solo_LTR	1	HG02976_hap2_hprc_r2_v1.0.1_HML-2_8q11.23_new
8q11.23_new	HG02984	mat	solo_LTR	1	HG02984_mat_hprc_r2_v1.0.1_HML-2_8q11.23_new
8q11.23_new	HG02984	pat	solo_LTR	1	HG02984_pat_hprc_r2_v1.0.1_HML-2_8q11.23_new
8q11.23_new	HG03009	h1	solo_LTR	1	HG03009_h1_HML-2_8q11.23_new_graph_hgsvc3-2024-02-23-mc-chm13
8q11.23_new	HG03009	h2	solo_LTR	1	HG03009_h2_HML-2_8q11.23_new_graph_hgsvc3-2024-02-23-mc-chm13
8q11.23_new	HG03017	mat	solo_LTR	1	HG03017_mat_hprc_r2_v1.0.1_HML-2_8q11.23_new
8q11.23_new	HG03017	pat	solo_LTR	1	HG03017_pat_hprc_r2_v1.0.1_HML-2_8q11.23_new
8q11.23_new	HG03041	mat	solo_LTR	1	HG03041_mat_hprc_r2_v1.0.1_HML-2_8q11.23_new
8q11.23_new	HG03041	pat	solo_LTR	1	HG03041_pat_hprc_r2_v1.0.1_HML-2_8q11.23_new
8q11.23_new	HG03050	mat	solo_LTR	1	HG03050_mat_hprc_r2_v1.0.1_HML-2_8q11.23_new
8q11.23_new	HG03050	pat	solo_LTR	1	HG03050_pat_hprc_r2_v1.0.1_HML-2_8q11.23_new
8q11.23_new	HG03065	h1	solo_LTR	1	HG03065_h1_HML-2_8q11.23_new_graph_hgsvc3-2024-02-23-mc-chm13
8q11.23_new	HG03065	h2	solo_LTR	1	HG03065_h2_HML-2_8q11.23_new_graph_hgsvc3-2024-02-23-mc-chm13
8q11.23_new	HG03098	mat	solo_LTR	1	HG03098_mat_hprc_r2_v1.0.1_HML-2_8q11.23_new
8q11.23_new	HG03098	pat	TypeI	1	HG03098_pat_hprc_r2_v1.0.1_HML-2_8q11.23_new
8q11.23_new	HG03130	h1	solo_LTR	1	HG03130_hap1_hprc_r2_v1.0.1_HML-2_8q11.23_new
8q11.23_new	HG03130	h2	solo_LTR	1	HG03130_hap2_hprc_r2_v1.0.1_HML-2_8q11.23_new
8q11.23_new	HG03139	h1	solo_LTR	1	HG03139_hap1_hprc_r2_v1.0.1_HML-2_8q11.23_new
8q11.23_new	HG03139	h2	solo_LTR	1	HG03139_hap2_hprc_r2_v1.0.1_HML-2_8q11.23_new
8q11.23_new	HG03195	h1	solo_LTR	1	HG03195_hap1_hprc_r2_v1.0.1_HML-2_8q11.23_new
8q11.23_new	HG03195	h2	solo_LTR	1	HG03195_hap2_hprc_r2_v1.0.1_HML-2_8q11.23_new
8q11.23_new	HG03209	h1	solo_LTR	1	HG03209_hap1_hprc_r2_v1.0.1_HML-2_8q11.23_new
8q11.23_new	HG03209	h2	solo_LTR	1	HG03209_hap2_hprc_r2_v1.0.1_HML-2_8q11.23_new
8q11.23_new	HG03225	h1	solo_LTR	1	HG03225_hap1_hprc_r2_v1.0.1_HML-2_8q11.23_new
8q11.23_new	HG03225	h2	solo_LTR	1	HG03225_hap2_hprc_r2_v1.0.1_HML-2_8q11.23_new
8q11.23_new	HG03239	mat	solo_LTR	1	HG03239_mat_hprc_r2_v1.0.1_HML-2_8q11.23_new
8q11.23_new	HG03239	pat	solo_LTR	1	HG03239_pat_hprc_r2_v1.0.1_HML-2_8q11.23_new
8q11.23_new	HG03248	h1	solo_LTR	1	HG03248_h1_HML-2_8q11.23_new_graph_hgsvc3-2024-02-23-mc-chm13
8q11.23_new	HG03248	h2	solo_LTR	1	HG03248_h2_HML-2_8q11.23_new_graph_hgsvc3-2024-02-23-mc-chm13
8q11.23_new	HG03270	h1	solo_LTR	1	HG03270_hap1_hprc_r2_v1.0.1_HML-2_8q11.23_new
8q11.23_new	HG03270	h2	solo_LTR	1	HG03270_hap2_hprc_r2_v1.0.1_HML-2_8q11.23_new
8q11.23_new	HG03369	h1	solo_LTR	1	HG03369_hap1_hprc_r2_v1.0.1_HML-2_8q11.23_new
8q11.23_new	HG03369	h2	solo_LTR	1	HG03369_hap2_hprc_r2_v1.0.1_HML-2_8q11.23_new
8q11.23_new	HG03371	h1	solo_LTR	1	HG03371_h1_HML-2_8q11.23_new_graph_hgsvc3-2024-02-23-mc-chm13
8q11.23_new	HG03371	h2	solo_LTR	1	HG03371_h2_HML-2_8q11.23_new_graph_hgsvc3-2024-02-23-mc-chm13
8q11.23_new	HG03452	h1	solo_LTR	1	HG03452_h1_HML-2_8q11.23_new_graph_hgsvc3-2024-02-23-mc-chm13
8q11.23_new	HG03452	h2	solo_LTR	1	HG03452_h2_HML-2_8q11.23_new_graph_hgsvc3-2024-02-23-mc-chm13
8q11.23_new	HG03453	mat	solo_LTR	1	HG03453_mat_hprc_r2_v1.0.1_HML-2_8q11.23_new
8q11.23_new	HG03453	pat	solo_LTR	1	HG03453_pat_hprc_r2_v1.0.1_HML-2_8q11.23_new
8q11.23_new	HG03456	h1	solo_LTR	1	HG03456_h1_HML-2_8q11.23_new_graph_hgsvc3-2024-02-23-mc-chm13
8q11.23_new	HG03456	h2	solo_LTR	1	HG03456_h2_HML-2_8q11.23_new_graph_hgsvc3-2024-02-23-mc-chm13
8q11.23_new	HG03470	h1	solo_LTR	1	HG03470_hap1_hprc_r2_v1.0.1_HML-2_8q11.23_new
8q11.23_new	HG03470	h2	solo_LTR	1	HG03470_hap2_hprc_r2_v1.0.1_HML-2_8q11.23_new
8q11.23_new	HG03471	h1	solo_LTR	1	HG03471_hap1_hprc_r2_v1.0.1_HML-2_8q11.23_new
8q11.23_new	HG03471	h2	solo_LTR	1	HG03471_hap2_hprc_r2_v1.0.1_HML-2_8q11.23_new
8q11.23_new	HG03486	mat	solo_LTR	1	HG03486_mat_hprc_r2_v1.0.1_HML-2_8q11.23_new
8q11.23_new	HG03486	pat	solo_LTR	1	HG03486_pat_hprc_r2_v1.0.1_HML-2_8q11.23_new
8q11.23_new	HG03516	mat	solo_LTR	1	HG03516_mat_hprc_r2_v1.1.0_HML-2_8q11.23_new
8q11.23_new	HG03516	pat	solo_LTR	1	HG03516_pat_hprc_r2_v1.1.0_HML-2_8q11.23_new
8q11.23_new	HG03520	h1	solo_LTR	1	HG03520_h1_HML-2_8q11.23_new_graph_hgsvc3-2024-02-23-mc-chm13
8q11.23_new	HG03520	h2	solo_LTR	1	HG03520_h2_HML-2_8q11.23_new_graph_hgsvc3-2024-02-23-mc-chm13
8q11.23_new	HG03521	h1	solo_LTR	1	HG03521_hap1_hprc_r2_v1.0.1_HML-2_8q11.23_new
8q11.23_new	HG03521	h2	solo_LTR	1	HG03521_hap2_hprc_r2_v1.0.1_HML-2_8q11.23_new
8q11.23_new	HG03540	mat	solo_LTR	1	HG03540_mat_hprc_r2_v1.0.1_HML-2_8q11.23_new
8q11.23_new	HG03540	pat	solo_LTR	1	HG03540_pat_hprc_r2_v1.0.1_HML-2_8q11.23_new
8q11.23_new	HG03579	mat	solo_LTR	1	HG03579_mat_hprc_r2_v1.0.1_HML-2_8q11.23_new
8q11.23_new	HG03579	pat	solo_LTR	1	HG03579_pat_hprc_r2_v1.0.1_HML-2_8q11.23_new
8q11.23_new	HG03583	h1	solo_LTR	1	HG03583_hap1_hprc_r2_v1.0.1_HML-2_8q11.23_new
8q11.23_new	HG03583	h2	solo_LTR	1	HG03583_hap2_hprc_r2_v1.0.1_HML-2_8q11.23_new
8q11.23_new	HG03654	mat	solo_LTR	1	HG03654_mat_hprc_r2_v1.0.1_HML-2_8q11.23_new
8q11.23_new	HG03654	pat	solo_LTR	1	HG03654_pat_hprc_r2_v1.0.1_HML-2_8q11.23_new
8q11.23_new	HG03669	mat	solo_LTR	1	HG03669_mat_hprc_r2_v1.0.1_HML-2_8q11.23_new
8q11.23_new	HG03669	pat	solo_LTR	1	HG03669_pat_hprc_r2_v1.0.1_HML-2_8q11.23_new
8q11.23_new	HG03683	h1	solo_LTR	1	HG03683_h1_HML-2_8q11.23_new_graph_hgsvc3-2024-02-23-mc-chm13
8q11.23_new	HG03683	h2	solo_LTR	1	HG03683_h2_HML-2_8q11.23_new_graph_hgsvc3-2024-02-23-mc-chm13
8q11.23_new	HG03688	mat	solo_LTR	1	HG03688_mat_hprc_r2_v1.0.1_HML-2_8q11.23_new
8q11.23_new	HG03688	pat	solo_LTR	1	HG03688_pat_hprc_r2_v1.0.1_HML-2_8q11.23_new
8q11.23_new	HG03704	mat	solo_LTR	1	HG03704_mat_hprc_r2_v1.0.1_HML-2_8q11.23_new
8q11.23_new	HG03704	pat	solo_LTR	1	HG03704_pat_hprc_r2_v1.0.1_HML-2_8q11.23_new
8q11.23_new	HG03710	mat	solo_LTR	1	HG03710_mat_hprc_r2_v1.0.1_HML-2_8q11.23_new
8q11.23_new	HG03710	pat	solo_LTR	1	HG03710_pat_hprc_r2_v1.0.1_HML-2_8q11.23_new
8q11.23_new	HG03732	h1	solo_LTR	1	HG03732_h1_HML-2_8q11.23_new_graph_hgsvc3-2024-02-23-mc-chm13
8q11.23_new	HG03732	h2	solo_LTR	1	HG03732_h2_HML-2_8q11.23_new_graph_hgsvc3-2024-02-23-mc-chm13
8q11.23_new	HG03742	h1	solo_LTR	1	HG03742_hap1_hprc_r2_v1.0.1_HML-2_8q11.23_new
8q11.23_new	HG03742	h2	solo_LTR	1	HG03742_hap2_hprc_r2_v1.0.1_HML-2_8q11.23_new
8q11.23_new	HG03784	h1	solo_LTR	1	HG03784_hap1_hprc_r2_v1.0.1_HML-2_8q11.23_new
8q11.23_new	HG03784	h2	solo_LTR	1	HG03784_hap2_hprc_r2_v1.0.1_HML-2_8q11.23_new
8q11.23_new	HG03804	mat	solo_LTR	1	HG03804_mat_hprc_r2_v1.0.1_HML-2_8q11.23_new
8q11.23_new	HG03804	pat	solo_LTR	1	HG03804_pat_hprc_r2_v1.0.1_HML-2_8q11.23_new
8q11.23_new	HG03807	h1	solo_LTR	1	HG03807_h1_HML-2_8q11.23_new_graph_hgsvc3-2024-02-23-mc-chm13
8q11.23_new	HG03807	h2	solo_LTR	1	HG03807_h2_HML-2_8q11.23_new_graph_hgsvc3-2024-02-23-mc-chm13
8q11.23_new	HG03816	mat	solo_LTR	1	HG03816_mat_hprc_r2_v1.0.1_HML-2_8q11.23_new
8q11.23_new	HG03816	pat	solo_LTR	1	HG03816_pat_hprc_r2_v1.0.1_HML-2_8q11.23_new
8q11.23_new	HG03831	mat	solo_LTR	1	HG03831_mat_hprc_r2_v1.0.1_HML-2_8q11.23_new
8q11.23_new	HG03831	pat	solo_LTR	1	HG03831_pat_hprc_r2_v1.0.1_HML-2_8q11.23_new
8q11.23_new	HG03834	mat	solo_LTR	1	HG03834_mat_hprc_r2_v1.0.1_HML-2_8q11.23_new
8q11.23_new	HG03834	pat	solo_LTR	1	HG03834_pat_hprc_r2_v1.0.1_HML-2_8q11.23_new
8q11.23_new	HG03874	h1	solo_LTR	1	HG03874_hap1_hprc_r2_v1.0.1_HML-2_8q11.23_new
8q11.23_new	HG03874	h2	solo_LTR	1	HG03874_hap2_hprc_r2_v1.0.1_HML-2_8q11.23_new
8q11.23_new	HG03927	mat	solo_LTR	1	HG03927_mat_hprc_r2_v1.0.1_HML-2_8q11.23_new
8q11.23_new	HG03927	pat	solo_LTR	1	HG03927_pat_hprc_r2_v1.0.1_HML-2_8q11.23_new
8q11.23_new	HG03942	mat	solo_LTR	1	HG03942_mat_hprc_r2_v1.0.1_HML-2_8q11.23_new
8q11.23_new	HG03942	pat	solo_LTR	1	HG03942_pat_hprc_r2_v1.0.1_HML-2_8q11.23_new
8q11.23_new	HG04036	h1	solo_LTR	1	HG04036_h1_HML-2_8q11.23_new_graph_hgsvc3-2024-02-23-mc-chm13
8q11.23_new	HG04036	h2	solo_LTR	1	HG04036_h2_HML-2_8q11.23_new_graph_hgsvc3-2024-02-23-mc-chm13
8q11.23_new	HG04115	mat	solo_LTR	1	HG04115_mat_hprc_r2_v1.0.1_HML-2_8q11.23_new
8q11.23_new	HG04115	pat	solo_LTR	1	HG04115_pat_hprc_r2_v1.0.1_HML-2_8q11.23_new
8q11.23_new	HG04157	mat	solo_LTR	1	HG04157_mat_hprc_r2_v1.0.1_HML-2_8q11.23_new
8q11.23_new	HG04157	pat	solo_LTR	1	HG04157_pat_hprc_r2_v1.0.1_HML-2_8q11.23_new
8q11.23_new	HG04160	mat	solo_LTR	1	HG04160_mat_hprc_r2_v1.0.1_HML-2_8q11.23_new
8q11.23_new	HG04160	pat	solo_LTR	1	HG04160_pat_hprc_r2_v1.0.1_HML-2_8q11.23_new
8q11.23_new	HG04184	mat	solo_LTR	1	HG04184_mat_hprc_r2_v1.0.1_HML-2_8q11.23_new
8q11.23_new	HG04184	pat	solo_LTR	1	HG04184_pat_hprc_r2_v1.0.1_HML-2_8q11.23_new
8q11.23_new	HG04187	mat	solo_LTR	1	HG04187_mat_hprc_r2_v1.0.1_HML-2_8q11.23_new
8q11.23_new	HG04187	pat	solo_LTR	1	HG04187_pat_hprc_r2_v1.0.1_HML-2_8q11.23_new
8q11.23_new	HG04199	mat	solo_LTR	1	HG04199_mat_hprc_r2_v1.0.1_HML-2_8q11.23_new
8q11.23_new	HG04199	pat	solo_LTR	1	HG04199_pat_hprc_r2_v1.0.1_HML-2_8q11.23_new
8q11.23_new	HG04204	mat	solo_LTR	1	HG04204_mat_hprc_r2_v1.0.1_HML-2_8q11.23_new
8q11.23_new	HG04204	pat	solo_LTR	1	HG04204_pat_hprc_r2_v1.0.1_HML-2_8q11.23_new
8q11.23_new	HG04217	h1	solo_LTR	1	HG04217_h1_HML-2_8q11.23_new_graph_hgsvc3-2024-02-23-mc-chm13
8q11.23_new	HG04217	h2	solo_LTR	1	HG04217_h2_HML-2_8q11.23_new_graph_hgsvc3-2024-02-23-mc-chm13
8q11.23_new	HG04228	mat	solo_LTR	1	HG04228_mat_hprc_r2_v1.0.1_HML-2_8q11.23_new
8q11.23_new	HG04228	pat	solo_LTR	1	HG04228_pat_hprc_r2_v1.0.1_HML-2_8q11.23_new
8q11.23_new	HG06807	mat	solo_LTR	1	HG06807_mat_v1.0.genbank_HML-2_8q11.23_new
8q11.23_new	HG06807	pat	solo_LTR	1	HG06807_pat_v1.0.genbank_HML-2_8q11.23_new
8q11.23_new	NA12329	h1	solo_LTR	1	NA12329_h1_HML-2_8q11.23_new_graph_hgsvc3-2024-02-23-mc-chm13
8q11.23_new	NA12329	h2	solo_LTR	1	NA12329_h2_HML-2_8q11.23_new_graph_hgsvc3-2024-02-23-mc-chm13
8q11.23_new	NA18505	h1	solo_LTR	1	NA18505_hap1_hprc_r2_v1.0.1_HML-2_8q11.23_new
8q11.23_new	NA18505	h2	solo_LTR	1	NA18505_hap2_hprc_r2_v1.0.1_HML-2_8q11.23_new
8q11.23_new	NA18508	h1	solo_LTR	1	NA18508_hap1_hprc_r2_v1.0.1_HML-2_8q11.23_new
8q11.23_new	NA18508	h2	solo_LTR	1	NA18508_hap2_hprc_r2_v1.0.1_HML-2_8q11.23_new
8q11.23_new	NA18522	h1	solo_LTR	1	NA18522_hap1_hprc_r2_v1.0.1_HML-2_8q11.23_new
8q11.23_new	NA18522	h2	solo_LTR	1	NA18522_hap2_hprc_r2_v1.0.1_HML-2_8q11.23_new
8q11.23_new	NA18534	h1	solo_LTR	1	NA18534_h1_HML-2_8q11.23_new_graph_hgsvc3-2024-02-23-mc-chm13
8q11.23_new	NA18534	h2	solo_LTR	1	NA18534_h2_HML-2_8q11.23_new_graph_hgsvc3-2024-02-23-mc-chm13
8q11.23_new	NA18565	h1	solo_LTR	1	NA18565_hap1_hprc_r2_v1.0.1_HML-2_8q11.23_new
8q11.23_new	NA18565	h2	solo_LTR	1	NA18565_hap2_hprc_r2_v1.0.1_HML-2_8q11.23_new
8q11.23_new	NA18570	h1	solo_LTR	1	NA18570_hap1_hprc_r2_v1.0.1_HML-2_8q11.23_new
8q11.23_new	NA18570	h2	solo_LTR	1	NA18570_hap2_hprc_r2_v1.0.1_HML-2_8q11.23_new
8q11.23_new	NA18608	h1	solo_LTR	1	NA18608_hap1_hprc_r2_v1.0.1_HML-2_8q11.23_new
8q11.23_new	NA18608	h2	solo_LTR	1	NA18608_hap2_hprc_r2_v1.0.1_HML-2_8q11.23_new
8q11.23_new	NA18620	h1	solo_LTR	1	NA18620_hap1_hprc_r2_v1.0.1_HML-2_8q11.23_new
8q11.23_new	NA18620	h2	solo_LTR	1	NA18620_hap2_hprc_r2_v1.0.1_HML-2_8q11.23_new
8q11.23_new	NA18747	h1	solo_LTR	1	NA18747_hap1_hprc_r2_v1.0.1_HML-2_8q11.23_new
8q11.23_new	NA18747	h2	solo_LTR	1	NA18747_hap2_hprc_r2_v1.0.1_HML-2_8q11.23_new
8q11.23_new	NA18879	h1	solo_LTR	1	NA18879_hap1_hprc_r2_v1.0.1_HML-2_8q11.23_new
8q11.23_new	NA18879	h2	solo_LTR	1	NA18879_hap2_hprc_r2_v1.0.1_HML-2_8q11.23_new
8q11.23_new	NA18906	mat	solo_LTR	1	NA18906_mat_hprc_r2_v1.0.1_HML-2_8q11.23_new
8q11.23_new	NA18906	pat	solo_LTR	1	NA18906_pat_hprc_r2_v1.0.1_HML-2_8q11.23_new
8q11.23_new	NA18939	h1	solo_LTR	1	NA18939_h1_HML-2_8q11.23_new_graph_hgsvc3-2024-02-23-mc-chm13
8q11.23_new	NA18939	h2	solo_LTR	1	NA18939_h2_HML-2_8q11.23_new_graph_hgsvc3-2024-02-23-mc-chm13
8q11.23_new	NA18940	h1	solo_LTR	1	NA18940_hap1_hprc_r2_v1.0.1_HML-2_8q11.23_new
8q11.23_new	NA18940	h2	solo_LTR	1	NA18940_hap2_hprc_r2_v1.0.1_HML-2_8q11.23_new
8q11.23_new	NA18943	h1	solo_LTR	1	NA18943_hap1_hprc_r2_v1.0.1_HML-2_8q11.23_new
8q11.23_new	NA18943	h2	solo_LTR	1	NA18943_hap2_hprc_r2_v1.0.1_HML-2_8q11.23_new
8q11.23_new	NA18944	h1	solo_LTR	1	NA18944_hap1_hprc_r2_v1.0.1_HML-2_8q11.23_new
8q11.23_new	NA18944	h2	solo_LTR	1	NA18944_hap2_hprc_r2_v1.0.1_HML-2_8q11.23_new
8q11.23_new	NA18945	h1	solo_LTR	1	NA18945_hap1_hprc_r2_v1.0.1_HML-2_8q11.23_new
8q11.23_new	NA18945	h2	solo_LTR	1	NA18945_hap2_hprc_r2_v1.0.1_HML-2_8q11.23_new
8q11.23_new	NA18948	h1	solo_LTR	1	NA18948_hap1_hprc_r2_v1.0.1_HML-2_8q11.23_new
8q11.23_new	NA18948	h2	solo_LTR	1	NA18948_hap2_hprc_r2_v1.0.1_HML-2_8q11.23_new
8q11.23_new	NA18952	h1	solo_LTR	1	NA18952_hap1_hprc_r2_v1.0.1_HML-2_8q11.23_new
8q11.23_new	NA18952	h2	solo_LTR	1	NA18952_hap2_hprc_r2_v1.0.1_HML-2_8q11.23_new
8q11.23_new	NA18959	h1	solo_LTR	1	NA18959_hap1_hprc_r2_v1.0.1_HML-2_8q11.23_new
8q11.23_new	NA18959	h2	solo_LTR	1	NA18959_hap2_hprc_r2_v1.0.1_HML-2_8q11.23_new
8q11.23_new	NA18960	h1	solo_LTR	1	NA18960_hap1_hprc_r2_v1.0.1_HML-2_8q11.23_new
8q11.23_new	NA18960	h2	solo_LTR	1	NA18960_hap2_hprc_r2_v1.0.1_HML-2_8q11.23_new
8q11.23_new	NA18967	h1	solo_LTR	1	NA18967_hap1_hprc_r2_v1.0.1_HML-2_8q11.23_new
8q11.23_new	NA18967	h2	solo_LTR	1	NA18967_hap2_hprc_r2_v1.0.1_HML-2_8q11.23_new
8q11.23_new	NA18970	h1	solo_LTR	1	NA18970_hap1_hprc_r2_v1.0.1_HML-2_8q11.23_new
8q11.23_new	NA18970	h2	solo_LTR	1	NA18970_hap2_hprc_r2_v1.0.1_HML-2_8q11.23_new
8q11.23_new	NA18971	h1	solo_LTR	1	NA18971_hap1_hprc_r2_v1.0.1_HML-2_8q11.23_new
8q11.23_new	NA18971	h2	solo_LTR	1	NA18971_hap2_hprc_r2_v1.0.1_HML-2_8q11.23_new
8q11.23_new	NA18974	h1	solo_LTR	1	NA18974_hap1_hprc_r2_v1.0.1_HML-2_8q11.23_new
8q11.23_new	NA18974	h2	solo_LTR	1	NA18974_hap2_hprc_r2_v1.0.1_HML-2_8q11.23_new
8q11.23_new	NA18976	h1	solo_LTR	1	NA18976_hap1_hprc_r2_v1.0.1_HML-2_8q11.23_new
8q11.23_new	NA18976	h2	solo_LTR	1	NA18976_hap2_hprc_r2_v1.0.1_HML-2_8q11.23_new
8q11.23_new	NA18982	h1	solo_LTR	1	NA18982_hap1_hprc_r2_v1.0.1_HML-2_8q11.23_new
8q11.23_new	NA18982	h2	solo_LTR	1	NA18982_hap2_hprc_r2_v1.0.1_HML-2_8q11.23_new
8q11.23_new	NA18983	h1	solo_LTR	1	NA18983_hap1_hprc_r2_v1.0.1_HML-2_8q11.23_new
8q11.23_new	NA18983	h2	solo_LTR	1	NA18983_hap2_hprc_r2_v1.0.1_HML-2_8q11.23_new
8q11.23_new	NA18989	h1	solo_LTR	1	NA18989_h1_HML-2_8q11.23_new_graph_hgsvc3-2024-02-23-mc-chm13
8q11.23_new	NA18989	h2	solo_LTR	1	NA18989_h2_HML-2_8q11.23_new_graph_hgsvc3-2024-02-23-mc-chm13
8q11.23_new	NA19036	h1	solo_LTR	1	NA19036_hap1_hprc_r2_v1.0.1_HML-2_8q11.23_new
8q11.23_new	NA19036	h2	solo_LTR	1	NA19036_hap2_hprc_r2_v1.0.1_HML-2_8q11.23_new
8q11.23_new	NA19043	h1	solo_LTR	1	NA19043_hap1_hprc_r2_v1.0.1_HML-2_8q11.23_new
8q11.23_new	NA19043	h2	solo_LTR	1	NA19043_hap2_hprc_r2_v1.0.1_HML-2_8q11.23_new
8q11.23_new	NA19087	h1	solo_LTR	1	NA19087_hap1_hprc_r2_v1.0.1_HML-2_8q11.23_new
8q11.23_new	NA19087	h2	solo_LTR	1	NA19087_hap2_hprc_r2_v1.0.1_HML-2_8q11.23_new
8q11.23_new	NA19129	h1	solo_LTR	1	NA19129_h1_HML-2_8q11.23_new_graph_hgsvc3-2024-02-23-mc-chm13
8q11.23_new	NA19129	h2	solo_LTR	1	NA19129_h2_HML-2_8q11.23_new_graph_hgsvc3-2024-02-23-mc-chm13
8q11.23_new	NA19159	h1	solo_LTR	1	NA19159_hap1_hprc_r2_v1.0.1_HML-2_8q11.23_new
8q11.23_new	NA19159	h2	solo_LTR	1	NA19159_hap2_hprc_r2_v1.0.1_HML-2_8q11.23_new
8q11.23_new	NA19185	h1	solo_LTR	1	NA19185_hap1_hprc_r2_v1.0.1_HML-2_8q11.23_new
8q11.23_new	NA19185	h2	solo_LTR	1	NA19185_hap2_hprc_r2_v1.0.1_HML-2_8q11.23_new
8q11.23_new	NA19238	h1	solo_LTR	1	NA19238_h1_HML-2_8q11.23_new_graph_hgsvc3-2024-02-23-mc-chm13
8q11.23_new	NA19238	h2	solo_LTR	1	NA19238_h2_HML-2_8q11.23_new_graph_hgsvc3-2024-02-23-mc-chm13
8q11.23_new	NA19239	h1	solo_LTR	1	NA19239_h1_HML-2_8q11.23_new_graph_hgsvc3-2024-02-23-mc-chm13
8q11.23_new	NA19239	h2	solo_LTR	1	NA19239_h2_HML-2_8q11.23_new_graph_hgsvc3-2024-02-23-mc-chm13
8q11.23_new	NA19240	mat	solo_LTR	1	NA19240_mat_hprc_r2_v1.0.1_HML-2_8q11.23_new
8q11.23_new	NA19240	pat	solo_LTR	1	NA19240_pat_hprc_r2_v1.0.1_HML-2_8q11.23_new
8q11.23_new	NA19317	h1	solo_LTR	1	NA19317_h1_HML-2_8q11.23_new_graph_hgsvc3-2024-02-23-mc-chm13
8q11.23_new	NA19317	h2	solo_LTR	1	NA19317_h2_HML-2_8q11.23_new_graph_hgsvc3-2024-02-23-mc-chm13
8q11.23_new	NA19331	h1	solo_LTR	1	NA19331_h1_HML-2_8q11.23_new_graph_hgsvc3-2024-02-23-mc-chm13
8q11.23_new	NA19331	h2	solo_LTR	1	NA19331_h2_HML-2_8q11.23_new_graph_hgsvc3-2024-02-23-mc-chm13
8q11.23_new	NA19338	h1	solo_LTR	1	NA19338_hap1_hprc_r2_v1.0.1_HML-2_8q11.23_new
8q11.23_new	NA19338	h2	solo_LTR	1	NA19338_hap2_hprc_r2_v1.0.1_HML-2_8q11.23_new
8q11.23_new	NA19347	h1	solo_LTR	1	NA19347_h1_HML-2_8q11.23_new_graph_hgsvc3-2024-02-23-mc-chm13
8q11.23_new	NA19347	h2	solo_LTR	1	NA19347_h2_HML-2_8q11.23_new_graph_hgsvc3-2024-02-23-mc-chm13
8q11.23_new	NA19384	h1	solo_LTR	1	NA19384_h1_HML-2_8q11.23_new_graph_hgsvc3-2024-02-23-mc-chm13
8q11.23_new	NA19384	h2	solo_LTR	1	NA19384_h2_HML-2_8q11.23_new_graph_hgsvc3-2024-02-23-mc-chm13
8q11.23_new	NA19391	h1	solo_LTR	1	NA19391_hap1_hprc_r2_v1.0.1_HML-2_8q11.23_new
8q11.23_new	NA19391	h2	solo_LTR	1	NA19391_hap2_hprc_r2_v1.0.1_HML-2_8q11.23_new
8q11.23_new	NA19434	h1	solo_LTR	1	NA19434_h1_HML-2_8q11.23_new_graph_hgsvc3-2024-02-23-mc-chm13
8q11.23_new	NA19434	h2	solo_LTR	1	NA19434_h2_HML-2_8q11.23_new_graph_hgsvc3-2024-02-23-mc-chm13
8q11.23_new	NA19443	h1	solo_LTR	1	NA19443_hap1_hprc_r2_v1.0.1_HML-2_8q11.23_new
8q11.23_new	NA19443	h2	solo_LTR	1	NA19443_hap2_hprc_r2_v1.0.1_HML-2_8q11.23_new
8q11.23_new	NA19468	h1	solo_LTR	1	NA19468_hap1_hprc_r2_v1.0.1_HML-2_8q11.23_new
8q11.23_new	NA19468	h2	solo_LTR	1	NA19468_hap2_hprc_r2_v1.0.1_HML-2_8q11.23_new
8q11.23_new	NA19650	h1	solo_LTR	1	NA19650_h1_HML-2_8q11.23_new_graph_hgsvc3-2024-02-23-mc-chm13
8q11.23_new	NA19650	h2	solo_LTR	1	NA19650_h2_HML-2_8q11.23_new_graph_hgsvc3-2024-02-23-mc-chm13
8q11.23_new	NA19682	h1	solo_LTR	1	NA19682_hap1_hprc_r2_v1.0.1_HML-2_8q11.23_new
8q11.23_new	NA19682	h2	solo_LTR	1	NA19682_hap2_hprc_r2_v1.0.1_HML-2_8q11.23_new
8q11.23_new	NA19700	h1	solo_LTR	1	NA19700_hap1_hprc_r2_v1.0.1_HML-2_8q11.23_new
8q11.23_new	NA19700	h2	solo_LTR	1	NA19700_hap2_hprc_r2_v1.0.1_HML-2_8q11.23_new
8q11.23_new	NA19705	h1	solo_LTR	1	NA19705_h1_HML-2_8q11.23_new_graph_hgsvc3-2024-02-23-mc-chm13
8q11.23_new	NA19705	h2	solo_LTR	1	NA19705_h2_HML-2_8q11.23_new_graph_hgsvc3-2024-02-23-mc-chm13
8q11.23_new	NA19776	h1	solo_LTR	1	NA19776_hap1_hprc_r2_v1.0.1_HML-2_8q11.23_new
8q11.23_new	NA19776	h2	solo_LTR	1	NA19776_hap2_hprc_r2_v1.0.1_HML-2_8q11.23_new
8q11.23_new	NA19835	h1	solo_LTR	1	NA19835_hap1_hprc_r2_v1.0.1_HML-2_8q11.23_new
8q11.23_new	NA19835	h2	solo_LTR	1	NA19835_hap2_hprc_r2_v1.0.1_HML-2_8q11.23_new
8q11.23_new	NA19836	h1	solo_LTR	1	NA19836_h1_HML-2_8q11.23_new_graph_hgsvc3-2024-02-23-mc-chm13
8q11.23_new	NA19836	h2	solo_LTR	1	NA19836_h2_HML-2_8q11.23_new_graph_hgsvc3-2024-02-23-mc-chm13
8q11.23_new	NA19909	h1	solo_LTR	1	NA19909_hap1_hprc_r2_v1.0.1_HML-2_8q11.23_new
8q11.23_new	NA19909	h2	solo_LTR	1	NA19909_hap2_hprc_r2_v1.0.1_HML-2_8q11.23_new
8q11.23_new	NA19983	h1	solo_LTR	1	NA19983_h1_HML-2_8q11.23_new_graph_hgsvc3-2024-02-23-mc-chm13
8q11.23_new	NA19983	h2	solo_LTR	1	NA19983_h2_HML-2_8q11.23_new_graph_hgsvc3-2024-02-23-mc-chm13
8q11.23_new	NA20129	mat	solo_LTR	1	NA20129_mat_hprc_r2_v1.0.1_HML-2_8q11.23_new
8q11.23_new	NA20129	pat	solo_LTR	1	NA20129_pat_hprc_r2_v1.0.1_HML-2_8q11.23_new
8q11.23_new	NA20282	h1	solo_LTR	1	NA20282_hap1_hprc_r2_v1.0.1_HML-2_8q11.23_new
8q11.23_new	NA20282	h2	solo_LTR	1	NA20282_hap2_hprc_r2_v1.0.1_HML-2_8q11.23_new
8q11.23_new	NA20346	h1	solo_LTR	1	NA20346_hap1_hprc_r2_v1.0.1_HML-2_8q11.23_new
8q11.23_new	NA20346	h2	solo_LTR	1	NA20346_hap2_hprc_r2_v1.0.1_HML-2_8q11.23_new
8q11.23_new	NA20355	h1	solo_LTR	1	NA20355_h1_HML-2_8q11.23_new_graph_hgsvc3-2024-02-23-mc-chm13
8q11.23_new	NA20355	h2	solo_LTR	1	NA20355_h2_HML-2_8q11.23_new_graph_hgsvc3-2024-02-23-mc-chm13
8q11.23_new	NA20503	h1	solo_LTR	1	NA20503_hap1_hprc_r2_v1.0.1_HML-2_8q11.23_new
8q11.23_new	NA20503	h2	solo_LTR	1	NA20503_hap2_hprc_r2_v1.0.1_HML-2_8q11.23_new
8q11.23_new	NA20509	h1	solo_LTR	1	NA20509_h1_HML-2_8q11.23_new_graph_hgsvc3-2024-02-23-mc-chm13
8q11.23_new	NA20509	h2	solo_LTR	1	NA20509_h2_HML-2_8q11.23_new_graph_hgsvc3-2024-02-23-mc-chm13
8q11.23_new	NA20752	h1	solo_LTR	1	NA20752_hap1_hprc_r2_v1.0.1_HML-2_8q11.23_new
8q11.23_new	NA20752	h2	solo_LTR	1	NA20752_hap2_hprc_r2_v1.0.1_HML-2_8q11.23_new
8q11.23_new	NA20762	h1	solo_LTR	1	NA20762_hap1_hprc_r2_v1.0.1_HML-2_8q11.23_new
8q11.23_new	NA20762	h2	solo_LTR	1	NA20762_hap2_hprc_r2_v1.0.1_HML-2_8q11.23_new
8q11.23_new	NA20799	h1	solo_LTR	1	NA20799_hap1_hprc_r2_v1.0.1_HML-2_8q11.23_new
8q11.23_new	NA20799	h2	solo_LTR	1	NA20799_hap2_hprc_r2_v1.0.1_HML-2_8q11.23_new
8q11.23_new	NA20805	h1	solo_LTR	1	NA20805_hap1_hprc_r2_v1.0.1_HML-2_8q11.23_new
8q11.23_new	NA20805	h2	solo_LTR	1	NA20805_hap2_hprc_r2_v1.0.1_HML-2_8q11.23_new
8q11.23_new	NA20806	h1	solo_LTR	1	NA20806_hap1_hprc_r2_v1.0.1_HML-2_8q11.23_new
8q11.23_new	NA20806	h2	solo_LTR	1	NA20806_hap2_hprc_r2_v1.0.1_HML-2_8q11.23_new
8q11.23_new	NA20809	h1	solo_LTR	1	NA20809_hap1_hprc_r2_v1.0.1_HML-2_8q11.23_new
8q11.23_new	NA20809	h2	solo_LTR	1	NA20809_hap2_hprc_r2_v1.0.1_HML-2_8q11.23_new
8q11.23_new	NA20827	h1	solo_LTR	1	NA20827_hap1_hprc_r2_v1.0.1_HML-2_8q11.23_new
8q11.23_new	NA20827	h2	solo_LTR	1	NA20827_hap2_hprc_r2_v1.0.1_HML-2_8q11.23_new
8q11.23_new	NA20847	h1	solo_LTR	1	NA20847_h1_HML-2_8q11.23_new_graph_hgsvc3-2024-02-23-mc-chm13
8q11.23_new	NA20847	h2	solo_LTR	1	NA20847_h2_HML-2_8q11.23_new_graph_hgsvc3-2024-02-23-mc-chm13
8q11.23_new	NA20850	h1	solo_LTR	1	NA20850_hap1_hprc_r2_v1.0.1_HML-2_8q11.23_new
8q11.23_new	NA20850	h2	solo_LTR	1	NA20850_hap2_hprc_r2_v1.0.1_HML-2_8q11.23_new
8q11.23_new	NA20870	h1	solo_LTR	1	NA20870_hap1_hprc_r2_v1.0.1_HML-2_8q11.23_new
8q11.23_new	NA20870	h2	solo_LTR	1	NA20870_hap2_hprc_r2_v1.0.1_HML-2_8q11.23_new
8q11.23_new	NA20905	h1	solo_LTR	1	NA20905_hap1_hprc_r2_v1.0.1_HML-2_8q11.23_new
8q11.23_new	NA20905	h2	solo_LTR	1	NA20905_hap2_hprc_r2_v1.0.1_HML-2_8q11.23_new
8q11.23_new	NA21093	h1	solo_LTR	1	NA21093_hap1_hprc_r2_v1.0.1_HML-2_8q11.23_new
8q11.23_new	NA21093	h2	solo_LTR	1	NA21093_hap2_hprc_r2_v1.0.1_HML-2_8q11.23_new
8q11.23_new	NA21102	h1	solo_LTR	1	NA21102_hap1_hprc_r2_v1.0.1_HML-2_8q11.23_new
8q11.23_new	NA21102	h2	solo_LTR	1	NA21102_hap2_hprc_r2_v1.0.1_HML-2_8q11.23_new
8q11.23_new	NA21106	h1	solo_LTR	1	NA21106_hap1_hprc_r2_v1.0.1_HML-2_8q11.23_new
8q11.23_new	NA21106	h2	solo_LTR	1	NA21106_hap2_hprc_r2_v1.0.1_HML-2_8q11.23_new
8q11.23_new	NA21110	h1	solo_LTR	1	NA21110_hap1_hprc_r2_v1.0.1_HML-2_8q11.23_new
8q11.23_new	NA21110	h2	solo_LTR	1	NA21110_hap2_hprc_r2_v1.0.1_HML-2_8q11.23_new
8q11.23_new	NA21144	h1	solo_LTR	1	NA21144_hap1_hprc_r2_v1.0.1_HML-2_8q11.23_new
8q11.23_new	NA21144	h2	solo_LTR	1	NA21144_hap2_hprc_r2_v1.0.1_HML-2_8q11.23_new
8q11.23_new	NA21309	mat	solo_LTR	1	NA21309_mat_hprc_r2_v1.0.1_HML-2_8q11.23_new
8q11.23_new	NA21309	pat	solo_LTR	1	NA21309_pat_hprc_r2_v1.0.1_HML-2_8q11.23_new
8q11.23_new	NA21487	h1	solo_LTR	1	NA21487_h1_HML-2_8q11.23_new_graph_hgsvc3-2024-02-23-mc-chm13
8q11.23_new	NA21487	h2	solo_LTR	1	NA21487_h2_HML-2_8q11.23_new_graph_hgsvc3-2024-02-23-mc-chm13
8q11.23_new	NA24385	h1	solo_LTR	1	NA24385_h1_HML-2_8q11.23_new_graph_hgsvc3-2024-02-23-mc-chm13
8q11.23_new	NA24385	h2	solo_LTR	1	NA24385_h2_HML-2_8q11.23_new_graph_hgsvc3-2024-02-23-mc-chm13
