candidate_locus	ID_Full	tsd_call_status	evidence_5prime_tsd	evidence_3prime_tsd	left_terminal_support	right_terminal_support	viral_body_boundary_owner	review_flag
HML-2_3q12.3	GCA_000001405.15_GRCh38_no_alt_analysis_set.PanSN_HML-2_3q12.3	ONE_SIDED_NO_PAIR	TGAGGT	NONE	DIRECT_PAF_ENDPOINT	UNSUPPORTED	SUPPORTED	NONE
HML-2_3q12.3	HG00096_h1_HML-2_3q12.3_graph_hgsvc3-2024-02-23-mc-chm13	ONE_SIDED_NO_PAIR	TGAGGT	NONE	DIRECT_PAF_ENDPOINT	UNSUPPORTED	SUPPORTED	NONE
HML-2_3q12.3	HG00096_h2_HML-2_3q12.3_graph_hgsvc3-2024-02-23-mc-chm13	ONE_SIDED_NO_PAIR	TGAGGT	NONE	DIRECT_PAF_ENDPOINT	UNSUPPORTED	SUPPORTED	NONE
HML-2_3q12.3	HG00097_hap1_hprc_r2_v1.0.1_HML-2_3q12.3	ONE_SIDED_NO_PAIR	TGAGGT	NONE	DIRECT_PAF_ENDPOINT	UNSUPPORTED	SUPPORTED	NONE
HML-2_3q12.3	HG00097_hap2_hprc_r2_v1.0.1_HML-2_3q12.3	ONE_SIDED_NO_PAIR	TGAGGT	NONE	DIRECT_PAF_ENDPOINT	UNSUPPORTED	SUPPORTED	NONE
HML-2_3q12.3	HG00099_hap1_hprc_r2_v1.0.1_HML-2_3q12.3	ONE_SIDED_NO_PAIR	TGAGGT	NONE	DIRECT_PAF_ENDPOINT	UNSUPPORTED	SUPPORTED	NONE
HML-2_3q12.3	HG00099_hap2_hprc_r2_v1.0.1_HML-2_3q12.3	ONE_SIDED_NO_PAIR	TGAGGT	NONE	DIRECT_PAF_ENDPOINT	UNSUPPORTED	SUPPORTED	NONE
HML-2_3q12.3	HG00126_hap1_hprc_r2_v1.0.1_HML-2_3q12.3	ONE_SIDED_NO_PAIR	TGAGGT	NONE	DIRECT_PAF_ENDPOINT	UNSUPPORTED	SUPPORTED	NONE
HML-2_3q12.3	HG00126_hap2_hprc_r2_v1.0.1_HML-2_3q12.3	ONE_SIDED_NO_PAIR	TGAGGT	NONE	DIRECT_PAF_ENDPOINT	UNSUPPORTED	SUPPORTED	NONE
HML-2_3q12.3	HG00128_hap1_hprc_r2_v1.0.1_HML-2_3q12.3	ONE_SIDED_NO_PAIR	TGAGGT	NONE	DIRECT_PAF_ENDPOINT	UNSUPPORTED	SUPPORTED	NONE
HML-2_3q12.3	HG00128_hap2_hprc_r2_v1.0.1_HML-2_3q12.3	ONE_SIDED_NO_PAIR	TGAGGT	NONE	DIRECT_PAF_ENDPOINT	UNSUPPORTED	SUPPORTED	NONE
HML-2_3q12.3	HG00133_hap1_hprc_r2_v1.0.1_HML-2_3q12.3	ONE_SIDED_NO_PAIR	TGAGGT	NONE	DIRECT_PAF_ENDPOINT	UNSUPPORTED	SUPPORTED	NONE
HML-2_3q12.3	HG00133_hap2_hprc_r2_v1.0.1_HML-2_3q12.3	ONE_SIDED_NO_PAIR	TGAGGT	NONE	DIRECT_PAF_ENDPOINT	UNSUPPORTED	SUPPORTED	NONE
HML-2_3q12.3	HG00140_hap1_hprc_r2_v1.0.1_HML-2_3q12.3	ONE_SIDED_NO_PAIR	TGAGGT	NONE	DIRECT_PAF_ENDPOINT	UNSUPPORTED	SUPPORTED	NONE
HML-2_3q12.3	HG00140_hap2_hprc_r2_v1.0.1_HML-2_3q12.3	ONE_SIDED_NO_PAIR	TGAGGT	NONE	DIRECT_PAF_ENDPOINT	UNSUPPORTED	SUPPORTED	NONE
HML-2_3q12.3	HG00146_hap1_hprc_r2_v1.0.1_HML-2_3q12.3	ONE_SIDED_NO_PAIR	TGAGGT	NONE	DIRECT_PAF_ENDPOINT	UNSUPPORTED	SUPPORTED	NONE
HML-2_3q12.3	HG00146_hap2_hprc_r2_v1.0.1_HML-2_3q12.3	ONE_SIDED_NO_PAIR	TGAGGT	NONE	DIRECT_PAF_ENDPOINT	UNSUPPORTED	SUPPORTED	NONE
HML-2_3q12.3	HG00171_h1_HML-2_3q12.3_graph_hgsvc3-2024-02-23-mc-chm13	ONE_SIDED_NO_PAIR	TGAGGT	NONE	DIRECT_PAF_ENDPOINT	UNSUPPORTED	SUPPORTED	NONE
HML-2_3q12.3	HG00171_h2_HML-2_3q12.3_graph_hgsvc3-2024-02-23-mc-chm13	ONE_SIDED_NO_PAIR	TGAGGT	NONE	DIRECT_PAF_ENDPOINT	UNSUPPORTED	SUPPORTED	NONE
HML-2_3q12.3	HG00232_hap1_hprc_r2_v1.0.1_HML-2_3q12.3	ONE_SIDED_NO_PAIR	TGAGGT	NONE	DIRECT_PAF_ENDPOINT	UNSUPPORTED	SUPPORTED	NONE
HML-2_3q12.3	HG00232_hap2_hprc_r2_v1.0.1_HML-2_3q12.3	ONE_SIDED_NO_PAIR	TGAGGT	NONE	DIRECT_PAF_ENDPOINT	UNSUPPORTED	SUPPORTED	NONE
HML-2_3q12.3	HG00235_hap1_hprc_r2_v1.0.1_HML-2_3q12.3	ONE_SIDED_NO_PAIR	TGAGGT	NONE	DIRECT_PAF_ENDPOINT	UNSUPPORTED	SUPPORTED	NONE
HML-2_3q12.3	HG00235_hap2_hprc_r2_v1.0.1_HML-2_3q12.3	ONE_SIDED_NO_PAIR	TGAGGT	NONE	DIRECT_PAF_ENDPOINT	UNSUPPORTED	SUPPORTED	NONE
HML-2_3q12.3	HG00253_hap1_hprc_r2_v1.0.1_HML-2_3q12.3	ONE_SIDED_NO_PAIR	TGAGGT	NONE	DIRECT_PAF_ENDPOINT	UNSUPPORTED	SUPPORTED	NONE
HML-2_3q12.3	HG00253_hap2_hprc_r2_v1.0.1_HML-2_3q12.3	ONE_SIDED_NO_PAIR	TGAGGT	NONE	DIRECT_PAF_ENDPOINT	UNSUPPORTED	SUPPORTED	NONE
HML-2_3q12.3	HG00268_h1_HML-2_3q12.3_graph_hgsvc3-2024-02-23-mc-chm13	ONE_SIDED_NO_PAIR	TGAGGT	NONE	DIRECT_PAF_ENDPOINT	UNSUPPORTED	SUPPORTED	NONE
HML-2_3q12.3	HG00268_h2_HML-2_3q12.3_graph_hgsvc3-2024-02-23-mc-chm13	ONE_SIDED_NO_PAIR	TGAGGT	NONE	DIRECT_PAF_ENDPOINT	UNSUPPORTED	SUPPORTED	NONE
HML-2_3q12.3	HG00272_hap1_hprc_r2_v1.0.1_HML-2_3q12.3	ONE_SIDED_NO_PAIR	TGAGGT	NONE	DIRECT_PAF_ENDPOINT	UNSUPPORTED	SUPPORTED	NONE
HML-2_3q12.3	HG00272_hap2_hprc_r2_v1.0.1_HML-2_3q12.3	ONE_SIDED_NO_PAIR	TGAGGT	NONE	DIRECT_PAF_ENDPOINT	UNSUPPORTED	SUPPORTED	NONE
HML-2_3q12.3	HG00280_hap1_hprc_r2_v1.0.1_HML-2_3q12.3	ONE_SIDED_NO_PAIR	TGAGGT	NONE	DIRECT_PAF_ENDPOINT	UNSUPPORTED	SUPPORTED	NONE
HML-2_3q12.3	HG00280_hap2_hprc_r2_v1.0.1_HML-2_3q12.3	ONE_SIDED_NO_PAIR	TGAGGT	NONE	DIRECT_PAF_ENDPOINT	UNSUPPORTED	SUPPORTED	NONE
HML-2_3q12.3	HG00290_hap1_hprc_r2_v1.0.1_HML-2_3q12.3	ONE_SIDED_NO_PAIR	TGAGGT	NONE	DIRECT_PAF_ENDPOINT	UNSUPPORTED	SUPPORTED	NONE
HML-2_3q12.3	HG00290_hap2_hprc_r2_v1.0.1_HML-2_3q12.3	ONE_SIDED_NO_PAIR	TGAGGT	NONE	DIRECT_PAF_ENDPOINT	UNSUPPORTED	SUPPORTED	NONE
HML-2_3q12.3	HG00320_hap1_hprc_r2_v1.0.1_HML-2_3q12.3	ONE_SIDED_NO_PAIR	TGAGGT	NONE	DIRECT_PAF_ENDPOINT	UNSUPPORTED	SUPPORTED	NONE
HML-2_3q12.3	HG00320_hap2_hprc_r2_v1.0.1_HML-2_3q12.3	ONE_SIDED_NO_PAIR	TGAGGT	NONE	DIRECT_PAF_ENDPOINT	UNSUPPORTED	SUPPORTED	NONE
HML-2_3q12.3	HG00321_hap1_hprc_r2_v1.0.1_HML-2_3q12.3	ONE_SIDED_NO_PAIR	TGAGGT	NONE	DIRECT_PAF_ENDPOINT	UNSUPPORTED	SUPPORTED	NONE
HML-2_3q12.3	HG00321_hap2_hprc_r2_v1.0.1_HML-2_3q12.3	ONE_SIDED_NO_PAIR	TGAGGT	NONE	DIRECT_PAF_ENDPOINT	UNSUPPORTED	SUPPORTED	NONE
HML-2_3q12.3	HG00323_hap1_hprc_r2_v1.0.1_HML-2_3q12.3	ONE_SIDED_NO_PAIR	TGAGGT	NONE	DIRECT_PAF_ENDPOINT	UNSUPPORTED	SUPPORTED	NONE
HML-2_3q12.3	HG00323_hap2_hprc_r2_v1.0.1_HML-2_3q12.3	ONE_SIDED_NO_PAIR	TGAGGT	NONE	DIRECT_PAF_ENDPOINT	UNSUPPORTED	SUPPORTED	NONE
HML-2_3q12.3	HG00329_hap1_hprc_r2_v1.0.1_HML-2_3q12.3	ONE_SIDED_NO_PAIR	TGAGGT	NONE	DIRECT_PAF_ENDPOINT	UNSUPPORTED	SUPPORTED	NONE
HML-2_3q12.3	HG00329_hap2_hprc_r2_v1.0.1_HML-2_3q12.3	ONE_SIDED_NO_PAIR	TGAGGT	NONE	DIRECT_PAF_ENDPOINT	UNSUPPORTED	SUPPORTED	NONE
HML-2_3q12.3	HG00344_hap1_hprc_r2_v1.0.1_HML-2_3q12.3	ONE_SIDED_NO_PAIR	TGAGGT	NONE	DIRECT_PAF_ENDPOINT	UNSUPPORTED	SUPPORTED	NONE
HML-2_3q12.3	HG00344_hap2_hprc_r2_v1.0.1_HML-2_3q12.3	ONE_SIDED_NO_PAIR	TGAGGT	NONE	DIRECT_PAF_ENDPOINT	UNSUPPORTED	SUPPORTED	NONE
HML-2_3q12.3	HG00350_hap1_hprc_r2_v1.0.1_HML-2_3q12.3	ONE_SIDED_NO_PAIR	TGAGGT	NONE	DIRECT_PAF_ENDPOINT	UNSUPPORTED	SUPPORTED	NONE
HML-2_3q12.3	HG00350_hap2_hprc_r2_v1.0.1_HML-2_3q12.3	ONE_SIDED_NO_PAIR	TGAGGT	NONE	DIRECT_PAF_ENDPOINT	UNSUPPORTED	SUPPORTED	NONE
HML-2_3q12.3	HG00358_h1_HML-2_3q12.3_graph_hgsvc3-2024-02-23-mc-chm13	ONE_SIDED_NO_PAIR	TGAGGT	NONE	DIRECT_PAF_ENDPOINT	UNSUPPORTED	SUPPORTED	NONE
HML-2_3q12.3	HG00358_h2_HML-2_3q12.3_graph_hgsvc3-2024-02-23-mc-chm13	ONE_SIDED_NO_PAIR	TGAGGT	NONE	DIRECT_PAF_ENDPOINT	UNSUPPORTED	SUPPORTED	NONE
HML-2_3q12.3	HG00408_mat_hprc_r2_v1.0.1_HML-2_3q12.3	ONE_SIDED_NO_PAIR	TGAGGT	NONE	DIRECT_PAF_ENDPOINT	UNSUPPORTED	SUPPORTED	NONE
HML-2_3q12.3	HG00408_pat_hprc_r2_v1.0.1_HML-2_3q12.3	ONE_SIDED_NO_PAIR	TGAGGT	NONE	DIRECT_PAF_ENDPOINT	UNSUPPORTED	SUPPORTED	NONE
HML-2_3q12.3	HG00423_mat_hprc_r2_v1.0.1_HML-2_3q12.3	ONE_SIDED_NO_PAIR	TGAGGT	NONE	DIRECT_PAF_ENDPOINT	UNSUPPORTED	SUPPORTED	NONE
HML-2_3q12.3	HG00423_pat_hprc_r2_v1.0.1_HML-2_3q12.3	ONE_SIDED_NO_PAIR	TGAGGT	NONE	DIRECT_PAF_ENDPOINT	UNSUPPORTED	SUPPORTED	NONE
HML-2_3q12.3	HG00438_mat_hprc_r2_v1.0.1_HML-2_3q12.3	ONE_SIDED_NO_PAIR	TGAGGT	NONE	DIRECT_PAF_ENDPOINT	UNSUPPORTED	SUPPORTED	NONE
HML-2_3q12.3	HG00438_pat_hprc_r2_v1.0.1_HML-2_3q12.3	ONE_SIDED_NO_PAIR	TGAGGT	NONE	DIRECT_PAF_ENDPOINT	UNSUPPORTED	SUPPORTED	NONE
HML-2_3q12.3	HG00512_h1_HML-2_3q12.3_graph_hgsvc3-2024-02-23-mc-chm13	ONE_SIDED_NO_PAIR	TGAGGT	NONE	DIRECT_PAF_ENDPOINT	UNSUPPORTED	SUPPORTED	NONE
HML-2_3q12.3	HG00512_h2_HML-2_3q12.3_graph_hgsvc3-2024-02-23-mc-chm13	ONE_SIDED_NO_PAIR	TGAGGT	NONE	DIRECT_PAF_ENDPOINT	UNSUPPORTED	SUPPORTED	NONE
HML-2_3q12.3	HG00513_h1_HML-2_3q12.3_graph_hgsvc3-2024-02-23-mc-chm13	ONE_SIDED_NO_PAIR	TGAGGT	NONE	DIRECT_PAF_ENDPOINT	UNSUPPORTED	SUPPORTED	NONE
HML-2_3q12.3	HG00513_h2_HML-2_3q12.3_graph_hgsvc3-2024-02-23-mc-chm13	ONE_SIDED_NO_PAIR	TGAGGT	NONE	DIRECT_PAF_ENDPOINT	UNSUPPORTED	SUPPORTED	NONE
HML-2_3q12.3	HG00514_h1_HML-2_3q12.3_graph_hgsvc3-2024-02-23-mc-chm13	ONE_SIDED_NO_PAIR	TGAGGT	NONE	DIRECT_PAF_ENDPOINT	UNSUPPORTED	SUPPORTED	NONE
HML-2_3q12.3	HG00514_h2_HML-2_3q12.3_graph_hgsvc3-2024-02-23-mc-chm13	ONE_SIDED_NO_PAIR	TGAGGT	NONE	DIRECT_PAF_ENDPOINT	UNSUPPORTED	SUPPORTED	NONE
HML-2_3q12.3	HG00544_mat_hprc_r2_v1.0.1_HML-2_3q12.3	ONE_SIDED_NO_PAIR	TGAGGT	NONE	DIRECT_PAF_ENDPOINT	UNSUPPORTED	SUPPORTED	NONE
HML-2_3q12.3	HG00544_pat_hprc_r2_v1.0.1_HML-2_3q12.3	ONE_SIDED_NO_PAIR	TGAGGT	NONE	DIRECT_PAF_ENDPOINT	UNSUPPORTED	SUPPORTED	NONE
HML-2_3q12.3	HG00558_mat_hprc_r2_v1.0.1_HML-2_3q12.3	ONE_SIDED_NO_PAIR	TGAGGT	NONE	DIRECT_PAF_ENDPOINT	UNSUPPORTED	SUPPORTED	NONE
HML-2_3q12.3	HG00558_pat_hprc_r2_v1.0.1_HML-2_3q12.3	ONE_SIDED_NO_PAIR	TGAGGT	NONE	DIRECT_PAF_ENDPOINT	UNSUPPORTED	SUPPORTED	NONE
HML-2_3q12.3	HG00597_mat_hprc_r2_v1.0.1_HML-2_3q12.3	ONE_SIDED_NO_PAIR	TGAGGT	NONE	DIRECT_PAF_ENDPOINT	UNSUPPORTED	SUPPORTED	NONE
HML-2_3q12.3	HG00597_pat_hprc_r2_v1.0.1_HML-2_3q12.3	ONE_SIDED_NO_PAIR	TGAGGT	NONE	DIRECT_PAF_ENDPOINT	UNSUPPORTED	SUPPORTED	NONE
HML-2_3q12.3	HG005_mat_hprc_r2_v1.0.1_HML-2_3q12.3	ONE_SIDED_NO_PAIR	TGAGGT	NONE	DIRECT_PAF_ENDPOINT	UNSUPPORTED	SUPPORTED	NONE
HML-2_3q12.3	HG005_pat_hprc_r2_v1.0.1_HML-2_3q12.3	ONE_SIDED_NO_PAIR	TGAGGT	NONE	DIRECT_PAF_ENDPOINT	UNSUPPORTED	SUPPORTED	NONE
HML-2_3q12.3	HG00609_mat_hprc_r2_v1.0.1_HML-2_3q12.3	ONE_SIDED_NO_PAIR	TGAGGT	NONE	DIRECT_PAF_ENDPOINT	UNSUPPORTED	SUPPORTED	NONE
HML-2_3q12.3	HG00609_pat_hprc_r2_v1.0.1_HML-2_3q12.3	ONE_SIDED_NO_PAIR	TGAGGT	NONE	DIRECT_PAF_ENDPOINT	UNSUPPORTED	SUPPORTED	NONE
HML-2_3q12.3	HG00621_mat_hprc_r2_v1.0.1_HML-2_3q12.3	ONE_SIDED_NO_PAIR	TGAGGT	NONE	DIRECT_PAF_ENDPOINT	UNSUPPORTED	SUPPORTED	NONE
HML-2_3q12.3	HG00621_pat_hprc_r2_v1.0.1_HML-2_3q12.3	ONE_SIDED_NO_PAIR	TGAGGT	NONE	DIRECT_PAF_ENDPOINT	UNSUPPORTED	SUPPORTED	NONE
HML-2_3q12.3	HG00639_mat_hprc_r2_v1.0.1_HML-2_3q12.3	ONE_SIDED_NO_PAIR	TGAGGT	NONE	DIRECT_PAF_ENDPOINT	UNSUPPORTED	SUPPORTED	NONE
HML-2_3q12.3	HG00639_pat_hprc_r2_v1.0.1_HML-2_3q12.3	ONE_SIDED_NO_PAIR	TGAGGT	NONE	DIRECT_PAF_ENDPOINT	UNSUPPORTED	SUPPORTED	NONE
HML-2_3q12.3	HG00642_mat_hprc_r2_v1.0.1_HML-2_3q12.3	ONE_SIDED_NO_PAIR	TGAGGT	NONE	DIRECT_PAF_ENDPOINT	UNSUPPORTED	SUPPORTED	NONE
HML-2_3q12.3	HG00642_pat_hprc_r2_v1.0.1_HML-2_3q12.3	ONE_SIDED_NO_PAIR	TGAGGT	NONE	DIRECT_PAF_ENDPOINT	UNSUPPORTED	SUPPORTED	NONE
HML-2_3q12.3	HG00658_mat_hprc_r2_v1.0.1_HML-2_3q12.3	ONE_SIDED_NO_PAIR	TGAGGT	NONE	DIRECT_PAF_ENDPOINT	UNSUPPORTED	SUPPORTED	NONE
HML-2_3q12.3	HG00658_pat_hprc_r2_v1.0.1_HML-2_3q12.3	ONE_SIDED_NO_PAIR	TGAGGT	NONE	DIRECT_PAF_ENDPOINT	UNSUPPORTED	SUPPORTED	NONE
HML-2_3q12.3	HG00673_mat_hprc_r2_v1.0.1_HML-2_3q12.3	ONE_SIDED_NO_PAIR	TGAGGT	NONE	DIRECT_PAF_ENDPOINT	UNSUPPORTED	SUPPORTED	NONE
HML-2_3q12.3	HG00673_pat_hprc_r2_v1.0.1_HML-2_3q12.3	ONE_SIDED_NO_PAIR	TGAGGT	NONE	DIRECT_PAF_ENDPOINT	UNSUPPORTED	SUPPORTED	NONE
HML-2_3q12.3	HG00706_mat_hprc_r2_v1.0.1_HML-2_3q12.3	ONE_SIDED_NO_PAIR	TGAGGT	NONE	DIRECT_PAF_ENDPOINT	UNSUPPORTED	SUPPORTED	NONE
HML-2_3q12.3	HG00706_pat_hprc_r2_v1.0.1_HML-2_3q12.3	ONE_SIDED_NO_PAIR	TGAGGT	NONE	DIRECT_PAF_ENDPOINT	UNSUPPORTED	SUPPORTED	NONE
HML-2_3q12.3	HG00731_h1_HML-2_3q12.3_graph_hgsvc3-2024-02-23-mc-chm13	ONE_SIDED_NO_PAIR	TGAGGT	NONE	DIRECT_PAF_ENDPOINT	UNSUPPORTED	SUPPORTED	NONE
HML-2_3q12.3	HG00731_h2_HML-2_3q12.3_graph_hgsvc3-2024-02-23-mc-chm13	ONE_SIDED_NO_PAIR	TGAGGT	NONE	DIRECT_PAF_ENDPOINT	UNSUPPORTED	SUPPORTED	NONE
HML-2_3q12.3	HG00732_h1_HML-2_3q12.3_graph_hgsvc3-2024-02-23-mc-chm13	ONE_SIDED_NO_PAIR	TGAGGT	NONE	DIRECT_PAF_ENDPOINT	UNSUPPORTED	SUPPORTED	NONE
HML-2_3q12.3	HG00732_h2_HML-2_3q12.3_graph_hgsvc3-2024-02-23-mc-chm13	ONE_SIDED_NO_PAIR	TGAGGT	NONE	DIRECT_PAF_ENDPOINT	UNSUPPORTED	SUPPORTED	NONE
HML-2_3q12.3	HG00733_mat_hprc_r2_v1.0.1_HML-2_3q12.3	ONE_SIDED_NO_PAIR	TGAGGT	NONE	DIRECT_PAF_ENDPOINT	UNSUPPORTED	SUPPORTED	NONE
HML-2_3q12.3	HG00733_pat_hprc_r2_v1.0.1_HML-2_3q12.3	ONE_SIDED_NO_PAIR	TGAGGT	NONE	DIRECT_PAF_ENDPOINT	UNSUPPORTED	SUPPORTED	NONE
HML-2_3q12.3	HG00735_mat_hprc_r2_v1.0.1_HML-2_3q12.3	ONE_SIDED_NO_PAIR	TGAGGT	NONE	DIRECT_PAF_ENDPOINT	UNSUPPORTED	SUPPORTED	NONE
HML-2_3q12.3	HG00735_pat_hprc_r2_v1.0.1_HML-2_3q12.3	ONE_SIDED_NO_PAIR	TGAGGT	NONE	DIRECT_PAF_ENDPOINT	UNSUPPORTED	SUPPORTED	NONE
HML-2_3q12.3	HG00738_mat_hprc_r2_v1.0.1_HML-2_3q12.3	ONE_SIDED_NO_PAIR	TGAGGT	NONE	DIRECT_PAF_ENDPOINT	UNSUPPORTED	SUPPORTED	NONE
HML-2_3q12.3	HG00738_pat_hprc_r2_v1.0.1_HML-2_3q12.3	ONE_SIDED_NO_PAIR	TGAGGT	NONE	DIRECT_PAF_ENDPOINT	UNSUPPORTED	SUPPORTED	NONE
HML-2_3q12.3	HG00741_mat_hprc_r2_v1.0.1_HML-2_3q12.3	ONE_SIDED_NO_PAIR	TGAGGT	NONE	DIRECT_PAF_ENDPOINT	UNSUPPORTED	SUPPORTED	NONE
HML-2_3q12.3	HG00741_pat_hprc_r2_v1.0.1_HML-2_3q12.3	ONE_SIDED_NO_PAIR	TGAGGT	NONE	DIRECT_PAF_ENDPOINT	UNSUPPORTED	SUPPORTED	NONE
HML-2_3q12.3	HG00864_h1_HML-2_3q12.3_graph_hgsvc3-2024-02-23-mc-chm13	ONE_SIDED_NO_PAIR	TGAGGT	NONE	DIRECT_PAF_ENDPOINT	UNSUPPORTED	SUPPORTED	NONE
HML-2_3q12.3	HG00864_h2_HML-2_3q12.3_graph_hgsvc3-2024-02-23-mc-chm13	ONE_SIDED_NO_PAIR	TGAGGT	NONE	DIRECT_PAF_ENDPOINT	UNSUPPORTED	SUPPORTED	NONE
HML-2_3q12.3	HG01071_mat_hprc_r2_v1.0.1_HML-2_3q12.3	ONE_SIDED_NO_PAIR	TGAGGT	NONE	DIRECT_PAF_ENDPOINT	UNSUPPORTED	SUPPORTED	NONE
HML-2_3q12.3	HG01071_pat_hprc_r2_v1.0.1_HML-2_3q12.3	ONE_SIDED_NO_PAIR	TGAGGT	NONE	DIRECT_PAF_ENDPOINT	UNSUPPORTED	SUPPORTED	NONE
HML-2_3q12.3	HG01074_mat_hprc_r2_v1.0.1_HML-2_3q12.3	ONE_SIDED_NO_PAIR	TGAGGT	NONE	DIRECT_PAF_ENDPOINT	UNSUPPORTED	SUPPORTED	NONE
HML-2_3q12.3	HG01074_pat_hprc_r2_v1.0.1_HML-2_3q12.3	ONE_SIDED_NO_PAIR	TGAGGT	NONE	DIRECT_PAF_ENDPOINT	UNSUPPORTED	SUPPORTED	NONE
HML-2_3q12.3	HG01081_mat_hprc_r2_v1.0.1_HML-2_3q12.3	ONE_SIDED_NO_PAIR	TGAGGT	NONE	DIRECT_PAF_ENDPOINT	UNSUPPORTED	SUPPORTED	NONE
HML-2_3q12.3	HG01081_pat_hprc_r2_v1.0.1_HML-2_3q12.3	ONE_SIDED_NO_PAIR	TGAGGT	NONE	DIRECT_PAF_ENDPOINT	UNSUPPORTED	SUPPORTED	NONE
HML-2_3q12.3	HG01099_mat_hprc_r2_v1.0.1_HML-2_3q12.3	ONE_SIDED_NO_PAIR	TGAGGT	NONE	DIRECT_PAF_ENDPOINT	UNSUPPORTED	SUPPORTED	NONE
HML-2_3q12.3	HG01099_pat_hprc_r2_v1.0.1_HML-2_3q12.3	ONE_SIDED_NO_PAIR	TGAGGT	NONE	DIRECT_PAF_ENDPOINT	UNSUPPORTED	SUPPORTED	NONE
HML-2_3q12.3	HG01106_mat_hprc_r2_v1.0.1_HML-2_3q12.3	ONE_SIDED_NO_PAIR	TGAGGT	NONE	DIRECT_PAF_ENDPOINT	UNSUPPORTED	SUPPORTED	NONE
HML-2_3q12.3	HG01106_pat_hprc_r2_v1.0.1_HML-2_3q12.3	ONE_SIDED_NO_PAIR	TGAGGT	NONE	DIRECT_PAF_ENDPOINT	UNSUPPORTED	SUPPORTED	NONE
HML-2_3q12.3	HG01109_mat_hprc_r2_v1.0.1_HML-2_3q12.3	ONE_SIDED_NO_PAIR	TGAGGT	NONE	DIRECT_PAF_ENDPOINT	UNSUPPORTED	SUPPORTED	NONE
HML-2_3q12.3	HG01109_pat_hprc_r2_v1.0.1_HML-2_3q12.3	ONE_SIDED_NO_PAIR	TGAGGT	NONE	DIRECT_PAF_ENDPOINT	UNSUPPORTED	SUPPORTED	NONE
HML-2_3q12.3	HG01114_h1_HML-2_3q12.3_graph_hgsvc3-2024-02-23-mc-chm13	ONE_SIDED_NO_PAIR	TGAGGT	NONE	DIRECT_PAF_ENDPOINT	UNSUPPORTED	SUPPORTED	NONE
HML-2_3q12.3	HG01114_h2_HML-2_3q12.3_graph_hgsvc3-2024-02-23-mc-chm13	ONE_SIDED_NO_PAIR	TGAGGT	NONE	DIRECT_PAF_ENDPOINT	UNSUPPORTED	SUPPORTED	NONE
HML-2_3q12.3	HG01123_mat_hprc_r2_v1.0.1_HML-2_3q12.3	ONE_SIDED_NO_PAIR	TGAGGT	NONE	DIRECT_PAF_ENDPOINT	UNSUPPORTED	SUPPORTED	NONE
HML-2_3q12.3	HG01123_pat_hprc_r2_v1.0.1_HML-2_3q12.3	ONE_SIDED_NO_PAIR	TGAGGT	NONE	DIRECT_PAF_ENDPOINT	UNSUPPORTED	SUPPORTED	NONE
HML-2_3q12.3	HG01150_mat_hprc_r2_v1.0.1_HML-2_3q12.3	ONE_SIDED_NO_PAIR	TGAGGT	NONE	DIRECT_PAF_ENDPOINT	UNSUPPORTED	SUPPORTED	NONE
HML-2_3q12.3	HG01150_pat_hprc_r2_v1.0.1_HML-2_3q12.3	ONE_SIDED_NO_PAIR	TGAGGT	NONE	DIRECT_PAF_ENDPOINT	UNSUPPORTED	SUPPORTED	NONE
HML-2_3q12.3	HG01167_hap1_hprc_r2_v1.0.1_HML-2_3q12.3	ONE_SIDED_NO_PAIR	TGAGGT	NONE	DIRECT_PAF_ENDPOINT	UNSUPPORTED	SUPPORTED	NONE
HML-2_3q12.3	HG01167_hap2_hprc_r2_v1.0.1_HML-2_3q12.3	ONE_SIDED_NO_PAIR	TGAGGT	NONE	DIRECT_PAF_ENDPOINT	UNSUPPORTED	SUPPORTED	NONE
HML-2_3q12.3	HG01175_mat_hprc_r2_v1.0.1_HML-2_3q12.3	ONE_SIDED_NO_PAIR	TGAGGT	NONE	DIRECT_PAF_ENDPOINT	UNSUPPORTED	SUPPORTED	NONE
HML-2_3q12.3	HG01175_pat_hprc_r2_v1.0.1_HML-2_3q12.3	ONE_SIDED_NO_PAIR	TGAGGT	NONE	DIRECT_PAF_ENDPOINT	UNSUPPORTED	SUPPORTED	NONE
HML-2_3q12.3	HG01192_mat_hprc_r2_v1.0.1_HML-2_3q12.3	ONE_SIDED_NO_PAIR	TGAGGT	NONE	DIRECT_PAF_ENDPOINT	UNSUPPORTED	SUPPORTED	NONE
HML-2_3q12.3	HG01192_pat_hprc_r2_v1.0.1_HML-2_3q12.3	ONE_SIDED_NO_PAIR	TGAGGT	NONE	DIRECT_PAF_ENDPOINT	UNSUPPORTED	SUPPORTED	NONE
HML-2_3q12.3	HG01243_mat_hprc_r2_v1.0.1_HML-2_3q12.3	ONE_SIDED_NO_PAIR	TGAGGT	NONE	DIRECT_PAF_ENDPOINT	UNSUPPORTED	SUPPORTED	NONE
HML-2_3q12.3	HG01243_pat_hprc_r2_v1.0.1_HML-2_3q12.3	ONE_SIDED_NO_PAIR	TGAGGT	NONE	DIRECT_PAF_ENDPOINT	UNSUPPORTED	SUPPORTED	NONE
HML-2_3q12.3	HG01252_mat_hprc_r2_v1.0.1_HML-2_3q12.3	ONE_SIDED_NO_PAIR	TGAGGT	NONE	DIRECT_PAF_ENDPOINT	UNSUPPORTED	SUPPORTED	NONE
HML-2_3q12.3	HG01252_pat_hprc_r2_v1.0.1_HML-2_3q12.3	ONE_SIDED_NO_PAIR	TGAGGT	NONE	DIRECT_PAF_ENDPOINT	UNSUPPORTED	SUPPORTED	NONE
HML-2_3q12.3	HG01255_mat_hprc_r2_v1.0.1_HML-2_3q12.3	ONE_SIDED_NO_PAIR	TGAGGT	NONE	DIRECT_PAF_ENDPOINT	UNSUPPORTED	SUPPORTED	NONE
HML-2_3q12.3	HG01255_pat_hprc_r2_v1.0.1_HML-2_3q12.3	ONE_SIDED_NO_PAIR	TGAGGT	NONE	DIRECT_PAF_ENDPOINT	UNSUPPORTED	SUPPORTED	NONE
HML-2_3q12.3	HG01258_mat_hprc_r2_v1.0.1_HML-2_3q12.3	ONE_SIDED_NO_PAIR	TGAGGT	NONE	DIRECT_PAF_ENDPOINT	UNSUPPORTED	SUPPORTED	NONE
HML-2_3q12.3	HG01258_pat_hprc_r2_v1.0.1_HML-2_3q12.3	ONE_SIDED_NO_PAIR	TGAGGT	NONE	DIRECT_PAF_ENDPOINT	UNSUPPORTED	SUPPORTED	NONE
HML-2_3q12.3	HG01261_mat_hprc_r2_v1.0.1_HML-2_3q12.3	ONE_SIDED_NO_PAIR	TGAGGT	NONE	DIRECT_PAF_ENDPOINT	UNSUPPORTED	SUPPORTED	NONE
HML-2_3q12.3	HG01261_pat_hprc_r2_v1.0.1_HML-2_3q12.3	ONE_SIDED_NO_PAIR	TGAGGT	NONE	DIRECT_PAF_ENDPOINT	UNSUPPORTED	SUPPORTED	NONE
HML-2_3q12.3	HG01346_mat_hprc_r2_v1.0.1_HML-2_3q12.3	ONE_SIDED_NO_PAIR	TGAGGT	NONE	DIRECT_PAF_ENDPOINT	UNSUPPORTED	SUPPORTED	NONE
HML-2_3q12.3	HG01346_pat_hprc_r2_v1.0.1_HML-2_3q12.3	ONE_SIDED_NO_PAIR	TGAGGT	NONE	DIRECT_PAF_ENDPOINT	UNSUPPORTED	SUPPORTED	NONE
HML-2_3q12.3	HG01352_h1_HML-2_3q12.3_graph_hgsvc3-2024-02-23-mc-chm13	ONE_SIDED_NO_PAIR	TGAGGT	NONE	DIRECT_PAF_ENDPOINT	UNSUPPORTED	SUPPORTED	NONE
HML-2_3q12.3	HG01352_h2_HML-2_3q12.3_graph_hgsvc3-2024-02-23-mc-chm13	ONE_SIDED_NO_PAIR	TGAGGT	NONE	DIRECT_PAF_ENDPOINT	UNSUPPORTED	SUPPORTED	NONE
HML-2_3q12.3	HG01358_mat_hprc_r2_v1.0.1_HML-2_3q12.3	ONE_SIDED_NO_PAIR	TGAGGT	NONE	DIRECT_PAF_ENDPOINT	UNSUPPORTED	SUPPORTED	NONE
HML-2_3q12.3	HG01358_pat_hprc_r2_v1.0.1_HML-2_3q12.3	ONE_SIDED_NO_PAIR	TGAGGT	NONE	DIRECT_PAF_ENDPOINT	UNSUPPORTED	SUPPORTED	NONE
HML-2_3q12.3	HG01361_mat_hprc_r2_v1.0.1_HML-2_3q12.3	ONE_SIDED_NO_PAIR	TGAGGT	NONE	DIRECT_PAF_ENDPOINT	UNSUPPORTED	SUPPORTED	NONE
HML-2_3q12.3	HG01361_pat_hprc_r2_v1.0.1_HML-2_3q12.3	ONE_SIDED_NO_PAIR	TGAGGT	NONE	DIRECT_PAF_ENDPOINT	UNSUPPORTED	SUPPORTED	NONE
HML-2_3q12.3	HG01433_mat_hprc_r2_v1.0.1_HML-2_3q12.3	ONE_SIDED_NO_PAIR	TGAGGT	NONE	DIRECT_PAF_ENDPOINT	UNSUPPORTED	SUPPORTED	NONE
HML-2_3q12.3	HG01433_pat_hprc_r2_v1.0.1_HML-2_3q12.3	ONE_SIDED_NO_PAIR	TGAGGT	NONE	DIRECT_PAF_ENDPOINT	UNSUPPORTED	SUPPORTED	NONE
HML-2_3q12.3	HG01457_h1_HML-2_3q12.3_graph_hgsvc3-2024-02-23-mc-chm13	ONE_SIDED_NO_PAIR	TGAGGT	NONE	DIRECT_PAF_ENDPOINT	UNSUPPORTED	SUPPORTED	NONE
HML-2_3q12.3	HG01457_h2_HML-2_3q12.3_graph_hgsvc3-2024-02-23-mc-chm13	ONE_SIDED_NO_PAIR	TGAGGT	NONE	DIRECT_PAF_ENDPOINT	UNSUPPORTED	SUPPORTED	NONE
HML-2_3q12.3	HG01496_mat_hprc_r2_v1.0.1_HML-2_3q12.3	ONE_SIDED_NO_PAIR	TGAGGT	NONE	DIRECT_PAF_ENDPOINT	UNSUPPORTED	SUPPORTED	NONE
HML-2_3q12.3	HG01496_pat_hprc_r2_v1.0.1_HML-2_3q12.3	ONE_SIDED_NO_PAIR	TGAGGT	NONE	DIRECT_PAF_ENDPOINT	UNSUPPORTED	SUPPORTED	NONE
HML-2_3q12.3	HG01505_h1_HML-2_3q12.3_graph_hgsvc3-2024-02-23-mc-chm13	ONE_SIDED_NO_PAIR	TGAGGT	NONE	DIRECT_PAF_ENDPOINT	UNSUPPORTED	SUPPORTED	NONE
HML-2_3q12.3	HG01505_h2_HML-2_3q12.3_graph_hgsvc3-2024-02-23-mc-chm13	ONE_SIDED_NO_PAIR	TGAGGT	NONE	DIRECT_PAF_ENDPOINT	UNSUPPORTED	SUPPORTED	NONE
HML-2_3q12.3	HG01530_hap1_hprc_r2_v1.0.1_HML-2_3q12.3	ONE_SIDED_NO_PAIR	TGAGGT	NONE	DIRECT_PAF_ENDPOINT	UNSUPPORTED	SUPPORTED	NONE
HML-2_3q12.3	HG01530_hap2_hprc_r2_v1.0.1_HML-2_3q12.3	ONE_SIDED_NO_PAIR	TGAGGT	NONE	DIRECT_PAF_ENDPOINT	UNSUPPORTED	SUPPORTED	NONE
HML-2_3q12.3	HG01573_h1_HML-2_3q12.3_graph_hgsvc3-2024-02-23-mc-chm13	ONE_SIDED_NO_PAIR	TGAGGT	NONE	DIRECT_PAF_ENDPOINT	UNSUPPORTED	SUPPORTED	NONE
HML-2_3q12.3	HG01573_h2_HML-2_3q12.3_graph_hgsvc3-2024-02-23-mc-chm13	ONE_SIDED_NO_PAIR	TGAGGT	NONE	DIRECT_PAF_ENDPOINT	UNSUPPORTED	SUPPORTED	NONE
HML-2_3q12.3	HG01596_h1_HML-2_3q12.3_graph_hgsvc3-2024-02-23-mc-chm13	ONE_SIDED_NO_PAIR	TGAGGT	NONE	DIRECT_PAF_ENDPOINT	UNSUPPORTED	SUPPORTED	NONE
HML-2_3q12.3	HG01596_h2_HML-2_3q12.3_graph_hgsvc3-2024-02-23-mc-chm13	ONE_SIDED_NO_PAIR	TGAGGT	NONE	DIRECT_PAF_ENDPOINT	UNSUPPORTED	SUPPORTED	NONE
HML-2_3q12.3	HG01784_hap1_hprc_r2_v1.0.1_HML-2_3q12.3	ONE_SIDED_NO_PAIR	TGAGGT	NONE	DIRECT_PAF_ENDPOINT	UNSUPPORTED	SUPPORTED	NONE
HML-2_3q12.3	HG01784_hap2_hprc_r2_v1.0.1_HML-2_3q12.3	ONE_SIDED_NO_PAIR	TGAGGT	NONE	DIRECT_PAF_ENDPOINT	UNSUPPORTED	SUPPORTED	NONE
HML-2_3q12.3	HG01786_hap1_hprc_r2_v1.0.1_HML-2_3q12.3	ONE_SIDED_NO_PAIR	TGAGGT	NONE	DIRECT_PAF_ENDPOINT	UNSUPPORTED	SUPPORTED	NONE
HML-2_3q12.3	HG01786_hap2_hprc_r2_v1.0.1_HML-2_3q12.3	ONE_SIDED_NO_PAIR	TGAGGT	NONE	DIRECT_PAF_ENDPOINT	UNSUPPORTED	SUPPORTED	NONE
HML-2_3q12.3	HG01884_mat_hprc_r2_v1.0.1_HML-2_3q12.3	ONE_SIDED_NO_PAIR	TGAGGT	NONE	DIRECT_PAF_ENDPOINT	UNSUPPORTED	SUPPORTED	NONE
HML-2_3q12.3	HG01884_pat_hprc_r2_v1.0.1_HML-2_3q12.3	ONE_SIDED_NO_PAIR	TGAGGT	NONE	TERMINAL_MOTIF	UNSUPPORTED	SUPPORTED	NONE
HML-2_3q12.3	HG01890_h1_HML-2_3q12.3_graph_hgsvc3-2024-02-23-mc-chm13	ONE_SIDED_NO_PAIR	TGAGGT	NONE	DIRECT_PAF_ENDPOINT	UNSUPPORTED	SUPPORTED	NONE
HML-2_3q12.3	HG01890_h2_HML-2_3q12.3_graph_hgsvc3-2024-02-23-mc-chm13	ONE_SIDED_NO_PAIR	TGAGGT	NONE	DIRECT_PAF_ENDPOINT	UNSUPPORTED	SUPPORTED	NONE
HML-2_3q12.3	HG01891_mat_hprc_r2_v1.0.1_HML-2_3q12.3	ONE_SIDED_NO_PAIR	TGAGGT	NONE	DIRECT_PAF_ENDPOINT	UNSUPPORTED	SUPPORTED	NONE
HML-2_3q12.3	HG01891_pat_hprc_r2_v1.0.1_HML-2_3q12.3	ONE_SIDED_NO_PAIR	TGAGGT	NONE	DIRECT_PAF_ENDPOINT	UNSUPPORTED	SUPPORTED	NONE
HML-2_3q12.3	HG01928_mat_hprc_r2_v1.0.1_HML-2_3q12.3	ONE_SIDED_NO_PAIR	TGAGGT	NONE	DIRECT_PAF_ENDPOINT	UNSUPPORTED	SUPPORTED	NONE
HML-2_3q12.3	HG01928_pat_hprc_r2_v1.0.1_HML-2_3q12.3	ONE_SIDED_NO_PAIR	TGAGGT	NONE	DIRECT_PAF_ENDPOINT	UNSUPPORTED	SUPPORTED	NONE
HML-2_3q12.3	HG01934_mat_hprc_r2_v1.0.1_HML-2_3q12.3	ONE_SIDED_NO_PAIR	TGAGGT	NONE	DIRECT_PAF_ENDPOINT	UNSUPPORTED	SUPPORTED	NONE
HML-2_3q12.3	HG01934_pat_hprc_r2_v1.0.1_HML-2_3q12.3	ONE_SIDED_NO_PAIR	TGAGGT	NONE	DIRECT_PAF_ENDPOINT	UNSUPPORTED	SUPPORTED	NONE
HML-2_3q12.3	HG01940_mat_hprc_r2_v1.0.1_HML-2_3q12.3	ONE_SIDED_NO_PAIR	TGAGGT	NONE	DIRECT_PAF_ENDPOINT	UNSUPPORTED	SUPPORTED	NONE
HML-2_3q12.3	HG01940_pat_hprc_r2_v1.0.1_HML-2_3q12.3	ONE_SIDED_NO_PAIR	TGAGGT	NONE	DIRECT_PAF_ENDPOINT	UNSUPPORTED	SUPPORTED	NONE
HML-2_3q12.3	HG01943_mat_hprc_r2_v1.0.1_HML-2_3q12.3	ONE_SIDED_NO_PAIR	TGAGGT	NONE	DIRECT_PAF_ENDPOINT	UNSUPPORTED	SUPPORTED	NONE
HML-2_3q12.3	HG01943_pat_hprc_r2_v1.0.1_HML-2_3q12.3	ONE_SIDED_NO_PAIR	TGAGGT	NONE	DIRECT_PAF_ENDPOINT	UNSUPPORTED	SUPPORTED	NONE
HML-2_3q12.3	HG01952_mat_hprc_r2_v1.0.1_HML-2_3q12.3	ONE_SIDED_NO_PAIR	TGAGGT	NONE	DIRECT_PAF_ENDPOINT	UNSUPPORTED	SUPPORTED	NONE
HML-2_3q12.3	HG01952_pat_hprc_r2_v1.0.1_HML-2_3q12.3	ONE_SIDED_NO_PAIR	TGAGGT	NONE	DIRECT_PAF_ENDPOINT	UNSUPPORTED	SUPPORTED	NONE
HML-2_3q12.3	HG01960_mat_hprc_r2_v1.0.1_HML-2_3q12.3	ONE_SIDED_NO_PAIR	TGAGGT	NONE	DIRECT_PAF_ENDPOINT	UNSUPPORTED	SUPPORTED	NONE
HML-2_3q12.3	HG01960_pat_hprc_r2_v1.0.1_HML-2_3q12.3	ONE_SIDED_NO_PAIR	TGAGGT	NONE	TERMINAL_MOTIF	UNSUPPORTED	SUPPORTED	NONE
HML-2_3q12.3	HG01969_mat_hprc_r2_v1.0.1_HML-2_3q12.3	ONE_SIDED_NO_PAIR	TGAGGT	NONE	DIRECT_PAF_ENDPOINT	UNSUPPORTED	SUPPORTED	NONE
HML-2_3q12.3	HG01969_pat_hprc_r2_v1.0.1_HML-2_3q12.3	ONE_SIDED_NO_PAIR	TGAGGT	NONE	DIRECT_PAF_ENDPOINT	UNSUPPORTED	SUPPORTED	NONE
HML-2_3q12.3	HG01975_mat_hprc_r2_v1.0.1_HML-2_3q12.3	ONE_SIDED_NO_PAIR	TGAGGT	NONE	DIRECT_PAF_ENDPOINT	UNSUPPORTED	SUPPORTED	NONE
HML-2_3q12.3	HG01975_pat_hprc_r2_v1.0.1_HML-2_3q12.3	ONE_SIDED_NO_PAIR	TGAGGT	NONE	DIRECT_PAF_ENDPOINT	UNSUPPORTED	SUPPORTED	NONE
HML-2_3q12.3	HG01978_mat_hprc_r2_v1.1.0_HML-2_3q12.3	ONE_SIDED_NO_PAIR	TGAGGT	NONE	DIRECT_PAF_ENDPOINT	UNSUPPORTED	SUPPORTED	NONE
HML-2_3q12.3	HG01978_pat_hprc_r2_v1.1.0_HML-2_3q12.3	ONE_SIDED_NO_PAIR	TGAGGT	NONE	DIRECT_PAF_ENDPOINT	UNSUPPORTED	SUPPORTED	NONE
HML-2_3q12.3	HG01981_mat_hprc_r2_v1.0.1_HML-2_3q12.3	ONE_SIDED_NO_PAIR	TGAGGT	NONE	DIRECT_PAF_ENDPOINT	UNSUPPORTED	SUPPORTED	NONE
HML-2_3q12.3	HG01981_pat_hprc_r2_v1.0.1_HML-2_3q12.3	ONE_SIDED_NO_PAIR	TGAGGT	NONE	DIRECT_PAF_ENDPOINT	UNSUPPORTED	SUPPORTED	NONE
HML-2_3q12.3	HG01993_mat_hprc_r2_v1.0.1_HML-2_3q12.3	ONE_SIDED_NO_PAIR	TGAGGT	NONE	DIRECT_PAF_ENDPOINT	UNSUPPORTED	SUPPORTED	NONE
HML-2_3q12.3	HG01993_pat_hprc_r2_v1.0.1_HML-2_3q12.3	ONE_SIDED_NO_PAIR	TGAGGT	NONE	DIRECT_PAF_ENDPOINT	UNSUPPORTED	SUPPORTED	NONE
HML-2_3q12.3	HG02004_mat_hprc_r2_v1.0.1_HML-2_3q12.3	ONE_SIDED_NO_PAIR	TGAGGT	NONE	DIRECT_PAF_ENDPOINT	UNSUPPORTED	SUPPORTED	NONE
HML-2_3q12.3	HG02004_pat_hprc_r2_v1.0.1_HML-2_3q12.3	ONE_SIDED_NO_PAIR	TGAGGT	NONE	DIRECT_PAF_ENDPOINT	UNSUPPORTED	SUPPORTED	NONE
HML-2_3q12.3	HG02011_h1_HML-2_3q12.3_graph_hgsvc3-2024-02-23-mc-chm13	ONE_SIDED_NO_PAIR	TGAGGT	NONE	TERMINAL_MOTIF	UNSUPPORTED	SUPPORTED	NONE
HML-2_3q12.3	HG02011_h2_HML-2_3q12.3_graph_hgsvc3-2024-02-23-mc-chm13	ONE_SIDED_NO_PAIR	TGAGGT	NONE	DIRECT_PAF_ENDPOINT	UNSUPPORTED	SUPPORTED	NONE
HML-2_3q12.3	HG02015_mat_hprc_r2_v1.0.1_HML-2_3q12.3	ONE_SIDED_NO_PAIR	TGAGGT	NONE	DIRECT_PAF_ENDPOINT	UNSUPPORTED	SUPPORTED	NONE
HML-2_3q12.3	HG02015_pat_hprc_r2_v1.0.1_HML-2_3q12.3	ONE_SIDED_NO_PAIR	TGAGGT	NONE	DIRECT_PAF_ENDPOINT	UNSUPPORTED	SUPPORTED	NONE
HML-2_3q12.3	HG02018_h1_HML-2_3q12.3_graph_hgsvc3-2024-02-23-mc-chm13	ONE_SIDED_NO_PAIR	TGAGGT	NONE	DIRECT_PAF_ENDPOINT	UNSUPPORTED	SUPPORTED	NONE
HML-2_3q12.3	HG02018_h2_HML-2_3q12.3_graph_hgsvc3-2024-02-23-mc-chm13	ONE_SIDED_NO_PAIR	TGAGGT	NONE	DIRECT_PAF_ENDPOINT	UNSUPPORTED	SUPPORTED	NONE
HML-2_3q12.3	HG02027_mat_hprc_r2_v1.0.1_HML-2_3q12.3	ONE_SIDED_NO_PAIR	TGAGGT	NONE	DIRECT_PAF_ENDPOINT	UNSUPPORTED	SUPPORTED	NONE
HML-2_3q12.3	HG02027_pat_hprc_r2_v1.0.1_HML-2_3q12.3	ONE_SIDED_NO_PAIR	TGAGGT	NONE	DIRECT_PAF_ENDPOINT	UNSUPPORTED	SUPPORTED	NONE
HML-2_3q12.3	HG02040_hap1_hprc_r2_v1.0.1_HML-2_3q12.3	ONE_SIDED_NO_PAIR	TGAGGT	NONE	DIRECT_PAF_ENDPOINT	UNSUPPORTED	SUPPORTED	NONE
HML-2_3q12.3	HG02040_hap2_hprc_r2_v1.0.1_HML-2_3q12.3	ONE_SIDED_NO_PAIR	TGAGGT	NONE	DIRECT_PAF_ENDPOINT	UNSUPPORTED	SUPPORTED	NONE
HML-2_3q12.3	HG02055_mat_hprc_r2_v1.0.1_HML-2_3q12.3	ONE_SIDED_NO_PAIR	TGAGGT	NONE	DIRECT_PAF_ENDPOINT	UNSUPPORTED	SUPPORTED	NONE
HML-2_3q12.3	HG02055_pat_hprc_r2_v1.0.1_HML-2_3q12.3	ONE_SIDED_NO_PAIR	TGAGGT	NONE	DIRECT_PAF_ENDPOINT	UNSUPPORTED	SUPPORTED	NONE
HML-2_3q12.3	HG02056_mat_hprc_r2_v1.0.1_HML-2_3q12.3	ONE_SIDED_NO_PAIR	TGAGGT	NONE	DIRECT_PAF_ENDPOINT	UNSUPPORTED	SUPPORTED	NONE
HML-2_3q12.3	HG02056_pat_hprc_r2_v1.0.1_HML-2_3q12.3	ONE_SIDED_NO_PAIR	TGAGGT	NONE	DIRECT_PAF_ENDPOINT	UNSUPPORTED	SUPPORTED	NONE
HML-2_3q12.3	HG02059_h1_HML-2_3q12.3_graph_hgsvc3-2024-02-23-mc-chm13	ONE_SIDED_NO_PAIR	TGAGGT	NONE	DIRECT_PAF_ENDPOINT	UNSUPPORTED	SUPPORTED	NONE
HML-2_3q12.3	HG02059_h2_HML-2_3q12.3_graph_hgsvc3-2024-02-23-mc-chm13	ONE_SIDED_NO_PAIR	TGAGGT	NONE	DIRECT_PAF_ENDPOINT	UNSUPPORTED	SUPPORTED	NONE
HML-2_3q12.3	HG02071_mat_hprc_r2_v1.0.1_HML-2_3q12.3	ONE_SIDED_NO_PAIR	TGAGGT	NONE	DIRECT_PAF_ENDPOINT	UNSUPPORTED	SUPPORTED	NONE
HML-2_3q12.3	HG02071_pat_hprc_r2_v1.0.1_HML-2_3q12.3	ONE_SIDED_NO_PAIR	TGAGGT	NONE	DIRECT_PAF_ENDPOINT	UNSUPPORTED	SUPPORTED	NONE
HML-2_3q12.3	HG02074_mat_hprc_r2_v1.0.1_HML-2_3q12.3	ONE_SIDED_NO_PAIR	TGAGGT	NONE	DIRECT_PAF_ENDPOINT	UNSUPPORTED	SUPPORTED	NONE
HML-2_3q12.3	HG02074_pat_hprc_r2_v1.0.1_HML-2_3q12.3	ONE_SIDED_NO_PAIR	TGAGGT	NONE	DIRECT_PAF_ENDPOINT	UNSUPPORTED	SUPPORTED	NONE
HML-2_3q12.3	HG02080_mat_hprc_r2_v1.0.1_HML-2_3q12.3	ONE_SIDED_NO_PAIR	TGAGGT	NONE	DIRECT_PAF_ENDPOINT	UNSUPPORTED	SUPPORTED	NONE
HML-2_3q12.3	HG02080_pat_hprc_r2_v1.0.1_HML-2_3q12.3	ONE_SIDED_NO_PAIR	TGAGGT	NONE	DIRECT_PAF_ENDPOINT	UNSUPPORTED	SUPPORTED	NONE
HML-2_3q12.3	HG02083_mat_hprc_r2_v1.0.1_HML-2_3q12.3	ONE_SIDED_NO_PAIR	TGAGGT	NONE	DIRECT_PAF_ENDPOINT	UNSUPPORTED	SUPPORTED	NONE
HML-2_3q12.3	HG02083_pat_hprc_r2_v1.0.1_HML-2_3q12.3	ONE_SIDED_NO_PAIR	TGAGGT	NONE	DIRECT_PAF_ENDPOINT	UNSUPPORTED	SUPPORTED	NONE
HML-2_3q12.3	HG02106_h1_HML-2_3q12.3_graph_hgsvc3-2024-02-23-mc-chm13	ONE_SIDED_NO_PAIR	TGAGGT	NONE	DIRECT_PAF_ENDPOINT	UNSUPPORTED	SUPPORTED	NONE
HML-2_3q12.3	HG02106_h2_HML-2_3q12.3_graph_hgsvc3-2024-02-23-mc-chm13	ONE_SIDED_NO_PAIR	TGAGGT	NONE	DIRECT_PAF_ENDPOINT	UNSUPPORTED	SUPPORTED	NONE
HML-2_3q12.3	HG02109_mat_hprc_r2_v1.0.1_HML-2_3q12.3	ONE_SIDED_NO_PAIR	TGAGGT	NONE	DIRECT_PAF_ENDPOINT	UNSUPPORTED	SUPPORTED	NONE
HML-2_3q12.3	HG02109_pat_hprc_r2_v1.0.1_HML-2_3q12.3	ONE_SIDED_NO_PAIR	TGAGGT	NONE	DIRECT_PAF_ENDPOINT	UNSUPPORTED	SUPPORTED	NONE
HML-2_3q12.3	HG02129_mat_hprc_r2_v1.0.1_HML-2_3q12.3	ONE_SIDED_NO_PAIR	TGAGGT	NONE	DIRECT_PAF_ENDPOINT	UNSUPPORTED	SUPPORTED	NONE
HML-2_3q12.3	HG02129_pat_hprc_r2_v1.0.1_HML-2_3q12.3	ONE_SIDED_NO_PAIR	TGAGGT	NONE	DIRECT_PAF_ENDPOINT	UNSUPPORTED	SUPPORTED	NONE
HML-2_3q12.3	HG02132_mat_hprc_r2_v1.0.1_HML-2_3q12.3	ONE_SIDED_NO_PAIR	TGAGGT	NONE	DIRECT_PAF_ENDPOINT	UNSUPPORTED	SUPPORTED	NONE
HML-2_3q12.3	HG02132_pat_hprc_r2_v1.0.1_HML-2_3q12.3	ONE_SIDED_NO_PAIR	TGAGGT	NONE	DIRECT_PAF_ENDPOINT	UNSUPPORTED	SUPPORTED	NONE
HML-2_3q12.3	HG02135_mat_hprc_r2_v1.0.1_HML-2_3q12.3	ONE_SIDED_NO_PAIR	TGAGGT	NONE	DIRECT_PAF_ENDPOINT	UNSUPPORTED	SUPPORTED	NONE
HML-2_3q12.3	HG02135_pat_hprc_r2_v1.0.1_HML-2_3q12.3	ONE_SIDED_NO_PAIR	TGAGGT	NONE	DIRECT_PAF_ENDPOINT	UNSUPPORTED	SUPPORTED	NONE
HML-2_3q12.3	HG02145_mat_hprc_r2_v1.0.1_HML-2_3q12.3	ONE_SIDED_NO_PAIR	TGAGGT	NONE	TERMINAL_MOTIF	UNSUPPORTED	SUPPORTED	NONE
HML-2_3q12.3	HG02145_pat_hprc_r2_v1.0.1_HML-2_3q12.3	ONE_SIDED_NO_PAIR	TGAGGT	NONE	DIRECT_PAF_ENDPOINT	UNSUPPORTED	SUPPORTED	NONE
HML-2_3q12.3	HG02148_mat_hprc_r2_v1.0.1_HML-2_3q12.3	ONE_SIDED_NO_PAIR	TGAGGT	NONE	DIRECT_PAF_ENDPOINT	UNSUPPORTED	SUPPORTED	NONE
HML-2_3q12.3	HG02148_pat_hprc_r2_v1.0.1_HML-2_3q12.3	ONE_SIDED_NO_PAIR	TGAGGT	NONE	DIRECT_PAF_ENDPOINT	UNSUPPORTED	SUPPORTED	NONE
HML-2_3q12.3	HG02155_hap1_hprc_r2_v1.0.1_HML-2_3q12.3	ONE_SIDED_NO_PAIR	TGAGGT	NONE	DIRECT_PAF_ENDPOINT	UNSUPPORTED	SUPPORTED	NONE
HML-2_3q12.3	HG02155_hap2_hprc_r2_v1.0.1_HML-2_3q12.3	ONE_SIDED_NO_PAIR	TGAGGT	NONE	DIRECT_PAF_ENDPOINT	UNSUPPORTED	SUPPORTED	NONE
HML-2_3q12.3	HG02165_hap1_hprc_r2_v1.0.1_HML-2_3q12.3	ONE_SIDED_NO_PAIR	TGAGGT	NONE	DIRECT_PAF_ENDPOINT	UNSUPPORTED	SUPPORTED	NONE
HML-2_3q12.3	HG02165_hap2_hprc_r2_v1.0.1_HML-2_3q12.3	ONE_SIDED_NO_PAIR	TGAGGT	NONE	DIRECT_PAF_ENDPOINT	UNSUPPORTED	SUPPORTED	NONE
HML-2_3q12.3	HG02178_hap1_hprc_r2_v1.0.1_HML-2_3q12.3	ONE_SIDED_NO_PAIR	TGAGGT	NONE	DIRECT_PAF_ENDPOINT	UNSUPPORTED	SUPPORTED	NONE
HML-2_3q12.3	HG02178_hap2_hprc_r2_v1.0.1_HML-2_3q12.3	ONE_SIDED_NO_PAIR	TGAGGT	NONE	DIRECT_PAF_ENDPOINT	UNSUPPORTED	SUPPORTED	NONE
HML-2_3q12.3	HG02257_mat_hprc_r2_v1.1.0_HML-2_3q12.3	ONE_SIDED_NO_PAIR	TGAGGT	NONE	TERMINAL_MOTIF	UNSUPPORTED	SUPPORTED	NONE
HML-2_3q12.3	HG02257_pat_hprc_r2_v1.1.0_HML-2_3q12.3	ONE_SIDED_NO_PAIR	TGAGGT	NONE	TERMINAL_MOTIF	UNSUPPORTED	SUPPORTED	NONE
HML-2_3q12.3	HG02258_mat_hprc_r2_v1.0.1_HML-2_3q12.3	ONE_SIDED_NO_PAIR	TGAGGT	NONE	DIRECT_PAF_ENDPOINT	UNSUPPORTED	SUPPORTED	NONE
HML-2_3q12.3	HG02258_pat_hprc_r2_v1.0.1_HML-2_3q12.3	ONE_SIDED_NO_PAIR	TGAGGT	NONE	DIRECT_PAF_ENDPOINT	UNSUPPORTED	SUPPORTED	NONE
HML-2_3q12.3	HG02273_hap1_hprc_r2_v1.0.1_HML-2_3q12.3	ONE_SIDED_NO_PAIR	TGAGGT	NONE	DIRECT_PAF_ENDPOINT	UNSUPPORTED	SUPPORTED	NONE
HML-2_3q12.3	HG02273_hap2_hprc_r2_v1.0.1_HML-2_3q12.3	ONE_SIDED_NO_PAIR	TGAGGT	NONE	DIRECT_PAF_ENDPOINT	UNSUPPORTED	SUPPORTED	NONE
HML-2_3q12.3	HG02280_mat_hprc_r2_v1.0.1_HML-2_3q12.3	ONE_SIDED_NO_PAIR	TGAGGT	NONE	DIRECT_PAF_ENDPOINT	UNSUPPORTED	SUPPORTED	NONE
HML-2_3q12.3	HG02280_pat_hprc_r2_v1.0.1_HML-2_3q12.3	ONE_SIDED_NO_PAIR	TGAGGT	NONE	DIRECT_PAF_ENDPOINT	UNSUPPORTED	SUPPORTED	NONE
HML-2_3q12.3	HG02282_h1_HML-2_3q12.3_graph_hgsvc3-2024-02-23-mc-chm13	ONE_SIDED_NO_PAIR	TGAGGT	NONE	DIRECT_PAF_ENDPOINT	UNSUPPORTED	SUPPORTED	NONE
HML-2_3q12.3	HG02282_h2_HML-2_3q12.3_graph_hgsvc3-2024-02-23-mc-chm13	ONE_SIDED_NO_PAIR	GGGAAA	NONE	DIRECT_PAF_ENDPOINT	UNSUPPORTED		NONE
HML-2_3q12.3	HG02293_mat_hprc_r2_v1.0.1_HML-2_3q12.3	ONE_SIDED_NO_PAIR	TGAGGT	NONE	DIRECT_PAF_ENDPOINT	UNSUPPORTED	SUPPORTED	NONE
HML-2_3q12.3	HG02293_pat_hprc_r2_v1.0.1_HML-2_3q12.3	ONE_SIDED_NO_PAIR	TGAGGT	NONE	DIRECT_PAF_ENDPOINT	UNSUPPORTED	SUPPORTED	NONE
HML-2_3q12.3	HG02300_mat_hprc_r2_v1.0.1_HML-2_3q12.3	ONE_SIDED_NO_PAIR	TGAGGT	NONE	DIRECT_PAF_ENDPOINT	UNSUPPORTED	SUPPORTED	NONE
HML-2_3q12.3	HG02300_pat_hprc_r2_v1.0.1_HML-2_3q12.3	ONE_SIDED_NO_PAIR	TGAGGT	NONE	DIRECT_PAF_ENDPOINT	UNSUPPORTED	SUPPORTED	NONE
HML-2_3q12.3	HG02391_hap1_hprc_r2_v1.0.1_HML-2_3q12.3	ONE_SIDED_NO_PAIR	TGAGGT	NONE	DIRECT_PAF_ENDPOINT	UNSUPPORTED	SUPPORTED	NONE
HML-2_3q12.3	HG02391_hap2_hprc_r2_v1.0.1_HML-2_3q12.3	ONE_SIDED_NO_PAIR	TGAGGT	NONE	DIRECT_PAF_ENDPOINT	UNSUPPORTED	SUPPORTED	NONE
HML-2_3q12.3	HG02392_hap1_hprc_r2_v1.0.1_HML-2_3q12.3	ONE_SIDED_NO_PAIR	TGAGGT	NONE	DIRECT_PAF_ENDPOINT	UNSUPPORTED	SUPPORTED	NONE
HML-2_3q12.3	HG02392_hap2_hprc_r2_v1.0.1_HML-2_3q12.3	ONE_SIDED_NO_PAIR	TGAGGT	NONE	DIRECT_PAF_ENDPOINT	UNSUPPORTED	SUPPORTED	NONE
HML-2_3q12.3	HG02451_mat_hprc_r2_v1.0.1_HML-2_3q12.3	ONE_SIDED_NO_PAIR	TGAGGT	NONE	DIRECT_PAF_ENDPOINT	UNSUPPORTED	SUPPORTED	NONE
HML-2_3q12.3	HG02486_mat_hprc_r2_v1.0.1_HML-2_3q12.3	ONE_SIDED_NO_PAIR	TGAGGT	NONE	DIRECT_PAF_ENDPOINT	UNSUPPORTED	SUPPORTED	NONE
HML-2_3q12.3	HG02486_pat_hprc_r2_v1.0.1_HML-2_3q12.3	ONE_SIDED_NO_PAIR	TGAGGT	NONE	TERMINAL_MOTIF	UNSUPPORTED	SUPPORTED	NONE
HML-2_3q12.3	HG02492_h1_HML-2_3q12.3_graph_hgsvc3-2024-02-23-mc-chm13	ONE_SIDED_NO_PAIR	TGAGGT	NONE	DIRECT_PAF_ENDPOINT	UNSUPPORTED	SUPPORTED	NONE
HML-2_3q12.3	HG02492_h2_HML-2_3q12.3_graph_hgsvc3-2024-02-23-mc-chm13	ONE_SIDED_NO_PAIR	TGAGGT	NONE	DIRECT_PAF_ENDPOINT	UNSUPPORTED	SUPPORTED	NONE
HML-2_3q12.3	HG02514_mat_hprc_r2_v1.0.1_HML-2_3q12.3	ONE_SIDED_NO_PAIR	TGAGGT	NONE	DIRECT_PAF_ENDPOINT	UNSUPPORTED	SUPPORTED	NONE
HML-2_3q12.3	HG02514_pat_hprc_r2_v1.0.1_HML-2_3q12.3	ONE_SIDED_NO_PAIR	TGAGGT	NONE	DIRECT_PAF_ENDPOINT	UNSUPPORTED	SUPPORTED	NONE
HML-2_3q12.3	HG02523_mat_hprc_r2_v1.0.1_HML-2_3q12.3	ONE_SIDED_NO_PAIR	TGAGGT	NONE	DIRECT_PAF_ENDPOINT	UNSUPPORTED	SUPPORTED	NONE
HML-2_3q12.3	HG02523_pat_hprc_r2_v1.0.1_HML-2_3q12.3	ONE_SIDED_NO_PAIR	TGAGGT	NONE	DIRECT_PAF_ENDPOINT	UNSUPPORTED	SUPPORTED	NONE
HML-2_3q12.3	HG02554_h1_HML-2_3q12.3_graph_hgsvc3-2024-02-23-mc-chm13	ONE_SIDED_NO_PAIR	TGAGGT	NONE	DIRECT_PAF_ENDPOINT	UNSUPPORTED	SUPPORTED	NONE
HML-2_3q12.3	HG02554_h2_HML-2_3q12.3_graph_hgsvc3-2024-02-23-mc-chm13	ONE_SIDED_NO_PAIR	TGAGGT	NONE	DIRECT_PAF_ENDPOINT	UNSUPPORTED	SUPPORTED	NONE
HML-2_3q12.3	HG02559_mat_hprc_r2_v1.0.1_HML-2_3q12.3	ONE_SIDED_NO_PAIR	TGAGGT	NONE	DIRECT_PAF_ENDPOINT	UNSUPPORTED	SUPPORTED	NONE
HML-2_3q12.3	HG02572_mat_hprc_r2_v1.0.1_HML-2_3q12.3	ONE_SIDED_NO_PAIR	TGAGGT	NONE	DIRECT_PAF_ENDPOINT	UNSUPPORTED	SUPPORTED	NONE
HML-2_3q12.3	HG02572_pat_hprc_r2_v1.0.1_HML-2_3q12.3	ONE_SIDED_NO_PAIR	TGAGGT	NONE	DIRECT_PAF_ENDPOINT	UNSUPPORTED	SUPPORTED	NONE
HML-2_3q12.3	HG02583_hap2_hprc_r2_v1.0.1_HML-2_3q12.3	ONE_SIDED_NO_PAIR	TGAGGT	NONE	TERMINAL_MOTIF	UNSUPPORTED	SUPPORTED	NONE
HML-2_3q12.3	HG02587_h1_HML-2_3q12.3_graph_hgsvc3-2024-02-23-mc-chm13	ONE_SIDED_NO_PAIR	TGAGGT	NONE	DIRECT_PAF_ENDPOINT	UNSUPPORTED		NONE
HML-2_3q12.3	HG02587_h2_HML-2_3q12.3_graph_hgsvc3-2024-02-23-mc-chm13	ONE_SIDED_NO_PAIR	TGAGGT	NONE	DIRECT_PAF_ENDPOINT	UNSUPPORTED	SUPPORTED	NONE
HML-2_3q12.3	HG02602_mat_hprc_r2_v1.0.1_HML-2_3q12.3	ONE_SIDED_NO_PAIR	TGAGGT	NONE	DIRECT_PAF_ENDPOINT	UNSUPPORTED	SUPPORTED	NONE
HML-2_3q12.3	HG02602_pat_hprc_r2_v1.0.1_HML-2_3q12.3	ONE_SIDED_NO_PAIR	TGAGGT	NONE	DIRECT_PAF_ENDPOINT	UNSUPPORTED	SUPPORTED	NONE
HML-2_3q12.3	HG02615_mat_hprc_r2_v1.0.1_HML-2_3q12.3	ONE_SIDED_NO_PAIR	TGAGGT	NONE	DIRECT_PAF_ENDPOINT	UNSUPPORTED	SUPPORTED	NONE
HML-2_3q12.3	HG02615_pat_hprc_r2_v1.0.1_HML-2_3q12.3	ONE_SIDED_NO_PAIR	TGAGGT	NONE	TERMINAL_MOTIF	UNSUPPORTED	SUPPORTED	NONE
HML-2_3q12.3	HG02622_mat_hprc_r2_v1.0.1_HML-2_3q12.3	ONE_SIDED_NO_PAIR	TGAGGT	NONE	DIRECT_PAF_ENDPOINT	UNSUPPORTED	SUPPORTED	NONE
HML-2_3q12.3	HG02622_pat_hprc_r2_v1.0.1_HML-2_3q12.3	ONE_SIDED_NO_PAIR	TGAGGT	NONE	DIRECT_PAF_ENDPOINT	UNSUPPORTED	SUPPORTED	NONE
HML-2_3q12.3	HG02630_mat_hprc_r2_v1.0.1_HML-2_3q12.3	ONE_SIDED_NO_PAIR	TGAGGT	NONE	TERMINAL_MOTIF	UNSUPPORTED	SUPPORTED	NONE
HML-2_3q12.3	HG02630_pat_hprc_r2_v1.0.1_HML-2_3q12.3	ONE_SIDED_NO_PAIR	TGAGGT	NONE	DIRECT_PAF_ENDPOINT	UNSUPPORTED	SUPPORTED	NONE
HML-2_3q12.3	HG02647_mat_hprc_r2_v1.0.1_HML-2_3q12.3	ONE_SIDED_NO_PAIR	TGAGGT	NONE	DIRECT_PAF_ENDPOINT	UNSUPPORTED	SUPPORTED	NONE
HML-2_3q12.3	HG02647_pat_hprc_r2_v1.0.1_HML-2_3q12.3	ONE_SIDED_NO_PAIR	TGAGGT	NONE	DIRECT_PAF_ENDPOINT	UNSUPPORTED	SUPPORTED	NONE
HML-2_3q12.3	HG02666_h1_HML-2_3q12.3_graph_hgsvc3-2024-02-23-mc-chm13	ONE_SIDED_NO_PAIR	TGAGGT	NONE	TERMINAL_MOTIF	UNSUPPORTED	SUPPORTED	NONE
HML-2_3q12.3	HG02666_h2_HML-2_3q12.3_graph_hgsvc3-2024-02-23-mc-chm13	ONE_SIDED_NO_PAIR	TGAGGT	NONE	TERMINAL_MOTIF	UNSUPPORTED	SUPPORTED	NONE
HML-2_3q12.3	HG02668_mat_hprc_r2_v1.0.1_HML-2_3q12.3	ONE_SIDED_NO_PAIR	TGAGGT	NONE	DIRECT_PAF_ENDPOINT	UNSUPPORTED	SUPPORTED	NONE
HML-2_3q12.3	HG02668_pat_hprc_r2_v1.0.1_HML-2_3q12.3	ONE_SIDED_NO_PAIR	TGAGGT	NONE	TERMINAL_MOTIF	UNSUPPORTED	SUPPORTED	NONE
HML-2_3q12.3	HG02698_mat_hprc_r2_v1.0.1_HML-2_3q12.3	ONE_SIDED_NO_PAIR	TGAGGT	NONE	DIRECT_PAF_ENDPOINT	UNSUPPORTED	SUPPORTED	NONE
HML-2_3q12.3	HG02698_pat_hprc_r2_v1.0.1_HML-2_3q12.3	ONE_SIDED_NO_PAIR	TGAGGT	NONE	DIRECT_PAF_ENDPOINT	UNSUPPORTED	SUPPORTED	NONE
HML-2_3q12.3	HG02717_mat_hprc_r2_v1.0.1_HML-2_3q12.3	ONE_SIDED_NO_PAIR	TGAGGT	NONE	DIRECT_PAF_ENDPOINT	UNSUPPORTED	SUPPORTED	NONE
HML-2_3q12.3	HG02717_pat_hprc_r2_v1.0.1_HML-2_3q12.3	ONE_SIDED_NO_PAIR	TGAGGT	NONE	TERMINAL_MOTIF	UNSUPPORTED	SUPPORTED	NONE
HML-2_3q12.3	HG02723_mat_hprc_r2_v1.0.1_HML-2_3q12.3	ONE_SIDED_NO_PAIR	TGAGGT	NONE	TERMINAL_MOTIF	UNSUPPORTED	SUPPORTED	NONE
HML-2_3q12.3	HG02723_pat_hprc_r2_v1.0.1_HML-2_3q12.3	ONE_SIDED_NO_PAIR	TGAGGT	NONE	DIRECT_PAF_ENDPOINT	UNSUPPORTED	SUPPORTED	NONE
HML-2_3q12.3	HG02735_mat_hprc_r2_v1.0.1_HML-2_3q12.3	ONE_SIDED_NO_PAIR	TGAGGT	NONE	DIRECT_PAF_ENDPOINT	UNSUPPORTED	SUPPORTED	NONE
HML-2_3q12.3	HG02735_pat_hprc_r2_v1.0.1_HML-2_3q12.3	ONE_SIDED_NO_PAIR	TGAGGT	NONE	DIRECT_PAF_ENDPOINT	UNSUPPORTED	SUPPORTED	NONE
HML-2_3q12.3	HG02738_mat_hprc_r2_v1.0.1_HML-2_3q12.3	ONE_SIDED_NO_PAIR	TGAGGT	NONE	DIRECT_PAF_ENDPOINT	UNSUPPORTED	SUPPORTED	NONE
HML-2_3q12.3	HG02738_pat_hprc_r2_v1.0.1_HML-2_3q12.3	ONE_SIDED_NO_PAIR	TGAGGT	NONE	DIRECT_PAF_ENDPOINT	UNSUPPORTED	SUPPORTED	NONE
HML-2_3q12.3	HG02769_h1_HML-2_3q12.3_graph_hgsvc3-2024-02-23-mc-chm13	ONE_SIDED_NO_PAIR	TGAGGT	NONE	DIRECT_PAF_ENDPOINT	UNSUPPORTED	SUPPORTED	NONE
HML-2_3q12.3	HG02769_h2_HML-2_3q12.3_graph_hgsvc3-2024-02-23-mc-chm13	ONE_SIDED_NO_PAIR	TGAGGT	NONE	DIRECT_PAF_ENDPOINT	UNSUPPORTED		NONE
HML-2_3q12.3	HG02809_mat_hprc_r2_v1.0.1_HML-2_3q12.3	ONE_SIDED_NO_PAIR	TGAGGT	NONE	TERMINAL_MOTIF	UNSUPPORTED	SUPPORTED	NONE
HML-2_3q12.3	HG02809_pat_hprc_r2_v1.0.1_HML-2_3q12.3	ONE_SIDED_NO_PAIR	TGAGGT	NONE	DIRECT_PAF_ENDPOINT	UNSUPPORTED	SUPPORTED	NONE
HML-2_3q12.3	HG02818_mat_hprc_r2_v1.0.1_HML-2_3q12.3	ONE_SIDED_NO_PAIR	TGAGGT	NONE	TERMINAL_MOTIF	UNSUPPORTED	SUPPORTED	NONE
HML-2_3q12.3	HG02818_pat_hprc_r2_v1.0.1_HML-2_3q12.3	ONE_SIDED_NO_PAIR	TGAGGT	NONE	TERMINAL_MOTIF	UNSUPPORTED	SUPPORTED	NONE
HML-2_3q12.3	HG02841_mat_hprc_r2_v1.0.1_HML-2_3q12.3	ONE_SIDED_NO_PAIR	TGAGGT	NONE	DIRECT_PAF_ENDPOINT	UNSUPPORTED	SUPPORTED	NONE
HML-2_3q12.3	HG02841_pat_hprc_r2_v1.0.1_HML-2_3q12.3	ONE_SIDED_NO_PAIR	TGAGGT	NONE	DIRECT_PAF_ENDPOINT	UNSUPPORTED	SUPPORTED	NONE
HML-2_3q12.3	HG02886_mat_hprc_r2_v1.0.1_HML-2_3q12.3	ONE_SIDED_NO_PAIR	TGAGGT	NONE	DIRECT_PAF_ENDPOINT	UNSUPPORTED	SUPPORTED	NONE
HML-2_3q12.3	HG02886_pat_hprc_r2_v1.0.1_HML-2_3q12.3	ONE_SIDED_NO_PAIR	TGAGGT	NONE	DIRECT_PAF_ENDPOINT	UNSUPPORTED	SUPPORTED	NONE
HML-2_3q12.3	HG02922_hap1_hprc_r2_v1.0.1_HML-2_3q12.3	ONE_SIDED_NO_PAIR	TGAGGT	NONE	DIRECT_PAF_ENDPOINT	UNSUPPORTED	SUPPORTED	NONE
HML-2_3q12.3	HG02922_hap2_hprc_r2_v1.0.1_HML-2_3q12.3	ONE_SIDED_NO_PAIR	TGAGGT	NONE	DIRECT_PAF_ENDPOINT	UNSUPPORTED	SUPPORTED	NONE
HML-2_3q12.3	HG02953_h1_HML-2_3q12.3_graph_hgsvc3-2024-02-23-mc-chm13	ONE_SIDED_NO_PAIR	TGAGGT	NONE	DIRECT_PAF_ENDPOINT	UNSUPPORTED	SUPPORTED	NONE
HML-2_3q12.3	HG02953_h2_HML-2_3q12.3_graph_hgsvc3-2024-02-23-mc-chm13	ONE_SIDED_NO_PAIR	TGAGGT	NONE	TERMINAL_MOTIF	UNSUPPORTED	SUPPORTED	NONE
HML-2_3q12.3	HG02965_hap1_hprc_r2_v1.0.1_HML-2_3q12.3	ONE_SIDED_NO_PAIR	TGAGGT	NONE	DIRECT_PAF_ENDPOINT	UNSUPPORTED	SUPPORTED	NONE
HML-2_3q12.3	HG02965_hap2_hprc_r2_v1.0.1_HML-2_3q12.3	ONE_SIDED_NO_PAIR	TGAGGT	NONE	DIRECT_PAF_ENDPOINT	UNSUPPORTED	SUPPORTED	NONE
HML-2_3q12.3	HG02976_hap1_hprc_r2_v1.0.1_HML-2_3q12.3	ONE_SIDED_NO_PAIR	TGAGGT	NONE	DIRECT_PAF_ENDPOINT	UNSUPPORTED	SUPPORTED	NONE
HML-2_3q12.3	HG02976_hap2_hprc_r2_v1.0.1_HML-2_3q12.3	ONE_SIDED_NO_PAIR	TGAGGT	NONE	DIRECT_PAF_ENDPOINT	UNSUPPORTED	SUPPORTED	NONE
HML-2_3q12.3	HG02984_mat_hprc_r2_v1.0.1_HML-2_3q12.3	ONE_SIDED_NO_PAIR	TGAGGT	NONE	TERMINAL_MOTIF	UNSUPPORTED	SUPPORTED	NONE
HML-2_3q12.3	HG02984_pat_hprc_r2_v1.0.1_HML-2_3q12.3	ONE_SIDED_NO_PAIR	TGAGGT	NONE	TERMINAL_MOTIF	UNSUPPORTED	SUPPORTED	NONE
HML-2_3q12.3	HG03009_h1_HML-2_3q12.3_graph_hgsvc3-2024-02-23-mc-chm13	ONE_SIDED_NO_PAIR	TGAGGT	NONE	DIRECT_PAF_ENDPOINT	UNSUPPORTED	SUPPORTED	NONE
HML-2_3q12.3	HG03009_h2_HML-2_3q12.3_graph_hgsvc3-2024-02-23-mc-chm13	ONE_SIDED_NO_PAIR	TGAGGT	NONE	DIRECT_PAF_ENDPOINT	UNSUPPORTED	SUPPORTED	NONE
HML-2_3q12.3	HG03017_mat_hprc_r2_v1.0.1_HML-2_3q12.3	ONE_SIDED_NO_PAIR	TGAGGT	NONE	DIRECT_PAF_ENDPOINT	UNSUPPORTED	SUPPORTED	NONE
HML-2_3q12.3	HG03017_pat_hprc_r2_v1.0.1_HML-2_3q12.3	ONE_SIDED_NO_PAIR	TGAGGT	NONE	DIRECT_PAF_ENDPOINT	UNSUPPORTED	SUPPORTED	NONE
HML-2_3q12.3	HG03041_mat_hprc_r2_v1.0.1_HML-2_3q12.3	ONE_SIDED_NO_PAIR	TGAGGT	NONE	TERMINAL_MOTIF	UNSUPPORTED	SUPPORTED	NONE
HML-2_3q12.3	HG03041_pat_hprc_r2_v1.0.1_HML-2_3q12.3	ONE_SIDED_NO_PAIR	TGAGGT	NONE	DIRECT_PAF_ENDPOINT	UNSUPPORTED	SUPPORTED	NONE
HML-2_3q12.3	HG03050_mat_hprc_r2_v1.0.1_HML-2_3q12.3	ONE_SIDED_NO_PAIR	TGAGGT	NONE	DIRECT_PAF_ENDPOINT	UNSUPPORTED	SUPPORTED	NONE
HML-2_3q12.3	HG03050_pat_hprc_r2_v1.0.1_HML-2_3q12.3	ONE_SIDED_NO_PAIR	TGAGGT	NONE	DIRECT_PAF_ENDPOINT	UNSUPPORTED	SUPPORTED	NONE
HML-2_3q12.3	HG03065_h1_HML-2_3q12.3_graph_hgsvc3-2024-02-23-mc-chm13	ONE_SIDED_NO_PAIR	TGAGGT	NONE	TERMINAL_MOTIF	UNSUPPORTED	SUPPORTED	NONE
HML-2_3q12.3	HG03065_h2_HML-2_3q12.3_graph_hgsvc3-2024-02-23-mc-chm13	ONE_SIDED_NO_PAIR	TGAGGT	NONE	DIRECT_PAF_ENDPOINT	UNSUPPORTED	SUPPORTED	NONE
HML-2_3q12.3	HG03098_mat_hprc_r2_v1.0.1_HML-2_3q12.3	ONE_SIDED_NO_PAIR	TGAGGT	NONE	TERMINAL_MOTIF	UNSUPPORTED	SUPPORTED	NONE
HML-2_3q12.3	HG03098_pat_hprc_r2_v1.0.1_HML-2_3q12.3	ONE_SIDED_NO_PAIR	TGAGGT	NONE	DIRECT_PAF_ENDPOINT	UNSUPPORTED	SUPPORTED	NONE
HML-2_3q12.3	HG03130_hap1_hprc_r2_v1.0.1_HML-2_3q12.3	ONE_SIDED_NO_PAIR	TGAGGT	NONE	DIRECT_PAF_ENDPOINT	UNSUPPORTED	SUPPORTED	NONE
HML-2_3q12.3	HG03130_hap2_hprc_r2_v1.0.1_HML-2_3q12.3	ONE_SIDED_NO_PAIR	TGAGGT	NONE	DIRECT_PAF_ENDPOINT	UNSUPPORTED	SUPPORTED	NONE
HML-2_3q12.3	HG03139_hap1_hprc_r2_v1.0.1_HML-2_3q12.3	ONE_SIDED_NO_PAIR	TGAGGT	NONE	DIRECT_PAF_ENDPOINT	UNSUPPORTED	SUPPORTED	NONE
HML-2_3q12.3	HG03139_hap2_hprc_r2_v1.0.1_HML-2_3q12.3	ONE_SIDED_NO_PAIR	TGAGGT	NONE	DIRECT_PAF_ENDPOINT	UNSUPPORTED	SUPPORTED	NONE
HML-2_3q12.3	HG03195_hap1_hprc_r2_v1.0.1_HML-2_3q12.3	ONE_SIDED_NO_PAIR	TGAGGT	NONE	DIRECT_PAF_ENDPOINT	UNSUPPORTED	SUPPORTED	NONE
HML-2_3q12.3	HG03195_hap2_hprc_r2_v1.0.1_HML-2_3q12.3	ONE_SIDED_NO_PAIR	TGAGGT	NONE	DIRECT_PAF_ENDPOINT	UNSUPPORTED	SUPPORTED	NONE
HML-2_3q12.3	HG03209_hap1_hprc_r2_v1.0.1_HML-2_3q12.3	ONE_SIDED_NO_PAIR	TGAGGT	NONE	DIRECT_PAF_ENDPOINT	UNSUPPORTED	SUPPORTED	NONE
HML-2_3q12.3	HG03209_hap2_hprc_r2_v1.0.1_HML-2_3q12.3	ONE_SIDED_NO_PAIR	TGAGGT	NONE	DIRECT_PAF_ENDPOINT	UNSUPPORTED	SUPPORTED	NONE
HML-2_3q12.3	HG03225_hap1_hprc_r2_v1.0.1_HML-2_3q12.3	ONE_SIDED_NO_PAIR	TGAGGT	NONE	TERMINAL_MOTIF	UNSUPPORTED	SUPPORTED	NONE
HML-2_3q12.3	HG03225_hap2_hprc_r2_v1.0.1_HML-2_3q12.3	ONE_SIDED_NO_PAIR	TGAGGT	NONE	DIRECT_PAF_ENDPOINT	UNSUPPORTED	SUPPORTED	NONE
HML-2_3q12.3	HG03239_mat_hprc_r2_v1.0.1_HML-2_3q12.3	ONE_SIDED_NO_PAIR	TGAGGT	NONE	DIRECT_PAF_ENDPOINT	UNSUPPORTED	SUPPORTED	NONE
HML-2_3q12.3	HG03239_pat_hprc_r2_v1.0.1_HML-2_3q12.3	ONE_SIDED_NO_PAIR	TGAGGT	NONE	DIRECT_PAF_ENDPOINT	UNSUPPORTED	SUPPORTED	NONE
HML-2_3q12.3	HG03248_h1_HML-2_3q12.3_graph_hgsvc3-2024-02-23-mc-chm13	ONE_SIDED_NO_PAIR	TGAGGT	NONE	DIRECT_PAF_ENDPOINT	UNSUPPORTED	SUPPORTED	NONE
HML-2_3q12.3	HG03248_h2_HML-2_3q12.3_graph_hgsvc3-2024-02-23-mc-chm13	ONE_SIDED_NO_PAIR	TGAGGT	NONE	DIRECT_PAF_ENDPOINT	UNSUPPORTED	SUPPORTED	NONE
HML-2_3q12.3	HG03270_hap1_hprc_r2_v1.0.1_HML-2_3q12.3	ONE_SIDED_NO_PAIR	TGAGGT	NONE	DIRECT_PAF_ENDPOINT	UNSUPPORTED	SUPPORTED	NONE
HML-2_3q12.3	HG03270_hap2_hprc_r2_v1.0.1_HML-2_3q12.3	ONE_SIDED_NO_PAIR	TGAGGT	NONE	DIRECT_PAF_ENDPOINT	UNSUPPORTED	SUPPORTED	NONE
HML-2_3q12.3	HG03369_hap1_hprc_r2_v1.0.1_HML-2_3q12.3	ONE_SIDED_NO_PAIR	TGAGGT	NONE	DIRECT_PAF_ENDPOINT	UNSUPPORTED	SUPPORTED	NONE
HML-2_3q12.3	HG03369_hap2_hprc_r2_v1.0.1_HML-2_3q12.3	ONE_SIDED_NO_PAIR	TGAGGT	NONE	DIRECT_PAF_ENDPOINT	UNSUPPORTED	SUPPORTED	NONE
HML-2_3q12.3	HG03371_h1_HML-2_3q12.3_graph_hgsvc3-2024-02-23-mc-chm13	ONE_SIDED_NO_PAIR	TGAGGT	NONE	DIRECT_PAF_ENDPOINT	UNSUPPORTED	SUPPORTED	NONE
HML-2_3q12.3	HG03371_h2_HML-2_3q12.3_graph_hgsvc3-2024-02-23-mc-chm13	ONE_SIDED_NO_PAIR	TGAGGT	NONE	DIRECT_PAF_ENDPOINT	UNSUPPORTED	SUPPORTED	NONE
HML-2_3q12.3	HG03452_h1_HML-2_3q12.3_graph_hgsvc3-2024-02-23-mc-chm13	ONE_SIDED_NO_PAIR	TGAGGT	NONE	DIRECT_PAF_ENDPOINT	UNSUPPORTED	SUPPORTED	NONE
HML-2_3q12.3	HG03452_h2_HML-2_3q12.3_graph_hgsvc3-2024-02-23-mc-chm13	ONE_SIDED_NO_PAIR	TGAGGT	NONE	DIRECT_PAF_ENDPOINT	UNSUPPORTED	SUPPORTED	NONE
HML-2_3q12.3	HG03453_mat_hprc_r2_v1.0.1_HML-2_3q12.3	ONE_SIDED_NO_PAIR	TGAGGT	NONE	DIRECT_PAF_ENDPOINT	UNSUPPORTED	SUPPORTED	NONE
HML-2_3q12.3	HG03453_pat_hprc_r2_v1.0.1_HML-2_3q12.3	ONE_SIDED_NO_PAIR	TGAGGT	NONE	TERMINAL_MOTIF	UNSUPPORTED	SUPPORTED	NONE
HML-2_3q12.3	HG03456_h1_HML-2_3q12.3_graph_hgsvc3-2024-02-23-mc-chm13	ONE_SIDED_NO_PAIR	TGAGGT	NONE	DIRECT_PAF_ENDPOINT	UNSUPPORTED	SUPPORTED	NONE
HML-2_3q12.3	HG03456_h2_HML-2_3q12.3_graph_hgsvc3-2024-02-23-mc-chm13	ONE_SIDED_NO_PAIR	TGAGGT	NONE	TERMINAL_MOTIF	UNSUPPORTED	SUPPORTED	NONE
HML-2_3q12.3	HG03470_hap1_hprc_r2_v1.0.1_HML-2_3q12.3	ONE_SIDED_NO_PAIR	TGAGGT	NONE	DIRECT_PAF_ENDPOINT	UNSUPPORTED	SUPPORTED	NONE
HML-2_3q12.3	HG03470_hap2_hprc_r2_v1.0.1_HML-2_3q12.3	ONE_SIDED_NO_PAIR	TGAGGT	NONE	DIRECT_PAF_ENDPOINT	UNSUPPORTED	SUPPORTED	NONE
HML-2_3q12.3	HG03471_hap1_hprc_r2_v1.0.1_HML-2_3q12.3	ONE_SIDED_NO_PAIR	TGAGGT	NONE	DIRECT_PAF_ENDPOINT	UNSUPPORTED	SUPPORTED	NONE
HML-2_3q12.3	HG03471_hap2_hprc_r2_v1.0.1_HML-2_3q12.3	ONE_SIDED_NO_PAIR	TGAGGT	NONE	DIRECT_PAF_ENDPOINT	UNSUPPORTED	SUPPORTED	NONE
HML-2_3q12.3	HG03486_mat_hprc_r2_v1.0.1_HML-2_3q12.3	ONE_SIDED_NO_PAIR	TGAGGT	NONE	DIRECT_PAF_ENDPOINT	UNSUPPORTED	SUPPORTED	NONE
HML-2_3q12.3	HG03486_pat_hprc_r2_v1.0.1_HML-2_3q12.3	ONE_SIDED_NO_PAIR	TGAGGT	NONE	DIRECT_PAF_ENDPOINT	UNSUPPORTED	SUPPORTED	NONE
HML-2_3q12.3	HG03516_mat_hprc_r2_v1.1.0_HML-2_3q12.3	ONE_SIDED_NO_PAIR	TGAGGT	NONE	DIRECT_PAF_ENDPOINT	UNSUPPORTED	SUPPORTED	NONE
HML-2_3q12.3	HG03516_pat_hprc_r2_v1.1.0_HML-2_3q12.3	ONE_SIDED_NO_PAIR	TGAGGT	NONE	DIRECT_PAF_ENDPOINT	UNSUPPORTED	SUPPORTED	NONE
HML-2_3q12.3	HG03520_h1_HML-2_3q12.3_graph_hgsvc3-2024-02-23-mc-chm13	ONE_SIDED_NO_PAIR	TGAGGT	NONE	DIRECT_PAF_ENDPOINT	UNSUPPORTED	SUPPORTED	NONE
HML-2_3q12.3	HG03520_h2_HML-2_3q12.3_graph_hgsvc3-2024-02-23-mc-chm13	ONE_SIDED_NO_PAIR	TGAGGT	NONE	DIRECT_PAF_ENDPOINT	UNSUPPORTED	SUPPORTED	NONE
HML-2_3q12.3	HG03521_hap1_hprc_r2_v1.0.1_HML-2_3q12.3	ONE_SIDED_NO_PAIR	TGAGGT	NONE	DIRECT_PAF_ENDPOINT	UNSUPPORTED	SUPPORTED	NONE
HML-2_3q12.3	HG03521_hap2_hprc_r2_v1.0.1_HML-2_3q12.3	ONE_SIDED_NO_PAIR	TGAGGT	NONE	DIRECT_PAF_ENDPOINT	UNSUPPORTED	SUPPORTED	NONE
HML-2_3q12.3	HG03540_mat_hprc_r2_v1.0.1_HML-2_3q12.3	ONE_SIDED_NO_PAIR	TGAGGT	NONE	DIRECT_PAF_ENDPOINT	UNSUPPORTED	SUPPORTED	NONE
HML-2_3q12.3	HG03540_pat_hprc_r2_v1.0.1_HML-2_3q12.3	ONE_SIDED_NO_PAIR	TGAGGT	NONE	DIRECT_PAF_ENDPOINT	UNSUPPORTED	SUPPORTED	NONE
HML-2_3q12.3	HG03579_mat_hprc_r2_v1.0.1_HML-2_3q12.3	ONE_SIDED_NO_PAIR	TGAGGT	NONE	DIRECT_PAF_ENDPOINT	UNSUPPORTED	SUPPORTED	NONE
HML-2_3q12.3	HG03583_hap1_hprc_r2_v1.0.1_HML-2_3q12.3	ONE_SIDED_NO_PAIR	TGAGGT	NONE	DIRECT_PAF_ENDPOINT	UNSUPPORTED	SUPPORTED	NONE
HML-2_3q12.3	HG03583_hap2_hprc_r2_v1.0.1_HML-2_3q12.3	ONE_SIDED_NO_PAIR	TGAGGT	NONE	DIRECT_PAF_ENDPOINT	UNSUPPORTED	SUPPORTED	NONE
HML-2_3q12.3	HG03654_mat_hprc_r2_v1.0.1_HML-2_3q12.3	ONE_SIDED_NO_PAIR	TGAGGT	NONE	DIRECT_PAF_ENDPOINT	UNSUPPORTED	SUPPORTED	NONE
HML-2_3q12.3	HG03654_pat_hprc_r2_v1.0.1_HML-2_3q12.3	ONE_SIDED_NO_PAIR	TGAGGT	NONE	DIRECT_PAF_ENDPOINT	UNSUPPORTED	SUPPORTED	NONE
HML-2_3q12.3	HG03669_mat_hprc_r2_v1.0.1_HML-2_3q12.3	ONE_SIDED_NO_PAIR	TGAGGT	NONE	DIRECT_PAF_ENDPOINT	UNSUPPORTED	SUPPORTED	NONE
HML-2_3q12.3	HG03669_pat_hprc_r2_v1.0.1_HML-2_3q12.3	ONE_SIDED_NO_PAIR	TGAGGT	NONE	DIRECT_PAF_ENDPOINT	UNSUPPORTED	SUPPORTED	NONE
HML-2_3q12.3	HG03683_h1_HML-2_3q12.3_graph_hgsvc3-2024-02-23-mc-chm13	ONE_SIDED_NO_PAIR	TGAGGT	NONE	DIRECT_PAF_ENDPOINT	UNSUPPORTED	SUPPORTED	NONE
HML-2_3q12.3	HG03683_h2_HML-2_3q12.3_graph_hgsvc3-2024-02-23-mc-chm13	ONE_SIDED_NO_PAIR	TGAGGT	NONE	DIRECT_PAF_ENDPOINT	UNSUPPORTED	SUPPORTED	NONE
HML-2_3q12.3	HG03688_mat_hprc_r2_v1.0.1_HML-2_3q12.3	ONE_SIDED_NO_PAIR	TGAGGT	NONE	DIRECT_PAF_ENDPOINT	UNSUPPORTED	SUPPORTED	NONE
HML-2_3q12.3	HG03688_pat_hprc_r2_v1.0.1_HML-2_3q12.3	ONE_SIDED_NO_PAIR	TGAGGT	NONE	DIRECT_PAF_ENDPOINT	UNSUPPORTED	SUPPORTED	NONE
HML-2_3q12.3	HG03704_mat_hprc_r2_v1.0.1_HML-2_3q12.3	ONE_SIDED_NO_PAIR	TGAGGT	NONE	DIRECT_PAF_ENDPOINT	UNSUPPORTED	SUPPORTED	NONE
HML-2_3q12.3	HG03704_pat_hprc_r2_v1.0.1_HML-2_3q12.3	ONE_SIDED_NO_PAIR	TGAGGT	NONE	DIRECT_PAF_ENDPOINT	UNSUPPORTED	SUPPORTED	NONE
HML-2_3q12.3	HG03710_mat_hprc_r2_v1.0.1_HML-2_3q12.3	ONE_SIDED_NO_PAIR	TGAGGT	NONE	DIRECT_PAF_ENDPOINT	UNSUPPORTED	SUPPORTED	NONE
HML-2_3q12.3	HG03710_pat_hprc_r2_v1.0.1_HML-2_3q12.3	ONE_SIDED_NO_PAIR	TGAGGT	NONE	DIRECT_PAF_ENDPOINT	UNSUPPORTED	SUPPORTED	NONE
HML-2_3q12.3	HG03732_h1_HML-2_3q12.3_graph_hgsvc3-2024-02-23-mc-chm13	ONE_SIDED_NO_PAIR	TGAGGT	NONE	DIRECT_PAF_ENDPOINT	UNSUPPORTED	SUPPORTED	NONE
HML-2_3q12.3	HG03732_h2_HML-2_3q12.3_graph_hgsvc3-2024-02-23-mc-chm13	ONE_SIDED_NO_PAIR	TGAGGT	NONE	DIRECT_PAF_ENDPOINT	UNSUPPORTED	SUPPORTED	NONE
HML-2_3q12.3	HG03742_hap1_hprc_r2_v1.0.1_HML-2_3q12.3	ONE_SIDED_NO_PAIR	TGAGGT	NONE	DIRECT_PAF_ENDPOINT	UNSUPPORTED	SUPPORTED	NONE
HML-2_3q12.3	HG03742_hap2_hprc_r2_v1.0.1_HML-2_3q12.3	ONE_SIDED_NO_PAIR	TGAGGT	NONE	DIRECT_PAF_ENDPOINT	UNSUPPORTED	SUPPORTED	NONE
HML-2_3q12.3	HG03784_hap1_hprc_r2_v1.0.1_HML-2_3q12.3	ONE_SIDED_NO_PAIR	TGAGGT	NONE	DIRECT_PAF_ENDPOINT	UNSUPPORTED	SUPPORTED	NONE
HML-2_3q12.3	HG03784_hap2_hprc_r2_v1.0.1_HML-2_3q12.3	ONE_SIDED_NO_PAIR	TGAGGT	NONE	DIRECT_PAF_ENDPOINT	UNSUPPORTED	SUPPORTED	NONE
HML-2_3q12.3	HG03804_mat_hprc_r2_v1.0.1_HML-2_3q12.3	ONE_SIDED_NO_PAIR	TGAGGT	NONE	DIRECT_PAF_ENDPOINT	UNSUPPORTED	SUPPORTED	NONE
HML-2_3q12.3	HG03804_pat_hprc_r2_v1.0.1_HML-2_3q12.3	ONE_SIDED_NO_PAIR	TGAGGT	NONE	DIRECT_PAF_ENDPOINT	UNSUPPORTED	SUPPORTED	NONE
HML-2_3q12.3	HG03807_h1_HML-2_3q12.3_graph_hgsvc3-2024-02-23-mc-chm13	ONE_SIDED_NO_PAIR	TGAGGT	NONE	DIRECT_PAF_ENDPOINT	UNSUPPORTED	SUPPORTED	NONE
HML-2_3q12.3	HG03807_h2_HML-2_3q12.3_graph_hgsvc3-2024-02-23-mc-chm13	ONE_SIDED_NO_PAIR	TGAGGT	NONE	DIRECT_PAF_ENDPOINT	UNSUPPORTED	SUPPORTED	NONE
HML-2_3q12.3	HG03816_mat_hprc_r2_v1.0.1_HML-2_3q12.3	ONE_SIDED_NO_PAIR	TGAGGT	NONE	DIRECT_PAF_ENDPOINT	UNSUPPORTED	SUPPORTED	NONE
HML-2_3q12.3	HG03816_pat_hprc_r2_v1.0.1_HML-2_3q12.3	ONE_SIDED_NO_PAIR	TGAGGT	NONE	DIRECT_PAF_ENDPOINT	UNSUPPORTED	SUPPORTED	NONE
HML-2_3q12.3	HG03831_mat_hprc_r2_v1.0.1_HML-2_3q12.3	ONE_SIDED_NO_PAIR	TGAGGT	NONE	DIRECT_PAF_ENDPOINT	UNSUPPORTED	SUPPORTED	NONE
HML-2_3q12.3	HG03831_pat_hprc_r2_v1.0.1_HML-2_3q12.3	ONE_SIDED_NO_PAIR	TGAGGT	NONE	DIRECT_PAF_ENDPOINT	UNSUPPORTED	SUPPORTED	NONE
HML-2_3q12.3	HG03834_mat_hprc_r2_v1.0.1_HML-2_3q12.3	ONE_SIDED_NO_PAIR	TGAGGT	NONE	DIRECT_PAF_ENDPOINT	UNSUPPORTED	SUPPORTED	NONE
HML-2_3q12.3	HG03834_pat_hprc_r2_v1.0.1_HML-2_3q12.3	ONE_SIDED_NO_PAIR	TGAGGT	NONE	DIRECT_PAF_ENDPOINT	UNSUPPORTED	SUPPORTED	NONE
HML-2_3q12.3	HG03874_hap1_hprc_r2_v1.0.1_HML-2_3q12.3	ONE_SIDED_NO_PAIR	TGAGGT	NONE	DIRECT_PAF_ENDPOINT	UNSUPPORTED	SUPPORTED	NONE
HML-2_3q12.3	HG03874_hap2_hprc_r2_v1.0.1_HML-2_3q12.3	ONE_SIDED_NO_PAIR	TGAGGT	NONE	DIRECT_PAF_ENDPOINT	UNSUPPORTED	SUPPORTED	NONE
HML-2_3q12.3	HG03927_mat_hprc_r2_v1.0.1_HML-2_3q12.3	ONE_SIDED_NO_PAIR	TGAGGT	NONE	DIRECT_PAF_ENDPOINT	UNSUPPORTED	SUPPORTED	NONE
HML-2_3q12.3	HG03927_pat_hprc_r2_v1.0.1_HML-2_3q12.3	ONE_SIDED_NO_PAIR	TGAGGT	NONE	DIRECT_PAF_ENDPOINT	UNSUPPORTED	SUPPORTED	NONE
HML-2_3q12.3	HG03942_mat_hprc_r2_v1.0.1_HML-2_3q12.3	ONE_SIDED_NO_PAIR	TGAGGT	NONE	DIRECT_PAF_ENDPOINT	UNSUPPORTED	SUPPORTED	NONE
HML-2_3q12.3	HG03942_pat_hprc_r2_v1.0.1_HML-2_3q12.3	ONE_SIDED_NO_PAIR	TGAGGT	NONE	DIRECT_PAF_ENDPOINT	UNSUPPORTED	SUPPORTED	NONE
HML-2_3q12.3	HG04036_h1_HML-2_3q12.3_graph_hgsvc3-2024-02-23-mc-chm13	ONE_SIDED_NO_PAIR	TGAGGT	NONE	DIRECT_PAF_ENDPOINT	UNSUPPORTED	SUPPORTED	NONE
HML-2_3q12.3	HG04036_h2_HML-2_3q12.3_graph_hgsvc3-2024-02-23-mc-chm13	ONE_SIDED_NO_PAIR	TGAGGT	NONE	DIRECT_PAF_ENDPOINT	UNSUPPORTED	SUPPORTED	NONE
HML-2_3q12.3	HG04115_mat_hprc_r2_v1.0.1_HML-2_3q12.3	ONE_SIDED_NO_PAIR	TGAGGT	NONE	DIRECT_PAF_ENDPOINT	UNSUPPORTED	SUPPORTED	NONE
HML-2_3q12.3	HG04115_pat_hprc_r2_v1.0.1_HML-2_3q12.3	ONE_SIDED_NO_PAIR	TGAGGT	NONE	DIRECT_PAF_ENDPOINT	UNSUPPORTED	SUPPORTED	NONE
HML-2_3q12.3	HG04157_mat_hprc_r2_v1.0.1_HML-2_3q12.3	ONE_SIDED_NO_PAIR	TGAGGT	NONE	DIRECT_PAF_ENDPOINT	UNSUPPORTED	SUPPORTED	NONE
HML-2_3q12.3	HG04157_pat_hprc_r2_v1.0.1_HML-2_3q12.3	ONE_SIDED_NO_PAIR	TGAGGT	NONE	DIRECT_PAF_ENDPOINT	UNSUPPORTED	SUPPORTED	NONE
HML-2_3q12.3	HG04160_mat_hprc_r2_v1.0.1_HML-2_3q12.3	ONE_SIDED_NO_PAIR	TGAGGT	NONE	DIRECT_PAF_ENDPOINT	UNSUPPORTED	SUPPORTED	NONE
HML-2_3q12.3	HG04160_pat_hprc_r2_v1.0.1_HML-2_3q12.3	ONE_SIDED_NO_PAIR	TGAGGT	NONE	DIRECT_PAF_ENDPOINT	UNSUPPORTED	SUPPORTED	NONE
HML-2_3q12.3	HG04184_mat_hprc_r2_v1.0.1_HML-2_3q12.3	ONE_SIDED_NO_PAIR	TGAGGT	NONE	DIRECT_PAF_ENDPOINT	UNSUPPORTED	SUPPORTED	NONE
HML-2_3q12.3	HG04184_pat_hprc_r2_v1.0.1_HML-2_3q12.3	ONE_SIDED_NO_PAIR	TGAGGT	NONE	DIRECT_PAF_ENDPOINT	UNSUPPORTED	SUPPORTED	NONE
HML-2_3q12.3	HG04187_mat_hprc_r2_v1.0.1_HML-2_3q12.3	ONE_SIDED_NO_PAIR	TGAGGT	NONE	DIRECT_PAF_ENDPOINT	UNSUPPORTED	SUPPORTED	NONE
HML-2_3q12.3	HG04187_pat_hprc_r2_v1.0.1_HML-2_3q12.3	ONE_SIDED_NO_PAIR	TGAGGT	NONE	DIRECT_PAF_ENDPOINT	UNSUPPORTED	SUPPORTED	NONE
HML-2_3q12.3	HG04199_mat_hprc_r2_v1.0.1_HML-2_3q12.3	ONE_SIDED_NO_PAIR	TGAGGT	NONE	DIRECT_PAF_ENDPOINT	UNSUPPORTED	SUPPORTED	NONE
HML-2_3q12.3	HG04199_pat_hprc_r2_v1.0.1_HML-2_3q12.3	ONE_SIDED_NO_PAIR	TGAGGT	NONE	DIRECT_PAF_ENDPOINT	UNSUPPORTED	SUPPORTED	NONE
HML-2_3q12.3	HG04204_mat_hprc_r2_v1.0.1_HML-2_3q12.3	ONE_SIDED_NO_PAIR	TGAGGT	NONE	DIRECT_PAF_ENDPOINT	UNSUPPORTED	SUPPORTED	NONE
HML-2_3q12.3	HG04204_pat_hprc_r2_v1.0.1_HML-2_3q12.3	ONE_SIDED_NO_PAIR	TGAGGT	NONE	DIRECT_PAF_ENDPOINT	UNSUPPORTED	SUPPORTED	NONE
HML-2_3q12.3	HG04217_h1_HML-2_3q12.3_graph_hgsvc3-2024-02-23-mc-chm13	ONE_SIDED_NO_PAIR	TGAGGT	NONE	DIRECT_PAF_ENDPOINT	UNSUPPORTED	SUPPORTED	NONE
HML-2_3q12.3	HG04217_h2_HML-2_3q12.3_graph_hgsvc3-2024-02-23-mc-chm13	ONE_SIDED_NO_PAIR	TGAGGT	NONE	DIRECT_PAF_ENDPOINT	UNSUPPORTED	SUPPORTED	NONE
HML-2_3q12.3	HG04228_mat_hprc_r2_v1.0.1_HML-2_3q12.3	ONE_SIDED_NO_PAIR	TGAGGT	NONE	DIRECT_PAF_ENDPOINT	UNSUPPORTED	SUPPORTED	NONE
HML-2_3q12.3	HG04228_pat_hprc_r2_v1.0.1_HML-2_3q12.3	ONE_SIDED_NO_PAIR	TGAGGT	NONE	DIRECT_PAF_ENDPOINT	UNSUPPORTED	SUPPORTED	NONE
HML-2_3q12.3	HG06807_mat_v1.0.genbank_HML-2_3q12.3	ONE_SIDED_NO_PAIR	TGAGGT	NONE	DIRECT_PAF_ENDPOINT	UNSUPPORTED	SUPPORTED	NONE
HML-2_3q12.3	HG06807_pat_v1.0.genbank_HML-2_3q12.3	ONE_SIDED_NO_PAIR	TGAGGT	NONE	DIRECT_PAF_ENDPOINT	UNSUPPORTED	SUPPORTED	NONE
HML-2_3q12.3	NA12329_h1_HML-2_3q12.3_graph_hgsvc3-2024-02-23-mc-chm13	ONE_SIDED_NO_PAIR	TGAGGT	NONE	DIRECT_PAF_ENDPOINT	UNSUPPORTED	SUPPORTED	NONE
HML-2_3q12.3	NA12329_h2_HML-2_3q12.3_graph_hgsvc3-2024-02-23-mc-chm13	ONE_SIDED_NO_PAIR	TGAGGT	NONE	DIRECT_PAF_ENDPOINT	UNSUPPORTED	SUPPORTED	NONE
HML-2_3q12.3	NA18505_hap1_hprc_r2_v1.0.1_HML-2_3q12.3	ONE_SIDED_NO_PAIR	TGAGGT	NONE	DIRECT_PAF_ENDPOINT	UNSUPPORTED	SUPPORTED	NONE
HML-2_3q12.3	NA18505_hap2_hprc_r2_v1.0.1_HML-2_3q12.3	ONE_SIDED_NO_PAIR	TGAGGT	NONE	DIRECT_PAF_ENDPOINT	UNSUPPORTED	SUPPORTED	NONE
HML-2_3q12.3	NA18508_hap1_hprc_r2_v1.0.1_HML-2_3q12.3	ONE_SIDED_NO_PAIR	TGAGGT	NONE	DIRECT_PAF_ENDPOINT	UNSUPPORTED	SUPPORTED	NONE
HML-2_3q12.3	NA18508_hap2_hprc_r2_v1.0.1_HML-2_3q12.3	ONE_SIDED_NO_PAIR	TGAGGT	NONE	DIRECT_PAF_ENDPOINT	UNSUPPORTED	SUPPORTED	NONE
HML-2_3q12.3	NA18522_hap1_hprc_r2_v1.0.1_HML-2_3q12.3	ONE_SIDED_NO_PAIR	TGAGGT	NONE	DIRECT_PAF_ENDPOINT	UNSUPPORTED	SUPPORTED	NONE
HML-2_3q12.3	NA18522_hap2_hprc_r2_v1.0.1_HML-2_3q12.3	ONE_SIDED_NO_PAIR	TGAGGT	NONE	DIRECT_PAF_ENDPOINT	UNSUPPORTED	SUPPORTED	NONE
HML-2_3q12.3	NA18534_h1_HML-2_3q12.3_graph_hgsvc3-2024-02-23-mc-chm13	ONE_SIDED_NO_PAIR	TGAGGT	NONE	DIRECT_PAF_ENDPOINT	UNSUPPORTED	SUPPORTED	NONE
HML-2_3q12.3	NA18534_h2_HML-2_3q12.3_graph_hgsvc3-2024-02-23-mc-chm13	ONE_SIDED_NO_PAIR	TGAGGT	NONE	DIRECT_PAF_ENDPOINT	UNSUPPORTED	SUPPORTED	NONE
HML-2_3q12.3	NA18565_hap1_hprc_r2_v1.0.1_HML-2_3q12.3	ONE_SIDED_NO_PAIR	TGAGGT	NONE	DIRECT_PAF_ENDPOINT	UNSUPPORTED	SUPPORTED	NONE
HML-2_3q12.3	NA18565_hap2_hprc_r2_v1.0.1_HML-2_3q12.3	ONE_SIDED_NO_PAIR	TGAGGT	NONE	DIRECT_PAF_ENDPOINT	UNSUPPORTED	SUPPORTED	NONE
HML-2_3q12.3	NA18570_hap1_hprc_r2_v1.0.1_HML-2_3q12.3	ONE_SIDED_NO_PAIR	TGAGGT	NONE	DIRECT_PAF_ENDPOINT	UNSUPPORTED	SUPPORTED	NONE
HML-2_3q12.3	NA18570_hap2_hprc_r2_v1.0.1_HML-2_3q12.3	ONE_SIDED_NO_PAIR	TGAGGT	NONE	DIRECT_PAF_ENDPOINT	UNSUPPORTED	SUPPORTED	NONE
HML-2_3q12.3	NA18608_hap1_hprc_r2_v1.0.1_HML-2_3q12.3	ONE_SIDED_NO_PAIR	TGAGGT	NONE	DIRECT_PAF_ENDPOINT	UNSUPPORTED	SUPPORTED	NONE
HML-2_3q12.3	NA18608_hap2_hprc_r2_v1.0.1_HML-2_3q12.3	ONE_SIDED_NO_PAIR	TGAGGT	NONE	DIRECT_PAF_ENDPOINT	UNSUPPORTED	SUPPORTED	NONE
HML-2_3q12.3	NA18620_hap1_hprc_r2_v1.0.1_HML-2_3q12.3	ONE_SIDED_NO_PAIR	TGAGGT	NONE	DIRECT_PAF_ENDPOINT	UNSUPPORTED	SUPPORTED	NONE
HML-2_3q12.3	NA18620_hap2_hprc_r2_v1.0.1_HML-2_3q12.3	ONE_SIDED_NO_PAIR	TGAGGT	NONE	DIRECT_PAF_ENDPOINT	UNSUPPORTED	SUPPORTED	NONE
HML-2_3q12.3	NA18747_hap1_hprc_r2_v1.0.1_HML-2_3q12.3	ONE_SIDED_NO_PAIR	TGAGGT	NONE	DIRECT_PAF_ENDPOINT	UNSUPPORTED	SUPPORTED	NONE
HML-2_3q12.3	NA18747_hap2_hprc_r2_v1.0.1_HML-2_3q12.3	ONE_SIDED_NO_PAIR	TGAGGT	NONE	DIRECT_PAF_ENDPOINT	UNSUPPORTED	SUPPORTED	NONE
HML-2_3q12.3	NA18879_hap1_hprc_r2_v1.0.1_HML-2_3q12.3	ONE_SIDED_NO_PAIR	TGAGGT	NONE	DIRECT_PAF_ENDPOINT	UNSUPPORTED	SUPPORTED	NONE
HML-2_3q12.3	NA18906_mat_hprc_r2_v1.0.1_HML-2_3q12.3	ONE_SIDED_NO_PAIR	TGAGGT	NONE	DIRECT_PAF_ENDPOINT	UNSUPPORTED	SUPPORTED	NONE
HML-2_3q12.3	NA18906_pat_hprc_r2_v1.0.1_HML-2_3q12.3	ONE_SIDED_NO_PAIR	TGAGGT	NONE	TERMINAL_MOTIF	UNSUPPORTED	SUPPORTED	NONE
HML-2_3q12.3	NA18939_h1_HML-2_3q12.3_graph_hgsvc3-2024-02-23-mc-chm13	ONE_SIDED_NO_PAIR	TGAGGT	NONE	DIRECT_PAF_ENDPOINT	UNSUPPORTED	SUPPORTED	NONE
HML-2_3q12.3	NA18939_h2_HML-2_3q12.3_graph_hgsvc3-2024-02-23-mc-chm13	ONE_SIDED_NO_PAIR	TGAGGT	NONE	DIRECT_PAF_ENDPOINT	UNSUPPORTED	SUPPORTED	NONE
HML-2_3q12.3	NA18940_hap1_hprc_r2_v1.0.1_HML-2_3q12.3	ONE_SIDED_NO_PAIR	TGAGGT	NONE	DIRECT_PAF_ENDPOINT	UNSUPPORTED	SUPPORTED	NONE
HML-2_3q12.3	NA18940_hap2_hprc_r2_v1.0.1_HML-2_3q12.3	ONE_SIDED_NO_PAIR	TGAGGT	NONE	DIRECT_PAF_ENDPOINT	UNSUPPORTED	SUPPORTED	NONE
HML-2_3q12.3	NA18943_hap1_hprc_r2_v1.0.1_HML-2_3q12.3	ONE_SIDED_NO_PAIR	TGAGGT	NONE	DIRECT_PAF_ENDPOINT	UNSUPPORTED	SUPPORTED	NONE
HML-2_3q12.3	NA18943_hap2_hprc_r2_v1.0.1_HML-2_3q12.3	ONE_SIDED_NO_PAIR	TGAGGT	NONE	DIRECT_PAF_ENDPOINT	UNSUPPORTED	SUPPORTED	NONE
HML-2_3q12.3	NA18944_hap1_hprc_r2_v1.0.1_HML-2_3q12.3	ONE_SIDED_NO_PAIR	TGAGGT	NONE	DIRECT_PAF_ENDPOINT	UNSUPPORTED	SUPPORTED	NONE
HML-2_3q12.3	NA18944_hap2_hprc_r2_v1.0.1_HML-2_3q12.3	ONE_SIDED_NO_PAIR	TGAGGT	NONE	DIRECT_PAF_ENDPOINT	UNSUPPORTED	SUPPORTED	NONE
HML-2_3q12.3	NA18945_hap1_hprc_r2_v1.0.1_HML-2_3q12.3	ONE_SIDED_NO_PAIR	TGAGGT	NONE	DIRECT_PAF_ENDPOINT	UNSUPPORTED	SUPPORTED	NONE
HML-2_3q12.3	NA18945_hap2_hprc_r2_v1.0.1_HML-2_3q12.3	ONE_SIDED_NO_PAIR	TGAGGT	NONE	DIRECT_PAF_ENDPOINT	UNSUPPORTED	SUPPORTED	NONE
HML-2_3q12.3	NA18948_hap1_hprc_r2_v1.0.1_HML-2_3q12.3	ONE_SIDED_NO_PAIR	TGAGGT	NONE	DIRECT_PAF_ENDPOINT	UNSUPPORTED	SUPPORTED	NONE
HML-2_3q12.3	NA18948_hap2_hprc_r2_v1.0.1_HML-2_3q12.3	ONE_SIDED_NO_PAIR	TGAGGT	NONE	DIRECT_PAF_ENDPOINT	UNSUPPORTED	SUPPORTED	NONE
HML-2_3q12.3	NA18952_hap1_hprc_r2_v1.0.1_HML-2_3q12.3	ONE_SIDED_NO_PAIR	TGAGGT	NONE	DIRECT_PAF_ENDPOINT	UNSUPPORTED	SUPPORTED	NONE
HML-2_3q12.3	NA18952_hap2_hprc_r2_v1.0.1_HML-2_3q12.3	ONE_SIDED_NO_PAIR	TGAGGT	NONE	DIRECT_PAF_ENDPOINT	UNSUPPORTED	SUPPORTED	NONE
HML-2_3q12.3	NA18959_hap1_hprc_r2_v1.0.1_HML-2_3q12.3	ONE_SIDED_NO_PAIR	TGAGGT	NONE	DIRECT_PAF_ENDPOINT	UNSUPPORTED	SUPPORTED	NONE
HML-2_3q12.3	NA18959_hap2_hprc_r2_v1.0.1_HML-2_3q12.3	ONE_SIDED_NO_PAIR	TGAGGT	NONE	DIRECT_PAF_ENDPOINT	UNSUPPORTED	SUPPORTED	NONE
HML-2_3q12.3	NA18960_hap1_hprc_r2_v1.0.1_HML-2_3q12.3	ONE_SIDED_NO_PAIR	TGAGGT	NONE	DIRECT_PAF_ENDPOINT	UNSUPPORTED	SUPPORTED	NONE
HML-2_3q12.3	NA18960_hap2_hprc_r2_v1.0.1_HML-2_3q12.3	ONE_SIDED_NO_PAIR	TGAGGT	NONE	DIRECT_PAF_ENDPOINT	UNSUPPORTED	SUPPORTED	NONE
HML-2_3q12.3	NA18967_hap1_hprc_r2_v1.0.1_HML-2_3q12.3	ONE_SIDED_NO_PAIR	TGAGGT	NONE	DIRECT_PAF_ENDPOINT	UNSUPPORTED	SUPPORTED	NONE
HML-2_3q12.3	NA18967_hap2_hprc_r2_v1.0.1_HML-2_3q12.3	ONE_SIDED_NO_PAIR	TGAGGT	NONE	DIRECT_PAF_ENDPOINT	UNSUPPORTED	SUPPORTED	NONE
HML-2_3q12.3	NA18970_hap1_hprc_r2_v1.0.1_HML-2_3q12.3	ONE_SIDED_NO_PAIR	TGAGGT	NONE	DIRECT_PAF_ENDPOINT	UNSUPPORTED	SUPPORTED	NONE
HML-2_3q12.3	NA18970_hap2_hprc_r2_v1.0.1_HML-2_3q12.3	ONE_SIDED_NO_PAIR	TGAGGT	NONE	DIRECT_PAF_ENDPOINT	UNSUPPORTED	SUPPORTED	NONE
HML-2_3q12.3	NA18971_hap1_hprc_r2_v1.0.1_HML-2_3q12.3	ONE_SIDED_NO_PAIR	TGAGGT	NONE	DIRECT_PAF_ENDPOINT	UNSUPPORTED	SUPPORTED	NONE
HML-2_3q12.3	NA18971_hap2_hprc_r2_v1.0.1_HML-2_3q12.3	ONE_SIDED_NO_PAIR	TGAGGT	NONE	DIRECT_PAF_ENDPOINT	UNSUPPORTED	SUPPORTED	NONE
HML-2_3q12.3	NA18974_hap1_hprc_r2_v1.0.1_HML-2_3q12.3	ONE_SIDED_NO_PAIR	TGAGGT	NONE	DIRECT_PAF_ENDPOINT	UNSUPPORTED	SUPPORTED	NONE
HML-2_3q12.3	NA18974_hap2_hprc_r2_v1.0.1_HML-2_3q12.3	ONE_SIDED_NO_PAIR	TGAGGT	NONE	DIRECT_PAF_ENDPOINT	UNSUPPORTED	SUPPORTED	NONE
HML-2_3q12.3	NA18976_hap1_hprc_r2_v1.0.1_HML-2_3q12.3	ONE_SIDED_NO_PAIR	TGAGGT	NONE	DIRECT_PAF_ENDPOINT	UNSUPPORTED	SUPPORTED	NONE
HML-2_3q12.3	NA18976_hap2_hprc_r2_v1.0.1_HML-2_3q12.3	ONE_SIDED_NO_PAIR	TGAGGT	NONE	DIRECT_PAF_ENDPOINT	UNSUPPORTED	SUPPORTED	NONE
HML-2_3q12.3	NA18982_hap1_hprc_r2_v1.0.1_HML-2_3q12.3	ONE_SIDED_NO_PAIR	TGAGGT	NONE	DIRECT_PAF_ENDPOINT	UNSUPPORTED	SUPPORTED	NONE
HML-2_3q12.3	NA18982_hap2_hprc_r2_v1.0.1_HML-2_3q12.3	ONE_SIDED_NO_PAIR	TGAGGT	NONE	DIRECT_PAF_ENDPOINT	UNSUPPORTED	SUPPORTED	NONE
HML-2_3q12.3	NA18983_hap1_hprc_r2_v1.0.1_HML-2_3q12.3	ONE_SIDED_NO_PAIR	TGAGGT	NONE	DIRECT_PAF_ENDPOINT	UNSUPPORTED	SUPPORTED	NONE
HML-2_3q12.3	NA18983_hap2_hprc_r2_v1.0.1_HML-2_3q12.3	ONE_SIDED_NO_PAIR	TGAGGT	NONE	DIRECT_PAF_ENDPOINT	UNSUPPORTED	SUPPORTED	NONE
HML-2_3q12.3	NA18989_h1_HML-2_3q12.3_graph_hgsvc3-2024-02-23-mc-chm13	ONE_SIDED_NO_PAIR	TGAGGT	NONE	DIRECT_PAF_ENDPOINT	UNSUPPORTED	SUPPORTED	NONE
HML-2_3q12.3	NA18989_h2_HML-2_3q12.3_graph_hgsvc3-2024-02-23-mc-chm13	ONE_SIDED_NO_PAIR	TGAGGT	NONE	DIRECT_PAF_ENDPOINT	UNSUPPORTED	SUPPORTED	NONE
HML-2_3q12.3	NA19036_hap1_hprc_r2_v1.0.1_HML-2_3q12.3	ONE_SIDED_NO_PAIR	TGAGGT	NONE	DIRECT_PAF_ENDPOINT	UNSUPPORTED	SUPPORTED	NONE
HML-2_3q12.3	NA19036_hap2_hprc_r2_v1.0.1_HML-2_3q12.3	ONE_SIDED_NO_PAIR	TGAGGT	NONE	DIRECT_PAF_ENDPOINT	UNSUPPORTED	SUPPORTED	NONE
HML-2_3q12.3	NA19043_hap1_hprc_r2_v1.0.1_HML-2_3q12.3	ONE_SIDED_NO_PAIR	TGAGGT	NONE	DIRECT_PAF_ENDPOINT	UNSUPPORTED	SUPPORTED	NONE
HML-2_3q12.3	NA19043_hap2_hprc_r2_v1.0.1_HML-2_3q12.3	ONE_SIDED_NO_PAIR	TGAGGT	NONE	DIRECT_PAF_ENDPOINT	UNSUPPORTED	SUPPORTED	NONE
HML-2_3q12.3	NA19087_hap1_hprc_r2_v1.0.1_HML-2_3q12.3	ONE_SIDED_NO_PAIR	TGAGGT	NONE	DIRECT_PAF_ENDPOINT	UNSUPPORTED	SUPPORTED	NONE
HML-2_3q12.3	NA19087_hap2_hprc_r2_v1.0.1_HML-2_3q12.3	ONE_SIDED_NO_PAIR	TGAGGT	NONE	DIRECT_PAF_ENDPOINT	UNSUPPORTED	SUPPORTED	NONE
HML-2_3q12.3	NA19129_h1_HML-2_3q12.3_graph_hgsvc3-2024-02-23-mc-chm13	ONE_SIDED_NO_PAIR	TGAGGT	NONE	DIRECT_PAF_ENDPOINT	UNSUPPORTED	SUPPORTED	NONE
HML-2_3q12.3	NA19129_h2_HML-2_3q12.3_graph_hgsvc3-2024-02-23-mc-chm13	ONE_SIDED_NO_PAIR	TGAGGT	NONE	DIRECT_PAF_ENDPOINT	UNSUPPORTED	SUPPORTED	NONE
HML-2_3q12.3	NA19159_hap1_hprc_r2_v1.0.1_HML-2_3q12.3	ONE_SIDED_NO_PAIR	TGAGGT	NONE	DIRECT_PAF_ENDPOINT	UNSUPPORTED	SUPPORTED	NONE
HML-2_3q12.3	NA19159_hap2_hprc_r2_v1.0.1_HML-2_3q12.3	ONE_SIDED_NO_PAIR	TGAGGT	NONE	DIRECT_PAF_ENDPOINT	UNSUPPORTED	SUPPORTED	NONE
HML-2_3q12.3	NA19185_hap1_hprc_r2_v1.0.1_HML-2_3q12.3	ONE_SIDED_NO_PAIR	TGAGGT	NONE	DIRECT_PAF_ENDPOINT	UNSUPPORTED	SUPPORTED	NONE
HML-2_3q12.3	NA19185_hap2_hprc_r2_v1.0.1_HML-2_3q12.3	ONE_SIDED_NO_PAIR	TGAGGT	NONE	TERMINAL_MOTIF	UNSUPPORTED	SUPPORTED	NONE
HML-2_3q12.3	NA19238_h1_HML-2_3q12.3_graph_hgsvc3-2024-02-23-mc-chm13	ONE_SIDED_NO_PAIR	TGAGGT	NONE	DIRECT_PAF_ENDPOINT	UNSUPPORTED	SUPPORTED	NONE
HML-2_3q12.3	NA19238_h2_HML-2_3q12.3_graph_hgsvc3-2024-02-23-mc-chm13	ONE_SIDED_NO_PAIR	TGAGGT	NONE	DIRECT_PAF_ENDPOINT	UNSUPPORTED	SUPPORTED	NONE
HML-2_3q12.3	NA19239_h1_HML-2_3q12.3_graph_hgsvc3-2024-02-23-mc-chm13	ONE_SIDED_NO_PAIR	TGAGGT	NONE	DIRECT_PAF_ENDPOINT	UNSUPPORTED	SUPPORTED	NONE
HML-2_3q12.3	NA19239_h2_HML-2_3q12.3_graph_hgsvc3-2024-02-23-mc-chm13	ONE_SIDED_NO_PAIR	TGAGGT	NONE	DIRECT_PAF_ENDPOINT	UNSUPPORTED	SUPPORTED	NONE
HML-2_3q12.3	NA19240_mat_hprc_r2_v1.0.1_HML-2_3q12.3	ONE_SIDED_NO_PAIR	TGAGGT	NONE	DIRECT_PAF_ENDPOINT	UNSUPPORTED	SUPPORTED	NONE
HML-2_3q12.3	NA19240_pat_hprc_r2_v1.0.1_HML-2_3q12.3	ONE_SIDED_NO_PAIR	TGAGGT	NONE	DIRECT_PAF_ENDPOINT	UNSUPPORTED	SUPPORTED	NONE
HML-2_3q12.3	NA19317_h1_HML-2_3q12.3_graph_hgsvc3-2024-02-23-mc-chm13	ONE_SIDED_NO_PAIR	TGAGGT	NONE	DIRECT_PAF_ENDPOINT	UNSUPPORTED	SUPPORTED	NONE
HML-2_3q12.3	NA19317_h2_HML-2_3q12.3_graph_hgsvc3-2024-02-23-mc-chm13	ONE_SIDED_NO_PAIR	TGAGGT	NONE	DIRECT_PAF_ENDPOINT	UNSUPPORTED	SUPPORTED	NONE
HML-2_3q12.3	NA19331_h1_HML-2_3q12.3_graph_hgsvc3-2024-02-23-mc-chm13	ONE_SIDED_NO_PAIR	TGAGGT	NONE	DIRECT_PAF_ENDPOINT	UNSUPPORTED	SUPPORTED	NONE
HML-2_3q12.3	NA19331_h2_HML-2_3q12.3_graph_hgsvc3-2024-02-23-mc-chm13	ONE_SIDED_NO_PAIR	TGAGGT	NONE	DIRECT_PAF_ENDPOINT	UNSUPPORTED	SUPPORTED	NONE
HML-2_3q12.3	NA19338_hap2_hprc_r2_v1.0.1_HML-2_3q12.3	ONE_SIDED_NO_PAIR	TGAGGT	NONE	DIRECT_PAF_ENDPOINT	UNSUPPORTED	SUPPORTED	NONE
HML-2_3q12.3	NA19347_h1_HML-2_3q12.3_graph_hgsvc3-2024-02-23-mc-chm13	ONE_SIDED_NO_PAIR	TGAGGT	NONE	DIRECT_PAF_ENDPOINT	UNSUPPORTED	SUPPORTED	NONE
HML-2_3q12.3	NA19347_h2_HML-2_3q12.3_graph_hgsvc3-2024-02-23-mc-chm13	ONE_SIDED_NO_PAIR	TGAGGT	NONE	TERMINAL_MOTIF	UNSUPPORTED	SUPPORTED	NONE
HML-2_3q12.3	NA19384_h1_HML-2_3q12.3_graph_hgsvc3-2024-02-23-mc-chm13	ONE_SIDED_NO_PAIR	TGAGGT	NONE	DIRECT_PAF_ENDPOINT	UNSUPPORTED	SUPPORTED	NONE
HML-2_3q12.3	NA19384_h2_HML-2_3q12.3_graph_hgsvc3-2024-02-23-mc-chm13	ONE_SIDED_NO_PAIR	TGAGGT	NONE	DIRECT_PAF_ENDPOINT	UNSUPPORTED	SUPPORTED	NONE
HML-2_3q12.3	NA19391_hap1_hprc_r2_v1.0.1_HML-2_3q12.3	ONE_SIDED_NO_PAIR	TGAGGT	NONE	DIRECT_PAF_ENDPOINT	UNSUPPORTED	SUPPORTED	NONE
HML-2_3q12.3	NA19391_hap2_hprc_r2_v1.0.1_HML-2_3q12.3	ONE_SIDED_NO_PAIR	TGAGGT	NONE	TERMINAL_MOTIF	UNSUPPORTED	SUPPORTED	NONE
HML-2_3q12.3	NA19434_h1_HML-2_3q12.3_graph_hgsvc3-2024-02-23-mc-chm13	ONE_SIDED_NO_PAIR	TGAGGT	NONE	DIRECT_PAF_ENDPOINT	UNSUPPORTED	SUPPORTED	NONE
HML-2_3q12.3	NA19434_h2_HML-2_3q12.3_graph_hgsvc3-2024-02-23-mc-chm13	ONE_SIDED_NO_PAIR	TGAGGT	NONE	DIRECT_PAF_ENDPOINT	UNSUPPORTED	SUPPORTED	NONE
HML-2_3q12.3	NA19443_hap1_hprc_r2_v1.0.1_HML-2_3q12.3	ONE_SIDED_NO_PAIR	TGAGGT	NONE	DIRECT_PAF_ENDPOINT	UNSUPPORTED	SUPPORTED	NONE
HML-2_3q12.3	NA19443_hap2_hprc_r2_v1.0.1_HML-2_3q12.3	ONE_SIDED_NO_PAIR	TGAGGT	NONE	DIRECT_PAF_ENDPOINT	UNSUPPORTED	SUPPORTED	NONE
HML-2_3q12.3	NA19468_hap1_hprc_r2_v1.0.1_HML-2_3q12.3	ONE_SIDED_NO_PAIR	TGAGGT	NONE	DIRECT_PAF_ENDPOINT	UNSUPPORTED	SUPPORTED	NONE
HML-2_3q12.3	NA19468_hap2_hprc_r2_v1.0.1_HML-2_3q12.3	ONE_SIDED_NO_PAIR	TGAGGT	NONE	DIRECT_PAF_ENDPOINT	UNSUPPORTED	SUPPORTED	NONE
HML-2_3q12.3	NA19650_h1_HML-2_3q12.3_graph_hgsvc3-2024-02-23-mc-chm13	ONE_SIDED_NO_PAIR	TGAGGT	NONE	DIRECT_PAF_ENDPOINT	UNSUPPORTED	SUPPORTED	NONE
HML-2_3q12.3	NA19650_h2_HML-2_3q12.3_graph_hgsvc3-2024-02-23-mc-chm13	ONE_SIDED_NO_PAIR	TGAGGT	NONE	DIRECT_PAF_ENDPOINT	UNSUPPORTED	SUPPORTED	NONE
HML-2_3q12.3	NA19682_hap1_hprc_r2_v1.0.1_HML-2_3q12.3	ONE_SIDED_NO_PAIR	TGAGGT	NONE	DIRECT_PAF_ENDPOINT	UNSUPPORTED	SUPPORTED	NONE
HML-2_3q12.3	NA19682_hap2_hprc_r2_v1.0.1_HML-2_3q12.3	ONE_SIDED_NO_PAIR	TGAGGT	NONE	DIRECT_PAF_ENDPOINT	UNSUPPORTED	SUPPORTED	NONE
HML-2_3q12.3	NA19700_hap1_hprc_r2_v1.0.1_HML-2_3q12.3	ONE_SIDED_NO_PAIR	TGAGGT	NONE	DIRECT_PAF_ENDPOINT	UNSUPPORTED	SUPPORTED	NONE
HML-2_3q12.3	NA19700_hap2_hprc_r2_v1.0.1_HML-2_3q12.3	ONE_SIDED_NO_PAIR	TGAGGT	NONE	DIRECT_PAF_ENDPOINT	UNSUPPORTED	SUPPORTED	NONE
HML-2_3q12.3	NA19705_h1_HML-2_3q12.3_graph_hgsvc3-2024-02-23-mc-chm13	ONE_SIDED_NO_PAIR	GGGAAA	NONE	DIRECT_PAF_ENDPOINT	UNSUPPORTED		NONE
HML-2_3q12.3	NA19705_h2_HML-2_3q12.3_graph_hgsvc3-2024-02-23-mc-chm13	ONE_SIDED_NO_PAIR	TGAGGT	NONE	DIRECT_PAF_ENDPOINT	UNSUPPORTED		NONE
HML-2_3q12.3	NA19776_hap1_hprc_r2_v1.0.1_HML-2_3q12.3	ONE_SIDED_NO_PAIR	TGAGGT	NONE	DIRECT_PAF_ENDPOINT	UNSUPPORTED	SUPPORTED	NONE
HML-2_3q12.3	NA19776_hap2_hprc_r2_v1.0.1_HML-2_3q12.3	ONE_SIDED_NO_PAIR	TGAGGT	NONE	DIRECT_PAF_ENDPOINT	UNSUPPORTED	SUPPORTED	NONE
HML-2_3q12.3	NA19835_hap1_hprc_r2_v1.0.1_HML-2_3q12.3	ONE_SIDED_NO_PAIR	TGAGGT	NONE	TERMINAL_MOTIF	UNSUPPORTED	SUPPORTED	NONE
HML-2_3q12.3	NA19835_hap2_hprc_r2_v1.0.1_HML-2_3q12.3	ONE_SIDED_NO_PAIR	TGAGGT	NONE	DIRECT_PAF_ENDPOINT	UNSUPPORTED	SUPPORTED	NONE
HML-2_3q12.3	NA19836_h1_HML-2_3q12.3_graph_hgsvc3-2024-02-23-mc-chm13	ONE_SIDED_NO_PAIR	TGAGGT	NONE	DIRECT_PAF_ENDPOINT	UNSUPPORTED	SUPPORTED	NONE
HML-2_3q12.3	NA19836_h2_HML-2_3q12.3_graph_hgsvc3-2024-02-23-mc-chm13	ONE_SIDED_NO_PAIR	TGAGGT	NONE	TERMINAL_MOTIF	UNSUPPORTED	SUPPORTED	NONE
HML-2_3q12.3	NA19909_hap1_hprc_r2_v1.0.1_HML-2_3q12.3	ONE_SIDED_NO_PAIR	TGAGGT	NONE	TERMINAL_MOTIF	UNSUPPORTED	SUPPORTED	NONE
HML-2_3q12.3	NA19909_hap2_hprc_r2_v1.0.1_HML-2_3q12.3	ONE_SIDED_NO_PAIR	TGAGGT	NONE	DIRECT_PAF_ENDPOINT	UNSUPPORTED	SUPPORTED	NONE
HML-2_3q12.3	NA19983_h1_HML-2_3q12.3_graph_hgsvc3-2024-02-23-mc-chm13	ONE_SIDED_NO_PAIR	TGAGGT	NONE	DIRECT_PAF_ENDPOINT	UNSUPPORTED	SUPPORTED	NONE
HML-2_3q12.3	NA19983_h2_HML-2_3q12.3_graph_hgsvc3-2024-02-23-mc-chm13	ONE_SIDED_NO_PAIR	TGAGGT	NONE	DIRECT_PAF_ENDPOINT	UNSUPPORTED	SUPPORTED	NONE
HML-2_3q12.3	NA20129_mat_hprc_r2_v1.0.1_HML-2_3q12.3	ONE_SIDED_NO_PAIR	TGAGGT	NONE	DIRECT_PAF_ENDPOINT	UNSUPPORTED	SUPPORTED	NONE
HML-2_3q12.3	NA20129_pat_hprc_r2_v1.0.1_HML-2_3q12.3	ONE_SIDED_NO_PAIR	TGAGGT	NONE	DIRECT_PAF_ENDPOINT	UNSUPPORTED	SUPPORTED	NONE
HML-2_3q12.3	NA20282_hap1_hprc_r2_v1.0.1_HML-2_3q12.3	ONE_SIDED_NO_PAIR	TGAGGT	NONE	DIRECT_PAF_ENDPOINT	UNSUPPORTED	SUPPORTED	NONE
HML-2_3q12.3	NA20282_hap2_hprc_r2_v1.0.1_HML-2_3q12.3	ONE_SIDED_NO_PAIR	TGAGGT	NONE	DIRECT_PAF_ENDPOINT	UNSUPPORTED	SUPPORTED	NONE
HML-2_3q12.3	NA20346_hap1_hprc_r2_v1.0.1_HML-2_3q12.3	ONE_SIDED_NO_PAIR	TGAGGT	NONE	DIRECT_PAF_ENDPOINT	UNSUPPORTED	SUPPORTED	NONE
HML-2_3q12.3	NA20346_hap2_hprc_r2_v1.0.1_HML-2_3q12.3	ONE_SIDED_NO_PAIR	TGAGGT	NONE	TERMINAL_MOTIF	UNSUPPORTED	SUPPORTED	NONE
HML-2_3q12.3	NA20355_h1_HML-2_3q12.3_graph_hgsvc3-2024-02-23-mc-chm13	ONE_SIDED_NO_PAIR	TGAGGT	NONE	DIRECT_PAF_ENDPOINT	UNSUPPORTED	SUPPORTED	NONE
HML-2_3q12.3	NA20355_h2_HML-2_3q12.3_graph_hgsvc3-2024-02-23-mc-chm13	ONE_SIDED_NO_PAIR	TGAGGT	NONE	DIRECT_PAF_ENDPOINT	UNSUPPORTED	SUPPORTED	NONE
HML-2_3q12.3	NA20503_hap1_hprc_r2_v1.0.1_HML-2_3q12.3	ONE_SIDED_NO_PAIR	TGAGGT	NONE	DIRECT_PAF_ENDPOINT	UNSUPPORTED	SUPPORTED	NONE
HML-2_3q12.3	NA20503_hap2_hprc_r2_v1.0.1_HML-2_3q12.3	ONE_SIDED_NO_PAIR	TGAGGT	NONE	DIRECT_PAF_ENDPOINT	UNSUPPORTED	SUPPORTED	NONE
HML-2_3q12.3	NA20509_h1_HML-2_3q12.3_graph_hgsvc3-2024-02-23-mc-chm13	ONE_SIDED_NO_PAIR	TGAGGT	NONE	DIRECT_PAF_ENDPOINT	UNSUPPORTED	SUPPORTED	NONE
HML-2_3q12.3	NA20509_h2_HML-2_3q12.3_graph_hgsvc3-2024-02-23-mc-chm13	ONE_SIDED_NO_PAIR	TGAGGT	NONE	DIRECT_PAF_ENDPOINT	UNSUPPORTED	SUPPORTED	NONE
HML-2_3q12.3	NA20752_hap1_hprc_r2_v1.0.1_HML-2_3q12.3	ONE_SIDED_NO_PAIR	TGAGGT	NONE	DIRECT_PAF_ENDPOINT	UNSUPPORTED	SUPPORTED	NONE
HML-2_3q12.3	NA20752_hap2_hprc_r2_v1.0.1_HML-2_3q12.3	ONE_SIDED_NO_PAIR	TGAGGT	NONE	DIRECT_PAF_ENDPOINT	UNSUPPORTED	SUPPORTED	NONE
HML-2_3q12.3	NA20762_hap1_hprc_r2_v1.0.1_HML-2_3q12.3	ONE_SIDED_NO_PAIR	TGAGGT	NONE	DIRECT_PAF_ENDPOINT	UNSUPPORTED	SUPPORTED	NONE
HML-2_3q12.3	NA20762_hap2_hprc_r2_v1.0.1_HML-2_3q12.3	ONE_SIDED_NO_PAIR	TGAGGT	NONE	DIRECT_PAF_ENDPOINT	UNSUPPORTED	SUPPORTED	NONE
HML-2_3q12.3	NA20799_hap1_hprc_r2_v1.0.1_HML-2_3q12.3	ONE_SIDED_NO_PAIR	TGAGGT	NONE	DIRECT_PAF_ENDPOINT	UNSUPPORTED	SUPPORTED	NONE
HML-2_3q12.3	NA20799_hap2_hprc_r2_v1.0.1_HML-2_3q12.3	ONE_SIDED_NO_PAIR	TGAGGT	NONE	DIRECT_PAF_ENDPOINT	UNSUPPORTED	SUPPORTED	NONE
HML-2_3q12.3	NA20805_hap1_hprc_r2_v1.0.1_HML-2_3q12.3	ONE_SIDED_NO_PAIR	TGAGGT	NONE	DIRECT_PAF_ENDPOINT	UNSUPPORTED	SUPPORTED	NONE
HML-2_3q12.3	NA20805_hap2_hprc_r2_v1.0.1_HML-2_3q12.3	ONE_SIDED_NO_PAIR	TGAGGT	NONE	DIRECT_PAF_ENDPOINT	UNSUPPORTED	SUPPORTED	NONE
HML-2_3q12.3	NA20806_hap1_hprc_r2_v1.0.1_HML-2_3q12.3	ONE_SIDED_NO_PAIR	TGAGGT	NONE	DIRECT_PAF_ENDPOINT	UNSUPPORTED	SUPPORTED	NONE
HML-2_3q12.3	NA20806_hap2_hprc_r2_v1.0.1_HML-2_3q12.3	ONE_SIDED_NO_PAIR	TGAGGT	NONE	DIRECT_PAF_ENDPOINT	UNSUPPORTED	SUPPORTED	NONE
HML-2_3q12.3	NA20809_hap1_hprc_r2_v1.0.1_HML-2_3q12.3	ONE_SIDED_NO_PAIR	TGAGGT	NONE	DIRECT_PAF_ENDPOINT	UNSUPPORTED	SUPPORTED	NONE
HML-2_3q12.3	NA20809_hap2_hprc_r2_v1.0.1_HML-2_3q12.3	ONE_SIDED_NO_PAIR	TGAGGT	NONE	DIRECT_PAF_ENDPOINT	UNSUPPORTED	SUPPORTED	NONE
HML-2_3q12.3	NA20827_hap1_hprc_r2_v1.0.1_HML-2_3q12.3	ONE_SIDED_NO_PAIR	TGAGGT	NONE	DIRECT_PAF_ENDPOINT	UNSUPPORTED	SUPPORTED	NONE
HML-2_3q12.3	NA20827_hap2_hprc_r2_v1.0.1_HML-2_3q12.3	ONE_SIDED_NO_PAIR	TGAGGT	NONE	DIRECT_PAF_ENDPOINT	UNSUPPORTED	SUPPORTED	NONE
HML-2_3q12.3	NA20847_h1_HML-2_3q12.3_graph_hgsvc3-2024-02-23-mc-chm13	ONE_SIDED_NO_PAIR	TGAGGT	NONE	DIRECT_PAF_ENDPOINT	UNSUPPORTED	SUPPORTED	NONE
HML-2_3q12.3	NA20847_h2_HML-2_3q12.3_graph_hgsvc3-2024-02-23-mc-chm13	ONE_SIDED_NO_PAIR	TGAGGT	NONE	DIRECT_PAF_ENDPOINT	UNSUPPORTED	SUPPORTED	NONE
HML-2_3q12.3	NA20850_hap1_hprc_r2_v1.0.1_HML-2_3q12.3	ONE_SIDED_NO_PAIR	TGAGGT	NONE	DIRECT_PAF_ENDPOINT	UNSUPPORTED	SUPPORTED	NONE
HML-2_3q12.3	NA20850_hap2_hprc_r2_v1.0.1_HML-2_3q12.3	ONE_SIDED_NO_PAIR	TGAGGT	NONE	DIRECT_PAF_ENDPOINT	UNSUPPORTED	SUPPORTED	NONE
HML-2_3q12.3	NA20870_hap1_hprc_r2_v1.0.1_HML-2_3q12.3	ONE_SIDED_NO_PAIR	TGAGGT	NONE	DIRECT_PAF_ENDPOINT	UNSUPPORTED	SUPPORTED	NONE
HML-2_3q12.3	NA20870_hap2_hprc_r2_v1.0.1_HML-2_3q12.3	ONE_SIDED_NO_PAIR	TGAGGT	NONE	DIRECT_PAF_ENDPOINT	UNSUPPORTED	SUPPORTED	NONE
HML-2_3q12.3	NA20905_hap1_hprc_r2_v1.0.1_HML-2_3q12.3	ONE_SIDED_NO_PAIR	TGAGGT	NONE	DIRECT_PAF_ENDPOINT	UNSUPPORTED	SUPPORTED	NONE
HML-2_3q12.3	NA20905_hap2_hprc_r2_v1.0.1_HML-2_3q12.3	ONE_SIDED_NO_PAIR	TGAGGT	NONE	DIRECT_PAF_ENDPOINT	UNSUPPORTED	SUPPORTED	NONE
HML-2_3q12.3	NA21093_hap1_hprc_r2_v1.0.1_HML-2_3q12.3	ONE_SIDED_NO_PAIR	TGAGGT	NONE	DIRECT_PAF_ENDPOINT	UNSUPPORTED	SUPPORTED	NONE
HML-2_3q12.3	NA21093_hap2_hprc_r2_v1.0.1_HML-2_3q12.3	ONE_SIDED_NO_PAIR	TGAGGT	NONE	DIRECT_PAF_ENDPOINT	UNSUPPORTED	SUPPORTED	NONE
HML-2_3q12.3	NA21102_hap1_hprc_r2_v1.0.1_HML-2_3q12.3	ONE_SIDED_NO_PAIR	TGAGGT	NONE	DIRECT_PAF_ENDPOINT	UNSUPPORTED	SUPPORTED	NONE
HML-2_3q12.3	NA21102_hap2_hprc_r2_v1.0.1_HML-2_3q12.3	ONE_SIDED_NO_PAIR	TGAGGT	NONE	DIRECT_PAF_ENDPOINT	UNSUPPORTED	SUPPORTED	NONE
HML-2_3q12.3	NA21106_hap1_hprc_r2_v1.0.1_HML-2_3q12.3	ONE_SIDED_NO_PAIR	TGAGGT	NONE	DIRECT_PAF_ENDPOINT	UNSUPPORTED	SUPPORTED	NONE
HML-2_3q12.3	NA21106_hap2_hprc_r2_v1.0.1_HML-2_3q12.3	ONE_SIDED_NO_PAIR	TGAGGT	NONE	DIRECT_PAF_ENDPOINT	UNSUPPORTED	SUPPORTED	NONE
HML-2_3q12.3	NA21110_hap1_hprc_r2_v1.0.1_HML-2_3q12.3	ONE_SIDED_NO_PAIR	TGAGGT	NONE	DIRECT_PAF_ENDPOINT	UNSUPPORTED	SUPPORTED	NONE
HML-2_3q12.3	NA21110_hap2_hprc_r2_v1.0.1_HML-2_3q12.3	ONE_SIDED_NO_PAIR	TGAGGT	NONE	DIRECT_PAF_ENDPOINT	UNSUPPORTED	SUPPORTED	NONE
HML-2_3q12.3	NA21144_hap1_hprc_r2_v1.0.1_HML-2_3q12.3	ONE_SIDED_NO_PAIR	TGAGGT	NONE	DIRECT_PAF_ENDPOINT	UNSUPPORTED	SUPPORTED	NONE
HML-2_3q12.3	NA21144_hap2_hprc_r2_v1.0.1_HML-2_3q12.3	ONE_SIDED_NO_PAIR	TGAGGT	NONE	DIRECT_PAF_ENDPOINT	UNSUPPORTED	SUPPORTED	NONE
HML-2_3q12.3	NA21309_mat_hprc_r2_v1.0.1_HML-2_3q12.3	ONE_SIDED_NO_PAIR	TGAGGT	NONE	DIRECT_PAF_ENDPOINT	UNSUPPORTED	SUPPORTED	NONE
HML-2_3q12.3	NA21309_pat_hprc_r2_v1.0.1_HML-2_3q12.3	ONE_SIDED_NO_PAIR	TGAGGT	NONE	DIRECT_PAF_ENDPOINT	UNSUPPORTED	SUPPORTED	NONE
HML-2_3q12.3	NA21487_h1_HML-2_3q12.3_graph_hgsvc3-2024-02-23-mc-chm13	ONE_SIDED_NO_PAIR	TGAGGT	NONE	DIRECT_PAF_ENDPOINT	UNSUPPORTED	SUPPORTED	NONE
HML-2_3q12.3	NA21487_h2_HML-2_3q12.3_graph_hgsvc3-2024-02-23-mc-chm13	ONE_SIDED_NO_PAIR	TGAGGT	NONE	DIRECT_PAF_ENDPOINT	UNSUPPORTED	SUPPORTED	NONE
HML-2_3q12.3	NA24385_h1_HML-2_3q12.3_graph_hgsvc3-2024-02-23-mc-chm13	ONE_SIDED_NO_PAIR	TGAGGT	NONE	DIRECT_PAF_ENDPOINT	UNSUPPORTED	SUPPORTED	NONE
HML-2_3q12.3	NA24385_h2_HML-2_3q12.3_graph_hgsvc3-2024-02-23-mc-chm13	ONE_SIDED_NO_PAIR	TGAGGT	NONE	DIRECT_PAF_ENDPOINT	UNSUPPORTED	SUPPORTED	NONE
HML-2_3q12.3	chm13v2.0_maskedY_rCRS.fa.PanSN_HML-2_3q12.3	ONE_SIDED_NO_PAIR	TGAGGT	NONE	DIRECT_PAF_ENDPOINT	UNSUPPORTED	SUPPORTED	NONE
HML-2_3q12.3	hg002v1.1.mat_MT.PanSN_HML-2_3q12.3	ONE_SIDED_NO_PAIR	TGAGGT	NONE	DIRECT_PAF_ENDPOINT	UNSUPPORTED	SUPPORTED	NONE
HML-2_3q12.3	hg002v1.1.pat.PanSN_HML-2_3q12.3	ONE_SIDED_NO_PAIR	TGAGGT	NONE	DIRECT_PAF_ENDPOINT	UNSUPPORTED	SUPPORTED	NONE
HML-2_3q21.2	GCA_000001405.15_GRCh38_no_alt_analysis_set.PanSN_HML-2_3q21.2	ONE_SIDED_NO_PAIR	CGGCCC	NONE	DIRECT_PAF_ENDPOINT	UNSUPPORTED	SUPPORTED	NONE
HML-2_3q21.2	HG00096_h1_HML-2_3q21.2_graph_hgsvc3-2024-02-23-mc-chm13	ONE_SIDED_NO_PAIR	CGGCCC	NONE	DIRECT_PAF_ENDPOINT	UNSUPPORTED	SUPPORTED	NONE
HML-2_3q21.2	HG00096_h2_HML-2_3q21.2_graph_hgsvc3-2024-02-23-mc-chm13	ONE_SIDED_NO_PAIR	CGGCCC	NONE	DIRECT_PAF_ENDPOINT	UNSUPPORTED	SUPPORTED	NONE
HML-2_3q21.2	HG00097_hap1_hprc_r2_v1.0.1_HML-2_3q21.2	ONE_SIDED_NO_PAIR	CGGCCC	NONE	DIRECT_PAF_ENDPOINT	UNSUPPORTED	SUPPORTED	NONE
HML-2_3q21.2	HG00097_hap2_hprc_r2_v1.0.1_HML-2_3q21.2	ONE_SIDED_NO_PAIR	CGGCCC	NONE	TERMINAL_MOTIF	UNSUPPORTED	SUPPORTED	NONE
HML-2_3q21.2	HG00099_hap1_hprc_r2_v1.0.1_HML-2_3q21.2	ONE_SIDED_NO_PAIR	CGGCCC	NONE	DIRECT_PAF_ENDPOINT	UNSUPPORTED	SUPPORTED	NONE
HML-2_3q21.2	HG00099_hap2_hprc_r2_v1.0.1_HML-2_3q21.2	ONE_SIDED_NO_PAIR	CGGCCC	NONE	DIRECT_PAF_ENDPOINT	UNSUPPORTED	SUPPORTED	NONE
HML-2_3q21.2	HG00126_hap1_hprc_r2_v1.0.1_HML-2_3q21.2	ONE_SIDED_NO_PAIR	CGGCCC	NONE	DIRECT_PAF_ENDPOINT	UNSUPPORTED	SUPPORTED	NONE
HML-2_3q21.2	HG00126_hap2_hprc_r2_v1.0.1_HML-2_3q21.2	ONE_SIDED_NO_PAIR	CGGCCC	NONE	DIRECT_PAF_ENDPOINT	UNSUPPORTED	SUPPORTED	NONE
HML-2_3q21.2	HG00128_hap1_hprc_r2_v1.0.1_HML-2_3q21.2	ONE_SIDED_NO_PAIR	CGGCCC	NONE	DIRECT_PAF_ENDPOINT	UNSUPPORTED	SUPPORTED	NONE
HML-2_3q21.2	HG00128_hap2_hprc_r2_v1.0.1_HML-2_3q21.2	ONE_SIDED_NO_PAIR	CGGCCC	NONE	DIRECT_PAF_ENDPOINT	UNSUPPORTED	SUPPORTED	NONE
HML-2_3q21.2	HG00133_hap1_hprc_r2_v1.0.1_HML-2_3q21.2	ONE_SIDED_NO_PAIR	CGGCCC	NONE	DIRECT_PAF_ENDPOINT	UNSUPPORTED	SUPPORTED	NONE
HML-2_3q21.2	HG00133_hap2_hprc_r2_v1.0.1_HML-2_3q21.2	ONE_SIDED_NO_PAIR	CGGCCC	NONE	DIRECT_PAF_ENDPOINT	UNSUPPORTED	SUPPORTED	NONE
HML-2_3q21.2	HG00140_hap1_hprc_r2_v1.0.1_HML-2_3q21.2	ONE_SIDED_NO_PAIR	CGGCCC	NONE	DIRECT_PAF_ENDPOINT	UNSUPPORTED	SUPPORTED	NONE
HML-2_3q21.2	HG00140_hap2_hprc_r2_v1.0.1_HML-2_3q21.2	ONE_SIDED_NO_PAIR	CGGCCC	NONE	DIRECT_PAF_ENDPOINT	UNSUPPORTED	SUPPORTED	NONE
HML-2_3q21.2	HG00146_hap1_hprc_r2_v1.0.1_HML-2_3q21.2	ONE_SIDED_NO_PAIR	CGGCCC	NONE	DIRECT_PAF_ENDPOINT	UNSUPPORTED	SUPPORTED	NONE
HML-2_3q21.2	HG00146_hap2_hprc_r2_v1.0.1_HML-2_3q21.2	ONE_SIDED_NO_PAIR	CGGCCC	NONE	DIRECT_PAF_ENDPOINT	UNSUPPORTED	SUPPORTED	NONE
HML-2_3q21.2	HG00171_h1_HML-2_3q21.2_graph_hgsvc3-2024-02-23-mc-chm13	ONE_SIDED_NO_PAIR	CGGCCC	NONE	DIRECT_PAF_ENDPOINT	UNSUPPORTED	SUPPORTED	NONE
HML-2_3q21.2	HG00171_h2_HML-2_3q21.2_graph_hgsvc3-2024-02-23-mc-chm13	ONE_SIDED_NO_PAIR	CGGCCC	NONE	DIRECT_PAF_ENDPOINT	UNSUPPORTED	SUPPORTED	NONE
HML-2_3q21.2	HG00232_hap1_hprc_r2_v1.0.1_HML-2_3q21.2	ONE_SIDED_NO_PAIR	CAGCCC	NONE	DIRECT_PAF_ENDPOINT	UNSUPPORTED	SUPPORTED	NONE
HML-2_3q21.2	HG00232_hap2_hprc_r2_v1.0.1_HML-2_3q21.2	ONE_SIDED_NO_PAIR	CGGCCC	NONE	DIRECT_PAF_ENDPOINT	UNSUPPORTED	SUPPORTED	NONE
HML-2_3q21.2	HG00235_hap1_hprc_r2_v1.0.1_HML-2_3q21.2	ONE_SIDED_NO_PAIR	CGGCCC	NONE	DIRECT_PAF_ENDPOINT	UNSUPPORTED	SUPPORTED	NONE
HML-2_3q21.2	HG00235_hap2_hprc_r2_v1.0.1_HML-2_3q21.2	ONE_SIDED_NO_PAIR	CGGCCC	NONE	DIRECT_PAF_ENDPOINT	UNSUPPORTED	SUPPORTED	NONE
HML-2_3q21.2	HG00253_hap1_hprc_r2_v1.0.1_HML-2_3q21.2	ONE_SIDED_NO_PAIR	CGGCCC	NONE	DIRECT_PAF_ENDPOINT	UNSUPPORTED	SUPPORTED	NONE
HML-2_3q21.2	HG00253_hap2_hprc_r2_v1.0.1_HML-2_3q21.2	ONE_SIDED_NO_PAIR	CGGCCC	NONE	TERMINAL_MOTIF	UNSUPPORTED	SUPPORTED	NONE
HML-2_3q21.2	HG00268_h1_HML-2_3q21.2_graph_hgsvc3-2024-02-23-mc-chm13	ONE_SIDED_NO_PAIR	CGGCCC	NONE	DIRECT_PAF_ENDPOINT	UNSUPPORTED	SUPPORTED	NONE
HML-2_3q21.2	HG00268_h2_HML-2_3q21.2_graph_hgsvc3-2024-02-23-mc-chm13	ONE_SIDED_NO_PAIR	CGGCCC	NONE	DIRECT_PAF_ENDPOINT	UNSUPPORTED	SUPPORTED	NONE
HML-2_3q21.2	HG00272_hap1_hprc_r2_v1.0.1_HML-2_3q21.2	ONE_SIDED_NO_PAIR	CGGCCC	NONE	DIRECT_PAF_ENDPOINT	UNSUPPORTED	SUPPORTED	NONE
HML-2_3q21.2	HG00272_hap2_hprc_r2_v1.0.1_HML-2_3q21.2	ONE_SIDED_NO_PAIR	CGGCCC	NONE	DIRECT_PAF_ENDPOINT	UNSUPPORTED	SUPPORTED	NONE
HML-2_3q21.2	HG00280_hap1_hprc_r2_v1.0.1_HML-2_3q21.2	ONE_SIDED_NO_PAIR	CGGCCC	NONE	DIRECT_PAF_ENDPOINT	UNSUPPORTED	SUPPORTED	NONE
HML-2_3q21.2	HG00280_hap2_hprc_r2_v1.0.1_HML-2_3q21.2	ONE_SIDED_NO_PAIR	CGGCCC	NONE	DIRECT_PAF_ENDPOINT	UNSUPPORTED	SUPPORTED	NONE
HML-2_3q21.2	HG00290_hap1_hprc_r2_v1.0.1_HML-2_3q21.2	ONE_SIDED_NO_PAIR	CGGCCC	NONE	DIRECT_PAF_ENDPOINT	UNSUPPORTED	SUPPORTED	NONE
HML-2_3q21.2	HG00290_hap2_hprc_r2_v1.0.1_HML-2_3q21.2	ONE_SIDED_NO_PAIR	CGGCCC	NONE	DIRECT_PAF_ENDPOINT	UNSUPPORTED	SUPPORTED	NONE
HML-2_3q21.2	HG00320_hap1_hprc_r2_v1.0.1_HML-2_3q21.2	ONE_SIDED_NO_PAIR	CGGCCC	NONE	DIRECT_PAF_ENDPOINT	UNSUPPORTED	SUPPORTED	NONE
HML-2_3q21.2	HG00320_hap2_hprc_r2_v1.0.1_HML-2_3q21.2	ONE_SIDED_NO_PAIR	CGGCCC	NONE	DIRECT_PAF_ENDPOINT	UNSUPPORTED	SUPPORTED	NONE
HML-2_3q21.2	HG00321_hap1_hprc_r2_v1.0.1_HML-2_3q21.2	ONE_SIDED_NO_PAIR	CGGCCC	NONE	DIRECT_PAF_ENDPOINT	UNSUPPORTED	SUPPORTED	NONE
HML-2_3q21.2	HG00321_hap2_hprc_r2_v1.0.1_HML-2_3q21.2	ONE_SIDED_NO_PAIR	CGGCCC	NONE	TERMINAL_MOTIF	UNSUPPORTED	SUPPORTED	NONE
HML-2_3q21.2	HG00323_hap1_hprc_r2_v1.0.1_HML-2_3q21.2	ONE_SIDED_NO_PAIR	CGGCCC	NONE	DIRECT_PAF_ENDPOINT	UNSUPPORTED	SUPPORTED	NONE
HML-2_3q21.2	HG00323_hap2_hprc_r2_v1.0.1_HML-2_3q21.2	ONE_SIDED_NO_PAIR	CGGCCC	NONE	DIRECT_PAF_ENDPOINT	UNSUPPORTED	SUPPORTED	NONE
HML-2_3q21.2	HG00329_hap1_hprc_r2_v1.0.1_HML-2_3q21.2	ONE_SIDED_NO_PAIR	CGGCCC	NONE	DIRECT_PAF_ENDPOINT	UNSUPPORTED	SUPPORTED	NONE
HML-2_3q21.2	HG00329_hap2_hprc_r2_v1.0.1_HML-2_3q21.2	ONE_SIDED_NO_PAIR	CGGCCC	NONE	DIRECT_PAF_ENDPOINT	UNSUPPORTED	SUPPORTED	NONE
HML-2_3q21.2	HG00344_hap1_hprc_r2_v1.0.1_HML-2_3q21.2	ONE_SIDED_NO_PAIR	CGGCCC	NONE	DIRECT_PAF_ENDPOINT	UNSUPPORTED	SUPPORTED	NONE
HML-2_3q21.2	HG00344_hap2_hprc_r2_v1.0.1_HML-2_3q21.2	ONE_SIDED_NO_PAIR	CGGCCC	NONE	DIRECT_PAF_ENDPOINT	UNSUPPORTED	SUPPORTED	NONE
HML-2_3q21.2	HG00350_hap1_hprc_r2_v1.0.1_HML-2_3q21.2	ONE_SIDED_NO_PAIR	CGGCCC	NONE	DIRECT_PAF_ENDPOINT	UNSUPPORTED	SUPPORTED	NONE
HML-2_3q21.2	HG00350_hap2_hprc_r2_v1.0.1_HML-2_3q21.2	ONE_SIDED_NO_PAIR	CGGCCC	NONE	TERMINAL_MOTIF	UNSUPPORTED	SUPPORTED	NONE
HML-2_3q21.2	HG00358_h1_HML-2_3q21.2_graph_hgsvc3-2024-02-23-mc-chm13	ONE_SIDED_NO_PAIR	CGGCCC	NONE	DIRECT_PAF_ENDPOINT	UNSUPPORTED	SUPPORTED	NONE
HML-2_3q21.2	HG00358_h2_HML-2_3q21.2_graph_hgsvc3-2024-02-23-mc-chm13	ONE_SIDED_NO_PAIR	CGGCCC	NONE	DIRECT_PAF_ENDPOINT	UNSUPPORTED	SUPPORTED	NONE
HML-2_3q21.2	HG00408_mat_hprc_r2_v1.0.1_HML-2_3q21.2	ONE_SIDED_NO_PAIR	CGGCCC	NONE	DIRECT_PAF_ENDPOINT	UNSUPPORTED	SUPPORTED	NONE
HML-2_3q21.2	HG00408_pat_hprc_r2_v1.0.1_HML-2_3q21.2	ONE_SIDED_NO_PAIR	CGGCCC	NONE	DIRECT_PAF_ENDPOINT	UNSUPPORTED	SUPPORTED	NONE
HML-2_3q21.2	HG00423_mat_hprc_r2_v1.0.1_HML-2_3q21.2	ONE_SIDED_NO_PAIR	CGGCCC	NONE	DIRECT_PAF_ENDPOINT	UNSUPPORTED	SUPPORTED	NONE
HML-2_3q21.2	HG00423_pat_hprc_r2_v1.0.1_HML-2_3q21.2	ONE_SIDED_NO_PAIR	CGGCCC	NONE	DIRECT_PAF_ENDPOINT	UNSUPPORTED	SUPPORTED	NONE
HML-2_3q21.2	HG00438_mat_hprc_r2_v1.0.1_HML-2_3q21.2	ONE_SIDED_NO_PAIR	CGGCCC	NONE	DIRECT_PAF_ENDPOINT	UNSUPPORTED	SUPPORTED	NONE
HML-2_3q21.2	HG00438_pat_hprc_r2_v1.0.1_HML-2_3q21.2	ONE_SIDED_NO_PAIR	CGGCCC	NONE	DIRECT_PAF_ENDPOINT	UNSUPPORTED	SUPPORTED	NONE
HML-2_3q21.2	HG00512_h1_HML-2_3q21.2_graph_hgsvc3-2024-02-23-mc-chm13	ONE_SIDED_NO_PAIR	CGGCCC	NONE	DIRECT_PAF_ENDPOINT	UNSUPPORTED	SUPPORTED	NONE
HML-2_3q21.2	HG00512_h2_HML-2_3q21.2_graph_hgsvc3-2024-02-23-mc-chm13	ONE_SIDED_NO_PAIR	CGGCCC	NONE	DIRECT_PAF_ENDPOINT	UNSUPPORTED	SUPPORTED	NONE
HML-2_3q21.2	HG00513_h1_HML-2_3q21.2_graph_hgsvc3-2024-02-23-mc-chm13	ONE_SIDED_NO_PAIR	CGGCCC	NONE	DIRECT_PAF_ENDPOINT	UNSUPPORTED	SUPPORTED	NONE
HML-2_3q21.2	HG00513_h2_HML-2_3q21.2_graph_hgsvc3-2024-02-23-mc-chm13	ONE_SIDED_NO_PAIR	CGGCCC	NONE	DIRECT_PAF_ENDPOINT	UNSUPPORTED	SUPPORTED	NONE
HML-2_3q21.2	HG00514_h1_HML-2_3q21.2_graph_hgsvc3-2024-02-23-mc-chm13	ONE_SIDED_NO_PAIR	CGGCCC	NONE	DIRECT_PAF_ENDPOINT	UNSUPPORTED	SUPPORTED	NONE
HML-2_3q21.2	HG00514_h2_HML-2_3q21.2_graph_hgsvc3-2024-02-23-mc-chm13	ONE_SIDED_NO_PAIR	CGGCCC	NONE	DIRECT_PAF_ENDPOINT	UNSUPPORTED	SUPPORTED	NONE
HML-2_3q21.2	HG00544_mat_hprc_r2_v1.0.1_HML-2_3q21.2	ONE_SIDED_NO_PAIR	CGGCCC	NONE	DIRECT_PAF_ENDPOINT	UNSUPPORTED	SUPPORTED	NONE
HML-2_3q21.2	HG00544_pat_hprc_r2_v1.0.1_HML-2_3q21.2	ONE_SIDED_NO_PAIR	CGGCCC	NONE	DIRECT_PAF_ENDPOINT	UNSUPPORTED	SUPPORTED	NONE
HML-2_3q21.2	HG00558_mat_hprc_r2_v1.0.1_HML-2_3q21.2	ONE_SIDED_NO_PAIR	CGGCCC	NONE	DIRECT_PAF_ENDPOINT	UNSUPPORTED	SUPPORTED	NONE
HML-2_3q21.2	HG00558_pat_hprc_r2_v1.0.1_HML-2_3q21.2	ONE_SIDED_NO_PAIR	CGGCCC	NONE	DIRECT_PAF_ENDPOINT	UNSUPPORTED	SUPPORTED	NONE
HML-2_3q21.2	HG00597_mat_hprc_r2_v1.0.1_HML-2_3q21.2	ONE_SIDED_NO_PAIR	CGGCCC	NONE	TERMINAL_MOTIF	UNSUPPORTED	SUPPORTED	NONE
HML-2_3q21.2	HG00597_pat_hprc_r2_v1.0.1_HML-2_3q21.2	ONE_SIDED_NO_PAIR	CGGCCC	NONE	DIRECT_PAF_ENDPOINT	UNSUPPORTED	SUPPORTED	NONE
HML-2_3q21.2	HG005_mat_hprc_r2_v1.0.1_HML-2_3q21.2	ONE_SIDED_NO_PAIR	CGGCCC	NONE	TERMINAL_MOTIF	UNSUPPORTED	SUPPORTED	NONE
HML-2_3q21.2	HG005_pat_hprc_r2_v1.0.1_HML-2_3q21.2	ONE_SIDED_NO_PAIR	CGGCCC	NONE	DIRECT_PAF_ENDPOINT	UNSUPPORTED	SUPPORTED	NONE
HML-2_3q21.2	HG00609_mat_hprc_r2_v1.0.1_HML-2_3q21.2	ONE_SIDED_NO_PAIR	CGGCCC	NONE	DIRECT_PAF_ENDPOINT	UNSUPPORTED	SUPPORTED	NONE
HML-2_3q21.2	HG00609_pat_hprc_r2_v1.0.1_HML-2_3q21.2	ONE_SIDED_NO_PAIR	CGGCCC	NONE	DIRECT_PAF_ENDPOINT	UNSUPPORTED	SUPPORTED	NONE
HML-2_3q21.2	HG00621_mat_hprc_r2_v1.0.1_HML-2_3q21.2	ONE_SIDED_NO_PAIR	CGGCCC	NONE	TERMINAL_MOTIF	UNSUPPORTED	SUPPORTED	NONE
HML-2_3q21.2	HG00621_pat_hprc_r2_v1.0.1_HML-2_3q21.2	ONE_SIDED_NO_PAIR	CGGCCC	NONE	DIRECT_PAF_ENDPOINT	UNSUPPORTED	SUPPORTED	NONE
HML-2_3q21.2	HG00639_mat_hprc_r2_v1.0.1_HML-2_3q21.2	ONE_SIDED_NO_PAIR	CGGCCC	NONE	DIRECT_PAF_ENDPOINT	UNSUPPORTED	SUPPORTED	NONE
HML-2_3q21.2	HG00639_pat_hprc_r2_v1.0.1_HML-2_3q21.2	ONE_SIDED_NO_PAIR	CGGCCC	NONE	DIRECT_PAF_ENDPOINT	UNSUPPORTED	SUPPORTED	NONE
HML-2_3q21.2	HG00642_mat_hprc_r2_v1.0.1_HML-2_3q21.2	ONE_SIDED_NO_PAIR	CGGCCC	NONE	DIRECT_PAF_ENDPOINT	UNSUPPORTED	SUPPORTED	NONE
HML-2_3q21.2	HG00642_pat_hprc_r2_v1.0.1_HML-2_3q21.2	ONE_SIDED_NO_PAIR	CGGCCC	NONE	DIRECT_PAF_ENDPOINT	UNSUPPORTED	SUPPORTED	NONE
HML-2_3q21.2	HG00658_mat_hprc_r2_v1.0.1_HML-2_3q21.2	ONE_SIDED_NO_PAIR	CGGCCC	NONE	DIRECT_PAF_ENDPOINT	UNSUPPORTED	SUPPORTED	NONE
HML-2_3q21.2	HG00658_pat_hprc_r2_v1.0.1_HML-2_3q21.2	ONE_SIDED_NO_PAIR	CGGCCC	NONE	TERMINAL_MOTIF	UNSUPPORTED	SUPPORTED	NONE
HML-2_3q21.2	HG00673_mat_hprc_r2_v1.0.1_HML-2_3q21.2	ONE_SIDED_NO_PAIR	CGGCCC	NONE	DIRECT_PAF_ENDPOINT	UNSUPPORTED	SUPPORTED	NONE
HML-2_3q21.2	HG00673_pat_hprc_r2_v1.0.1_HML-2_3q21.2	ONE_SIDED_NO_PAIR	CGGCCC	NONE	DIRECT_PAF_ENDPOINT	UNSUPPORTED	SUPPORTED	NONE
HML-2_3q21.2	HG00706_mat_hprc_r2_v1.0.1_HML-2_3q21.2	ONE_SIDED_NO_PAIR	CGGCCC	NONE	DIRECT_PAF_ENDPOINT	UNSUPPORTED	SUPPORTED	NONE
HML-2_3q21.2	HG00706_pat_hprc_r2_v1.0.1_HML-2_3q21.2	ONE_SIDED_NO_PAIR	CGGCCC	NONE	TERMINAL_MOTIF	UNSUPPORTED	SUPPORTED	NONE
HML-2_3q21.2	HG00731_h1_HML-2_3q21.2_graph_hgsvc3-2024-02-23-mc-chm13	ONE_SIDED_NO_PAIR	CGGCCC	NONE	DIRECT_PAF_ENDPOINT	UNSUPPORTED	SUPPORTED	NONE
HML-2_3q21.2	HG00731_h2_HML-2_3q21.2_graph_hgsvc3-2024-02-23-mc-chm13	ONE_SIDED_NO_PAIR	CGGCCC	NONE	DIRECT_PAF_ENDPOINT	UNSUPPORTED	SUPPORTED	NONE
HML-2_3q21.2	HG00732_h1_HML-2_3q21.2_graph_hgsvc3-2024-02-23-mc-chm13	ONE_SIDED_NO_PAIR	CGGCCC	NONE	DIRECT_PAF_ENDPOINT	UNSUPPORTED	SUPPORTED	NONE
HML-2_3q21.2	HG00732_h2_HML-2_3q21.2_graph_hgsvc3-2024-02-23-mc-chm13	ONE_SIDED_NO_PAIR	CGGCCC	NONE	DIRECT_PAF_ENDPOINT	UNSUPPORTED	SUPPORTED	NONE
HML-2_3q21.2	HG00733_mat_hprc_r2_v1.0.1_HML-2_3q21.2	ONE_SIDED_NO_PAIR	CGGCCC	NONE	DIRECT_PAF_ENDPOINT	UNSUPPORTED	SUPPORTED	NONE
HML-2_3q21.2	HG00733_pat_hprc_r2_v1.0.1_HML-2_3q21.2	ONE_SIDED_NO_PAIR	CGGCCC	NONE	DIRECT_PAF_ENDPOINT	UNSUPPORTED	SUPPORTED	NONE
HML-2_3q21.2	HG00735_mat_hprc_r2_v1.0.1_HML-2_3q21.2	ONE_SIDED_NO_PAIR	CGGCCC	NONE	DIRECT_PAF_ENDPOINT	UNSUPPORTED	SUPPORTED	NONE
HML-2_3q21.2	HG00735_pat_hprc_r2_v1.0.1_HML-2_3q21.2	ONE_SIDED_NO_PAIR	CAGCCC	NONE	DIRECT_PAF_ENDPOINT	UNSUPPORTED	SUPPORTED	NONE
HML-2_3q21.2	HG00738_mat_hprc_r2_v1.0.1_HML-2_3q21.2	ONE_SIDED_NO_PAIR	CAGCCC	NONE	DIRECT_PAF_ENDPOINT	UNSUPPORTED	SUPPORTED	NONE
HML-2_3q21.2	HG00738_pat_hprc_r2_v1.0.1_HML-2_3q21.2	ONE_SIDED_NO_PAIR	CGGCCC	NONE	TERMINAL_MOTIF	UNSUPPORTED	SUPPORTED	NONE
HML-2_3q21.2	HG00741_mat_hprc_r2_v1.0.1_HML-2_3q21.2	ONE_SIDED_NO_PAIR	CGGCCC	NONE	DIRECT_PAF_ENDPOINT	UNSUPPORTED	SUPPORTED	NONE
HML-2_3q21.2	HG00741_pat_hprc_r2_v1.0.1_HML-2_3q21.2	ONE_SIDED_NO_PAIR	CGGCCC	NONE	TERMINAL_MOTIF	UNSUPPORTED	SUPPORTED	NONE
HML-2_3q21.2	HG00864_h1_HML-2_3q21.2_graph_hgsvc3-2024-02-23-mc-chm13	ONE_SIDED_NO_PAIR	CGGCCC	NONE	DIRECT_PAF_ENDPOINT	UNSUPPORTED	SUPPORTED	NONE
HML-2_3q21.2	HG00864_h2_HML-2_3q21.2_graph_hgsvc3-2024-02-23-mc-chm13	ONE_SIDED_NO_PAIR	CGGCCC	NONE	DIRECT_PAF_ENDPOINT	UNSUPPORTED	SUPPORTED	NONE
HML-2_3q21.2	HG01071_mat_hprc_r2_v1.0.1_HML-2_3q21.2	ONE_SIDED_NO_PAIR	CGGCCC	NONE	DIRECT_PAF_ENDPOINT	UNSUPPORTED	SUPPORTED	NONE
HML-2_3q21.2	HG01071_pat_hprc_r2_v1.0.1_HML-2_3q21.2	ONE_SIDED_NO_PAIR	CGGCCC	NONE	DIRECT_PAF_ENDPOINT	UNSUPPORTED	SUPPORTED	NONE
HML-2_3q21.2	HG01074_mat_hprc_r2_v1.0.1_HML-2_3q21.2	ONE_SIDED_NO_PAIR	CAGCCC	NONE	DIRECT_PAF_ENDPOINT	UNSUPPORTED	SUPPORTED	NONE
HML-2_3q21.2	HG01074_pat_hprc_r2_v1.0.1_HML-2_3q21.2	ONE_SIDED_NO_PAIR	CGGCCC	NONE	DIRECT_PAF_ENDPOINT	UNSUPPORTED	SUPPORTED	NONE
HML-2_3q21.2	HG01081_pat_hprc_r2_v1.0.1_HML-2_3q21.2	ONE_SIDED_NO_PAIR	CGGCCC	NONE	DIRECT_PAF_ENDPOINT	UNSUPPORTED	SUPPORTED	NONE
HML-2_3q21.2	HG01099_mat_hprc_r2_v1.0.1_HML-2_3q21.2	ONE_SIDED_NO_PAIR	CGGCCC	NONE	TERMINAL_MOTIF	UNSUPPORTED	SUPPORTED	NONE
HML-2_3q21.2	HG01099_pat_hprc_r2_v1.0.1_HML-2_3q21.2	ONE_SIDED_NO_PAIR	CGGCCC	NONE	DIRECT_PAF_ENDPOINT	UNSUPPORTED	SUPPORTED	NONE
HML-2_3q21.2	HG01106_mat_hprc_r2_v1.0.1_HML-2_3q21.2	ONE_SIDED_NO_PAIR	CGGCCC	NONE	DIRECT_PAF_ENDPOINT	UNSUPPORTED	SUPPORTED	NONE
HML-2_3q21.2	HG01106_pat_hprc_r2_v1.0.1_HML-2_3q21.2	ONE_SIDED_NO_PAIR	CGGCCC	NONE	DIRECT_PAF_ENDPOINT	UNSUPPORTED	SUPPORTED	NONE
HML-2_3q21.2	HG01109_mat_hprc_r2_v1.0.1_HML-2_3q21.2	ONE_SIDED_NO_PAIR	CAGCCC	NONE	DIRECT_PAF_ENDPOINT	UNSUPPORTED	SUPPORTED	NONE
HML-2_3q21.2	HG01109_pat_hprc_r2_v1.0.1_HML-2_3q21.2	ONE_SIDED_NO_PAIR	CAGCCC	NONE	DIRECT_PAF_ENDPOINT	UNSUPPORTED	SUPPORTED	NONE
HML-2_3q21.2	HG01114_h1_HML-2_3q21.2_graph_hgsvc3-2024-02-23-mc-chm13	ONE_SIDED_NO_PAIR	CGGCCC	NONE	DIRECT_PAF_ENDPOINT	UNSUPPORTED	SUPPORTED	NONE
HML-2_3q21.2	HG01114_h2_HML-2_3q21.2_graph_hgsvc3-2024-02-23-mc-chm13	ONE_SIDED_NO_PAIR	CGGCCC	NONE	DIRECT_PAF_ENDPOINT	UNSUPPORTED	SUPPORTED	NONE
HML-2_3q21.2	HG01123_mat_hprc_r2_v1.0.1_HML-2_3q21.2	ONE_SIDED_NO_PAIR	CGGCCC	NONE	DIRECT_PAF_ENDPOINT	UNSUPPORTED	SUPPORTED	NONE
HML-2_3q21.2	HG01123_pat_hprc_r2_v1.0.1_HML-2_3q21.2	ONE_SIDED_NO_PAIR	CGGCCC	NONE	DIRECT_PAF_ENDPOINT	UNSUPPORTED	SUPPORTED	NONE
HML-2_3q21.2	HG01150_mat_hprc_r2_v1.0.1_HML-2_3q21.2	ONE_SIDED_NO_PAIR	CGGCCC	NONE	TERMINAL_MOTIF	UNSUPPORTED	SUPPORTED	NONE
HML-2_3q21.2	HG01150_pat_hprc_r2_v1.0.1_HML-2_3q21.2	ONE_SIDED_NO_PAIR	CGGCCC	NONE	DIRECT_PAF_ENDPOINT	UNSUPPORTED	SUPPORTED	NONE
HML-2_3q21.2	HG01167_hap1_hprc_r2_v1.0.1_HML-2_3q21.2	ONE_SIDED_NO_PAIR	CGGCCC	NONE	DIRECT_PAF_ENDPOINT	UNSUPPORTED	SUPPORTED	NONE
HML-2_3q21.2	HG01167_hap2_hprc_r2_v1.0.1_HML-2_3q21.2	ONE_SIDED_NO_PAIR	CGGCCC	NONE	DIRECT_PAF_ENDPOINT	UNSUPPORTED	SUPPORTED	NONE
HML-2_3q21.2	HG01175_mat_hprc_r2_v1.0.1_HML-2_3q21.2	ONE_SIDED_NO_PAIR	CGGCCC	NONE	DIRECT_PAF_ENDPOINT	UNSUPPORTED	SUPPORTED	NONE
HML-2_3q21.2	HG01175_pat_hprc_r2_v1.0.1_HML-2_3q21.2	ONE_SIDED_NO_PAIR	CGGCCC	NONE	DIRECT_PAF_ENDPOINT	UNSUPPORTED	SUPPORTED	NONE
HML-2_3q21.2	HG01192_mat_hprc_r2_v1.0.1_HML-2_3q21.2	ONE_SIDED_NO_PAIR	CGGCCC	NONE	DIRECT_PAF_ENDPOINT	UNSUPPORTED	SUPPORTED	NONE
HML-2_3q21.2	HG01192_pat_hprc_r2_v1.0.1_HML-2_3q21.2	ONE_SIDED_NO_PAIR	CGGCCC	NONE	TERMINAL_MOTIF	UNSUPPORTED	SUPPORTED	NONE
HML-2_3q21.2	HG01243_mat_hprc_r2_v1.0.1_HML-2_3q21.2	ONE_SIDED_NO_PAIR	CGGCCC	NONE	DIRECT_PAF_ENDPOINT	UNSUPPORTED	SUPPORTED	NONE
HML-2_3q21.2	HG01243_pat_hprc_r2_v1.0.1_HML-2_3q21.2	ONE_SIDED_NO_PAIR	CGGCCC	NONE	DIRECT_PAF_ENDPOINT	UNSUPPORTED	SUPPORTED	NONE
HML-2_3q21.2	HG01252_mat_hprc_r2_v1.0.1_HML-2_3q21.2	ONE_SIDED_NO_PAIR	CGGCCC	NONE	DIRECT_PAF_ENDPOINT	UNSUPPORTED	SUPPORTED	NONE
HML-2_3q21.2	HG01252_pat_hprc_r2_v1.0.1_HML-2_3q21.2	ONE_SIDED_NO_PAIR	CGGCCC	NONE	DIRECT_PAF_ENDPOINT	UNSUPPORTED	SUPPORTED	NONE
HML-2_3q21.2	HG01255_mat_hprc_r2_v1.0.1_HML-2_3q21.2	ONE_SIDED_NO_PAIR	CGGCCC	NONE	DIRECT_PAF_ENDPOINT	UNSUPPORTED	SUPPORTED	NONE
HML-2_3q21.2	HG01255_pat_hprc_r2_v1.0.1_HML-2_3q21.2	ONE_SIDED_NO_PAIR	CGGCCC	NONE	DIRECT_PAF_ENDPOINT	UNSUPPORTED	SUPPORTED	NONE
HML-2_3q21.2	HG01258_mat_hprc_r2_v1.0.1_HML-2_3q21.2	ONE_SIDED_NO_PAIR	CGGCCC	NONE	DIRECT_PAF_ENDPOINT	UNSUPPORTED	SUPPORTED	NONE
HML-2_3q21.2	HG01258_pat_hprc_r2_v1.0.1_HML-2_3q21.2	ONE_SIDED_NO_PAIR	CGGCCC	NONE	DIRECT_PAF_ENDPOINT	UNSUPPORTED	SUPPORTED	NONE
HML-2_3q21.2	HG01261_mat_hprc_r2_v1.0.1_HML-2_3q21.2	ONE_SIDED_NO_PAIR	CGGCCC	NONE	DIRECT_PAF_ENDPOINT	UNSUPPORTED	SUPPORTED	NONE
HML-2_3q21.2	HG01261_pat_hprc_r2_v1.0.1_HML-2_3q21.2	ONE_SIDED_NO_PAIR	CGGCCC	NONE	DIRECT_PAF_ENDPOINT	UNSUPPORTED	SUPPORTED	NONE
HML-2_3q21.2	HG01346_mat_hprc_r2_v1.0.1_HML-2_3q21.2	ONE_SIDED_NO_PAIR	CGGCCC	NONE	DIRECT_PAF_ENDPOINT	UNSUPPORTED	SUPPORTED	NONE
HML-2_3q21.2	HG01346_pat_hprc_r2_v1.0.1_HML-2_3q21.2	ONE_SIDED_NO_PAIR	CGGCCC	NONE	DIRECT_PAF_ENDPOINT	UNSUPPORTED	SUPPORTED	NONE
HML-2_3q21.2	HG01352_h1_HML-2_3q21.2_graph_hgsvc3-2024-02-23-mc-chm13	ONE_SIDED_NO_PAIR	CGGCCC	NONE	DIRECT_PAF_ENDPOINT	UNSUPPORTED	SUPPORTED	NONE
HML-2_3q21.2	HG01352_h2_HML-2_3q21.2_graph_hgsvc3-2024-02-23-mc-chm13	ONE_SIDED_NO_PAIR	CGGCCC	NONE	DIRECT_PAF_ENDPOINT	UNSUPPORTED	SUPPORTED	NONE
HML-2_3q21.2	HG01358_mat_hprc_r2_v1.0.1_HML-2_3q21.2	ONE_SIDED_NO_PAIR	CGGCCC	NONE	DIRECT_PAF_ENDPOINT	UNSUPPORTED	SUPPORTED	NONE
HML-2_3q21.2	HG01358_pat_hprc_r2_v1.0.1_HML-2_3q21.2	ONE_SIDED_NO_PAIR	CGGCCC	NONE	DIRECT_PAF_ENDPOINT	UNSUPPORTED	SUPPORTED	NONE
HML-2_3q21.2	HG01361_mat_hprc_r2_v1.0.1_HML-2_3q21.2	ONE_SIDED_NO_PAIR	CGGCCC	NONE	DIRECT_PAF_ENDPOINT	UNSUPPORTED	SUPPORTED	NONE
HML-2_3q21.2	HG01361_pat_hprc_r2_v1.0.1_HML-2_3q21.2	ONE_SIDED_NO_PAIR	CGGCCC	NONE	DIRECT_PAF_ENDPOINT	UNSUPPORTED	SUPPORTED	NONE
HML-2_3q21.2	HG01433_mat_hprc_r2_v1.0.1_HML-2_3q21.2	ONE_SIDED_NO_PAIR	CGGCCC	NONE	TERMINAL_MOTIF	UNSUPPORTED	SUPPORTED	NONE
HML-2_3q21.2	HG01433_pat_hprc_r2_v1.0.1_HML-2_3q21.2	ONE_SIDED_NO_PAIR	CGGCCC	NONE	DIRECT_PAF_ENDPOINT	UNSUPPORTED	SUPPORTED	NONE
HML-2_3q21.2	HG01457_h1_HML-2_3q21.2_graph_hgsvc3-2024-02-23-mc-chm13	ONE_SIDED_NO_PAIR	CGGCCC	NONE	TERMINAL_MOTIF	UNSUPPORTED	SUPPORTED	NONE
HML-2_3q21.2	HG01457_h2_HML-2_3q21.2_graph_hgsvc3-2024-02-23-mc-chm13	ONE_SIDED_NO_PAIR	CGGCCC	NONE	DIRECT_PAF_ENDPOINT	UNSUPPORTED	SUPPORTED	NONE
HML-2_3q21.2	HG01496_mat_hprc_r2_v1.0.1_HML-2_3q21.2	ONE_SIDED_NO_PAIR	CGGCCC	NONE	DIRECT_PAF_ENDPOINT	UNSUPPORTED	SUPPORTED	NONE
HML-2_3q21.2	HG01496_pat_hprc_r2_v1.0.1_HML-2_3q21.2	ONE_SIDED_NO_PAIR	CAGCCC	NONE	DIRECT_PAF_ENDPOINT	UNSUPPORTED	SUPPORTED	NONE
HML-2_3q21.2	HG01505_h1_HML-2_3q21.2_graph_hgsvc3-2024-02-23-mc-chm13	ONE_SIDED_NO_PAIR	CGGCCC	NONE	DIRECT_PAF_ENDPOINT	UNSUPPORTED	SUPPORTED	NONE
HML-2_3q21.2	HG01505_h2_HML-2_3q21.2_graph_hgsvc3-2024-02-23-mc-chm13	ONE_SIDED_NO_PAIR	CGGCCC	NONE	DIRECT_PAF_ENDPOINT	UNSUPPORTED	SUPPORTED	NONE
HML-2_3q21.2	HG01530_hap1_hprc_r2_v1.0.1_HML-2_3q21.2	ONE_SIDED_NO_PAIR	CGGCCC	NONE	DIRECT_PAF_ENDPOINT	UNSUPPORTED	SUPPORTED	NONE
HML-2_3q21.2	HG01530_hap2_hprc_r2_v1.0.1_HML-2_3q21.2	ONE_SIDED_NO_PAIR	CGGCCC	NONE	DIRECT_PAF_ENDPOINT	UNSUPPORTED	SUPPORTED	NONE
HML-2_3q21.2	HG01573_h1_HML-2_3q21.2_graph_hgsvc3-2024-02-23-mc-chm13	ONE_SIDED_NO_PAIR	CGGCCC	NONE	DIRECT_PAF_ENDPOINT	UNSUPPORTED	SUPPORTED	NONE
HML-2_3q21.2	HG01573_h2_HML-2_3q21.2_graph_hgsvc3-2024-02-23-mc-chm13	ONE_SIDED_NO_PAIR	CGGCCC	NONE	DIRECT_PAF_ENDPOINT	UNSUPPORTED	SUPPORTED	NONE
HML-2_3q21.2	HG01596_h1_HML-2_3q21.2_graph_hgsvc3-2024-02-23-mc-chm13	ONE_SIDED_NO_PAIR	CGGCCC	NONE	DIRECT_PAF_ENDPOINT	UNSUPPORTED	SUPPORTED	NONE
HML-2_3q21.2	HG01596_h2_HML-2_3q21.2_graph_hgsvc3-2024-02-23-mc-chm13	ONE_SIDED_NO_PAIR	CGGCCC	NONE	DIRECT_PAF_ENDPOINT	UNSUPPORTED	SUPPORTED	NONE
HML-2_3q21.2	HG01784_hap1_hprc_r2_v1.0.1_HML-2_3q21.2	ONE_SIDED_NO_PAIR	CGGCCC	NONE	DIRECT_PAF_ENDPOINT	UNSUPPORTED	SUPPORTED	NONE
HML-2_3q21.2	HG01784_hap2_hprc_r2_v1.0.1_HML-2_3q21.2	ONE_SIDED_NO_PAIR	CGGCCC	NONE	DIRECT_PAF_ENDPOINT	UNSUPPORTED	SUPPORTED	NONE
HML-2_3q21.2	HG01786_hap1_hprc_r2_v1.0.1_HML-2_3q21.2	ONE_SIDED_NO_PAIR	CGGCCC	NONE	TERMINAL_MOTIF	UNSUPPORTED	SUPPORTED	NONE
HML-2_3q21.2	HG01786_hap2_hprc_r2_v1.0.1_HML-2_3q21.2	ONE_SIDED_NO_PAIR	CGGCCC	NONE	DIRECT_PAF_ENDPOINT	UNSUPPORTED	SUPPORTED	NONE
HML-2_3q21.2	HG01884_mat_hprc_r2_v1.0.1_HML-2_3q21.2	ONE_SIDED_NO_PAIR	CGGCCC	NONE	DIRECT_PAF_ENDPOINT	UNSUPPORTED	SUPPORTED	NONE
HML-2_3q21.2	HG01884_pat_hprc_r2_v1.0.1_HML-2_3q21.2	ONE_SIDED_NO_PAIR	CGGCCC	NONE	DIRECT_PAF_ENDPOINT	UNSUPPORTED	SUPPORTED	NONE
HML-2_3q21.2	HG01890_h1_HML-2_3q21.2_graph_hgsvc3-2024-02-23-mc-chm13	ONE_SIDED_NO_PAIR	CGGCCC	NONE	DIRECT_PAF_ENDPOINT	UNSUPPORTED	SUPPORTED	NONE
HML-2_3q21.2	HG01890_h2_HML-2_3q21.2_graph_hgsvc3-2024-02-23-mc-chm13	ONE_SIDED_NO_PAIR	CGGCCC	NONE	DIRECT_PAF_ENDPOINT	UNSUPPORTED	SUPPORTED	NONE
HML-2_3q21.2	HG01891_mat_hprc_r2_v1.0.1_HML-2_3q21.2	ONE_SIDED_NO_PAIR	CGGCCC	NONE	DIRECT_PAF_ENDPOINT	UNSUPPORTED	SUPPORTED	NONE
HML-2_3q21.2	HG01891_pat_hprc_r2_v1.0.1_HML-2_3q21.2	ONE_SIDED_NO_PAIR	CGGCCC	NONE	DIRECT_PAF_ENDPOINT	UNSUPPORTED	SUPPORTED	NONE
HML-2_3q21.2	HG01928_mat_hprc_r2_v1.0.1_HML-2_3q21.2	ONE_SIDED_NO_PAIR	CGGCCC	NONE	DIRECT_PAF_ENDPOINT	UNSUPPORTED	SUPPORTED	NONE
HML-2_3q21.2	HG01928_pat_hprc_r2_v1.0.1_HML-2_3q21.2	ONE_SIDED_NO_PAIR	CGGCCC	NONE	DIRECT_PAF_ENDPOINT	UNSUPPORTED	SUPPORTED	NONE
HML-2_3q21.2	HG01934_mat_hprc_r2_v1.0.1_HML-2_3q21.2	ONE_SIDED_NO_PAIR	CGGCCC	NONE	DIRECT_PAF_ENDPOINT	UNSUPPORTED	SUPPORTED	NONE
HML-2_3q21.2	HG01934_pat_hprc_r2_v1.0.1_HML-2_3q21.2	ONE_SIDED_NO_PAIR	CGGCCC	NONE	DIRECT_PAF_ENDPOINT	UNSUPPORTED	SUPPORTED	NONE
HML-2_3q21.2	HG01940_mat_hprc_r2_v1.0.1_HML-2_3q21.2	ONE_SIDED_NO_PAIR	CGGCCC	NONE	DIRECT_PAF_ENDPOINT	UNSUPPORTED	SUPPORTED	NONE
HML-2_3q21.2	HG01940_pat_hprc_r2_v1.0.1_HML-2_3q21.2	ONE_SIDED_NO_PAIR	CGGCCC	NONE	DIRECT_PAF_ENDPOINT	UNSUPPORTED	SUPPORTED	NONE
HML-2_3q21.2	HG01943_mat_hprc_r2_v1.0.1_HML-2_3q21.2	ONE_SIDED_NO_PAIR	CGGCCC	NONE	DIRECT_PAF_ENDPOINT	UNSUPPORTED	SUPPORTED	NONE
HML-2_3q21.2	HG01943_pat_hprc_r2_v1.0.1_HML-2_3q21.2	ONE_SIDED_NO_PAIR	CGGCCC	NONE	DIRECT_PAF_ENDPOINT	UNSUPPORTED	SUPPORTED	NONE
HML-2_3q21.2	HG01952_mat_hprc_r2_v1.0.1_HML-2_3q21.2	ONE_SIDED_NO_PAIR	CGGCCC	NONE	DIRECT_PAF_ENDPOINT	UNSUPPORTED	SUPPORTED	NONE
HML-2_3q21.2	HG01952_pat_hprc_r2_v1.0.1_HML-2_3q21.2	ONE_SIDED_NO_PAIR	CGGCCC	NONE	DIRECT_PAF_ENDPOINT	UNSUPPORTED	SUPPORTED	NONE
HML-2_3q21.2	HG01960_mat_hprc_r2_v1.0.1_HML-2_3q21.2	ONE_SIDED_NO_PAIR	CGGCCC	NONE	DIRECT_PAF_ENDPOINT	UNSUPPORTED	SUPPORTED	NONE
HML-2_3q21.2	HG01960_pat_hprc_r2_v1.0.1_HML-2_3q21.2	ONE_SIDED_NO_PAIR	CGGCCC	NONE	DIRECT_PAF_ENDPOINT	UNSUPPORTED	SUPPORTED	NONE
HML-2_3q21.2	HG01969_mat_hprc_r2_v1.0.1_HML-2_3q21.2	ONE_SIDED_NO_PAIR	CGGCCC	NONE	DIRECT_PAF_ENDPOINT	UNSUPPORTED	SUPPORTED	NONE
HML-2_3q21.2	HG01969_pat_hprc_r2_v1.0.1_HML-2_3q21.2	ONE_SIDED_NO_PAIR	CGGCCC	NONE	TERMINAL_MOTIF	UNSUPPORTED	SUPPORTED	NONE
HML-2_3q21.2	HG01975_mat_hprc_r2_v1.0.1_HML-2_3q21.2	ONE_SIDED_NO_PAIR	CGGCCC	NONE	DIRECT_PAF_ENDPOINT	UNSUPPORTED	SUPPORTED	NONE
HML-2_3q21.2	HG01975_pat_hprc_r2_v1.0.1_HML-2_3q21.2	ONE_SIDED_NO_PAIR	CGGCCC	NONE	DIRECT_PAF_ENDPOINT	UNSUPPORTED	SUPPORTED	NONE
HML-2_3q21.2	HG01978_mat_hprc_r2_v1.1.0_HML-2_3q21.2	ONE_SIDED_NO_PAIR	CGGCCC	NONE	DIRECT_PAF_ENDPOINT	UNSUPPORTED	SUPPORTED	NONE
HML-2_3q21.2	HG01978_pat_hprc_r2_v1.1.0_HML-2_3q21.2	ONE_SIDED_NO_PAIR	CGGCCC	NONE	DIRECT_PAF_ENDPOINT	UNSUPPORTED	SUPPORTED	NONE
HML-2_3q21.2	HG01981_mat_hprc_r2_v1.0.1_HML-2_3q21.2	ONE_SIDED_NO_PAIR	CGGCCC	NONE	DIRECT_PAF_ENDPOINT	UNSUPPORTED	SUPPORTED	NONE
HML-2_3q21.2	HG01981_pat_hprc_r2_v1.0.1_HML-2_3q21.2	ONE_SIDED_NO_PAIR	CGGCCC	NONE	DIRECT_PAF_ENDPOINT	UNSUPPORTED	SUPPORTED	NONE
HML-2_3q21.2	HG01993_mat_hprc_r2_v1.0.1_HML-2_3q21.2	ONE_SIDED_NO_PAIR	CGGCCC	NONE	DIRECT_PAF_ENDPOINT	UNSUPPORTED	SUPPORTED	NONE
HML-2_3q21.2	HG01993_pat_hprc_r2_v1.0.1_HML-2_3q21.2	ONE_SIDED_NO_PAIR	CGGCCC	NONE	DIRECT_PAF_ENDPOINT	UNSUPPORTED	SUPPORTED	NONE
HML-2_3q21.2	HG02004_mat_hprc_r2_v1.0.1_HML-2_3q21.2	ONE_SIDED_NO_PAIR	CGGCCC	NONE	DIRECT_PAF_ENDPOINT	UNSUPPORTED	SUPPORTED	NONE
HML-2_3q21.2	HG02004_pat_hprc_r2_v1.0.1_HML-2_3q21.2	ONE_SIDED_NO_PAIR	CGGCCC	NONE	DIRECT_PAF_ENDPOINT	UNSUPPORTED	SUPPORTED	NONE
HML-2_3q21.2	HG02011_h1_HML-2_3q21.2_graph_hgsvc3-2024-02-23-mc-chm13	ONE_SIDED_NO_PAIR	CGGCCC	NONE	DIRECT_PAF_ENDPOINT	UNSUPPORTED	SUPPORTED	NONE
HML-2_3q21.2	HG02011_h2_HML-2_3q21.2_graph_hgsvc3-2024-02-23-mc-chm13	ONE_SIDED_NO_PAIR	CGGCCC	NONE	DIRECT_PAF_ENDPOINT	UNSUPPORTED	SUPPORTED	NONE
HML-2_3q21.2	HG02015_mat_hprc_r2_v1.0.1_HML-2_3q21.2	ONE_SIDED_NO_PAIR	CGGCCC	NONE	TERMINAL_MOTIF	UNSUPPORTED	SUPPORTED	NONE
HML-2_3q21.2	HG02015_pat_hprc_r2_v1.0.1_HML-2_3q21.2	ONE_SIDED_NO_PAIR	CGGCCC	NONE	DIRECT_PAF_ENDPOINT	UNSUPPORTED	SUPPORTED	NONE
HML-2_3q21.2	HG02018_h1_HML-2_3q21.2_graph_hgsvc3-2024-02-23-mc-chm13	ONE_SIDED_NO_PAIR	CGGCCC	NONE	DIRECT_PAF_ENDPOINT	UNSUPPORTED	SUPPORTED	NONE
HML-2_3q21.2	HG02018_h2_HML-2_3q21.2_graph_hgsvc3-2024-02-23-mc-chm13	ONE_SIDED_NO_PAIR	CGGCCC	NONE	DIRECT_PAF_ENDPOINT	UNSUPPORTED	SUPPORTED	NONE
HML-2_3q21.2	HG02027_mat_hprc_r2_v1.0.1_HML-2_3q21.2	ONE_SIDED_NO_PAIR	CGGCCC	NONE	DIRECT_PAF_ENDPOINT	UNSUPPORTED	SUPPORTED	NONE
HML-2_3q21.2	HG02027_pat_hprc_r2_v1.0.1_HML-2_3q21.2	ONE_SIDED_NO_PAIR	CGGCCC	NONE	TERMINAL_MOTIF	UNSUPPORTED	SUPPORTED	NONE
HML-2_3q21.2	HG02040_hap1_hprc_r2_v1.0.1_HML-2_3q21.2	ONE_SIDED_NO_PAIR	CGGCCC	NONE	DIRECT_PAF_ENDPOINT	UNSUPPORTED	SUPPORTED	NONE
HML-2_3q21.2	HG02040_hap2_hprc_r2_v1.0.1_HML-2_3q21.2	ONE_SIDED_NO_PAIR	CGGCCC	NONE	DIRECT_PAF_ENDPOINT	UNSUPPORTED	SUPPORTED	NONE
HML-2_3q21.2	HG02055_mat_hprc_r2_v1.0.1_HML-2_3q21.2	ONE_SIDED_NO_PAIR	CGGCCC	NONE	DIRECT_PAF_ENDPOINT	UNSUPPORTED	SUPPORTED	NONE
HML-2_3q21.2	HG02055_pat_hprc_r2_v1.0.1_HML-2_3q21.2	ONE_SIDED_NO_PAIR	CGGCCC	NONE	DIRECT_PAF_ENDPOINT	UNSUPPORTED	SUPPORTED	NONE
HML-2_3q21.2	HG02056_mat_hprc_r2_v1.0.1_HML-2_3q21.2	ONE_SIDED_NO_PAIR	CGGCCC	NONE	DIRECT_PAF_ENDPOINT	UNSUPPORTED	SUPPORTED	NONE
HML-2_3q21.2	HG02056_pat_hprc_r2_v1.0.1_HML-2_3q21.2	ONE_SIDED_NO_PAIR	CGGCCC	NONE	DIRECT_PAF_ENDPOINT	UNSUPPORTED	SUPPORTED	NONE
HML-2_3q21.2	HG02059_h1_HML-2_3q21.2_graph_hgsvc3-2024-02-23-mc-chm13	ONE_SIDED_NO_PAIR	CGGCCC	NONE	DIRECT_PAF_ENDPOINT	UNSUPPORTED	SUPPORTED	NONE
HML-2_3q21.2	HG02059_h2_HML-2_3q21.2_graph_hgsvc3-2024-02-23-mc-chm13	ONE_SIDED_NO_PAIR	CGGCCC	NONE	DIRECT_PAF_ENDPOINT	UNSUPPORTED	SUPPORTED	NONE
HML-2_3q21.2	HG02071_mat_hprc_r2_v1.0.1_HML-2_3q21.2	ONE_SIDED_NO_PAIR	CGGCCC	NONE	DIRECT_PAF_ENDPOINT	UNSUPPORTED	SUPPORTED	NONE
HML-2_3q21.2	HG02071_pat_hprc_r2_v1.0.1_HML-2_3q21.2	ONE_SIDED_NO_PAIR	CGGCCC	NONE	DIRECT_PAF_ENDPOINT	UNSUPPORTED	SUPPORTED	NONE
HML-2_3q21.2	HG02074_mat_hprc_r2_v1.0.1_HML-2_3q21.2	ONE_SIDED_NO_PAIR	CGGCCC	NONE	DIRECT_PAF_ENDPOINT	UNSUPPORTED	SUPPORTED	NONE
HML-2_3q21.2	HG02074_pat_hprc_r2_v1.0.1_HML-2_3q21.2	ONE_SIDED_NO_PAIR	CGGCCC	NONE	TERMINAL_MOTIF	UNSUPPORTED	SUPPORTED	NONE
HML-2_3q21.2	HG02080_mat_hprc_r2_v1.0.1_HML-2_3q21.2	ONE_SIDED_NO_PAIR	CGGCCC	NONE	DIRECT_PAF_ENDPOINT	UNSUPPORTED	SUPPORTED	NONE
HML-2_3q21.2	HG02080_pat_hprc_r2_v1.0.1_HML-2_3q21.2	ONE_SIDED_NO_PAIR	CGGCCC	NONE	DIRECT_PAF_ENDPOINT	UNSUPPORTED	SUPPORTED	NONE
HML-2_3q21.2	HG02083_mat_hprc_r2_v1.0.1_HML-2_3q21.2	ONE_SIDED_NO_PAIR	CGGCCC	NONE	DIRECT_PAF_ENDPOINT	UNSUPPORTED	SUPPORTED	NONE
HML-2_3q21.2	HG02083_pat_hprc_r2_v1.0.1_HML-2_3q21.2	ONE_SIDED_NO_PAIR	CGGCCC	NONE	DIRECT_PAF_ENDPOINT	UNSUPPORTED	SUPPORTED	NONE
HML-2_3q21.2	HG02106_h1_HML-2_3q21.2_graph_hgsvc3-2024-02-23-mc-chm13	ONE_SIDED_NO_PAIR	CGGCCC	NONE	TERMINAL_MOTIF	UNSUPPORTED	SUPPORTED	NONE
HML-2_3q21.2	HG02106_h2_HML-2_3q21.2_graph_hgsvc3-2024-02-23-mc-chm13	ONE_SIDED_NO_PAIR	CGGCCC	NONE	DIRECT_PAF_ENDPOINT	UNSUPPORTED	SUPPORTED	NONE
HML-2_3q21.2	HG02109_mat_hprc_r2_v1.0.1_HML-2_3q21.2	ONE_SIDED_NO_PAIR	CGGCCC	NONE	DIRECT_PAF_ENDPOINT	UNSUPPORTED	SUPPORTED	NONE
HML-2_3q21.2	HG02109_pat_hprc_r2_v1.0.1_HML-2_3q21.2	ONE_SIDED_NO_PAIR	CGGCCC	NONE	DIRECT_PAF_ENDPOINT	UNSUPPORTED	SUPPORTED	NONE
HML-2_3q21.2	HG02129_mat_hprc_r2_v1.0.1_HML-2_3q21.2	ONE_SIDED_NO_PAIR	CGGCCC	NONE	DIRECT_PAF_ENDPOINT	UNSUPPORTED	SUPPORTED	NONE
HML-2_3q21.2	HG02129_pat_hprc_r2_v1.0.1_HML-2_3q21.2	ONE_SIDED_NO_PAIR	CGGCCC	NONE	DIRECT_PAF_ENDPOINT	UNSUPPORTED	SUPPORTED	NONE
HML-2_3q21.2	HG02132_mat_hprc_r2_v1.0.1_HML-2_3q21.2	ONE_SIDED_NO_PAIR	CGGCCC	NONE	DIRECT_PAF_ENDPOINT	UNSUPPORTED	SUPPORTED	NONE
HML-2_3q21.2	HG02132_pat_hprc_r2_v1.0.1_HML-2_3q21.2	ONE_SIDED_NO_PAIR	CGGCCC	NONE	DIRECT_PAF_ENDPOINT	UNSUPPORTED	SUPPORTED	NONE
HML-2_3q21.2	HG02135_mat_hprc_r2_v1.0.1_HML-2_3q21.2	ONE_SIDED_NO_PAIR	CGGCCC	NONE	DIRECT_PAF_ENDPOINT	UNSUPPORTED	SUPPORTED	NONE
HML-2_3q21.2	HG02135_pat_hprc_r2_v1.0.1_HML-2_3q21.2	ONE_SIDED_NO_PAIR	CGGCCC	NONE	DIRECT_PAF_ENDPOINT	UNSUPPORTED	SUPPORTED	NONE
HML-2_3q21.2	HG02145_mat_hprc_r2_v1.0.1_HML-2_3q21.2	ONE_SIDED_NO_PAIR	CGGCCC	NONE	DIRECT_PAF_ENDPOINT	UNSUPPORTED	SUPPORTED	NONE
HML-2_3q21.2	HG02145_pat_hprc_r2_v1.0.1_HML-2_3q21.2	ONE_SIDED_NO_PAIR	CGGCCC	NONE	DIRECT_PAF_ENDPOINT	UNSUPPORTED	SUPPORTED	NONE
HML-2_3q21.2	HG02148_mat_hprc_r2_v1.0.1_HML-2_3q21.2	ONE_SIDED_NO_PAIR	CGGCCC	NONE	TERMINAL_MOTIF	UNSUPPORTED	SUPPORTED	NONE
HML-2_3q21.2	HG02148_pat_hprc_r2_v1.0.1_HML-2_3q21.2	ONE_SIDED_NO_PAIR	CGGCCC	NONE	TERMINAL_MOTIF	UNSUPPORTED	SUPPORTED	NONE
HML-2_3q21.2	HG02155_hap1_hprc_r2_v1.0.1_HML-2_3q21.2	ONE_SIDED_NO_PAIR	CGGCCC	NONE	DIRECT_PAF_ENDPOINT	UNSUPPORTED	SUPPORTED	NONE
HML-2_3q21.2	HG02155_hap2_hprc_r2_v1.0.1_HML-2_3q21.2	ONE_SIDED_NO_PAIR	CGGCCC	NONE	TERMINAL_MOTIF	UNSUPPORTED	SUPPORTED	NONE
HML-2_3q21.2	HG02165_hap1_hprc_r2_v1.0.1_HML-2_3q21.2	ONE_SIDED_NO_PAIR	CGGCCC	NONE	DIRECT_PAF_ENDPOINT	UNSUPPORTED	SUPPORTED	NONE
HML-2_3q21.2	HG02165_hap2_hprc_r2_v1.0.1_HML-2_3q21.2	ONE_SIDED_NO_PAIR	CGGCCC	NONE	DIRECT_PAF_ENDPOINT	UNSUPPORTED	SUPPORTED	NONE
HML-2_3q21.2	HG02178_hap1_hprc_r2_v1.0.1_HML-2_3q21.2	ONE_SIDED_NO_PAIR	CGGCCC	NONE	TERMINAL_MOTIF	UNSUPPORTED	SUPPORTED	NONE
HML-2_3q21.2	HG02178_hap2_hprc_r2_v1.0.1_HML-2_3q21.2	ONE_SIDED_NO_PAIR	CGGCCC	NONE	DIRECT_PAF_ENDPOINT	UNSUPPORTED	SUPPORTED	NONE
HML-2_3q21.2	HG02257_mat_hprc_r2_v1.1.0_HML-2_3q21.2	ONE_SIDED_NO_PAIR	CGGCCC	NONE	DIRECT_PAF_ENDPOINT	UNSUPPORTED	SUPPORTED	NONE
HML-2_3q21.2	HG02257_pat_hprc_r2_v1.1.0_HML-2_3q21.2	ONE_SIDED_NO_PAIR	CGGCCC	NONE	DIRECT_PAF_ENDPOINT	UNSUPPORTED	SUPPORTED	NONE
HML-2_3q21.2	HG02258_mat_hprc_r2_v1.0.1_HML-2_3q21.2	ONE_SIDED_NO_PAIR	CGGCCC	NONE	DIRECT_PAF_ENDPOINT	UNSUPPORTED	SUPPORTED	NONE
HML-2_3q21.2	HG02258_pat_hprc_r2_v1.0.1_HML-2_3q21.2	ONE_SIDED_NO_PAIR	CGGCCC	NONE	DIRECT_PAF_ENDPOINT	UNSUPPORTED	SUPPORTED	NONE
HML-2_3q21.2	HG02273_hap1_hprc_r2_v1.0.1_HML-2_3q21.2	ONE_SIDED_NO_PAIR	CGGCCC	NONE	DIRECT_PAF_ENDPOINT	UNSUPPORTED	SUPPORTED	NONE
HML-2_3q21.2	HG02273_hap2_hprc_r2_v1.0.1_HML-2_3q21.2	ONE_SIDED_NO_PAIR	CGGCCC	NONE	DIRECT_PAF_ENDPOINT	UNSUPPORTED	SUPPORTED	NONE
HML-2_3q21.2	HG02280_mat_hprc_r2_v1.0.1_HML-2_3q21.2	ONE_SIDED_NO_PAIR	CGGCCC	NONE	DIRECT_PAF_ENDPOINT	UNSUPPORTED	SUPPORTED	NONE
HML-2_3q21.2	HG02280_pat_hprc_r2_v1.0.1_HML-2_3q21.2	ONE_SIDED_NO_PAIR	CGGCCC	NONE	DIRECT_PAF_ENDPOINT	UNSUPPORTED	SUPPORTED	NONE
HML-2_3q21.2	HG02282_h1_HML-2_3q21.2_graph_hgsvc3-2024-02-23-mc-chm13	ONE_SIDED_NO_PAIR	CGGCCC	NONE	DIRECT_PAF_ENDPOINT	UNSUPPORTED	SUPPORTED	NONE
HML-2_3q21.2	HG02282_h2_HML-2_3q21.2_graph_hgsvc3-2024-02-23-mc-chm13	ONE_SIDED_NO_PAIR	CGGCCC	NONE	DIRECT_PAF_ENDPOINT	UNSUPPORTED	SUPPORTED	NONE
HML-2_3q21.2	HG02293_mat_hprc_r2_v1.0.1_HML-2_3q21.2	ONE_SIDED_NO_PAIR	CGGCCC	NONE	DIRECT_PAF_ENDPOINT	UNSUPPORTED	SUPPORTED	NONE
HML-2_3q21.2	HG02293_pat_hprc_r2_v1.0.1_HML-2_3q21.2	ONE_SIDED_NO_PAIR	CGGCCC	NONE	DIRECT_PAF_ENDPOINT	UNSUPPORTED	SUPPORTED	NONE
HML-2_3q21.2	HG02300_mat_hprc_r2_v1.0.1_HML-2_3q21.2	ONE_SIDED_NO_PAIR	CGGCCC	NONE	DIRECT_PAF_ENDPOINT	UNSUPPORTED	SUPPORTED	NONE
HML-2_3q21.2	HG02300_pat_hprc_r2_v1.0.1_HML-2_3q21.2	ONE_SIDED_NO_PAIR	CGGCCC	NONE	DIRECT_PAF_ENDPOINT	UNSUPPORTED	SUPPORTED	NONE
HML-2_3q21.2	HG02391_hap1_hprc_r2_v1.0.1_HML-2_3q21.2	ONE_SIDED_NO_PAIR	CGGCCC	NONE	DIRECT_PAF_ENDPOINT	UNSUPPORTED	SUPPORTED	NONE
HML-2_3q21.2	HG02391_hap2_hprc_r2_v1.0.1_HML-2_3q21.2	ONE_SIDED_NO_PAIR	CGGCCC	NONE	DIRECT_PAF_ENDPOINT	UNSUPPORTED	SUPPORTED	NONE
HML-2_3q21.2	HG02392_hap1_hprc_r2_v1.0.1_HML-2_3q21.2	ONE_SIDED_NO_PAIR	CGGCCC	NONE	DIRECT_PAF_ENDPOINT	UNSUPPORTED	SUPPORTED	NONE
HML-2_3q21.2	HG02392_hap2_hprc_r2_v1.0.1_HML-2_3q21.2	ONE_SIDED_NO_PAIR	CGGCCC	NONE	TERMINAL_MOTIF	UNSUPPORTED	SUPPORTED	NONE
HML-2_3q21.2	HG02451_mat_hprc_r2_v1.0.1_HML-2_3q21.2	ONE_SIDED_NO_PAIR	CGGCCC	NONE	DIRECT_PAF_ENDPOINT	UNSUPPORTED	SUPPORTED	NONE
HML-2_3q21.2	HG02451_pat_hprc_r2_v1.0.1_HML-2_3q21.2	ONE_SIDED_NO_PAIR	CGGCCC	NONE	DIRECT_PAF_ENDPOINT	UNSUPPORTED	SUPPORTED	NONE
HML-2_3q21.2	HG02486_mat_hprc_r2_v1.0.1_HML-2_3q21.2	ONE_SIDED_NO_PAIR	CAGCCC	NONE	DIRECT_PAF_ENDPOINT	UNSUPPORTED	SUPPORTED	NONE
HML-2_3q21.2	HG02486_pat_hprc_r2_v1.0.1_HML-2_3q21.2	ONE_SIDED_NO_PAIR	CGGCCC	NONE	DIRECT_PAF_ENDPOINT	UNSUPPORTED	SUPPORTED	NONE
HML-2_3q21.2	HG02492_h1_HML-2_3q21.2_graph_hgsvc3-2024-02-23-mc-chm13	ONE_SIDED_NO_PAIR	CGGCCC	NONE	DIRECT_PAF_ENDPOINT	UNSUPPORTED	SUPPORTED	NONE
HML-2_3q21.2	HG02492_h2_HML-2_3q21.2_graph_hgsvc3-2024-02-23-mc-chm13	ONE_SIDED_NO_PAIR	CGGCCC	NONE	DIRECT_PAF_ENDPOINT	UNSUPPORTED	SUPPORTED	NONE
HML-2_3q21.2	HG02514_mat_hprc_r2_v1.0.1_HML-2_3q21.2	ONE_SIDED_NO_PAIR	CGGCCC	NONE	TERMINAL_MOTIF	UNSUPPORTED	SUPPORTED	NONE
HML-2_3q21.2	HG02514_pat_hprc_r2_v1.0.1_HML-2_3q21.2	ONE_SIDED_NO_PAIR	CGGCCC	NONE	DIRECT_PAF_ENDPOINT	UNSUPPORTED	SUPPORTED	NONE
HML-2_3q21.2	HG02523_mat_hprc_r2_v1.0.1_HML-2_3q21.2	ONE_SIDED_NO_PAIR	CGGCCC	NONE	DIRECT_PAF_ENDPOINT	UNSUPPORTED	SUPPORTED	NONE
HML-2_3q21.2	HG02523_pat_hprc_r2_v1.0.1_HML-2_3q21.2	ONE_SIDED_NO_PAIR	CGGCCC	NONE	DIRECT_PAF_ENDPOINT	UNSUPPORTED	SUPPORTED	NONE
HML-2_3q21.2	HG02554_h1_HML-2_3q21.2_graph_hgsvc3-2024-02-23-mc-chm13	ONE_SIDED_NO_PAIR	CAGCCC	NONE	DIRECT_PAF_ENDPOINT	UNSUPPORTED	SUPPORTED	NONE
HML-2_3q21.2	HG02554_h2_HML-2_3q21.2_graph_hgsvc3-2024-02-23-mc-chm13	ONE_SIDED_NO_PAIR	CGGCCC	NONE	DIRECT_PAF_ENDPOINT	UNSUPPORTED	SUPPORTED	NONE
HML-2_3q21.2	HG02559_mat_hprc_r2_v1.0.1_HML-2_3q21.2	ONE_SIDED_NO_PAIR	CGGCCC	NONE	DIRECT_PAF_ENDPOINT	UNSUPPORTED	SUPPORTED	NONE
HML-2_3q21.2	HG02559_pat_hprc_r2_v1.0.1_HML-2_3q21.2	ONE_SIDED_NO_PAIR	CGGCCC	NONE	DIRECT_PAF_ENDPOINT	UNSUPPORTED	SUPPORTED	NONE
HML-2_3q21.2	HG02572_mat_hprc_r2_v1.0.1_HML-2_3q21.2	ONE_SIDED_NO_PAIR	CAGCCC	NONE	DIRECT_PAF_ENDPOINT	UNSUPPORTED	SUPPORTED	NONE
HML-2_3q21.2	HG02572_pat_hprc_r2_v1.0.1_HML-2_3q21.2	ONE_SIDED_NO_PAIR	CGGCCC	NONE	DIRECT_PAF_ENDPOINT	UNSUPPORTED	SUPPORTED	NONE
HML-2_3q21.2	HG02583_hap1_hprc_r2_v1.0.1_HML-2_3q21.2	ONE_SIDED_NO_PAIR	CGGCCC	NONE	DIRECT_PAF_ENDPOINT	UNSUPPORTED	SUPPORTED	NONE
HML-2_3q21.2	HG02583_hap2_hprc_r2_v1.0.1_HML-2_3q21.2	ONE_SIDED_NO_PAIR	CAGCCC	NONE	DIRECT_PAF_ENDPOINT	UNSUPPORTED	SUPPORTED	NONE
HML-2_3q21.2	HG02587_h1_HML-2_3q21.2_graph_hgsvc3-2024-02-23-mc-chm13	ONE_SIDED_NO_PAIR	CAGCCC	NONE	DIRECT_PAF_ENDPOINT	UNSUPPORTED	SUPPORTED	NONE
HML-2_3q21.2	HG02587_h2_HML-2_3q21.2_graph_hgsvc3-2024-02-23-mc-chm13	ONE_SIDED_NO_PAIR	CAGCCC	NONE	DIRECT_PAF_ENDPOINT	UNSUPPORTED	SUPPORTED	NONE
HML-2_3q21.2	HG02602_mat_hprc_r2_v1.0.1_HML-2_3q21.2	ONE_SIDED_NO_PAIR	CGGCCC	NONE	DIRECT_PAF_ENDPOINT	UNSUPPORTED	SUPPORTED	NONE
HML-2_3q21.2	HG02602_pat_hprc_r2_v1.0.1_HML-2_3q21.2	ONE_SIDED_NO_PAIR	CGGCCC	NONE	DIRECT_PAF_ENDPOINT	UNSUPPORTED	SUPPORTED	NONE
HML-2_3q21.2	HG02615_mat_hprc_r2_v1.0.1_HML-2_3q21.2	ONE_SIDED_NO_PAIR	CAGCCC	NONE	DIRECT_PAF_ENDPOINT	UNSUPPORTED	SUPPORTED	NONE
HML-2_3q21.2	HG02615_pat_hprc_r2_v1.0.1_HML-2_3q21.2	ONE_SIDED_NO_PAIR	CAGCCC	NONE	DIRECT_PAF_ENDPOINT	UNSUPPORTED	SUPPORTED	NONE
HML-2_3q21.2	HG02622_mat_hprc_r2_v1.0.1_HML-2_3q21.2	ONE_SIDED_NO_PAIR	CAGCCC	NONE	DIRECT_PAF_ENDPOINT	UNSUPPORTED	SUPPORTED	NONE
HML-2_3q21.2	HG02622_pat_hprc_r2_v1.0.1_HML-2_3q21.2	ONE_SIDED_NO_PAIR	CGGCCC	NONE	DIRECT_PAF_ENDPOINT	UNSUPPORTED	SUPPORTED	NONE
HML-2_3q21.2	HG02630_mat_hprc_r2_v1.0.1_HML-2_3q21.2	ONE_SIDED_NO_PAIR	CAGCCC	NONE	DIRECT_PAF_ENDPOINT	UNSUPPORTED	SUPPORTED	NONE
HML-2_3q21.2	HG02630_pat_hprc_r2_v1.0.1_HML-2_3q21.2	ONE_SIDED_NO_PAIR	CGGCCC	NONE	DIRECT_PAF_ENDPOINT	UNSUPPORTED	SUPPORTED	NONE
HML-2_3q21.2	HG02647_mat_hprc_r2_v1.0.1_HML-2_3q21.2	ONE_SIDED_NO_PAIR	CGGCCC	NONE	DIRECT_PAF_ENDPOINT	UNSUPPORTED	SUPPORTED	NONE
HML-2_3q21.2	HG02647_pat_hprc_r2_v1.0.1_HML-2_3q21.2	ONE_SIDED_NO_PAIR	CAGCCC	NONE	DIRECT_PAF_ENDPOINT	UNSUPPORTED	SUPPORTED	NONE
HML-2_3q21.2	HG02666_h1_HML-2_3q21.2_graph_hgsvc3-2024-02-23-mc-chm13	ONE_SIDED_NO_PAIR	CGGCCC	NONE	DIRECT_PAF_ENDPOINT	UNSUPPORTED	SUPPORTED	NONE
HML-2_3q21.2	HG02666_h2_HML-2_3q21.2_graph_hgsvc3-2024-02-23-mc-chm13	ONE_SIDED_NO_PAIR	CGGCCC	NONE	DIRECT_PAF_ENDPOINT	UNSUPPORTED	SUPPORTED	NONE
HML-2_3q21.2	HG02668_mat_hprc_r2_v1.0.1_HML-2_3q21.2	ONE_SIDED_NO_PAIR	CGGCCC	NONE	DIRECT_PAF_ENDPOINT	UNSUPPORTED	SUPPORTED	NONE
HML-2_3q21.2	HG02668_pat_hprc_r2_v1.0.1_HML-2_3q21.2	ONE_SIDED_NO_PAIR	CGGCCC	NONE	DIRECT_PAF_ENDPOINT	UNSUPPORTED	SUPPORTED	NONE
HML-2_3q21.2	HG02698_mat_hprc_r2_v1.0.1_HML-2_3q21.2	ONE_SIDED_NO_PAIR	CGGCCC	NONE	DIRECT_PAF_ENDPOINT	UNSUPPORTED	SUPPORTED	NONE
HML-2_3q21.2	HG02698_pat_hprc_r2_v1.0.1_HML-2_3q21.2	ONE_SIDED_NO_PAIR	CGGCCC	NONE	DIRECT_PAF_ENDPOINT	UNSUPPORTED	SUPPORTED	NONE
HML-2_3q21.2	HG02717_mat_hprc_r2_v1.0.1_HML-2_3q21.2	ONE_SIDED_NO_PAIR	CGGCCC	NONE	DIRECT_PAF_ENDPOINT	UNSUPPORTED	SUPPORTED	NONE
HML-2_3q21.2	HG02717_pat_hprc_r2_v1.0.1_HML-2_3q21.2	ONE_SIDED_NO_PAIR	CAGCCC	NONE	DIRECT_PAF_ENDPOINT	UNSUPPORTED	SUPPORTED	NONE
HML-2_3q21.2	HG02723_mat_hprc_r2_v1.0.1_HML-2_3q21.2	ONE_SIDED_NO_PAIR	CGGCCC	NONE	DIRECT_PAF_ENDPOINT	UNSUPPORTED	SUPPORTED	NONE
HML-2_3q21.2	HG02723_pat_hprc_r2_v1.0.1_HML-2_3q21.2	ONE_SIDED_NO_PAIR	CGGCCC	NONE	DIRECT_PAF_ENDPOINT	UNSUPPORTED	SUPPORTED	NONE
HML-2_3q21.2	HG02735_mat_hprc_r2_v1.0.1_HML-2_3q21.2	ONE_SIDED_NO_PAIR	CGGCCC	NONE	DIRECT_PAF_ENDPOINT	UNSUPPORTED	SUPPORTED	NONE
HML-2_3q21.2	HG02735_pat_hprc_r2_v1.0.1_HML-2_3q21.2	ONE_SIDED_NO_PAIR	CGGCCC	NONE	TERMINAL_MOTIF	UNSUPPORTED	SUPPORTED	NONE
HML-2_3q21.2	HG02738_mat_hprc_r2_v1.0.1_HML-2_3q21.2	ONE_SIDED_NO_PAIR	CGGCCC	NONE	DIRECT_PAF_ENDPOINT	UNSUPPORTED	SUPPORTED	NONE
HML-2_3q21.2	HG02738_pat_hprc_r2_v1.0.1_HML-2_3q21.2	ONE_SIDED_NO_PAIR	CGGCCC	NONE	DIRECT_PAF_ENDPOINT	UNSUPPORTED	SUPPORTED	NONE
HML-2_3q21.2	HG02769_h1_HML-2_3q21.2_graph_hgsvc3-2024-02-23-mc-chm13	ONE_SIDED_NO_PAIR	CGGCCC	NONE	TERMINAL_MOTIF	UNSUPPORTED	SUPPORTED	NONE
HML-2_3q21.2	HG02769_h2_HML-2_3q21.2_graph_hgsvc3-2024-02-23-mc-chm13	ONE_SIDED_NO_PAIR	CGGCCC	NONE	DIRECT_PAF_ENDPOINT	UNSUPPORTED	SUPPORTED	NONE
HML-2_3q21.2	HG02809_mat_hprc_r2_v1.0.1_HML-2_3q21.2	ONE_SIDED_NO_PAIR	CGGCCC	NONE	DIRECT_PAF_ENDPOINT	UNSUPPORTED	SUPPORTED	NONE
HML-2_3q21.2	HG02809_pat_hprc_r2_v1.0.1_HML-2_3q21.2	ONE_SIDED_NO_PAIR	CGGCCC	NONE	DIRECT_PAF_ENDPOINT	UNSUPPORTED	SUPPORTED	NONE
HML-2_3q21.2	HG02818_mat_hprc_r2_v1.0.1_HML-2_3q21.2	ONE_SIDED_NO_PAIR	CAGCCC	NONE	DIRECT_PAF_ENDPOINT	UNSUPPORTED	SUPPORTED	NONE
HML-2_3q21.2	HG02818_pat_hprc_r2_v1.0.1_HML-2_3q21.2	ONE_SIDED_NO_PAIR	CGGCCC	NONE	DIRECT_PAF_ENDPOINT	UNSUPPORTED	SUPPORTED	NONE
HML-2_3q21.2	HG02841_mat_hprc_r2_v1.0.1_HML-2_3q21.2	ONE_SIDED_NO_PAIR	CGGCCC	NONE	DIRECT_PAF_ENDPOINT	UNSUPPORTED	SUPPORTED	NONE
HML-2_3q21.2	HG02841_pat_hprc_r2_v1.0.1_HML-2_3q21.2	ONE_SIDED_NO_PAIR	CAGCCC	NONE	DIRECT_PAF_ENDPOINT	UNSUPPORTED	SUPPORTED	NONE
HML-2_3q21.2	HG02886_mat_hprc_r2_v1.0.1_HML-2_3q21.2	ONE_SIDED_NO_PAIR	CGGCCC	NONE	DIRECT_PAF_ENDPOINT	UNSUPPORTED	SUPPORTED	NONE
HML-2_3q21.2	HG02886_pat_hprc_r2_v1.0.1_HML-2_3q21.2	ONE_SIDED_NO_PAIR	CGGCCC	NONE	DIRECT_PAF_ENDPOINT	UNSUPPORTED	SUPPORTED	NONE
HML-2_3q21.2	HG02922_hap1_hprc_r2_v1.0.1_HML-2_3q21.2	ONE_SIDED_NO_PAIR	CGGCCC	NONE	DIRECT_PAF_ENDPOINT	UNSUPPORTED	SUPPORTED	NONE
HML-2_3q21.2	HG02922_hap2_hprc_r2_v1.0.1_HML-2_3q21.2	ONE_SIDED_NO_PAIR	CAGCCC	NONE	DIRECT_PAF_ENDPOINT	UNSUPPORTED	SUPPORTED	NONE
HML-2_3q21.2	HG02953_h1_HML-2_3q21.2_graph_hgsvc3-2024-02-23-mc-chm13	ONE_SIDED_NO_PAIR	CGGCCC	NONE	DIRECT_PAF_ENDPOINT	UNSUPPORTED	SUPPORTED	NONE
HML-2_3q21.2	HG02953_h2_HML-2_3q21.2_graph_hgsvc3-2024-02-23-mc-chm13	ONE_SIDED_NO_PAIR	CGGCCC	NONE	DIRECT_PAF_ENDPOINT	UNSUPPORTED	SUPPORTED	NONE
HML-2_3q21.2	HG02965_hap1_hprc_r2_v1.0.1_HML-2_3q21.2	ONE_SIDED_NO_PAIR	CAGCCC	NONE	DIRECT_PAF_ENDPOINT	UNSUPPORTED	SUPPORTED	NONE
HML-2_3q21.2	HG02965_hap2_hprc_r2_v1.0.1_HML-2_3q21.2	ONE_SIDED_NO_PAIR	CGGCCC	NONE	DIRECT_PAF_ENDPOINT	UNSUPPORTED	SUPPORTED	NONE
HML-2_3q21.2	HG02976_hap1_hprc_r2_v1.0.1_HML-2_3q21.2	ONE_SIDED_NO_PAIR	CGGCCC	NONE	DIRECT_PAF_ENDPOINT	UNSUPPORTED	SUPPORTED	NONE
HML-2_3q21.2	HG02976_hap2_hprc_r2_v1.0.1_HML-2_3q21.2	ONE_SIDED_NO_PAIR	CGGCCC	NONE	DIRECT_PAF_ENDPOINT	UNSUPPORTED	SUPPORTED	NONE
HML-2_3q21.2	HG02984_mat_hprc_r2_v1.0.1_HML-2_3q21.2	ONE_SIDED_NO_PAIR	CGGCCC	NONE	DIRECT_PAF_ENDPOINT	UNSUPPORTED	SUPPORTED	NONE
HML-2_3q21.2	HG02984_pat_hprc_r2_v1.0.1_HML-2_3q21.2	ONE_SIDED_NO_PAIR	CGGCCC	NONE	DIRECT_PAF_ENDPOINT	UNSUPPORTED	SUPPORTED	NONE
HML-2_3q21.2	HG03009_h1_HML-2_3q21.2_graph_hgsvc3-2024-02-23-mc-chm13	ONE_SIDED_NO_PAIR	CGGCCC	NONE	DIRECT_PAF_ENDPOINT	UNSUPPORTED	SUPPORTED	NONE
HML-2_3q21.2	HG03009_h2_HML-2_3q21.2_graph_hgsvc3-2024-02-23-mc-chm13	ONE_SIDED_NO_PAIR	CGGCCC	NONE	DIRECT_PAF_ENDPOINT	UNSUPPORTED	SUPPORTED	NONE
HML-2_3q21.2	HG03017_mat_hprc_r2_v1.0.1_HML-2_3q21.2	ONE_SIDED_NO_PAIR	CGGCCC	NONE	DIRECT_PAF_ENDPOINT	UNSUPPORTED	SUPPORTED	NONE
HML-2_3q21.2	HG03017_pat_hprc_r2_v1.0.1_HML-2_3q21.2	ONE_SIDED_NO_PAIR	CGGCCC	NONE	DIRECT_PAF_ENDPOINT	UNSUPPORTED	SUPPORTED	NONE
HML-2_3q21.2	HG03041_mat_hprc_r2_v1.0.1_HML-2_3q21.2	ONE_SIDED_NO_PAIR	CGGCCC	NONE	DIRECT_PAF_ENDPOINT	UNSUPPORTED	SUPPORTED	NONE
HML-2_3q21.2	HG03041_pat_hprc_r2_v1.0.1_HML-2_3q21.2	ONE_SIDED_NO_PAIR	CGGCCC	NONE	DIRECT_PAF_ENDPOINT	UNSUPPORTED	SUPPORTED	NONE
HML-2_3q21.2	HG03050_mat_hprc_r2_v1.0.1_HML-2_3q21.2	ONE_SIDED_NO_PAIR	CGGCCC	NONE	DIRECT_PAF_ENDPOINT	UNSUPPORTED	SUPPORTED	NONE
HML-2_3q21.2	HG03050_pat_hprc_r2_v1.0.1_HML-2_3q21.2	ONE_SIDED_NO_PAIR	CGGCCC	NONE	DIRECT_PAF_ENDPOINT	UNSUPPORTED	SUPPORTED	NONE
HML-2_3q21.2	HG03065_h1_HML-2_3q21.2_graph_hgsvc3-2024-02-23-mc-chm13	ONE_SIDED_NO_PAIR	CGGCCC	NONE	DIRECT_PAF_ENDPOINT	UNSUPPORTED	SUPPORTED	NONE
HML-2_3q21.2	HG03065_h2_HML-2_3q21.2_graph_hgsvc3-2024-02-23-mc-chm13	ONE_SIDED_NO_PAIR	CGGCCC	NONE	DIRECT_PAF_ENDPOINT	UNSUPPORTED	SUPPORTED	NONE
HML-2_3q21.2	HG03098_mat_hprc_r2_v1.0.1_HML-2_3q21.2	ONE_SIDED_NO_PAIR	CGGCCC	NONE	DIRECT_PAF_ENDPOINT	UNSUPPORTED	SUPPORTED	NONE
HML-2_3q21.2	HG03098_pat_hprc_r2_v1.0.1_HML-2_3q21.2	ONE_SIDED_NO_PAIR	CGGCCC	NONE	DIRECT_PAF_ENDPOINT	UNSUPPORTED	SUPPORTED	NONE
HML-2_3q21.2	HG03130_hap1_hprc_r2_v1.0.1_HML-2_3q21.2	ONE_SIDED_NO_PAIR	CGGCCC	NONE	DIRECT_PAF_ENDPOINT	UNSUPPORTED	SUPPORTED	NONE
HML-2_3q21.2	HG03130_hap2_hprc_r2_v1.0.1_HML-2_3q21.2	ONE_SIDED_NO_PAIR	CGGCCC	NONE	DIRECT_PAF_ENDPOINT	UNSUPPORTED	SUPPORTED	NONE
HML-2_3q21.2	HG03139_hap1_hprc_r2_v1.0.1_HML-2_3q21.2	ONE_SIDED_NO_PAIR	CGGCCC	NONE	DIRECT_PAF_ENDPOINT	UNSUPPORTED	SUPPORTED	NONE
HML-2_3q21.2	HG03139_hap2_hprc_r2_v1.0.1_HML-2_3q21.2	ONE_SIDED_NO_PAIR	CAGCCC	NONE	DIRECT_PAF_ENDPOINT	UNSUPPORTED	SUPPORTED	NONE
HML-2_3q21.2	HG03195_hap1_hprc_r2_v1.0.1_HML-2_3q21.2	ONE_SIDED_NO_PAIR	CGGCCC	NONE	DIRECT_PAF_ENDPOINT	UNSUPPORTED	SUPPORTED	NONE
HML-2_3q21.2	HG03195_hap2_hprc_r2_v1.0.1_HML-2_3q21.2	ONE_SIDED_NO_PAIR	CGGCCC	NONE	DIRECT_PAF_ENDPOINT	UNSUPPORTED	SUPPORTED	NONE
HML-2_3q21.2	HG03209_hap1_hprc_r2_v1.0.1_HML-2_3q21.2	ONE_SIDED_NO_PAIR	CGGCCC	NONE	DIRECT_PAF_ENDPOINT	UNSUPPORTED	SUPPORTED	NONE
HML-2_3q21.2	HG03209_hap2_hprc_r2_v1.0.1_HML-2_3q21.2	ONE_SIDED_NO_PAIR	CGGCCC	NONE	DIRECT_PAF_ENDPOINT	UNSUPPORTED	SUPPORTED	NONE
HML-2_3q21.2	HG03225_hap1_hprc_r2_v1.0.1_HML-2_3q21.2	ONE_SIDED_NO_PAIR	CGGCCC	NONE	DIRECT_PAF_ENDPOINT	UNSUPPORTED	SUPPORTED	NONE
HML-2_3q21.2	HG03225_hap2_hprc_r2_v1.0.1_HML-2_3q21.2	ONE_SIDED_NO_PAIR	CGGCCC	NONE	DIRECT_PAF_ENDPOINT	UNSUPPORTED	SUPPORTED	NONE
HML-2_3q21.2	HG03239_mat_hprc_r2_v1.0.1_HML-2_3q21.2	ONE_SIDED_NO_PAIR	CGGCCC	NONE	DIRECT_PAF_ENDPOINT	UNSUPPORTED	SUPPORTED	NONE
HML-2_3q21.2	HG03239_pat_hprc_r2_v1.0.1_HML-2_3q21.2	ONE_SIDED_NO_PAIR	CGGCCC	NONE	DIRECT_PAF_ENDPOINT	UNSUPPORTED	SUPPORTED	NONE
HML-2_3q21.2	HG03248_h1_HML-2_3q21.2_graph_hgsvc3-2024-02-23-mc-chm13	ONE_SIDED_NO_PAIR	CAGCCC	NONE	DIRECT_PAF_ENDPOINT	UNSUPPORTED	SUPPORTED	NONE
HML-2_3q21.2	HG03248_h2_HML-2_3q21.2_graph_hgsvc3-2024-02-23-mc-chm13	ONE_SIDED_NO_PAIR	CGGCCC	NONE	DIRECT_PAF_ENDPOINT	UNSUPPORTED	SUPPORTED	NONE
HML-2_3q21.2	HG03270_hap1_hprc_r2_v1.0.1_HML-2_3q21.2	ONE_SIDED_NO_PAIR	CAGCCC	NONE	DIRECT_PAF_ENDPOINT	UNSUPPORTED	SUPPORTED	NONE
HML-2_3q21.2	HG03270_hap2_hprc_r2_v1.0.1_HML-2_3q21.2	ONE_SIDED_NO_PAIR	CGGCCC	NONE	DIRECT_PAF_ENDPOINT	UNSUPPORTED	SUPPORTED	NONE
HML-2_3q21.2	HG03369_hap1_hprc_r2_v1.0.1_HML-2_3q21.2	ONE_SIDED_NO_PAIR	CGGCCC	NONE	DIRECT_PAF_ENDPOINT	UNSUPPORTED	SUPPORTED	NONE
HML-2_3q21.2	HG03369_hap2_hprc_r2_v1.0.1_HML-2_3q21.2	ONE_SIDED_NO_PAIR	CGGCCC	NONE	DIRECT_PAF_ENDPOINT	UNSUPPORTED	SUPPORTED	NONE
HML-2_3q21.2	HG03371_h1_HML-2_3q21.2_graph_hgsvc3-2024-02-23-mc-chm13	ONE_SIDED_NO_PAIR	CGGCCC	NONE	DIRECT_PAF_ENDPOINT	UNSUPPORTED	SUPPORTED	NONE
HML-2_3q21.2	HG03371_h2_HML-2_3q21.2_graph_hgsvc3-2024-02-23-mc-chm13	ONE_SIDED_NO_PAIR	CGGCCC	NONE	DIRECT_PAF_ENDPOINT	UNSUPPORTED	SUPPORTED	NONE
HML-2_3q21.2	HG03452_h1_HML-2_3q21.2_graph_hgsvc3-2024-02-23-mc-chm13	ONE_SIDED_NO_PAIR	CGGCCC	NONE	DIRECT_PAF_ENDPOINT	UNSUPPORTED	SUPPORTED	NONE
HML-2_3q21.2	HG03452_h2_HML-2_3q21.2_graph_hgsvc3-2024-02-23-mc-chm13	ONE_SIDED_NO_PAIR	CAGCCC	NONE	DIRECT_PAF_ENDPOINT	UNSUPPORTED	SUPPORTED	NONE
HML-2_3q21.2	HG03453_mat_hprc_r2_v1.0.1_HML-2_3q21.2	ONE_SIDED_NO_PAIR	CGGCCC	NONE	DIRECT_PAF_ENDPOINT	UNSUPPORTED	SUPPORTED	NONE
HML-2_3q21.2	HG03453_pat_hprc_r2_v1.0.1_HML-2_3q21.2	ONE_SIDED_NO_PAIR	CGGCCC	NONE	DIRECT_PAF_ENDPOINT	UNSUPPORTED	SUPPORTED	NONE
HML-2_3q21.2	HG03456_h1_HML-2_3q21.2_graph_hgsvc3-2024-02-23-mc-chm13	ONE_SIDED_NO_PAIR	CGGCCC	NONE	DIRECT_PAF_ENDPOINT	UNSUPPORTED	SUPPORTED	NONE
HML-2_3q21.2	HG03456_h2_HML-2_3q21.2_graph_hgsvc3-2024-02-23-mc-chm13	ONE_SIDED_NO_PAIR	CGGCCC	NONE	DIRECT_PAF_ENDPOINT	UNSUPPORTED	SUPPORTED	NONE
HML-2_3q21.2	HG03470_hap1_hprc_r2_v1.0.1_HML-2_3q21.2	ONE_SIDED_NO_PAIR	CGGCCC	NONE	DIRECT_PAF_ENDPOINT	UNSUPPORTED	SUPPORTED	NONE
HML-2_3q21.2	HG03470_hap2_hprc_r2_v1.0.1_HML-2_3q21.2	ONE_SIDED_NO_PAIR	CGGCCC	NONE	DIRECT_PAF_ENDPOINT	UNSUPPORTED	SUPPORTED	NONE
HML-2_3q21.2	HG03471_hap1_hprc_r2_v1.0.1_HML-2_3q21.2	ONE_SIDED_NO_PAIR	CGGCCC	NONE	DIRECT_PAF_ENDPOINT	UNSUPPORTED	SUPPORTED	NONE
HML-2_3q21.2	HG03471_hap2_hprc_r2_v1.0.1_HML-2_3q21.2	ONE_SIDED_NO_PAIR	CGGCCC	NONE	DIRECT_PAF_ENDPOINT	UNSUPPORTED	SUPPORTED	NONE
HML-2_3q21.2	HG03486_mat_hprc_r2_v1.0.1_HML-2_3q21.2	ONE_SIDED_NO_PAIR	CGGCCC	NONE	DIRECT_PAF_ENDPOINT	UNSUPPORTED	SUPPORTED	NONE
HML-2_3q21.2	HG03486_pat_hprc_r2_v1.0.1_HML-2_3q21.2	ONE_SIDED_NO_PAIR	CGGCCC	NONE	DIRECT_PAF_ENDPOINT	UNSUPPORTED	SUPPORTED	NONE
HML-2_3q21.2	HG03516_mat_hprc_r2_v1.1.0_HML-2_3q21.2	ONE_SIDED_NO_PAIR	CGGCCC	NONE	DIRECT_PAF_ENDPOINT	UNSUPPORTED	SUPPORTED	NONE
HML-2_3q21.2	HG03516_pat_hprc_r2_v1.1.0_HML-2_3q21.2	ONE_SIDED_NO_PAIR	CGGCCC	NONE	DIRECT_PAF_ENDPOINT	UNSUPPORTED	SUPPORTED	NONE
HML-2_3q21.2	HG03520_h1_HML-2_3q21.2_graph_hgsvc3-2024-02-23-mc-chm13	ONE_SIDED_NO_PAIR	CAGCCC	NONE	DIRECT_PAF_ENDPOINT	UNSUPPORTED	SUPPORTED	NONE
HML-2_3q21.2	HG03520_h2_HML-2_3q21.2_graph_hgsvc3-2024-02-23-mc-chm13	ONE_SIDED_NO_PAIR	CGGCCC	NONE	DIRECT_PAF_ENDPOINT	UNSUPPORTED	SUPPORTED	NONE
HML-2_3q21.2	HG03521_hap1_hprc_r2_v1.0.1_HML-2_3q21.2	ONE_SIDED_NO_PAIR	CGGCCC	NONE	DIRECT_PAF_ENDPOINT	UNSUPPORTED	SUPPORTED	NONE
HML-2_3q21.2	HG03521_hap2_hprc_r2_v1.0.1_HML-2_3q21.2	ONE_SIDED_NO_PAIR	CGGCCC	NONE	DIRECT_PAF_ENDPOINT	UNSUPPORTED	SUPPORTED	NONE
HML-2_3q21.2	HG03540_mat_hprc_r2_v1.0.1_HML-2_3q21.2	ONE_SIDED_NO_PAIR	CAGCCC	NONE	DIRECT_PAF_ENDPOINT	UNSUPPORTED	SUPPORTED	NONE
HML-2_3q21.2	HG03540_pat_hprc_r2_v1.0.1_HML-2_3q21.2	ONE_SIDED_NO_PAIR	CAGCCC	NONE	DIRECT_PAF_ENDPOINT	UNSUPPORTED	SUPPORTED	NONE
HML-2_3q21.2	HG03579_mat_hprc_r2_v1.0.1_HML-2_3q21.2	ONE_SIDED_NO_PAIR	CGGCCC	NONE	DIRECT_PAF_ENDPOINT	UNSUPPORTED	SUPPORTED	NONE
HML-2_3q21.2	HG03579_pat_hprc_r2_v1.0.1_HML-2_3q21.2	ONE_SIDED_NO_PAIR	CGGCCC	NONE	DIRECT_PAF_ENDPOINT	UNSUPPORTED	SUPPORTED	NONE
HML-2_3q21.2	HG03583_hap1_hprc_r2_v1.0.1_HML-2_3q21.2	ONE_SIDED_NO_PAIR	CAGCCC	NONE	DIRECT_PAF_ENDPOINT	UNSUPPORTED	SUPPORTED	NONE
HML-2_3q21.2	HG03583_hap2_hprc_r2_v1.0.1_HML-2_3q21.2	ONE_SIDED_NO_PAIR	CGGCCC	NONE	DIRECT_PAF_ENDPOINT	UNSUPPORTED	SUPPORTED	NONE
HML-2_3q21.2	HG03654_mat_hprc_r2_v1.0.1_HML-2_3q21.2	ONE_SIDED_NO_PAIR	CGGCCC	NONE	DIRECT_PAF_ENDPOINT	UNSUPPORTED	SUPPORTED	NONE
HML-2_3q21.2	HG03654_pat_hprc_r2_v1.0.1_HML-2_3q21.2	ONE_SIDED_NO_PAIR	CGGCCC	NONE	TERMINAL_MOTIF	UNSUPPORTED	SUPPORTED	NONE
HML-2_3q21.2	HG03669_mat_hprc_r2_v1.0.1_HML-2_3q21.2	ONE_SIDED_NO_PAIR	CGGCCC	NONE	DIRECT_PAF_ENDPOINT	UNSUPPORTED	SUPPORTED	NONE
HML-2_3q21.2	HG03669_pat_hprc_r2_v1.0.1_HML-2_3q21.2	ONE_SIDED_NO_PAIR	CGGCCC	NONE	DIRECT_PAF_ENDPOINT	UNSUPPORTED	SUPPORTED	NONE
HML-2_3q21.2	HG03683_h1_HML-2_3q21.2_graph_hgsvc3-2024-02-23-mc-chm13	ONE_SIDED_NO_PAIR	CGGCCC	NONE	DIRECT_PAF_ENDPOINT	UNSUPPORTED	SUPPORTED	NONE
HML-2_3q21.2	HG03683_h2_HML-2_3q21.2_graph_hgsvc3-2024-02-23-mc-chm13	ONE_SIDED_NO_PAIR	CGGCCC	NONE	DIRECT_PAF_ENDPOINT	UNSUPPORTED	SUPPORTED	NONE
HML-2_3q21.2	HG03688_mat_hprc_r2_v1.0.1_HML-2_3q21.2	ONE_SIDED_NO_PAIR	CGGCCC	NONE	DIRECT_PAF_ENDPOINT	UNSUPPORTED	SUPPORTED	NONE
HML-2_3q21.2	HG03688_pat_hprc_r2_v1.0.1_HML-2_3q21.2	ONE_SIDED_NO_PAIR	CGGCCC	NONE	DIRECT_PAF_ENDPOINT	UNSUPPORTED	SUPPORTED	NONE
HML-2_3q21.2	HG03704_mat_hprc_r2_v1.0.1_HML-2_3q21.2	ONE_SIDED_NO_PAIR	CGGCCC	NONE	DIRECT_PAF_ENDPOINT	UNSUPPORTED	SUPPORTED	NONE
HML-2_3q21.2	HG03704_pat_hprc_r2_v1.0.1_HML-2_3q21.2	ONE_SIDED_NO_PAIR	CGGCCC	NONE	DIRECT_PAF_ENDPOINT	UNSUPPORTED	SUPPORTED	NONE
HML-2_3q21.2	HG03710_mat_hprc_r2_v1.0.1_HML-2_3q21.2	ONE_SIDED_NO_PAIR	CGGCCC	NONE	DIRECT_PAF_ENDPOINT	UNSUPPORTED	SUPPORTED	NONE
HML-2_3q21.2	HG03710_pat_hprc_r2_v1.0.1_HML-2_3q21.2	ONE_SIDED_NO_PAIR	CGGCCC	NONE	DIRECT_PAF_ENDPOINT	UNSUPPORTED	SUPPORTED	NONE
HML-2_3q21.2	HG03732_h1_HML-2_3q21.2_graph_hgsvc3-2024-02-23-mc-chm13	ONE_SIDED_NO_PAIR	CGGCCC	NONE	DIRECT_PAF_ENDPOINT	UNSUPPORTED	SUPPORTED	NONE
HML-2_3q21.2	HG03732_h2_HML-2_3q21.2_graph_hgsvc3-2024-02-23-mc-chm13	ONE_SIDED_NO_PAIR	CGGCCC	NONE	DIRECT_PAF_ENDPOINT	UNSUPPORTED	SUPPORTED	NONE
HML-2_3q21.2	HG03742_hap1_hprc_r2_v1.0.1_HML-2_3q21.2	ONE_SIDED_NO_PAIR	CGGCCC	NONE	DIRECT_PAF_ENDPOINT	UNSUPPORTED	SUPPORTED	NONE
HML-2_3q21.2	HG03742_hap2_hprc_r2_v1.0.1_HML-2_3q21.2	ONE_SIDED_NO_PAIR	CGGCCC	NONE	DIRECT_PAF_ENDPOINT	UNSUPPORTED	SUPPORTED	NONE
HML-2_3q21.2	HG03784_hap1_hprc_r2_v1.0.1_HML-2_3q21.2	ONE_SIDED_NO_PAIR	CGGCCC	NONE	DIRECT_PAF_ENDPOINT	UNSUPPORTED	SUPPORTED	NONE
HML-2_3q21.2	HG03784_hap2_hprc_r2_v1.0.1_HML-2_3q21.2	ONE_SIDED_NO_PAIR	CGGCCC	NONE	DIRECT_PAF_ENDPOINT	UNSUPPORTED	SUPPORTED	NONE
HML-2_3q21.2	HG03804_mat_hprc_r2_v1.0.1_HML-2_3q21.2	ONE_SIDED_NO_PAIR	CGGCCC	NONE	DIRECT_PAF_ENDPOINT	UNSUPPORTED	SUPPORTED	NONE
HML-2_3q21.2	HG03804_pat_hprc_r2_v1.0.1_HML-2_3q21.2	ONE_SIDED_NO_PAIR	CGGCCC	NONE	DIRECT_PAF_ENDPOINT	UNSUPPORTED	SUPPORTED	NONE
HML-2_3q21.2	HG03807_h1_HML-2_3q21.2_graph_hgsvc3-2024-02-23-mc-chm13	ONE_SIDED_NO_PAIR	CGGCCC	NONE	DIRECT_PAF_ENDPOINT	UNSUPPORTED	SUPPORTED	NONE
HML-2_3q21.2	HG03807_h2_HML-2_3q21.2_graph_hgsvc3-2024-02-23-mc-chm13	ONE_SIDED_NO_PAIR	CGGCCC	NONE	DIRECT_PAF_ENDPOINT	UNSUPPORTED	SUPPORTED	NONE
HML-2_3q21.2	HG03816_mat_hprc_r2_v1.0.1_HML-2_3q21.2	ONE_SIDED_NO_PAIR	CGGCCC	NONE	DIRECT_PAF_ENDPOINT	UNSUPPORTED	SUPPORTED	NONE
HML-2_3q21.2	HG03816_pat_hprc_r2_v1.0.1_HML-2_3q21.2	ONE_SIDED_NO_PAIR	CGGCCC	NONE	DIRECT_PAF_ENDPOINT	UNSUPPORTED	SUPPORTED	NONE
HML-2_3q21.2	HG03831_mat_hprc_r2_v1.0.1_HML-2_3q21.2	ONE_SIDED_NO_PAIR	CGGCCC	NONE	DIRECT_PAF_ENDPOINT	UNSUPPORTED	SUPPORTED	NONE
HML-2_3q21.2	HG03831_pat_hprc_r2_v1.0.1_HML-2_3q21.2	ONE_SIDED_NO_PAIR	CGGCCC	NONE	DIRECT_PAF_ENDPOINT	UNSUPPORTED	SUPPORTED	NONE
HML-2_3q21.2	HG03834_mat_hprc_r2_v1.0.1_HML-2_3q21.2	ONE_SIDED_NO_PAIR	CGGCCC	NONE	DIRECT_PAF_ENDPOINT	UNSUPPORTED	SUPPORTED	NONE
HML-2_3q21.2	HG03834_pat_hprc_r2_v1.0.1_HML-2_3q21.2	ONE_SIDED_NO_PAIR	CGGCCC	NONE	DIRECT_PAF_ENDPOINT	UNSUPPORTED	SUPPORTED	NONE
HML-2_3q21.2	HG03874_hap1_hprc_r2_v1.0.1_HML-2_3q21.2	ONE_SIDED_NO_PAIR	CGGCCC	NONE	DIRECT_PAF_ENDPOINT	UNSUPPORTED	SUPPORTED	NONE
HML-2_3q21.2	HG03874_hap2_hprc_r2_v1.0.1_HML-2_3q21.2	ONE_SIDED_NO_PAIR	CGGCCC	NONE	DIRECT_PAF_ENDPOINT	UNSUPPORTED	SUPPORTED	NONE
HML-2_3q21.2	HG03927_mat_hprc_r2_v1.0.1_HML-2_3q21.2	ONE_SIDED_NO_PAIR	CGGCCC	NONE	DIRECT_PAF_ENDPOINT	UNSUPPORTED	SUPPORTED	NONE
HML-2_3q21.2	HG03927_pat_hprc_r2_v1.0.1_HML-2_3q21.2	ONE_SIDED_NO_PAIR	CGGCCC	NONE	DIRECT_PAF_ENDPOINT	UNSUPPORTED	SUPPORTED	NONE
HML-2_3q21.2	HG03942_mat_hprc_r2_v1.0.1_HML-2_3q21.2	ONE_SIDED_NO_PAIR	CGGCCC	NONE	TERMINAL_MOTIF	UNSUPPORTED	SUPPORTED	NONE
HML-2_3q21.2	HG03942_pat_hprc_r2_v1.0.1_HML-2_3q21.2	ONE_SIDED_NO_PAIR	CGGCCC	NONE	DIRECT_PAF_ENDPOINT	UNSUPPORTED	SUPPORTED	NONE
HML-2_3q21.2	HG04036_h1_HML-2_3q21.2_graph_hgsvc3-2024-02-23-mc-chm13	ONE_SIDED_NO_PAIR	CGGCCC	NONE	DIRECT_PAF_ENDPOINT	UNSUPPORTED	SUPPORTED	NONE
HML-2_3q21.2	HG04036_h2_HML-2_3q21.2_graph_hgsvc3-2024-02-23-mc-chm13	ONE_SIDED_NO_PAIR	CGGCCC	NONE	DIRECT_PAF_ENDPOINT	UNSUPPORTED	SUPPORTED	NONE
HML-2_3q21.2	HG04115_mat_hprc_r2_v1.0.1_HML-2_3q21.2	ONE_SIDED_NO_PAIR	CGGCCC	NONE	DIRECT_PAF_ENDPOINT	UNSUPPORTED	SUPPORTED	NONE
HML-2_3q21.2	HG04115_pat_hprc_r2_v1.0.1_HML-2_3q21.2	ONE_SIDED_NO_PAIR	CGGCCC	NONE	TERMINAL_MOTIF	UNSUPPORTED	SUPPORTED	NONE
HML-2_3q21.2	HG04157_mat_hprc_r2_v1.0.1_HML-2_3q21.2	ONE_SIDED_NO_PAIR	CGGCCC	NONE	TERMINAL_MOTIF	UNSUPPORTED	SUPPORTED	NONE
HML-2_3q21.2	HG04157_pat_hprc_r2_v1.0.1_HML-2_3q21.2	ONE_SIDED_NO_PAIR	CGGCCC	NONE	DIRECT_PAF_ENDPOINT	UNSUPPORTED	SUPPORTED	NONE
HML-2_3q21.2	HG04160_mat_hprc_r2_v1.0.1_HML-2_3q21.2	ONE_SIDED_NO_PAIR	CGGCCC	NONE	DIRECT_PAF_ENDPOINT	UNSUPPORTED	SUPPORTED	NONE
HML-2_3q21.2	HG04160_pat_hprc_r2_v1.0.1_HML-2_3q21.2	ONE_SIDED_NO_PAIR	CGGCCC	NONE	DIRECT_PAF_ENDPOINT	UNSUPPORTED	SUPPORTED	NONE
HML-2_3q21.2	HG04184_mat_hprc_r2_v1.0.1_HML-2_3q21.2	ONE_SIDED_NO_PAIR	CGGCCC	NONE	DIRECT_PAF_ENDPOINT	UNSUPPORTED	SUPPORTED	NONE
HML-2_3q21.2	HG04184_pat_hprc_r2_v1.0.1_HML-2_3q21.2	ONE_SIDED_NO_PAIR	CGGCCC	NONE	DIRECT_PAF_ENDPOINT	UNSUPPORTED	SUPPORTED	NONE
HML-2_3q21.2	HG04187_mat_hprc_r2_v1.0.1_HML-2_3q21.2	ONE_SIDED_NO_PAIR	CGGCCC	NONE	DIRECT_PAF_ENDPOINT	UNSUPPORTED	SUPPORTED	NONE
HML-2_3q21.2	HG04187_pat_hprc_r2_v1.0.1_HML-2_3q21.2	ONE_SIDED_NO_PAIR	CGGCCC	NONE	DIRECT_PAF_ENDPOINT	UNSUPPORTED	SUPPORTED	NONE
HML-2_3q21.2	HG04199_mat_hprc_r2_v1.0.1_HML-2_3q21.2	ONE_SIDED_NO_PAIR	CGGCCC	NONE	DIRECT_PAF_ENDPOINT	UNSUPPORTED	SUPPORTED	NONE
HML-2_3q21.2	HG04199_pat_hprc_r2_v1.0.1_HML-2_3q21.2	ONE_SIDED_NO_PAIR	TGGCCC	NONE	DIRECT_PAF_ENDPOINT	UNSUPPORTED	SUPPORTED	NONE
HML-2_3q21.2	HG04204_mat_hprc_r2_v1.0.1_HML-2_3q21.2	ONE_SIDED_NO_PAIR	CGGCCC	NONE	DIRECT_PAF_ENDPOINT	UNSUPPORTED	SUPPORTED	NONE
HML-2_3q21.2	HG04204_pat_hprc_r2_v1.0.1_HML-2_3q21.2	ONE_SIDED_NO_PAIR	CGGCCC	NONE	DIRECT_PAF_ENDPOINT	UNSUPPORTED	SUPPORTED	NONE
HML-2_3q21.2	HG04217_h1_HML-2_3q21.2_graph_hgsvc3-2024-02-23-mc-chm13	ONE_SIDED_NO_PAIR	CGGCCC	NONE	DIRECT_PAF_ENDPOINT	UNSUPPORTED	SUPPORTED	NONE
HML-2_3q21.2	HG04217_h2_HML-2_3q21.2_graph_hgsvc3-2024-02-23-mc-chm13	ONE_SIDED_NO_PAIR	CGGCCC	NONE	DIRECT_PAF_ENDPOINT	UNSUPPORTED	SUPPORTED	NONE
HML-2_3q21.2	HG04228_mat_hprc_r2_v1.0.1_HML-2_3q21.2	ONE_SIDED_NO_PAIR	CGGCCC	NONE	DIRECT_PAF_ENDPOINT	UNSUPPORTED	SUPPORTED	NONE
HML-2_3q21.2	HG04228_pat_hprc_r2_v1.0.1_HML-2_3q21.2	ONE_SIDED_NO_PAIR	CGGCCC	NONE	DIRECT_PAF_ENDPOINT	UNSUPPORTED	SUPPORTED	NONE
HML-2_3q21.2	HG06807_mat_v1.0.genbank_HML-2_3q21.2	ONE_SIDED_NO_PAIR	CGGCCC	NONE	DIRECT_PAF_ENDPOINT	UNSUPPORTED	SUPPORTED	NONE
HML-2_3q21.2	HG06807_pat_v1.0.genbank_HML-2_3q21.2	ONE_SIDED_NO_PAIR	CGGCCC	NONE	DIRECT_PAF_ENDPOINT	UNSUPPORTED	SUPPORTED	NONE
HML-2_3q21.2	NA12329_h1_HML-2_3q21.2_graph_hgsvc3-2024-02-23-mc-chm13	ONE_SIDED_NO_PAIR	CGGCCC	NONE	DIRECT_PAF_ENDPOINT	UNSUPPORTED	SUPPORTED	NONE
HML-2_3q21.2	NA12329_h2_HML-2_3q21.2_graph_hgsvc3-2024-02-23-mc-chm13	ONE_SIDED_NO_PAIR	CGGCCC	NONE	DIRECT_PAF_ENDPOINT	UNSUPPORTED	SUPPORTED	NONE
HML-2_3q21.2	NA18505_hap1_hprc_r2_v1.0.1_HML-2_3q21.2	ONE_SIDED_NO_PAIR	CGGCCC	NONE	DIRECT_PAF_ENDPOINT	UNSUPPORTED	SUPPORTED	NONE
HML-2_3q21.2	NA18505_hap2_hprc_r2_v1.0.1_HML-2_3q21.2	ONE_SIDED_NO_PAIR	CGGCCC	NONE	DIRECT_PAF_ENDPOINT	UNSUPPORTED	SUPPORTED	NONE
HML-2_3q21.2	NA18508_hap1_hprc_r2_v1.0.1_HML-2_3q21.2	ONE_SIDED_NO_PAIR	CGGCCC	NONE	DIRECT_PAF_ENDPOINT	UNSUPPORTED	SUPPORTED	NONE
HML-2_3q21.2	NA18508_hap2_hprc_r2_v1.0.1_HML-2_3q21.2	ONE_SIDED_NO_PAIR	CGGCCC	NONE	DIRECT_PAF_ENDPOINT	UNSUPPORTED	SUPPORTED	NONE
HML-2_3q21.2	NA18522_hap1_hprc_r2_v1.0.1_HML-2_3q21.2	ONE_SIDED_NO_PAIR	CGGCCC	NONE	DIRECT_PAF_ENDPOINT	UNSUPPORTED	SUPPORTED	NONE
HML-2_3q21.2	NA18522_hap2_hprc_r2_v1.0.1_HML-2_3q21.2	ONE_SIDED_NO_PAIR	CGGCCC	NONE	DIRECT_PAF_ENDPOINT	UNSUPPORTED	SUPPORTED	NONE
HML-2_3q21.2	NA18534_h1_HML-2_3q21.2_graph_hgsvc3-2024-02-23-mc-chm13	ONE_SIDED_NO_PAIR	CGGCCC	NONE	DIRECT_PAF_ENDPOINT	UNSUPPORTED	SUPPORTED	NONE
HML-2_3q21.2	NA18534_h2_HML-2_3q21.2_graph_hgsvc3-2024-02-23-mc-chm13	ONE_SIDED_NO_PAIR	CGGCCC	NONE	DIRECT_PAF_ENDPOINT	UNSUPPORTED	SUPPORTED	NONE
HML-2_3q21.2	NA18565_hap1_hprc_r2_v1.0.1_HML-2_3q21.2	ONE_SIDED_NO_PAIR	CGGCCC	NONE	DIRECT_PAF_ENDPOINT	UNSUPPORTED	SUPPORTED	NONE
HML-2_3q21.2	NA18565_hap2_hprc_r2_v1.0.1_HML-2_3q21.2	ONE_SIDED_NO_PAIR	CGGCCC	NONE	DIRECT_PAF_ENDPOINT	UNSUPPORTED	SUPPORTED	NONE
HML-2_3q21.2	NA18570_hap1_hprc_r2_v1.0.1_HML-2_3q21.2	ONE_SIDED_NO_PAIR	CGGCCC	NONE	DIRECT_PAF_ENDPOINT	UNSUPPORTED	SUPPORTED	NONE
HML-2_3q21.2	NA18570_hap2_hprc_r2_v1.0.1_HML-2_3q21.2	ONE_SIDED_NO_PAIR	CGGCCC	NONE	DIRECT_PAF_ENDPOINT	UNSUPPORTED	SUPPORTED	NONE
HML-2_3q21.2	NA18608_hap1_hprc_r2_v1.0.1_HML-2_3q21.2	ONE_SIDED_NO_PAIR	CGGCCC	NONE	TERMINAL_MOTIF	UNSUPPORTED	SUPPORTED	NONE
HML-2_3q21.2	NA18608_hap2_hprc_r2_v1.0.1_HML-2_3q21.2	ONE_SIDED_NO_PAIR	CGGCCC	NONE	DIRECT_PAF_ENDPOINT	UNSUPPORTED	SUPPORTED	NONE
HML-2_3q21.2	NA18620_hap1_hprc_r2_v1.0.1_HML-2_3q21.2	ONE_SIDED_NO_PAIR	CGGCCC	NONE	DIRECT_PAF_ENDPOINT	UNSUPPORTED	SUPPORTED	NONE
HML-2_3q21.2	NA18620_hap2_hprc_r2_v1.0.1_HML-2_3q21.2	ONE_SIDED_NO_PAIR	CGGCCC	NONE	DIRECT_PAF_ENDPOINT	UNSUPPORTED	SUPPORTED	NONE
HML-2_3q21.2	NA18747_hap1_hprc_r2_v1.0.1_HML-2_3q21.2	ONE_SIDED_NO_PAIR	CGGCCC	NONE	DIRECT_PAF_ENDPOINT	UNSUPPORTED	SUPPORTED	NONE
HML-2_3q21.2	NA18747_hap2_hprc_r2_v1.0.1_HML-2_3q21.2	ONE_SIDED_NO_PAIR	CGGCCC	NONE	DIRECT_PAF_ENDPOINT	UNSUPPORTED	SUPPORTED	NONE
HML-2_3q21.2	NA18879_hap1_hprc_r2_v1.0.1_HML-2_3q21.2	ONE_SIDED_NO_PAIR	CGGCCC	NONE	DIRECT_PAF_ENDPOINT	UNSUPPORTED	SUPPORTED	NONE
HML-2_3q21.2	NA18879_hap2_hprc_r2_v1.0.1_HML-2_3q21.2	ONE_SIDED_NO_PAIR	CAGCCC	NONE	DIRECT_PAF_ENDPOINT	UNSUPPORTED	SUPPORTED	NONE
HML-2_3q21.2	NA18906_mat_hprc_r2_v1.0.1_HML-2_3q21.2	ONE_SIDED_NO_PAIR	CGGCCC	NONE	DIRECT_PAF_ENDPOINT	UNSUPPORTED	SUPPORTED	NONE
HML-2_3q21.2	NA18906_pat_hprc_r2_v1.0.1_HML-2_3q21.2	ONE_SIDED_NO_PAIR	CGGCCC	NONE	DIRECT_PAF_ENDPOINT	UNSUPPORTED	SUPPORTED	NONE
HML-2_3q21.2	NA18939_h1_HML-2_3q21.2_graph_hgsvc3-2024-02-23-mc-chm13	ONE_SIDED_NO_PAIR	CGGCCC	NONE	DIRECT_PAF_ENDPOINT	UNSUPPORTED	SUPPORTED	NONE
HML-2_3q21.2	NA18939_h2_HML-2_3q21.2_graph_hgsvc3-2024-02-23-mc-chm13	ONE_SIDED_NO_PAIR	CGGCCC	NONE	DIRECT_PAF_ENDPOINT	UNSUPPORTED	SUPPORTED	NONE
HML-2_3q21.2	NA18940_hap1_hprc_r2_v1.0.1_HML-2_3q21.2	ONE_SIDED_NO_PAIR	CGGCCC	NONE	TERMINAL_MOTIF	UNSUPPORTED	SUPPORTED	NONE
HML-2_3q21.2	NA18940_hap2_hprc_r2_v1.0.1_HML-2_3q21.2	ONE_SIDED_NO_PAIR	CGGCCC	NONE	DIRECT_PAF_ENDPOINT	UNSUPPORTED	SUPPORTED	NONE
HML-2_3q21.2	NA18943_hap1_hprc_r2_v1.0.1_HML-2_3q21.2	ONE_SIDED_NO_PAIR	CGGCCC	NONE	DIRECT_PAF_ENDPOINT	UNSUPPORTED	SUPPORTED	NONE
HML-2_3q21.2	NA18943_hap2_hprc_r2_v1.0.1_HML-2_3q21.2	ONE_SIDED_NO_PAIR	CGGCCC	NONE	DIRECT_PAF_ENDPOINT	UNSUPPORTED	SUPPORTED	NONE
HML-2_3q21.2	NA18944_hap1_hprc_r2_v1.0.1_HML-2_3q21.2	ONE_SIDED_NO_PAIR	CGGCCC	NONE	TERMINAL_MOTIF	UNSUPPORTED	SUPPORTED	NONE
HML-2_3q21.2	NA18944_hap2_hprc_r2_v1.0.1_HML-2_3q21.2	ONE_SIDED_NO_PAIR	CGGCCC	NONE	DIRECT_PAF_ENDPOINT	UNSUPPORTED	SUPPORTED	NONE
HML-2_3q21.2	NA18945_hap1_hprc_r2_v1.0.1_HML-2_3q21.2	ONE_SIDED_NO_PAIR	CGGCCC	NONE	DIRECT_PAF_ENDPOINT	UNSUPPORTED	SUPPORTED	NONE
HML-2_3q21.2	NA18945_hap2_hprc_r2_v1.0.1_HML-2_3q21.2	ONE_SIDED_NO_PAIR	CGGCCC	NONE	TERMINAL_MOTIF	UNSUPPORTED	SUPPORTED	NONE
HML-2_3q21.2	NA18948_hap1_hprc_r2_v1.0.1_HML-2_3q21.2	ONE_SIDED_NO_PAIR	CGGCCC	NONE	TERMINAL_MOTIF	UNSUPPORTED	SUPPORTED	NONE
HML-2_3q21.2	NA18948_hap2_hprc_r2_v1.0.1_HML-2_3q21.2	ONE_SIDED_NO_PAIR	CGGCCC	NONE	DIRECT_PAF_ENDPOINT	UNSUPPORTED	SUPPORTED	NONE
HML-2_3q21.2	NA18952_hap1_hprc_r2_v1.0.1_HML-2_3q21.2	ONE_SIDED_NO_PAIR	CGGCCC	NONE	DIRECT_PAF_ENDPOINT	UNSUPPORTED	SUPPORTED	NONE
HML-2_3q21.2	NA18952_hap2_hprc_r2_v1.0.1_HML-2_3q21.2	ONE_SIDED_NO_PAIR	CGGCCC	NONE	DIRECT_PAF_ENDPOINT	UNSUPPORTED	SUPPORTED	NONE
HML-2_3q21.2	NA18959_hap1_hprc_r2_v1.0.1_HML-2_3q21.2	ONE_SIDED_NO_PAIR	CGGCCC	NONE	DIRECT_PAF_ENDPOINT	UNSUPPORTED	SUPPORTED	NONE
HML-2_3q21.2	NA18959_hap2_hprc_r2_v1.0.1_HML-2_3q21.2	ONE_SIDED_NO_PAIR	CGGCCC	NONE	DIRECT_PAF_ENDPOINT	UNSUPPORTED	SUPPORTED	NONE
HML-2_3q21.2	NA18960_hap1_hprc_r2_v1.0.1_HML-2_3q21.2	ONE_SIDED_NO_PAIR	CGGCCC	NONE	DIRECT_PAF_ENDPOINT	UNSUPPORTED	SUPPORTED	NONE
HML-2_3q21.2	NA18960_hap2_hprc_r2_v1.0.1_HML-2_3q21.2	ONE_SIDED_NO_PAIR	CGGCCC	NONE	DIRECT_PAF_ENDPOINT	UNSUPPORTED	SUPPORTED	NONE
HML-2_3q21.2	NA18967_hap1_hprc_r2_v1.0.1_HML-2_3q21.2	ONE_SIDED_NO_PAIR	CGGCCC	NONE	DIRECT_PAF_ENDPOINT	UNSUPPORTED	SUPPORTED	NONE
HML-2_3q21.2	NA18967_hap2_hprc_r2_v1.0.1_HML-2_3q21.2	ONE_SIDED_NO_PAIR	CGGCCC	NONE	TERMINAL_MOTIF	UNSUPPORTED	SUPPORTED	NONE
HML-2_3q21.2	NA18970_hap1_hprc_r2_v1.0.1_HML-2_3q21.2	ONE_SIDED_NO_PAIR	CGGCCC	NONE	DIRECT_PAF_ENDPOINT	UNSUPPORTED	SUPPORTED	NONE
HML-2_3q21.2	NA18970_hap2_hprc_r2_v1.0.1_HML-2_3q21.2	ONE_SIDED_NO_PAIR	CGGCCC	NONE	DIRECT_PAF_ENDPOINT	UNSUPPORTED	SUPPORTED	NONE
HML-2_3q21.2	NA18971_hap1_hprc_r2_v1.0.1_HML-2_3q21.2	ONE_SIDED_NO_PAIR	CGGCCC	NONE	DIRECT_PAF_ENDPOINT	UNSUPPORTED	SUPPORTED	NONE
HML-2_3q21.2	NA18971_hap2_hprc_r2_v1.0.1_HML-2_3q21.2	ONE_SIDED_NO_PAIR	CGGCCC	NONE	DIRECT_PAF_ENDPOINT	UNSUPPORTED	SUPPORTED	NONE
HML-2_3q21.2	NA18974_hap1_hprc_r2_v1.0.1_HML-2_3q21.2	ONE_SIDED_NO_PAIR	CGGCCC	NONE	DIRECT_PAF_ENDPOINT	UNSUPPORTED	SUPPORTED	NONE
HML-2_3q21.2	NA18974_hap2_hprc_r2_v1.0.1_HML-2_3q21.2	ONE_SIDED_NO_PAIR	CGGCCC	NONE	DIRECT_PAF_ENDPOINT	UNSUPPORTED	SUPPORTED	NONE
HML-2_3q21.2	NA18976_hap1_hprc_r2_v1.0.1_HML-2_3q21.2	ONE_SIDED_NO_PAIR	CGGCCC	NONE	DIRECT_PAF_ENDPOINT	UNSUPPORTED	SUPPORTED	NONE
HML-2_3q21.2	NA18976_hap2_hprc_r2_v1.0.1_HML-2_3q21.2	ONE_SIDED_NO_PAIR	CGGCCC	NONE	TERMINAL_MOTIF	UNSUPPORTED	SUPPORTED	NONE
HML-2_3q21.2	NA18982_hap1_hprc_r2_v1.0.1_HML-2_3q21.2	ONE_SIDED_NO_PAIR	CGGCCC	NONE	DIRECT_PAF_ENDPOINT	UNSUPPORTED	SUPPORTED	NONE
HML-2_3q21.2	NA18982_hap2_hprc_r2_v1.0.1_HML-2_3q21.2	ONE_SIDED_NO_PAIR	CGGCCC	NONE	DIRECT_PAF_ENDPOINT	UNSUPPORTED	SUPPORTED	NONE
HML-2_3q21.2	NA18983_hap1_hprc_r2_v1.0.1_HML-2_3q21.2	ONE_SIDED_NO_PAIR	CGGCCC	NONE	DIRECT_PAF_ENDPOINT	UNSUPPORTED	SUPPORTED	NONE
HML-2_3q21.2	NA18983_hap2_hprc_r2_v1.0.1_HML-2_3q21.2	ONE_SIDED_NO_PAIR	CGGCCC	NONE	DIRECT_PAF_ENDPOINT	UNSUPPORTED	SUPPORTED	NONE
HML-2_3q21.2	NA18989_h1_HML-2_3q21.2_graph_hgsvc3-2024-02-23-mc-chm13	ONE_SIDED_NO_PAIR	CGGCCC	NONE	TERMINAL_MOTIF	UNSUPPORTED	SUPPORTED	NONE
HML-2_3q21.2	NA18989_h2_HML-2_3q21.2_graph_hgsvc3-2024-02-23-mc-chm13	ONE_SIDED_NO_PAIR	CGGCCC	NONE	DIRECT_PAF_ENDPOINT	UNSUPPORTED	SUPPORTED	NONE
HML-2_3q21.2	NA19036_hap1_hprc_r2_v1.0.1_HML-2_3q21.2	ONE_SIDED_NO_PAIR	CGGCCC	NONE	DIRECT_PAF_ENDPOINT	UNSUPPORTED	SUPPORTED	NONE
HML-2_3q21.2	NA19036_hap2_hprc_r2_v1.0.1_HML-2_3q21.2	ONE_SIDED_NO_PAIR	CAGCCC	NONE	DIRECT_PAF_ENDPOINT	UNSUPPORTED	SUPPORTED	NONE
HML-2_3q21.2	NA19043_hap1_hprc_r2_v1.0.1_HML-2_3q21.2	ONE_SIDED_NO_PAIR	CGGCCC	NONE	DIRECT_PAF_ENDPOINT	UNSUPPORTED	SUPPORTED	NONE
HML-2_3q21.2	NA19043_hap2_hprc_r2_v1.0.1_HML-2_3q21.2	ONE_SIDED_NO_PAIR	CGGCCC	NONE	DIRECT_PAF_ENDPOINT	UNSUPPORTED	SUPPORTED	NONE
HML-2_3q21.2	NA19087_hap1_hprc_r2_v1.0.1_HML-2_3q21.2	ONE_SIDED_NO_PAIR	CGGCCC	NONE	DIRECT_PAF_ENDPOINT	UNSUPPORTED	SUPPORTED	NONE
HML-2_3q21.2	NA19087_hap2_hprc_r2_v1.0.1_HML-2_3q21.2	ONE_SIDED_NO_PAIR	CGGCCC	NONE	DIRECT_PAF_ENDPOINT	UNSUPPORTED	SUPPORTED	NONE
HML-2_3q21.2	NA19129_h1_HML-2_3q21.2_graph_hgsvc3-2024-02-23-mc-chm13	ONE_SIDED_NO_PAIR	CAGCCC	NONE	DIRECT_PAF_ENDPOINT	UNSUPPORTED	SUPPORTED	NONE
HML-2_3q21.2	NA19129_h2_HML-2_3q21.2_graph_hgsvc3-2024-02-23-mc-chm13	ONE_SIDED_NO_PAIR	CGGCCC	NONE	DIRECT_PAF_ENDPOINT	UNSUPPORTED	SUPPORTED	NONE
HML-2_3q21.2	NA19159_hap1_hprc_r2_v1.0.1_HML-2_3q21.2	ONE_SIDED_NO_PAIR	CGGCCC	NONE	DIRECT_PAF_ENDPOINT	UNSUPPORTED	SUPPORTED	NONE
HML-2_3q21.2	NA19159_hap2_hprc_r2_v1.0.1_HML-2_3q21.2	ONE_SIDED_NO_PAIR	CGGCCC	NONE	DIRECT_PAF_ENDPOINT	UNSUPPORTED	SUPPORTED	NONE
HML-2_3q21.2	NA19185_hap1_hprc_r2_v1.0.1_HML-2_3q21.2	ONE_SIDED_NO_PAIR	CAGCCC	NONE	DIRECT_PAF_ENDPOINT	UNSUPPORTED	SUPPORTED	NONE
HML-2_3q21.2	NA19185_hap2_hprc_r2_v1.0.1_HML-2_3q21.2	ONE_SIDED_NO_PAIR	CGGCCC	NONE	DIRECT_PAF_ENDPOINT	UNSUPPORTED	SUPPORTED	NONE
HML-2_3q21.2	NA19238_h1_HML-2_3q21.2_graph_hgsvc3-2024-02-23-mc-chm13	ONE_SIDED_NO_PAIR	CGGCCC	NONE	DIRECT_PAF_ENDPOINT	UNSUPPORTED	SUPPORTED	NONE
HML-2_3q21.2	NA19238_h2_HML-2_3q21.2_graph_hgsvc3-2024-02-23-mc-chm13	ONE_SIDED_NO_PAIR	CGGCCC	NONE	DIRECT_PAF_ENDPOINT	UNSUPPORTED	SUPPORTED	NONE
HML-2_3q21.2	NA19239_h1_HML-2_3q21.2_graph_hgsvc3-2024-02-23-mc-chm13	ONE_SIDED_NO_PAIR	CGGCCC	NONE	DIRECT_PAF_ENDPOINT	UNSUPPORTED	SUPPORTED	NONE
HML-2_3q21.2	NA19239_h2_HML-2_3q21.2_graph_hgsvc3-2024-02-23-mc-chm13	ONE_SIDED_NO_PAIR	CGGCCC	NONE	DIRECT_PAF_ENDPOINT	UNSUPPORTED	SUPPORTED	NONE
HML-2_3q21.2	NA19240_mat_hprc_r2_v1.0.1_HML-2_3q21.2	ONE_SIDED_NO_PAIR	CGGCCC	NONE	DIRECT_PAF_ENDPOINT	UNSUPPORTED	SUPPORTED	NONE
HML-2_3q21.2	NA19240_pat_hprc_r2_v1.0.1_HML-2_3q21.2	ONE_SIDED_NO_PAIR	CGGCCC	NONE	DIRECT_PAF_ENDPOINT	UNSUPPORTED	SUPPORTED	NONE
HML-2_3q21.2	NA19317_h1_HML-2_3q21.2_graph_hgsvc3-2024-02-23-mc-chm13	ONE_SIDED_NO_PAIR	CGGCCC	NONE	DIRECT_PAF_ENDPOINT	UNSUPPORTED	SUPPORTED	NONE
HML-2_3q21.2	NA19317_h2_HML-2_3q21.2_graph_hgsvc3-2024-02-23-mc-chm13	ONE_SIDED_NO_PAIR	CGGCCC	NONE	DIRECT_PAF_ENDPOINT	UNSUPPORTED	SUPPORTED	NONE
HML-2_3q21.2	NA19331_h1_HML-2_3q21.2_graph_hgsvc3-2024-02-23-mc-chm13	ONE_SIDED_NO_PAIR	CGGCCC	NONE	DIRECT_PAF_ENDPOINT	UNSUPPORTED	SUPPORTED	NONE
HML-2_3q21.2	NA19331_h2_HML-2_3q21.2_graph_hgsvc3-2024-02-23-mc-chm13	ONE_SIDED_NO_PAIR	CGGCCC	NONE	DIRECT_PAF_ENDPOINT	UNSUPPORTED	SUPPORTED	NONE
HML-2_3q21.2	NA19338_hap1_hprc_r2_v1.0.1_HML-2_3q21.2	ONE_SIDED_NO_PAIR	CAGCCC	NONE	DIRECT_PAF_ENDPOINT	UNSUPPORTED	SUPPORTED	NONE
HML-2_3q21.2	NA19338_hap2_hprc_r2_v1.0.1_HML-2_3q21.2	ONE_SIDED_NO_PAIR	CGGCCC	NONE	DIRECT_PAF_ENDPOINT	UNSUPPORTED	SUPPORTED	NONE
HML-2_3q21.2	NA19347_h1_HML-2_3q21.2_graph_hgsvc3-2024-02-23-mc-chm13	ONE_SIDED_NO_PAIR	CGGCCC	NONE	DIRECT_PAF_ENDPOINT	UNSUPPORTED	SUPPORTED	NONE
HML-2_3q21.2	NA19347_h2_HML-2_3q21.2_graph_hgsvc3-2024-02-23-mc-chm13	ONE_SIDED_NO_PAIR	CGGCCC	NONE	DIRECT_PAF_ENDPOINT	UNSUPPORTED	SUPPORTED	NONE
HML-2_3q21.2	NA19384_h1_HML-2_3q21.2_graph_hgsvc3-2024-02-23-mc-chm13	ONE_SIDED_NO_PAIR	CGGCCC	NONE	DIRECT_PAF_ENDPOINT	UNSUPPORTED	SUPPORTED	NONE
HML-2_3q21.2	NA19384_h2_HML-2_3q21.2_graph_hgsvc3-2024-02-23-mc-chm13	ONE_SIDED_NO_PAIR	CGGCCC	NONE	DIRECT_PAF_ENDPOINT	UNSUPPORTED	SUPPORTED	NONE
HML-2_3q21.2	NA19391_hap1_hprc_r2_v1.0.1_HML-2_3q21.2	ONE_SIDED_NO_PAIR	CGGCCC	NONE	DIRECT_PAF_ENDPOINT	UNSUPPORTED	SUPPORTED	NONE
HML-2_3q21.2	NA19391_hap2_hprc_r2_v1.0.1_HML-2_3q21.2	ONE_SIDED_NO_PAIR	CGGCCC	NONE	DIRECT_PAF_ENDPOINT	UNSUPPORTED	SUPPORTED	NONE
HML-2_3q21.2	NA19434_h1_HML-2_3q21.2_graph_hgsvc3-2024-02-23-mc-chm13	ONE_SIDED_NO_PAIR	CGGCCC	NONE	DIRECT_PAF_ENDPOINT	UNSUPPORTED	SUPPORTED	NONE
HML-2_3q21.2	NA19434_h2_HML-2_3q21.2_graph_hgsvc3-2024-02-23-mc-chm13	ONE_SIDED_NO_PAIR	CGGCCC	NONE	DIRECT_PAF_ENDPOINT	UNSUPPORTED	SUPPORTED	NONE
HML-2_3q21.2	NA19443_hap1_hprc_r2_v1.0.1_HML-2_3q21.2	ONE_SIDED_NO_PAIR	CGGCCC	NONE	DIRECT_PAF_ENDPOINT	UNSUPPORTED	SUPPORTED	NONE
HML-2_3q21.2	NA19443_hap2_hprc_r2_v1.0.1_HML-2_3q21.2	ONE_SIDED_NO_PAIR	CGGCCC	NONE	DIRECT_PAF_ENDPOINT	UNSUPPORTED	SUPPORTED	NONE
HML-2_3q21.2	NA19468_hap1_hprc_r2_v1.0.1_HML-2_3q21.2	ONE_SIDED_NO_PAIR	CGGCCC	NONE	DIRECT_PAF_ENDPOINT	UNSUPPORTED	SUPPORTED	NONE
HML-2_3q21.2	NA19468_hap2_hprc_r2_v1.0.1_HML-2_3q21.2	ONE_SIDED_NO_PAIR	CGGCCC	NONE	DIRECT_PAF_ENDPOINT	UNSUPPORTED	SUPPORTED	NONE
HML-2_3q21.2	NA19650_h1_HML-2_3q21.2_graph_hgsvc3-2024-02-23-mc-chm13	ONE_SIDED_NO_PAIR	CGGCCC	NONE	TERMINAL_MOTIF	UNSUPPORTED	SUPPORTED	NONE
HML-2_3q21.2	NA19650_h2_HML-2_3q21.2_graph_hgsvc3-2024-02-23-mc-chm13	ONE_SIDED_NO_PAIR	CGGCCC	NONE	DIRECT_PAF_ENDPOINT	UNSUPPORTED	SUPPORTED	NONE
HML-2_3q21.2	NA19682_hap1_hprc_r2_v1.0.1_HML-2_3q21.2	ONE_SIDED_NO_PAIR	CGGCCC	NONE	DIRECT_PAF_ENDPOINT	UNSUPPORTED	SUPPORTED	NONE
HML-2_3q21.2	NA19682_hap2_hprc_r2_v1.0.1_HML-2_3q21.2	ONE_SIDED_NO_PAIR	CGGCCC	NONE	DIRECT_PAF_ENDPOINT	UNSUPPORTED	SUPPORTED	NONE
HML-2_3q21.2	NA19700_hap1_hprc_r2_v1.0.1_HML-2_3q21.2	ONE_SIDED_NO_PAIR	CAGCCC	NONE	DIRECT_PAF_ENDPOINT	UNSUPPORTED	SUPPORTED	NONE
HML-2_3q21.2	NA19700_hap2_hprc_r2_v1.0.1_HML-2_3q21.2	ONE_SIDED_NO_PAIR	CGGCCC	NONE	DIRECT_PAF_ENDPOINT	UNSUPPORTED	SUPPORTED	NONE
HML-2_3q21.2	NA19705_h1_HML-2_3q21.2_graph_hgsvc3-2024-02-23-mc-chm13	ONE_SIDED_NO_PAIR	CGGCCC	NONE	DIRECT_PAF_ENDPOINT	UNSUPPORTED	SUPPORTED	NONE
HML-2_3q21.2	NA19705_h2_HML-2_3q21.2_graph_hgsvc3-2024-02-23-mc-chm13	ONE_SIDED_NO_PAIR	CGGCCC	NONE	DIRECT_PAF_ENDPOINT	UNSUPPORTED	SUPPORTED	NONE
HML-2_3q21.2	NA19776_hap1_hprc_r2_v1.0.1_HML-2_3q21.2	ONE_SIDED_NO_PAIR	CGGCCC	NONE	TERMINAL_MOTIF	UNSUPPORTED	SUPPORTED	NONE
HML-2_3q21.2	NA19776_hap2_hprc_r2_v1.0.1_HML-2_3q21.2	ONE_SIDED_NO_PAIR	CGGCCC	NONE	DIRECT_PAF_ENDPOINT	UNSUPPORTED	SUPPORTED	NONE
HML-2_3q21.2	NA19835_hap1_hprc_r2_v1.0.1_HML-2_3q21.2	ONE_SIDED_NO_PAIR	CGGCCC	NONE	DIRECT_PAF_ENDPOINT	UNSUPPORTED	SUPPORTED	NONE
HML-2_3q21.2	NA19835_hap2_hprc_r2_v1.0.1_HML-2_3q21.2	ONE_SIDED_NO_PAIR	CGGCCC	NONE	TERMINAL_MOTIF	UNSUPPORTED	SUPPORTED	NONE
HML-2_3q21.2	NA19836_h1_HML-2_3q21.2_graph_hgsvc3-2024-02-23-mc-chm13	ONE_SIDED_NO_PAIR	CGGCCC	NONE	DIRECT_PAF_ENDPOINT	UNSUPPORTED	SUPPORTED	NONE
HML-2_3q21.2	NA19836_h2_HML-2_3q21.2_graph_hgsvc3-2024-02-23-mc-chm13	ONE_SIDED_NO_PAIR	CGGCCC	NONE	DIRECT_PAF_ENDPOINT	UNSUPPORTED	SUPPORTED	NONE
HML-2_3q21.2	NA19909_hap1_hprc_r2_v1.0.1_HML-2_3q21.2	ONE_SIDED_NO_PAIR	CGGCCC	NONE	DIRECT_PAF_ENDPOINT	UNSUPPORTED	SUPPORTED	NONE
HML-2_3q21.2	NA19909_hap2_hprc_r2_v1.0.1_HML-2_3q21.2	ONE_SIDED_NO_PAIR	CGGCCC	NONE	DIRECT_PAF_ENDPOINT	UNSUPPORTED	SUPPORTED	NONE
HML-2_3q21.2	NA19983_h1_HML-2_3q21.2_graph_hgsvc3-2024-02-23-mc-chm13	ONE_SIDED_NO_PAIR	CGGCCC	NONE	DIRECT_PAF_ENDPOINT	UNSUPPORTED	SUPPORTED	NONE
HML-2_3q21.2	NA19983_h2_HML-2_3q21.2_graph_hgsvc3-2024-02-23-mc-chm13	ONE_SIDED_NO_PAIR	CGGCCC	NONE	DIRECT_PAF_ENDPOINT	UNSUPPORTED	SUPPORTED	NONE
HML-2_3q21.2	NA20129_mat_hprc_r2_v1.0.1_HML-2_3q21.2	ONE_SIDED_NO_PAIR	CGGCCC	NONE	DIRECT_PAF_ENDPOINT	UNSUPPORTED	SUPPORTED	NONE
HML-2_3q21.2	NA20129_pat_hprc_r2_v1.0.1_HML-2_3q21.2	ONE_SIDED_NO_PAIR	CGGCCC	NONE	DIRECT_PAF_ENDPOINT	UNSUPPORTED	SUPPORTED	NONE
HML-2_3q21.2	NA20282_hap1_hprc_r2_v1.0.1_HML-2_3q21.2	ONE_SIDED_NO_PAIR	CGGCCC	NONE	DIRECT_PAF_ENDPOINT	UNSUPPORTED	SUPPORTED	NONE
HML-2_3q21.2	NA20282_hap2_hprc_r2_v1.0.1_HML-2_3q21.2	ONE_SIDED_NO_PAIR	CGGCCC	NONE	DIRECT_PAF_ENDPOINT	UNSUPPORTED	SUPPORTED	NONE
HML-2_3q21.2	NA20346_hap1_hprc_r2_v1.0.1_HML-2_3q21.2	ONE_SIDED_NO_PAIR	CGGCCC	NONE	DIRECT_PAF_ENDPOINT	UNSUPPORTED	SUPPORTED	NONE
HML-2_3q21.2	NA20346_hap2_hprc_r2_v1.0.1_HML-2_3q21.2	ONE_SIDED_NO_PAIR	CGGCCC	NONE	DIRECT_PAF_ENDPOINT	UNSUPPORTED	SUPPORTED	NONE
HML-2_3q21.2	NA20355_h1_HML-2_3q21.2_graph_hgsvc3-2024-02-23-mc-chm13	ONE_SIDED_NO_PAIR	CGGCCC	NONE	DIRECT_PAF_ENDPOINT	UNSUPPORTED	SUPPORTED	NONE
HML-2_3q21.2	NA20355_h2_HML-2_3q21.2_graph_hgsvc3-2024-02-23-mc-chm13	ONE_SIDED_NO_PAIR	CGGCCC	NONE	DIRECT_PAF_ENDPOINT	UNSUPPORTED	SUPPORTED	NONE
HML-2_3q21.2	NA20503_hap1_hprc_r2_v1.0.1_HML-2_3q21.2	ONE_SIDED_NO_PAIR	CGGCCC	NONE	TERMINAL_MOTIF	UNSUPPORTED	SUPPORTED	NONE
HML-2_3q21.2	NA20503_hap2_hprc_r2_v1.0.1_HML-2_3q21.2	ONE_SIDED_NO_PAIR	CGGCCC	NONE	DIRECT_PAF_ENDPOINT	UNSUPPORTED	SUPPORTED	NONE
HML-2_3q21.2	NA20509_h1_HML-2_3q21.2_graph_hgsvc3-2024-02-23-mc-chm13	ONE_SIDED_NO_PAIR	CGGCCC	NONE	DIRECT_PAF_ENDPOINT	UNSUPPORTED	SUPPORTED	NONE
HML-2_3q21.2	NA20509_h2_HML-2_3q21.2_graph_hgsvc3-2024-02-23-mc-chm13	ONE_SIDED_NO_PAIR	CGGCCC	NONE	DIRECT_PAF_ENDPOINT	UNSUPPORTED	SUPPORTED	NONE
HML-2_3q21.2	NA20752_hap1_hprc_r2_v1.0.1_HML-2_3q21.2	ONE_SIDED_NO_PAIR	CGGCCC	NONE	DIRECT_PAF_ENDPOINT	UNSUPPORTED	SUPPORTED	NONE
HML-2_3q21.2	NA20752_hap2_hprc_r2_v1.0.1_HML-2_3q21.2	ONE_SIDED_NO_PAIR	CGGCCC	NONE	DIRECT_PAF_ENDPOINT	UNSUPPORTED	SUPPORTED	NONE
HML-2_3q21.2	NA20762_hap1_hprc_r2_v1.0.1_HML-2_3q21.2	ONE_SIDED_NO_PAIR	CGGCCC	NONE	DIRECT_PAF_ENDPOINT	UNSUPPORTED	SUPPORTED	NONE
HML-2_3q21.2	NA20762_hap2_hprc_r2_v1.0.1_HML-2_3q21.2	ONE_SIDED_NO_PAIR	CGGCCC	NONE	DIRECT_PAF_ENDPOINT	UNSUPPORTED	SUPPORTED	NONE
HML-2_3q21.2	NA20799_hap1_hprc_r2_v1.0.1_HML-2_3q21.2	ONE_SIDED_NO_PAIR	CGGCCC	NONE	DIRECT_PAF_ENDPOINT	UNSUPPORTED	SUPPORTED	NONE
HML-2_3q21.2	NA20799_hap2_hprc_r2_v1.0.1_HML-2_3q21.2	ONE_SIDED_NO_PAIR	CGGCCC	NONE	DIRECT_PAF_ENDPOINT	UNSUPPORTED	SUPPORTED	NONE
HML-2_3q21.2	NA20805_hap1_hprc_r2_v1.0.1_HML-2_3q21.2	ONE_SIDED_NO_PAIR	CGGCCC	NONE	TERMINAL_MOTIF	UNSUPPORTED	SUPPORTED	NONE
HML-2_3q21.2	NA20805_hap2_hprc_r2_v1.0.1_HML-2_3q21.2	ONE_SIDED_NO_PAIR	CGGCCC	NONE	DIRECT_PAF_ENDPOINT	UNSUPPORTED	SUPPORTED	NONE
HML-2_3q21.2	NA20806_hap1_hprc_r2_v1.0.1_HML-2_3q21.2	ONE_SIDED_NO_PAIR	CGGCCC	NONE	DIRECT_PAF_ENDPOINT	UNSUPPORTED	SUPPORTED	NONE
HML-2_3q21.2	NA20806_hap2_hprc_r2_v1.0.1_HML-2_3q21.2	ONE_SIDED_NO_PAIR	CGGCCC	NONE	DIRECT_PAF_ENDPOINT	UNSUPPORTED	SUPPORTED	NONE
HML-2_3q21.2	NA20809_hap1_hprc_r2_v1.0.1_HML-2_3q21.2	ONE_SIDED_NO_PAIR	CGGCCC	NONE	DIRECT_PAF_ENDPOINT	UNSUPPORTED	SUPPORTED	NONE
HML-2_3q21.2	NA20809_hap2_hprc_r2_v1.0.1_HML-2_3q21.2	ONE_SIDED_NO_PAIR	CGGCCC	NONE	TERMINAL_MOTIF	UNSUPPORTED	SUPPORTED	NONE
HML-2_3q21.2	NA20827_hap1_hprc_r2_v1.0.1_HML-2_3q21.2	ONE_SIDED_NO_PAIR	CGGCCC	NONE	TERMINAL_MOTIF	UNSUPPORTED	SUPPORTED	NONE
HML-2_3q21.2	NA20827_hap2_hprc_r2_v1.0.1_HML-2_3q21.2	ONE_SIDED_NO_PAIR	CGGCCC	NONE	DIRECT_PAF_ENDPOINT	UNSUPPORTED	SUPPORTED	NONE
HML-2_3q21.2	NA20847_h1_HML-2_3q21.2_graph_hgsvc3-2024-02-23-mc-chm13	ONE_SIDED_NO_PAIR	CGGCCC	NONE	DIRECT_PAF_ENDPOINT	UNSUPPORTED	SUPPORTED	NONE
HML-2_3q21.2	NA20847_h2_HML-2_3q21.2_graph_hgsvc3-2024-02-23-mc-chm13	ONE_SIDED_NO_PAIR	CGGCCC	NONE	DIRECT_PAF_ENDPOINT	UNSUPPORTED	SUPPORTED	NONE
HML-2_3q21.2	NA20850_hap1_hprc_r2_v1.0.1_HML-2_3q21.2	ONE_SIDED_NO_PAIR	CGGCCC	NONE	DIRECT_PAF_ENDPOINT	UNSUPPORTED	SUPPORTED	NONE
HML-2_3q21.2	NA20850_hap2_hprc_r2_v1.0.1_HML-2_3q21.2	ONE_SIDED_NO_PAIR	CGGCCC	NONE	DIRECT_PAF_ENDPOINT	UNSUPPORTED	SUPPORTED	NONE
HML-2_3q21.2	NA20870_hap1_hprc_r2_v1.0.1_HML-2_3q21.2	ONE_SIDED_NO_PAIR	CGGCCC	NONE	DIRECT_PAF_ENDPOINT	UNSUPPORTED	SUPPORTED	NONE
HML-2_3q21.2	NA20870_hap2_hprc_r2_v1.0.1_HML-2_3q21.2	ONE_SIDED_NO_PAIR	CGGCCC	NONE	TERMINAL_MOTIF	UNSUPPORTED	SUPPORTED	NONE
HML-2_3q21.2	NA20905_hap1_hprc_r2_v1.0.1_HML-2_3q21.2	ONE_SIDED_NO_PAIR	CGGCCC	NONE	DIRECT_PAF_ENDPOINT	UNSUPPORTED	SUPPORTED	NONE
HML-2_3q21.2	NA20905_hap2_hprc_r2_v1.0.1_HML-2_3q21.2	ONE_SIDED_NO_PAIR	CGGCCC	NONE	TERMINAL_MOTIF	UNSUPPORTED	SUPPORTED	NONE
HML-2_3q21.2	NA21093_hap1_hprc_r2_v1.0.1_HML-2_3q21.2	ONE_SIDED_NO_PAIR	CGGCCC	NONE	DIRECT_PAF_ENDPOINT	UNSUPPORTED	SUPPORTED	NONE
HML-2_3q21.2	NA21093_hap2_hprc_r2_v1.0.1_HML-2_3q21.2	ONE_SIDED_NO_PAIR	CGGCCC	NONE	DIRECT_PAF_ENDPOINT	UNSUPPORTED	SUPPORTED	NONE
HML-2_3q21.2	NA21102_hap1_hprc_r2_v1.0.1_HML-2_3q21.2	ONE_SIDED_NO_PAIR	CGGCCC	NONE	DIRECT_PAF_ENDPOINT	UNSUPPORTED	SUPPORTED	NONE
HML-2_3q21.2	NA21102_hap2_hprc_r2_v1.0.1_HML-2_3q21.2	ONE_SIDED_NO_PAIR	CGGCCC	NONE	DIRECT_PAF_ENDPOINT	UNSUPPORTED	SUPPORTED	NONE
HML-2_3q21.2	NA21106_hap1_hprc_r2_v1.0.1_HML-2_3q21.2	ONE_SIDED_NO_PAIR	CGGCCC	NONE	DIRECT_PAF_ENDPOINT	UNSUPPORTED	SUPPORTED	NONE
HML-2_3q21.2	NA21106_hap2_hprc_r2_v1.0.1_HML-2_3q21.2	ONE_SIDED_NO_PAIR	CGGCCC	NONE	DIRECT_PAF_ENDPOINT	UNSUPPORTED	SUPPORTED	NONE
HML-2_3q21.2	NA21110_hap1_hprc_r2_v1.0.1_HML-2_3q21.2	ONE_SIDED_NO_PAIR	CGGCCC	NONE	DIRECT_PAF_ENDPOINT	UNSUPPORTED	SUPPORTED	NONE
HML-2_3q21.2	NA21110_hap2_hprc_r2_v1.0.1_HML-2_3q21.2	ONE_SIDED_NO_PAIR	CGGCCC	NONE	DIRECT_PAF_ENDPOINT	UNSUPPORTED	SUPPORTED	NONE
HML-2_3q21.2	NA21144_hap1_hprc_r2_v1.0.1_HML-2_3q21.2	ONE_SIDED_NO_PAIR	CGGCCC	NONE	DIRECT_PAF_ENDPOINT	UNSUPPORTED	SUPPORTED	NONE
HML-2_3q21.2	NA21144_hap2_hprc_r2_v1.0.1_HML-2_3q21.2	ONE_SIDED_NO_PAIR	CGGCCC	NONE	DIRECT_PAF_ENDPOINT	UNSUPPORTED	SUPPORTED	NONE
HML-2_3q21.2	NA21309_mat_hprc_r2_v1.0.1_HML-2_3q21.2	ONE_SIDED_NO_PAIR	CGGCCC	NONE	DIRECT_PAF_ENDPOINT	UNSUPPORTED	SUPPORTED	NONE
HML-2_3q21.2	NA21309_pat_hprc_r2_v1.0.1_HML-2_3q21.2	ONE_SIDED_NO_PAIR	CGGCCC	NONE	DIRECT_PAF_ENDPOINT	UNSUPPORTED	SUPPORTED	NONE
HML-2_3q21.2	NA21487_h1_HML-2_3q21.2_graph_hgsvc3-2024-02-23-mc-chm13	ONE_SIDED_NO_PAIR	CGGCCC	NONE	DIRECT_PAF_ENDPOINT	UNSUPPORTED	SUPPORTED	NONE
HML-2_3q21.2	NA21487_h2_HML-2_3q21.2_graph_hgsvc3-2024-02-23-mc-chm13	ONE_SIDED_NO_PAIR	CGGCCC	NONE	DIRECT_PAF_ENDPOINT	UNSUPPORTED	SUPPORTED	NONE
HML-2_3q21.2	NA24385_h1_HML-2_3q21.2_graph_hgsvc3-2024-02-23-mc-chm13	ONE_SIDED_NO_PAIR	CGGCCC	NONE	DIRECT_PAF_ENDPOINT	UNSUPPORTED	SUPPORTED	NONE
HML-2_3q21.2	NA24385_h2_HML-2_3q21.2_graph_hgsvc3-2024-02-23-mc-chm13	ONE_SIDED_NO_PAIR	CGGCCC	NONE	DIRECT_PAF_ENDPOINT	UNSUPPORTED	SUPPORTED	NONE
HML-2_3q21.2	chm13v2.0_maskedY_rCRS.fa.PanSN_HML-2_3q21.2	ONE_SIDED_NO_PAIR	CGGCCC	NONE	DIRECT_PAF_ENDPOINT	UNSUPPORTED	SUPPORTED	NONE
HML-2_3q21.2	hg002v1.1.mat_MT.PanSN_HML-2_3q21.2	ONE_SIDED_NO_PAIR	CGGCCC	NONE	DIRECT_PAF_ENDPOINT	UNSUPPORTED	SUPPORTED	NONE
HML-2_3q21.2	hg002v1.1.pat.PanSN_HML-2_3q21.2	ONE_SIDED_NO_PAIR	CGGCCC	NONE	DIRECT_PAF_ENDPOINT	UNSUPPORTED	SUPPORTED	NONE
HML-2_4q32.3	GCA_000001405.15_GRCh38_no_alt_analysis_set.PanSN_HML-2_4q32.3	ONE_SIDED_NO_PAIR	NONE	TTTTAT	UNSUPPORTED	TERMINAL_MOTIF	SUPPORTED	NONE
HML-2_4q32.3	HG00096_h1_HML-2_4q32.3_graph_hgsvc3-2024-02-23-mc-chm13	ONE_SIDED_NO_PAIR	NONE	TTTTAT	UNSUPPORTED	TERMINAL_MOTIF	SUPPORTED	NONE
HML-2_4q32.3	HG00096_h2_HML-2_4q32.3_graph_hgsvc3-2024-02-23-mc-chm13	ONE_SIDED_NO_PAIR	NONE	TTTTAT	UNSUPPORTED	TERMINAL_MOTIF	SUPPORTED	NONE
HML-2_4q32.3	HG00097_hap1_hprc_r2_v1.0.1_HML-2_4q32.3	ONE_SIDED_NO_PAIR	NONE	TTTTAT	UNSUPPORTED	TERMINAL_MOTIF	SUPPORTED	NONE
HML-2_4q32.3	HG00097_hap2_hprc_r2_v1.0.1_HML-2_4q32.3	ONE_SIDED_NO_PAIR	NONE	TTTTAT	UNSUPPORTED	TERMINAL_MOTIF	SUPPORTED	NONE
HML-2_4q32.3	HG00099_hap1_hprc_r2_v1.0.1_HML-2_4q32.3	ONE_SIDED_NO_PAIR	NONE	TTTTAT	UNSUPPORTED	TERMINAL_MOTIF	SUPPORTED	NONE
HML-2_4q32.3	HG00099_hap2_hprc_r2_v1.0.1_HML-2_4q32.3	ONE_SIDED_NO_PAIR	NONE	TTTTAT	UNSUPPORTED	TERMINAL_MOTIF	SUPPORTED	NONE
HML-2_4q32.3	HG00126_hap1_hprc_r2_v1.0.1_HML-2_4q32.3	ONE_SIDED_NO_PAIR	NONE	TTTTAT	UNSUPPORTED	TERMINAL_MOTIF	SUPPORTED	NONE
HML-2_4q32.3	HG00126_hap2_hprc_r2_v1.0.1_HML-2_4q32.3	ONE_SIDED_NO_PAIR	NONE	TTTTAT	UNSUPPORTED	TERMINAL_MOTIF	SUPPORTED	NONE
HML-2_4q32.3	HG00128_hap1_hprc_r2_v1.0.1_HML-2_4q32.3	ONE_SIDED_NO_PAIR	NONE	TTTTAT	UNSUPPORTED	TERMINAL_MOTIF	SUPPORTED	NONE
HML-2_4q32.3	HG00128_hap2_hprc_r2_v1.0.1_HML-2_4q32.3	ONE_SIDED_NO_PAIR	NONE	TTTTAT	UNSUPPORTED	TERMINAL_MOTIF	SUPPORTED	NONE
HML-2_4q32.3	HG00133_hap1_hprc_r2_v1.0.1_HML-2_4q32.3	ONE_SIDED_NO_PAIR	NONE	TTTTAT	UNSUPPORTED	TERMINAL_MOTIF	SUPPORTED	NONE
HML-2_4q32.3	HG00133_hap2_hprc_r2_v1.0.1_HML-2_4q32.3	ONE_SIDED_NO_PAIR	NONE	TTTTAT	UNSUPPORTED	TERMINAL_MOTIF	SUPPORTED	NONE
HML-2_4q32.3	HG00140_hap1_hprc_r2_v1.0.1_HML-2_4q32.3	ONE_SIDED_NO_PAIR	NONE	TTTTAT	UNSUPPORTED	TERMINAL_MOTIF	SUPPORTED	NONE
HML-2_4q32.3	HG00140_hap2_hprc_r2_v1.0.1_HML-2_4q32.3	ONE_SIDED_NO_PAIR	NONE	TTTTAT	UNSUPPORTED	TERMINAL_MOTIF	SUPPORTED	NONE
HML-2_4q32.3	HG00146_hap1_hprc_r2_v1.0.1_HML-2_4q32.3	ONE_SIDED_NO_PAIR	NONE	TTTTAT	UNSUPPORTED	TERMINAL_MOTIF	SUPPORTED	NONE
HML-2_4q32.3	HG00146_hap2_hprc_r2_v1.0.1_HML-2_4q32.3	ONE_SIDED_NO_PAIR	NONE	TTTTAT	UNSUPPORTED	TERMINAL_MOTIF	SUPPORTED	NONE
HML-2_4q32.3	HG00171_h1_HML-2_4q32.3_graph_hgsvc3-2024-02-23-mc-chm13	ONE_SIDED_NO_PAIR	NONE	TTTTAT	UNSUPPORTED	TERMINAL_MOTIF	SUPPORTED	NONE
HML-2_4q32.3	HG00171_h2_HML-2_4q32.3_graph_hgsvc3-2024-02-23-mc-chm13	ONE_SIDED_NO_PAIR	NONE	TTTTAT	UNSUPPORTED	TERMINAL_MOTIF	SUPPORTED	NONE
HML-2_4q32.3	HG00232_hap1_hprc_r2_v1.0.1_HML-2_4q32.3	ONE_SIDED_NO_PAIR	NONE	TTTTAT	UNSUPPORTED	TERMINAL_MOTIF	SUPPORTED	NONE
HML-2_4q32.3	HG00232_hap2_hprc_r2_v1.0.1_HML-2_4q32.3	ONE_SIDED_NO_PAIR	NONE	TTTTAT	UNSUPPORTED	TERMINAL_MOTIF	SUPPORTED	NONE
HML-2_4q32.3	HG00235_hap1_hprc_r2_v1.0.1_HML-2_4q32.3	ONE_SIDED_NO_PAIR	NONE	TTTTAT	UNSUPPORTED	TERMINAL_MOTIF	SUPPORTED	NONE
HML-2_4q32.3	HG00235_hap2_hprc_r2_v1.0.1_HML-2_4q32.3	ONE_SIDED_NO_PAIR	NONE	TTTTAT	UNSUPPORTED	TERMINAL_MOTIF	SUPPORTED	NONE
HML-2_4q32.3	HG00253_hap1_hprc_r2_v1.0.1_HML-2_4q32.3	ONE_SIDED_NO_PAIR	NONE	TTTTAT	UNSUPPORTED	TERMINAL_MOTIF	SUPPORTED	NONE
HML-2_4q32.3	HG00253_hap2_hprc_r2_v1.0.1_HML-2_4q32.3	ONE_SIDED_NO_PAIR	NONE	TTTTAT	UNSUPPORTED	TERMINAL_MOTIF	SUPPORTED	NONE
HML-2_4q32.3	HG00268_h1_HML-2_4q32.3_graph_hgsvc3-2024-02-23-mc-chm13	ONE_SIDED_NO_PAIR	NONE	TTTTAT	UNSUPPORTED	TERMINAL_MOTIF	SUPPORTED	NONE
HML-2_4q32.3	HG00268_h2_HML-2_4q32.3_graph_hgsvc3-2024-02-23-mc-chm13	ONE_SIDED_NO_PAIR	NONE	TTTTAT	UNSUPPORTED	TERMINAL_MOTIF	SUPPORTED	NONE
HML-2_4q32.3	HG00272_hap1_hprc_r2_v1.0.1_HML-2_4q32.3	ONE_SIDED_NO_PAIR	NONE	TTTTAT	UNSUPPORTED	TERMINAL_MOTIF	SUPPORTED	NONE
HML-2_4q32.3	HG00272_hap2_hprc_r2_v1.0.1_HML-2_4q32.3	ONE_SIDED_NO_PAIR	NONE	TTTTAT	UNSUPPORTED	TERMINAL_MOTIF	SUPPORTED	NONE
HML-2_4q32.3	HG00280_hap1_hprc_r2_v1.0.1_HML-2_4q32.3	ONE_SIDED_NO_PAIR	NONE	TTTTAT	UNSUPPORTED	TERMINAL_MOTIF	SUPPORTED	NONE
HML-2_4q32.3	HG00280_hap2_hprc_r2_v1.0.1_HML-2_4q32.3	ONE_SIDED_NO_PAIR	NONE	TTTTAT	UNSUPPORTED	TERMINAL_MOTIF	SUPPORTED	NONE
HML-2_4q32.3	HG00290_hap1_hprc_r2_v1.0.1_HML-2_4q32.3	ONE_SIDED_NO_PAIR	NONE	TTTTAT	UNSUPPORTED	TERMINAL_MOTIF	SUPPORTED	NONE
HML-2_4q32.3	HG00290_hap2_hprc_r2_v1.0.1_HML-2_4q32.3	ONE_SIDED_NO_PAIR	NONE	TTTTAT	UNSUPPORTED	TERMINAL_MOTIF	SUPPORTED	NONE
HML-2_4q32.3	HG00320_hap1_hprc_r2_v1.0.1_HML-2_4q32.3	ONE_SIDED_NO_PAIR	NONE	TTTTAT	UNSUPPORTED	TERMINAL_MOTIF	SUPPORTED	NONE
HML-2_4q32.3	HG00320_hap2_hprc_r2_v1.0.1_HML-2_4q32.3	ONE_SIDED_NO_PAIR	NONE	TTTTAT	UNSUPPORTED	TERMINAL_MOTIF	SUPPORTED	NONE
HML-2_4q32.3	HG00321_hap1_hprc_r2_v1.0.1_HML-2_4q32.3	ONE_SIDED_NO_PAIR	NONE	TTTTAT	UNSUPPORTED	TERMINAL_MOTIF	SUPPORTED	NONE
HML-2_4q32.3	HG00321_hap2_hprc_r2_v1.0.1_HML-2_4q32.3	ONE_SIDED_NO_PAIR	NONE	TTTTAT	UNSUPPORTED	TERMINAL_MOTIF	SUPPORTED	NONE
HML-2_4q32.3	HG00323_hap1_hprc_r2_v1.0.1_HML-2_4q32.3	ONE_SIDED_NO_PAIR	NONE	TTTTAT	UNSUPPORTED	TERMINAL_MOTIF	SUPPORTED	NONE
HML-2_4q32.3	HG00323_hap2_hprc_r2_v1.0.1_HML-2_4q32.3	ONE_SIDED_NO_PAIR	NONE	TTTTAT	UNSUPPORTED	TERMINAL_MOTIF	SUPPORTED	NONE
HML-2_4q32.3	HG00329_hap1_hprc_r2_v1.0.1_HML-2_4q32.3	ONE_SIDED_NO_PAIR	NONE	TTTTAT	UNSUPPORTED	TERMINAL_MOTIF	SUPPORTED	NONE
HML-2_4q32.3	HG00329_hap2_hprc_r2_v1.0.1_HML-2_4q32.3	ONE_SIDED_NO_PAIR	NONE	TTTTAT	UNSUPPORTED	TERMINAL_MOTIF	SUPPORTED	NONE
HML-2_4q32.3	HG00344_hap1_hprc_r2_v1.0.1_HML-2_4q32.3	ONE_SIDED_NO_PAIR	NONE	TTTTAT	UNSUPPORTED	TERMINAL_MOTIF	SUPPORTED	NONE
HML-2_4q32.3	HG00344_hap2_hprc_r2_v1.0.1_HML-2_4q32.3	ONE_SIDED_NO_PAIR	NONE	TTTTAT	UNSUPPORTED	TERMINAL_MOTIF	SUPPORTED	NONE
HML-2_4q32.3	HG00350_hap1_hprc_r2_v1.0.1_HML-2_4q32.3	ONE_SIDED_NO_PAIR	NONE	TTTTAT	UNSUPPORTED	TERMINAL_MOTIF	SUPPORTED	NONE
HML-2_4q32.3	HG00350_hap2_hprc_r2_v1.0.1_HML-2_4q32.3	ONE_SIDED_NO_PAIR	NONE	TTTTAT	UNSUPPORTED	TERMINAL_MOTIF	SUPPORTED	NONE
HML-2_4q32.3	HG00358_h1_HML-2_4q32.3_graph_hgsvc3-2024-02-23-mc-chm13	ONE_SIDED_NO_PAIR	NONE	TTTTAT	UNSUPPORTED	TERMINAL_MOTIF	SUPPORTED	NONE
HML-2_4q32.3	HG00358_h2_HML-2_4q32.3_graph_hgsvc3-2024-02-23-mc-chm13	ONE_SIDED_NO_PAIR	NONE	TTTTAT	UNSUPPORTED	TERMINAL_MOTIF	SUPPORTED	NONE
HML-2_4q32.3	HG00408_mat_hprc_r2_v1.0.1_HML-2_4q32.3	ONE_SIDED_NO_PAIR	NONE	TTTTAT	UNSUPPORTED	TERMINAL_MOTIF	SUPPORTED	NONE
HML-2_4q32.3	HG00408_pat_hprc_r2_v1.0.1_HML-2_4q32.3	ONE_SIDED_NO_PAIR	NONE	TTTTAT	UNSUPPORTED	TERMINAL_MOTIF	SUPPORTED	NONE
HML-2_4q32.3	HG00423_mat_hprc_r2_v1.0.1_HML-2_4q32.3	ONE_SIDED_NO_PAIR	NONE	TTTTAT	UNSUPPORTED	TERMINAL_MOTIF	SUPPORTED	NONE
HML-2_4q32.3	HG00423_pat_hprc_r2_v1.0.1_HML-2_4q32.3	ONE_SIDED_NO_PAIR	NONE	TTTTAT	UNSUPPORTED	TERMINAL_MOTIF	SUPPORTED	NONE
HML-2_4q32.3	HG00438_mat_hprc_r2_v1.0.1_HML-2_4q32.3	ONE_SIDED_NO_PAIR	NONE	TTTTAT	UNSUPPORTED	TERMINAL_MOTIF	SUPPORTED	NONE
HML-2_4q32.3	HG00438_pat_hprc_r2_v1.0.1_HML-2_4q32.3	ONE_SIDED_NO_PAIR	NONE	TTTTAT	UNSUPPORTED	TERMINAL_MOTIF	SUPPORTED	NONE
HML-2_4q32.3	HG00512_h1_HML-2_4q32.3_graph_hgsvc3-2024-02-23-mc-chm13	ONE_SIDED_NO_PAIR	NONE	TTTTAT	UNSUPPORTED	TERMINAL_MOTIF	SUPPORTED	NONE
HML-2_4q32.3	HG00512_h2_HML-2_4q32.3_graph_hgsvc3-2024-02-23-mc-chm13	ONE_SIDED_NO_PAIR	NONE	TTTTAT	UNSUPPORTED	TERMINAL_MOTIF	SUPPORTED	NONE
HML-2_4q32.3	HG00513_h1_HML-2_4q32.3_graph_hgsvc3-2024-02-23-mc-chm13	ONE_SIDED_NO_PAIR	NONE	TTTTAT	UNSUPPORTED	TERMINAL_MOTIF	SUPPORTED	NONE
HML-2_4q32.3	HG00513_h2_HML-2_4q32.3_graph_hgsvc3-2024-02-23-mc-chm13	ONE_SIDED_NO_PAIR	NONE	TTTTAT	UNSUPPORTED	TERMINAL_MOTIF	SUPPORTED	NONE
HML-2_4q32.3	HG00514_h1_HML-2_4q32.3_graph_hgsvc3-2024-02-23-mc-chm13	ONE_SIDED_NO_PAIR	NONE	TTTTAT	UNSUPPORTED	TERMINAL_MOTIF	SUPPORTED	NONE
HML-2_4q32.3	HG00514_h2_HML-2_4q32.3_graph_hgsvc3-2024-02-23-mc-chm13	ONE_SIDED_NO_PAIR	NONE	TTTTAT	UNSUPPORTED	TERMINAL_MOTIF	SUPPORTED	NONE
HML-2_4q32.3	HG00544_mat_hprc_r2_v1.0.1_HML-2_4q32.3	ONE_SIDED_NO_PAIR	NONE	TTTTAT	UNSUPPORTED	TERMINAL_MOTIF	SUPPORTED	NONE
HML-2_4q32.3	HG00544_pat_hprc_r2_v1.0.1_HML-2_4q32.3	ONE_SIDED_NO_PAIR	NONE	TTTTAT	UNSUPPORTED	TERMINAL_MOTIF	SUPPORTED	NONE
HML-2_4q32.3	HG00558_mat_hprc_r2_v1.0.1_HML-2_4q32.3	ONE_SIDED_NO_PAIR	NONE	TTTTAT	UNSUPPORTED	TERMINAL_MOTIF	SUPPORTED	NONE
HML-2_4q32.3	HG00558_pat_hprc_r2_v1.0.1_HML-2_4q32.3	ONE_SIDED_NO_PAIR	NONE	TTTTAT	UNSUPPORTED	TERMINAL_MOTIF	SUPPORTED	NONE
HML-2_4q32.3	HG00597_mat_hprc_r2_v1.0.1_HML-2_4q32.3	ONE_SIDED_NO_PAIR	NONE	TTTTAT	UNSUPPORTED	TERMINAL_MOTIF	SUPPORTED	NONE
HML-2_4q32.3	HG00597_pat_hprc_r2_v1.0.1_HML-2_4q32.3	ONE_SIDED_NO_PAIR	NONE	TTTTAT	UNSUPPORTED	TERMINAL_MOTIF	SUPPORTED	NONE
HML-2_4q32.3	HG005_mat_hprc_r2_v1.0.1_HML-2_4q32.3	ONE_SIDED_NO_PAIR	NONE	TTTTAT	UNSUPPORTED	TERMINAL_MOTIF	SUPPORTED	NONE
HML-2_4q32.3	HG005_pat_hprc_r2_v1.0.1_HML-2_4q32.3	ONE_SIDED_NO_PAIR	NONE	TTTTAT	UNSUPPORTED	TERMINAL_MOTIF	SUPPORTED	NONE
HML-2_4q32.3	HG00609_mat_hprc_r2_v1.0.1_HML-2_4q32.3	ONE_SIDED_NO_PAIR	NONE	TTTTAT	UNSUPPORTED	TERMINAL_MOTIF	SUPPORTED	NONE
HML-2_4q32.3	HG00609_pat_hprc_r2_v1.0.1_HML-2_4q32.3	ONE_SIDED_NO_PAIR	NONE	TTTTAT	UNSUPPORTED	TERMINAL_MOTIF	SUPPORTED	NONE
HML-2_4q32.3	HG00621_mat_hprc_r2_v1.0.1_HML-2_4q32.3	ONE_SIDED_NO_PAIR	NONE	TTTTAT	UNSUPPORTED	TERMINAL_MOTIF	SUPPORTED	NONE
HML-2_4q32.3	HG00621_pat_hprc_r2_v1.0.1_HML-2_4q32.3	ONE_SIDED_NO_PAIR	NONE	TTTTAT	UNSUPPORTED	TERMINAL_MOTIF	SUPPORTED	NONE
HML-2_4q32.3	HG00639_mat_hprc_r2_v1.0.1_HML-2_4q32.3	ONE_SIDED_NO_PAIR	NONE	TTTTAT	UNSUPPORTED	TERMINAL_MOTIF	SUPPORTED	NONE
HML-2_4q32.3	HG00639_pat_hprc_r2_v1.0.1_HML-2_4q32.3	ONE_SIDED_NO_PAIR	NONE	TTTTAT	UNSUPPORTED	TERMINAL_MOTIF	SUPPORTED	NONE
HML-2_4q32.3	HG00642_mat_hprc_r2_v1.0.1_HML-2_4q32.3	ONE_SIDED_NO_PAIR	NONE	TTTTAT	UNSUPPORTED	TERMINAL_MOTIF	SUPPORTED	NONE
HML-2_4q32.3	HG00642_pat_hprc_r2_v1.0.1_HML-2_4q32.3	ONE_SIDED_NO_PAIR	NONE	TTTTAT	UNSUPPORTED	TERMINAL_MOTIF	SUPPORTED	NONE
HML-2_4q32.3	HG00658_mat_hprc_r2_v1.0.1_HML-2_4q32.3	ONE_SIDED_NO_PAIR	NONE	TTTTAT	UNSUPPORTED	TERMINAL_MOTIF	SUPPORTED	NONE
HML-2_4q32.3	HG00658_pat_hprc_r2_v1.0.1_HML-2_4q32.3	ONE_SIDED_NO_PAIR	NONE	TTTTAT	UNSUPPORTED	TERMINAL_MOTIF	SUPPORTED	NONE
HML-2_4q32.3	HG00673_mat_hprc_r2_v1.0.1_HML-2_4q32.3	ONE_SIDED_NO_PAIR	NONE	TTTTAT	UNSUPPORTED	TERMINAL_MOTIF	SUPPORTED	NONE
HML-2_4q32.3	HG00673_pat_hprc_r2_v1.0.1_HML-2_4q32.3	ONE_SIDED_NO_PAIR	NONE	TTTTAT	UNSUPPORTED	TERMINAL_MOTIF	SUPPORTED	NONE
HML-2_4q32.3	HG00706_mat_hprc_r2_v1.0.1_HML-2_4q32.3	ONE_SIDED_NO_PAIR	NONE	TTTTAT	UNSUPPORTED	TERMINAL_MOTIF	SUPPORTED	NONE
HML-2_4q32.3	HG00706_pat_hprc_r2_v1.0.1_HML-2_4q32.3	ONE_SIDED_NO_PAIR	NONE	TTTTAT	UNSUPPORTED	TERMINAL_MOTIF	SUPPORTED	NONE
HML-2_4q32.3	HG00731_h1_HML-2_4q32.3_graph_hgsvc3-2024-02-23-mc-chm13	ONE_SIDED_NO_PAIR	NONE	TTTTAT	UNSUPPORTED	TERMINAL_MOTIF	SUPPORTED	NONE
HML-2_4q32.3	HG00731_h2_HML-2_4q32.3_graph_hgsvc3-2024-02-23-mc-chm13	ONE_SIDED_NO_PAIR	NONE	TTTTAT	UNSUPPORTED	TERMINAL_MOTIF	SUPPORTED	NONE
HML-2_4q32.3	HG00732_h1_HML-2_4q32.3_graph_hgsvc3-2024-02-23-mc-chm13	ONE_SIDED_NO_PAIR	NONE	TTTTAT	UNSUPPORTED	TERMINAL_MOTIF	SUPPORTED	NONE
HML-2_4q32.3	HG00732_h2_HML-2_4q32.3_graph_hgsvc3-2024-02-23-mc-chm13	ONE_SIDED_NO_PAIR	NONE	TTTTAT	UNSUPPORTED	TERMINAL_MOTIF	SUPPORTED	NONE
HML-2_4q32.3	HG00733_mat_hprc_r2_v1.0.1_HML-2_4q32.3	ONE_SIDED_NO_PAIR	NONE	TTTTAT	UNSUPPORTED	TERMINAL_MOTIF	SUPPORTED	NONE
HML-2_4q32.3	HG00733_pat_hprc_r2_v1.0.1_HML-2_4q32.3	ONE_SIDED_NO_PAIR	NONE	TTTTAT	UNSUPPORTED	TERMINAL_MOTIF	SUPPORTED	NONE
HML-2_4q32.3	HG00735_mat_hprc_r2_v1.0.1_HML-2_4q32.3	ONE_SIDED_NO_PAIR	NONE	TTTTAT	UNSUPPORTED	TERMINAL_MOTIF	SUPPORTED	NONE
HML-2_4q32.3	HG00735_pat_hprc_r2_v1.0.1_HML-2_4q32.3	ONE_SIDED_NO_PAIR	NONE	TTTTAT	UNSUPPORTED	TERMINAL_MOTIF	SUPPORTED	NONE
HML-2_4q32.3	HG00738_mat_hprc_r2_v1.0.1_HML-2_4q32.3	ONE_SIDED_NO_PAIR	NONE	TTTTAT	UNSUPPORTED	TERMINAL_MOTIF	SUPPORTED	NONE
HML-2_4q32.3	HG00738_pat_hprc_r2_v1.0.1_HML-2_4q32.3	ONE_SIDED_NO_PAIR	NONE	TTTTAT	UNSUPPORTED	TERMINAL_MOTIF	SUPPORTED	NONE
HML-2_4q32.3	HG00741_mat_hprc_r2_v1.0.1_HML-2_4q32.3	ONE_SIDED_NO_PAIR	NONE	TTTTAT	UNSUPPORTED	TERMINAL_MOTIF	SUPPORTED	NONE
HML-2_4q32.3	HG00741_pat_hprc_r2_v1.0.1_HML-2_4q32.3	ONE_SIDED_NO_PAIR	NONE	TTTTAT	UNSUPPORTED	TERMINAL_MOTIF	SUPPORTED	NONE
HML-2_4q32.3	HG00864_h1_HML-2_4q32.3_graph_hgsvc3-2024-02-23-mc-chm13	ONE_SIDED_NO_PAIR	NONE	TTTTAT	UNSUPPORTED	TERMINAL_MOTIF	SUPPORTED	NONE
HML-2_4q32.3	HG00864_h2_HML-2_4q32.3_graph_hgsvc3-2024-02-23-mc-chm13	ONE_SIDED_NO_PAIR	NONE	TTTTAT	UNSUPPORTED	TERMINAL_MOTIF	SUPPORTED	NONE
HML-2_4q32.3	HG01071_mat_hprc_r2_v1.0.1_HML-2_4q32.3	ONE_SIDED_NO_PAIR	NONE	TTTTAT	UNSUPPORTED	TERMINAL_MOTIF	SUPPORTED	NONE
HML-2_4q32.3	HG01071_pat_hprc_r2_v1.0.1_HML-2_4q32.3	ONE_SIDED_NO_PAIR	NONE	TTTTAT	UNSUPPORTED	TERMINAL_MOTIF	SUPPORTED	NONE
HML-2_4q32.3	HG01074_mat_hprc_r2_v1.0.1_HML-2_4q32.3	ONE_SIDED_NO_PAIR	NONE	TTTTAT	UNSUPPORTED	TERMINAL_MOTIF	SUPPORTED	NONE
HML-2_4q32.3	HG01074_pat_hprc_r2_v1.0.1_HML-2_4q32.3	ONE_SIDED_NO_PAIR	NONE	TTTTAT	UNSUPPORTED	TERMINAL_MOTIF	SUPPORTED	NONE
HML-2_4q32.3	HG01081_mat_hprc_r2_v1.0.1_HML-2_4q32.3	ONE_SIDED_NO_PAIR	NONE	TTTTAT	UNSUPPORTED	TERMINAL_MOTIF	SUPPORTED	NONE
HML-2_4q32.3	HG01081_pat_hprc_r2_v1.0.1_HML-2_4q32.3	ONE_SIDED_NO_PAIR	NONE	TTTTAT	UNSUPPORTED	TERMINAL_MOTIF	SUPPORTED	NONE
HML-2_4q32.3	HG01099_mat_hprc_r2_v1.0.1_HML-2_4q32.3	ONE_SIDED_NO_PAIR	NONE	TTTTAT	UNSUPPORTED	TERMINAL_MOTIF	SUPPORTED	NONE
HML-2_4q32.3	HG01099_pat_hprc_r2_v1.0.1_HML-2_4q32.3	ONE_SIDED_NO_PAIR	NONE	TTTTAT	UNSUPPORTED	TERMINAL_MOTIF	SUPPORTED	NONE
HML-2_4q32.3	HG01106_mat_hprc_r2_v1.0.1_HML-2_4q32.3	ONE_SIDED_NO_PAIR	NONE	TTTTAT	UNSUPPORTED	TERMINAL_MOTIF	SUPPORTED	NONE
HML-2_4q32.3	HG01106_pat_hprc_r2_v1.0.1_HML-2_4q32.3	ONE_SIDED_NO_PAIR	NONE	TTTTAT	UNSUPPORTED	TERMINAL_MOTIF	SUPPORTED	NONE
HML-2_4q32.3	HG01109_mat_hprc_r2_v1.0.1_HML-2_4q32.3	ONE_SIDED_NO_PAIR	NONE	TTTTAT	UNSUPPORTED	TERMINAL_MOTIF	SUPPORTED	NONE
HML-2_4q32.3	HG01109_pat_hprc_r2_v1.0.1_HML-2_4q32.3	ONE_SIDED_NO_PAIR	NONE	TTTTAT	UNSUPPORTED	TERMINAL_MOTIF	SUPPORTED	NONE
HML-2_4q32.3	HG01114_h1_HML-2_4q32.3_graph_hgsvc3-2024-02-23-mc-chm13	ONE_SIDED_NO_PAIR	NONE	TTTTAT	UNSUPPORTED	TERMINAL_MOTIF	SUPPORTED	NONE
HML-2_4q32.3	HG01114_h2_HML-2_4q32.3_graph_hgsvc3-2024-02-23-mc-chm13	ONE_SIDED_NO_PAIR	NONE	TTTTAT	UNSUPPORTED	TERMINAL_MOTIF	SUPPORTED	NONE
HML-2_4q32.3	HG01123_mat_hprc_r2_v1.0.1_HML-2_4q32.3	ONE_SIDED_NO_PAIR	NONE	TTTTAT	UNSUPPORTED	TERMINAL_MOTIF	SUPPORTED	NONE
HML-2_4q32.3	HG01123_pat_hprc_r2_v1.0.1_HML-2_4q32.3	ONE_SIDED_NO_PAIR	NONE	TTTTAT	UNSUPPORTED	TERMINAL_MOTIF	SUPPORTED	NONE
HML-2_4q32.3	HG01150_mat_hprc_r2_v1.0.1_HML-2_4q32.3	ONE_SIDED_NO_PAIR	NONE	TTTTAT	UNSUPPORTED	TERMINAL_MOTIF	SUPPORTED	NONE
HML-2_4q32.3	HG01150_pat_hprc_r2_v1.0.1_HML-2_4q32.3	ONE_SIDED_NO_PAIR	NONE	TTTTAT	UNSUPPORTED	TERMINAL_MOTIF	SUPPORTED	NONE
HML-2_4q32.3	HG01167_hap1_hprc_r2_v1.0.1_HML-2_4q32.3	ONE_SIDED_NO_PAIR	NONE	TTTTAT	UNSUPPORTED	TERMINAL_MOTIF	SUPPORTED	NONE
HML-2_4q32.3	HG01167_hap2_hprc_r2_v1.0.1_HML-2_4q32.3	ONE_SIDED_NO_PAIR	NONE	TTTTAT	UNSUPPORTED	TERMINAL_MOTIF	SUPPORTED	NONE
HML-2_4q32.3	HG01175_mat_hprc_r2_v1.0.1_HML-2_4q32.3	ONE_SIDED_NO_PAIR	NONE	TTTTAT	UNSUPPORTED	TERMINAL_MOTIF	SUPPORTED	NONE
HML-2_4q32.3	HG01175_pat_hprc_r2_v1.0.1_HML-2_4q32.3	ONE_SIDED_NO_PAIR	NONE	TTTTAT	UNSUPPORTED	TERMINAL_MOTIF	SUPPORTED	NONE
HML-2_4q32.3	HG01192_mat_hprc_r2_v1.0.1_HML-2_4q32.3	ONE_SIDED_NO_PAIR	NONE	TTTTAT	UNSUPPORTED	TERMINAL_MOTIF	SUPPORTED	NONE
HML-2_4q32.3	HG01192_pat_hprc_r2_v1.0.1_HML-2_4q32.3	ONE_SIDED_NO_PAIR	NONE	TTTTAT	UNSUPPORTED	TERMINAL_MOTIF	SUPPORTED	NONE
HML-2_4q32.3	HG01243_mat_hprc_r2_v1.0.1_HML-2_4q32.3	ONE_SIDED_NO_PAIR	NONE	TTTTAT	UNSUPPORTED	TERMINAL_MOTIF	SUPPORTED	NONE
HML-2_4q32.3	HG01243_pat_hprc_r2_v1.0.1_HML-2_4q32.3	ONE_SIDED_NO_PAIR	NONE	TTTTAT	UNSUPPORTED	TERMINAL_MOTIF	SUPPORTED	NONE
HML-2_4q32.3	HG01252_mat_hprc_r2_v1.0.1_HML-2_4q32.3	ONE_SIDED_NO_PAIR	NONE	TTTTAT	UNSUPPORTED	TERMINAL_MOTIF	SUPPORTED	NONE
HML-2_4q32.3	HG01252_pat_hprc_r2_v1.0.1_HML-2_4q32.3	ONE_SIDED_NO_PAIR	NONE	TTTTAT	UNSUPPORTED	TERMINAL_MOTIF	SUPPORTED	NONE
HML-2_4q32.3	HG01255_mat_hprc_r2_v1.0.1_HML-2_4q32.3	ONE_SIDED_NO_PAIR	NONE	TTTTAT	UNSUPPORTED	TERMINAL_MOTIF	SUPPORTED	NONE
HML-2_4q32.3	HG01255_pat_hprc_r2_v1.0.1_HML-2_4q32.3	ONE_SIDED_NO_PAIR	NONE	TTTTAT	UNSUPPORTED	TERMINAL_MOTIF	SUPPORTED	NONE
HML-2_4q32.3	HG01258_mat_hprc_r2_v1.0.1_HML-2_4q32.3	ONE_SIDED_NO_PAIR	NONE	TTTTAT	UNSUPPORTED	TERMINAL_MOTIF	SUPPORTED	NONE
HML-2_4q32.3	HG01258_pat_hprc_r2_v1.0.1_HML-2_4q32.3	ONE_SIDED_NO_PAIR	NONE	TTTTAT	UNSUPPORTED	TERMINAL_MOTIF	SUPPORTED	NONE
HML-2_4q32.3	HG01261_mat_hprc_r2_v1.0.1_HML-2_4q32.3	ONE_SIDED_NO_PAIR	NONE	TTTTAT	UNSUPPORTED	TERMINAL_MOTIF	SUPPORTED	NONE
HML-2_4q32.3	HG01261_pat_hprc_r2_v1.0.1_HML-2_4q32.3	ONE_SIDED_NO_PAIR	NONE	TTTTAT	UNSUPPORTED	TERMINAL_MOTIF	SUPPORTED	NONE
HML-2_4q32.3	HG01346_mat_hprc_r2_v1.0.1_HML-2_4q32.3	ONE_SIDED_NO_PAIR	NONE	TTTTAT	UNSUPPORTED	TERMINAL_MOTIF	SUPPORTED	NONE
HML-2_4q32.3	HG01346_pat_hprc_r2_v1.0.1_HML-2_4q32.3	ONE_SIDED_NO_PAIR	NONE	TTTTAT	UNSUPPORTED	TERMINAL_MOTIF	SUPPORTED	NONE
HML-2_4q32.3	HG01352_h1_HML-2_4q32.3_graph_hgsvc3-2024-02-23-mc-chm13	ONE_SIDED_NO_PAIR	NONE	TTTTAT	UNSUPPORTED	TERMINAL_MOTIF	SUPPORTED	NONE
HML-2_4q32.3	HG01352_h2_HML-2_4q32.3_graph_hgsvc3-2024-02-23-mc-chm13	ONE_SIDED_NO_PAIR	NONE	TTTTAT	UNSUPPORTED	TERMINAL_MOTIF	SUPPORTED	NONE
HML-2_4q32.3	HG01358_mat_hprc_r2_v1.0.1_HML-2_4q32.3	ONE_SIDED_NO_PAIR	NONE	TTTTAT	UNSUPPORTED	TERMINAL_MOTIF	SUPPORTED	NONE
HML-2_4q32.3	HG01358_pat_hprc_r2_v1.0.1_HML-2_4q32.3	ONE_SIDED_NO_PAIR	NONE	TTTTAT	UNSUPPORTED	TERMINAL_MOTIF	SUPPORTED	NONE
HML-2_4q32.3	HG01361_mat_hprc_r2_v1.0.1_HML-2_4q32.3	ONE_SIDED_NO_PAIR	NONE	TTTTAT	UNSUPPORTED	TERMINAL_MOTIF	SUPPORTED	NONE
HML-2_4q32.3	HG01361_pat_hprc_r2_v1.0.1_HML-2_4q32.3	ONE_SIDED_NO_PAIR	NONE	TTTTAT	UNSUPPORTED	TERMINAL_MOTIF	SUPPORTED	NONE
HML-2_4q32.3	HG01433_mat_hprc_r2_v1.0.1_HML-2_4q32.3	ONE_SIDED_NO_PAIR	NONE	TTTTAT	UNSUPPORTED	TERMINAL_MOTIF	SUPPORTED	NONE
HML-2_4q32.3	HG01433_pat_hprc_r2_v1.0.1_HML-2_4q32.3	ONE_SIDED_NO_PAIR	NONE	TTTTAT	UNSUPPORTED	TERMINAL_MOTIF	SUPPORTED	NONE
HML-2_4q32.3	HG01457_h1_HML-2_4q32.3_graph_hgsvc3-2024-02-23-mc-chm13	ONE_SIDED_NO_PAIR	NONE	TTTTAT	UNSUPPORTED	TERMINAL_MOTIF	SUPPORTED	NONE
HML-2_4q32.3	HG01457_h2_HML-2_4q32.3_graph_hgsvc3-2024-02-23-mc-chm13	ONE_SIDED_NO_PAIR	NONE	TTTTAT	UNSUPPORTED	TERMINAL_MOTIF	SUPPORTED	NONE
HML-2_4q32.3	HG01496_mat_hprc_r2_v1.0.1_HML-2_4q32.3	ONE_SIDED_NO_PAIR	NONE	TTTTAT	UNSUPPORTED	TERMINAL_MOTIF	SUPPORTED	NONE
HML-2_4q32.3	HG01496_pat_hprc_r2_v1.0.1_HML-2_4q32.3	ONE_SIDED_NO_PAIR	NONE	TTTTAT	UNSUPPORTED	TERMINAL_MOTIF	SUPPORTED	NONE
HML-2_4q32.3	HG01505_h1_HML-2_4q32.3_graph_hgsvc3-2024-02-23-mc-chm13	ONE_SIDED_NO_PAIR	NONE	TTTTAT	UNSUPPORTED	TERMINAL_MOTIF	SUPPORTED	NONE
HML-2_4q32.3	HG01505_h2_HML-2_4q32.3_graph_hgsvc3-2024-02-23-mc-chm13	ONE_SIDED_NO_PAIR	NONE	TTTTAT	UNSUPPORTED	TERMINAL_MOTIF	SUPPORTED	NONE
HML-2_4q32.3	HG01530_hap1_hprc_r2_v1.0.1_HML-2_4q32.3	ONE_SIDED_NO_PAIR	NONE	TTTTAT	UNSUPPORTED	TERMINAL_MOTIF	SUPPORTED	NONE
HML-2_4q32.3	HG01530_hap2_hprc_r2_v1.0.1_HML-2_4q32.3	ONE_SIDED_NO_PAIR	NONE	TTTTAT	UNSUPPORTED	TERMINAL_MOTIF	SUPPORTED	NONE
HML-2_4q32.3	HG01573_h1_HML-2_4q32.3_graph_hgsvc3-2024-02-23-mc-chm13	ONE_SIDED_NO_PAIR	NONE	TTTTAT	UNSUPPORTED	TERMINAL_MOTIF	SUPPORTED	NONE
HML-2_4q32.3	HG01573_h2_HML-2_4q32.3_graph_hgsvc3-2024-02-23-mc-chm13	ONE_SIDED_NO_PAIR	NONE	TTTTAT	UNSUPPORTED	TERMINAL_MOTIF	SUPPORTED	NONE
HML-2_4q32.3	HG01596_h1_HML-2_4q32.3_graph_hgsvc3-2024-02-23-mc-chm13	ONE_SIDED_NO_PAIR	NONE	TTTTAT	UNSUPPORTED	TERMINAL_MOTIF	SUPPORTED	NONE
HML-2_4q32.3	HG01596_h2_HML-2_4q32.3_graph_hgsvc3-2024-02-23-mc-chm13	ONE_SIDED_NO_PAIR	NONE	TTTTAT	UNSUPPORTED	TERMINAL_MOTIF	SUPPORTED	NONE
HML-2_4q32.3	HG01784_hap1_hprc_r2_v1.0.1_HML-2_4q32.3	ONE_SIDED_NO_PAIR	NONE	TTTTAT	UNSUPPORTED	TERMINAL_MOTIF	SUPPORTED	NONE
HML-2_4q32.3	HG01784_hap2_hprc_r2_v1.0.1_HML-2_4q32.3	ONE_SIDED_NO_PAIR	NONE	TTTTAT	UNSUPPORTED	TERMINAL_MOTIF	SUPPORTED	NONE
HML-2_4q32.3	HG01786_hap1_hprc_r2_v1.0.1_HML-2_4q32.3	ONE_SIDED_NO_PAIR	NONE	TTTTAT	UNSUPPORTED	TERMINAL_MOTIF	SUPPORTED	NONE
HML-2_4q32.3	HG01786_hap2_hprc_r2_v1.0.1_HML-2_4q32.3	ONE_SIDED_NO_PAIR	NONE	TTTTAT	UNSUPPORTED	TERMINAL_MOTIF	SUPPORTED	NONE
HML-2_4q32.3	HG01884_mat_hprc_r2_v1.0.1_HML-2_4q32.3	ONE_SIDED_NO_PAIR	NONE	TTTTAT	UNSUPPORTED	TERMINAL_MOTIF	SUPPORTED	NONE
HML-2_4q32.3	HG01884_pat_hprc_r2_v1.0.1_HML-2_4q32.3	ONE_SIDED_NO_PAIR	NONE	TTTTAT	UNSUPPORTED	TERMINAL_MOTIF	SUPPORTED	NONE
HML-2_4q32.3	HG01890_h1_HML-2_4q32.3_graph_hgsvc3-2024-02-23-mc-chm13	ONE_SIDED_NO_PAIR	NONE	TTTTAT	UNSUPPORTED	TERMINAL_MOTIF	SUPPORTED	NONE
HML-2_4q32.3	HG01890_h2_HML-2_4q32.3_graph_hgsvc3-2024-02-23-mc-chm13	ONE_SIDED_NO_PAIR	NONE	TTTTAT	UNSUPPORTED	TERMINAL_MOTIF	SUPPORTED	NONE
HML-2_4q32.3	HG01891_mat_hprc_r2_v1.0.1_HML-2_4q32.3	ONE_SIDED_NO_PAIR	NONE	TTTTAT	UNSUPPORTED	TERMINAL_MOTIF	SUPPORTED	NONE
HML-2_4q32.3	HG01891_pat_hprc_r2_v1.0.1_HML-2_4q32.3	ONE_SIDED_NO_PAIR	NONE	TTTTAT	UNSUPPORTED	TERMINAL_MOTIF	SUPPORTED	NONE
HML-2_4q32.3	HG01928_mat_hprc_r2_v1.0.1_HML-2_4q32.3	ONE_SIDED_NO_PAIR	NONE	TTTTAT	UNSUPPORTED	TERMINAL_MOTIF	SUPPORTED	NONE
HML-2_4q32.3	HG01928_pat_hprc_r2_v1.0.1_HML-2_4q32.3	ONE_SIDED_NO_PAIR	NONE	TTTTAT	UNSUPPORTED	TERMINAL_MOTIF	SUPPORTED	NONE
HML-2_4q32.3	HG01934_mat_hprc_r2_v1.0.1_HML-2_4q32.3	ONE_SIDED_NO_PAIR	NONE	TTTTAT	UNSUPPORTED	TERMINAL_MOTIF	SUPPORTED	NONE
HML-2_4q32.3	HG01934_pat_hprc_r2_v1.0.1_HML-2_4q32.3	ONE_SIDED_NO_PAIR	NONE	TTTTAT	UNSUPPORTED	TERMINAL_MOTIF	SUPPORTED	NONE
HML-2_4q32.3	HG01940_mat_hprc_r2_v1.0.1_HML-2_4q32.3	ONE_SIDED_NO_PAIR	NONE	TTTTAT	UNSUPPORTED	TERMINAL_MOTIF	SUPPORTED	NONE
HML-2_4q32.3	HG01940_pat_hprc_r2_v1.0.1_HML-2_4q32.3	ONE_SIDED_NO_PAIR	NONE	TTTTAT	UNSUPPORTED	TERMINAL_MOTIF	SUPPORTED	NONE
HML-2_4q32.3	HG01943_mat_hprc_r2_v1.0.1_HML-2_4q32.3	ONE_SIDED_NO_PAIR	NONE	TTTTAT	UNSUPPORTED	TERMINAL_MOTIF	SUPPORTED	NONE
HML-2_4q32.3	HG01943_pat_hprc_r2_v1.0.1_HML-2_4q32.3	ONE_SIDED_NO_PAIR	NONE	TTTTAT	UNSUPPORTED	TERMINAL_MOTIF	SUPPORTED	NONE
HML-2_4q32.3	HG01952_mat_hprc_r2_v1.0.1_HML-2_4q32.3	ONE_SIDED_NO_PAIR	NONE	TTTTAT	UNSUPPORTED	TERMINAL_MOTIF	SUPPORTED	NONE
HML-2_4q32.3	HG01952_pat_hprc_r2_v1.0.1_HML-2_4q32.3	ONE_SIDED_NO_PAIR	NONE	TTTTAT	UNSUPPORTED	TERMINAL_MOTIF	SUPPORTED	NONE
HML-2_4q32.3	HG01960_mat_hprc_r2_v1.0.1_HML-2_4q32.3	ONE_SIDED_NO_PAIR	NONE	TTTTAT	UNSUPPORTED	TERMINAL_MOTIF	SUPPORTED	NONE
HML-2_4q32.3	HG01960_pat_hprc_r2_v1.0.1_HML-2_4q32.3	ONE_SIDED_NO_PAIR	NONE	TTTTAT	UNSUPPORTED	TERMINAL_MOTIF	SUPPORTED	NONE
HML-2_4q32.3	HG01969_mat_hprc_r2_v1.0.1_HML-2_4q32.3	ONE_SIDED_NO_PAIR	NONE	TTTTAT	UNSUPPORTED	TERMINAL_MOTIF	SUPPORTED	NONE
HML-2_4q32.3	HG01969_pat_hprc_r2_v1.0.1_HML-2_4q32.3	ONE_SIDED_NO_PAIR	NONE	TTTTAT	UNSUPPORTED	TERMINAL_MOTIF	SUPPORTED	NONE
HML-2_4q32.3	HG01975_mat_hprc_r2_v1.0.1_HML-2_4q32.3	ONE_SIDED_NO_PAIR	NONE	TTTTAT	UNSUPPORTED	TERMINAL_MOTIF	SUPPORTED	NONE
HML-2_4q32.3	HG01975_pat_hprc_r2_v1.0.1_HML-2_4q32.3	ONE_SIDED_NO_PAIR	NONE	TTTTAT	UNSUPPORTED	TERMINAL_MOTIF	SUPPORTED	NONE
HML-2_4q32.3	HG01978_mat_hprc_r2_v1.1.0_HML-2_4q32.3	ONE_SIDED_NO_PAIR	NONE	TTTTAT	UNSUPPORTED	TERMINAL_MOTIF	SUPPORTED	NONE
HML-2_4q32.3	HG01978_pat_hprc_r2_v1.1.0_HML-2_4q32.3	ONE_SIDED_NO_PAIR	NONE	TTTTAT	UNSUPPORTED	TERMINAL_MOTIF	SUPPORTED	NONE
HML-2_4q32.3	HG01981_mat_hprc_r2_v1.0.1_HML-2_4q32.3	ONE_SIDED_NO_PAIR	NONE	TTTTAT	UNSUPPORTED	TERMINAL_MOTIF	SUPPORTED	NONE
HML-2_4q32.3	HG01981_pat_hprc_r2_v1.0.1_HML-2_4q32.3	ONE_SIDED_NO_PAIR	NONE	TTTTAT	UNSUPPORTED	TERMINAL_MOTIF	SUPPORTED	NONE
HML-2_4q32.3	HG01993_mat_hprc_r2_v1.0.1_HML-2_4q32.3	ONE_SIDED_NO_PAIR	NONE	TTTTAT	UNSUPPORTED	TERMINAL_MOTIF	SUPPORTED	NONE
HML-2_4q32.3	HG01993_pat_hprc_r2_v1.0.1_HML-2_4q32.3	ONE_SIDED_NO_PAIR	NONE	TTTTAT	UNSUPPORTED	TERMINAL_MOTIF	SUPPORTED	NONE
HML-2_4q32.3	HG02004_mat_hprc_r2_v1.0.1_HML-2_4q32.3	ONE_SIDED_NO_PAIR	NONE	TTTTAT	UNSUPPORTED	TERMINAL_MOTIF	SUPPORTED	NONE
HML-2_4q32.3	HG02004_pat_hprc_r2_v1.0.1_HML-2_4q32.3	ONE_SIDED_NO_PAIR	NONE	TTTTAT	UNSUPPORTED	TERMINAL_MOTIF	SUPPORTED	NONE
HML-2_4q32.3	HG02011_h1_HML-2_4q32.3_graph_hgsvc3-2024-02-23-mc-chm13	ONE_SIDED_NO_PAIR	NONE	TTTTAT	UNSUPPORTED	TERMINAL_MOTIF	SUPPORTED	NONE
HML-2_4q32.3	HG02011_h2_HML-2_4q32.3_graph_hgsvc3-2024-02-23-mc-chm13	ONE_SIDED_NO_PAIR	NONE	TTTTAT	UNSUPPORTED	TERMINAL_MOTIF	SUPPORTED	NONE
HML-2_4q32.3	HG02015_mat_hprc_r2_v1.0.1_HML-2_4q32.3	ONE_SIDED_NO_PAIR	NONE	TTTTAT	UNSUPPORTED	TERMINAL_MOTIF	SUPPORTED	NONE
HML-2_4q32.3	HG02015_pat_hprc_r2_v1.0.1_HML-2_4q32.3	ONE_SIDED_NO_PAIR	NONE	TTTTAT	UNSUPPORTED	TERMINAL_MOTIF	SUPPORTED	NONE
HML-2_4q32.3	HG02018_h1_HML-2_4q32.3_graph_hgsvc3-2024-02-23-mc-chm13	ONE_SIDED_NO_PAIR	NONE	TTTTAT	UNSUPPORTED	TERMINAL_MOTIF	SUPPORTED	NONE
HML-2_4q32.3	HG02018_h2_HML-2_4q32.3_graph_hgsvc3-2024-02-23-mc-chm13	ONE_SIDED_NO_PAIR	NONE	TTTTAT	UNSUPPORTED	TERMINAL_MOTIF	SUPPORTED	NONE
HML-2_4q32.3	HG02027_mat_hprc_r2_v1.0.1_HML-2_4q32.3	ONE_SIDED_NO_PAIR	NONE	TTTTAT	UNSUPPORTED	TERMINAL_MOTIF	SUPPORTED	NONE
HML-2_4q32.3	HG02027_pat_hprc_r2_v1.0.1_HML-2_4q32.3	ONE_SIDED_NO_PAIR	NONE	TTTTAT	UNSUPPORTED	TERMINAL_MOTIF	SUPPORTED	NONE
HML-2_4q32.3	HG02040_hap1_hprc_r2_v1.0.1_HML-2_4q32.3	ONE_SIDED_NO_PAIR	NONE	TTTTAT	UNSUPPORTED	TERMINAL_MOTIF	SUPPORTED	NONE
HML-2_4q32.3	HG02040_hap2_hprc_r2_v1.0.1_HML-2_4q32.3	ONE_SIDED_NO_PAIR	NONE	TTTTAT	UNSUPPORTED	TERMINAL_MOTIF	SUPPORTED	NONE
HML-2_4q32.3	HG02055_mat_hprc_r2_v1.0.1_HML-2_4q32.3	ONE_SIDED_NO_PAIR	NONE	TTTTAT	UNSUPPORTED	TERMINAL_MOTIF	SUPPORTED	NONE
HML-2_4q32.3	HG02055_pat_hprc_r2_v1.0.1_HML-2_4q32.3	ONE_SIDED_NO_PAIR	NONE	TTTTAT	UNSUPPORTED	TERMINAL_MOTIF	SUPPORTED	NONE
HML-2_4q32.3	HG02056_mat_hprc_r2_v1.0.1_HML-2_4q32.3	ONE_SIDED_NO_PAIR	NONE	TTTTAT	UNSUPPORTED	TERMINAL_MOTIF	SUPPORTED	NONE
HML-2_4q32.3	HG02056_pat_hprc_r2_v1.0.1_HML-2_4q32.3	ONE_SIDED_NO_PAIR	NONE	TTTTAT	UNSUPPORTED	TERMINAL_MOTIF	SUPPORTED	NONE
HML-2_4q32.3	HG02059_h1_HML-2_4q32.3_graph_hgsvc3-2024-02-23-mc-chm13	ONE_SIDED_NO_PAIR	NONE	TTTTAT	UNSUPPORTED	TERMINAL_MOTIF	SUPPORTED	NONE
HML-2_4q32.3	HG02059_h2_HML-2_4q32.3_graph_hgsvc3-2024-02-23-mc-chm13	ONE_SIDED_NO_PAIR	NONE	TTTTAT	UNSUPPORTED	TERMINAL_MOTIF	SUPPORTED	NONE
HML-2_4q32.3	HG02071_mat_hprc_r2_v1.0.1_HML-2_4q32.3	ONE_SIDED_NO_PAIR	NONE	TTTTAT	UNSUPPORTED	TERMINAL_MOTIF	SUPPORTED	NONE
HML-2_4q32.3	HG02071_pat_hprc_r2_v1.0.1_HML-2_4q32.3	ONE_SIDED_NO_PAIR	NONE	TTTTAT	UNSUPPORTED	TERMINAL_MOTIF	SUPPORTED	NONE
HML-2_4q32.3	HG02074_mat_hprc_r2_v1.0.1_HML-2_4q32.3	ONE_SIDED_NO_PAIR	NONE	TTTTAT	UNSUPPORTED	TERMINAL_MOTIF	SUPPORTED	NONE
HML-2_4q32.3	HG02074_pat_hprc_r2_v1.0.1_HML-2_4q32.3	ONE_SIDED_NO_PAIR	NONE	TTTTAT	UNSUPPORTED	TERMINAL_MOTIF	SUPPORTED	NONE
HML-2_4q32.3	HG02080_mat_hprc_r2_v1.0.1_HML-2_4q32.3	ONE_SIDED_NO_PAIR	NONE	TTTTAT	UNSUPPORTED	TERMINAL_MOTIF	SUPPORTED	NONE
HML-2_4q32.3	HG02080_pat_hprc_r2_v1.0.1_HML-2_4q32.3	ONE_SIDED_NO_PAIR	NONE	TTTTAT	UNSUPPORTED	TERMINAL_MOTIF	SUPPORTED	NONE
HML-2_4q32.3	HG02083_mat_hprc_r2_v1.0.1_HML-2_4q32.3	ONE_SIDED_NO_PAIR	NONE	TTTTAT	UNSUPPORTED	TERMINAL_MOTIF	SUPPORTED	NONE
HML-2_4q32.3	HG02083_pat_hprc_r2_v1.0.1_HML-2_4q32.3	ONE_SIDED_NO_PAIR	NONE	TTTTAT	UNSUPPORTED	TERMINAL_MOTIF	SUPPORTED	NONE
HML-2_4q32.3	HG02106_h1_HML-2_4q32.3_graph_hgsvc3-2024-02-23-mc-chm13	ONE_SIDED_NO_PAIR	NONE	TTTTAT	UNSUPPORTED	TERMINAL_MOTIF	SUPPORTED	NONE
HML-2_4q32.3	HG02106_h2_HML-2_4q32.3_graph_hgsvc3-2024-02-23-mc-chm13	ONE_SIDED_NO_PAIR	NONE	TTTTAT	UNSUPPORTED	TERMINAL_MOTIF	SUPPORTED	NONE
HML-2_4q32.3	HG02109_mat_hprc_r2_v1.0.1_HML-2_4q32.3	ONE_SIDED_NO_PAIR	NONE	TTTTAT	UNSUPPORTED	TERMINAL_MOTIF	SUPPORTED	NONE
HML-2_4q32.3	HG02109_pat_hprc_r2_v1.0.1_HML-2_4q32.3	ONE_SIDED_NO_PAIR	NONE	TTTTAT	UNSUPPORTED	TERMINAL_MOTIF	SUPPORTED	NONE
HML-2_4q32.3	HG02129_mat_hprc_r2_v1.0.1_HML-2_4q32.3	ONE_SIDED_NO_PAIR	NONE	TTTTAT	UNSUPPORTED	TERMINAL_MOTIF	SUPPORTED	NONE
HML-2_4q32.3	HG02129_pat_hprc_r2_v1.0.1_HML-2_4q32.3	ONE_SIDED_NO_PAIR	NONE	TTTTAT	UNSUPPORTED	TERMINAL_MOTIF	SUPPORTED	NONE
HML-2_4q32.3	HG02132_mat_hprc_r2_v1.0.1_HML-2_4q32.3	ONE_SIDED_NO_PAIR	NONE	TTTTAT	UNSUPPORTED	TERMINAL_MOTIF	SUPPORTED	NONE
HML-2_4q32.3	HG02132_pat_hprc_r2_v1.0.1_HML-2_4q32.3	ONE_SIDED_NO_PAIR	NONE	TTTTAT	UNSUPPORTED	TERMINAL_MOTIF	SUPPORTED	NONE
HML-2_4q32.3	HG02135_mat_hprc_r2_v1.0.1_HML-2_4q32.3	ONE_SIDED_NO_PAIR	NONE	TTTTAT	UNSUPPORTED	TERMINAL_MOTIF	SUPPORTED	NONE
HML-2_4q32.3	HG02135_pat_hprc_r2_v1.0.1_HML-2_4q32.3	ONE_SIDED_NO_PAIR	NONE	TTTTAT	UNSUPPORTED	TERMINAL_MOTIF	SUPPORTED	NONE
HML-2_4q32.3	HG02145_mat_hprc_r2_v1.0.1_HML-2_4q32.3	ONE_SIDED_NO_PAIR	NONE	TTTTAT	UNSUPPORTED	TERMINAL_MOTIF	SUPPORTED	NONE
HML-2_4q32.3	HG02145_pat_hprc_r2_v1.0.1_HML-2_4q32.3	ONE_SIDED_NO_PAIR	NONE	TTTTAT	UNSUPPORTED	TERMINAL_MOTIF	SUPPORTED	NONE
HML-2_4q32.3	HG02148_mat_hprc_r2_v1.0.1_HML-2_4q32.3	ONE_SIDED_NO_PAIR	NONE	TTTTAT	UNSUPPORTED	TERMINAL_MOTIF	SUPPORTED	NONE
HML-2_4q32.3	HG02148_pat_hprc_r2_v1.0.1_HML-2_4q32.3	ONE_SIDED_NO_PAIR	NONE	TTTTAT	UNSUPPORTED	TERMINAL_MOTIF	SUPPORTED	NONE
HML-2_4q32.3	HG02155_hap1_hprc_r2_v1.0.1_HML-2_4q32.3	ONE_SIDED_NO_PAIR	NONE	TTTTAT	UNSUPPORTED	TERMINAL_MOTIF	SUPPORTED	NONE
HML-2_4q32.3	HG02155_hap2_hprc_r2_v1.0.1_HML-2_4q32.3	ONE_SIDED_NO_PAIR	NONE	TTTTAT	UNSUPPORTED	TERMINAL_MOTIF	SUPPORTED	NONE
HML-2_4q32.3	HG02165_hap1_hprc_r2_v1.0.1_HML-2_4q32.3	ONE_SIDED_NO_PAIR	NONE	TTTTAT	UNSUPPORTED	TERMINAL_MOTIF	SUPPORTED	NONE
HML-2_4q32.3	HG02165_hap2_hprc_r2_v1.0.1_HML-2_4q32.3	ONE_SIDED_NO_PAIR	NONE	TTTTAT	UNSUPPORTED	TERMINAL_MOTIF	SUPPORTED	NONE
HML-2_4q32.3	HG02178_hap1_hprc_r2_v1.0.1_HML-2_4q32.3	ONE_SIDED_NO_PAIR	NONE	TTTTAT	UNSUPPORTED	TERMINAL_MOTIF	SUPPORTED	NONE
HML-2_4q32.3	HG02178_hap2_hprc_r2_v1.0.1_HML-2_4q32.3	ONE_SIDED_NO_PAIR	NONE	TTTTAT	UNSUPPORTED	TERMINAL_MOTIF	SUPPORTED	NONE
HML-2_4q32.3	HG02257_mat_hprc_r2_v1.1.0_HML-2_4q32.3	ONE_SIDED_NO_PAIR	NONE	TTTTAT	UNSUPPORTED	TERMINAL_MOTIF	SUPPORTED	NONE
HML-2_4q32.3	HG02257_pat_hprc_r2_v1.1.0_HML-2_4q32.3	ONE_SIDED_NO_PAIR	NONE	TTTTAT	UNSUPPORTED	TERMINAL_MOTIF	SUPPORTED	NONE
HML-2_4q32.3	HG02258_mat_hprc_r2_v1.0.1_HML-2_4q32.3	ONE_SIDED_NO_PAIR	NONE	TTTTAT	UNSUPPORTED	TERMINAL_MOTIF	SUPPORTED	NONE
HML-2_4q32.3	HG02258_pat_hprc_r2_v1.0.1_HML-2_4q32.3	ONE_SIDED_NO_PAIR	NONE	TTTTAT	UNSUPPORTED	TERMINAL_MOTIF	SUPPORTED	NONE
HML-2_4q32.3	HG02273_hap1_hprc_r2_v1.0.1_HML-2_4q32.3	ONE_SIDED_NO_PAIR	NONE	TTTTAT	UNSUPPORTED	TERMINAL_MOTIF	SUPPORTED	NONE
HML-2_4q32.3	HG02273_hap2_hprc_r2_v1.0.1_HML-2_4q32.3	ONE_SIDED_NO_PAIR	NONE	TTTTAT	UNSUPPORTED	TERMINAL_MOTIF	SUPPORTED	NONE
HML-2_4q32.3	HG02280_mat_hprc_r2_v1.0.1_HML-2_4q32.3	ONE_SIDED_NO_PAIR	NONE	TTTTAT	UNSUPPORTED	TERMINAL_MOTIF	SUPPORTED	NONE
HML-2_4q32.3	HG02280_pat_hprc_r2_v1.0.1_HML-2_4q32.3	ONE_SIDED_NO_PAIR	NONE	TTTTAT	UNSUPPORTED	TERMINAL_MOTIF	SUPPORTED	NONE
HML-2_4q32.3	HG02282_h1_HML-2_4q32.3_graph_hgsvc3-2024-02-23-mc-chm13	ONE_SIDED_NO_PAIR	NONE	TTTTAT	UNSUPPORTED	TERMINAL_MOTIF	SUPPORTED	NONE
HML-2_4q32.3	HG02282_h2_HML-2_4q32.3_graph_hgsvc3-2024-02-23-mc-chm13	ONE_SIDED_NO_PAIR	NONE	TTTTAT	UNSUPPORTED	TERMINAL_MOTIF	SUPPORTED	NONE
HML-2_4q32.3	HG02293_mat_hprc_r2_v1.0.1_HML-2_4q32.3	ONE_SIDED_NO_PAIR	NONE	TTTTAT	UNSUPPORTED	TERMINAL_MOTIF	SUPPORTED	NONE
HML-2_4q32.3	HG02293_pat_hprc_r2_v1.0.1_HML-2_4q32.3	ONE_SIDED_NO_PAIR	NONE	TTTTAT	UNSUPPORTED	TERMINAL_MOTIF	SUPPORTED	NONE
HML-2_4q32.3	HG02300_mat_hprc_r2_v1.0.1_HML-2_4q32.3	ONE_SIDED_NO_PAIR	NONE	TTTTAT	UNSUPPORTED	TERMINAL_MOTIF	SUPPORTED	NONE
HML-2_4q32.3	HG02300_pat_hprc_r2_v1.0.1_HML-2_4q32.3	ONE_SIDED_NO_PAIR	NONE	TTTTAT	UNSUPPORTED	TERMINAL_MOTIF	SUPPORTED	NONE
HML-2_4q32.3	HG02391_hap1_hprc_r2_v1.0.1_HML-2_4q32.3	ONE_SIDED_NO_PAIR	NONE	TTTTAT	UNSUPPORTED	TERMINAL_MOTIF	SUPPORTED	NONE
HML-2_4q32.3	HG02391_hap2_hprc_r2_v1.0.1_HML-2_4q32.3	ONE_SIDED_NO_PAIR	NONE	TTTTAT	UNSUPPORTED	TERMINAL_MOTIF	SUPPORTED	NONE
HML-2_4q32.3	HG02392_hap1_hprc_r2_v1.0.1_HML-2_4q32.3	ONE_SIDED_NO_PAIR	NONE	TTTTAT	UNSUPPORTED	TERMINAL_MOTIF	SUPPORTED	NONE
HML-2_4q32.3	HG02392_hap2_hprc_r2_v1.0.1_HML-2_4q32.3	ONE_SIDED_NO_PAIR	NONE	TTTTAT	UNSUPPORTED	TERMINAL_MOTIF	SUPPORTED	NONE
HML-2_4q32.3	HG02451_mat_hprc_r2_v1.0.1_HML-2_4q32.3	ONE_SIDED_NO_PAIR	NONE	TTTTAT	UNSUPPORTED	TERMINAL_MOTIF	SUPPORTED	NONE
HML-2_4q32.3	HG02451_pat_hprc_r2_v1.0.1_HML-2_4q32.3	ONE_SIDED_NO_PAIR	NONE	TTTTAT	UNSUPPORTED	TERMINAL_MOTIF	SUPPORTED	NONE
HML-2_4q32.3	HG02486_mat_hprc_r2_v1.0.1_HML-2_4q32.3	ONE_SIDED_NO_PAIR	NONE	TTTTAT	UNSUPPORTED	TERMINAL_MOTIF	SUPPORTED	NONE
HML-2_4q32.3	HG02486_pat_hprc_r2_v1.0.1_HML-2_4q32.3	ONE_SIDED_NO_PAIR	NONE	TTTTAT	UNSUPPORTED	TERMINAL_MOTIF	SUPPORTED	NONE
HML-2_4q32.3	HG02492_h1_HML-2_4q32.3_graph_hgsvc3-2024-02-23-mc-chm13	ONE_SIDED_NO_PAIR	NONE	TTTTAT	UNSUPPORTED	TERMINAL_MOTIF	SUPPORTED	NONE
HML-2_4q32.3	HG02492_h2_HML-2_4q32.3_graph_hgsvc3-2024-02-23-mc-chm13	ONE_SIDED_NO_PAIR	NONE	TTTTAT	UNSUPPORTED	TERMINAL_MOTIF	SUPPORTED	NONE
HML-2_4q32.3	HG02514_mat_hprc_r2_v1.0.1_HML-2_4q32.3	ONE_SIDED_NO_PAIR	NONE	TTTTAT	UNSUPPORTED	TERMINAL_MOTIF	SUPPORTED	NONE
HML-2_4q32.3	HG02514_pat_hprc_r2_v1.0.1_HML-2_4q32.3	ONE_SIDED_NO_PAIR	NONE	TTTTAT	UNSUPPORTED	TERMINAL_MOTIF	SUPPORTED	NONE
HML-2_4q32.3	HG02523_mat_hprc_r2_v1.0.1_HML-2_4q32.3	ONE_SIDED_NO_PAIR	NONE	TTTTAT	UNSUPPORTED	TERMINAL_MOTIF	SUPPORTED	NONE
HML-2_4q32.3	HG02523_pat_hprc_r2_v1.0.1_HML-2_4q32.3	ONE_SIDED_NO_PAIR	NONE	TTTTAT	UNSUPPORTED	TERMINAL_MOTIF	SUPPORTED	NONE
HML-2_4q32.3	HG02554_h1_HML-2_4q32.3_graph_hgsvc3-2024-02-23-mc-chm13	ONE_SIDED_NO_PAIR	NONE	TTTTAT	UNSUPPORTED	TERMINAL_MOTIF	SUPPORTED	NONE
HML-2_4q32.3	HG02554_h2_HML-2_4q32.3_graph_hgsvc3-2024-02-23-mc-chm13	ONE_SIDED_NO_PAIR	NONE	TTTTAT	UNSUPPORTED	TERMINAL_MOTIF	SUPPORTED	NONE
HML-2_4q32.3	HG02559_mat_hprc_r2_v1.0.1_HML-2_4q32.3	ONE_SIDED_NO_PAIR	NONE	TTTTAT	UNSUPPORTED	TERMINAL_MOTIF	SUPPORTED	NONE
HML-2_4q32.3	HG02559_pat_hprc_r2_v1.0.1_HML-2_4q32.3	ONE_SIDED_NO_PAIR	NONE	TTTTAT	UNSUPPORTED	TERMINAL_MOTIF	SUPPORTED	NONE
HML-2_4q32.3	HG02572_mat_hprc_r2_v1.0.1_HML-2_4q32.3	ONE_SIDED_NO_PAIR	NONE	TTTTAT	UNSUPPORTED	TERMINAL_MOTIF	SUPPORTED	NONE
HML-2_4q32.3	HG02572_pat_hprc_r2_v1.0.1_HML-2_4q32.3	ONE_SIDED_NO_PAIR	NONE	TTTTAT	UNSUPPORTED	TERMINAL_MOTIF	SUPPORTED	NONE
HML-2_4q32.3	HG02583_hap1_hprc_r2_v1.0.1_HML-2_4q32.3	ONE_SIDED_NO_PAIR	NONE	TTTTAT	UNSUPPORTED	TERMINAL_MOTIF	SUPPORTED	NONE
HML-2_4q32.3	HG02583_hap2_hprc_r2_v1.0.1_HML-2_4q32.3	ONE_SIDED_NO_PAIR	NONE	TTTTAT	UNSUPPORTED	TERMINAL_MOTIF	SUPPORTED	NONE
HML-2_4q32.3	HG02587_h1_HML-2_4q32.3_graph_hgsvc3-2024-02-23-mc-chm13	ONE_SIDED_NO_PAIR	NONE	TTTTAT	UNSUPPORTED	TERMINAL_MOTIF	SUPPORTED	NONE
HML-2_4q32.3	HG02587_h2_HML-2_4q32.3_graph_hgsvc3-2024-02-23-mc-chm13	ONE_SIDED_NO_PAIR	NONE	TTTTAT	UNSUPPORTED	TERMINAL_MOTIF	SUPPORTED	NONE
HML-2_4q32.3	HG02602_mat_hprc_r2_v1.0.1_HML-2_4q32.3	ONE_SIDED_NO_PAIR	NONE	TTTTAT	UNSUPPORTED	TERMINAL_MOTIF	SUPPORTED	NONE
HML-2_4q32.3	HG02602_pat_hprc_r2_v1.0.1_HML-2_4q32.3	ONE_SIDED_NO_PAIR	NONE	TTTTAT	UNSUPPORTED	TERMINAL_MOTIF	SUPPORTED	NONE
HML-2_4q32.3	HG02615_mat_hprc_r2_v1.0.1_HML-2_4q32.3	ONE_SIDED_NO_PAIR	NONE	TTTTAT	UNSUPPORTED	TERMINAL_MOTIF	SUPPORTED	NONE
HML-2_4q32.3	HG02615_pat_hprc_r2_v1.0.1_HML-2_4q32.3	ONE_SIDED_NO_PAIR	NONE	TTTTAT	UNSUPPORTED	TERMINAL_MOTIF	SUPPORTED	NONE
HML-2_4q32.3	HG02622_mat_hprc_r2_v1.0.1_HML-2_4q32.3	ONE_SIDED_NO_PAIR	NONE	TTTTAT	UNSUPPORTED	TERMINAL_MOTIF	SUPPORTED	NONE
HML-2_4q32.3	HG02622_pat_hprc_r2_v1.0.1_HML-2_4q32.3	ONE_SIDED_NO_PAIR	NONE	TTTTAT	UNSUPPORTED	TERMINAL_MOTIF	SUPPORTED	NONE
HML-2_4q32.3	HG02630_mat_hprc_r2_v1.0.1_HML-2_4q32.3	ONE_SIDED_NO_PAIR	NONE	TTTTAT	UNSUPPORTED	TERMINAL_MOTIF	SUPPORTED	NONE
HML-2_4q32.3	HG02630_pat_hprc_r2_v1.0.1_HML-2_4q32.3	ONE_SIDED_NO_PAIR	NONE	TTTTAT	UNSUPPORTED	TERMINAL_MOTIF	SUPPORTED	NONE
HML-2_4q32.3	HG02647_mat_hprc_r2_v1.0.1_HML-2_4q32.3	ONE_SIDED_NO_PAIR	NONE	TTTTAT	UNSUPPORTED	TERMINAL_MOTIF	SUPPORTED	NONE
HML-2_4q32.3	HG02647_pat_hprc_r2_v1.0.1_HML-2_4q32.3	ONE_SIDED_NO_PAIR	NONE	TTTTAT	UNSUPPORTED	TERMINAL_MOTIF	SUPPORTED	NONE
HML-2_4q32.3	HG02666_h1_HML-2_4q32.3_graph_hgsvc3-2024-02-23-mc-chm13	ONE_SIDED_NO_PAIR	NONE	TTTTAT	UNSUPPORTED	TERMINAL_MOTIF	SUPPORTED	NONE
HML-2_4q32.3	HG02666_h2_HML-2_4q32.3_graph_hgsvc3-2024-02-23-mc-chm13	ONE_SIDED_NO_PAIR	NONE	TTTTAT	UNSUPPORTED	TERMINAL_MOTIF	SUPPORTED	NONE
HML-2_4q32.3	HG02668_mat_hprc_r2_v1.0.1_HML-2_4q32.3	ONE_SIDED_NO_PAIR	NONE	TTTTAT	UNSUPPORTED	TERMINAL_MOTIF	SUPPORTED	NONE
HML-2_4q32.3	HG02668_pat_hprc_r2_v1.0.1_HML-2_4q32.3	ONE_SIDED_NO_PAIR	NONE	TTTTAT	UNSUPPORTED	TERMINAL_MOTIF	SUPPORTED	NONE
HML-2_4q32.3	HG02698_mat_hprc_r2_v1.0.1_HML-2_4q32.3	ONE_SIDED_NO_PAIR	NONE	TTTTAT	UNSUPPORTED	TERMINAL_MOTIF	SUPPORTED	NONE
HML-2_4q32.3	HG02698_pat_hprc_r2_v1.0.1_HML-2_4q32.3	ONE_SIDED_NO_PAIR	NONE	TTTTAT	UNSUPPORTED	TERMINAL_MOTIF	SUPPORTED	NONE
HML-2_4q32.3	HG02717_mat_hprc_r2_v1.0.1_HML-2_4q32.3	ONE_SIDED_NO_PAIR	NONE	TTTTAT	UNSUPPORTED	TERMINAL_MOTIF	SUPPORTED	NONE
HML-2_4q32.3	HG02717_pat_hprc_r2_v1.0.1_HML-2_4q32.3	ONE_SIDED_NO_PAIR	NONE	TTTTAT	UNSUPPORTED	TERMINAL_MOTIF	SUPPORTED	NONE
HML-2_4q32.3	HG02723_mat_hprc_r2_v1.0.1_HML-2_4q32.3	ONE_SIDED_NO_PAIR	NONE	TTTTAT	UNSUPPORTED	TERMINAL_MOTIF	SUPPORTED	NONE
HML-2_4q32.3	HG02723_pat_hprc_r2_v1.0.1_HML-2_4q32.3	ONE_SIDED_NO_PAIR	NONE	TTTTAT	UNSUPPORTED	TERMINAL_MOTIF	SUPPORTED	NONE
HML-2_4q32.3	HG02735_mat_hprc_r2_v1.0.1_HML-2_4q32.3	ONE_SIDED_NO_PAIR	NONE	TTTTAT	UNSUPPORTED	TERMINAL_MOTIF	SUPPORTED	NONE
HML-2_4q32.3	HG02735_pat_hprc_r2_v1.0.1_HML-2_4q32.3	ONE_SIDED_NO_PAIR	NONE	TTTTAT	UNSUPPORTED	TERMINAL_MOTIF	SUPPORTED	NONE
HML-2_4q32.3	HG02738_mat_hprc_r2_v1.0.1_HML-2_4q32.3	ONE_SIDED_NO_PAIR	NONE	TTTTAT	UNSUPPORTED	TERMINAL_MOTIF	SUPPORTED	NONE
HML-2_4q32.3	HG02738_pat_hprc_r2_v1.0.1_HML-2_4q32.3	ONE_SIDED_NO_PAIR	NONE	TTTTAT	UNSUPPORTED	TERMINAL_MOTIF	SUPPORTED	NONE
HML-2_4q32.3	HG02769_h1_HML-2_4q32.3_graph_hgsvc3-2024-02-23-mc-chm13	ONE_SIDED_NO_PAIR	NONE	TTTTAT	UNSUPPORTED	TERMINAL_MOTIF	SUPPORTED	NONE
HML-2_4q32.3	HG02769_h2_HML-2_4q32.3_graph_hgsvc3-2024-02-23-mc-chm13	ONE_SIDED_NO_PAIR	NONE	TTTTAT	UNSUPPORTED	TERMINAL_MOTIF	SUPPORTED	NONE
HML-2_4q32.3	HG02809_mat_hprc_r2_v1.0.1_HML-2_4q32.3	ONE_SIDED_NO_PAIR	NONE	TTTTAT	UNSUPPORTED	TERMINAL_MOTIF	SUPPORTED	NONE
HML-2_4q32.3	HG02809_pat_hprc_r2_v1.0.1_HML-2_4q32.3	ONE_SIDED_NO_PAIR	NONE	TTTTAT	UNSUPPORTED	TERMINAL_MOTIF	SUPPORTED	NONE
HML-2_4q32.3	HG02818_mat_hprc_r2_v1.0.1_HML-2_4q32.3	ONE_SIDED_NO_PAIR	NONE	TTTTAT	UNSUPPORTED	TERMINAL_MOTIF	SUPPORTED	NONE
HML-2_4q32.3	HG02818_pat_hprc_r2_v1.0.1_HML-2_4q32.3	ONE_SIDED_NO_PAIR	NONE	TTTTAT	UNSUPPORTED	TERMINAL_MOTIF	SUPPORTED	NONE
HML-2_4q32.3	HG02841_mat_hprc_r2_v1.0.1_HML-2_4q32.3	ONE_SIDED_NO_PAIR	NONE	TTTTAT	UNSUPPORTED	TERMINAL_MOTIF	SUPPORTED	NONE
HML-2_4q32.3	HG02841_pat_hprc_r2_v1.0.1_HML-2_4q32.3	ONE_SIDED_NO_PAIR	NONE	TTTTAT	UNSUPPORTED	TERMINAL_MOTIF	SUPPORTED	NONE
HML-2_4q32.3	HG02886_mat_hprc_r2_v1.0.1_HML-2_4q32.3	ONE_SIDED_NO_PAIR	NONE	TTTTAT	UNSUPPORTED	TERMINAL_MOTIF	SUPPORTED	NONE
HML-2_4q32.3	HG02886_pat_hprc_r2_v1.0.1_HML-2_4q32.3	ONE_SIDED_NO_PAIR	NONE	TTTTAT	UNSUPPORTED	TERMINAL_MOTIF	SUPPORTED	NONE
HML-2_4q32.3	HG02922_hap1_hprc_r2_v1.0.1_HML-2_4q32.3	ONE_SIDED_NO_PAIR	NONE	TTTTAT	UNSUPPORTED	TERMINAL_MOTIF	SUPPORTED	NONE
HML-2_4q32.3	HG02922_hap2_hprc_r2_v1.0.1_HML-2_4q32.3	ONE_SIDED_NO_PAIR	NONE	TTTTAT	UNSUPPORTED	TERMINAL_MOTIF	SUPPORTED	NONE
HML-2_4q32.3	HG02953_h1_HML-2_4q32.3_graph_hgsvc3-2024-02-23-mc-chm13	ONE_SIDED_NO_PAIR	NONE	TTTTAT	UNSUPPORTED	TERMINAL_MOTIF	SUPPORTED	NONE
HML-2_4q32.3	HG02953_h2_HML-2_4q32.3_graph_hgsvc3-2024-02-23-mc-chm13	ONE_SIDED_NO_PAIR	NONE	TTTTAT	UNSUPPORTED	TERMINAL_MOTIF	SUPPORTED	NONE
HML-2_4q32.3	HG02965_hap1_hprc_r2_v1.0.1_HML-2_4q32.3	ONE_SIDED_NO_PAIR	NONE	TTTTAT	UNSUPPORTED	TERMINAL_MOTIF	SUPPORTED	NONE
HML-2_4q32.3	HG02965_hap2_hprc_r2_v1.0.1_HML-2_4q32.3	ONE_SIDED_NO_PAIR	NONE	TTTTAT	UNSUPPORTED	TERMINAL_MOTIF	SUPPORTED	NONE
HML-2_4q32.3	HG02976_hap1_hprc_r2_v1.0.1_HML-2_4q32.3	ONE_SIDED_NO_PAIR	NONE	TTTTAT	UNSUPPORTED	TERMINAL_MOTIF	SUPPORTED	NONE
HML-2_4q32.3	HG02976_hap2_hprc_r2_v1.0.1_HML-2_4q32.3	ONE_SIDED_NO_PAIR	NONE	TTTTAT	UNSUPPORTED	TERMINAL_MOTIF	SUPPORTED	NONE
HML-2_4q32.3	HG02984_mat_hprc_r2_v1.0.1_HML-2_4q32.3	ONE_SIDED_NO_PAIR	NONE	TTTTAT	UNSUPPORTED	TERMINAL_MOTIF	SUPPORTED	NONE
HML-2_4q32.3	HG02984_pat_hprc_r2_v1.0.1_HML-2_4q32.3	ONE_SIDED_NO_PAIR	NONE	TTTTAT	UNSUPPORTED	TERMINAL_MOTIF	SUPPORTED	NONE
HML-2_4q32.3	HG03009_h1_HML-2_4q32.3_graph_hgsvc3-2024-02-23-mc-chm13	ONE_SIDED_NO_PAIR	NONE	TTTTAT	UNSUPPORTED	TERMINAL_MOTIF	SUPPORTED	NONE
HML-2_4q32.3	HG03009_h2_HML-2_4q32.3_graph_hgsvc3-2024-02-23-mc-chm13	ONE_SIDED_NO_PAIR	NONE	TTTTAT	UNSUPPORTED	TERMINAL_MOTIF	SUPPORTED	NONE
HML-2_4q32.3	HG03017_mat_hprc_r2_v1.0.1_HML-2_4q32.3	ONE_SIDED_NO_PAIR	NONE	TTTTAT	UNSUPPORTED	TERMINAL_MOTIF	SUPPORTED	NONE
HML-2_4q32.3	HG03017_pat_hprc_r2_v1.0.1_HML-2_4q32.3	ONE_SIDED_NO_PAIR	NONE	TTTTAT	UNSUPPORTED	TERMINAL_MOTIF	SUPPORTED	NONE
HML-2_4q32.3	HG03041_mat_hprc_r2_v1.0.1_HML-2_4q32.3	ONE_SIDED_NO_PAIR	NONE	TTTTAT	UNSUPPORTED	TERMINAL_MOTIF	SUPPORTED	NONE
HML-2_4q32.3	HG03041_pat_hprc_r2_v1.0.1_HML-2_4q32.3	ONE_SIDED_NO_PAIR	NONE	TTTTAT	UNSUPPORTED	TERMINAL_MOTIF	SUPPORTED	NONE
HML-2_4q32.3	HG03050_mat_hprc_r2_v1.0.1_HML-2_4q32.3	ONE_SIDED_NO_PAIR	NONE	TTTTAT	UNSUPPORTED	TERMINAL_MOTIF	SUPPORTED	NONE
HML-2_4q32.3	HG03050_pat_hprc_r2_v1.0.1_HML-2_4q32.3	ONE_SIDED_NO_PAIR	NONE	TTTTAT	UNSUPPORTED	TERMINAL_MOTIF	SUPPORTED	NONE
HML-2_4q32.3	HG03065_h1_HML-2_4q32.3_graph_hgsvc3-2024-02-23-mc-chm13	ONE_SIDED_NO_PAIR	NONE	TTTTAT	UNSUPPORTED	TERMINAL_MOTIF	SUPPORTED	NONE
HML-2_4q32.3	HG03065_h2_HML-2_4q32.3_graph_hgsvc3-2024-02-23-mc-chm13	ONE_SIDED_NO_PAIR	NONE	TTTTAT	UNSUPPORTED	TERMINAL_MOTIF	SUPPORTED	NONE
HML-2_4q32.3	HG03098_mat_hprc_r2_v1.0.1_HML-2_4q32.3	ONE_SIDED_NO_PAIR	NONE	TTTTAT	UNSUPPORTED	TERMINAL_MOTIF	SUPPORTED	NONE
HML-2_4q32.3	HG03098_pat_hprc_r2_v1.0.1_HML-2_4q32.3	ONE_SIDED_NO_PAIR	NONE	TTTTAT	UNSUPPORTED	TERMINAL_MOTIF	SUPPORTED	NONE
HML-2_4q32.3	HG03130_hap1_hprc_r2_v1.0.1_HML-2_4q32.3	ONE_SIDED_NO_PAIR	NONE	TTTTAT	UNSUPPORTED	TERMINAL_MOTIF	SUPPORTED	NONE
HML-2_4q32.3	HG03130_hap2_hprc_r2_v1.0.1_HML-2_4q32.3	ONE_SIDED_NO_PAIR	NONE	TTTTAT	UNSUPPORTED	TERMINAL_MOTIF	SUPPORTED	NONE
HML-2_4q32.3	HG03139_hap1_hprc_r2_v1.0.1_HML-2_4q32.3	ONE_SIDED_NO_PAIR	NONE	TTTTAT	UNSUPPORTED	TERMINAL_MOTIF	SUPPORTED	NONE
HML-2_4q32.3	HG03139_hap2_hprc_r2_v1.0.1_HML-2_4q32.3	ONE_SIDED_NO_PAIR	NONE	TTTTAT	UNSUPPORTED	TERMINAL_MOTIF	SUPPORTED	NONE
HML-2_4q32.3	HG03195_hap1_hprc_r2_v1.0.1_HML-2_4q32.3	ONE_SIDED_NO_PAIR	NONE	TTTTAT	UNSUPPORTED	TERMINAL_MOTIF	SUPPORTED	NONE
HML-2_4q32.3	HG03195_hap2_hprc_r2_v1.0.1_HML-2_4q32.3	ONE_SIDED_NO_PAIR	NONE	TTTTAT	UNSUPPORTED	TERMINAL_MOTIF	SUPPORTED	NONE
HML-2_4q32.3	HG03209_hap1_hprc_r2_v1.0.1_HML-2_4q32.3	ONE_SIDED_NO_PAIR	NONE	TTTTAT	UNSUPPORTED	TERMINAL_MOTIF	SUPPORTED	NONE
HML-2_4q32.3	HG03209_hap2_hprc_r2_v1.0.1_HML-2_4q32.3	ONE_SIDED_NO_PAIR	NONE	TTTTAT	UNSUPPORTED	TERMINAL_MOTIF	SUPPORTED	NONE
HML-2_4q32.3	HG03225_hap1_hprc_r2_v1.0.1_HML-2_4q32.3	ONE_SIDED_NO_PAIR	NONE	TTTTAT	UNSUPPORTED	TERMINAL_MOTIF	SUPPORTED	NONE
HML-2_4q32.3	HG03225_hap2_hprc_r2_v1.0.1_HML-2_4q32.3	ONE_SIDED_NO_PAIR	NONE	TTTTAT	UNSUPPORTED	TERMINAL_MOTIF	SUPPORTED	NONE
HML-2_4q32.3	HG03239_mat_hprc_r2_v1.0.1_HML-2_4q32.3	ONE_SIDED_NO_PAIR	NONE	TTTTAT	UNSUPPORTED	TERMINAL_MOTIF	SUPPORTED	NONE
HML-2_4q32.3	HG03239_pat_hprc_r2_v1.0.1_HML-2_4q32.3	ONE_SIDED_NO_PAIR	NONE	TTTTAT	UNSUPPORTED	TERMINAL_MOTIF	SUPPORTED	NONE
HML-2_4q32.3	HG03248_h1_HML-2_4q32.3_graph_hgsvc3-2024-02-23-mc-chm13	ONE_SIDED_NO_PAIR	NONE	TTTTAT	UNSUPPORTED	TERMINAL_MOTIF	SUPPORTED	NONE
HML-2_4q32.3	HG03248_h2_HML-2_4q32.3_graph_hgsvc3-2024-02-23-mc-chm13	ONE_SIDED_NO_PAIR	NONE	TTTTAT	UNSUPPORTED	TERMINAL_MOTIF	SUPPORTED	NONE
HML-2_4q32.3	HG03270_hap1_hprc_r2_v1.0.1_HML-2_4q32.3	ONE_SIDED_NO_PAIR	NONE	TTTTAT	UNSUPPORTED	TERMINAL_MOTIF	SUPPORTED	NONE
HML-2_4q32.3	HG03270_hap2_hprc_r2_v1.0.1_HML-2_4q32.3	ONE_SIDED_NO_PAIR	NONE	TTTTAT	UNSUPPORTED	TERMINAL_MOTIF	SUPPORTED	NONE
HML-2_4q32.3	HG03369_hap1_hprc_r2_v1.0.1_HML-2_4q32.3	ONE_SIDED_NO_PAIR	NONE	TTTTAT	UNSUPPORTED	TERMINAL_MOTIF	SUPPORTED	NONE
HML-2_4q32.3	HG03369_hap2_hprc_r2_v1.0.1_HML-2_4q32.3	ONE_SIDED_NO_PAIR	NONE	TTTTAT	UNSUPPORTED	TERMINAL_MOTIF	SUPPORTED	NONE
HML-2_4q32.3	HG03371_h1_HML-2_4q32.3_graph_hgsvc3-2024-02-23-mc-chm13	ONE_SIDED_NO_PAIR	NONE	TTTTAT	UNSUPPORTED	TERMINAL_MOTIF	SUPPORTED	NONE
HML-2_4q32.3	HG03371_h2_HML-2_4q32.3_graph_hgsvc3-2024-02-23-mc-chm13	ONE_SIDED_NO_PAIR	NONE	TTTTAT	UNSUPPORTED	TERMINAL_MOTIF	SUPPORTED	NONE
HML-2_4q32.3	HG03452_h1_HML-2_4q32.3_graph_hgsvc3-2024-02-23-mc-chm13	ONE_SIDED_NO_PAIR	NONE	TTTTAT	UNSUPPORTED	TERMINAL_MOTIF	SUPPORTED	NONE
HML-2_4q32.3	HG03452_h2_HML-2_4q32.3_graph_hgsvc3-2024-02-23-mc-chm13	ONE_SIDED_NO_PAIR	NONE	TTTTAT	UNSUPPORTED	TERMINAL_MOTIF	SUPPORTED	NONE
HML-2_4q32.3	HG03453_mat_hprc_r2_v1.0.1_HML-2_4q32.3	ONE_SIDED_NO_PAIR	NONE	TTTTAT	UNSUPPORTED	TERMINAL_MOTIF	SUPPORTED	NONE
HML-2_4q32.3	HG03453_pat_hprc_r2_v1.0.1_HML-2_4q32.3	ONE_SIDED_NO_PAIR	NONE	TTTTAT	UNSUPPORTED	TERMINAL_MOTIF	SUPPORTED	NONE
HML-2_4q32.3	HG03456_h1_HML-2_4q32.3_graph_hgsvc3-2024-02-23-mc-chm13	ONE_SIDED_NO_PAIR	NONE	TTTTAT	UNSUPPORTED	TERMINAL_MOTIF	SUPPORTED	NONE
HML-2_4q32.3	HG03456_h2_HML-2_4q32.3_graph_hgsvc3-2024-02-23-mc-chm13	ONE_SIDED_NO_PAIR	NONE	TTTTAT	UNSUPPORTED	TERMINAL_MOTIF	SUPPORTED	NONE
HML-2_4q32.3	HG03470_hap1_hprc_r2_v1.0.1_HML-2_4q32.3	ONE_SIDED_NO_PAIR	NONE	TTTTAT	UNSUPPORTED	TERMINAL_MOTIF	SUPPORTED	NONE
HML-2_4q32.3	HG03470_hap2_hprc_r2_v1.0.1_HML-2_4q32.3	ONE_SIDED_NO_PAIR	NONE	TTTTAT	UNSUPPORTED	TERMINAL_MOTIF	SUPPORTED	NONE
HML-2_4q32.3	HG03471_hap1_hprc_r2_v1.0.1_HML-2_4q32.3	ONE_SIDED_NO_PAIR	NONE	TTTTAT	UNSUPPORTED	TERMINAL_MOTIF	SUPPORTED	NONE
HML-2_4q32.3	HG03471_hap2_hprc_r2_v1.0.1_HML-2_4q32.3	ONE_SIDED_NO_PAIR	NONE	TTTTAT	UNSUPPORTED	TERMINAL_MOTIF	SUPPORTED	NONE
HML-2_4q32.3	HG03486_mat_hprc_r2_v1.0.1_HML-2_4q32.3	ONE_SIDED_NO_PAIR	NONE	TTTTAT	UNSUPPORTED	TERMINAL_MOTIF	SUPPORTED	NONE
HML-2_4q32.3	HG03486_pat_hprc_r2_v1.0.1_HML-2_4q32.3	ONE_SIDED_NO_PAIR	NONE	TTTTAT	UNSUPPORTED	TERMINAL_MOTIF	SUPPORTED	NONE
HML-2_4q32.3	HG03516_mat_hprc_r2_v1.1.0_HML-2_4q32.3	ONE_SIDED_NO_PAIR	NONE	TTTTAT	UNSUPPORTED	TERMINAL_MOTIF	SUPPORTED	NONE
HML-2_4q32.3	HG03516_pat_hprc_r2_v1.1.0_HML-2_4q32.3	ONE_SIDED_NO_PAIR	NONE	TTTTAT	UNSUPPORTED	TERMINAL_MOTIF	SUPPORTED	NONE
HML-2_4q32.3	HG03520_h1_HML-2_4q32.3_graph_hgsvc3-2024-02-23-mc-chm13	ONE_SIDED_NO_PAIR	NONE	TTTTAT	UNSUPPORTED	TERMINAL_MOTIF	SUPPORTED	NONE
HML-2_4q32.3	HG03520_h2_HML-2_4q32.3_graph_hgsvc3-2024-02-23-mc-chm13	ONE_SIDED_NO_PAIR	NONE	TTTTAT	UNSUPPORTED	TERMINAL_MOTIF	SUPPORTED	NONE
HML-2_4q32.3	HG03521_hap1_hprc_r2_v1.0.1_HML-2_4q32.3	ONE_SIDED_NO_PAIR	NONE	TTTTAT	UNSUPPORTED	TERMINAL_MOTIF	SUPPORTED	NONE
HML-2_4q32.3	HG03521_hap2_hprc_r2_v1.0.1_HML-2_4q32.3	ONE_SIDED_NO_PAIR	NONE	TTTTAT	UNSUPPORTED	TERMINAL_MOTIF	SUPPORTED	NONE
HML-2_4q32.3	HG03540_mat_hprc_r2_v1.0.1_HML-2_4q32.3	ONE_SIDED_NO_PAIR	NONE	TTTTAT	UNSUPPORTED	TERMINAL_MOTIF	SUPPORTED	NONE
HML-2_4q32.3	HG03540_pat_hprc_r2_v1.0.1_HML-2_4q32.3	ONE_SIDED_NO_PAIR	NONE	TTTTAT	UNSUPPORTED	TERMINAL_MOTIF	SUPPORTED	NONE
HML-2_4q32.3	HG03579_mat_hprc_r2_v1.0.1_HML-2_4q32.3	ONE_SIDED_NO_PAIR	NONE	TTTTAT	UNSUPPORTED	TERMINAL_MOTIF	SUPPORTED	NONE
HML-2_4q32.3	HG03579_pat_hprc_r2_v1.0.1_HML-2_4q32.3	ONE_SIDED_NO_PAIR	NONE	TTTTAT	UNSUPPORTED	TERMINAL_MOTIF	SUPPORTED	NONE
HML-2_4q32.3	HG03583_hap1_hprc_r2_v1.0.1_HML-2_4q32.3	ONE_SIDED_NO_PAIR	NONE	TTTTAT	UNSUPPORTED	TERMINAL_MOTIF	SUPPORTED	NONE
HML-2_4q32.3	HG03583_hap2_hprc_r2_v1.0.1_HML-2_4q32.3	ONE_SIDED_NO_PAIR	NONE	TTTTAT	UNSUPPORTED	TERMINAL_MOTIF	SUPPORTED	NONE
HML-2_4q32.3	HG03654_mat_hprc_r2_v1.0.1_HML-2_4q32.3	ONE_SIDED_NO_PAIR	NONE	TTTTAT	UNSUPPORTED	TERMINAL_MOTIF	SUPPORTED	NONE
HML-2_4q32.3	HG03654_pat_hprc_r2_v1.0.1_HML-2_4q32.3	ONE_SIDED_NO_PAIR	NONE	TTTTAT	UNSUPPORTED	TERMINAL_MOTIF	SUPPORTED	NONE
HML-2_4q32.3	HG03669_mat_hprc_r2_v1.0.1_HML-2_4q32.3	ONE_SIDED_NO_PAIR	NONE	TTTTAT	UNSUPPORTED	TERMINAL_MOTIF	SUPPORTED	NONE
HML-2_4q32.3	HG03669_pat_hprc_r2_v1.0.1_HML-2_4q32.3	ONE_SIDED_NO_PAIR	NONE	TTTTAT	UNSUPPORTED	TERMINAL_MOTIF	SUPPORTED	NONE
HML-2_4q32.3	HG03683_h1_HML-2_4q32.3_graph_hgsvc3-2024-02-23-mc-chm13	ONE_SIDED_NO_PAIR	NONE	TTTTAT	UNSUPPORTED	TERMINAL_MOTIF	SUPPORTED	NONE
HML-2_4q32.3	HG03683_h2_HML-2_4q32.3_graph_hgsvc3-2024-02-23-mc-chm13	ONE_SIDED_NO_PAIR	NONE	TTTTAT	UNSUPPORTED	TERMINAL_MOTIF	SUPPORTED	NONE
HML-2_4q32.3	HG03688_mat_hprc_r2_v1.0.1_HML-2_4q32.3	ONE_SIDED_NO_PAIR	NONE	TTTTAT	UNSUPPORTED	TERMINAL_MOTIF	SUPPORTED	NONE
HML-2_4q32.3	HG03688_pat_hprc_r2_v1.0.1_HML-2_4q32.3	ONE_SIDED_NO_PAIR	NONE	TTTTAT	UNSUPPORTED	TERMINAL_MOTIF	SUPPORTED	NONE
HML-2_4q32.3	HG03704_mat_hprc_r2_v1.0.1_HML-2_4q32.3	ONE_SIDED_NO_PAIR	NONE	TTTTAT	UNSUPPORTED	TERMINAL_MOTIF	SUPPORTED	NONE
HML-2_4q32.3	HG03704_pat_hprc_r2_v1.0.1_HML-2_4q32.3	ONE_SIDED_NO_PAIR	NONE	TTTTAT	UNSUPPORTED	TERMINAL_MOTIF	SUPPORTED	NONE
HML-2_4q32.3	HG03710_mat_hprc_r2_v1.0.1_HML-2_4q32.3	ONE_SIDED_NO_PAIR	NONE	TTTTAT	UNSUPPORTED	TERMINAL_MOTIF	SUPPORTED	NONE
HML-2_4q32.3	HG03710_pat_hprc_r2_v1.0.1_HML-2_4q32.3	ONE_SIDED_NO_PAIR	NONE	TTTTAT	UNSUPPORTED	TERMINAL_MOTIF	SUPPORTED	NONE
HML-2_4q32.3	HG03732_h1_HML-2_4q32.3_graph_hgsvc3-2024-02-23-mc-chm13	ONE_SIDED_NO_PAIR	NONE	TTTTAT	UNSUPPORTED	TERMINAL_MOTIF	SUPPORTED	NONE
HML-2_4q32.3	HG03732_h2_HML-2_4q32.3_graph_hgsvc3-2024-02-23-mc-chm13	ONE_SIDED_NO_PAIR	NONE	TTTTAT	UNSUPPORTED	TERMINAL_MOTIF	SUPPORTED	NONE
HML-2_4q32.3	HG03742_hap1_hprc_r2_v1.0.1_HML-2_4q32.3	ONE_SIDED_NO_PAIR	NONE	TTTTAT	UNSUPPORTED	TERMINAL_MOTIF	SUPPORTED	NONE
HML-2_4q32.3	HG03742_hap2_hprc_r2_v1.0.1_HML-2_4q32.3	ONE_SIDED_NO_PAIR	NONE	TTTTAT	UNSUPPORTED	TERMINAL_MOTIF	SUPPORTED	NONE
HML-2_4q32.3	HG03784_hap1_hprc_r2_v1.0.1_HML-2_4q32.3	ONE_SIDED_NO_PAIR	NONE	TTTTAT	UNSUPPORTED	TERMINAL_MOTIF	SUPPORTED	NONE
HML-2_4q32.3	HG03784_hap2_hprc_r2_v1.0.1_HML-2_4q32.3	ONE_SIDED_NO_PAIR	NONE	TTTTAT	UNSUPPORTED	TERMINAL_MOTIF	SUPPORTED	NONE
HML-2_4q32.3	HG03804_mat_hprc_r2_v1.0.1_HML-2_4q32.3	ONE_SIDED_NO_PAIR	NONE	TTTTAT	UNSUPPORTED	TERMINAL_MOTIF	SUPPORTED	NONE
HML-2_4q32.3	HG03804_pat_hprc_r2_v1.0.1_HML-2_4q32.3	ONE_SIDED_NO_PAIR	NONE	TTTTAT	UNSUPPORTED	TERMINAL_MOTIF	SUPPORTED	NONE
HML-2_4q32.3	HG03807_h1_HML-2_4q32.3_graph_hgsvc3-2024-02-23-mc-chm13	ONE_SIDED_NO_PAIR	NONE	TTTTAT	UNSUPPORTED	TERMINAL_MOTIF	SUPPORTED	NONE
HML-2_4q32.3	HG03807_h2_HML-2_4q32.3_graph_hgsvc3-2024-02-23-mc-chm13	ONE_SIDED_NO_PAIR	NONE	TTTTAT	UNSUPPORTED	TERMINAL_MOTIF	SUPPORTED	NONE
HML-2_4q32.3	HG03816_mat_hprc_r2_v1.0.1_HML-2_4q32.3	ONE_SIDED_NO_PAIR	NONE	TTTTAT	UNSUPPORTED	TERMINAL_MOTIF	SUPPORTED	NONE
HML-2_4q32.3	HG03816_pat_hprc_r2_v1.0.1_HML-2_4q32.3	ONE_SIDED_NO_PAIR	NONE	TTTTAT	UNSUPPORTED	TERMINAL_MOTIF	SUPPORTED	NONE
HML-2_4q32.3	HG03831_mat_hprc_r2_v1.0.1_HML-2_4q32.3	ONE_SIDED_NO_PAIR	NONE	TTTTAT	UNSUPPORTED	TERMINAL_MOTIF	SUPPORTED	NONE
HML-2_4q32.3	HG03831_pat_hprc_r2_v1.0.1_HML-2_4q32.3	ONE_SIDED_NO_PAIR	NONE	TTTTAT	UNSUPPORTED	TERMINAL_MOTIF	SUPPORTED	NONE
HML-2_4q32.3	HG03834_mat_hprc_r2_v1.0.1_HML-2_4q32.3	ONE_SIDED_NO_PAIR	NONE	TTTTAT	UNSUPPORTED	TERMINAL_MOTIF	SUPPORTED	NONE
HML-2_4q32.3	HG03834_pat_hprc_r2_v1.0.1_HML-2_4q32.3	ONE_SIDED_NO_PAIR	NONE	TTTTAT	UNSUPPORTED	TERMINAL_MOTIF	SUPPORTED	NONE
HML-2_4q32.3	HG03874_hap1_hprc_r2_v1.0.1_HML-2_4q32.3	ONE_SIDED_NO_PAIR	NONE	TTTTAT	UNSUPPORTED	TERMINAL_MOTIF	SUPPORTED	NONE
HML-2_4q32.3	HG03874_hap2_hprc_r2_v1.0.1_HML-2_4q32.3	ONE_SIDED_NO_PAIR	NONE	TTTTAT	UNSUPPORTED	TERMINAL_MOTIF	SUPPORTED	NONE
HML-2_4q32.3	HG03927_mat_hprc_r2_v1.0.1_HML-2_4q32.3	ONE_SIDED_NO_PAIR	NONE	TTTTAT	UNSUPPORTED	TERMINAL_MOTIF	SUPPORTED	NONE
HML-2_4q32.3	HG03927_pat_hprc_r2_v1.0.1_HML-2_4q32.3	ONE_SIDED_NO_PAIR	NONE	TTTTAT	UNSUPPORTED	TERMINAL_MOTIF	SUPPORTED	NONE
HML-2_4q32.3	HG03942_mat_hprc_r2_v1.0.1_HML-2_4q32.3	ONE_SIDED_NO_PAIR	NONE	TTTTAT	UNSUPPORTED	TERMINAL_MOTIF	SUPPORTED	NONE
HML-2_4q32.3	HG03942_pat_hprc_r2_v1.0.1_HML-2_4q32.3	ONE_SIDED_NO_PAIR	NONE	TTTTAT	UNSUPPORTED	TERMINAL_MOTIF	SUPPORTED	NONE
HML-2_4q32.3	HG04036_h1_HML-2_4q32.3_graph_hgsvc3-2024-02-23-mc-chm13	ONE_SIDED_NO_PAIR	NONE	TTTTAT	UNSUPPORTED	TERMINAL_MOTIF	SUPPORTED	NONE
HML-2_4q32.3	HG04036_h2_HML-2_4q32.3_graph_hgsvc3-2024-02-23-mc-chm13	ONE_SIDED_NO_PAIR	NONE	TTTTAT	UNSUPPORTED	TERMINAL_MOTIF	SUPPORTED	NONE
HML-2_4q32.3	HG04115_mat_hprc_r2_v1.0.1_HML-2_4q32.3	ONE_SIDED_NO_PAIR	NONE	TTTTAT	UNSUPPORTED	TERMINAL_MOTIF	SUPPORTED	NONE
HML-2_4q32.3	HG04115_pat_hprc_r2_v1.0.1_HML-2_4q32.3	ONE_SIDED_NO_PAIR	NONE	TTTTAT	UNSUPPORTED	TERMINAL_MOTIF	SUPPORTED	NONE
HML-2_4q32.3	HG04157_mat_hprc_r2_v1.0.1_HML-2_4q32.3	ONE_SIDED_NO_PAIR	NONE	TTTTAT	UNSUPPORTED	TERMINAL_MOTIF	SUPPORTED	NONE
HML-2_4q32.3	HG04157_pat_hprc_r2_v1.0.1_HML-2_4q32.3	ONE_SIDED_NO_PAIR	NONE	TTTTAT	UNSUPPORTED	TERMINAL_MOTIF	SUPPORTED	NONE
HML-2_4q32.3	HG04160_mat_hprc_r2_v1.0.1_HML-2_4q32.3	ONE_SIDED_NO_PAIR	NONE	TTTTAT	UNSUPPORTED	TERMINAL_MOTIF	SUPPORTED	NONE
HML-2_4q32.3	HG04160_pat_hprc_r2_v1.0.1_HML-2_4q32.3	ONE_SIDED_NO_PAIR	NONE	TTTTAT	UNSUPPORTED	TERMINAL_MOTIF	SUPPORTED	NONE
HML-2_4q32.3	HG04184_mat_hprc_r2_v1.0.1_HML-2_4q32.3	ONE_SIDED_NO_PAIR	NONE	TTTTAT	UNSUPPORTED	TERMINAL_MOTIF	SUPPORTED	NONE
HML-2_4q32.3	HG04184_pat_hprc_r2_v1.0.1_HML-2_4q32.3	ONE_SIDED_NO_PAIR	NONE	TTTTAT	UNSUPPORTED	TERMINAL_MOTIF	SUPPORTED	NONE
HML-2_4q32.3	HG04187_mat_hprc_r2_v1.0.1_HML-2_4q32.3	ONE_SIDED_NO_PAIR	NONE	TTTTAT	UNSUPPORTED	TERMINAL_MOTIF	SUPPORTED	NONE
HML-2_4q32.3	HG04187_pat_hprc_r2_v1.0.1_HML-2_4q32.3	ONE_SIDED_NO_PAIR	NONE	TTTTAT	UNSUPPORTED	TERMINAL_MOTIF	SUPPORTED	NONE
HML-2_4q32.3	HG04199_mat_hprc_r2_v1.0.1_HML-2_4q32.3	ONE_SIDED_NO_PAIR	NONE	TTTTAT	UNSUPPORTED	TERMINAL_MOTIF	SUPPORTED	NONE
HML-2_4q32.3	HG04199_pat_hprc_r2_v1.0.1_HML-2_4q32.3	ONE_SIDED_NO_PAIR	NONE	TTTTAT	UNSUPPORTED	TERMINAL_MOTIF	SUPPORTED	NONE
HML-2_4q32.3	HG04204_mat_hprc_r2_v1.0.1_HML-2_4q32.3	ONE_SIDED_NO_PAIR	NONE	TTTTAT	UNSUPPORTED	TERMINAL_MOTIF	SUPPORTED	NONE
HML-2_4q32.3	HG04204_pat_hprc_r2_v1.0.1_HML-2_4q32.3	ONE_SIDED_NO_PAIR	NONE	TTTTAT	UNSUPPORTED	TERMINAL_MOTIF	SUPPORTED	NONE
HML-2_4q32.3	HG04217_h1_HML-2_4q32.3_graph_hgsvc3-2024-02-23-mc-chm13	ONE_SIDED_NO_PAIR	NONE	TTTTAT	UNSUPPORTED	TERMINAL_MOTIF	SUPPORTED	NONE
HML-2_4q32.3	HG04217_h2_HML-2_4q32.3_graph_hgsvc3-2024-02-23-mc-chm13	ONE_SIDED_NO_PAIR	NONE	TTTTAT	UNSUPPORTED	TERMINAL_MOTIF	SUPPORTED	NONE
HML-2_4q32.3	HG04228_mat_hprc_r2_v1.0.1_HML-2_4q32.3	ONE_SIDED_NO_PAIR	NONE	TTTTAT	UNSUPPORTED	TERMINAL_MOTIF	SUPPORTED	NONE
HML-2_4q32.3	HG04228_pat_hprc_r2_v1.0.1_HML-2_4q32.3	ONE_SIDED_NO_PAIR	NONE	TTTTAT	UNSUPPORTED	TERMINAL_MOTIF	SUPPORTED	NONE
HML-2_4q32.3	HG06807_mat_v1.0.genbank_HML-2_4q32.3	ONE_SIDED_NO_PAIR	NONE	TTTTAT	UNSUPPORTED	TERMINAL_MOTIF	SUPPORTED	NONE
HML-2_4q32.3	HG06807_pat_v1.0.genbank_HML-2_4q32.3	ONE_SIDED_NO_PAIR	NONE	TTTTAT	UNSUPPORTED	TERMINAL_MOTIF	SUPPORTED	NONE
HML-2_4q32.3	NA12329_h1_HML-2_4q32.3_graph_hgsvc3-2024-02-23-mc-chm13	ONE_SIDED_NO_PAIR	NONE	TTTTAT	UNSUPPORTED	TERMINAL_MOTIF	SUPPORTED	NONE
HML-2_4q32.3	NA12329_h2_HML-2_4q32.3_graph_hgsvc3-2024-02-23-mc-chm13	ONE_SIDED_NO_PAIR	NONE	TTTTAT	UNSUPPORTED	TERMINAL_MOTIF	SUPPORTED	NONE
HML-2_4q32.3	NA18505_hap1_hprc_r2_v1.0.1_HML-2_4q32.3	ONE_SIDED_NO_PAIR	NONE	TTTTAT	UNSUPPORTED	TERMINAL_MOTIF	SUPPORTED	NONE
HML-2_4q32.3	NA18505_hap2_hprc_r2_v1.0.1_HML-2_4q32.3	ONE_SIDED_NO_PAIR	NONE	TTTTAT	UNSUPPORTED	TERMINAL_MOTIF	SUPPORTED	NONE
HML-2_4q32.3	NA18508_hap1_hprc_r2_v1.0.1_HML-2_4q32.3	ONE_SIDED_NO_PAIR	NONE	TTTTAT	UNSUPPORTED	TERMINAL_MOTIF	SUPPORTED	NONE
HML-2_4q32.3	NA18508_hap2_hprc_r2_v1.0.1_HML-2_4q32.3	ONE_SIDED_NO_PAIR	NONE	TTTTAT	UNSUPPORTED	TERMINAL_MOTIF	SUPPORTED	NONE
HML-2_4q32.3	NA18522_hap1_hprc_r2_v1.0.1_HML-2_4q32.3	ONE_SIDED_NO_PAIR	NONE	TTTTAT	UNSUPPORTED	TERMINAL_MOTIF	SUPPORTED	NONE
HML-2_4q32.3	NA18522_hap2_hprc_r2_v1.0.1_HML-2_4q32.3	ONE_SIDED_NO_PAIR	NONE	TTTTAT	UNSUPPORTED	TERMINAL_MOTIF	SUPPORTED	NONE
HML-2_4q32.3	NA18534_h1_HML-2_4q32.3_graph_hgsvc3-2024-02-23-mc-chm13	ONE_SIDED_NO_PAIR	NONE	TTTTAT	UNSUPPORTED	TERMINAL_MOTIF	SUPPORTED	NONE
HML-2_4q32.3	NA18534_h2_HML-2_4q32.3_graph_hgsvc3-2024-02-23-mc-chm13	ONE_SIDED_NO_PAIR	NONE	TTTTAT	UNSUPPORTED	TERMINAL_MOTIF	SUPPORTED	NONE
HML-2_4q32.3	NA18565_hap1_hprc_r2_v1.0.1_HML-2_4q32.3	ONE_SIDED_NO_PAIR	NONE	TTTTAT	UNSUPPORTED	TERMINAL_MOTIF	SUPPORTED	NONE
HML-2_4q32.3	NA18565_hap2_hprc_r2_v1.0.1_HML-2_4q32.3	ONE_SIDED_NO_PAIR	NONE	TTTTAT	UNSUPPORTED	TERMINAL_MOTIF	SUPPORTED	NONE
HML-2_4q32.3	NA18570_hap1_hprc_r2_v1.0.1_HML-2_4q32.3	ONE_SIDED_NO_PAIR	NONE	TTTTAT	UNSUPPORTED	TERMINAL_MOTIF	SUPPORTED	NONE
HML-2_4q32.3	NA18570_hap2_hprc_r2_v1.0.1_HML-2_4q32.3	ONE_SIDED_NO_PAIR	NONE	TTTTAT	UNSUPPORTED	TERMINAL_MOTIF	SUPPORTED	NONE
HML-2_4q32.3	NA18608_hap1_hprc_r2_v1.0.1_HML-2_4q32.3	ONE_SIDED_NO_PAIR	NONE	TTTTAT	UNSUPPORTED	TERMINAL_MOTIF	SUPPORTED	NONE
HML-2_4q32.3	NA18608_hap2_hprc_r2_v1.0.1_HML-2_4q32.3	ONE_SIDED_NO_PAIR	NONE	TTTTAT	UNSUPPORTED	TERMINAL_MOTIF	SUPPORTED	NONE
HML-2_4q32.3	NA18620_hap1_hprc_r2_v1.0.1_HML-2_4q32.3	ONE_SIDED_NO_PAIR	NONE	TTTTAT	UNSUPPORTED	TERMINAL_MOTIF	SUPPORTED	NONE
HML-2_4q32.3	NA18620_hap2_hprc_r2_v1.0.1_HML-2_4q32.3	ONE_SIDED_NO_PAIR	NONE	TTTTAT	UNSUPPORTED	TERMINAL_MOTIF	SUPPORTED	NONE
HML-2_4q32.3	NA18747_hap1_hprc_r2_v1.0.1_HML-2_4q32.3	ONE_SIDED_NO_PAIR	NONE	TTTTAT	UNSUPPORTED	TERMINAL_MOTIF	SUPPORTED	NONE
HML-2_4q32.3	NA18747_hap2_hprc_r2_v1.0.1_HML-2_4q32.3	ONE_SIDED_NO_PAIR	NONE	TTTTAT	UNSUPPORTED	TERMINAL_MOTIF	SUPPORTED	NONE
HML-2_4q32.3	NA18879_hap1_hprc_r2_v1.0.1_HML-2_4q32.3	ONE_SIDED_NO_PAIR	NONE	TTTTAT	UNSUPPORTED	TERMINAL_MOTIF	SUPPORTED	NONE
HML-2_4q32.3	NA18879_hap2_hprc_r2_v1.0.1_HML-2_4q32.3	ONE_SIDED_NO_PAIR	NONE	TTTTAT	UNSUPPORTED	TERMINAL_MOTIF	SUPPORTED	NONE
HML-2_4q32.3	NA18906_mat_hprc_r2_v1.0.1_HML-2_4q32.3	ONE_SIDED_NO_PAIR	NONE	TTTTAT	UNSUPPORTED	TERMINAL_MOTIF	SUPPORTED	NONE
HML-2_4q32.3	NA18906_pat_hprc_r2_v1.0.1_HML-2_4q32.3	ONE_SIDED_NO_PAIR	NONE	TTTTAT	UNSUPPORTED	TERMINAL_MOTIF	SUPPORTED	NONE
HML-2_4q32.3	NA18939_h1_HML-2_4q32.3_graph_hgsvc3-2024-02-23-mc-chm13	ONE_SIDED_NO_PAIR	NONE	TTTTAT	UNSUPPORTED	TERMINAL_MOTIF	SUPPORTED	NONE
HML-2_4q32.3	NA18939_h2_HML-2_4q32.3_graph_hgsvc3-2024-02-23-mc-chm13	ONE_SIDED_NO_PAIR	NONE	TTTTAT	UNSUPPORTED	TERMINAL_MOTIF	SUPPORTED	NONE
HML-2_4q32.3	NA18940_hap1_hprc_r2_v1.0.1_HML-2_4q32.3	ONE_SIDED_NO_PAIR	NONE	TTTTAT	UNSUPPORTED	TERMINAL_MOTIF	SUPPORTED	NONE
HML-2_4q32.3	NA18940_hap2_hprc_r2_v1.0.1_HML-2_4q32.3	ONE_SIDED_NO_PAIR	NONE	TTTTAT	UNSUPPORTED	TERMINAL_MOTIF	SUPPORTED	NONE
HML-2_4q32.3	NA18943_hap1_hprc_r2_v1.0.1_HML-2_4q32.3	ONE_SIDED_NO_PAIR	NONE	TTTTAT	UNSUPPORTED	TERMINAL_MOTIF	SUPPORTED	NONE
HML-2_4q32.3	NA18943_hap2_hprc_r2_v1.0.1_HML-2_4q32.3	ONE_SIDED_NO_PAIR	NONE	TTTTAT	UNSUPPORTED	TERMINAL_MOTIF	SUPPORTED	NONE
HML-2_4q32.3	NA18944_hap1_hprc_r2_v1.0.1_HML-2_4q32.3	ONE_SIDED_NO_PAIR	NONE	TTTTAT	UNSUPPORTED	TERMINAL_MOTIF	SUPPORTED	NONE
HML-2_4q32.3	NA18944_hap2_hprc_r2_v1.0.1_HML-2_4q32.3	ONE_SIDED_NO_PAIR	NONE	TTTTAT	UNSUPPORTED	TERMINAL_MOTIF	SUPPORTED	NONE
HML-2_4q32.3	NA18945_hap1_hprc_r2_v1.0.1_HML-2_4q32.3	ONE_SIDED_NO_PAIR	NONE	TTTTAT	UNSUPPORTED	TERMINAL_MOTIF	SUPPORTED	NONE
HML-2_4q32.3	NA18945_hap2_hprc_r2_v1.0.1_HML-2_4q32.3	ONE_SIDED_NO_PAIR	NONE	TTTTAT	UNSUPPORTED	TERMINAL_MOTIF	SUPPORTED	NONE
HML-2_4q32.3	NA18948_hap1_hprc_r2_v1.0.1_HML-2_4q32.3	ONE_SIDED_NO_PAIR	NONE	TTTTAT	UNSUPPORTED	TERMINAL_MOTIF	SUPPORTED	NONE
HML-2_4q32.3	NA18948_hap2_hprc_r2_v1.0.1_HML-2_4q32.3	ONE_SIDED_NO_PAIR	NONE	TTTTAT	UNSUPPORTED	TERMINAL_MOTIF	SUPPORTED	NONE
HML-2_4q32.3	NA18952_hap1_hprc_r2_v1.0.1_HML-2_4q32.3	ONE_SIDED_NO_PAIR	NONE	TTTTAT	UNSUPPORTED	TERMINAL_MOTIF	SUPPORTED	NONE
HML-2_4q32.3	NA18952_hap2_hprc_r2_v1.0.1_HML-2_4q32.3	ONE_SIDED_NO_PAIR	NONE	TTTTAT	UNSUPPORTED	TERMINAL_MOTIF	SUPPORTED	NONE
HML-2_4q32.3	NA18959_hap1_hprc_r2_v1.0.1_HML-2_4q32.3	ONE_SIDED_NO_PAIR	NONE	TTTTAT	UNSUPPORTED	TERMINAL_MOTIF	SUPPORTED	NONE
HML-2_4q32.3	NA18959_hap2_hprc_r2_v1.0.1_HML-2_4q32.3	ONE_SIDED_NO_PAIR	NONE	TTTTAT	UNSUPPORTED	TERMINAL_MOTIF	SUPPORTED	NONE
HML-2_4q32.3	NA18960_hap1_hprc_r2_v1.0.1_HML-2_4q32.3	ONE_SIDED_NO_PAIR	NONE	TTTTAT	UNSUPPORTED	TERMINAL_MOTIF	SUPPORTED	NONE
HML-2_4q32.3	NA18960_hap2_hprc_r2_v1.0.1_HML-2_4q32.3	ONE_SIDED_NO_PAIR	NONE	TTTTAT	UNSUPPORTED	TERMINAL_MOTIF	SUPPORTED	NONE
HML-2_4q32.3	NA18967_hap1_hprc_r2_v1.0.1_HML-2_4q32.3	ONE_SIDED_NO_PAIR	NONE	TTTTAT	UNSUPPORTED	TERMINAL_MOTIF	SUPPORTED	NONE
HML-2_4q32.3	NA18967_hap2_hprc_r2_v1.0.1_HML-2_4q32.3	ONE_SIDED_NO_PAIR	NONE	TTTTAT	UNSUPPORTED	TERMINAL_MOTIF	SUPPORTED	NONE
HML-2_4q32.3	NA18970_hap1_hprc_r2_v1.0.1_HML-2_4q32.3	ONE_SIDED_NO_PAIR	NONE	TTTTAT	UNSUPPORTED	TERMINAL_MOTIF	SUPPORTED	NONE
HML-2_4q32.3	NA18970_hap2_hprc_r2_v1.0.1_HML-2_4q32.3	ONE_SIDED_NO_PAIR	NONE	TTTTAT	UNSUPPORTED	TERMINAL_MOTIF	SUPPORTED	NONE
HML-2_4q32.3	NA18971_hap1_hprc_r2_v1.0.1_HML-2_4q32.3	ONE_SIDED_NO_PAIR	NONE	TTTTAT	UNSUPPORTED	TERMINAL_MOTIF	SUPPORTED	NONE
HML-2_4q32.3	NA18971_hap2_hprc_r2_v1.0.1_HML-2_4q32.3	ONE_SIDED_NO_PAIR	NONE	TTTTAT	UNSUPPORTED	TERMINAL_MOTIF	SUPPORTED	NONE
HML-2_4q32.3	NA18974_hap1_hprc_r2_v1.0.1_HML-2_4q32.3	ONE_SIDED_NO_PAIR	NONE	TTTTAT	UNSUPPORTED	TERMINAL_MOTIF	SUPPORTED	NONE
HML-2_4q32.3	NA18974_hap2_hprc_r2_v1.0.1_HML-2_4q32.3	ONE_SIDED_NO_PAIR	NONE	TTTTAT	UNSUPPORTED	TERMINAL_MOTIF	SUPPORTED	NONE
HML-2_4q32.3	NA18976_hap1_hprc_r2_v1.0.1_HML-2_4q32.3	ONE_SIDED_NO_PAIR	NONE	TTTTAT	UNSUPPORTED	TERMINAL_MOTIF	SUPPORTED	NONE
HML-2_4q32.3	NA18976_hap2_hprc_r2_v1.0.1_HML-2_4q32.3	ONE_SIDED_NO_PAIR	NONE	TTTTAT	UNSUPPORTED	TERMINAL_MOTIF	SUPPORTED	NONE
HML-2_4q32.3	NA18982_hap1_hprc_r2_v1.0.1_HML-2_4q32.3	ONE_SIDED_NO_PAIR	NONE	TTTTAT	UNSUPPORTED	TERMINAL_MOTIF	SUPPORTED	NONE
HML-2_4q32.3	NA18982_hap2_hprc_r2_v1.0.1_HML-2_4q32.3	ONE_SIDED_NO_PAIR	NONE	TTTTAT	UNSUPPORTED	TERMINAL_MOTIF	SUPPORTED	NONE
HML-2_4q32.3	NA18983_hap1_hprc_r2_v1.0.1_HML-2_4q32.3	ONE_SIDED_NO_PAIR	NONE	TTTTAT	UNSUPPORTED	TERMINAL_MOTIF	SUPPORTED	NONE
HML-2_4q32.3	NA18983_hap2_hprc_r2_v1.0.1_HML-2_4q32.3	ONE_SIDED_NO_PAIR	NONE	TTTTAT	UNSUPPORTED	TERMINAL_MOTIF	SUPPORTED	NONE
HML-2_4q32.3	NA18989_h1_HML-2_4q32.3_graph_hgsvc3-2024-02-23-mc-chm13	ONE_SIDED_NO_PAIR	NONE	TTTTAT	UNSUPPORTED	TERMINAL_MOTIF	SUPPORTED	NONE
HML-2_4q32.3	NA18989_h2_HML-2_4q32.3_graph_hgsvc3-2024-02-23-mc-chm13	ONE_SIDED_NO_PAIR	NONE	TTTTAT	UNSUPPORTED	TERMINAL_MOTIF	SUPPORTED	NONE
HML-2_4q32.3	NA19036_hap1_hprc_r2_v1.0.1_HML-2_4q32.3	ONE_SIDED_NO_PAIR	NONE	TTTTAT	UNSUPPORTED	TERMINAL_MOTIF	SUPPORTED	NONE
HML-2_4q32.3	NA19036_hap2_hprc_r2_v1.0.1_HML-2_4q32.3	ONE_SIDED_NO_PAIR	NONE	TTTTAT	UNSUPPORTED	TERMINAL_MOTIF	SUPPORTED	NONE
HML-2_4q32.3	NA19043_hap1_hprc_r2_v1.0.1_HML-2_4q32.3	ONE_SIDED_NO_PAIR	NONE	TTTTAT	UNSUPPORTED	TERMINAL_MOTIF	SUPPORTED	NONE
HML-2_4q32.3	NA19043_hap2_hprc_r2_v1.0.1_HML-2_4q32.3	ONE_SIDED_NO_PAIR	NONE	TTTTAT	UNSUPPORTED	TERMINAL_MOTIF	SUPPORTED	NONE
HML-2_4q32.3	NA19087_hap1_hprc_r2_v1.0.1_HML-2_4q32.3	ONE_SIDED_NO_PAIR	NONE	TTTTAT	UNSUPPORTED	TERMINAL_MOTIF	SUPPORTED	NONE
HML-2_4q32.3	NA19087_hap2_hprc_r2_v1.0.1_HML-2_4q32.3	ONE_SIDED_NO_PAIR	NONE	TTTTAT	UNSUPPORTED	TERMINAL_MOTIF	SUPPORTED	NONE
HML-2_4q32.3	NA19129_h1_HML-2_4q32.3_graph_hgsvc3-2024-02-23-mc-chm13	ONE_SIDED_NO_PAIR	NONE	TTTTAT	UNSUPPORTED	TERMINAL_MOTIF	SUPPORTED	NONE
HML-2_4q32.3	NA19129_h2_HML-2_4q32.3_graph_hgsvc3-2024-02-23-mc-chm13	ONE_SIDED_NO_PAIR	NONE	TTTTAT	UNSUPPORTED	TERMINAL_MOTIF	SUPPORTED	NONE
HML-2_4q32.3	NA19159_hap1_hprc_r2_v1.0.1_HML-2_4q32.3	ONE_SIDED_NO_PAIR	NONE	TTTTAT	UNSUPPORTED	TERMINAL_MOTIF	SUPPORTED	NONE
HML-2_4q32.3	NA19159_hap2_hprc_r2_v1.0.1_HML-2_4q32.3	ONE_SIDED_NO_PAIR	NONE	TTTTAT	UNSUPPORTED	TERMINAL_MOTIF	SUPPORTED	NONE
HML-2_4q32.3	NA19185_hap1_hprc_r2_v1.0.1_HML-2_4q32.3	ONE_SIDED_NO_PAIR	NONE	TTTTAT	UNSUPPORTED	TERMINAL_MOTIF	SUPPORTED	NONE
HML-2_4q32.3	NA19185_hap2_hprc_r2_v1.0.1_HML-2_4q32.3	ONE_SIDED_NO_PAIR	NONE	TTTTAT	UNSUPPORTED	TERMINAL_MOTIF	SUPPORTED	NONE
HML-2_4q32.3	NA19238_h1_HML-2_4q32.3_graph_hgsvc3-2024-02-23-mc-chm13	ONE_SIDED_NO_PAIR	NONE	TTTTAT	UNSUPPORTED	TERMINAL_MOTIF	SUPPORTED	NONE
HML-2_4q32.3	NA19238_h2_HML-2_4q32.3_graph_hgsvc3-2024-02-23-mc-chm13	ONE_SIDED_NO_PAIR	NONE	TTTTAT	UNSUPPORTED	TERMINAL_MOTIF	SUPPORTED	NONE
HML-2_4q32.3	NA19239_h1_HML-2_4q32.3_graph_hgsvc3-2024-02-23-mc-chm13	ONE_SIDED_NO_PAIR	NONE	TTTTAT	UNSUPPORTED	TERMINAL_MOTIF	SUPPORTED	NONE
HML-2_4q32.3	NA19239_h2_HML-2_4q32.3_graph_hgsvc3-2024-02-23-mc-chm13	ONE_SIDED_NO_PAIR	NONE	TTTTAT	UNSUPPORTED	TERMINAL_MOTIF	SUPPORTED	NONE
HML-2_4q32.3	NA19240_mat_hprc_r2_v1.0.1_HML-2_4q32.3	ONE_SIDED_NO_PAIR	NONE	TTTTAT	UNSUPPORTED	TERMINAL_MOTIF	SUPPORTED	NONE
HML-2_4q32.3	NA19240_pat_hprc_r2_v1.0.1_HML-2_4q32.3	ONE_SIDED_NO_PAIR	NONE	TTTTAT	UNSUPPORTED	TERMINAL_MOTIF	SUPPORTED	NONE
HML-2_4q32.3	NA19317_h1_HML-2_4q32.3_graph_hgsvc3-2024-02-23-mc-chm13	ONE_SIDED_NO_PAIR	NONE	TTTTAT	UNSUPPORTED	TERMINAL_MOTIF	SUPPORTED	NONE
HML-2_4q32.3	NA19317_h2_HML-2_4q32.3_graph_hgsvc3-2024-02-23-mc-chm13	ONE_SIDED_NO_PAIR	NONE	TTTTAT	UNSUPPORTED	TERMINAL_MOTIF	SUPPORTED	NONE
HML-2_4q32.3	NA19331_h1_HML-2_4q32.3_graph_hgsvc3-2024-02-23-mc-chm13	ONE_SIDED_NO_PAIR	NONE	TTTTAT	UNSUPPORTED	TERMINAL_MOTIF	SUPPORTED	NONE
HML-2_4q32.3	NA19331_h2_HML-2_4q32.3_graph_hgsvc3-2024-02-23-mc-chm13	ONE_SIDED_NO_PAIR	NONE	TTTTAT	UNSUPPORTED	TERMINAL_MOTIF	SUPPORTED	NONE
HML-2_4q32.3	NA19338_hap1_hprc_r2_v1.0.1_HML-2_4q32.3	ONE_SIDED_NO_PAIR	NONE	TTTTAT	UNSUPPORTED	TERMINAL_MOTIF	SUPPORTED	NONE
HML-2_4q32.3	NA19338_hap2_hprc_r2_v1.0.1_HML-2_4q32.3	ONE_SIDED_NO_PAIR	NONE	TTTTAT	UNSUPPORTED	TERMINAL_MOTIF	SUPPORTED	NONE
HML-2_4q32.3	NA19347_h1_HML-2_4q32.3_graph_hgsvc3-2024-02-23-mc-chm13	ONE_SIDED_NO_PAIR	NONE	TTTTAT	UNSUPPORTED	TERMINAL_MOTIF	SUPPORTED	NONE
HML-2_4q32.3	NA19347_h2_HML-2_4q32.3_graph_hgsvc3-2024-02-23-mc-chm13	ONE_SIDED_NO_PAIR	NONE	TTTTAT	UNSUPPORTED	TERMINAL_MOTIF	SUPPORTED	NONE
HML-2_4q32.3	NA19384_h1_HML-2_4q32.3_graph_hgsvc3-2024-02-23-mc-chm13	ONE_SIDED_NO_PAIR	NONE	TTTTAT	UNSUPPORTED	TERMINAL_MOTIF	SUPPORTED	NONE
HML-2_4q32.3	NA19384_h2_HML-2_4q32.3_graph_hgsvc3-2024-02-23-mc-chm13	ONE_SIDED_NO_PAIR	NONE	TTTTAT	UNSUPPORTED	TERMINAL_MOTIF	SUPPORTED	NONE
HML-2_4q32.3	NA19391_hap1_hprc_r2_v1.0.1_HML-2_4q32.3	ONE_SIDED_NO_PAIR	NONE	TTTTAT	UNSUPPORTED	TERMINAL_MOTIF	SUPPORTED	NONE
HML-2_4q32.3	NA19391_hap2_hprc_r2_v1.0.1_HML-2_4q32.3	ONE_SIDED_NO_PAIR	NONE	TTTTAT	UNSUPPORTED	TERMINAL_MOTIF	SUPPORTED	NONE
HML-2_4q32.3	NA19434_h1_HML-2_4q32.3_graph_hgsvc3-2024-02-23-mc-chm13	ONE_SIDED_NO_PAIR	NONE	TTTTAT	UNSUPPORTED	TERMINAL_MOTIF	SUPPORTED	NONE
HML-2_4q32.3	NA19434_h2_HML-2_4q32.3_graph_hgsvc3-2024-02-23-mc-chm13	ONE_SIDED_NO_PAIR	NONE	TTTTAT	UNSUPPORTED	TERMINAL_MOTIF	SUPPORTED	NONE
HML-2_4q32.3	NA19443_hap1_hprc_r2_v1.0.1_HML-2_4q32.3	ONE_SIDED_NO_PAIR	NONE	TTTTAT	UNSUPPORTED	TERMINAL_MOTIF	SUPPORTED	NONE
HML-2_4q32.3	NA19443_hap2_hprc_r2_v1.0.1_HML-2_4q32.3	ONE_SIDED_NO_PAIR	NONE	TTTTAT	UNSUPPORTED	TERMINAL_MOTIF	SUPPORTED	NONE
HML-2_4q32.3	NA19468_hap1_hprc_r2_v1.0.1_HML-2_4q32.3	ONE_SIDED_NO_PAIR	NONE	TTTTAT	UNSUPPORTED	TERMINAL_MOTIF	SUPPORTED	NONE
HML-2_4q32.3	NA19468_hap2_hprc_r2_v1.0.1_HML-2_4q32.3	ONE_SIDED_NO_PAIR	NONE	TTTTAT	UNSUPPORTED	TERMINAL_MOTIF	SUPPORTED	NONE
HML-2_4q32.3	NA19650_h1_HML-2_4q32.3_graph_hgsvc3-2024-02-23-mc-chm13	ONE_SIDED_NO_PAIR	NONE	TTTTAT	UNSUPPORTED	TERMINAL_MOTIF	SUPPORTED	NONE
HML-2_4q32.3	NA19650_h2_HML-2_4q32.3_graph_hgsvc3-2024-02-23-mc-chm13	ONE_SIDED_NO_PAIR	NONE	TTTTAT	UNSUPPORTED	TERMINAL_MOTIF	SUPPORTED	NONE
HML-2_4q32.3	NA19682_hap1_hprc_r2_v1.0.1_HML-2_4q32.3	ONE_SIDED_NO_PAIR	NONE	TTTTAT	UNSUPPORTED	TERMINAL_MOTIF	SUPPORTED	NONE
HML-2_4q32.3	NA19682_hap2_hprc_r2_v1.0.1_HML-2_4q32.3	ONE_SIDED_NO_PAIR	NONE	TTTTAT	UNSUPPORTED	TERMINAL_MOTIF	SUPPORTED	NONE
HML-2_4q32.3	NA19700_hap1_hprc_r2_v1.0.1_HML-2_4q32.3	ONE_SIDED_NO_PAIR	NONE	TTTTAT	UNSUPPORTED	TERMINAL_MOTIF	SUPPORTED	NONE
HML-2_4q32.3	NA19700_hap2_hprc_r2_v1.0.1_HML-2_4q32.3	ONE_SIDED_NO_PAIR	NONE	TTTTAT	UNSUPPORTED	TERMINAL_MOTIF	SUPPORTED	NONE
HML-2_4q32.3	NA19705_h1_HML-2_4q32.3_graph_hgsvc3-2024-02-23-mc-chm13	ONE_SIDED_NO_PAIR	NONE	TTTTAT	UNSUPPORTED	TERMINAL_MOTIF	SUPPORTED	NONE
HML-2_4q32.3	NA19705_h2_HML-2_4q32.3_graph_hgsvc3-2024-02-23-mc-chm13	ONE_SIDED_NO_PAIR	NONE	TTTTAT	UNSUPPORTED	TERMINAL_MOTIF	SUPPORTED	NONE
HML-2_4q32.3	NA19776_hap1_hprc_r2_v1.0.1_HML-2_4q32.3	ONE_SIDED_NO_PAIR	NONE	TTTTAT	UNSUPPORTED	TERMINAL_MOTIF	SUPPORTED	NONE
HML-2_4q32.3	NA19776_hap2_hprc_r2_v1.0.1_HML-2_4q32.3	ONE_SIDED_NO_PAIR	NONE	TTTTAT	UNSUPPORTED	TERMINAL_MOTIF	SUPPORTED	NONE
HML-2_4q32.3	NA19835_hap1_hprc_r2_v1.0.1_HML-2_4q32.3	ONE_SIDED_NO_PAIR	NONE	TTTTAT	UNSUPPORTED	TERMINAL_MOTIF	SUPPORTED	NONE
HML-2_4q32.3	NA19835_hap2_hprc_r2_v1.0.1_HML-2_4q32.3	ONE_SIDED_NO_PAIR	NONE	TTTTAT	UNSUPPORTED	TERMINAL_MOTIF	SUPPORTED	NONE
HML-2_4q32.3	NA19836_h1_HML-2_4q32.3_graph_hgsvc3-2024-02-23-mc-chm13	ONE_SIDED_NO_PAIR	NONE	TTTTAT	UNSUPPORTED	TERMINAL_MOTIF	SUPPORTED	NONE
HML-2_4q32.3	NA19836_h2_HML-2_4q32.3_graph_hgsvc3-2024-02-23-mc-chm13	ONE_SIDED_NO_PAIR	NONE	TTTTAT	UNSUPPORTED	TERMINAL_MOTIF	SUPPORTED	NONE
HML-2_4q32.3	NA19909_hap1_hprc_r2_v1.0.1_HML-2_4q32.3	ONE_SIDED_NO_PAIR	NONE	TTTTAT	UNSUPPORTED	TERMINAL_MOTIF	SUPPORTED	NONE
HML-2_4q32.3	NA19909_hap2_hprc_r2_v1.0.1_HML-2_4q32.3	ONE_SIDED_NO_PAIR	NONE	TTTTAT	UNSUPPORTED	TERMINAL_MOTIF	SUPPORTED	NONE
HML-2_4q32.3	NA19983_h1_HML-2_4q32.3_graph_hgsvc3-2024-02-23-mc-chm13	ONE_SIDED_NO_PAIR	NONE	TTTTAT	UNSUPPORTED	TERMINAL_MOTIF	SUPPORTED	NONE
HML-2_4q32.3	NA19983_h2_HML-2_4q32.3_graph_hgsvc3-2024-02-23-mc-chm13	ONE_SIDED_NO_PAIR	NONE	TTTTAT	UNSUPPORTED	TERMINAL_MOTIF	SUPPORTED	NONE
HML-2_4q32.3	NA20129_mat_hprc_r2_v1.0.1_HML-2_4q32.3	ONE_SIDED_NO_PAIR	NONE	TTTTAT	UNSUPPORTED	TERMINAL_MOTIF	SUPPORTED	NONE
HML-2_4q32.3	NA20129_pat_hprc_r2_v1.0.1_HML-2_4q32.3	ONE_SIDED_NO_PAIR	NONE	TTTTAT	UNSUPPORTED	TERMINAL_MOTIF	SUPPORTED	NONE
HML-2_4q32.3	NA20282_hap1_hprc_r2_v1.0.1_HML-2_4q32.3	ONE_SIDED_NO_PAIR	NONE	TTTTAT	UNSUPPORTED	TERMINAL_MOTIF	SUPPORTED	NONE
HML-2_4q32.3	NA20282_hap2_hprc_r2_v1.0.1_HML-2_4q32.3	ONE_SIDED_NO_PAIR	NONE	TTTTAT	UNSUPPORTED	TERMINAL_MOTIF	SUPPORTED	NONE
HML-2_4q32.3	NA20346_hap1_hprc_r2_v1.0.1_HML-2_4q32.3	ONE_SIDED_NO_PAIR	NONE	TTTTAT	UNSUPPORTED	TERMINAL_MOTIF	SUPPORTED	NONE
HML-2_4q32.3	NA20346_hap2_hprc_r2_v1.0.1_HML-2_4q32.3	ONE_SIDED_NO_PAIR	NONE	TTTTAT	UNSUPPORTED	TERMINAL_MOTIF	SUPPORTED	NONE
HML-2_4q32.3	NA20355_h1_HML-2_4q32.3_graph_hgsvc3-2024-02-23-mc-chm13	ONE_SIDED_NO_PAIR	NONE	TTTTAT	UNSUPPORTED	TERMINAL_MOTIF	SUPPORTED	NONE
HML-2_4q32.3	NA20355_h2_HML-2_4q32.3_graph_hgsvc3-2024-02-23-mc-chm13	ONE_SIDED_NO_PAIR	NONE	TTTTAT	UNSUPPORTED	TERMINAL_MOTIF	SUPPORTED	NONE
HML-2_4q32.3	NA20503_hap1_hprc_r2_v1.0.1_HML-2_4q32.3	ONE_SIDED_NO_PAIR	NONE	TTTTAT	UNSUPPORTED	TERMINAL_MOTIF	SUPPORTED	NONE
HML-2_4q32.3	NA20503_hap2_hprc_r2_v1.0.1_HML-2_4q32.3	ONE_SIDED_NO_PAIR	NONE	TTTTAT	UNSUPPORTED	TERMINAL_MOTIF	SUPPORTED	NONE
HML-2_4q32.3	NA20509_h1_HML-2_4q32.3_graph_hgsvc3-2024-02-23-mc-chm13	ONE_SIDED_NO_PAIR	NONE	TTTTAT	UNSUPPORTED	TERMINAL_MOTIF	SUPPORTED	NONE
HML-2_4q32.3	NA20509_h2_HML-2_4q32.3_graph_hgsvc3-2024-02-23-mc-chm13	ONE_SIDED_NO_PAIR	NONE	TTTTAT	UNSUPPORTED	TERMINAL_MOTIF	SUPPORTED	NONE
HML-2_4q32.3	NA20752_hap1_hprc_r2_v1.0.1_HML-2_4q32.3	ONE_SIDED_NO_PAIR	NONE	TTTTAT	UNSUPPORTED	TERMINAL_MOTIF	SUPPORTED	NONE
HML-2_4q32.3	NA20752_hap2_hprc_r2_v1.0.1_HML-2_4q32.3	ONE_SIDED_NO_PAIR	NONE	TTTTAT	UNSUPPORTED	TERMINAL_MOTIF	SUPPORTED	NONE
HML-2_4q32.3	NA20762_hap1_hprc_r2_v1.0.1_HML-2_4q32.3	ONE_SIDED_NO_PAIR	NONE	TTTTAT	UNSUPPORTED	TERMINAL_MOTIF	SUPPORTED	NONE
HML-2_4q32.3	NA20762_hap2_hprc_r2_v1.0.1_HML-2_4q32.3	ONE_SIDED_NO_PAIR	NONE	TTTTAT	UNSUPPORTED	TERMINAL_MOTIF	SUPPORTED	NONE
HML-2_4q32.3	NA20799_hap1_hprc_r2_v1.0.1_HML-2_4q32.3	ONE_SIDED_NO_PAIR	NONE	TTTTAT	UNSUPPORTED	TERMINAL_MOTIF	SUPPORTED	NONE
HML-2_4q32.3	NA20799_hap2_hprc_r2_v1.0.1_HML-2_4q32.3	ONE_SIDED_NO_PAIR	NONE	TTTTAT	UNSUPPORTED	TERMINAL_MOTIF	SUPPORTED	NONE
HML-2_4q32.3	NA20805_hap1_hprc_r2_v1.0.1_HML-2_4q32.3	ONE_SIDED_NO_PAIR	NONE	TTTTAT	UNSUPPORTED	TERMINAL_MOTIF	SUPPORTED	NONE
HML-2_4q32.3	NA20805_hap2_hprc_r2_v1.0.1_HML-2_4q32.3	ONE_SIDED_NO_PAIR	NONE	TTTTAT	UNSUPPORTED	TERMINAL_MOTIF	SUPPORTED	NONE
HML-2_4q32.3	NA20806_hap1_hprc_r2_v1.0.1_HML-2_4q32.3	ONE_SIDED_NO_PAIR	NONE	TTTTAT	UNSUPPORTED	TERMINAL_MOTIF	SUPPORTED	NONE
HML-2_4q32.3	NA20806_hap2_hprc_r2_v1.0.1_HML-2_4q32.3	ONE_SIDED_NO_PAIR	NONE	TTTTAT	UNSUPPORTED	TERMINAL_MOTIF	SUPPORTED	NONE
HML-2_4q32.3	NA20809_hap1_hprc_r2_v1.0.1_HML-2_4q32.3	ONE_SIDED_NO_PAIR	NONE	TTTTAT	UNSUPPORTED	TERMINAL_MOTIF	SUPPORTED	NONE
HML-2_4q32.3	NA20809_hap2_hprc_r2_v1.0.1_HML-2_4q32.3	ONE_SIDED_NO_PAIR	NONE	TTTTAT	UNSUPPORTED	TERMINAL_MOTIF	SUPPORTED	NONE
HML-2_4q32.3	NA20827_hap1_hprc_r2_v1.0.1_HML-2_4q32.3	ONE_SIDED_NO_PAIR	NONE	TTTTAT	UNSUPPORTED	TERMINAL_MOTIF	SUPPORTED	NONE
HML-2_4q32.3	NA20827_hap2_hprc_r2_v1.0.1_HML-2_4q32.3	ONE_SIDED_NO_PAIR	NONE	TTTTAT	UNSUPPORTED	TERMINAL_MOTIF	SUPPORTED	NONE
HML-2_4q32.3	NA20847_h1_HML-2_4q32.3_graph_hgsvc3-2024-02-23-mc-chm13	ONE_SIDED_NO_PAIR	NONE	TTTTAT	UNSUPPORTED	TERMINAL_MOTIF	SUPPORTED	NONE
HML-2_4q32.3	NA20847_h2_HML-2_4q32.3_graph_hgsvc3-2024-02-23-mc-chm13	ONE_SIDED_NO_PAIR	NONE	TTTTAT	UNSUPPORTED	TERMINAL_MOTIF	SUPPORTED	NONE
HML-2_4q32.3	NA20850_hap1_hprc_r2_v1.0.1_HML-2_4q32.3	ONE_SIDED_NO_PAIR	NONE	TTTTAT	UNSUPPORTED	TERMINAL_MOTIF	SUPPORTED	NONE
HML-2_4q32.3	NA20850_hap2_hprc_r2_v1.0.1_HML-2_4q32.3	ONE_SIDED_NO_PAIR	NONE	TTTTAT	UNSUPPORTED	TERMINAL_MOTIF	SUPPORTED	NONE
HML-2_4q32.3	NA20870_hap1_hprc_r2_v1.0.1_HML-2_4q32.3	ONE_SIDED_NO_PAIR	NONE	TTTTAT	UNSUPPORTED	TERMINAL_MOTIF	SUPPORTED	NONE
HML-2_4q32.3	NA20870_hap2_hprc_r2_v1.0.1_HML-2_4q32.3	ONE_SIDED_NO_PAIR	NONE	TTTTAT	UNSUPPORTED	TERMINAL_MOTIF	SUPPORTED	NONE
HML-2_4q32.3	NA20905_hap1_hprc_r2_v1.0.1_HML-2_4q32.3	ONE_SIDED_NO_PAIR	NONE	TTTTAT	UNSUPPORTED	TERMINAL_MOTIF	SUPPORTED	NONE
HML-2_4q32.3	NA20905_hap2_hprc_r2_v1.0.1_HML-2_4q32.3	ONE_SIDED_NO_PAIR	NONE	TTTTAT	UNSUPPORTED	TERMINAL_MOTIF	SUPPORTED	NONE
HML-2_4q32.3	NA21093_hap1_hprc_r2_v1.0.1_HML-2_4q32.3	ONE_SIDED_NO_PAIR	NONE	TTTTAT	UNSUPPORTED	TERMINAL_MOTIF	SUPPORTED	NONE
HML-2_4q32.3	NA21093_hap2_hprc_r2_v1.0.1_HML-2_4q32.3	ONE_SIDED_NO_PAIR	NONE	TTTTAT	UNSUPPORTED	TERMINAL_MOTIF	SUPPORTED	NONE
HML-2_4q32.3	NA21102_hap1_hprc_r2_v1.0.1_HML-2_4q32.3	ONE_SIDED_NO_PAIR	NONE	TTTTAT	UNSUPPORTED	TERMINAL_MOTIF	SUPPORTED	NONE
HML-2_4q32.3	NA21102_hap2_hprc_r2_v1.0.1_HML-2_4q32.3	ONE_SIDED_NO_PAIR	NONE	TTTTAT	UNSUPPORTED	TERMINAL_MOTIF	SUPPORTED	NONE
HML-2_4q32.3	NA21106_hap1_hprc_r2_v1.0.1_HML-2_4q32.3	ONE_SIDED_NO_PAIR	NONE	TTTTAT	UNSUPPORTED	TERMINAL_MOTIF	SUPPORTED	NONE
HML-2_4q32.3	NA21106_hap2_hprc_r2_v1.0.1_HML-2_4q32.3	ONE_SIDED_NO_PAIR	NONE	TTTTAT	UNSUPPORTED	TERMINAL_MOTIF	SUPPORTED	NONE
HML-2_4q32.3	NA21110_hap1_hprc_r2_v1.0.1_HML-2_4q32.3	ONE_SIDED_NO_PAIR	NONE	TTTTAT	UNSUPPORTED	TERMINAL_MOTIF	SUPPORTED	NONE
HML-2_4q32.3	NA21110_hap2_hprc_r2_v1.0.1_HML-2_4q32.3	ONE_SIDED_NO_PAIR	NONE	TTTTAT	UNSUPPORTED	TERMINAL_MOTIF	SUPPORTED	NONE
HML-2_4q32.3	NA21144_hap1_hprc_r2_v1.0.1_HML-2_4q32.3	ONE_SIDED_NO_PAIR	NONE	TTTTAT	UNSUPPORTED	TERMINAL_MOTIF	SUPPORTED	NONE
HML-2_4q32.3	NA21144_hap2_hprc_r2_v1.0.1_HML-2_4q32.3	ONE_SIDED_NO_PAIR	NONE	TTTTAT	UNSUPPORTED	TERMINAL_MOTIF	SUPPORTED	NONE
HML-2_4q32.3	NA21309_mat_hprc_r2_v1.0.1_HML-2_4q32.3	ONE_SIDED_NO_PAIR	NONE	TTTTAT	UNSUPPORTED	TERMINAL_MOTIF	SUPPORTED	NONE
HML-2_4q32.3	NA21309_pat_hprc_r2_v1.0.1_HML-2_4q32.3	ONE_SIDED_NO_PAIR	NONE	TTTTAT	UNSUPPORTED	TERMINAL_MOTIF	SUPPORTED	NONE
HML-2_4q32.3	NA21487_h1_HML-2_4q32.3_graph_hgsvc3-2024-02-23-mc-chm13	ONE_SIDED_NO_PAIR	NONE	TTTTAT	UNSUPPORTED	TERMINAL_MOTIF	SUPPORTED	NONE
HML-2_4q32.3	NA21487_h2_HML-2_4q32.3_graph_hgsvc3-2024-02-23-mc-chm13	ONE_SIDED_NO_PAIR	NONE	TTTTAT	UNSUPPORTED	TERMINAL_MOTIF	SUPPORTED	NONE
HML-2_4q32.3	NA24385_h1_HML-2_4q32.3_graph_hgsvc3-2024-02-23-mc-chm13	ONE_SIDED_NO_PAIR	NONE	TTTTAT	UNSUPPORTED	TERMINAL_MOTIF	SUPPORTED	NONE
HML-2_4q32.3	NA24385_h2_HML-2_4q32.3_graph_hgsvc3-2024-02-23-mc-chm13	ONE_SIDED_NO_PAIR	NONE	TTTTAT	UNSUPPORTED	TERMINAL_MOTIF	SUPPORTED	NONE
HML-2_4q32.3	chm13v2.0_maskedY_rCRS.fa.PanSN_HML-2_4q32.3	ONE_SIDED_NO_PAIR	NONE	TTTTAT	UNSUPPORTED	TERMINAL_MOTIF	SUPPORTED	NONE
HML-2_4q32.3	hg002v1.1.mat_MT.PanSN_HML-2_4q32.3	ONE_SIDED_NO_PAIR	NONE	TTTTAT	UNSUPPORTED	TERMINAL_MOTIF	SUPPORTED	NONE
HML-2_4q32.3	hg002v1.1.pat.PanSN_HML-2_4q32.3	ONE_SIDED_NO_PAIR	NONE	TTTTAT	UNSUPPORTED	TERMINAL_MOTIF	SUPPORTED	NONE
HML-2_5p12	GCA_000001405.15_GRCh38_no_alt_analysis_set.PanSN_HML-2_5p12	ONE_SIDED_NO_PAIR	GCTCCC	NONE	DIRECT_PAF_ENDPOINT	UNSUPPORTED	SUPPORTED	NONE
HML-2_5p12	HG00096_h1_HML-2_5p12_graph_hgsvc3-2024-02-23-mc-chm13	ONE_SIDED_NO_PAIR	GCTCCC	NONE	DIRECT_PAF_ENDPOINT	UNSUPPORTED	SUPPORTED	NONE
HML-2_5p12	HG00096_h2_HML-2_5p12_graph_hgsvc3-2024-02-23-mc-chm13	ONE_SIDED_NO_PAIR	GCTCCC	NONE	DIRECT_PAF_ENDPOINT	UNSUPPORTED	SUPPORTED	NONE
HML-2_5p12	HG00097_hap1_hprc_r2_v1.0.1_HML-2_5p12	ONE_SIDED_NO_PAIR	GCTCCC	NONE	DIRECT_PAF_ENDPOINT	UNSUPPORTED	SUPPORTED	NONE
HML-2_5p12	HG00097_hap2_hprc_r2_v1.0.1_HML-2_5p12	ONE_SIDED_NO_PAIR	GCTCCC	NONE	DIRECT_PAF_ENDPOINT	UNSUPPORTED	SUPPORTED	NONE
HML-2_5p12	HG00099_hap1_hprc_r2_v1.0.1_HML-2_5p12	ONE_SIDED_NO_PAIR	GCTCCC	NONE	DIRECT_PAF_ENDPOINT	UNSUPPORTED	SUPPORTED	NONE
HML-2_5p12	HG00099_hap2_hprc_r2_v1.0.1_HML-2_5p12	ONE_SIDED_NO_PAIR	GCTCCC	NONE	DIRECT_PAF_ENDPOINT	UNSUPPORTED	SUPPORTED	NONE
HML-2_5p12	HG00126_hap1_hprc_r2_v1.0.1_HML-2_5p12	ONE_SIDED_NO_PAIR	GCTCCC	NONE	DIRECT_PAF_ENDPOINT	UNSUPPORTED	SUPPORTED	NONE
HML-2_5p12	HG00126_hap2_hprc_r2_v1.0.1_HML-2_5p12	ONE_SIDED_NO_PAIR	GCTCCC	NONE	DIRECT_PAF_ENDPOINT	UNSUPPORTED	SUPPORTED	NONE
HML-2_5p12	HG00128_hap1_hprc_r2_v1.0.1_HML-2_5p12	ONE_SIDED_NO_PAIR	GCTCCC	NONE	DIRECT_PAF_ENDPOINT	UNSUPPORTED	SUPPORTED	NONE
HML-2_5p12	HG00128_hap2_hprc_r2_v1.0.1_HML-2_5p12	ONE_SIDED_NO_PAIR	GCTCCC	NONE	DIRECT_PAF_ENDPOINT	UNSUPPORTED	SUPPORTED	NONE
HML-2_5p12	HG00133_hap1_hprc_r2_v1.0.1_HML-2_5p12	ONE_SIDED_NO_PAIR	GCTCCC	NONE	DIRECT_PAF_ENDPOINT	UNSUPPORTED	SUPPORTED	NONE
HML-2_5p12	HG00133_hap2_hprc_r2_v1.0.1_HML-2_5p12	ONE_SIDED_NO_PAIR	GCTCCC	NONE	DIRECT_PAF_ENDPOINT	UNSUPPORTED	SUPPORTED	NONE
HML-2_5p12	HG00140_hap2_hprc_r2_v1.0.1_HML-2_5p12_alt1	ONE_SIDED_NO_PAIR	GCTCCC	NONE	DIRECT_PAF_ENDPOINT	UNSUPPORTED	SUPPORTED	NONE
HML-2_5p12	HG00140_hap2_hprc_r2_v1.0.1_HML-2_5p12_alt2	ONE_SIDED_NO_PAIR	GCTCCC	NONE	DIRECT_PAF_ENDPOINT	UNSUPPORTED	SUPPORTED	NONE
HML-2_5p12	HG00146_hap1_hprc_r2_v1.0.1_HML-2_5p12	ONE_SIDED_NO_PAIR	GCTCCC	NONE	DIRECT_PAF_ENDPOINT	UNSUPPORTED	SUPPORTED	NONE
HML-2_5p12	HG00146_hap2_hprc_r2_v1.0.1_HML-2_5p12	ONE_SIDED_NO_PAIR	GCTCCC	NONE	DIRECT_PAF_ENDPOINT	UNSUPPORTED	SUPPORTED	NONE
HML-2_5p12	HG00171_h1_HML-2_5p12_graph_hgsvc3-2024-02-23-mc-chm13	ONE_SIDED_NO_PAIR	GCTCCC	NONE	DIRECT_PAF_ENDPOINT	UNSUPPORTED	SUPPORTED	NONE
HML-2_5p12	HG00171_h2_HML-2_5p12_graph_hgsvc3-2024-02-23-mc-chm13	ONE_SIDED_NO_PAIR	GCTCCC	NONE	DIRECT_PAF_ENDPOINT	UNSUPPORTED	SUPPORTED	NONE
HML-2_5p12	HG00232_hap1_hprc_r2_v1.0.1_HML-2_5p12	ONE_SIDED_NO_PAIR	GCTCCC	NONE	DIRECT_PAF_ENDPOINT	UNSUPPORTED	SUPPORTED	NONE
HML-2_5p12	HG00232_hap2_hprc_r2_v1.0.1_HML-2_5p12	ONE_SIDED_NO_PAIR	GCTCCC	NONE	DIRECT_PAF_ENDPOINT	UNSUPPORTED	SUPPORTED	NONE
HML-2_5p12	HG00235_hap1_hprc_r2_v1.0.1_HML-2_5p12	ONE_SIDED_NO_PAIR	GCTCCC	NONE	DIRECT_PAF_ENDPOINT	UNSUPPORTED	SUPPORTED	NONE
HML-2_5p12	HG00235_hap2_hprc_r2_v1.0.1_HML-2_5p12	ONE_SIDED_NO_PAIR	GCTCCC	NONE	DIRECT_PAF_ENDPOINT	UNSUPPORTED	SUPPORTED	NONE
HML-2_5p12	HG00253_hap1_hprc_r2_v1.0.1_HML-2_5p12	ONE_SIDED_NO_PAIR	GCTCCC	NONE	DIRECT_PAF_ENDPOINT	UNSUPPORTED	SUPPORTED	NONE
HML-2_5p12	HG00253_hap2_hprc_r2_v1.0.1_HML-2_5p12	ONE_SIDED_NO_PAIR	GCTCCC	NONE	DIRECT_PAF_ENDPOINT	UNSUPPORTED	SUPPORTED	NONE
HML-2_5p12	HG00268_h1_HML-2_5p12_graph_hgsvc3-2024-02-23-mc-chm13	ONE_SIDED_NO_PAIR	GCTCCC	NONE	DIRECT_PAF_ENDPOINT	UNSUPPORTED	SUPPORTED	NONE
HML-2_5p12	HG00268_h2_HML-2_5p12_graph_hgsvc3-2024-02-23-mc-chm13	ONE_SIDED_NO_PAIR	GCTCCC	NONE	DIRECT_PAF_ENDPOINT	UNSUPPORTED	SUPPORTED	NONE
HML-2_5p12	HG00272_hap1_hprc_r2_v1.0.1_HML-2_5p12	ONE_SIDED_NO_PAIR	GCTCCC	NONE	DIRECT_PAF_ENDPOINT	UNSUPPORTED	SUPPORTED	NONE
HML-2_5p12	HG00272_hap2_hprc_r2_v1.0.1_HML-2_5p12	ONE_SIDED_NO_PAIR	GCTCCC	NONE	DIRECT_PAF_ENDPOINT	UNSUPPORTED	SUPPORTED	NONE
HML-2_5p12	HG00280_hap1_hprc_r2_v1.0.1_HML-2_5p12	ONE_SIDED_NO_PAIR	GCTCCC	NONE	DIRECT_PAF_ENDPOINT	UNSUPPORTED	SUPPORTED	NONE
HML-2_5p12	HG00280_hap2_hprc_r2_v1.0.1_HML-2_5p12	ONE_SIDED_NO_PAIR	GCTCCC	NONE	DIRECT_PAF_ENDPOINT	UNSUPPORTED	SUPPORTED	NONE
HML-2_5p12	HG00290_hap1_hprc_r2_v1.0.1_HML-2_5p12	ONE_SIDED_NO_PAIR	GCTCCC	NONE	DIRECT_PAF_ENDPOINT	UNSUPPORTED	SUPPORTED	NONE
HML-2_5p12	HG00290_hap2_hprc_r2_v1.0.1_HML-2_5p12	ONE_SIDED_NO_PAIR	GCTCCC	NONE	DIRECT_PAF_ENDPOINT	UNSUPPORTED	SUPPORTED	NONE
HML-2_5p12	HG00320_hap1_hprc_r2_v1.0.1_HML-2_5p12	ONE_SIDED_NO_PAIR	GCTCCC	NONE	DIRECT_PAF_ENDPOINT	UNSUPPORTED	SUPPORTED	NONE
HML-2_5p12	HG00320_hap2_hprc_r2_v1.0.1_HML-2_5p12	ONE_SIDED_NO_PAIR	GCTCCC	NONE	DIRECT_PAF_ENDPOINT	UNSUPPORTED	SUPPORTED	NONE
HML-2_5p12	HG00321_hap1_hprc_r2_v1.0.1_HML-2_5p12	ONE_SIDED_NO_PAIR	GCTCCC	NONE	DIRECT_PAF_ENDPOINT	UNSUPPORTED	SUPPORTED	NONE
HML-2_5p12	HG00321_hap2_hprc_r2_v1.0.1_HML-2_5p12	ONE_SIDED_NO_PAIR	GCTCCC	NONE	DIRECT_PAF_ENDPOINT	UNSUPPORTED	SUPPORTED	NONE
HML-2_5p12	HG00323_hap1_hprc_r2_v1.0.1_HML-2_5p12	ONE_SIDED_NO_PAIR	GCTCCC	NONE	DIRECT_PAF_ENDPOINT	UNSUPPORTED	SUPPORTED	NONE
HML-2_5p12	HG00323_hap2_hprc_r2_v1.0.1_HML-2_5p12	ONE_SIDED_NO_PAIR	GCTCCC	NONE	DIRECT_PAF_ENDPOINT	UNSUPPORTED	SUPPORTED	NONE
HML-2_5p12	HG00329_hap1_hprc_r2_v1.0.1_HML-2_5p12	ONE_SIDED_NO_PAIR	GCTCCC	NONE	DIRECT_PAF_ENDPOINT	UNSUPPORTED	SUPPORTED	NONE
HML-2_5p12	HG00329_hap2_hprc_r2_v1.0.1_HML-2_5p12	ONE_SIDED_NO_PAIR	GCTCCC	NONE	DIRECT_PAF_ENDPOINT	UNSUPPORTED	SUPPORTED	NONE
HML-2_5p12	HG00344_hap1_hprc_r2_v1.0.1_HML-2_5p12	ONE_SIDED_NO_PAIR	GCTCCC	NONE	DIRECT_PAF_ENDPOINT	UNSUPPORTED	SUPPORTED	NONE
HML-2_5p12	HG00344_hap2_hprc_r2_v1.0.1_HML-2_5p12	ONE_SIDED_NO_PAIR	GCTCCC	NONE	DIRECT_PAF_ENDPOINT	UNSUPPORTED	SUPPORTED	NONE
HML-2_5p12	HG00350_hap1_hprc_r2_v1.0.1_HML-2_5p12	ONE_SIDED_NO_PAIR	GCTCCC	NONE	DIRECT_PAF_ENDPOINT	UNSUPPORTED	SUPPORTED	NONE
HML-2_5p12	HG00350_hap2_hprc_r2_v1.0.1_HML-2_5p12	ONE_SIDED_NO_PAIR	GCTCCC	NONE	DIRECT_PAF_ENDPOINT	UNSUPPORTED	SUPPORTED	NONE
HML-2_5p12	HG00358_h1_HML-2_5p12_graph_hgsvc3-2024-02-23-mc-chm13	ONE_SIDED_NO_PAIR	GCTCCC	NONE	DIRECT_PAF_ENDPOINT	UNSUPPORTED	SUPPORTED	NONE
HML-2_5p12	HG00358_h2_HML-2_5p12_graph_hgsvc3-2024-02-23-mc-chm13	ONE_SIDED_NO_PAIR	GCTCCC	NONE	DIRECT_PAF_ENDPOINT	UNSUPPORTED	SUPPORTED	NONE
HML-2_5p12	HG00408_mat_hprc_r2_v1.0.1_HML-2_5p12	ONE_SIDED_NO_PAIR	GCTCCC	NONE	DIRECT_PAF_ENDPOINT	UNSUPPORTED	SUPPORTED	NONE
HML-2_5p12	HG00408_pat_hprc_r2_v1.0.1_HML-2_5p12	ONE_SIDED_NO_PAIR	GCTCCC	NONE	DIRECT_PAF_ENDPOINT	UNSUPPORTED	SUPPORTED	NONE
HML-2_5p12	HG00423_mat_hprc_r2_v1.0.1_HML-2_5p12	ONE_SIDED_NO_PAIR	GCTCCC	NONE	DIRECT_PAF_ENDPOINT	UNSUPPORTED	SUPPORTED	NONE
HML-2_5p12	HG00423_pat_hprc_r2_v1.0.1_HML-2_5p12	ONE_SIDED_NO_PAIR	GCTCCC	NONE	DIRECT_PAF_ENDPOINT	UNSUPPORTED	SUPPORTED	NONE
HML-2_5p12	HG00438_mat_hprc_r2_v1.0.1_HML-2_5p12	ONE_SIDED_NO_PAIR	GCTCCC	NONE	DIRECT_PAF_ENDPOINT	UNSUPPORTED	SUPPORTED	NONE
HML-2_5p12	HG00438_pat_hprc_r2_v1.0.1_HML-2_5p12	ONE_SIDED_NO_PAIR	GCTCCC	NONE	DIRECT_PAF_ENDPOINT	UNSUPPORTED	SUPPORTED	NONE
HML-2_5p12	HG00512_h1_HML-2_5p12_graph_hgsvc3-2024-02-23-mc-chm13	ONE_SIDED_NO_PAIR	GCTCCC	NONE	DIRECT_PAF_ENDPOINT	UNSUPPORTED	SUPPORTED	NONE
HML-2_5p12	HG00512_h2_HML-2_5p12_graph_hgsvc3-2024-02-23-mc-chm13	ONE_SIDED_NO_PAIR	GCTCCC	NONE	DIRECT_PAF_ENDPOINT	UNSUPPORTED	SUPPORTED	NONE
HML-2_5p12	HG00513_h1_HML-2_5p12_graph_hgsvc3-2024-02-23-mc-chm13	ONE_SIDED_NO_PAIR	GCTCCC	NONE	DIRECT_PAF_ENDPOINT	UNSUPPORTED	SUPPORTED	NONE
HML-2_5p12	HG00513_h2_HML-2_5p12_graph_hgsvc3-2024-02-23-mc-chm13	ONE_SIDED_NO_PAIR	GCTCCC	NONE	DIRECT_PAF_ENDPOINT	UNSUPPORTED	SUPPORTED	NONE
HML-2_5p12	HG00514_h1_HML-2_5p12_graph_hgsvc3-2024-02-23-mc-chm13	ONE_SIDED_NO_PAIR	GCTCCC	NONE	DIRECT_PAF_ENDPOINT	UNSUPPORTED	SUPPORTED	NONE
HML-2_5p12	HG00514_h2_HML-2_5p12_graph_hgsvc3-2024-02-23-mc-chm13	ONE_SIDED_NO_PAIR	GCTCCC	NONE	DIRECT_PAF_ENDPOINT	UNSUPPORTED	SUPPORTED	NONE
HML-2_5p12	HG00544_mat_hprc_r2_v1.0.1_HML-2_5p12	ONE_SIDED_NO_PAIR	GCTCCC	NONE	DIRECT_PAF_ENDPOINT	UNSUPPORTED	SUPPORTED	NONE
HML-2_5p12	HG00544_pat_hprc_r2_v1.0.1_HML-2_5p12	ONE_SIDED_NO_PAIR	GCTCCC	NONE	DIRECT_PAF_ENDPOINT	UNSUPPORTED	SUPPORTED	NONE
HML-2_5p12	HG00558_mat_hprc_r2_v1.0.1_HML-2_5p12	ONE_SIDED_NO_PAIR	GCTCCC	NONE	DIRECT_PAF_ENDPOINT	UNSUPPORTED	SUPPORTED	NONE
HML-2_5p12	HG00558_pat_hprc_r2_v1.0.1_HML-2_5p12	ONE_SIDED_NO_PAIR	GCTCCC	NONE	DIRECT_PAF_ENDPOINT	UNSUPPORTED	SUPPORTED	NONE
HML-2_5p12	HG00597_mat_hprc_r2_v1.0.1_HML-2_5p12	ONE_SIDED_NO_PAIR	GCTCCC	NONE	DIRECT_PAF_ENDPOINT	UNSUPPORTED	SUPPORTED	NONE
HML-2_5p12	HG00597_pat_hprc_r2_v1.0.1_HML-2_5p12	ONE_SIDED_NO_PAIR	GCTCCC	NONE	DIRECT_PAF_ENDPOINT	UNSUPPORTED	SUPPORTED	NONE
HML-2_5p12	HG005_mat_hprc_r2_v1.0.1_HML-2_5p12	ONE_SIDED_NO_PAIR	GCTCCC	NONE	DIRECT_PAF_ENDPOINT	UNSUPPORTED	SUPPORTED	NONE
HML-2_5p12	HG005_pat_hprc_r2_v1.0.1_HML-2_5p12	ONE_SIDED_NO_PAIR	GCTCCC	NONE	DIRECT_PAF_ENDPOINT	UNSUPPORTED	SUPPORTED	NONE
HML-2_5p12	HG00609_mat_hprc_r2_v1.0.1_HML-2_5p12	ONE_SIDED_NO_PAIR	GCTCCC	NONE	DIRECT_PAF_ENDPOINT	UNSUPPORTED	SUPPORTED	NONE
HML-2_5p12	HG00609_pat_hprc_r2_v1.0.1_HML-2_5p12	ONE_SIDED_NO_PAIR	GCTCCC	NONE	DIRECT_PAF_ENDPOINT	UNSUPPORTED	SUPPORTED	NONE
HML-2_5p12	HG00621_mat_hprc_r2_v1.0.1_HML-2_5p12	ONE_SIDED_NO_PAIR	GCTCCC	NONE	DIRECT_PAF_ENDPOINT	UNSUPPORTED	SUPPORTED	NONE
HML-2_5p12	HG00621_pat_hprc_r2_v1.0.1_HML-2_5p12	ONE_SIDED_NO_PAIR	GCTCCC	NONE	DIRECT_PAF_ENDPOINT	UNSUPPORTED	SUPPORTED	NONE
HML-2_5p12	HG00639_mat_hprc_r2_v1.0.1_HML-2_5p12	ONE_SIDED_NO_PAIR	GCTCCC	NONE	DIRECT_PAF_ENDPOINT	UNSUPPORTED	SUPPORTED	NONE
HML-2_5p12	HG00639_pat_hprc_r2_v1.0.1_HML-2_5p12	ONE_SIDED_NO_PAIR	GCTCCC	NONE	DIRECT_PAF_ENDPOINT	UNSUPPORTED	SUPPORTED	NONE
HML-2_5p12	HG00642_mat_hprc_r2_v1.0.1_HML-2_5p12	ONE_SIDED_NO_PAIR	GCTCCC	NONE	DIRECT_PAF_ENDPOINT	UNSUPPORTED	SUPPORTED	NONE
HML-2_5p12	HG00642_pat_hprc_r2_v1.0.1_HML-2_5p12	ONE_SIDED_NO_PAIR	GCTCCC	NONE	DIRECT_PAF_ENDPOINT	UNSUPPORTED	SUPPORTED	NONE
HML-2_5p12	HG00658_mat_hprc_r2_v1.0.1_HML-2_5p12	ONE_SIDED_NO_PAIR	GCTCCC	NONE	DIRECT_PAF_ENDPOINT	UNSUPPORTED	SUPPORTED	NONE
HML-2_5p12	HG00658_pat_hprc_r2_v1.0.1_HML-2_5p12	ONE_SIDED_NO_PAIR	GCTCCC	NONE	DIRECT_PAF_ENDPOINT	UNSUPPORTED	SUPPORTED	NONE
HML-2_5p12	HG00673_mat_hprc_r2_v1.0.1_HML-2_5p12	ONE_SIDED_NO_PAIR	GCTCCC	NONE	DIRECT_PAF_ENDPOINT	UNSUPPORTED	SUPPORTED	NONE
HML-2_5p12	HG00673_pat_hprc_r2_v1.0.1_HML-2_5p12	ONE_SIDED_NO_PAIR	GCTCCC	NONE	DIRECT_PAF_ENDPOINT	UNSUPPORTED	SUPPORTED	NONE
HML-2_5p12	HG00706_mat_hprc_r2_v1.0.1_HML-2_5p12	ONE_SIDED_NO_PAIR	GCTCCC	NONE	DIRECT_PAF_ENDPOINT	UNSUPPORTED	SUPPORTED	NONE
HML-2_5p12	HG00706_pat_hprc_r2_v1.0.1_HML-2_5p12	ONE_SIDED_NO_PAIR	GCTCCC	NONE	DIRECT_PAF_ENDPOINT	UNSUPPORTED	SUPPORTED	NONE
HML-2_5p12	HG00731_h1_HML-2_5p12_graph_hgsvc3-2024-02-23-mc-chm13	ONE_SIDED_NO_PAIR	GCTCCC	NONE	DIRECT_PAF_ENDPOINT	UNSUPPORTED	SUPPORTED	NONE
HML-2_5p12	HG00731_h2_HML-2_5p12_graph_hgsvc3-2024-02-23-mc-chm13	ONE_SIDED_NO_PAIR	GCTCCC	NONE	DIRECT_PAF_ENDPOINT	UNSUPPORTED	SUPPORTED	NONE
HML-2_5p12	HG00732_h1_HML-2_5p12_graph_hgsvc3-2024-02-23-mc-chm13	ONE_SIDED_NO_PAIR	GCTCCC	NONE	DIRECT_PAF_ENDPOINT	UNSUPPORTED	SUPPORTED	NONE
HML-2_5p12	HG00732_h2_HML-2_5p12_graph_hgsvc3-2024-02-23-mc-chm13	ONE_SIDED_NO_PAIR	GCTCCC	NONE	DIRECT_PAF_ENDPOINT	UNSUPPORTED	SUPPORTED	NONE
HML-2_5p12	HG00733_mat_hprc_r2_v1.0.1_HML-2_5p12	ONE_SIDED_NO_PAIR	GCTCCC	NONE	DIRECT_PAF_ENDPOINT	UNSUPPORTED	SUPPORTED	NONE
HML-2_5p12	HG00733_pat_hprc_r2_v1.0.1_HML-2_5p12	ONE_SIDED_NO_PAIR	GCTCCC	NONE	DIRECT_PAF_ENDPOINT	UNSUPPORTED	SUPPORTED	NONE
HML-2_5p12	HG00735_mat_hprc_r2_v1.0.1_HML-2_5p12	ONE_SIDED_NO_PAIR	GCTCCC	NONE	DIRECT_PAF_ENDPOINT	UNSUPPORTED	SUPPORTED	NONE
HML-2_5p12	HG00735_pat_hprc_r2_v1.0.1_HML-2_5p12	ONE_SIDED_NO_PAIR	GCTCCC	NONE	DIRECT_PAF_ENDPOINT	UNSUPPORTED	SUPPORTED	NONE
HML-2_5p12	HG00738_mat_hprc_r2_v1.0.1_HML-2_5p12	ONE_SIDED_NO_PAIR	GCTCCC	NONE	DIRECT_PAF_ENDPOINT	UNSUPPORTED	SUPPORTED	NONE
HML-2_5p12	HG00738_pat_hprc_r2_v1.0.1_HML-2_5p12	ONE_SIDED_NO_PAIR	GCTCCC	NONE	DIRECT_PAF_ENDPOINT	UNSUPPORTED	SUPPORTED	NONE
HML-2_5p12	HG00741_mat_hprc_r2_v1.0.1_HML-2_5p12	ONE_SIDED_NO_PAIR	GCTCCC	NONE	DIRECT_PAF_ENDPOINT	UNSUPPORTED	SUPPORTED	NONE
HML-2_5p12	HG00741_pat_hprc_r2_v1.0.1_HML-2_5p12	ONE_SIDED_NO_PAIR	GCTCCC	NONE	DIRECT_PAF_ENDPOINT	UNSUPPORTED	SUPPORTED	NONE
HML-2_5p12	HG00864_h1_HML-2_5p12_graph_hgsvc3-2024-02-23-mc-chm13	ONE_SIDED_NO_PAIR	GCTCCC	NONE	DIRECT_PAF_ENDPOINT	UNSUPPORTED	SUPPORTED	NONE
HML-2_5p12	HG00864_h2_HML-2_5p12_graph_hgsvc3-2024-02-23-mc-chm13	ONE_SIDED_NO_PAIR	GCTCCC	NONE	DIRECT_PAF_ENDPOINT	UNSUPPORTED	SUPPORTED	NONE
HML-2_5p12	HG01071_mat_hprc_r2_v1.0.1_HML-2_5p12	ONE_SIDED_NO_PAIR	GCTCCC	NONE	DIRECT_PAF_ENDPOINT	UNSUPPORTED	SUPPORTED	NONE
HML-2_5p12	HG01071_pat_hprc_r2_v1.0.1_HML-2_5p12	ONE_SIDED_NO_PAIR	GCTCCC	NONE	DIRECT_PAF_ENDPOINT	UNSUPPORTED	SUPPORTED	NONE
HML-2_5p12	HG01074_mat_hprc_r2_v1.0.1_HML-2_5p12	ONE_SIDED_NO_PAIR	GCTCCC	NONE	DIRECT_PAF_ENDPOINT	UNSUPPORTED	SUPPORTED	NONE
HML-2_5p12	HG01074_pat_hprc_r2_v1.0.1_HML-2_5p12	ONE_SIDED_NO_PAIR	GCTCCC	NONE	DIRECT_PAF_ENDPOINT	UNSUPPORTED	SUPPORTED	NONE
HML-2_5p12	HG01081_mat_hprc_r2_v1.0.1_HML-2_5p12	ONE_SIDED_NO_PAIR	GCTCCC	NONE	DIRECT_PAF_ENDPOINT	UNSUPPORTED	SUPPORTED	NONE
HML-2_5p12	HG01081_pat_hprc_r2_v1.0.1_HML-2_5p12	ONE_SIDED_NO_PAIR	GCTCCC	NONE	DIRECT_PAF_ENDPOINT	UNSUPPORTED	SUPPORTED	NONE
HML-2_5p12	HG01099_mat_hprc_r2_v1.0.1_HML-2_5p12	ONE_SIDED_NO_PAIR	GCTCCC	NONE	DIRECT_PAF_ENDPOINT	UNSUPPORTED	SUPPORTED	NONE
HML-2_5p12	HG01099_pat_hprc_r2_v1.0.1_HML-2_5p12	ONE_SIDED_NO_PAIR	GCTCCC	NONE	DIRECT_PAF_ENDPOINT	UNSUPPORTED	SUPPORTED	NONE
HML-2_5p12	HG01106_mat_hprc_r2_v1.0.1_HML-2_5p12	ONE_SIDED_NO_PAIR	GCTCCC	NONE	DIRECT_PAF_ENDPOINT	UNSUPPORTED	SUPPORTED	NONE
HML-2_5p12	HG01106_pat_hprc_r2_v1.0.1_HML-2_5p12	ONE_SIDED_NO_PAIR	GCTCCC	NONE	DIRECT_PAF_ENDPOINT	UNSUPPORTED	SUPPORTED	NONE
HML-2_5p12	HG01109_mat_hprc_r2_v1.0.1_HML-2_5p12	ONE_SIDED_NO_PAIR	GCTCCC	NONE	DIRECT_PAF_ENDPOINT	UNSUPPORTED	SUPPORTED	NONE
HML-2_5p12	HG01109_pat_hprc_r2_v1.0.1_HML-2_5p12	ONE_SIDED_NO_PAIR	GCTCCC	NONE	DIRECT_PAF_ENDPOINT	UNSUPPORTED	SUPPORTED	NONE
HML-2_5p12	HG01114_h1_HML-2_5p12_graph_hgsvc3-2024-02-23-mc-chm13	ONE_SIDED_NO_PAIR	GCTCCC	NONE	DIRECT_PAF_ENDPOINT	UNSUPPORTED	SUPPORTED	NONE
HML-2_5p12	HG01114_h2_HML-2_5p12_graph_hgsvc3-2024-02-23-mc-chm13	ONE_SIDED_NO_PAIR	GCTCCC	NONE	DIRECT_PAF_ENDPOINT	UNSUPPORTED	SUPPORTED	NONE
HML-2_5p12	HG01123_mat_hprc_r2_v1.0.1_HML-2_5p12	ONE_SIDED_NO_PAIR	GCTCCC	NONE	DIRECT_PAF_ENDPOINT	UNSUPPORTED	SUPPORTED	NONE
HML-2_5p12	HG01123_pat_hprc_r2_v1.0.1_HML-2_5p12	ONE_SIDED_NO_PAIR	GCTCCC	NONE	DIRECT_PAF_ENDPOINT	UNSUPPORTED	SUPPORTED	NONE
HML-2_5p12	HG01150_mat_hprc_r2_v1.0.1_HML-2_5p12	ONE_SIDED_NO_PAIR	GCTCCC	NONE	DIRECT_PAF_ENDPOINT	UNSUPPORTED	SUPPORTED	NONE
HML-2_5p12	HG01150_pat_hprc_r2_v1.0.1_HML-2_5p12	ONE_SIDED_NO_PAIR	GCTCCC	NONE	DIRECT_PAF_ENDPOINT	UNSUPPORTED	SUPPORTED	NONE
HML-2_5p12	HG01167_hap1_hprc_r2_v1.0.1_HML-2_5p12	ONE_SIDED_NO_PAIR	GCTCCC	NONE	DIRECT_PAF_ENDPOINT	UNSUPPORTED	SUPPORTED	NONE
HML-2_5p12	HG01167_hap2_hprc_r2_v1.0.1_HML-2_5p12	ONE_SIDED_NO_PAIR	GCTCCC	NONE	DIRECT_PAF_ENDPOINT	UNSUPPORTED	SUPPORTED	NONE
HML-2_5p12	HG01175_mat_hprc_r2_v1.0.1_HML-2_5p12	ONE_SIDED_NO_PAIR	GCTCCC	NONE	DIRECT_PAF_ENDPOINT	UNSUPPORTED	SUPPORTED	NONE
HML-2_5p12	HG01175_pat_hprc_r2_v1.0.1_HML-2_5p12	ONE_SIDED_NO_PAIR	GCTCCC	NONE	DIRECT_PAF_ENDPOINT	UNSUPPORTED	SUPPORTED	NONE
HML-2_5p12	HG01192_mat_hprc_r2_v1.0.1_HML-2_5p12	ONE_SIDED_NO_PAIR	GCTCCC	NONE	DIRECT_PAF_ENDPOINT	UNSUPPORTED	SUPPORTED	NONE
HML-2_5p12	HG01192_pat_hprc_r2_v1.0.1_HML-2_5p12	ONE_SIDED_NO_PAIR	GCTCCC	NONE	DIRECT_PAF_ENDPOINT	UNSUPPORTED	SUPPORTED	NONE
HML-2_5p12	HG01243_mat_hprc_r2_v1.0.1_HML-2_5p12	ONE_SIDED_NO_PAIR	GCTCCC	NONE	DIRECT_PAF_ENDPOINT	UNSUPPORTED	SUPPORTED	NONE
HML-2_5p12	HG01243_pat_hprc_r2_v1.0.1_HML-2_5p12	ONE_SIDED_NO_PAIR	GCTCCC	NONE	DIRECT_PAF_ENDPOINT	UNSUPPORTED	SUPPORTED	NONE
HML-2_5p12	HG01252_mat_hprc_r2_v1.0.1_HML-2_5p12	ONE_SIDED_NO_PAIR	GCTCCC	NONE	DIRECT_PAF_ENDPOINT	UNSUPPORTED	SUPPORTED	NONE
HML-2_5p12	HG01252_pat_hprc_r2_v1.0.1_HML-2_5p12	ONE_SIDED_NO_PAIR	GCTCCC	NONE	DIRECT_PAF_ENDPOINT	UNSUPPORTED	SUPPORTED	NONE
HML-2_5p12	HG01255_mat_hprc_r2_v1.0.1_HML-2_5p12	ONE_SIDED_NO_PAIR	GCTCCC	NONE	DIRECT_PAF_ENDPOINT	UNSUPPORTED	SUPPORTED	NONE
HML-2_5p12	HG01255_pat_hprc_r2_v1.0.1_HML-2_5p12	ONE_SIDED_NO_PAIR	GCTCCC	NONE	DIRECT_PAF_ENDPOINT	UNSUPPORTED	SUPPORTED	NONE
HML-2_5p12	HG01258_mat_hprc_r2_v1.0.1_HML-2_5p12	ONE_SIDED_NO_PAIR	GCTCCC	NONE	DIRECT_PAF_ENDPOINT	UNSUPPORTED	SUPPORTED	NONE
HML-2_5p12	HG01258_pat_hprc_r2_v1.0.1_HML-2_5p12	ONE_SIDED_NO_PAIR	GCTCCC	NONE	DIRECT_PAF_ENDPOINT	UNSUPPORTED	SUPPORTED	NONE
HML-2_5p12	HG01261_mat_hprc_r2_v1.0.1_HML-2_5p12	ONE_SIDED_NO_PAIR	GCTCCC	NONE	DIRECT_PAF_ENDPOINT	UNSUPPORTED	SUPPORTED	NONE
HML-2_5p12	HG01261_pat_hprc_r2_v1.0.1_HML-2_5p12	ONE_SIDED_NO_PAIR	GCTCCC	NONE	DIRECT_PAF_ENDPOINT	UNSUPPORTED	SUPPORTED	NONE
HML-2_5p12	HG01346_mat_hprc_r2_v1.0.1_HML-2_5p12	ONE_SIDED_NO_PAIR	GCTCCC	NONE	DIRECT_PAF_ENDPOINT	UNSUPPORTED	SUPPORTED	NONE
HML-2_5p12	HG01346_pat_hprc_r2_v1.0.1_HML-2_5p12	ONE_SIDED_NO_PAIR	GCTCCC	NONE	DIRECT_PAF_ENDPOINT	UNSUPPORTED	SUPPORTED	NONE
HML-2_5p12	HG01352_h1_HML-2_5p12_graph_hgsvc3-2024-02-23-mc-chm13	ONE_SIDED_NO_PAIR	GCTCCC	NONE	DIRECT_PAF_ENDPOINT	UNSUPPORTED	SUPPORTED	NONE
HML-2_5p12	HG01352_h2_HML-2_5p12_graph_hgsvc3-2024-02-23-mc-chm13	ONE_SIDED_NO_PAIR	GCTCCC	NONE	DIRECT_PAF_ENDPOINT	UNSUPPORTED	SUPPORTED	NONE
HML-2_5p12	HG01358_mat_hprc_r2_v1.0.1_HML-2_5p12	ONE_SIDED_NO_PAIR	GCTCCC	NONE	DIRECT_PAF_ENDPOINT	UNSUPPORTED	SUPPORTED	NONE
HML-2_5p12	HG01358_pat_hprc_r2_v1.0.1_HML-2_5p12	ONE_SIDED_NO_PAIR	GCTCCC	NONE	DIRECT_PAF_ENDPOINT	UNSUPPORTED	SUPPORTED	NONE
HML-2_5p12	HG01361_mat_hprc_r2_v1.0.1_HML-2_5p12	ONE_SIDED_NO_PAIR	GCTCCC	NONE	DIRECT_PAF_ENDPOINT	UNSUPPORTED	SUPPORTED	NONE
HML-2_5p12	HG01361_pat_hprc_r2_v1.0.1_HML-2_5p12	ONE_SIDED_NO_PAIR	GCTCCC	NONE	DIRECT_PAF_ENDPOINT	UNSUPPORTED	SUPPORTED	NONE
HML-2_5p12	HG01433_mat_hprc_r2_v1.0.1_HML-2_5p12	ONE_SIDED_NO_PAIR	GCTCCC	NONE	DIRECT_PAF_ENDPOINT	UNSUPPORTED	SUPPORTED	NONE
HML-2_5p12	HG01433_pat_hprc_r2_v1.0.1_HML-2_5p12	ONE_SIDED_NO_PAIR	GCTCCC	NONE	DIRECT_PAF_ENDPOINT	UNSUPPORTED	SUPPORTED	NONE
HML-2_5p12	HG01457_h1_HML-2_5p12_graph_hgsvc3-2024-02-23-mc-chm13	ONE_SIDED_NO_PAIR	GCTCCC	NONE	DIRECT_PAF_ENDPOINT	UNSUPPORTED	SUPPORTED	NONE
HML-2_5p12	HG01457_h2_HML-2_5p12_graph_hgsvc3-2024-02-23-mc-chm13	ONE_SIDED_NO_PAIR	GCTCCC	NONE	DIRECT_PAF_ENDPOINT	UNSUPPORTED	SUPPORTED	NONE
HML-2_5p12	HG01496_mat_hprc_r2_v1.0.1_HML-2_5p12	ONE_SIDED_NO_PAIR	GCTCCC	NONE	DIRECT_PAF_ENDPOINT	UNSUPPORTED	SUPPORTED	NONE
HML-2_5p12	HG01496_pat_hprc_r2_v1.0.1_HML-2_5p12	ONE_SIDED_NO_PAIR	GCTCCC	NONE	DIRECT_PAF_ENDPOINT	UNSUPPORTED	SUPPORTED	NONE
HML-2_5p12	HG01505_h1_HML-2_5p12_graph_hgsvc3-2024-02-23-mc-chm13	ONE_SIDED_NO_PAIR	GCTCCC	NONE	DIRECT_PAF_ENDPOINT	UNSUPPORTED	SUPPORTED	NONE
HML-2_5p12	HG01505_h2_HML-2_5p12_graph_hgsvc3-2024-02-23-mc-chm13	ONE_SIDED_NO_PAIR	GCTCCC	NONE	DIRECT_PAF_ENDPOINT	UNSUPPORTED	SUPPORTED	NONE
HML-2_5p12	HG01530_hap1_hprc_r2_v1.0.1_HML-2_5p12	ONE_SIDED_NO_PAIR	GCTCCC	NONE	DIRECT_PAF_ENDPOINT	UNSUPPORTED	SUPPORTED	NONE
HML-2_5p12	HG01530_hap2_hprc_r2_v1.0.1_HML-2_5p12	ONE_SIDED_NO_PAIR	GCTCCC	NONE	DIRECT_PAF_ENDPOINT	UNSUPPORTED	SUPPORTED	NONE
HML-2_5p12	HG01573_h1_HML-2_5p12_graph_hgsvc3-2024-02-23-mc-chm13	ONE_SIDED_NO_PAIR	GCTCCC	NONE	DIRECT_PAF_ENDPOINT	UNSUPPORTED	SUPPORTED	NONE
HML-2_5p12	HG01573_h2_HML-2_5p12_graph_hgsvc3-2024-02-23-mc-chm13	ONE_SIDED_NO_PAIR	GCTCCC	NONE	DIRECT_PAF_ENDPOINT	UNSUPPORTED	SUPPORTED	NONE
HML-2_5p12	HG01596_h1_HML-2_5p12_graph_hgsvc3-2024-02-23-mc-chm13	ONE_SIDED_NO_PAIR	GCTCCC	NONE	DIRECT_PAF_ENDPOINT	UNSUPPORTED	SUPPORTED	NONE
HML-2_5p12	HG01596_h2_HML-2_5p12_graph_hgsvc3-2024-02-23-mc-chm13	ONE_SIDED_NO_PAIR	GCTCCC	NONE	DIRECT_PAF_ENDPOINT	UNSUPPORTED	SUPPORTED	NONE
HML-2_5p12	HG01784_hap1_hprc_r2_v1.0.1_HML-2_5p12	ONE_SIDED_NO_PAIR	GCTCCC	NONE	DIRECT_PAF_ENDPOINT	UNSUPPORTED	SUPPORTED	NONE
HML-2_5p12	HG01784_hap2_hprc_r2_v1.0.1_HML-2_5p12	ONE_SIDED_NO_PAIR	GCTCCC	NONE	DIRECT_PAF_ENDPOINT	UNSUPPORTED	SUPPORTED	NONE
HML-2_5p12	HG01786_hap1_hprc_r2_v1.0.1_HML-2_5p12	ONE_SIDED_NO_PAIR	GCTCCC	NONE	DIRECT_PAF_ENDPOINT	UNSUPPORTED	SUPPORTED	NONE
HML-2_5p12	HG01786_hap2_hprc_r2_v1.0.1_HML-2_5p12	ONE_SIDED_NO_PAIR	GCTCCC	NONE	DIRECT_PAF_ENDPOINT	UNSUPPORTED	SUPPORTED	NONE
HML-2_5p12	HG01884_mat_hprc_r2_v1.0.1_HML-2_5p12	ONE_SIDED_NO_PAIR	GCTCCC	NONE	DIRECT_PAF_ENDPOINT	UNSUPPORTED	SUPPORTED	NONE
HML-2_5p12	HG01884_pat_hprc_r2_v1.0.1_HML-2_5p12	ONE_SIDED_NO_PAIR	GCTCCC	NONE	DIRECT_PAF_ENDPOINT	UNSUPPORTED	SUPPORTED	NONE
HML-2_5p12	HG01890_h1_HML-2_5p12_graph_hgsvc3-2024-02-23-mc-chm13	ONE_SIDED_NO_PAIR	GCTCCC	NONE	DIRECT_PAF_ENDPOINT	UNSUPPORTED	SUPPORTED	NONE
HML-2_5p12	HG01890_h2_HML-2_5p12_graph_hgsvc3-2024-02-23-mc-chm13	ONE_SIDED_NO_PAIR	GCTCCC	NONE	DIRECT_PAF_ENDPOINT	UNSUPPORTED	SUPPORTED	NONE
HML-2_5p12	HG01891_mat_hprc_r2_v1.0.1_HML-2_5p12	ONE_SIDED_NO_PAIR	GCTCCC	NONE	DIRECT_PAF_ENDPOINT	UNSUPPORTED	SUPPORTED	NONE
HML-2_5p12	HG01891_pat_hprc_r2_v1.0.1_HML-2_5p12	ONE_SIDED_NO_PAIR	GCTCCC	NONE	DIRECT_PAF_ENDPOINT	UNSUPPORTED	SUPPORTED	NONE
HML-2_5p12	HG01928_mat_hprc_r2_v1.0.1_HML-2_5p12	ONE_SIDED_NO_PAIR	GCTCCC	NONE	DIRECT_PAF_ENDPOINT	UNSUPPORTED	SUPPORTED	NONE
HML-2_5p12	HG01928_pat_hprc_r2_v1.0.1_HML-2_5p12	ONE_SIDED_NO_PAIR	GCTCCC	NONE	DIRECT_PAF_ENDPOINT	UNSUPPORTED	SUPPORTED	NONE
HML-2_5p12	HG01934_mat_hprc_r2_v1.0.1_HML-2_5p12	ONE_SIDED_NO_PAIR	GCTCCC	NONE	DIRECT_PAF_ENDPOINT	UNSUPPORTED	SUPPORTED	NONE
HML-2_5p12	HG01934_pat_hprc_r2_v1.0.1_HML-2_5p12	ONE_SIDED_NO_PAIR	GCTCCC	NONE	DIRECT_PAF_ENDPOINT	UNSUPPORTED	SUPPORTED	NONE
HML-2_5p12	HG01940_mat_hprc_r2_v1.0.1_HML-2_5p12	ONE_SIDED_NO_PAIR	GCTCCC	NONE	DIRECT_PAF_ENDPOINT	UNSUPPORTED	SUPPORTED	NONE
HML-2_5p12	HG01940_pat_hprc_r2_v1.0.1_HML-2_5p12	ONE_SIDED_NO_PAIR	GCTCCC	NONE	DIRECT_PAF_ENDPOINT	UNSUPPORTED	SUPPORTED	NONE
HML-2_5p12	HG01943_mat_hprc_r2_v1.0.1_HML-2_5p12	ONE_SIDED_NO_PAIR	GCTCCC	NONE	DIRECT_PAF_ENDPOINT	UNSUPPORTED	SUPPORTED	NONE
HML-2_5p12	HG01943_pat_hprc_r2_v1.0.1_HML-2_5p12	ONE_SIDED_NO_PAIR	GCTCCC	NONE	DIRECT_PAF_ENDPOINT	UNSUPPORTED	SUPPORTED	NONE
HML-2_5p12	HG01952_mat_hprc_r2_v1.0.1_HML-2_5p12	ONE_SIDED_NO_PAIR	GCTCCC	NONE	DIRECT_PAF_ENDPOINT	UNSUPPORTED	SUPPORTED	NONE
HML-2_5p12	HG01952_pat_hprc_r2_v1.0.1_HML-2_5p12	ONE_SIDED_NO_PAIR	GCTCCC	NONE	DIRECT_PAF_ENDPOINT	UNSUPPORTED	SUPPORTED	NONE
HML-2_5p12	HG01960_mat_hprc_r2_v1.0.1_HML-2_5p12	ONE_SIDED_NO_PAIR	GCTCCC	NONE	DIRECT_PAF_ENDPOINT	UNSUPPORTED	SUPPORTED	NONE
HML-2_5p12	HG01960_pat_hprc_r2_v1.0.1_HML-2_5p12	ONE_SIDED_NO_PAIR	GCTCCC	NONE	DIRECT_PAF_ENDPOINT	UNSUPPORTED	SUPPORTED	NONE
HML-2_5p12	HG01969_mat_hprc_r2_v1.0.1_HML-2_5p12	ONE_SIDED_NO_PAIR	GCTCCC	NONE	DIRECT_PAF_ENDPOINT	UNSUPPORTED	SUPPORTED	NONE
HML-2_5p12	HG01969_pat_hprc_r2_v1.0.1_HML-2_5p12	ONE_SIDED_NO_PAIR	GCTCCC	NONE	DIRECT_PAF_ENDPOINT	UNSUPPORTED	SUPPORTED	NONE
HML-2_5p12	HG01975_mat_hprc_r2_v1.0.1_HML-2_5p12	ONE_SIDED_NO_PAIR	GCTCCC	NONE	DIRECT_PAF_ENDPOINT	UNSUPPORTED	SUPPORTED	NONE
HML-2_5p12	HG01975_pat_hprc_r2_v1.0.1_HML-2_5p12	ONE_SIDED_NO_PAIR	GCTCCC	NONE	DIRECT_PAF_ENDPOINT	UNSUPPORTED	SUPPORTED	NONE
HML-2_5p12	HG01978_mat_hprc_r2_v1.1.0_HML-2_5p12	ONE_SIDED_NO_PAIR	GCTCCC	NONE	DIRECT_PAF_ENDPOINT	UNSUPPORTED	SUPPORTED	NONE
HML-2_5p12	HG01978_pat_hprc_r2_v1.1.0_HML-2_5p12	ONE_SIDED_NO_PAIR	GCTCCC	NONE	DIRECT_PAF_ENDPOINT	UNSUPPORTED	SUPPORTED	NONE
HML-2_5p12	HG01981_mat_hprc_r2_v1.0.1_HML-2_5p12	ONE_SIDED_NO_PAIR	GCTCCC	NONE	DIRECT_PAF_ENDPOINT	UNSUPPORTED	SUPPORTED	NONE
HML-2_5p12	HG01981_pat_hprc_r2_v1.0.1_HML-2_5p12	ONE_SIDED_NO_PAIR	GCTCCC	NONE	DIRECT_PAF_ENDPOINT	UNSUPPORTED	SUPPORTED	NONE
HML-2_5p12	HG01993_mat_hprc_r2_v1.0.1_HML-2_5p12	ONE_SIDED_NO_PAIR	GCTCCC	NONE	DIRECT_PAF_ENDPOINT	UNSUPPORTED	SUPPORTED	NONE
HML-2_5p12	HG01993_pat_hprc_r2_v1.0.1_HML-2_5p12	ONE_SIDED_NO_PAIR	GCTCCC	NONE	DIRECT_PAF_ENDPOINT	UNSUPPORTED	SUPPORTED	NONE
HML-2_5p12	HG02004_mat_hprc_r2_v1.0.1_HML-2_5p12	ONE_SIDED_NO_PAIR	GCTCCC	NONE	DIRECT_PAF_ENDPOINT	UNSUPPORTED	SUPPORTED	NONE
HML-2_5p12	HG02004_pat_hprc_r2_v1.0.1_HML-2_5p12	ONE_SIDED_NO_PAIR	GCTCCC	NONE	DIRECT_PAF_ENDPOINT	UNSUPPORTED	SUPPORTED	NONE
HML-2_5p12	HG02011_h1_HML-2_5p12_graph_hgsvc3-2024-02-23-mc-chm13	ONE_SIDED_NO_PAIR	GCTCCC	NONE	DIRECT_PAF_ENDPOINT	UNSUPPORTED	SUPPORTED	NONE
HML-2_5p12	HG02011_h2_HML-2_5p12_graph_hgsvc3-2024-02-23-mc-chm13	ONE_SIDED_NO_PAIR	GCTCCC	NONE	DIRECT_PAF_ENDPOINT	UNSUPPORTED	SUPPORTED	NONE
HML-2_5p12	HG02015_mat_hprc_r2_v1.0.1_HML-2_5p12	ONE_SIDED_NO_PAIR	GCTCCC	NONE	DIRECT_PAF_ENDPOINT	UNSUPPORTED	SUPPORTED	NONE
HML-2_5p12	HG02015_pat_hprc_r2_v1.0.1_HML-2_5p12	ONE_SIDED_NO_PAIR	GCTCCC	NONE	DIRECT_PAF_ENDPOINT	UNSUPPORTED	SUPPORTED	NONE
HML-2_5p12	HG02018_h1_HML-2_5p12_graph_hgsvc3-2024-02-23-mc-chm13	ONE_SIDED_NO_PAIR	GCTCCC	NONE	DIRECT_PAF_ENDPOINT	UNSUPPORTED	SUPPORTED	NONE
HML-2_5p12	HG02018_h2_HML-2_5p12_graph_hgsvc3-2024-02-23-mc-chm13	ONE_SIDED_NO_PAIR	GCTCCC	NONE	DIRECT_PAF_ENDPOINT	UNSUPPORTED	SUPPORTED	NONE
HML-2_5p12	HG02027_mat_hprc_r2_v1.0.1_HML-2_5p12	ONE_SIDED_NO_PAIR	GCTCCC	NONE	DIRECT_PAF_ENDPOINT	UNSUPPORTED	SUPPORTED	NONE
HML-2_5p12	HG02027_pat_hprc_r2_v1.0.1_HML-2_5p12	ONE_SIDED_NO_PAIR	GCTCCC	NONE	DIRECT_PAF_ENDPOINT	UNSUPPORTED	SUPPORTED	NONE
HML-2_5p12	HG02040_hap1_hprc_r2_v1.0.1_HML-2_5p12	ONE_SIDED_NO_PAIR	GCTCCC	NONE	DIRECT_PAF_ENDPOINT	UNSUPPORTED	SUPPORTED	NONE
HML-2_5p12	HG02040_hap2_hprc_r2_v1.0.1_HML-2_5p12	ONE_SIDED_NO_PAIR	GCTCCC	NONE	DIRECT_PAF_ENDPOINT	UNSUPPORTED	SUPPORTED	NONE
HML-2_5p12	HG02055_mat_hprc_r2_v1.0.1_HML-2_5p12	ONE_SIDED_NO_PAIR	GCTCCC	NONE	DIRECT_PAF_ENDPOINT	UNSUPPORTED	SUPPORTED	NONE
HML-2_5p12	HG02055_pat_hprc_r2_v1.0.1_HML-2_5p12	ONE_SIDED_NO_PAIR	GCTCCC	NONE	DIRECT_PAF_ENDPOINT	UNSUPPORTED	SUPPORTED	NONE
HML-2_5p12	HG02056_mat_hprc_r2_v1.0.1_HML-2_5p12	ONE_SIDED_NO_PAIR	GCTCCC	NONE	DIRECT_PAF_ENDPOINT	UNSUPPORTED	SUPPORTED	NONE
HML-2_5p12	HG02056_pat_hprc_r2_v1.0.1_HML-2_5p12	ONE_SIDED_NO_PAIR	GCTCCC	NONE	DIRECT_PAF_ENDPOINT	UNSUPPORTED	SUPPORTED	NONE
HML-2_5p12	HG02059_h1_HML-2_5p12_graph_hgsvc3-2024-02-23-mc-chm13	ONE_SIDED_NO_PAIR	GCTCCC	NONE	DIRECT_PAF_ENDPOINT	UNSUPPORTED	SUPPORTED	NONE
HML-2_5p12	HG02059_h2_HML-2_5p12_graph_hgsvc3-2024-02-23-mc-chm13	ONE_SIDED_NO_PAIR	GCTCCC	NONE	DIRECT_PAF_ENDPOINT	UNSUPPORTED	SUPPORTED	NONE
HML-2_5p12	HG02071_mat_hprc_r2_v1.0.1_HML-2_5p12	ONE_SIDED_NO_PAIR	GCTCCC	NONE	DIRECT_PAF_ENDPOINT	UNSUPPORTED	SUPPORTED	NONE
HML-2_5p12	HG02071_pat_hprc_r2_v1.0.1_HML-2_5p12	ONE_SIDED_NO_PAIR	GCTCCC	NONE	DIRECT_PAF_ENDPOINT	UNSUPPORTED	SUPPORTED	NONE
HML-2_5p12	HG02074_mat_hprc_r2_v1.0.1_HML-2_5p12	ONE_SIDED_NO_PAIR	GCTCCC	NONE	DIRECT_PAF_ENDPOINT	UNSUPPORTED	SUPPORTED	NONE
HML-2_5p12	HG02074_pat_hprc_r2_v1.0.1_HML-2_5p12	ONE_SIDED_NO_PAIR	GCTCCC	NONE	DIRECT_PAF_ENDPOINT	UNSUPPORTED	SUPPORTED	NONE
HML-2_5p12	HG02080_mat_hprc_r2_v1.0.1_HML-2_5p12	ONE_SIDED_NO_PAIR	GCTCCC	NONE	DIRECT_PAF_ENDPOINT	UNSUPPORTED	SUPPORTED	NONE
HML-2_5p12	HG02080_pat_hprc_r2_v1.0.1_HML-2_5p12	ONE_SIDED_NO_PAIR	GCTCCC	NONE	DIRECT_PAF_ENDPOINT	UNSUPPORTED	SUPPORTED	NONE
HML-2_5p12	HG02083_mat_hprc_r2_v1.0.1_HML-2_5p12	ONE_SIDED_NO_PAIR	GCTCCC	NONE	DIRECT_PAF_ENDPOINT	UNSUPPORTED	SUPPORTED	NONE
HML-2_5p12	HG02083_pat_hprc_r2_v1.0.1_HML-2_5p12	ONE_SIDED_NO_PAIR	GCTCCC	NONE	DIRECT_PAF_ENDPOINT	UNSUPPORTED	SUPPORTED	NONE
HML-2_5p12	HG02106_h1_HML-2_5p12_graph_hgsvc3-2024-02-23-mc-chm13	ONE_SIDED_NO_PAIR	GCTCCC	NONE	DIRECT_PAF_ENDPOINT	UNSUPPORTED	SUPPORTED	NONE
HML-2_5p12	HG02106_h2_HML-2_5p12_graph_hgsvc3-2024-02-23-mc-chm13	ONE_SIDED_NO_PAIR	GCTCCC	NONE	DIRECT_PAF_ENDPOINT	UNSUPPORTED	SUPPORTED	NONE
HML-2_5p12	HG02109_mat_hprc_r2_v1.0.1_HML-2_5p12	ONE_SIDED_NO_PAIR	GCTCCC	NONE	DIRECT_PAF_ENDPOINT	UNSUPPORTED	SUPPORTED	NONE
HML-2_5p12	HG02109_pat_hprc_r2_v1.0.1_HML-2_5p12	ONE_SIDED_NO_PAIR	GCTCCC	NONE	DIRECT_PAF_ENDPOINT	UNSUPPORTED	SUPPORTED	NONE
HML-2_5p12	HG02129_mat_hprc_r2_v1.0.1_HML-2_5p12	ONE_SIDED_NO_PAIR	GCTCCC	NONE	DIRECT_PAF_ENDPOINT	UNSUPPORTED	SUPPORTED	NONE
HML-2_5p12	HG02129_pat_hprc_r2_v1.0.1_HML-2_5p12	ONE_SIDED_NO_PAIR	GCTCCC	NONE	DIRECT_PAF_ENDPOINT	UNSUPPORTED	SUPPORTED	NONE
HML-2_5p12	HG02132_mat_hprc_r2_v1.0.1_HML-2_5p12	ONE_SIDED_NO_PAIR	GCTCCC	NONE	DIRECT_PAF_ENDPOINT	UNSUPPORTED	SUPPORTED	NONE
HML-2_5p12	HG02132_pat_hprc_r2_v1.0.1_HML-2_5p12	ONE_SIDED_NO_PAIR	GCTCCC	NONE	DIRECT_PAF_ENDPOINT	UNSUPPORTED	SUPPORTED	NONE
HML-2_5p12	HG02135_mat_hprc_r2_v1.0.1_HML-2_5p12	ONE_SIDED_NO_PAIR	GCTCCC	NONE	DIRECT_PAF_ENDPOINT	UNSUPPORTED	SUPPORTED	NONE
HML-2_5p12	HG02135_pat_hprc_r2_v1.0.1_HML-2_5p12	ONE_SIDED_NO_PAIR	GCTCCC	NONE	DIRECT_PAF_ENDPOINT	UNSUPPORTED	SUPPORTED	NONE
HML-2_5p12	HG02145_mat_hprc_r2_v1.0.1_HML-2_5p12	ONE_SIDED_NO_PAIR	GCTCCC	NONE	DIRECT_PAF_ENDPOINT	UNSUPPORTED	SUPPORTED	NONE
HML-2_5p12	HG02145_pat_hprc_r2_v1.0.1_HML-2_5p12	ONE_SIDED_NO_PAIR	GCTCCC	NONE	DIRECT_PAF_ENDPOINT	UNSUPPORTED	SUPPORTED	NONE
HML-2_5p12	HG02148_mat_hprc_r2_v1.0.1_HML-2_5p12	ONE_SIDED_NO_PAIR	GCTCCC	NONE	DIRECT_PAF_ENDPOINT	UNSUPPORTED	SUPPORTED	NONE
HML-2_5p12	HG02148_pat_hprc_r2_v1.0.1_HML-2_5p12	ONE_SIDED_NO_PAIR	GCTCCC	NONE	DIRECT_PAF_ENDPOINT	UNSUPPORTED	SUPPORTED	NONE
HML-2_5p12	HG02155_hap1_hprc_r2_v1.0.1_HML-2_5p12	ONE_SIDED_NO_PAIR	GCTCCC	NONE	DIRECT_PAF_ENDPOINT	UNSUPPORTED	SUPPORTED	NONE
HML-2_5p12	HG02155_hap2_hprc_r2_v1.0.1_HML-2_5p12	ONE_SIDED_NO_PAIR	GCTCCC	NONE	DIRECT_PAF_ENDPOINT	UNSUPPORTED	SUPPORTED	NONE
HML-2_5p12	HG02165_hap1_hprc_r2_v1.0.1_HML-2_5p12	ONE_SIDED_NO_PAIR	GCTCCC	NONE	DIRECT_PAF_ENDPOINT	UNSUPPORTED	SUPPORTED	NONE
HML-2_5p12	HG02165_hap2_hprc_r2_v1.0.1_HML-2_5p12	ONE_SIDED_NO_PAIR	GCTCCC	NONE	DIRECT_PAF_ENDPOINT	UNSUPPORTED	SUPPORTED	NONE
HML-2_5p12	HG02178_hap1_hprc_r2_v1.0.1_HML-2_5p12	ONE_SIDED_NO_PAIR	GCTCCC	NONE	DIRECT_PAF_ENDPOINT	UNSUPPORTED	SUPPORTED	NONE
HML-2_5p12	HG02178_hap2_hprc_r2_v1.0.1_HML-2_5p12	ONE_SIDED_NO_PAIR	GCTCCC	NONE	DIRECT_PAF_ENDPOINT	UNSUPPORTED	SUPPORTED	NONE
HML-2_5p12	HG02257_mat_hprc_r2_v1.1.0_HML-2_5p12	ONE_SIDED_NO_PAIR	GCTCCC	NONE	DIRECT_PAF_ENDPOINT	UNSUPPORTED	SUPPORTED	NONE
HML-2_5p12	HG02257_pat_hprc_r2_v1.1.0_HML-2_5p12	ONE_SIDED_NO_PAIR	GCTCCC	NONE	DIRECT_PAF_ENDPOINT	UNSUPPORTED	SUPPORTED	NONE
HML-2_5p12	HG02258_mat_hprc_r2_v1.0.1_HML-2_5p12	ONE_SIDED_NO_PAIR	GCTCCC	NONE	DIRECT_PAF_ENDPOINT	UNSUPPORTED	SUPPORTED	NONE
HML-2_5p12	HG02258_pat_hprc_r2_v1.0.1_HML-2_5p12	ONE_SIDED_NO_PAIR	GCTCCC	NONE	DIRECT_PAF_ENDPOINT	UNSUPPORTED	SUPPORTED	NONE
HML-2_5p12	HG02273_hap1_hprc_r2_v1.0.1_HML-2_5p12	ONE_SIDED_NO_PAIR	GCTCCC	NONE	DIRECT_PAF_ENDPOINT	UNSUPPORTED	SUPPORTED	NONE
HML-2_5p12	HG02273_hap2_hprc_r2_v1.0.1_HML-2_5p12	ONE_SIDED_NO_PAIR	GCTCCC	NONE	DIRECT_PAF_ENDPOINT	UNSUPPORTED	SUPPORTED	NONE
HML-2_5p12	HG02280_mat_hprc_r2_v1.0.1_HML-2_5p12	ONE_SIDED_NO_PAIR	GCTCCC	NONE	DIRECT_PAF_ENDPOINT	UNSUPPORTED	SUPPORTED	NONE
HML-2_5p12	HG02280_pat_hprc_r2_v1.0.1_HML-2_5p12	ONE_SIDED_NO_PAIR	GCTCCC	NONE	DIRECT_PAF_ENDPOINT	UNSUPPORTED	SUPPORTED	NONE
HML-2_5p12	HG02282_h1_HML-2_5p12_graph_hgsvc3-2024-02-23-mc-chm13	ONE_SIDED_NO_PAIR	GCTCCC	NONE	DIRECT_PAF_ENDPOINT	UNSUPPORTED	SUPPORTED	NONE
HML-2_5p12	HG02282_h2_HML-2_5p12_graph_hgsvc3-2024-02-23-mc-chm13	ONE_SIDED_NO_PAIR	GCTCCC	NONE	DIRECT_PAF_ENDPOINT	UNSUPPORTED	SUPPORTED	NONE
HML-2_5p12	HG02293_mat_hprc_r2_v1.0.1_HML-2_5p12	ONE_SIDED_NO_PAIR	GCTCCC	NONE	DIRECT_PAF_ENDPOINT	UNSUPPORTED	SUPPORTED	NONE
HML-2_5p12	HG02293_pat_hprc_r2_v1.0.1_HML-2_5p12	ONE_SIDED_NO_PAIR	GCTCCC	NONE	DIRECT_PAF_ENDPOINT	UNSUPPORTED	SUPPORTED	NONE
HML-2_5p12	HG02300_mat_hprc_r2_v1.0.1_HML-2_5p12	ONE_SIDED_NO_PAIR	GCTCCC	NONE	DIRECT_PAF_ENDPOINT	UNSUPPORTED	SUPPORTED	NONE
HML-2_5p12	HG02300_pat_hprc_r2_v1.0.1_HML-2_5p12	ONE_SIDED_NO_PAIR	GCTCCC	NONE	DIRECT_PAF_ENDPOINT	UNSUPPORTED	SUPPORTED	NONE
HML-2_5p12	HG02391_hap1_hprc_r2_v1.0.1_HML-2_5p12	ONE_SIDED_NO_PAIR	GCTCCC	NONE	DIRECT_PAF_ENDPOINT	UNSUPPORTED	SUPPORTED	NONE
HML-2_5p12	HG02391_hap2_hprc_r2_v1.0.1_HML-2_5p12	ONE_SIDED_NO_PAIR	GCTCCC	NONE	DIRECT_PAF_ENDPOINT	UNSUPPORTED	SUPPORTED	NONE
HML-2_5p12	HG02392_hap1_hprc_r2_v1.0.1_HML-2_5p12	ONE_SIDED_NO_PAIR	GCTCCC	NONE	DIRECT_PAF_ENDPOINT	UNSUPPORTED	SUPPORTED	NONE
HML-2_5p12	HG02392_hap2_hprc_r2_v1.0.1_HML-2_5p12	ONE_SIDED_NO_PAIR	GCTCCC	NONE	DIRECT_PAF_ENDPOINT	UNSUPPORTED	SUPPORTED	NONE
HML-2_5p12	HG02451_mat_hprc_r2_v1.0.1_HML-2_5p12	ONE_SIDED_NO_PAIR	GCTCCC	NONE	DIRECT_PAF_ENDPOINT	UNSUPPORTED	SUPPORTED	NONE
HML-2_5p12	HG02451_pat_hprc_r2_v1.0.1_HML-2_5p12	ONE_SIDED_NO_PAIR	GCTCCC	NONE	DIRECT_PAF_ENDPOINT	UNSUPPORTED	SUPPORTED	NONE
HML-2_5p12	HG02486_mat_hprc_r2_v1.0.1_HML-2_5p12	ONE_SIDED_NO_PAIR	GCTCCC	NONE	DIRECT_PAF_ENDPOINT	UNSUPPORTED	SUPPORTED	NONE
HML-2_5p12	HG02486_pat_hprc_r2_v1.0.1_HML-2_5p12	ONE_SIDED_NO_PAIR	GCTCCC	NONE	DIRECT_PAF_ENDPOINT	UNSUPPORTED	SUPPORTED	NONE
HML-2_5p12	HG02492_h1_HML-2_5p12_graph_hgsvc3-2024-02-23-mc-chm13	ONE_SIDED_NO_PAIR	GCTCCC	NONE	DIRECT_PAF_ENDPOINT	UNSUPPORTED	SUPPORTED	NONE
HML-2_5p12	HG02492_h2_HML-2_5p12_graph_hgsvc3-2024-02-23-mc-chm13	ONE_SIDED_NO_PAIR	GCTCCC	NONE	DIRECT_PAF_ENDPOINT	UNSUPPORTED	SUPPORTED	NONE
HML-2_5p12	HG02514_mat_hprc_r2_v1.0.1_HML-2_5p12	ONE_SIDED_NO_PAIR	GCTCCC	NONE	DIRECT_PAF_ENDPOINT	UNSUPPORTED	SUPPORTED	NONE
HML-2_5p12	HG02514_pat_hprc_r2_v1.0.1_HML-2_5p12	ONE_SIDED_NO_PAIR	GCTCCC	NONE	DIRECT_PAF_ENDPOINT	UNSUPPORTED	SUPPORTED	NONE
HML-2_5p12	HG02523_mat_hprc_r2_v1.0.1_HML-2_5p12	ONE_SIDED_NO_PAIR	GCTCCC	NONE	DIRECT_PAF_ENDPOINT	UNSUPPORTED	SUPPORTED	NONE
HML-2_5p12	HG02523_pat_hprc_r2_v1.0.1_HML-2_5p12	ONE_SIDED_NO_PAIR	GCTCCC	NONE	DIRECT_PAF_ENDPOINT	UNSUPPORTED	SUPPORTED	NONE
HML-2_5p12	HG02554_h1_HML-2_5p12_graph_hgsvc3-2024-02-23-mc-chm13	ONE_SIDED_NO_PAIR	GCTCCC	NONE	DIRECT_PAF_ENDPOINT	UNSUPPORTED	SUPPORTED	NONE
HML-2_5p12	HG02554_h2_HML-2_5p12_graph_hgsvc3-2024-02-23-mc-chm13	ONE_SIDED_NO_PAIR	GCTCCC	NONE	DIRECT_PAF_ENDPOINT	UNSUPPORTED	SUPPORTED	NONE
HML-2_5p12	HG02559_mat_hprc_r2_v1.0.1_HML-2_5p12	ONE_SIDED_NO_PAIR	GCTCCC	NONE	DIRECT_PAF_ENDPOINT	UNSUPPORTED	SUPPORTED	NONE
HML-2_5p12	HG02559_pat_hprc_r2_v1.0.1_HML-2_5p12	ONE_SIDED_NO_PAIR	GCTCCC	NONE	DIRECT_PAF_ENDPOINT	UNSUPPORTED	SUPPORTED	NONE
HML-2_5p12	HG02572_mat_hprc_r2_v1.0.1_HML-2_5p12	ONE_SIDED_NO_PAIR	GCTCCC	NONE	DIRECT_PAF_ENDPOINT	UNSUPPORTED	SUPPORTED	NONE
HML-2_5p12	HG02572_pat_hprc_r2_v1.0.1_HML-2_5p12	ONE_SIDED_NO_PAIR	GCTCCC	NONE	DIRECT_PAF_ENDPOINT	UNSUPPORTED	SUPPORTED	NONE
HML-2_5p12	HG02583_hap1_hprc_r2_v1.0.1_HML-2_5p12	ONE_SIDED_NO_PAIR	GCTCCC	NONE	DIRECT_PAF_ENDPOINT	UNSUPPORTED	SUPPORTED	NONE
HML-2_5p12	HG02583_hap2_hprc_r2_v1.0.1_HML-2_5p12	ONE_SIDED_NO_PAIR	GCTCCC	NONE	DIRECT_PAF_ENDPOINT	UNSUPPORTED	SUPPORTED	NONE
HML-2_5p12	HG02587_h1_HML-2_5p12_graph_hgsvc3-2024-02-23-mc-chm13	ONE_SIDED_NO_PAIR	GCTCCC	NONE	DIRECT_PAF_ENDPOINT	UNSUPPORTED	SUPPORTED	NONE
HML-2_5p12	HG02587_h2_HML-2_5p12_graph_hgsvc3-2024-02-23-mc-chm13	ONE_SIDED_NO_PAIR	GCTCCC	NONE	DIRECT_PAF_ENDPOINT	UNSUPPORTED	SUPPORTED	NONE
HML-2_5p12	HG02602_mat_hprc_r2_v1.0.1_HML-2_5p12	ONE_SIDED_NO_PAIR	GCTCCC	NONE	DIRECT_PAF_ENDPOINT	UNSUPPORTED	SUPPORTED	NONE
HML-2_5p12	HG02602_pat_hprc_r2_v1.0.1_HML-2_5p12	ONE_SIDED_NO_PAIR	GCTCCC	NONE	DIRECT_PAF_ENDPOINT	UNSUPPORTED	SUPPORTED	NONE
HML-2_5p12	HG02615_mat_hprc_r2_v1.0.1_HML-2_5p12	ONE_SIDED_NO_PAIR	GCTCCC	NONE	DIRECT_PAF_ENDPOINT	UNSUPPORTED	SUPPORTED	NONE
HML-2_5p12	HG02615_pat_hprc_r2_v1.0.1_HML-2_5p12	ONE_SIDED_NO_PAIR	GCTCCC	NONE	DIRECT_PAF_ENDPOINT	UNSUPPORTED	SUPPORTED	NONE
HML-2_5p12	HG02622_mat_hprc_r2_v1.0.1_HML-2_5p12	ONE_SIDED_NO_PAIR	GCTCCC	NONE	DIRECT_PAF_ENDPOINT	UNSUPPORTED	SUPPORTED	NONE
HML-2_5p12	HG02622_pat_hprc_r2_v1.0.1_HML-2_5p12	ONE_SIDED_NO_PAIR	GCTCCC	NONE	DIRECT_PAF_ENDPOINT	UNSUPPORTED	SUPPORTED	NONE
HML-2_5p12	HG02630_mat_hprc_r2_v1.0.1_HML-2_5p12	ONE_SIDED_NO_PAIR	GCTCCC	NONE	DIRECT_PAF_ENDPOINT	UNSUPPORTED	SUPPORTED	NONE
HML-2_5p12	HG02630_pat_hprc_r2_v1.0.1_HML-2_5p12	ONE_SIDED_NO_PAIR	GCTCCC	NONE	DIRECT_PAF_ENDPOINT	UNSUPPORTED	SUPPORTED	NONE
HML-2_5p12	HG02647_mat_hprc_r2_v1.0.1_HML-2_5p12	ONE_SIDED_NO_PAIR	GCTCCC	NONE	DIRECT_PAF_ENDPOINT	UNSUPPORTED	SUPPORTED	NONE
HML-2_5p12	HG02647_pat_hprc_r2_v1.0.1_HML-2_5p12	ONE_SIDED_NO_PAIR	GCTCCC	NONE	DIRECT_PAF_ENDPOINT	UNSUPPORTED	SUPPORTED	NONE
HML-2_5p12	HG02666_h1_HML-2_5p12_graph_hgsvc3-2024-02-23-mc-chm13	ONE_SIDED_NO_PAIR	GCTCCC	NONE	DIRECT_PAF_ENDPOINT	UNSUPPORTED	SUPPORTED	NONE
HML-2_5p12	HG02666_h2_HML-2_5p12_graph_hgsvc3-2024-02-23-mc-chm13	ONE_SIDED_NO_PAIR	GCTCCC	NONE	DIRECT_PAF_ENDPOINT	UNSUPPORTED	SUPPORTED	NONE
HML-2_5p12	HG02668_mat_hprc_r2_v1.0.1_HML-2_5p12	ONE_SIDED_NO_PAIR	GCTCCC	NONE	DIRECT_PAF_ENDPOINT	UNSUPPORTED	SUPPORTED	NONE
HML-2_5p12	HG02668_pat_hprc_r2_v1.0.1_HML-2_5p12	ONE_SIDED_NO_PAIR	GCTCCC	NONE	DIRECT_PAF_ENDPOINT	UNSUPPORTED	SUPPORTED	NONE
HML-2_5p12	HG02698_mat_hprc_r2_v1.0.1_HML-2_5p12	ONE_SIDED_NO_PAIR	GCTCCC	NONE	DIRECT_PAF_ENDPOINT	UNSUPPORTED	SUPPORTED	NONE
HML-2_5p12	HG02698_pat_hprc_r2_v1.0.1_HML-2_5p12	ONE_SIDED_NO_PAIR	GCTCCC	NONE	DIRECT_PAF_ENDPOINT	UNSUPPORTED	SUPPORTED	NONE
HML-2_5p12	HG02717_mat_hprc_r2_v1.0.1_HML-2_5p12	ONE_SIDED_NO_PAIR	GCTCCC	NONE	DIRECT_PAF_ENDPOINT	UNSUPPORTED	SUPPORTED	NONE
HML-2_5p12	HG02717_pat_hprc_r2_v1.0.1_HML-2_5p12	ONE_SIDED_NO_PAIR	GCTCCC	NONE	DIRECT_PAF_ENDPOINT	UNSUPPORTED	SUPPORTED	NONE
HML-2_5p12	HG02723_mat_hprc_r2_v1.0.1_HML-2_5p12	ONE_SIDED_NO_PAIR	GCTCCC	NONE	DIRECT_PAF_ENDPOINT	UNSUPPORTED	SUPPORTED	NONE
HML-2_5p12	HG02723_pat_hprc_r2_v1.0.1_HML-2_5p12	ONE_SIDED_NO_PAIR	GCTCCC	NONE	DIRECT_PAF_ENDPOINT	UNSUPPORTED	SUPPORTED	NONE
HML-2_5p12	HG02735_mat_hprc_r2_v1.0.1_HML-2_5p12	ONE_SIDED_NO_PAIR	GCTCCC	NONE	DIRECT_PAF_ENDPOINT	UNSUPPORTED	SUPPORTED	NONE
HML-2_5p12	HG02735_pat_hprc_r2_v1.0.1_HML-2_5p12	ONE_SIDED_NO_PAIR	GCTCCC	NONE	DIRECT_PAF_ENDPOINT	UNSUPPORTED	SUPPORTED	NONE
HML-2_5p12	HG02738_mat_hprc_r2_v1.0.1_HML-2_5p12	ONE_SIDED_NO_PAIR	GCTCCC	NONE	DIRECT_PAF_ENDPOINT	UNSUPPORTED	SUPPORTED	NONE
HML-2_5p12	HG02738_pat_hprc_r2_v1.0.1_HML-2_5p12	ONE_SIDED_NO_PAIR	GCTCCC	NONE	DIRECT_PAF_ENDPOINT	UNSUPPORTED	SUPPORTED	NONE
HML-2_5p12	HG02769_h1_HML-2_5p12_graph_hgsvc3-2024-02-23-mc-chm13	ONE_SIDED_NO_PAIR	GCTCCC	NONE	DIRECT_PAF_ENDPOINT	UNSUPPORTED	SUPPORTED	NONE
HML-2_5p12	HG02769_h2_HML-2_5p12_graph_hgsvc3-2024-02-23-mc-chm13	ONE_SIDED_NO_PAIR	GCTCCC	NONE	DIRECT_PAF_ENDPOINT	UNSUPPORTED	SUPPORTED	NONE
HML-2_5p12	HG02809_mat_hprc_r2_v1.0.1_HML-2_5p12	ONE_SIDED_NO_PAIR	GCTCCC	NONE	DIRECT_PAF_ENDPOINT	UNSUPPORTED	SUPPORTED	NONE
HML-2_5p12	HG02809_pat_hprc_r2_v1.0.1_HML-2_5p12	ONE_SIDED_NO_PAIR	GCTCCC	NONE	DIRECT_PAF_ENDPOINT	UNSUPPORTED	SUPPORTED	NONE
HML-2_5p12	HG02818_mat_hprc_r2_v1.0.1_HML-2_5p12	ONE_SIDED_NO_PAIR	GCTCCC	NONE	DIRECT_PAF_ENDPOINT	UNSUPPORTED	SUPPORTED	NONE
HML-2_5p12	HG02818_pat_hprc_r2_v1.0.1_HML-2_5p12	ONE_SIDED_NO_PAIR	GCTCCC	NONE	DIRECT_PAF_ENDPOINT	UNSUPPORTED	SUPPORTED	NONE
HML-2_5p12	HG02841_mat_hprc_r2_v1.0.1_HML-2_5p12	ONE_SIDED_NO_PAIR	GCTCCC	NONE	DIRECT_PAF_ENDPOINT	UNSUPPORTED	SUPPORTED	NONE
HML-2_5p12	HG02841_pat_hprc_r2_v1.0.1_HML-2_5p12	ONE_SIDED_NO_PAIR	GCTCCC	NONE	DIRECT_PAF_ENDPOINT	UNSUPPORTED	SUPPORTED	NONE
HML-2_5p12	HG02886_mat_hprc_r2_v1.0.1_HML-2_5p12	ONE_SIDED_NO_PAIR	GCTCCC	NONE	DIRECT_PAF_ENDPOINT	UNSUPPORTED	SUPPORTED	NONE
HML-2_5p12	HG02886_pat_hprc_r2_v1.0.1_HML-2_5p12	ONE_SIDED_NO_PAIR	GCTCCC	NONE	DIRECT_PAF_ENDPOINT	UNSUPPORTED	SUPPORTED	NONE
HML-2_5p12	HG02922_hap1_hprc_r2_v1.0.1_HML-2_5p12	ONE_SIDED_NO_PAIR	GCTCCC	NONE	DIRECT_PAF_ENDPOINT	UNSUPPORTED	SUPPORTED	NONE
HML-2_5p12	HG02922_hap2_hprc_r2_v1.0.1_HML-2_5p12	ONE_SIDED_NO_PAIR	GCTCCC	NONE	DIRECT_PAF_ENDPOINT	UNSUPPORTED	SUPPORTED	NONE
HML-2_5p12	HG02953_h1_HML-2_5p12_graph_hgsvc3-2024-02-23-mc-chm13	ONE_SIDED_NO_PAIR	GCTCCC	NONE	DIRECT_PAF_ENDPOINT	UNSUPPORTED	SUPPORTED	NONE
HML-2_5p12	HG02953_h2_HML-2_5p12_graph_hgsvc3-2024-02-23-mc-chm13	ONE_SIDED_NO_PAIR	GCTCCC	NONE	DIRECT_PAF_ENDPOINT	UNSUPPORTED	SUPPORTED	NONE
HML-2_5p12	HG02965_hap1_hprc_r2_v1.0.1_HML-2_5p12	ONE_SIDED_NO_PAIR	GCTCCC	NONE	DIRECT_PAF_ENDPOINT	UNSUPPORTED	SUPPORTED	NONE
HML-2_5p12	HG02965_hap2_hprc_r2_v1.0.1_HML-2_5p12	ONE_SIDED_NO_PAIR	GCTCCC	NONE	DIRECT_PAF_ENDPOINT	UNSUPPORTED	SUPPORTED	NONE
HML-2_5p12	HG02976_hap1_hprc_r2_v1.0.1_HML-2_5p12	ONE_SIDED_NO_PAIR	GCTCCC	NONE	DIRECT_PAF_ENDPOINT	UNSUPPORTED	SUPPORTED	NONE
HML-2_5p12	HG02976_hap2_hprc_r2_v1.0.1_HML-2_5p12	ONE_SIDED_NO_PAIR	GCTCCC	NONE	DIRECT_PAF_ENDPOINT	UNSUPPORTED	SUPPORTED	NONE
HML-2_5p12	HG02984_mat_hprc_r2_v1.0.1_HML-2_5p12	ONE_SIDED_NO_PAIR	GCTCCC	NONE	DIRECT_PAF_ENDPOINT	UNSUPPORTED	SUPPORTED	NONE
HML-2_5p12	HG02984_pat_hprc_r2_v1.0.1_HML-2_5p12	ONE_SIDED_NO_PAIR	GCTCCC	NONE	DIRECT_PAF_ENDPOINT	UNSUPPORTED	SUPPORTED	NONE
HML-2_5p12	HG03009_h1_HML-2_5p12_graph_hgsvc3-2024-02-23-mc-chm13	ONE_SIDED_NO_PAIR	GCTCCC	NONE	DIRECT_PAF_ENDPOINT	UNSUPPORTED	SUPPORTED	NONE
HML-2_5p12	HG03009_h2_HML-2_5p12_graph_hgsvc3-2024-02-23-mc-chm13	ONE_SIDED_NO_PAIR	GCTCCC	NONE	DIRECT_PAF_ENDPOINT	UNSUPPORTED	SUPPORTED	NONE
HML-2_5p12	HG03017_mat_hprc_r2_v1.0.1_HML-2_5p12	ONE_SIDED_NO_PAIR	GCTCCC	NONE	DIRECT_PAF_ENDPOINT	UNSUPPORTED	SUPPORTED	NONE
HML-2_5p12	HG03017_pat_hprc_r2_v1.0.1_HML-2_5p12	ONE_SIDED_NO_PAIR	GCTCCC	NONE	DIRECT_PAF_ENDPOINT	UNSUPPORTED	SUPPORTED	NONE
HML-2_5p12	HG03041_mat_hprc_r2_v1.0.1_HML-2_5p12	ONE_SIDED_NO_PAIR	GCTCCC	NONE	DIRECT_PAF_ENDPOINT	UNSUPPORTED	SUPPORTED	NONE
HML-2_5p12	HG03041_pat_hprc_r2_v1.0.1_HML-2_5p12	ONE_SIDED_NO_PAIR	GCTCCC	NONE	DIRECT_PAF_ENDPOINT	UNSUPPORTED	SUPPORTED	NONE
HML-2_5p12	HG03050_mat_hprc_r2_v1.0.1_HML-2_5p12	ONE_SIDED_NO_PAIR	GCTCCC	NONE	DIRECT_PAF_ENDPOINT	UNSUPPORTED	SUPPORTED	NONE
HML-2_5p12	HG03050_pat_hprc_r2_v1.0.1_HML-2_5p12	ONE_SIDED_NO_PAIR	GCTCCC	NONE	DIRECT_PAF_ENDPOINT	UNSUPPORTED	SUPPORTED	NONE
HML-2_5p12	HG03065_h1_HML-2_5p12_graph_hgsvc3-2024-02-23-mc-chm13	ONE_SIDED_NO_PAIR	GCTCCC	NONE	DIRECT_PAF_ENDPOINT	UNSUPPORTED	SUPPORTED	NONE
HML-2_5p12	HG03065_h2_HML-2_5p12_graph_hgsvc3-2024-02-23-mc-chm13	ONE_SIDED_NO_PAIR	GCTCCC	NONE	DIRECT_PAF_ENDPOINT	UNSUPPORTED	SUPPORTED	NONE
HML-2_5p12	HG03098_mat_hprc_r2_v1.0.1_HML-2_5p12	ONE_SIDED_NO_PAIR	GCTCCC	NONE	DIRECT_PAF_ENDPOINT	UNSUPPORTED	SUPPORTED	NONE
HML-2_5p12	HG03098_pat_hprc_r2_v1.0.1_HML-2_5p12	ONE_SIDED_NO_PAIR	GCTCCC	NONE	DIRECT_PAF_ENDPOINT	UNSUPPORTED	SUPPORTED	NONE
HML-2_5p12	HG03130_hap1_hprc_r2_v1.0.1_HML-2_5p12	ONE_SIDED_NO_PAIR	GCTCCC	NONE	DIRECT_PAF_ENDPOINT	UNSUPPORTED	SUPPORTED	NONE
HML-2_5p12	HG03130_hap2_hprc_r2_v1.0.1_HML-2_5p12	ONE_SIDED_NO_PAIR	GCTCCC	NONE	DIRECT_PAF_ENDPOINT	UNSUPPORTED	SUPPORTED	NONE
HML-2_5p12	HG03139_hap1_hprc_r2_v1.0.1_HML-2_5p12	ONE_SIDED_NO_PAIR	GCTCCC	NONE	DIRECT_PAF_ENDPOINT	UNSUPPORTED	SUPPORTED	NONE
HML-2_5p12	HG03139_hap2_hprc_r2_v1.0.1_HML-2_5p12	ONE_SIDED_NO_PAIR	GCTCCC	NONE	DIRECT_PAF_ENDPOINT	UNSUPPORTED	SUPPORTED	NONE
HML-2_5p12	HG03195_hap1_hprc_r2_v1.0.1_HML-2_5p12	ONE_SIDED_NO_PAIR	GCTCCC	NONE	DIRECT_PAF_ENDPOINT	UNSUPPORTED	SUPPORTED	NONE
HML-2_5p12	HG03195_hap2_hprc_r2_v1.0.1_HML-2_5p12	ONE_SIDED_NO_PAIR	GCTCCC	NONE	DIRECT_PAF_ENDPOINT	UNSUPPORTED	SUPPORTED	NONE
HML-2_5p12	HG03209_hap1_hprc_r2_v1.0.1_HML-2_5p12	ONE_SIDED_NO_PAIR	GCTCCC	NONE	DIRECT_PAF_ENDPOINT	UNSUPPORTED	SUPPORTED	NONE
HML-2_5p12	HG03209_hap2_hprc_r2_v1.0.1_HML-2_5p12	ONE_SIDED_NO_PAIR	GCTCCC	NONE	DIRECT_PAF_ENDPOINT	UNSUPPORTED	SUPPORTED	NONE
HML-2_5p12	HG03225_hap1_hprc_r2_v1.0.1_HML-2_5p12	ONE_SIDED_NO_PAIR	GCTCCC	NONE	DIRECT_PAF_ENDPOINT	UNSUPPORTED	SUPPORTED	NONE
HML-2_5p12	HG03225_hap2_hprc_r2_v1.0.1_HML-2_5p12	ONE_SIDED_NO_PAIR	GCTCCC	NONE	DIRECT_PAF_ENDPOINT	UNSUPPORTED	SUPPORTED	NONE
HML-2_5p12	HG03239_mat_hprc_r2_v1.0.1_HML-2_5p12	ONE_SIDED_NO_PAIR	GCTCCC	NONE	DIRECT_PAF_ENDPOINT	UNSUPPORTED	SUPPORTED	NONE
HML-2_5p12	HG03239_pat_hprc_r2_v1.0.1_HML-2_5p12	ONE_SIDED_NO_PAIR	GCTCCC	NONE	DIRECT_PAF_ENDPOINT	UNSUPPORTED	SUPPORTED	NONE
HML-2_5p12	HG03248_h1_HML-2_5p12_graph_hgsvc3-2024-02-23-mc-chm13	ONE_SIDED_NO_PAIR	GCTCCC	NONE	DIRECT_PAF_ENDPOINT	UNSUPPORTED	SUPPORTED	NONE
HML-2_5p12	HG03248_h2_HML-2_5p12_graph_hgsvc3-2024-02-23-mc-chm13	ONE_SIDED_NO_PAIR	GCTCCC	NONE	DIRECT_PAF_ENDPOINT	UNSUPPORTED	SUPPORTED	NONE
HML-2_5p12	HG03270_hap1_hprc_r2_v1.0.1_HML-2_5p12	ONE_SIDED_NO_PAIR	GCTCCC	NONE	DIRECT_PAF_ENDPOINT	UNSUPPORTED	SUPPORTED	NONE
HML-2_5p12	HG03270_hap2_hprc_r2_v1.0.1_HML-2_5p12	ONE_SIDED_NO_PAIR	GCTCCC	NONE	DIRECT_PAF_ENDPOINT	UNSUPPORTED	SUPPORTED	NONE
HML-2_5p12	HG03369_hap1_hprc_r2_v1.0.1_HML-2_5p12	ONE_SIDED_NO_PAIR	GCTCCC	NONE	DIRECT_PAF_ENDPOINT	UNSUPPORTED	SUPPORTED	NONE
HML-2_5p12	HG03369_hap2_hprc_r2_v1.0.1_HML-2_5p12	ONE_SIDED_NO_PAIR	GCTCCC	NONE	DIRECT_PAF_ENDPOINT	UNSUPPORTED	SUPPORTED	NONE
HML-2_5p12	HG03371_h1_HML-2_5p12_graph_hgsvc3-2024-02-23-mc-chm13	ONE_SIDED_NO_PAIR	GCTCCC	NONE	DIRECT_PAF_ENDPOINT	UNSUPPORTED	SUPPORTED	NONE
HML-2_5p12	HG03371_h2_HML-2_5p12_graph_hgsvc3-2024-02-23-mc-chm13	ONE_SIDED_NO_PAIR	GCTCCC	NONE	DIRECT_PAF_ENDPOINT	UNSUPPORTED	SUPPORTED	NONE
HML-2_5p12	HG03452_h1_HML-2_5p12_graph_hgsvc3-2024-02-23-mc-chm13	ONE_SIDED_NO_PAIR	GCTCCC	NONE	DIRECT_PAF_ENDPOINT	UNSUPPORTED	SUPPORTED	NONE
HML-2_5p12	HG03452_h2_HML-2_5p12_graph_hgsvc3-2024-02-23-mc-chm13	ONE_SIDED_NO_PAIR	GCTCCC	NONE	DIRECT_PAF_ENDPOINT	UNSUPPORTED	SUPPORTED	NONE
HML-2_5p12	HG03453_mat_hprc_r2_v1.0.1_HML-2_5p12	ONE_SIDED_NO_PAIR	GCTCCC	NONE	DIRECT_PAF_ENDPOINT	UNSUPPORTED	SUPPORTED	NONE
HML-2_5p12	HG03453_pat_hprc_r2_v1.0.1_HML-2_5p12	ONE_SIDED_NO_PAIR	GCTCCC	NONE	DIRECT_PAF_ENDPOINT	UNSUPPORTED	SUPPORTED	NONE
HML-2_5p12	HG03456_h1_HML-2_5p12_graph_hgsvc3-2024-02-23-mc-chm13	ONE_SIDED_NO_PAIR	GCTCCC	NONE	DIRECT_PAF_ENDPOINT	UNSUPPORTED	SUPPORTED	NONE
HML-2_5p12	HG03456_h2_HML-2_5p12_graph_hgsvc3-2024-02-23-mc-chm13	ONE_SIDED_NO_PAIR	GCTCCC	NONE	DIRECT_PAF_ENDPOINT	UNSUPPORTED	SUPPORTED	NONE
HML-2_5p12	HG03470_hap1_hprc_r2_v1.0.1_HML-2_5p12	ONE_SIDED_NO_PAIR	GCTCCC	NONE	DIRECT_PAF_ENDPOINT	UNSUPPORTED	SUPPORTED	NONE
HML-2_5p12	HG03470_hap2_hprc_r2_v1.0.1_HML-2_5p12	ONE_SIDED_NO_PAIR	GCTCCC	NONE	DIRECT_PAF_ENDPOINT	UNSUPPORTED	SUPPORTED	NONE
HML-2_5p12	HG03471_hap1_hprc_r2_v1.0.1_HML-2_5p12	ONE_SIDED_NO_PAIR	GCTCCC	NONE	DIRECT_PAF_ENDPOINT	UNSUPPORTED	SUPPORTED	NONE
HML-2_5p12	HG03471_hap2_hprc_r2_v1.0.1_HML-2_5p12	ONE_SIDED_NO_PAIR	GCTCCC	NONE	DIRECT_PAF_ENDPOINT	UNSUPPORTED	SUPPORTED	NONE
HML-2_5p12	HG03486_mat_hprc_r2_v1.0.1_HML-2_5p12	ONE_SIDED_NO_PAIR	GCTCCC	NONE	DIRECT_PAF_ENDPOINT	UNSUPPORTED	SUPPORTED	NONE
HML-2_5p12	HG03486_pat_hprc_r2_v1.0.1_HML-2_5p12	ONE_SIDED_NO_PAIR	GCTCCC	NONE	DIRECT_PAF_ENDPOINT	UNSUPPORTED	SUPPORTED	NONE
HML-2_5p12	HG03516_mat_hprc_r2_v1.1.0_HML-2_5p12	ONE_SIDED_NO_PAIR	GCTCCC	NONE	DIRECT_PAF_ENDPOINT	UNSUPPORTED	SUPPORTED	NONE
HML-2_5p12	HG03516_pat_hprc_r2_v1.1.0_HML-2_5p12	ONE_SIDED_NO_PAIR	GCTCCC	NONE	DIRECT_PAF_ENDPOINT	UNSUPPORTED	SUPPORTED	NONE
HML-2_5p12	HG03520_h1_HML-2_5p12_graph_hgsvc3-2024-02-23-mc-chm13	ONE_SIDED_NO_PAIR	GCTCCC	NONE	DIRECT_PAF_ENDPOINT	UNSUPPORTED	SUPPORTED	NONE
HML-2_5p12	HG03520_h2_HML-2_5p12_graph_hgsvc3-2024-02-23-mc-chm13	ONE_SIDED_NO_PAIR	GCTCCC	NONE	DIRECT_PAF_ENDPOINT	UNSUPPORTED	SUPPORTED	NONE
HML-2_5p12	HG03521_hap1_hprc_r2_v1.0.1_HML-2_5p12	ONE_SIDED_NO_PAIR	GCTCCC	NONE	DIRECT_PAF_ENDPOINT	UNSUPPORTED	SUPPORTED	NONE
HML-2_5p12	HG03521_hap2_hprc_r2_v1.0.1_HML-2_5p12	ONE_SIDED_NO_PAIR	GCTCCC	NONE	DIRECT_PAF_ENDPOINT	UNSUPPORTED	SUPPORTED	NONE
HML-2_5p12	HG03540_mat_hprc_r2_v1.0.1_HML-2_5p12	ONE_SIDED_NO_PAIR	GCTCCC	NONE	DIRECT_PAF_ENDPOINT	UNSUPPORTED	SUPPORTED	NONE
HML-2_5p12	HG03540_pat_hprc_r2_v1.0.1_HML-2_5p12	ONE_SIDED_NO_PAIR	GCTCCC	NONE	DIRECT_PAF_ENDPOINT	UNSUPPORTED	SUPPORTED	NONE
HML-2_5p12	HG03579_mat_hprc_r2_v1.0.1_HML-2_5p12	ONE_SIDED_NO_PAIR	GCTCCC	NONE	DIRECT_PAF_ENDPOINT	UNSUPPORTED	SUPPORTED	NONE
HML-2_5p12	HG03579_pat_hprc_r2_v1.0.1_HML-2_5p12	ONE_SIDED_NO_PAIR	GCTCCC	NONE	DIRECT_PAF_ENDPOINT	UNSUPPORTED	SUPPORTED	NONE
HML-2_5p12	HG03583_hap1_hprc_r2_v1.0.1_HML-2_5p12	ONE_SIDED_NO_PAIR	GCTCCC	NONE	DIRECT_PAF_ENDPOINT	UNSUPPORTED	SUPPORTED	NONE
HML-2_5p12	HG03583_hap2_hprc_r2_v1.0.1_HML-2_5p12	ONE_SIDED_NO_PAIR	GCTCCC	NONE	DIRECT_PAF_ENDPOINT	UNSUPPORTED	SUPPORTED	NONE
HML-2_5p12	HG03654_mat_hprc_r2_v1.0.1_HML-2_5p12	ONE_SIDED_NO_PAIR	GCTCCC	NONE	DIRECT_PAF_ENDPOINT	UNSUPPORTED	SUPPORTED	NONE
HML-2_5p12	HG03654_pat_hprc_r2_v1.0.1_HML-2_5p12	ONE_SIDED_NO_PAIR	GCTCCC	NONE	DIRECT_PAF_ENDPOINT	UNSUPPORTED	SUPPORTED	NONE
HML-2_5p12	HG03669_mat_hprc_r2_v1.0.1_HML-2_5p12	ONE_SIDED_NO_PAIR	GCTCCC	NONE	DIRECT_PAF_ENDPOINT	UNSUPPORTED	SUPPORTED	NONE
HML-2_5p12	HG03669_pat_hprc_r2_v1.0.1_HML-2_5p12	ONE_SIDED_NO_PAIR	GCTCCC	NONE	DIRECT_PAF_ENDPOINT	UNSUPPORTED	SUPPORTED	NONE
HML-2_5p12	HG03683_h1_HML-2_5p12_graph_hgsvc3-2024-02-23-mc-chm13	ONE_SIDED_NO_PAIR	GCTCCC	NONE	DIRECT_PAF_ENDPOINT	UNSUPPORTED	SUPPORTED	NONE
HML-2_5p12	HG03683_h2_HML-2_5p12_graph_hgsvc3-2024-02-23-mc-chm13	ONE_SIDED_NO_PAIR	GCTCCC	NONE	DIRECT_PAF_ENDPOINT	UNSUPPORTED	SUPPORTED	NONE
HML-2_5p12	HG03688_mat_hprc_r2_v1.0.1_HML-2_5p12	ONE_SIDED_NO_PAIR	GCTCCC	NONE	DIRECT_PAF_ENDPOINT	UNSUPPORTED	SUPPORTED	NONE
HML-2_5p12	HG03688_pat_hprc_r2_v1.0.1_HML-2_5p12	ONE_SIDED_NO_PAIR	GCTCCC	NONE	DIRECT_PAF_ENDPOINT	UNSUPPORTED	SUPPORTED	NONE
HML-2_5p12	HG03704_mat_hprc_r2_v1.0.1_HML-2_5p12	ONE_SIDED_NO_PAIR	GCTCCC	NONE	DIRECT_PAF_ENDPOINT	UNSUPPORTED	SUPPORTED	NONE
HML-2_5p12	HG03704_pat_hprc_r2_v1.0.1_HML-2_5p12	ONE_SIDED_NO_PAIR	GCTCCC	NONE	DIRECT_PAF_ENDPOINT	UNSUPPORTED	SUPPORTED	NONE
HML-2_5p12	HG03710_mat_hprc_r2_v1.0.1_HML-2_5p12	ONE_SIDED_NO_PAIR	GCTCCC	NONE	DIRECT_PAF_ENDPOINT	UNSUPPORTED	SUPPORTED	NONE
HML-2_5p12	HG03710_pat_hprc_r2_v1.0.1_HML-2_5p12	ONE_SIDED_NO_PAIR	GCTCCC	NONE	DIRECT_PAF_ENDPOINT	UNSUPPORTED	SUPPORTED	NONE
HML-2_5p12	HG03732_h1_HML-2_5p12_graph_hgsvc3-2024-02-23-mc-chm13	ONE_SIDED_NO_PAIR	GCTCCC	NONE	DIRECT_PAF_ENDPOINT	UNSUPPORTED	SUPPORTED	NONE
HML-2_5p12	HG03732_h2_HML-2_5p12_graph_hgsvc3-2024-02-23-mc-chm13	ONE_SIDED_NO_PAIR	GCTCCC	NONE	DIRECT_PAF_ENDPOINT	UNSUPPORTED	SUPPORTED	NONE
HML-2_5p12	HG03742_hap1_hprc_r2_v1.0.1_HML-2_5p12	ONE_SIDED_NO_PAIR	GCTCCC	NONE	DIRECT_PAF_ENDPOINT	UNSUPPORTED	SUPPORTED	NONE
HML-2_5p12	HG03742_hap2_hprc_r2_v1.0.1_HML-2_5p12	ONE_SIDED_NO_PAIR	GCTCCC	NONE	DIRECT_PAF_ENDPOINT	UNSUPPORTED	SUPPORTED	NONE
HML-2_5p12	HG03784_hap1_hprc_r2_v1.0.1_HML-2_5p12	ONE_SIDED_NO_PAIR	GCTCCC	NONE	DIRECT_PAF_ENDPOINT	UNSUPPORTED	SUPPORTED	NONE
HML-2_5p12	HG03784_hap2_hprc_r2_v1.0.1_HML-2_5p12	ONE_SIDED_NO_PAIR	GCTCCC	NONE	DIRECT_PAF_ENDPOINT	UNSUPPORTED	SUPPORTED	NONE
HML-2_5p12	HG03804_mat_hprc_r2_v1.0.1_HML-2_5p12	ONE_SIDED_NO_PAIR	GCTCCC	NONE	DIRECT_PAF_ENDPOINT	UNSUPPORTED	SUPPORTED	NONE
HML-2_5p12	HG03804_pat_hprc_r2_v1.0.1_HML-2_5p12	ONE_SIDED_NO_PAIR	GCTCCC	NONE	DIRECT_PAF_ENDPOINT	UNSUPPORTED	SUPPORTED	NONE
HML-2_5p12	HG03807_h1_HML-2_5p12_graph_hgsvc3-2024-02-23-mc-chm13	ONE_SIDED_NO_PAIR	GCTCCC	NONE	DIRECT_PAF_ENDPOINT	UNSUPPORTED	SUPPORTED	NONE
HML-2_5p12	HG03807_h2_HML-2_5p12_graph_hgsvc3-2024-02-23-mc-chm13	ONE_SIDED_NO_PAIR	GCTCCC	NONE	DIRECT_PAF_ENDPOINT	UNSUPPORTED	SUPPORTED	NONE
HML-2_5p12	HG03816_mat_hprc_r2_v1.0.1_HML-2_5p12	ONE_SIDED_NO_PAIR	GCTCCC	NONE	DIRECT_PAF_ENDPOINT	UNSUPPORTED	SUPPORTED	NONE
HML-2_5p12	HG03816_pat_hprc_r2_v1.0.1_HML-2_5p12	ONE_SIDED_NO_PAIR	GCTCCC	NONE	DIRECT_PAF_ENDPOINT	UNSUPPORTED	SUPPORTED	NONE
HML-2_5p12	HG03831_mat_hprc_r2_v1.0.1_HML-2_5p12	ONE_SIDED_NO_PAIR	GCTCCC	NONE	DIRECT_PAF_ENDPOINT	UNSUPPORTED	SUPPORTED	NONE
HML-2_5p12	HG03831_pat_hprc_r2_v1.0.1_HML-2_5p12	ONE_SIDED_NO_PAIR	GCTCCC	NONE	DIRECT_PAF_ENDPOINT	UNSUPPORTED	SUPPORTED	NONE
HML-2_5p12	HG03834_mat_hprc_r2_v1.0.1_HML-2_5p12	ONE_SIDED_NO_PAIR	GCTCCC	NONE	DIRECT_PAF_ENDPOINT	UNSUPPORTED	SUPPORTED	NONE
HML-2_5p12	HG03834_pat_hprc_r2_v1.0.1_HML-2_5p12	ONE_SIDED_NO_PAIR	GCTCCC	NONE	DIRECT_PAF_ENDPOINT	UNSUPPORTED	SUPPORTED	NONE
HML-2_5p12	HG03874_hap1_hprc_r2_v1.0.1_HML-2_5p12	ONE_SIDED_NO_PAIR	GCTCCC	NONE	DIRECT_PAF_ENDPOINT	UNSUPPORTED	SUPPORTED	NONE
HML-2_5p12	HG03874_hap2_hprc_r2_v1.0.1_HML-2_5p12	ONE_SIDED_NO_PAIR	GCTCCC	NONE	DIRECT_PAF_ENDPOINT	UNSUPPORTED	SUPPORTED	NONE
HML-2_5p12	HG03927_mat_hprc_r2_v1.0.1_HML-2_5p12	ONE_SIDED_NO_PAIR	GCTCCC	NONE	DIRECT_PAF_ENDPOINT	UNSUPPORTED	SUPPORTED	NONE
HML-2_5p12	HG03927_pat_hprc_r2_v1.0.1_HML-2_5p12	ONE_SIDED_NO_PAIR	GCTCCC	NONE	DIRECT_PAF_ENDPOINT	UNSUPPORTED	SUPPORTED	NONE
HML-2_5p12	HG03942_mat_hprc_r2_v1.0.1_HML-2_5p12	ONE_SIDED_NO_PAIR	GCTCCC	NONE	DIRECT_PAF_ENDPOINT	UNSUPPORTED	SUPPORTED	NONE
HML-2_5p12	HG03942_pat_hprc_r2_v1.0.1_HML-2_5p12	ONE_SIDED_NO_PAIR	GCTCCC	NONE	DIRECT_PAF_ENDPOINT	UNSUPPORTED	SUPPORTED	NONE
HML-2_5p12	HG04036_h1_HML-2_5p12_graph_hgsvc3-2024-02-23-mc-chm13	ONE_SIDED_NO_PAIR	GCTCCC	NONE	DIRECT_PAF_ENDPOINT	UNSUPPORTED	SUPPORTED	NONE
HML-2_5p12	HG04036_h2_HML-2_5p12_graph_hgsvc3-2024-02-23-mc-chm13	ONE_SIDED_NO_PAIR	GCTCCC	NONE	DIRECT_PAF_ENDPOINT	UNSUPPORTED	SUPPORTED	NONE
HML-2_5p12	HG04115_mat_hprc_r2_v1.0.1_HML-2_5p12	ONE_SIDED_NO_PAIR	GCTCCC	NONE	DIRECT_PAF_ENDPOINT	UNSUPPORTED	SUPPORTED	NONE
HML-2_5p12	HG04115_pat_hprc_r2_v1.0.1_HML-2_5p12	ONE_SIDED_NO_PAIR	GCTCCC	NONE	DIRECT_PAF_ENDPOINT	UNSUPPORTED	SUPPORTED	NONE
HML-2_5p12	HG04157_mat_hprc_r2_v1.0.1_HML-2_5p12	ONE_SIDED_NO_PAIR	GCTCCC	NONE	DIRECT_PAF_ENDPOINT	UNSUPPORTED	SUPPORTED	NONE
HML-2_5p12	HG04157_pat_hprc_r2_v1.0.1_HML-2_5p12	ONE_SIDED_NO_PAIR	GCTCCC	NONE	DIRECT_PAF_ENDPOINT	UNSUPPORTED	SUPPORTED	NONE
HML-2_5p12	HG04160_mat_hprc_r2_v1.0.1_HML-2_5p12	ONE_SIDED_NO_PAIR	GCTCCC	NONE	DIRECT_PAF_ENDPOINT	UNSUPPORTED	SUPPORTED	NONE
HML-2_5p12	HG04160_pat_hprc_r2_v1.0.1_HML-2_5p12	ONE_SIDED_NO_PAIR	GCTCCC	NONE	DIRECT_PAF_ENDPOINT	UNSUPPORTED	SUPPORTED	NONE
HML-2_5p12	HG04184_mat_hprc_r2_v1.0.1_HML-2_5p12	ONE_SIDED_NO_PAIR	GCTCCC	NONE	DIRECT_PAF_ENDPOINT	UNSUPPORTED	SUPPORTED	NONE
HML-2_5p12	HG04184_pat_hprc_r2_v1.0.1_HML-2_5p12	ONE_SIDED_NO_PAIR	GCTCCC	NONE	DIRECT_PAF_ENDPOINT	UNSUPPORTED	SUPPORTED	NONE
HML-2_5p12	HG04187_mat_hprc_r2_v1.0.1_HML-2_5p12	ONE_SIDED_NO_PAIR	GCTCCC	NONE	DIRECT_PAF_ENDPOINT	UNSUPPORTED	SUPPORTED	NONE
HML-2_5p12	HG04187_pat_hprc_r2_v1.0.1_HML-2_5p12	ONE_SIDED_NO_PAIR	GCTCCC	NONE	DIRECT_PAF_ENDPOINT	UNSUPPORTED	SUPPORTED	NONE
HML-2_5p12	HG04199_mat_hprc_r2_v1.0.1_HML-2_5p12	ONE_SIDED_NO_PAIR	GCTCCC	NONE	DIRECT_PAF_ENDPOINT	UNSUPPORTED	SUPPORTED	NONE
HML-2_5p12	HG04204_mat_hprc_r2_v1.0.1_HML-2_5p12	ONE_SIDED_NO_PAIR	GCTCCC	NONE	DIRECT_PAF_ENDPOINT	UNSUPPORTED	SUPPORTED	NONE
HML-2_5p12	HG04204_pat_hprc_r2_v1.0.1_HML-2_5p12	ONE_SIDED_NO_PAIR	GCTCCC	NONE	DIRECT_PAF_ENDPOINT	UNSUPPORTED	SUPPORTED	NONE
HML-2_5p12	HG04217_h1_HML-2_5p12_graph_hgsvc3-2024-02-23-mc-chm13	ONE_SIDED_NO_PAIR	GCTCCC	NONE	DIRECT_PAF_ENDPOINT	UNSUPPORTED	SUPPORTED	NONE
HML-2_5p12	HG04217_h2_HML-2_5p12_graph_hgsvc3-2024-02-23-mc-chm13	ONE_SIDED_NO_PAIR	GCTCCC	NONE	DIRECT_PAF_ENDPOINT	UNSUPPORTED	SUPPORTED	NONE
HML-2_5p12	HG04228_mat_hprc_r2_v1.0.1_HML-2_5p12	ONE_SIDED_NO_PAIR	GCTCCC	NONE	DIRECT_PAF_ENDPOINT	UNSUPPORTED	SUPPORTED	NONE
HML-2_5p12	HG04228_pat_hprc_r2_v1.0.1_HML-2_5p12	ONE_SIDED_NO_PAIR	GCTCCC	NONE	DIRECT_PAF_ENDPOINT	UNSUPPORTED	SUPPORTED	NONE
HML-2_5p12	HG06807_mat_v1.0.genbank_HML-2_5p12	ONE_SIDED_NO_PAIR	GCTCCC	NONE	DIRECT_PAF_ENDPOINT	UNSUPPORTED	SUPPORTED	NONE
HML-2_5p12	HG06807_pat_v1.0.genbank_HML-2_5p12	ONE_SIDED_NO_PAIR	GCTCCC	NONE	DIRECT_PAF_ENDPOINT	UNSUPPORTED	SUPPORTED	NONE
HML-2_5p12	NA12329_h1_HML-2_5p12_graph_hgsvc3-2024-02-23-mc-chm13	ONE_SIDED_NO_PAIR	GCTCCC	NONE	DIRECT_PAF_ENDPOINT	UNSUPPORTED	SUPPORTED	NONE
HML-2_5p12	NA12329_h2_HML-2_5p12_graph_hgsvc3-2024-02-23-mc-chm13	ONE_SIDED_NO_PAIR	GCTCCC	NONE	DIRECT_PAF_ENDPOINT	UNSUPPORTED	SUPPORTED	NONE
HML-2_5p12	NA18505_hap1_hprc_r2_v1.0.1_HML-2_5p12	ONE_SIDED_NO_PAIR	GCTCCC	NONE	DIRECT_PAF_ENDPOINT	UNSUPPORTED	SUPPORTED	NONE
HML-2_5p12	NA18505_hap2_hprc_r2_v1.0.1_HML-2_5p12	ONE_SIDED_NO_PAIR	GCTCCC	NONE	DIRECT_PAF_ENDPOINT	UNSUPPORTED	SUPPORTED	NONE
HML-2_5p12	NA18508_hap1_hprc_r2_v1.0.1_HML-2_5p12	ONE_SIDED_NO_PAIR	GCTCCC	NONE	DIRECT_PAF_ENDPOINT	UNSUPPORTED	SUPPORTED	NONE
HML-2_5p12	NA18508_hap2_hprc_r2_v1.0.1_HML-2_5p12	ONE_SIDED_NO_PAIR	GCTCCC	NONE	DIRECT_PAF_ENDPOINT	UNSUPPORTED	SUPPORTED	NONE
HML-2_5p12	NA18522_hap1_hprc_r2_v1.0.1_HML-2_5p12	ONE_SIDED_NO_PAIR	GCTCCC	NONE	DIRECT_PAF_ENDPOINT	UNSUPPORTED	SUPPORTED	NONE
HML-2_5p12	NA18522_hap2_hprc_r2_v1.0.1_HML-2_5p12	ONE_SIDED_NO_PAIR	GCTCCC	NONE	DIRECT_PAF_ENDPOINT	UNSUPPORTED	SUPPORTED	NONE
HML-2_5p12	NA18534_h1_HML-2_5p12_graph_hgsvc3-2024-02-23-mc-chm13	ONE_SIDED_NO_PAIR	GCTCCC	NONE	DIRECT_PAF_ENDPOINT	UNSUPPORTED	SUPPORTED	NONE
HML-2_5p12	NA18534_h2_HML-2_5p12_graph_hgsvc3-2024-02-23-mc-chm13	ONE_SIDED_NO_PAIR	GCTCCC	NONE	DIRECT_PAF_ENDPOINT	UNSUPPORTED	SUPPORTED	NONE
HML-2_5p12	NA18565_hap1_hprc_r2_v1.0.1_HML-2_5p12	ONE_SIDED_NO_PAIR	GCTCCC	NONE	DIRECT_PAF_ENDPOINT	UNSUPPORTED	SUPPORTED	NONE
HML-2_5p12	NA18565_hap2_hprc_r2_v1.0.1_HML-2_5p12	ONE_SIDED_NO_PAIR	GCTCCC	NONE	DIRECT_PAF_ENDPOINT	UNSUPPORTED	SUPPORTED	NONE
HML-2_5p12	NA18570_hap1_hprc_r2_v1.0.1_HML-2_5p12	ONE_SIDED_NO_PAIR	GCTCCC	NONE	DIRECT_PAF_ENDPOINT	UNSUPPORTED	SUPPORTED	NONE
HML-2_5p12	NA18570_hap2_hprc_r2_v1.0.1_HML-2_5p12	ONE_SIDED_NO_PAIR	GCTCCC	NONE	DIRECT_PAF_ENDPOINT	UNSUPPORTED	SUPPORTED	NONE
HML-2_5p12	NA18608_hap1_hprc_r2_v1.0.1_HML-2_5p12	ONE_SIDED_NO_PAIR	GCTCCC	NONE	DIRECT_PAF_ENDPOINT	UNSUPPORTED	SUPPORTED	NONE
HML-2_5p12	NA18608_hap2_hprc_r2_v1.0.1_HML-2_5p12	ONE_SIDED_NO_PAIR	GCTCCC	NONE	DIRECT_PAF_ENDPOINT	UNSUPPORTED	SUPPORTED	NONE
HML-2_5p12	NA18620_hap1_hprc_r2_v1.0.1_HML-2_5p12	ONE_SIDED_NO_PAIR	GCTCCC	NONE	DIRECT_PAF_ENDPOINT	UNSUPPORTED	SUPPORTED	NONE
HML-2_5p12	NA18620_hap2_hprc_r2_v1.0.1_HML-2_5p12	ONE_SIDED_NO_PAIR	GCTCCC	NONE	DIRECT_PAF_ENDPOINT	UNSUPPORTED	SUPPORTED	NONE
HML-2_5p12	NA18747_hap1_hprc_r2_v1.0.1_HML-2_5p12	ONE_SIDED_NO_PAIR	GCTCCC	NONE	DIRECT_PAF_ENDPOINT	UNSUPPORTED	SUPPORTED	NONE
HML-2_5p12	NA18747_hap2_hprc_r2_v1.0.1_HML-2_5p12	ONE_SIDED_NO_PAIR	GCTCCC	NONE	DIRECT_PAF_ENDPOINT	UNSUPPORTED	SUPPORTED	NONE
HML-2_5p12	NA18879_hap1_hprc_r2_v1.0.1_HML-2_5p12	ONE_SIDED_NO_PAIR	GCTCCC	NONE	DIRECT_PAF_ENDPOINT	UNSUPPORTED	SUPPORTED	NONE
HML-2_5p12	NA18879_hap2_hprc_r2_v1.0.1_HML-2_5p12	ONE_SIDED_NO_PAIR	GCTCCC	NONE	DIRECT_PAF_ENDPOINT	UNSUPPORTED	SUPPORTED	NONE
HML-2_5p12	NA18906_mat_hprc_r2_v1.0.1_HML-2_5p12	ONE_SIDED_NO_PAIR	GCTCCC	NONE	DIRECT_PAF_ENDPOINT	UNSUPPORTED	SUPPORTED	NONE
HML-2_5p12	NA18906_pat_hprc_r2_v1.0.1_HML-2_5p12	ONE_SIDED_NO_PAIR	GCTCCC	NONE	DIRECT_PAF_ENDPOINT	UNSUPPORTED	SUPPORTED	NONE
HML-2_5p12	NA18939_h1_HML-2_5p12_graph_hgsvc3-2024-02-23-mc-chm13	ONE_SIDED_NO_PAIR	GCTCCC	NONE	DIRECT_PAF_ENDPOINT	UNSUPPORTED	SUPPORTED	NONE
HML-2_5p12	NA18939_h2_HML-2_5p12_graph_hgsvc3-2024-02-23-mc-chm13	ONE_SIDED_NO_PAIR	GCTCCC	NONE	DIRECT_PAF_ENDPOINT	UNSUPPORTED	SUPPORTED	NONE
HML-2_5p12	NA18940_hap1_hprc_r2_v1.0.1_HML-2_5p12	ONE_SIDED_NO_PAIR	GCTCCC	NONE	DIRECT_PAF_ENDPOINT	UNSUPPORTED	SUPPORTED	NONE
HML-2_5p12	NA18940_hap2_hprc_r2_v1.0.1_HML-2_5p12	ONE_SIDED_NO_PAIR	GCTCCC	NONE	DIRECT_PAF_ENDPOINT	UNSUPPORTED	SUPPORTED	NONE
HML-2_5p12	NA18943_hap1_hprc_r2_v1.0.1_HML-2_5p12	ONE_SIDED_NO_PAIR	GCTCCC	NONE	DIRECT_PAF_ENDPOINT	UNSUPPORTED	SUPPORTED	NONE
HML-2_5p12	NA18943_hap2_hprc_r2_v1.0.1_HML-2_5p12	ONE_SIDED_NO_PAIR	GCTCCC	NONE	DIRECT_PAF_ENDPOINT	UNSUPPORTED	SUPPORTED	NONE
HML-2_5p12	NA18944_hap1_hprc_r2_v1.0.1_HML-2_5p12	ONE_SIDED_NO_PAIR	GCTCCC	NONE	DIRECT_PAF_ENDPOINT	UNSUPPORTED	SUPPORTED	NONE
HML-2_5p12	NA18944_hap2_hprc_r2_v1.0.1_HML-2_5p12	ONE_SIDED_NO_PAIR	GCTCCC	NONE	DIRECT_PAF_ENDPOINT	UNSUPPORTED	SUPPORTED	NONE
HML-2_5p12	NA18945_hap1_hprc_r2_v1.0.1_HML-2_5p12	ONE_SIDED_NO_PAIR	GCTCCC	NONE	DIRECT_PAF_ENDPOINT	UNSUPPORTED	SUPPORTED	NONE
HML-2_5p12	NA18945_hap2_hprc_r2_v1.0.1_HML-2_5p12	ONE_SIDED_NO_PAIR	GCTCCC	NONE	DIRECT_PAF_ENDPOINT	UNSUPPORTED	SUPPORTED	NONE
HML-2_5p12	NA18948_hap1_hprc_r2_v1.0.1_HML-2_5p12	ONE_SIDED_NO_PAIR	GCTCCC	NONE	DIRECT_PAF_ENDPOINT	UNSUPPORTED	SUPPORTED	NONE
HML-2_5p12	NA18948_hap2_hprc_r2_v1.0.1_HML-2_5p12	ONE_SIDED_NO_PAIR	GCTCCC	NONE	DIRECT_PAF_ENDPOINT	UNSUPPORTED	SUPPORTED	NONE
HML-2_5p12	NA18952_hap1_hprc_r2_v1.0.1_HML-2_5p12	ONE_SIDED_NO_PAIR	GCTCCC	NONE	DIRECT_PAF_ENDPOINT	UNSUPPORTED	SUPPORTED	NONE
HML-2_5p12	NA18952_hap2_hprc_r2_v1.0.1_HML-2_5p12	ONE_SIDED_NO_PAIR	GCTCCC	NONE	DIRECT_PAF_ENDPOINT	UNSUPPORTED	SUPPORTED	NONE
HML-2_5p12	NA18959_hap1_hprc_r2_v1.0.1_HML-2_5p12	ONE_SIDED_NO_PAIR	GCTCCC	NONE	DIRECT_PAF_ENDPOINT	UNSUPPORTED	SUPPORTED	NONE
HML-2_5p12	NA18959_hap2_hprc_r2_v1.0.1_HML-2_5p12	ONE_SIDED_NO_PAIR	GCTCCC	NONE	DIRECT_PAF_ENDPOINT	UNSUPPORTED	SUPPORTED	NONE
HML-2_5p12	NA18960_hap1_hprc_r2_v1.0.1_HML-2_5p12	ONE_SIDED_NO_PAIR	GCTCCC	NONE	DIRECT_PAF_ENDPOINT	UNSUPPORTED	SUPPORTED	NONE
HML-2_5p12	NA18960_hap2_hprc_r2_v1.0.1_HML-2_5p12	ONE_SIDED_NO_PAIR	GCTCCC	NONE	DIRECT_PAF_ENDPOINT	UNSUPPORTED	SUPPORTED	NONE
HML-2_5p12	NA18967_hap1_hprc_r2_v1.0.1_HML-2_5p12	ONE_SIDED_NO_PAIR	GCTCCC	NONE	DIRECT_PAF_ENDPOINT	UNSUPPORTED	SUPPORTED	NONE
HML-2_5p12	NA18967_hap2_hprc_r2_v1.0.1_HML-2_5p12	ONE_SIDED_NO_PAIR	GCTCCC	NONE	DIRECT_PAF_ENDPOINT	UNSUPPORTED	SUPPORTED	NONE
HML-2_5p12	NA18970_hap1_hprc_r2_v1.0.1_HML-2_5p12	ONE_SIDED_NO_PAIR	GCTCCC	NONE	DIRECT_PAF_ENDPOINT	UNSUPPORTED	SUPPORTED	NONE
HML-2_5p12	NA18970_hap2_hprc_r2_v1.0.1_HML-2_5p12	ONE_SIDED_NO_PAIR	GCTCCC	NONE	DIRECT_PAF_ENDPOINT	UNSUPPORTED	SUPPORTED	NONE
HML-2_5p12	NA18971_hap1_hprc_r2_v1.0.1_HML-2_5p12	ONE_SIDED_NO_PAIR	GCTCCC	NONE	DIRECT_PAF_ENDPOINT	UNSUPPORTED	SUPPORTED	NONE
HML-2_5p12	NA18971_hap2_hprc_r2_v1.0.1_HML-2_5p12	ONE_SIDED_NO_PAIR	GCTCCC	NONE	DIRECT_PAF_ENDPOINT	UNSUPPORTED	SUPPORTED	NONE
HML-2_5p12	NA18974_hap1_hprc_r2_v1.0.1_HML-2_5p12	ONE_SIDED_NO_PAIR	GCTCCC	NONE	DIRECT_PAF_ENDPOINT	UNSUPPORTED	SUPPORTED	NONE
HML-2_5p12	NA18974_hap2_hprc_r2_v1.0.1_HML-2_5p12	ONE_SIDED_NO_PAIR	GCTCCC	NONE	DIRECT_PAF_ENDPOINT	UNSUPPORTED	SUPPORTED	NONE
HML-2_5p12	NA18976_hap1_hprc_r2_v1.0.1_HML-2_5p12	ONE_SIDED_NO_PAIR	GCTCCC	NONE	DIRECT_PAF_ENDPOINT	UNSUPPORTED	SUPPORTED	NONE
HML-2_5p12	NA18976_hap2_hprc_r2_v1.0.1_HML-2_5p12	ONE_SIDED_NO_PAIR	GCTCCC	NONE	DIRECT_PAF_ENDPOINT	UNSUPPORTED	SUPPORTED	NONE
HML-2_5p12	NA18982_hap1_hprc_r2_v1.0.1_HML-2_5p12	ONE_SIDED_NO_PAIR	GCTCCC	NONE	DIRECT_PAF_ENDPOINT	UNSUPPORTED	SUPPORTED	NONE
HML-2_5p12	NA18982_hap2_hprc_r2_v1.0.1_HML-2_5p12	ONE_SIDED_NO_PAIR	GCTCCC	NONE	DIRECT_PAF_ENDPOINT	UNSUPPORTED	SUPPORTED	NONE
HML-2_5p12	NA18983_hap1_hprc_r2_v1.0.1_HML-2_5p12	ONE_SIDED_NO_PAIR	GCTCCC	NONE	DIRECT_PAF_ENDPOINT	UNSUPPORTED	SUPPORTED	NONE
HML-2_5p12	NA18983_hap2_hprc_r2_v1.0.1_HML-2_5p12	ONE_SIDED_NO_PAIR	GCTCCC	NONE	DIRECT_PAF_ENDPOINT	UNSUPPORTED	SUPPORTED	NONE
HML-2_5p12	NA18989_h1_HML-2_5p12_graph_hgsvc3-2024-02-23-mc-chm13	ONE_SIDED_NO_PAIR	GCTCCC	NONE	DIRECT_PAF_ENDPOINT	UNSUPPORTED	SUPPORTED	NONE
HML-2_5p12	NA18989_h2_HML-2_5p12_graph_hgsvc3-2024-02-23-mc-chm13	ONE_SIDED_NO_PAIR	GCTCCC	NONE	DIRECT_PAF_ENDPOINT	UNSUPPORTED	SUPPORTED	NONE
HML-2_5p12	NA19036_hap1_hprc_r2_v1.0.1_HML-2_5p12	ONE_SIDED_NO_PAIR	GCTCCC	NONE	DIRECT_PAF_ENDPOINT	UNSUPPORTED	SUPPORTED	NONE
HML-2_5p12	NA19036_hap2_hprc_r2_v1.0.1_HML-2_5p12	ONE_SIDED_NO_PAIR	GCTCCC	NONE	DIRECT_PAF_ENDPOINT	UNSUPPORTED	SUPPORTED	NONE
HML-2_5p12	NA19043_hap1_hprc_r2_v1.0.1_HML-2_5p12	ONE_SIDED_NO_PAIR	GCTCCC	NONE	DIRECT_PAF_ENDPOINT	UNSUPPORTED	SUPPORTED	NONE
HML-2_5p12	NA19043_hap2_hprc_r2_v1.0.1_HML-2_5p12	ONE_SIDED_NO_PAIR	GCTCCC	NONE	DIRECT_PAF_ENDPOINT	UNSUPPORTED	SUPPORTED	NONE
HML-2_5p12	NA19087_hap1_hprc_r2_v1.0.1_HML-2_5p12	ONE_SIDED_NO_PAIR	GCTCCC	NONE	DIRECT_PAF_ENDPOINT	UNSUPPORTED	SUPPORTED	NONE
HML-2_5p12	NA19087_hap2_hprc_r2_v1.0.1_HML-2_5p12	ONE_SIDED_NO_PAIR	GCTCCC	NONE	DIRECT_PAF_ENDPOINT	UNSUPPORTED	SUPPORTED	NONE
HML-2_5p12	NA19129_h1_HML-2_5p12_graph_hgsvc3-2024-02-23-mc-chm13	ONE_SIDED_NO_PAIR	GCTCCC	NONE	DIRECT_PAF_ENDPOINT	UNSUPPORTED	SUPPORTED	NONE
HML-2_5p12	NA19129_h2_HML-2_5p12_graph_hgsvc3-2024-02-23-mc-chm13	ONE_SIDED_NO_PAIR	GCTCCC	NONE	DIRECT_PAF_ENDPOINT	UNSUPPORTED	SUPPORTED	NONE
HML-2_5p12	NA19159_hap1_hprc_r2_v1.0.1_HML-2_5p12	ONE_SIDED_NO_PAIR	GCTCCC	NONE	DIRECT_PAF_ENDPOINT	UNSUPPORTED	SUPPORTED	NONE
HML-2_5p12	NA19159_hap2_hprc_r2_v1.0.1_HML-2_5p12	ONE_SIDED_NO_PAIR	GCTCCC	NONE	DIRECT_PAF_ENDPOINT	UNSUPPORTED	SUPPORTED	NONE
HML-2_5p12	NA19185_hap1_hprc_r2_v1.0.1_HML-2_5p12	ONE_SIDED_NO_PAIR	GCTCCC	NONE	DIRECT_PAF_ENDPOINT	UNSUPPORTED	SUPPORTED	NONE
HML-2_5p12	NA19185_hap2_hprc_r2_v1.0.1_HML-2_5p12	ONE_SIDED_NO_PAIR	GCTCCC	NONE	DIRECT_PAF_ENDPOINT	UNSUPPORTED	SUPPORTED	NONE
HML-2_5p12	NA19238_h1_HML-2_5p12_graph_hgsvc3-2024-02-23-mc-chm13	ONE_SIDED_NO_PAIR	GCTCCC	NONE	DIRECT_PAF_ENDPOINT	UNSUPPORTED	SUPPORTED	NONE
HML-2_5p12	NA19238_h2_HML-2_5p12_graph_hgsvc3-2024-02-23-mc-chm13	ONE_SIDED_NO_PAIR	GCTCCC	NONE	DIRECT_PAF_ENDPOINT	UNSUPPORTED	SUPPORTED	NONE
HML-2_5p12	NA19239_h1_HML-2_5p12_graph_hgsvc3-2024-02-23-mc-chm13	ONE_SIDED_NO_PAIR	GCTCCC	NONE	DIRECT_PAF_ENDPOINT	UNSUPPORTED	SUPPORTED	NONE
HML-2_5p12	NA19239_h2_HML-2_5p12_graph_hgsvc3-2024-02-23-mc-chm13	ONE_SIDED_NO_PAIR	GCTCCC	NONE	DIRECT_PAF_ENDPOINT	UNSUPPORTED	SUPPORTED	NONE
HML-2_5p12	NA19240_mat_hprc_r2_v1.0.1_HML-2_5p12	ONE_SIDED_NO_PAIR	GCTCCC	NONE	DIRECT_PAF_ENDPOINT	UNSUPPORTED	SUPPORTED	NONE
HML-2_5p12	NA19240_pat_hprc_r2_v1.0.1_HML-2_5p12	ONE_SIDED_NO_PAIR	GCTCCC	NONE	DIRECT_PAF_ENDPOINT	UNSUPPORTED	SUPPORTED	NONE
HML-2_5p12	NA19317_h2_HML-2_5p12_graph_hgsvc3-2024-02-23-mc-chm13	ONE_SIDED_NO_PAIR	GCTCCC	NONE	DIRECT_PAF_ENDPOINT	UNSUPPORTED	SUPPORTED	NONE
HML-2_5p12	NA19331_h1_HML-2_5p12_graph_hgsvc3-2024-02-23-mc-chm13_DEGRADED_KCON_9692	ONE_SIDED_NO_PAIR	GCTCCC	NONE	DIRECT_PAF_ENDPOINT	UNSUPPORTED	SUPPORTED	NONE
HML-2_5p12	NA19331_h2_HML-2_5p12_graph_hgsvc3-2024-02-23-mc-chm13	ONE_SIDED_NO_PAIR	GCTCCC	NONE	DIRECT_PAF_ENDPOINT	UNSUPPORTED	SUPPORTED	NONE
HML-2_5p12	NA19338_hap1_hprc_r2_v1.0.1_HML-2_5p12	ONE_SIDED_NO_PAIR	GCTCCC	NONE	DIRECT_PAF_ENDPOINT	UNSUPPORTED	SUPPORTED	NONE
HML-2_5p12	NA19338_hap2_hprc_r2_v1.0.1_HML-2_5p12	ONE_SIDED_NO_PAIR	GCTCCC	NONE	DIRECT_PAF_ENDPOINT	UNSUPPORTED	SUPPORTED	NONE
HML-2_5p12	NA19347_h2_HML-2_5p12_graph_hgsvc3-2024-02-23-mc-chm13	ONE_SIDED_NO_PAIR	GCTCCC	NONE	DIRECT_PAF_ENDPOINT	UNSUPPORTED	SUPPORTED	NONE
HML-2_5p12	NA19384_h1_HML-2_5p12_graph_hgsvc3-2024-02-23-mc-chm13	ONE_SIDED_NO_PAIR	GCTCCC	NONE	DIRECT_PAF_ENDPOINT	UNSUPPORTED	SUPPORTED	NONE
HML-2_5p12	NA19384_h2_HML-2_5p12_graph_hgsvc3-2024-02-23-mc-chm13	ONE_SIDED_NO_PAIR	GCTCCC	NONE	DIRECT_PAF_ENDPOINT	UNSUPPORTED	SUPPORTED	NONE
HML-2_5p12	NA19391_hap1_hprc_r2_v1.0.1_HML-2_5p12	ONE_SIDED_NO_PAIR	GCTCCC	NONE	DIRECT_PAF_ENDPOINT	UNSUPPORTED	SUPPORTED	NONE
HML-2_5p12	NA19391_hap2_hprc_r2_v1.0.1_HML-2_5p12	ONE_SIDED_NO_PAIR	GCTCCC	NONE	DIRECT_PAF_ENDPOINT	UNSUPPORTED	SUPPORTED	NONE
HML-2_5p12	NA19434_h1_HML-2_5p12_graph_hgsvc3-2024-02-23-mc-chm13	ONE_SIDED_NO_PAIR	GCTCCC	NONE	DIRECT_PAF_ENDPOINT	UNSUPPORTED	SUPPORTED	NONE
HML-2_5p12	NA19434_h2_HML-2_5p12_graph_hgsvc3-2024-02-23-mc-chm13	ONE_SIDED_NO_PAIR	GCTCCC	NONE	DIRECT_PAF_ENDPOINT	UNSUPPORTED	SUPPORTED	NONE
HML-2_5p12	NA19443_hap1_hprc_r2_v1.0.1_HML-2_5p12	ONE_SIDED_NO_PAIR	GCTCCC	NONE	DIRECT_PAF_ENDPOINT	UNSUPPORTED	SUPPORTED	NONE
HML-2_5p12	NA19443_hap2_hprc_r2_v1.0.1_HML-2_5p12	ONE_SIDED_NO_PAIR	GCTCCC	NONE	DIRECT_PAF_ENDPOINT	UNSUPPORTED	SUPPORTED	NONE
HML-2_5p12	NA19468_hap1_hprc_r2_v1.0.1_HML-2_5p12	ONE_SIDED_NO_PAIR	GCTCCC	NONE	DIRECT_PAF_ENDPOINT	UNSUPPORTED	SUPPORTED	NONE
HML-2_5p12	NA19468_hap2_hprc_r2_v1.0.1_HML-2_5p12	ONE_SIDED_NO_PAIR	GCTCCC	NONE	DIRECT_PAF_ENDPOINT	UNSUPPORTED	SUPPORTED	NONE
HML-2_5p12	NA19650_h1_HML-2_5p12_graph_hgsvc3-2024-02-23-mc-chm13	ONE_SIDED_NO_PAIR	GCTCCC	NONE	DIRECT_PAF_ENDPOINT	UNSUPPORTED	SUPPORTED	NONE
HML-2_5p12	NA19650_h2_HML-2_5p12_graph_hgsvc3-2024-02-23-mc-chm13	ONE_SIDED_NO_PAIR	GCTCCC	NONE	DIRECT_PAF_ENDPOINT	UNSUPPORTED	SUPPORTED	NONE
HML-2_5p12	NA19682_hap1_hprc_r2_v1.0.1_HML-2_5p12	ONE_SIDED_NO_PAIR	GCTCCC	NONE	DIRECT_PAF_ENDPOINT	UNSUPPORTED	SUPPORTED	NONE
HML-2_5p12	NA19682_hap2_hprc_r2_v1.0.1_HML-2_5p12	ONE_SIDED_NO_PAIR	GCTCCC	NONE	DIRECT_PAF_ENDPOINT	UNSUPPORTED	SUPPORTED	NONE
HML-2_5p12	NA19700_hap1_hprc_r2_v1.0.1_HML-2_5p12	ONE_SIDED_NO_PAIR	GCTCCC	NONE	DIRECT_PAF_ENDPOINT	UNSUPPORTED	SUPPORTED	NONE
HML-2_5p12	NA19700_hap2_hprc_r2_v1.0.1_HML-2_5p12	ONE_SIDED_NO_PAIR	GCTCCC	NONE	DIRECT_PAF_ENDPOINT	UNSUPPORTED	SUPPORTED	NONE
HML-2_5p12	NA19705_h1_HML-2_5p12_graph_hgsvc3-2024-02-23-mc-chm13	ONE_SIDED_NO_PAIR	GCTCCC	NONE	DIRECT_PAF_ENDPOINT	UNSUPPORTED	SUPPORTED	NONE
HML-2_5p12	NA19705_h2_HML-2_5p12_graph_hgsvc3-2024-02-23-mc-chm13	ONE_SIDED_NO_PAIR	GCTCCC	NONE	DIRECT_PAF_ENDPOINT	UNSUPPORTED	SUPPORTED	NONE
HML-2_5p12	NA19776_hap1_hprc_r2_v1.0.1_HML-2_5p12	ONE_SIDED_NO_PAIR	GCTCCC	NONE	DIRECT_PAF_ENDPOINT	UNSUPPORTED	SUPPORTED	NONE
HML-2_5p12	NA19776_hap2_hprc_r2_v1.0.1_HML-2_5p12	ONE_SIDED_NO_PAIR	GCTCCC	NONE	DIRECT_PAF_ENDPOINT	UNSUPPORTED	SUPPORTED	NONE
HML-2_5p12	NA19835_hap1_hprc_r2_v1.0.1_HML-2_5p12	ONE_SIDED_NO_PAIR	GCTCCC	NONE	DIRECT_PAF_ENDPOINT	UNSUPPORTED	SUPPORTED	NONE
HML-2_5p12	NA19835_hap2_hprc_r2_v1.0.1_HML-2_5p12	ONE_SIDED_NO_PAIR	GCTCCC	NONE	DIRECT_PAF_ENDPOINT	UNSUPPORTED	SUPPORTED	NONE
HML-2_5p12	NA19836_h1_HML-2_5p12_graph_hgsvc3-2024-02-23-mc-chm13	ONE_SIDED_NO_PAIR	GCTCCC	NONE	DIRECT_PAF_ENDPOINT	UNSUPPORTED	SUPPORTED	NONE
HML-2_5p12	NA19836_h2_HML-2_5p12_graph_hgsvc3-2024-02-23-mc-chm13	ONE_SIDED_NO_PAIR	GCTCCC	NONE	DIRECT_PAF_ENDPOINT	UNSUPPORTED	SUPPORTED	NONE
HML-2_5p12	NA19909_hap1_hprc_r2_v1.0.1_HML-2_5p12	ONE_SIDED_NO_PAIR	GCTCCC	NONE	DIRECT_PAF_ENDPOINT	UNSUPPORTED	SUPPORTED	NONE
HML-2_5p12	NA19909_hap2_hprc_r2_v1.0.1_HML-2_5p12	ONE_SIDED_NO_PAIR	GCTCCC	NONE	DIRECT_PAF_ENDPOINT	UNSUPPORTED	SUPPORTED	NONE
HML-2_5p12	NA19983_h1_HML-2_5p12_graph_hgsvc3-2024-02-23-mc-chm13	ONE_SIDED_NO_PAIR	GCTCCC	NONE	DIRECT_PAF_ENDPOINT	UNSUPPORTED	SUPPORTED	NONE
HML-2_5p12	NA19983_h2_HML-2_5p12_graph_hgsvc3-2024-02-23-mc-chm13	ONE_SIDED_NO_PAIR	GCTCCC	NONE	DIRECT_PAF_ENDPOINT	UNSUPPORTED	SUPPORTED	NONE
HML-2_5p12	NA20129_mat_hprc_r2_v1.0.1_HML-2_5p12	ONE_SIDED_NO_PAIR	GCTCCC	NONE	DIRECT_PAF_ENDPOINT	UNSUPPORTED	SUPPORTED	NONE
HML-2_5p12	NA20129_pat_hprc_r2_v1.0.1_HML-2_5p12	ONE_SIDED_NO_PAIR	GCTCCC	NONE	DIRECT_PAF_ENDPOINT	UNSUPPORTED	SUPPORTED	NONE
HML-2_5p12	NA20282_hap1_hprc_r2_v1.0.1_HML-2_5p12	ONE_SIDED_NO_PAIR	GCTCCC	NONE	DIRECT_PAF_ENDPOINT	UNSUPPORTED	SUPPORTED	NONE
HML-2_5p12	NA20282_hap2_hprc_r2_v1.0.1_HML-2_5p12	ONE_SIDED_NO_PAIR	GCTCCC	NONE	DIRECT_PAF_ENDPOINT	UNSUPPORTED	SUPPORTED	NONE
HML-2_5p12	NA20346_hap1_hprc_r2_v1.0.1_HML-2_5p12	ONE_SIDED_NO_PAIR	GCTCCC	NONE	DIRECT_PAF_ENDPOINT	UNSUPPORTED	SUPPORTED	NONE
HML-2_5p12	NA20346_hap2_hprc_r2_v1.0.1_HML-2_5p12	ONE_SIDED_NO_PAIR	GCTCCC	NONE	DIRECT_PAF_ENDPOINT	UNSUPPORTED	SUPPORTED	NONE
HML-2_5p12	NA20355_h1_HML-2_5p12_graph_hgsvc3-2024-02-23-mc-chm13	ONE_SIDED_NO_PAIR	GCTCCC	NONE	DIRECT_PAF_ENDPOINT	UNSUPPORTED	SUPPORTED	NONE
HML-2_5p12	NA20355_h2_HML-2_5p12_graph_hgsvc3-2024-02-23-mc-chm13	ONE_SIDED_NO_PAIR	GCTCCC	NONE	DIRECT_PAF_ENDPOINT	UNSUPPORTED	SUPPORTED	NONE
HML-2_5p12	NA20503_hap1_hprc_r2_v1.0.1_HML-2_5p12	ONE_SIDED_NO_PAIR	GCTCCC	NONE	DIRECT_PAF_ENDPOINT	UNSUPPORTED	SUPPORTED	NONE
HML-2_5p12	NA20503_hap2_hprc_r2_v1.0.1_HML-2_5p12	ONE_SIDED_NO_PAIR	GCTCCC	NONE	DIRECT_PAF_ENDPOINT	UNSUPPORTED	SUPPORTED	NONE
HML-2_5p12	NA20509_h1_HML-2_5p12_graph_hgsvc3-2024-02-23-mc-chm13	ONE_SIDED_NO_PAIR	GCTCCC	NONE	DIRECT_PAF_ENDPOINT	UNSUPPORTED	SUPPORTED	NONE
HML-2_5p12	NA20509_h2_HML-2_5p12_graph_hgsvc3-2024-02-23-mc-chm13	ONE_SIDED_NO_PAIR	GCTCCC	NONE	DIRECT_PAF_ENDPOINT	UNSUPPORTED	SUPPORTED	NONE
HML-2_5p12	NA20752_hap1_hprc_r2_v1.0.1_HML-2_5p12	ONE_SIDED_NO_PAIR	GCTCCC	NONE	DIRECT_PAF_ENDPOINT	UNSUPPORTED	SUPPORTED	NONE
HML-2_5p12	NA20752_hap2_hprc_r2_v1.0.1_HML-2_5p12	ONE_SIDED_NO_PAIR	GCTCCC	NONE	DIRECT_PAF_ENDPOINT	UNSUPPORTED	SUPPORTED	NONE
HML-2_5p12	NA20762_hap1_hprc_r2_v1.0.1_HML-2_5p12	ONE_SIDED_NO_PAIR	GCTCCC	NONE	DIRECT_PAF_ENDPOINT	UNSUPPORTED	SUPPORTED	NONE
HML-2_5p12	NA20762_hap2_hprc_r2_v1.0.1_HML-2_5p12	ONE_SIDED_NO_PAIR	GCTCCC	NONE	DIRECT_PAF_ENDPOINT	UNSUPPORTED	SUPPORTED	NONE
HML-2_5p12	NA20799_hap1_hprc_r2_v1.0.1_HML-2_5p12	ONE_SIDED_NO_PAIR	GCTCCC	NONE	DIRECT_PAF_ENDPOINT	UNSUPPORTED	SUPPORTED	NONE
HML-2_5p12	NA20799_hap2_hprc_r2_v1.0.1_HML-2_5p12	ONE_SIDED_NO_PAIR	GCTCCC	NONE	DIRECT_PAF_ENDPOINT	UNSUPPORTED	SUPPORTED	NONE
HML-2_5p12	NA20805_hap1_hprc_r2_v1.0.1_HML-2_5p12	ONE_SIDED_NO_PAIR	GCTCCC	NONE	DIRECT_PAF_ENDPOINT	UNSUPPORTED	SUPPORTED	NONE
HML-2_5p12	NA20805_hap2_hprc_r2_v1.0.1_HML-2_5p12	ONE_SIDED_NO_PAIR	GCTCCC	NONE	DIRECT_PAF_ENDPOINT	UNSUPPORTED	SUPPORTED	NONE
HML-2_5p12	NA20806_hap1_hprc_r2_v1.0.1_HML-2_5p12	ONE_SIDED_NO_PAIR	GCTCCC	NONE	DIRECT_PAF_ENDPOINT	UNSUPPORTED	SUPPORTED	NONE
HML-2_5p12	NA20806_hap2_hprc_r2_v1.0.1_HML-2_5p12	ONE_SIDED_NO_PAIR	GCTCCC	NONE	DIRECT_PAF_ENDPOINT	UNSUPPORTED	SUPPORTED	NONE
HML-2_5p12	NA20809_hap1_hprc_r2_v1.0.1_HML-2_5p12	ONE_SIDED_NO_PAIR	GCTCCC	NONE	DIRECT_PAF_ENDPOINT	UNSUPPORTED	SUPPORTED	NONE
HML-2_5p12	NA20809_hap2_hprc_r2_v1.0.1_HML-2_5p12	ONE_SIDED_NO_PAIR	GCTCCC	NONE	DIRECT_PAF_ENDPOINT	UNSUPPORTED	SUPPORTED	NONE
HML-2_5p12	NA20827_hap1_hprc_r2_v1.0.1_HML-2_5p12	ONE_SIDED_NO_PAIR	GCTCCC	NONE	DIRECT_PAF_ENDPOINT	UNSUPPORTED	SUPPORTED	NONE
HML-2_5p12	NA20827_hap2_hprc_r2_v1.0.1_HML-2_5p12	ONE_SIDED_NO_PAIR	GCTCCC	NONE	DIRECT_PAF_ENDPOINT	UNSUPPORTED	SUPPORTED	NONE
HML-2_5p12	NA20847_h1_HML-2_5p12_graph_hgsvc3-2024-02-23-mc-chm13	ONE_SIDED_NO_PAIR	GCTCCC	NONE	DIRECT_PAF_ENDPOINT	UNSUPPORTED	SUPPORTED	NONE
HML-2_5p12	NA20847_h2_HML-2_5p12_graph_hgsvc3-2024-02-23-mc-chm13	ONE_SIDED_NO_PAIR	GCTCCC	NONE	DIRECT_PAF_ENDPOINT	UNSUPPORTED	SUPPORTED	NONE
HML-2_5p12	NA20850_hap1_hprc_r2_v1.0.1_HML-2_5p12	ONE_SIDED_NO_PAIR	GCTCCC	NONE	DIRECT_PAF_ENDPOINT	UNSUPPORTED	SUPPORTED	NONE
HML-2_5p12	NA20850_hap2_hprc_r2_v1.0.1_HML-2_5p12	ONE_SIDED_NO_PAIR	GCTCCC	NONE	DIRECT_PAF_ENDPOINT	UNSUPPORTED	SUPPORTED	NONE
HML-2_5p12	NA20870_hap1_hprc_r2_v1.0.1_HML-2_5p12	ONE_SIDED_NO_PAIR	GCTCCC	NONE	DIRECT_PAF_ENDPOINT	UNSUPPORTED	SUPPORTED	NONE
HML-2_5p12	NA20870_hap2_hprc_r2_v1.0.1_HML-2_5p12	ONE_SIDED_NO_PAIR	GCTCCC	NONE	DIRECT_PAF_ENDPOINT	UNSUPPORTED	SUPPORTED	NONE
HML-2_5p12	NA20905_hap1_hprc_r2_v1.0.1_HML-2_5p12	ONE_SIDED_NO_PAIR	GCTCCC	NONE	DIRECT_PAF_ENDPOINT	UNSUPPORTED	SUPPORTED	NONE
HML-2_5p12	NA20905_hap2_hprc_r2_v1.0.1_HML-2_5p12	ONE_SIDED_NO_PAIR	GCTCCC	NONE	DIRECT_PAF_ENDPOINT	UNSUPPORTED	SUPPORTED	NONE
HML-2_5p12	NA21093_hap1_hprc_r2_v1.0.1_HML-2_5p12	ONE_SIDED_NO_PAIR	GCTCCC	NONE	DIRECT_PAF_ENDPOINT	UNSUPPORTED	SUPPORTED	NONE
HML-2_5p12	NA21093_hap2_hprc_r2_v1.0.1_HML-2_5p12	ONE_SIDED_NO_PAIR	GCTCCC	NONE	DIRECT_PAF_ENDPOINT	UNSUPPORTED	SUPPORTED	NONE
HML-2_5p12	NA21102_hap1_hprc_r2_v1.0.1_HML-2_5p12	ONE_SIDED_NO_PAIR	GCTCCC	NONE	DIRECT_PAF_ENDPOINT	UNSUPPORTED	SUPPORTED	NONE
HML-2_5p12	NA21102_hap2_hprc_r2_v1.0.1_HML-2_5p12	ONE_SIDED_NO_PAIR	GCTCCC	NONE	DIRECT_PAF_ENDPOINT	UNSUPPORTED	SUPPORTED	NONE
HML-2_5p12	NA21106_hap1_hprc_r2_v1.0.1_HML-2_5p12	ONE_SIDED_NO_PAIR	GCTCCC	NONE	DIRECT_PAF_ENDPOINT	UNSUPPORTED	SUPPORTED	NONE
HML-2_5p12	NA21106_hap2_hprc_r2_v1.0.1_HML-2_5p12	ONE_SIDED_NO_PAIR	GCTCCC	NONE	DIRECT_PAF_ENDPOINT	UNSUPPORTED	SUPPORTED	NONE
HML-2_5p12	NA21110_hap1_hprc_r2_v1.0.1_HML-2_5p12	ONE_SIDED_NO_PAIR	GCTCCC	NONE	DIRECT_PAF_ENDPOINT	UNSUPPORTED	SUPPORTED	NONE
HML-2_5p12	NA21110_hap2_hprc_r2_v1.0.1_HML-2_5p12	ONE_SIDED_NO_PAIR	GCTCCC	NONE	DIRECT_PAF_ENDPOINT	UNSUPPORTED	SUPPORTED	NONE
HML-2_5p12	NA21144_hap1_hprc_r2_v1.0.1_HML-2_5p12	ONE_SIDED_NO_PAIR	GCTCCC	NONE	DIRECT_PAF_ENDPOINT	UNSUPPORTED	SUPPORTED	NONE
HML-2_5p12	NA21144_hap2_hprc_r2_v1.0.1_HML-2_5p12	ONE_SIDED_NO_PAIR	GCTCCC	NONE	DIRECT_PAF_ENDPOINT	UNSUPPORTED	SUPPORTED	NONE
HML-2_5p12	NA21309_mat_hprc_r2_v1.0.1_HML-2_5p12	ONE_SIDED_NO_PAIR	GCTCCC	NONE	DIRECT_PAF_ENDPOINT	UNSUPPORTED	SUPPORTED	NONE
HML-2_5p12	NA21309_pat_hprc_r2_v1.0.1_HML-2_5p12	ONE_SIDED_NO_PAIR	GCTCCC	NONE	DIRECT_PAF_ENDPOINT	UNSUPPORTED	SUPPORTED	NONE
HML-2_5p12	NA21487_h1_HML-2_5p12_graph_hgsvc3-2024-02-23-mc-chm13	ONE_SIDED_NO_PAIR	GCTCCC	NONE	DIRECT_PAF_ENDPOINT	UNSUPPORTED	SUPPORTED	NONE
HML-2_5p12	NA21487_h2_HML-2_5p12_graph_hgsvc3-2024-02-23-mc-chm13	ONE_SIDED_NO_PAIR	GCTCCC	NONE	DIRECT_PAF_ENDPOINT	UNSUPPORTED	SUPPORTED	NONE
HML-2_5p12	NA24385_h1_HML-2_5p12_graph_hgsvc3-2024-02-23-mc-chm13	ONE_SIDED_NO_PAIR	GCTCCC	NONE	DIRECT_PAF_ENDPOINT	UNSUPPORTED	SUPPORTED	NONE
HML-2_5p12	NA24385_h2_HML-2_5p12_graph_hgsvc3-2024-02-23-mc-chm13	ONE_SIDED_NO_PAIR	GCTCCC	NONE	DIRECT_PAF_ENDPOINT	UNSUPPORTED	SUPPORTED	NONE
HML-2_5p12	chm13v2.0_maskedY_rCRS.fa.PanSN_HML-2_5p12	ONE_SIDED_NO_PAIR	GCTCCC	NONE	DIRECT_PAF_ENDPOINT	UNSUPPORTED	SUPPORTED	NONE
HML-2_5p12	hg002v1.1.mat_MT.PanSN_HML-2_5p12	ONE_SIDED_NO_PAIR	GCTCCC	NONE	DIRECT_PAF_ENDPOINT	UNSUPPORTED	SUPPORTED	NONE
HML-2_5p12	hg002v1.1.pat.PanSN_HML-2_5p12	ONE_SIDED_NO_PAIR	GCTCCC	NONE	DIRECT_PAF_ENDPOINT	UNSUPPORTED	SUPPORTED	NONE
HML-2_8p23.1a_hg38	GCA_000001405.15_GRCh38_no_alt_analysis_set.PanSN_HML-2_8p23.1a_hg38	PAIRED_ACCEPTED	ACCTTT	CCTTTT	DIRECT_PAF_ENDPOINT	DIRECT_PAF_ENDPOINT	SUPPORTED	NONE
HML-2_8p23.1a_hg38	HG00741_pat_hprc_r2_v1.0.1_HML-2_8p23.1a_hg38	PAIRED_ACCEPTED	ACCTTT	CCTTTT	DIRECT_PAF_ENDPOINT	DIRECT_PAF_ENDPOINT	SUPPORTED	NONE
HML-2_8p23.1a_hg38	HG01891_mat_hprc_r2_v1.0.1_HML-2_8p23.1a_hg38	PAIRED_ACCEPTED	ACCTTT	CCTTTT	DIRECT_PAF_ENDPOINT	DIRECT_PAF_ENDPOINT	SUPPORTED	NONE
HML-2_8p23.1a_hg38	HG02015_pat_hprc_r2_v1.0.1_HML-2_8p23.1a_hg38	PAIRED_ACCEPTED	ACCTTT	CCTTTT	DIRECT_PAF_ENDPOINT	DIRECT_PAF_ENDPOINT	SUPPORTED	NONE
HML-2_8p23.1a_hg38	HG02258_pat_hprc_r2_v1.0.1_HML-2_8p23.1a_hg38	PAIRED_ACCEPTED	ACCTTT	CCTTTT	DIRECT_PAF_ENDPOINT	DIRECT_PAF_ENDPOINT	SUPPORTED	NONE
HML-2_8p23.1a_hg38	HG02282_h2_HML-2_8p23.1a_hg38_graph_hgsvc3-2024-02-23-mc-chm13	PAIRED_ACCEPTED	ACCTTT	CCTTTT	DIRECT_PAF_ENDPOINT	DIRECT_PAF_ENDPOINT	SUPPORTED	NONE
HML-2_8p23.1a_hg38	HG02492_h2_HML-2_8p23.1a_hg38_graph_hgsvc3-2024-02-23-mc-chm13	PAIRED_ACCEPTED	ACCTTT	CCTTTT	DIRECT_PAF_ENDPOINT	DIRECT_PAF_ENDPOINT	SUPPORTED	NONE
HML-2_8p23.1a_hg38	HG02514_pat_hprc_r2_v1.0.1_HML-2_8p23.1a_hg38	PAIRED_ACCEPTED	ACCTTT	CCTTTT	DIRECT_PAF_ENDPOINT	DIRECT_PAF_ENDPOINT	SUPPORTED	NONE
HML-2_8p23.1a_hg38	HG02717_mat_hprc_r2_v1.0.1_HML-2_8p23.1a_hg38	PAIRED_ACCEPTED	ACCTTT	CCTTTT	DIRECT_PAF_ENDPOINT	DIRECT_PAF_ENDPOINT	SUPPORTED	NONE
HML-2_8p23.1a_hg38	HG02922_hap2_hprc_r2_v1.0.1_HML-2_8p23.1a_hg38	PAIRED_ACCEPTED	ACCTTT	CCTTTT	DIRECT_PAF_ENDPOINT	DIRECT_PAF_ENDPOINT	SUPPORTED	NONE
HML-2_8p23.1a_hg38	HG02965_hap2_hprc_r2_v1.0.1_HML-2_8p23.1a_hg38	PAIRED_ACCEPTED	ACCTTT	CCTTTT	DIRECT_PAF_ENDPOINT	DIRECT_PAF_ENDPOINT	SUPPORTED	NONE
HML-2_8p23.1a_hg38	HG03050_mat_hprc_r2_v1.0.1_HML-2_8p23.1a_hg38	PAIRED_ACCEPTED	ACCTTT	CCTTTT	DIRECT_PAF_ENDPOINT	DIRECT_PAF_ENDPOINT	SUPPORTED	NONE
HML-2_8p23.1a_hg38	HG03130_hap1_hprc_r2_v1.0.1_HML-2_8p23.1a_hg38	PAIRED_ACCEPTED	ACCTTT	CCTTTT	DIRECT_PAF_ENDPOINT	DIRECT_PAF_ENDPOINT	SUPPORTED	NONE
HML-2_8p23.1a_hg38	HG03209_hap1_hprc_r2_v1.0.1_HML-2_8p23.1a_hg38	PAIRED_ACCEPTED	ACCTTT	CCTTTT	DIRECT_PAF_ENDPOINT	DIRECT_PAF_ENDPOINT	SUPPORTED	NONE
HML-2_8p23.1a_hg38	HG03452_h1_HML-2_8p23.1a_hg38_graph_hgsvc3-2024-02-23-mc-chm13	PAIRED_ACCEPTED	ACCTTT	CCTTTT	DIRECT_PAF_ENDPOINT	DIRECT_PAF_ENDPOINT	SUPPORTED	NONE
HML-2_8p23.1a_hg38	HG03471_hap1_hprc_r2_v1.0.1_HML-2_8p23.1a_hg38	PAIRED_ACCEPTED	ACCTTT	CCTTTT	DIRECT_PAF_ENDPOINT	DIRECT_PAF_ENDPOINT	SUPPORTED	NONE
HML-2_8p23.1a_hg38	HG03486_pat_hprc_r2_v1.0.1_HML-2_8p23.1a_hg38	PAIRED_ACCEPTED	ACCTTT	CCTTTT	DIRECT_PAF_ENDPOINT	DIRECT_PAF_ENDPOINT	SUPPORTED	NONE
HML-2_8p23.1a_hg38	HG03579_mat_hprc_r2_v1.0.1_HML-2_8p23.1a_hg38	PAIRED_ACCEPTED	ACCTTT	CCTTTT	DIRECT_PAF_ENDPOINT	DIRECT_PAF_ENDPOINT	SUPPORTED	NONE
HML-2_8p23.1a_hg38	HG03654_mat_hprc_r2_v1.0.1_HML-2_8p23.1a_hg38	PAIRED_ACCEPTED	ACCTTT	CCTTTT	DIRECT_PAF_ENDPOINT	DIRECT_PAF_ENDPOINT	SUPPORTED	NONE
HML-2_8p23.1a_hg38	HG03704_pat_hprc_r2_v1.0.1_HML-2_8p23.1a_hg38	PAIRED_ACCEPTED	ACCTTT	CCTTTT	DIRECT_PAF_ENDPOINT	DIRECT_PAF_ENDPOINT	SUPPORTED	NONE
HML-2_8p23.1a_hg38	HG03927_mat_hprc_r2_v1.0.1_HML-2_8p23.1a_hg38	PAIRED_ACCEPTED	ACCTTT	CCTTTT	DIRECT_PAF_ENDPOINT	DIRECT_PAF_ENDPOINT	SUPPORTED	NONE
HML-2_8p23.1a_hg38	HG04157_pat_hprc_r2_v1.0.1_HML-2_8p23.1a_hg38	PAIRED_ACCEPTED	ACCTTT	CCTTTT	DIRECT_PAF_ENDPOINT	DIRECT_PAF_ENDPOINT	SUPPORTED	NONE
HML-2_8p23.1a_hg38	HG04187_pat_hprc_r2_v1.0.1_HML-2_8p23.1a_hg38	PAIRED_ACCEPTED	ACCTTT	CCTTTT	DIRECT_PAF_ENDPOINT	DIRECT_PAF_ENDPOINT	SUPPORTED	NONE
HML-2_8p23.1a_hg38	HG04204_mat_hprc_r2_v1.0.1_HML-2_8p23.1a_hg38	PAIRED_ACCEPTED	ACCTTT	CCTTTT	DIRECT_PAF_ENDPOINT	DIRECT_PAF_ENDPOINT	SUPPORTED	NONE
HML-2_8p23.1a_hg38	NA18608_hap1_hprc_r2_v1.0.1_HML-2_8p23.1a_hg38	PAIRED_ACCEPTED	ACCTTT	CCTTTT	DIRECT_PAF_ENDPOINT	DIRECT_PAF_ENDPOINT	SUPPORTED	NONE
HML-2_8p23.1a_hg38	NA18960_hap1_hprc_r2_v1.0.1_HML-2_8p23.1a_hg38	PAIRED_ACCEPTED	ACCTTT	CCTTTT	DIRECT_PAF_ENDPOINT	DIRECT_PAF_ENDPOINT	SUPPORTED	NONE
HML-2_8p23.1a_hg38	NA18989_h2_HML-2_8p23.1a_hg38_graph_hgsvc3-2024-02-23-mc-chm13	PAIRED_ACCEPTED	ACCTTT	CCTTTT	DIRECT_PAF_ENDPOINT	DIRECT_PAF_ENDPOINT	SUPPORTED	NONE
HML-2_8p23.1a_hg38	NA19036_hap1_hprc_r2_v1.0.1_HML-2_8p23.1a_hg38	PAIRED_ACCEPTED	ACCTTT	CCTTTT	DIRECT_PAF_ENDPOINT	DIRECT_PAF_ENDPOINT	SUPPORTED	NONE
HML-2_8p23.1a_hg38	NA19043_hap1_hprc_r2_v1.0.1_HML-2_8p23.1a_hg38	PAIRED_ACCEPTED	ACCTTT	CCTTTT	DIRECT_PAF_ENDPOINT	DIRECT_PAF_ENDPOINT	SUPPORTED	NONE
HML-2_8p23.1a_hg38	NA19043_hap2_hprc_r2_v1.0.1_HML-2_8p23.1a_hg38	PAIRED_ACCEPTED	ACCTTT	CCTTTT	DIRECT_PAF_ENDPOINT	DIRECT_PAF_ENDPOINT	SUPPORTED	NONE
HML-2_8p23.1a_hg38	NA19238_h2_HML-2_8p23.1a_hg38_graph_hgsvc3-2024-02-23-mc-chm13	PAIRED_ACCEPTED	ACCTTT	CCTTTT	DIRECT_PAF_ENDPOINT	DIRECT_PAF_ENDPOINT	SUPPORTED	NONE
HML-2_8p23.1a_hg38	NA19240_mat_hprc_r2_v1.0.1_HML-2_8p23.1a_hg38	PAIRED_ACCEPTED	ACCTTT	CCTTTT	DIRECT_PAF_ENDPOINT	DIRECT_PAF_ENDPOINT	SUPPORTED	NONE
HML-2_8p23.1a_hg38	NA19317_h2_HML-2_8p23.1a_hg38_graph_hgsvc3-2024-02-23-mc-chm13	PAIRED_ACCEPTED	ACCTTT	CCTTTT	DIRECT_PAF_ENDPOINT	DIRECT_PAF_ENDPOINT	SUPPORTED	NONE
HML-2_8p23.1a_hg38	NA19434_h1_HML-2_8p23.1a_hg38_graph_hgsvc3-2024-02-23-mc-chm13	PAIRED_ACCEPTED	ACCTTT	CCTTTT	DIRECT_PAF_ENDPOINT	DIRECT_PAF_ENDPOINT	SUPPORTED	NONE
HML-2_8p23.1a_hg38	NA19443_hap1_hprc_r2_v1.0.1_HML-2_8p23.1a_hg38	PAIRED_ACCEPTED	ACCTTT	CCTTTT	DIRECT_PAF_ENDPOINT	DIRECT_PAF_ENDPOINT	SUPPORTED	NONE
HML-2_8p23.1a_hg38	NA19443_hap2_hprc_r2_v1.0.1_HML-2_8p23.1a_hg38	PAIRED_ACCEPTED	ACCTTT	CCTTTT	DIRECT_PAF_ENDPOINT	DIRECT_PAF_ENDPOINT	SUPPORTED	NONE
HML-2_8p23.1a_hg38	NA19705_h1_HML-2_8p23.1a_hg38_graph_hgsvc3-2024-02-23-mc-chm13	PAIRED_ACCEPTED	ACCTTT	CCTTTT	DIRECT_PAF_ENDPOINT	DIRECT_PAF_ENDPOINT	SUPPORTED	NONE
HML-2_8p23.1a_hg38	NA19705_h2_HML-2_8p23.1a_hg38_graph_hgsvc3-2024-02-23-mc-chm13	PAIRED_ACCEPTED	ACCTTT	CCTTTT	DIRECT_PAF_ENDPOINT	DIRECT_PAF_ENDPOINT	SUPPORTED	NONE
HML-2_8p23.1a_hg38	NA19835_hap1_hprc_r2_v1.0.1_HML-2_8p23.1a_hg38	PAIRED_ACCEPTED	ACCTTT	CCTTTT	DIRECT_PAF_ENDPOINT	DIRECT_PAF_ENDPOINT	SUPPORTED	NONE
HML-2_8p23.1a_hg38	NA19836_h2_HML-2_8p23.1a_hg38_graph_hgsvc3-2024-02-23-mc-chm13	PAIRED_ACCEPTED	ACCTTT	CCTTTT	DIRECT_PAF_ENDPOINT	DIRECT_PAF_ENDPOINT	SUPPORTED	NONE
HML-2_8p23.1a_hg38	NA19909_hap1_hprc_r2_v1.0.1_HML-2_8p23.1a_hg38	PAIRED_ACCEPTED	ACCTTT	CCTTTT	DIRECT_PAF_ENDPOINT	DIRECT_PAF_ENDPOINT	SUPPORTED	NONE
HML-2_8p23.1a_hg38	NA20129_mat_hprc_r2_v1.0.1_HML-2_8p23.1a_hg38	PAIRED_ACCEPTED	ACCTTT	CCTTTT	DIRECT_PAF_ENDPOINT	DIRECT_PAF_ENDPOINT	SUPPORTED	NONE
HML-2_8p23.1a_hg38	NA20129_pat_hprc_r2_v1.0.1_HML-2_8p23.1a_hg38	PAIRED_ACCEPTED	ACCTTT	CCTTTT	DIRECT_PAF_ENDPOINT	DIRECT_PAF_ENDPOINT	SUPPORTED	NONE
