Locus	ID_Full	orig_Locus	ID	Haplotype	Source_Identifier	stable_source_identity_v3	analysis_include	manuscript_public_panel	catalog_5prime_TSD	catalog_3prime_TSD	boundary_join	boundary_source_locus	boundary_5prime_sequence	boundary_3prime_sequence	pair_admission	mismatch_count	boundary_presence_call	boundary_observation_state	catalog_observation_state	superpopulation	length_robust_candidate_difference	length_ambiguous_difference	candidate_length_comparisons
HML-2_11p15.4	HG02492_h2_HML-2_11p15.4_technical_error	HML-2_11p15.4	HG02492	h2	Validator_Script	HML-2_11p15.4|HG02492|h2|none|historical_source/cluster/HML2_project_graph/extracted_sequences/hgsvc3-2024-02-23-mc-chm13/HML-2_11p15.4/HG02492_h2_HML-2_11p15.4_graph_hgsvc3-2024-02-23-mc-chm13.fa|fea334ea22b3c20be22f0543559827cee59464991ed9e29d88c291a3fe54ddb5	1	1	NA	NA	NO_EXACT_RETAINED_RECORD				NOT_ASSESSED_NO_EXACT_RETAINED_RECORD				NONCARRIER_SENTINEL_OBSERVATION	SAS			
HML-2_11p15.4	NA19331_h2_HML-2_11p15.4_technical_error	HML-2_11p15.4	NA19331	h2	Validator_Script	HML-2_11p15.4|NA19331|h2|none|historical_source/cluster/HML2_project_graph/extracted_sequences/hgsvc3-2024-02-23-mc-chm13/HML-2_11p15.4/NA19331_h2_HML-2_11p15.4_graph_hgsvc3-2024-02-23-mc-chm13.fa|79b097c714a7a511bb3de39a78a09920882dd7fc0ab59e273907152088c49506	1	1	NA	NA	NO_EXACT_RETAINED_RECORD				NOT_ASSESSED_NO_EXACT_RETAINED_RECORD				NONCARRIER_SENTINEL_OBSERVATION	AFR			
HML-2_11q12.3	NA19705_h2_HML-2_11q12.3_technical_error	HML-2_11q12.3	NA19705	h2	Validator_Script	HML-2_11q12.3|NA19705|h2|none|historical_source/cluster/HML2_project_graph/extracted_sequences/hgsvc3-2024-02-23-mc-chm13/HML-2_11q12.3/NA19705_h2_HML-2_11q12.3_graph_hgsvc3-2024-02-23-mc-chm13.fa|c8ef4ceb246861493db49dd816e19726f3ea8868b1b5c99d5a545985648dc93f	1	1	NA	NA	NO_EXACT_RETAINED_RECORD				NOT_ASSESSED_NO_EXACT_RETAINED_RECORD				NONCARRIER_SENTINEL_OBSERVATION	AFR			
HML-2_11q22.1	HG01596_h2_HML-2_11q22.1_technical_error	HML-2_11q22.1	HG01596	h2	Validator_Script	HML-2_11q22.1|HG01596|h2|none|historical_source/cluster/HML2_project_graph/extracted_sequences/hgsvc3-2024-02-23-mc-chm13/HML-2_11q22.1/HG01596_h2_HML-2_11q22.1_graph_hgsvc3-2024-02-23-mc-chm13.fa|088923da0c4f19dc9a192196bab69f9cdacd39b8c60436307b8ffa9b38a12c6f	1	1	NA	NA	NO_EXACT_RETAINED_RECORD				NOT_ASSESSED_NO_EXACT_RETAINED_RECORD				NONCARRIER_SENTINEL_OBSERVATION	EAS			
HML-2_11q22.1	HG02492_h2_HML-2_11q22.1_technical_error	HML-2_11q22.1	HG02492	h2	Validator_Script	HML-2_11q22.1|HG02492|h2|none|historical_source/cluster/HML2_project_graph/extracted_sequences/hgsvc3-2024-02-23-mc-chm13/HML-2_11q22.1/HG02492_h2_HML-2_11q22.1_graph_hgsvc3-2024-02-23-mc-chm13.fa|a02215a2d4019331a451848562c80227f6176b91e9ab052c627b65dc26ed7161	1	1	NA	NA	NO_EXACT_RETAINED_RECORD				NOT_ASSESSED_NO_EXACT_RETAINED_RECORD				NONCARRIER_SENTINEL_OBSERVATION	SAS			
HML-2_11q22.1	HG02554_h2_HML-2_11q22.1_technical_error	HML-2_11q22.1	HG02554	h2	Validator_Script	HML-2_11q22.1|HG02554|h2|none|historical_source/cluster/HML2_project_graph/extracted_sequences/hgsvc3-2024-02-23-mc-chm13/HML-2_11q22.1/HG02554_h2_HML-2_11q22.1_graph_hgsvc3-2024-02-23-mc-chm13.fa|ce2733df816a44915ae8aacb541b00eeef5b6eac537ee627155e3792e742bd62	1	1	NA	NA	NO_EXACT_RETAINED_RECORD				NOT_ASSESSED_NO_EXACT_RETAINED_RECORD				NONCARRIER_SENTINEL_OBSERVATION	AFR			
HML-2_11q22.1	HG02666_h2_HML-2_11q22.1_technical_error	HML-2_11q22.1	HG02666	h2	Validator_Script	HML-2_11q22.1|HG02666|h2|none|historical_source/cluster/HML2_project_graph/extracted_sequences/hgsvc3-2024-02-23-mc-chm13/HML-2_11q22.1/HG02666_h2_HML-2_11q22.1_graph_hgsvc3-2024-02-23-mc-chm13.fa|ab41f57650af0b37dc9030afcdb9acc7dcdc8ec5f90b4260513f38e95629ce84	1	1	NA	NA	NO_EXACT_RETAINED_RECORD				NOT_ASSESSED_NO_EXACT_RETAINED_RECORD				NONCARRIER_SENTINEL_OBSERVATION	AFR			
HML-2_11q22.1	NA19239_h2_HML-2_11q22.1_technical_error	HML-2_11q22.1	NA19239	h2	Validator_Script	HML-2_11q22.1|NA19239|h2|none|historical_source/cluster/HML2_project_graph/extracted_sequences/hgsvc3-2024-02-23-mc-chm13/HML-2_11q22.1/NA19239_h2_HML-2_11q22.1_graph_hgsvc3-2024-02-23-mc-chm13.fa|133f72dd425c565961eb91052c49af3668dac556817a68db4c3bf28b1c4f236f	1	1	NA	NA	NO_EXACT_RETAINED_RECORD				NOT_ASSESSED_NO_EXACT_RETAINED_RECORD				NONCARRIER_SENTINEL_OBSERVATION	AFR			
HML-2_11q22.1	NA19317_h2_HML-2_11q22.1_technical_error	HML-2_11q22.1	NA19317	h2	Validator_Script	HML-2_11q22.1|NA19317|h2|none|historical_source/cluster/HML2_project_graph/extracted_sequences/hgsvc3-2024-02-23-mc-chm13/HML-2_11q22.1/NA19317_h2_HML-2_11q22.1_graph_hgsvc3-2024-02-23-mc-chm13.fa|8179bb00f3894b531798fdc59f3f7478caa833dd0400033a35a8fd4c444fd018	1	1	NA	NA	NO_EXACT_RETAINED_RECORD				NOT_ASSESSED_NO_EXACT_RETAINED_RECORD				NONCARRIER_SENTINEL_OBSERVATION	AFR			
HML-2_11q22.1	NA20355_h2_HML-2_11q22.1_technical_error	HML-2_11q22.1	NA20355	h2	Validator_Script	HML-2_11q22.1|NA20355|h2|none|historical_source/cluster/HML2_project_graph/extracted_sequences/hgsvc3-2024-02-23-mc-chm13/HML-2_11q22.1/NA20355_h2_HML-2_11q22.1_graph_hgsvc3-2024-02-23-mc-chm13.fa|5b4fc12f4bf94f4a51bc1b1260a175b2c723de65566636d3fce1f4b14f161bad	1	1	NA	NA	NO_EXACT_RETAINED_RECORD				NOT_ASSESSED_NO_EXACT_RETAINED_RECORD				NONCARRIER_SENTINEL_OBSERVATION	AFR			
HML-2_12q13.2	HG00268_h2_HML-2_12q13.2_technical_error	HML-2_12q13.2	HG00268	h2	Validator_Script	HML-2_12q13.2|HG00268|h2|none|historical_source/cluster/HML2_project_graph/extracted_sequences/hgsvc3-2024-02-23-mc-chm13/HML-2_12q13.2/HG00268_h2_HML-2_12q13.2_graph_hgsvc3-2024-02-23-mc-chm13.fa|6780de4586ddcb0999903cf7ea1b3f318e1d70812e5889e6bf18f20aa81525fe	1	1	NA	NA	NO_EXACT_RETAINED_RECORD				NOT_ASSESSED_NO_EXACT_RETAINED_RECORD				NONCARRIER_SENTINEL_OBSERVATION	EUR			
HML-2_12q13.2	HG00512_h2_HML-2_12q13.2_technical_error	HML-2_12q13.2	HG00512	h2	Validator_Script	HML-2_12q13.2|HG00512|h2|none|historical_source/cluster/HML2_project_graph/extracted_sequences/hgsvc3-2024-02-23-mc-chm13/HML-2_12q13.2/HG00512_h2_HML-2_12q13.2_graph_hgsvc3-2024-02-23-mc-chm13.fa|16e57798d18a542f15ba490062274ac72c7ee84472b6eb7c24911e313588dfb8	1	1	NA	NA	NO_EXACT_RETAINED_RECORD				NOT_ASSESSED_NO_EXACT_RETAINED_RECORD				NONCARRIER_SENTINEL_OBSERVATION	EAS			
HML-2_12q13.2	HG00514_h2_HML-2_12q13.2_technical_error	HML-2_12q13.2	HG00514	h2	Validator_Script	HML-2_12q13.2|HG00514|h2|none|historical_source/cluster/HML2_project_graph/extracted_sequences/hgsvc3-2024-02-23-mc-chm13/HML-2_12q13.2/HG00514_h2_HML-2_12q13.2_graph_hgsvc3-2024-02-23-mc-chm13.fa|d2443356ef21d6ca38ae0d86adefe39ac619804b2abdb673b2d3a081a172942f	1	1	NA	NA	NO_EXACT_RETAINED_RECORD				NOT_ASSESSED_NO_EXACT_RETAINED_RECORD				NONCARRIER_SENTINEL_OBSERVATION	EAS			
HML-2_12q13.2	HG00864_h2_HML-2_12q13.2_technical_error	HML-2_12q13.2	HG00864	h2	Validator_Script	HML-2_12q13.2|HG00864|h2|none|historical_source/cluster/HML2_project_graph/extracted_sequences/hgsvc3-2024-02-23-mc-chm13/HML-2_12q13.2/HG00864_h2_HML-2_12q13.2_graph_hgsvc3-2024-02-23-mc-chm13.fa|f571d305077c60d6054efea263940ac17821c9922b896d12b0995b6b029f6d52	1	1	NA	NA	NO_EXACT_RETAINED_RECORD				NOT_ASSESSED_NO_EXACT_RETAINED_RECORD				NONCARRIER_SENTINEL_OBSERVATION	EAS			
HML-2_12q13.2	HG01573_h2_HML-2_12q13.2_technical_error	HML-2_12q13.2	HG01573	h2	Validator_Script	HML-2_12q13.2|HG01573|h2|none|historical_source/cluster/HML2_project_graph/extracted_sequences/hgsvc3-2024-02-23-mc-chm13/HML-2_12q13.2/HG01573_h2_HML-2_12q13.2_graph_hgsvc3-2024-02-23-mc-chm13.fa|5d8b029889f7301c6cc501d45895bdf7d9e2db1a032937d810e16aa865b455c6	1	1	NA	NA	NO_EXACT_RETAINED_RECORD				NOT_ASSESSED_NO_EXACT_RETAINED_RECORD				NONCARRIER_SENTINEL_OBSERVATION	AMR			
HML-2_12q13.2	HG02011_h2_HML-2_12q13.2_technical_error	HML-2_12q13.2	HG02011	h2	Validator_Script	HML-2_12q13.2|HG02011|h2|none|historical_source/cluster/HML2_project_graph/extracted_sequences/hgsvc3-2024-02-23-mc-chm13/HML-2_12q13.2/HG02011_h2_HML-2_12q13.2_graph_hgsvc3-2024-02-23-mc-chm13.fa|47482a77ef4fe1d0295f444e752abc824043bf387d4717d5fb062a9da04e50a3	1	1	NA	NA	NO_EXACT_RETAINED_RECORD				NOT_ASSESSED_NO_EXACT_RETAINED_RECORD				NONCARRIER_SENTINEL_OBSERVATION	AFR			
HML-2_12q13.2	HG02018_h2_HML-2_12q13.2_technical_error	HML-2_12q13.2	HG02018	h2	Validator_Script	HML-2_12q13.2|HG02018|h2|none|historical_source/cluster/HML2_project_graph/extracted_sequences/hgsvc3-2024-02-23-mc-chm13/HML-2_12q13.2/HG02018_h2_HML-2_12q13.2_graph_hgsvc3-2024-02-23-mc-chm13.fa|1b1be8423c733f4bba27c5b8c0e562bebf1b0b2bc497b297e94b97f5065125da	1	1	NA	NA	NO_EXACT_RETAINED_RECORD				NOT_ASSESSED_NO_EXACT_RETAINED_RECORD				NONCARRIER_SENTINEL_OBSERVATION	EAS			
HML-2_12q13.2	HG02282_h2_HML-2_12q13.2_technical_error	HML-2_12q13.2	HG02282	h2	Validator_Script	HML-2_12q13.2|HG02282|h2|none|historical_source/cluster/HML2_project_graph/extracted_sequences/hgsvc3-2024-02-23-mc-chm13/HML-2_12q13.2/HG02282_h2_HML-2_12q13.2_graph_hgsvc3-2024-02-23-mc-chm13.fa|5d777e16c328cf0d56c29dd987fb408d4ca47d7b811057b66b25b115c9fa5563	1	1	NA	NA	NO_EXACT_RETAINED_RECORD				NOT_ASSESSED_NO_EXACT_RETAINED_RECORD				NONCARRIER_SENTINEL_OBSERVATION	AFR			
HML-2_12q13.2	HG02953_h2_HML-2_12q13.2_technical_error	HML-2_12q13.2	HG02953	h2	Validator_Script	HML-2_12q13.2|HG02953|h2|none|historical_source/cluster/HML2_project_graph/extracted_sequences/hgsvc3-2024-02-23-mc-chm13/HML-2_12q13.2/HG02953_h2_HML-2_12q13.2_graph_hgsvc3-2024-02-23-mc-chm13.fa|5be9db8baa57d3fbe9e628e5ef9032898fcd0c9b3f13193cdaa2ddab182f55e2	1	1	NA	NA	NO_EXACT_RETAINED_RECORD				NOT_ASSESSED_NO_EXACT_RETAINED_RECORD				NONCARRIER_SENTINEL_OBSERVATION	AFR			
HML-2_12q13.2	HG03248_h2_HML-2_12q13.2_technical_error	HML-2_12q13.2	HG03248	h2	Validator_Script	HML-2_12q13.2|HG03248|h2|none|historical_source/cluster/HML2_project_graph/extracted_sequences/hgsvc3-2024-02-23-mc-chm13/HML-2_12q13.2/HG03248_h2_HML-2_12q13.2_graph_hgsvc3-2024-02-23-mc-chm13.fa|e2d46af75ff4377a188fd75b80a133291e07ffa82d43e2abbc58bae5a34e2b6f	1	1	NA	NA	NO_EXACT_RETAINED_RECORD				NOT_ASSESSED_NO_EXACT_RETAINED_RECORD				NONCARRIER_SENTINEL_OBSERVATION	AFR			
HML-2_12q13.2	HG03371_h2_HML-2_12q13.2_technical_error	HML-2_12q13.2	HG03371	h2	Validator_Script	HML-2_12q13.2|HG03371|h2|none|historical_source/cluster/HML2_project_graph/extracted_sequences/hgsvc3-2024-02-23-mc-chm13/HML-2_12q13.2/HG03371_h2_HML-2_12q13.2_graph_hgsvc3-2024-02-23-mc-chm13.fa|2108ddc21be776dcb5a6013d10e5bc60c57d1b65339c23721e860a0d1210c85d	1	1	NA	NA	NO_EXACT_RETAINED_RECORD				NOT_ASSESSED_NO_EXACT_RETAINED_RECORD				NONCARRIER_SENTINEL_OBSERVATION	AFR			
HML-2_12q13.2	HG03683_h2_HML-2_12q13.2_technical_error	HML-2_12q13.2	HG03683	h2	Validator_Script	HML-2_12q13.2|HG03683|h2|none|historical_source/cluster/HML2_project_graph/extracted_sequences/hgsvc3-2024-02-23-mc-chm13/HML-2_12q13.2/HG03683_h2_HML-2_12q13.2_graph_hgsvc3-2024-02-23-mc-chm13.fa|4b016792b0f2244e9ba28721909079a8b1c544e6713fbb902767471a4b699375	1	1	NA	NA	NO_EXACT_RETAINED_RECORD				NOT_ASSESSED_NO_EXACT_RETAINED_RECORD				NONCARRIER_SENTINEL_OBSERVATION	SAS			
HML-2_12q13.2	NA18989_h2_HML-2_12q13.2_technical_error	HML-2_12q13.2	NA18989	h2	Validator_Script	HML-2_12q13.2|NA18989|h2|none|historical_source/cluster/HML2_project_graph/extracted_sequences/hgsvc3-2024-02-23-mc-chm13/HML-2_12q13.2/NA18989_h2_HML-2_12q13.2_graph_hgsvc3-2024-02-23-mc-chm13.fa|23b7b7e5af9e802a435707346288fae62fed8b57a9fe8ddb899df283b3e09da8	1	1	NA	NA	NO_EXACT_RETAINED_RECORD				NOT_ASSESSED_NO_EXACT_RETAINED_RECORD				NONCARRIER_SENTINEL_OBSERVATION	EAS			
HML-2_12q13.2	NA19239_h2_HML-2_12q13.2_technical_error	HML-2_12q13.2	NA19239	h2	Validator_Script	HML-2_12q13.2|NA19239|h2|none|historical_source/cluster/HML2_project_graph/extracted_sequences/hgsvc3-2024-02-23-mc-chm13/HML-2_12q13.2/NA19239_h2_HML-2_12q13.2_graph_hgsvc3-2024-02-23-mc-chm13.fa|c7d9127eb2d7890395b35ce4003e9304441f4474c0ae1c23cb06ec8fcbd9fd3b	1	1	NA	NA	NO_EXACT_RETAINED_RECORD				NOT_ASSESSED_NO_EXACT_RETAINED_RECORD				NONCARRIER_SENTINEL_OBSERVATION	AFR			
HML-2_12q13.2	NA19331_h2_HML-2_12q13.2_technical_error	HML-2_12q13.2	NA19331	h2	Validator_Script	HML-2_12q13.2|NA19331|h2|none|historical_source/cluster/HML2_project_graph/extracted_sequences/hgsvc3-2024-02-23-mc-chm13/HML-2_12q13.2/NA19331_h2_HML-2_12q13.2_graph_hgsvc3-2024-02-23-mc-chm13.fa|04307f85000781bba411653d453c9fbf2c9636513ab8f182a77ca7cddfc93ea1	1	1	NA	NA	NO_EXACT_RETAINED_RECORD				NOT_ASSESSED_NO_EXACT_RETAINED_RECORD				NONCARRIER_SENTINEL_OBSERVATION	AFR			
HML-2_12q13.2	NA19705_h2_HML-2_12q13.2_technical_error	HML-2_12q13.2	NA19705	h2	Validator_Script	HML-2_12q13.2|NA19705|h2|none|historical_source/cluster/HML2_project_graph/extracted_sequences/hgsvc3-2024-02-23-mc-chm13/HML-2_12q13.2/NA19705_h2_HML-2_12q13.2_graph_hgsvc3-2024-02-23-mc-chm13.fa|2e81624860b88af312961af95b7ffc7474d080dc344a01a4bdda357eb9704920	1	1	NA	NA	NO_EXACT_RETAINED_RECORD				NOT_ASSESSED_NO_EXACT_RETAINED_RECORD				NONCARRIER_SENTINEL_OBSERVATION	AFR			
HML-2_13p13	NA20847_h1_HML-2_13p13_graph_hgsvc3_linked_recovery	HML-2_13p13	NA20847	h1	NA20847#1#haplotype1-0000051#0:149076-155403	HML-2_13p13|NA20847|h1|graph|historical_source/Library/Mobile Documents/com~apple~CloudDocs/Documents/Med_School/PostDoc/Manuscripts/HML2PopGenManuscript/_audit_2026-09-14/source_call_resolution/broad_graph_recovered/validated_calls/caller_inputs/HML-2_13p13/NA20847_h1_HML-2_13p13_graph_hgsvc3_linked_recovery.fa|d1f2d0883f34a6f76cd5cfb9f764231a7e13fafcfb1c1e0a0038dcdeead6dabb	1	1	NA	NA	NO_EXACT_RETAINED_RECORD				NOT_ASSESSED_NO_EXACT_RETAINED_RECORD				PRESENT	SAS			
HML-2_15p13a	NA20355_h1_HML-2_15p13a_graph_hgsvc3_linked_recovery	HML-2_15p13a	NA20355	h1	NA20355#1#haplotype1-0000005#0:2980327-2987802	HML-2_15p13a|NA20355|h1|graph|historical_source/Library/Mobile Documents/com~apple~CloudDocs/Documents/Med_School/PostDoc/Manuscripts/HML2PopGenManuscript/_audit_2026-09-14/source_call_resolution/broad_graph_recovered/validated_calls/caller_inputs/HML-2_15p13a/NA20355_h1_HML-2_15p13a_graph_hgsvc3_linked_recovery.fa|08eee294598437518ebc57d9c5d000210d27cba4fd5560c32311fff265a4a35d	1	1	NA	NA	NO_EXACT_RETAINED_RECORD				NOT_ASSESSED_NO_EXACT_RETAINED_RECORD				PRESENT	AFR			
HML-2_15q25.2	HG00096_h1_HML-2_15q25.2_graph_hgsvc3-2024-02-23-mc-chm13_DEGRADED_KCON_1912	HML-2_15q25.2	HG00096	h1	HG00096#1#haplotype1-0000001#0:74218839-74247710	HML-2_15q25.2|HG00096|h1|graph|historical_source/Documents/HML2_project_data/hgsvc3-2024-02-23-mc-chm13/HML-2_15q25.2/HG00096_h1_HML-2_15q25.2_graph_hgsvc3-2024-02-23-mc-chm13.fa|348c5cbf6a79ffb4492e24b47dd423844ddd2e475b5c16941c9030db75b7ac31	1	1	NA	NA	NO_EXACT_RETAINED_RECORD				NOT_ASSESSED_NO_EXACT_RETAINED_RECORD				PRESENT	EUR			
HML-2_15q25.2	HG00096_h2_HML-2_15q25.2_graph_hgsvc3-2024-02-23-mc-chm13_DEGRADED_KCON_1912	HML-2_15q25.2	HG00096	h2	HG00096#2#haplotype2-0000133#0:72631799-72665235	HML-2_15q25.2|HG00096|h2|graph|historical_source/Documents/HML2_project_data/hgsvc3-2024-02-23-mc-chm13/HML-2_15q25.2/HG00096_h2_HML-2_15q25.2_graph_hgsvc3-2024-02-23-mc-chm13.fa|2dc834c9a59673096da3abecc985dd34161e94ae1956de37c814aacd0d5fc3f2	1	1	NA	NA	NO_EXACT_RETAINED_RECORD				NOT_ASSESSED_NO_EXACT_RETAINED_RECORD				PRESENT	EUR			
HML-2_15q25.2	HG00171_h1_HML-2_15q25.2_graph_hgsvc3-2024-02-23-mc-chm13_DEGRADED_KCON_1912	HML-2_15q25.2	HG00171	h1	HG00171#1#haplotype1-0000022#0:17715468-17748886	HML-2_15q25.2|HG00171|h1|graph|historical_source/Documents/HML2_project_data/hgsvc3-2024-02-23-mc-chm13/HML-2_15q25.2/HG00171_h1_HML-2_15q25.2_graph_hgsvc3-2024-02-23-mc-chm13.fa|6174f4ee2785529f177f43be772d321baa81965c15627ca662967c376cbe3534	1	1	NA	NA	NO_EXACT_RETAINED_RECORD				NOT_ASSESSED_NO_EXACT_RETAINED_RECORD				PRESENT	EUR			
HML-2_15q25.2	HG00171_h2_HML-2_15q25.2_graph_hgsvc3-2024-02-23-mc-chm13_DEGRADED_KCON_1912	HML-2_15q25.2	HG00171	h2	HG00171#2#haplotype2-0000156#0:17744750-17778186	HML-2_15q25.2|HG00171|h2|graph|historical_source/Documents/HML2_project_data/hgsvc3-2024-02-23-mc-chm13/HML-2_15q25.2/HG00171_h2_HML-2_15q25.2_graph_hgsvc3-2024-02-23-mc-chm13.fa|9da5dc158e96ce291326e801aa007767b7ec1a81a1a8bdd31c7ecf37b641b02c	1	1	NA	NA	NO_EXACT_RETAINED_RECORD				NOT_ASSESSED_NO_EXACT_RETAINED_RECORD				PRESENT	EUR			
HML-2_15q25.2	HG00268_h1_HML-2_15q25.2_graph_hgsvc3-2024-02-23-mc-chm13_DEGRADED_KCON_1912	HML-2_15q25.2	HG00268	h1	HG00268#1#haplotype1-0000016#0:72285915-72319347	HML-2_15q25.2|HG00268|h1|graph|historical_source/Documents/HML2_project_data/hgsvc3-2024-02-23-mc-chm13/HML-2_15q25.2/HG00268_h1_HML-2_15q25.2_graph_hgsvc3-2024-02-23-mc-chm13.fa|48848c057af5edfc80d4d1295c8a67432cf214c0eb22ae5f1f5c241f05c04626	1	1	NA	NA	NO_EXACT_RETAINED_RECORD				NOT_ASSESSED_NO_EXACT_RETAINED_RECORD				PRESENT	EUR			
HML-2_15q25.2	HG00268_h2_HML-2_15q25.2_graph_hgsvc3-2024-02-23-mc-chm13_DEGRADED_KCON_1912	HML-2_15q25.2	HG00268	h2	HG00268#2#haplotype2-0000066#0:75651903-75680774	HML-2_15q25.2|HG00268|h2|graph|historical_source/Documents/HML2_project_data/hgsvc3-2024-02-23-mc-chm13/HML-2_15q25.2/HG00268_h2_HML-2_15q25.2_graph_hgsvc3-2024-02-23-mc-chm13.fa|185ac8ae3e4048c7641a55e3304c8eebca617d27624f7eaf34d04e70b5bcbcfd	1	1	NA	NA	NO_EXACT_RETAINED_RECORD				NOT_ASSESSED_NO_EXACT_RETAINED_RECORD				PRESENT	EUR			
HML-2_15q25.2	HG00358_h1_HML-2_15q25.2_graph_hgsvc3-2024-02-23-mc-chm13_DEGRADED_KCON_1912	HML-2_15q25.2	HG00358	h1	HG00358#1#haplotype1-0000030#0:81264708-81293580	HML-2_15q25.2|HG00358|h1|graph|historical_source/Documents/HML2_project_data/hgsvc3-2024-02-23-mc-chm13/HML-2_15q25.2/HG00358_h1_HML-2_15q25.2_graph_hgsvc3-2024-02-23-mc-chm13.fa|b61f31fad2dc7a1ff5e340b30e0e0ba8ba45b3b5aa4692f8cfaf00b222fb4526	1	1	NA	NA	NO_EXACT_RETAINED_RECORD				NOT_ASSESSED_NO_EXACT_RETAINED_RECORD				PRESENT	EUR			
HML-2_15q25.2	HG00358_h2_HML-2_15q25.2_graph_hgsvc3-2024-02-23-mc-chm13_DEGRADED_KCON_1912	HML-2_15q25.2	HG00358	h2	HG00358#2#haplotype2-0000113#0:77252117-77280987	HML-2_15q25.2|HG00358|h2|graph|historical_source/Documents/HML2_project_data/hgsvc3-2024-02-23-mc-chm13/HML-2_15q25.2/HG00358_h2_HML-2_15q25.2_graph_hgsvc3-2024-02-23-mc-chm13.fa|ce95e842cdeff9877a49d04ce72f4850a18297617680ae6adea6b894b903297f	1	1	NA	NA	NO_EXACT_RETAINED_RECORD				NOT_ASSESSED_NO_EXACT_RETAINED_RECORD				PRESENT	EUR			
HML-2_15q25.2	HG00512_h1_HML-2_15q25.2_graph_hgsvc3-2024-02-23-mc-chm13_DEGRADED_KCON_1912	HML-2_15q25.2	HG00512	h1	HG00512#1#haplotype1-0000035#0:17705268-17738721	HML-2_15q25.2|HG00512|h1|graph|historical_source/Documents/HML2_project_data/hgsvc3-2024-02-23-mc-chm13/HML-2_15q25.2/HG00512_h1_HML-2_15q25.2_graph_hgsvc3-2024-02-23-mc-chm13.fa|409b50353a3dffc32c31407935e525963124c46c4939b0020d27e3a6fb440c35	1	1	NA	NA	NO_EXACT_RETAINED_RECORD				NOT_ASSESSED_NO_EXACT_RETAINED_RECORD				PRESENT	EAS			
HML-2_15q25.2	HG00512_h2_HML-2_15q25.2_graph_hgsvc3-2024-02-23-mc-chm13_DEGRADED_KCON_1912	HML-2_15q25.2	HG00512	h2	HG00512#2#haplotype2-0000290#0:74133216-74166654	HML-2_15q25.2|HG00512|h2|graph|historical_source/Documents/HML2_project_data/hgsvc3-2024-02-23-mc-chm13/HML-2_15q25.2/HG00512_h2_HML-2_15q25.2_graph_hgsvc3-2024-02-23-mc-chm13.fa|f9f8b61ac20c32213c855ba20afdcd54574e5d6801fd4d3739511d1f09debb2b	1	1	NA	NA	NO_EXACT_RETAINED_RECORD				NOT_ASSESSED_NO_EXACT_RETAINED_RECORD				PRESENT	EAS			
HML-2_15q25.2	HG00513_h1_HML-2_15q25.2_graph_hgsvc3-2024-02-23-mc-chm13_DEGRADED_KCON_1912	HML-2_15q25.2	HG00513	h1	HG00513#1#haplotype1-0000014#0:17742583-17776011	HML-2_15q25.2|HG00513|h1|graph|historical_source/Documents/HML2_project_data/hgsvc3-2024-02-23-mc-chm13/HML-2_15q25.2/HG00513_h1_HML-2_15q25.2_graph_hgsvc3-2024-02-23-mc-chm13.fa|2e3d3098b51d68faa8418da1cd369003b7c44a89df49c0f46652e25abc8b54d7	1	1	NA	NA	NO_EXACT_RETAINED_RECORD				NOT_ASSESSED_NO_EXACT_RETAINED_RECORD				PRESENT	EAS			
HML-2_15q25.2	HG00513_h2_HML-2_15q25.2_graph_hgsvc3-2024-02-23-mc-chm13_DEGRADED_KCON_1912	HML-2_15q25.2	HG00513	h2	HG00513#2#haplotype2-0000114#0:63314498-63347941	HML-2_15q25.2|HG00513|h2|graph|historical_source/Documents/HML2_project_data/hgsvc3-2024-02-23-mc-chm13/HML-2_15q25.2/HG00513_h2_HML-2_15q25.2_graph_hgsvc3-2024-02-23-mc-chm13.fa|8da2329c71a3a03f4dc00ada0d42c310c55c8732e11e32088892bfe2f02c4bbb	1	1	NA	NA	NO_EXACT_RETAINED_RECORD				NOT_ASSESSED_NO_EXACT_RETAINED_RECORD				PRESENT	EAS			
HML-2_15q25.2	HG00514_h1_HML-2_15q25.2_graph_hgsvc3-2024-02-23-mc-chm13_DEGRADED_KCON_1912	HML-2_15q25.2	HG00514	h1	HG00514#1#haplotype1-0000053#0:17503172-17536610	HML-2_15q25.2|HG00514|h1|graph|historical_source/Documents/HML2_project_data/hgsvc3-2024-02-23-mc-chm13/HML-2_15q25.2/HG00514_h1_HML-2_15q25.2_graph_hgsvc3-2024-02-23-mc-chm13.fa|747ba5e394c2f46352e4f8560998f3b1b35152fc62bf032b764231b9e033b0ed	1	1	NA	NA	NO_EXACT_RETAINED_RECORD				NOT_ASSESSED_NO_EXACT_RETAINED_RECORD				PRESENT	EAS			
HML-2_15q25.2	HG00514_h2_HML-2_15q25.2_graph_hgsvc3-2024-02-23-mc-chm13_DEGRADED_KCON_1912	HML-2_15q25.2	HG00514	h2	HG00514#2#haplotype2-0000197#0:17508342-17541784	HML-2_15q25.2|HG00514|h2|graph|historical_source/Documents/HML2_project_data/hgsvc3-2024-02-23-mc-chm13/HML-2_15q25.2/HG00514_h2_HML-2_15q25.2_graph_hgsvc3-2024-02-23-mc-chm13.fa|0c1b44b7faa0bab983d29374357b4c32aef6e97da22e25dec8dc9b438e899775	1	1	NA	NA	NO_EXACT_RETAINED_RECORD				NOT_ASSESSED_NO_EXACT_RETAINED_RECORD				PRESENT	EAS			
HML-2_15q25.2	HG00731_h1_HML-2_15q25.2_graph_hgsvc3-2024-02-23-mc-chm13_DEGRADED_KCON_1912	HML-2_15q25.2	HG00731	h1	HG00731#1#haplotype1-0000005#0:74287805-74321251	HML-2_15q25.2|HG00731|h1|graph|historical_source/Documents/HML2_project_data/hgsvc3-2024-02-23-mc-chm13/HML-2_15q25.2/HG00731_h1_HML-2_15q25.2_graph_hgsvc3-2024-02-23-mc-chm13.fa|61188112cde517d5490c843245f78e2ab05ed18b6ef18d4c346d01b5d2140cb3	1	1	NA	NA	NO_EXACT_RETAINED_RECORD				NOT_ASSESSED_NO_EXACT_RETAINED_RECORD				PRESENT	AMR			
HML-2_15q25.2	HG00731_h2_HML-2_15q25.2_graph_hgsvc3-2024-02-23-mc-chm13_DEGRADED_KCON_1912	HML-2_15q25.2	HG00731	h2	HG00731#2#haplotype2-0000043#0:61769883-61803318	HML-2_15q25.2|HG00731|h2|graph|historical_source/Documents/HML2_project_data/hgsvc3-2024-02-23-mc-chm13/HML-2_15q25.2/HG00731_h2_HML-2_15q25.2_graph_hgsvc3-2024-02-23-mc-chm13.fa|b5438dad7dbc571ba3ef659b604ecb3e521f7b016ba3ead7bfbc0d83a8f1578c	1	1	NA	NA	NO_EXACT_RETAINED_RECORD				NOT_ASSESSED_NO_EXACT_RETAINED_RECORD				PRESENT	AMR			
HML-2_15q25.2	HG00732_h1_HML-2_15q25.2_graph_hgsvc3-2024-02-23-mc-chm13_DEGRADED_KCON_1912	HML-2_15q25.2	HG00732	h1	HG00732#1#haplotype1-0000021#0:17705428-17738859	HML-2_15q25.2|HG00732|h1|graph|historical_source/Documents/HML2_project_data/hgsvc3-2024-02-23-mc-chm13/HML-2_15q25.2/HG00732_h1_HML-2_15q25.2_graph_hgsvc3-2024-02-23-mc-chm13.fa|d9eca4506b7b4670fabde07d98ce569e84a5fb75448c739be527e835335ec6ee	1	1	NA	NA	NO_EXACT_RETAINED_RECORD				NOT_ASSESSED_NO_EXACT_RETAINED_RECORD				PRESENT	AMR			
HML-2_15q25.2	HG00732_h2_HML-2_15q25.2_graph_hgsvc3-2024-02-23-mc-chm13_DEGRADED_KCON_1912	HML-2_15q25.2	HG00732	h2	HG00732#2#haplotype2-0000067#0:17809913-17843358	HML-2_15q25.2|HG00732|h2|graph|historical_source/Documents/HML2_project_data/hgsvc3-2024-02-23-mc-chm13/HML-2_15q25.2/HG00732_h2_HML-2_15q25.2_graph_hgsvc3-2024-02-23-mc-chm13.fa|441fc99386173c34aede7ad26e426525be79d472fcff6d967df1865c59a8e741	1	1	NA	NA	NO_EXACT_RETAINED_RECORD				NOT_ASSESSED_NO_EXACT_RETAINED_RECORD				PRESENT	AMR			
HML-2_15q25.2	HG00864_h1_HML-2_15q25.2_graph_hgsvc3-2024-02-23-mc-chm13_DEGRADED_KCON_1912	HML-2_15q25.2	HG00864	h1	HG00864#1#haplotype1-0000008#0:73216597-73250037	HML-2_15q25.2|HG00864|h1|graph|historical_source/Documents/HML2_project_data/hgsvc3-2024-02-23-mc-chm13/HML-2_15q25.2/HG00864_h1_HML-2_15q25.2_graph_hgsvc3-2024-02-23-mc-chm13.fa|ccb7b7c74a2b59d3b7bb8dc91e019a351f30d5996119f788503284fdf2e7ee50	1	1	NA	NA	NO_EXACT_RETAINED_RECORD				NOT_ASSESSED_NO_EXACT_RETAINED_RECORD				PRESENT	EAS			
HML-2_15q25.2	HG00864_h2_HML-2_15q25.2_graph_hgsvc3-2024-02-23-mc-chm13_DEGRADED_KCON_1912	HML-2_15q25.2	HG00864	h2	HG00864#2#haplotype2-0000077#0:17726205-17759638	HML-2_15q25.2|HG00864|h2|graph|historical_source/Documents/HML2_project_data/hgsvc3-2024-02-23-mc-chm13/HML-2_15q25.2/HG00864_h2_HML-2_15q25.2_graph_hgsvc3-2024-02-23-mc-chm13.fa|709b073c0c1041c74f8b9e98c9c3a7589a6128692421ca6760752de4b1c03e46	1	1	NA	NA	NO_EXACT_RETAINED_RECORD				NOT_ASSESSED_NO_EXACT_RETAINED_RECORD				PRESENT	EAS			
HML-2_15q25.2	HG01114_h1_HML-2_15q25.2_graph_hgsvc3-2024-02-23-mc-chm13_DEGRADED_KCON_1912	HML-2_15q25.2	HG01114	h1	HG01114#1#haplotype1-0000040#0:17735828-17769242	HML-2_15q25.2|HG01114|h1|graph|historical_source/Documents/HML2_project_data/hgsvc3-2024-02-23-mc-chm13/HML-2_15q25.2/HG01114_h1_HML-2_15q25.2_graph_hgsvc3-2024-02-23-mc-chm13.fa|5c11535b26b22e5c3d36e4b0d3118d32cda43c82efe678583b225c08905d8230	1	1	NA	NA	NO_EXACT_RETAINED_RECORD				NOT_ASSESSED_NO_EXACT_RETAINED_RECORD				PRESENT	AMR			
HML-2_15q25.2	HG01114_h2_HML-2_15q25.2_graph_hgsvc3-2024-02-23-mc-chm13_DEGRADED_KCON_1912	HML-2_15q25.2	HG01114	h2	HG01114#2#haplotype2-0000281#0:17709696-17743135	HML-2_15q25.2|HG01114|h2|graph|historical_source/Documents/HML2_project_data/hgsvc3-2024-02-23-mc-chm13/HML-2_15q25.2/HG01114_h2_HML-2_15q25.2_graph_hgsvc3-2024-02-23-mc-chm13.fa|2552bf47fe71c097c88ae24679b73e80c83b929b50f31fddd832b8a66c3caa46	1	1	NA	NA	NO_EXACT_RETAINED_RECORD				NOT_ASSESSED_NO_EXACT_RETAINED_RECORD				PRESENT	AMR			
HML-2_15q25.2	HG01352_h1_HML-2_15q25.2_graph_hgsvc3-2024-02-23-mc-chm13_DEGRADED_KCON_1912	HML-2_15q25.2	HG01352	h1	HG01352#1#haplotype1-0000008#0:74777757-74806631	HML-2_15q25.2|HG01352|h1|graph|historical_source/Documents/HML2_project_data/hgsvc3-2024-02-23-mc-chm13/HML-2_15q25.2/HG01352_h1_HML-2_15q25.2_graph_hgsvc3-2024-02-23-mc-chm13.fa|1f2e98323da04ee764a71cc6c73f6e0fdf04632e0c84957d47b96d39d12ba92f	1	1	NA	NA	NO_EXACT_RETAINED_RECORD				NOT_ASSESSED_NO_EXACT_RETAINED_RECORD				PRESENT	AMR			
HML-2_15q25.2	HG01352_h2_HML-2_15q25.2_graph_hgsvc3-2024-02-23-mc-chm13_DEGRADED_KCON_1912	HML-2_15q25.2	HG01352	h2	HG01352#2#haplotype2-0000172#0:73848184-73877058	HML-2_15q25.2|HG01352|h2|graph|historical_source/Documents/HML2_project_data/hgsvc3-2024-02-23-mc-chm13/HML-2_15q25.2/HG01352_h2_HML-2_15q25.2_graph_hgsvc3-2024-02-23-mc-chm13.fa|10a877d3d2027551c3d19965c2cbae89e84e722b39a12ecf0e4cfab04f430dbd	1	1	NA	NA	NO_EXACT_RETAINED_RECORD				NOT_ASSESSED_NO_EXACT_RETAINED_RECORD				PRESENT	AMR			
HML-2_15q25.2	HG01457_h1_HML-2_15q25.2_graph_hgsvc3-2024-02-23-mc-chm13_DEGRADED_KCON_1912	HML-2_15q25.2	HG01457	h1	HG01457#1#haplotype1-0000034#0:17749016-17782457	HML-2_15q25.2|HG01457|h1|graph|historical_source/Documents/HML2_project_data/hgsvc3-2024-02-23-mc-chm13/HML-2_15q25.2/HG01457_h1_HML-2_15q25.2_graph_hgsvc3-2024-02-23-mc-chm13.fa|e5108de7855b4f0da1f95f6a3b8aa5766a1fab3bc2c3f88c0460691640d34ddd	1	1	NA	NA	NO_EXACT_RETAINED_RECORD				NOT_ASSESSED_NO_EXACT_RETAINED_RECORD				PRESENT	AMR			
HML-2_15q25.2	HG01457_h2_HML-2_15q25.2_graph_hgsvc3-2024-02-23-mc-chm13_DEGRADED_KCON_1912	HML-2_15q25.2	HG01457	h2	HG01457#2#haplotype2-0000124#0:17742199-17775642	HML-2_15q25.2|HG01457|h2|graph|historical_source/Documents/HML2_project_data/hgsvc3-2024-02-23-mc-chm13/HML-2_15q25.2/HG01457_h2_HML-2_15q25.2_graph_hgsvc3-2024-02-23-mc-chm13.fa|abe0e74a78c4724b6dc2e0312b06deae9d287c105656bf092b5906573c691819	1	1	NA	NA	NO_EXACT_RETAINED_RECORD				NOT_ASSESSED_NO_EXACT_RETAINED_RECORD				PRESENT	AMR			
HML-2_15q25.2	HG01505_h1_HML-2_15q25.2_graph_hgsvc3-2024-02-23-mc-chm13_DEGRADED_KCON_1912	HML-2_15q25.2	HG01505	h1	HG01505#1#haplotype1-0000008#0:17646897-17675769	HML-2_15q25.2|HG01505|h1|graph|historical_source/Documents/HML2_project_data/hgsvc3-2024-02-23-mc-chm13/HML-2_15q25.2/HG01505_h1_HML-2_15q25.2_graph_hgsvc3-2024-02-23-mc-chm13.fa|971ba4e3ca172cc4df177ef7a19a3204f357266c49af1f360008cfe97d1c478a	1	1	NA	NA	NO_EXACT_RETAINED_RECORD				NOT_ASSESSED_NO_EXACT_RETAINED_RECORD				PRESENT	EUR			
HML-2_15q25.2	HG01505_h2_HML-2_15q25.2_graph_hgsvc3-2024-02-23-mc-chm13_DEGRADED_KCON_1912	HML-2_15q25.2	HG01505	h2	HG01505#2#haplotype2-0000128#0:77730553-77763971	HML-2_15q25.2|HG01505|h2|graph|historical_source/Documents/HML2_project_data/hgsvc3-2024-02-23-mc-chm13/HML-2_15q25.2/HG01505_h2_HML-2_15q25.2_graph_hgsvc3-2024-02-23-mc-chm13.fa|17e1990fa72e5656e61033170486b25f0591bdb195c46f380b14d0f04ef833f2	1	1	NA	NA	NO_EXACT_RETAINED_RECORD				NOT_ASSESSED_NO_EXACT_RETAINED_RECORD				PRESENT	EUR			
HML-2_15q25.2	HG01573_h1_HML-2_15q25.2_graph_hgsvc3-2024-02-23-mc-chm13_DEGRADED_KCON_1912	HML-2_15q25.2	HG01573	h1	HG01573#1#haplotype1-0000007#0:40743257-40776700	HML-2_15q25.2|HG01573|h1|graph|historical_source/Documents/HML2_project_data/hgsvc3-2024-02-23-mc-chm13/HML-2_15q25.2/HG01573_h1_HML-2_15q25.2_graph_hgsvc3-2024-02-23-mc-chm13.fa|090e85ed2867f01e0aadc92047b0538e70e65aa5194639b7370556ed96b5f80f	1	1	NA	NA	NO_EXACT_RETAINED_RECORD				NOT_ASSESSED_NO_EXACT_RETAINED_RECORD				PRESENT	AMR			
HML-2_15q25.2	HG01573_h2_HML-2_15q25.2_graph_hgsvc3-2024-02-23-mc-chm13_DEGRADED_KCON_1912	HML-2_15q25.2	HG01573	h2	HG01573#2#haplotype2-0000084#0:40748161-40781607	HML-2_15q25.2|HG01573|h2|graph|historical_source/Documents/HML2_project_data/hgsvc3-2024-02-23-mc-chm13/HML-2_15q25.2/HG01573_h2_HML-2_15q25.2_graph_hgsvc3-2024-02-23-mc-chm13.fa|123e478482b76172fca2797bef8b2bfcbc0283434e596ed3bfa3c61a4d351117	1	1	NA	NA	NO_EXACT_RETAINED_RECORD				NOT_ASSESSED_NO_EXACT_RETAINED_RECORD				PRESENT	AMR			
HML-2_15q25.2	HG01596_h1_HML-2_15q25.2_graph_hgsvc3-2024-02-23-mc-chm13_DEGRADED_KCON_1912	HML-2_15q25.2	HG01596	h1	HG01596#1#haplotype1-0000025#0:17656231-17685102	HML-2_15q25.2|HG01596|h1|graph|historical_source/Documents/HML2_project_data/hgsvc3-2024-02-23-mc-chm13/HML-2_15q25.2/HG01596_h1_HML-2_15q25.2_graph_hgsvc3-2024-02-23-mc-chm13.fa|b2e3aaee5473e98133ea1dc3b500053cb4a0c1a4ae4aea2b0735b5384fe088ae	1	1	NA	NA	NO_EXACT_RETAINED_RECORD				NOT_ASSESSED_NO_EXACT_RETAINED_RECORD				PRESENT	EAS			
HML-2_15q25.2	HG01596_h2_HML-2_15q25.2_graph_hgsvc3-2024-02-23-mc-chm13_DEGRADED_KCON_1912	HML-2_15q25.2	HG01596	h2	HG01596#2#haplotype2-0000098#0:17743636-17777078	HML-2_15q25.2|HG01596|h2|graph|historical_source/Documents/HML2_project_data/hgsvc3-2024-02-23-mc-chm13/HML-2_15q25.2/HG01596_h2_HML-2_15q25.2_graph_hgsvc3-2024-02-23-mc-chm13.fa|3f48c59357a2ae07f406e1be00bcab54be0bfe10e8f5177dbac5cc6ae7bcbdab	1	1	NA	NA	NO_EXACT_RETAINED_RECORD				NOT_ASSESSED_NO_EXACT_RETAINED_RECORD				PRESENT	EAS			
HML-2_15q25.2	HG01890_h1_HML-2_15q25.2_graph_hgsvc3-2024-02-23-mc-chm13_DEGRADED_KCON_1912	HML-2_15q25.2	HG01890	h1	HG01890#1#haplotype1-0000020#0:73721969-73755402	HML-2_15q25.2|HG01890|h1|graph|historical_source/Documents/HML2_project_data/hgsvc3-2024-02-23-mc-chm13/HML-2_15q25.2/HG01890_h1_HML-2_15q25.2_graph_hgsvc3-2024-02-23-mc-chm13.fa|a8f4f4dbadbc91abc6e040d55c2bfe311aff40fb9460f7ecaa0edbf1598293e2	1	1	NA	NA	NO_EXACT_RETAINED_RECORD				NOT_ASSESSED_NO_EXACT_RETAINED_RECORD				PRESENT	AFR			
HML-2_15q25.2	HG01890_h2_HML-2_15q25.2_graph_hgsvc3-2024-02-23-mc-chm13_DEGRADED_KCON_1913	HML-2_15q25.2	HG01890	h2	HG01890#2#haplotype2-0000066#0:17721127-17754563	HML-2_15q25.2|HG01890|h2|graph|historical_source/Documents/HML2_project_data/hgsvc3-2024-02-23-mc-chm13/HML-2_15q25.2/HG01890_h2_HML-2_15q25.2_graph_hgsvc3-2024-02-23-mc-chm13.fa|e5b1396a461f093543f527b32cfdb7eaf693d6a7da78b4fb25f845bbef8ad1c3	1	1	NA	NA	NO_EXACT_RETAINED_RECORD				NOT_ASSESSED_NO_EXACT_RETAINED_RECORD				PRESENT	AFR			
HML-2_15q25.2	HG02011_h1_HML-2_15q25.2_graph_hgsvc3-2024-02-23-mc-chm13_DEGRADED_KCON_1912	HML-2_15q25.2	HG02011	h1	HG02011#1#haplotype1-0000030#0:17726809-17760246	HML-2_15q25.2|HG02011|h1|graph|historical_source/Documents/HML2_project_data/hgsvc3-2024-02-23-mc-chm13/HML-2_15q25.2/HG02011_h1_HML-2_15q25.2_graph_hgsvc3-2024-02-23-mc-chm13.fa|90104b48b3edb66cc0ff27526e2783c20679e8202e0e8e62b58313c3ef5e8770	1	1	NA	NA	NO_EXACT_RETAINED_RECORD				NOT_ASSESSED_NO_EXACT_RETAINED_RECORD				PRESENT	AFR			
HML-2_15q25.2	HG02011_h2_HML-2_15q25.2_graph_hgsvc3-2024-02-23-mc-chm13_DEGRADED_KCON_1912	HML-2_15q25.2	HG02011	h2	HG02011#2#haplotype2-0000084#0:17713848-17747278	HML-2_15q25.2|HG02011|h2|graph|historical_source/Documents/HML2_project_data/hgsvc3-2024-02-23-mc-chm13/HML-2_15q25.2/HG02011_h2_HML-2_15q25.2_graph_hgsvc3-2024-02-23-mc-chm13.fa|e6fd459d0da205509a0fe0d8de1009c44037b81cdbfbf0df64d9c0fd4b97aa38	1	1	NA	NA	NO_EXACT_RETAINED_RECORD				NOT_ASSESSED_NO_EXACT_RETAINED_RECORD				PRESENT	AFR			
HML-2_15q25.2	HG02018_h1_HML-2_15q25.2_graph_hgsvc3-2024-02-23-mc-chm13_DEGRADED_KCON_1912	HML-2_15q25.2	HG02018	h1	HG02018#1#haplotype1-0000002#0:17733616-17767043	HML-2_15q25.2|HG02018|h1|graph|historical_source/Documents/HML2_project_data/hgsvc3-2024-02-23-mc-chm13/HML-2_15q25.2/HG02018_h1_HML-2_15q25.2_graph_hgsvc3-2024-02-23-mc-chm13.fa|0f3f372bf75c936f1a60ee483a7fe41b219eb116645af93e2cec72568be1aae8	1	1	NA	NA	NO_EXACT_RETAINED_RECORD				NOT_ASSESSED_NO_EXACT_RETAINED_RECORD				PRESENT	EAS			
HML-2_15q25.2	HG02018_h2_HML-2_15q25.2_graph_hgsvc3-2024-02-23-mc-chm13_DEGRADED_KCON_1912	HML-2_15q25.2	HG02018	h2	HG02018#2#haplotype2-0000079#0:17734087-17767529	HML-2_15q25.2|HG02018|h2|graph|historical_source/Documents/HML2_project_data/hgsvc3-2024-02-23-mc-chm13/HML-2_15q25.2/HG02018_h2_HML-2_15q25.2_graph_hgsvc3-2024-02-23-mc-chm13.fa|8c6c9bf427bd20c08eb9a409bc4909e62c01fbbce89839ff5a9e1a1bad09c840	1	1	NA	NA	NO_EXACT_RETAINED_RECORD				NOT_ASSESSED_NO_EXACT_RETAINED_RECORD				PRESENT	EAS			
HML-2_15q25.2	HG02059_h1_HML-2_15q25.2_graph_hgsvc3-2024-02-23-mc-chm13_DEGRADED_KCON_1912	HML-2_15q25.2	HG02059	h1	HG02059#1#haplotype1-0000030#0:62098459-62131902	HML-2_15q25.2|HG02059|h1|graph|historical_source/Documents/HML2_project_data/hgsvc3-2024-02-23-mc-chm13/HML-2_15q25.2/HG02059_h1_HML-2_15q25.2_graph_hgsvc3-2024-02-23-mc-chm13.fa|12b1d5f02cf7ac19901282121979ed606fc165f874b496c56f3d5fcc1bb118bc	1	1	NA	NA	NO_EXACT_RETAINED_RECORD				NOT_ASSESSED_NO_EXACT_RETAINED_RECORD				PRESENT	EAS			
HML-2_15q25.2	HG02059_h2_HML-2_15q25.2_graph_hgsvc3-2024-02-23-mc-chm13_DEGRADED_KCON_1912	HML-2_15q25.2	HG02059	h2	HG02059#2#haplotype2-0000147#0:72805383-72838793	HML-2_15q25.2|HG02059|h2|graph|historical_source/Documents/HML2_project_data/hgsvc3-2024-02-23-mc-chm13/HML-2_15q25.2/HG02059_h2_HML-2_15q25.2_graph_hgsvc3-2024-02-23-mc-chm13.fa|9fef5a51e8afee11717293a5b51454b8774b6eb04e56d2e20b7804caa5e2f742	1	1	NA	NA	NO_EXACT_RETAINED_RECORD				NOT_ASSESSED_NO_EXACT_RETAINED_RECORD				PRESENT	EAS			
HML-2_15q25.2	HG02106_h1_HML-2_15q25.2_graph_hgsvc3-2024-02-23-mc-chm13_DEGRADED_KCON_1912	HML-2_15q25.2	HG02106	h1	HG02106#1#haplotype1-0000028#0:73012836-73043532	HML-2_15q25.2|HG02106|h1|graph|historical_source/Documents/HML2_project_data/hgsvc3-2024-02-23-mc-chm13/HML-2_15q25.2/HG02106_h1_HML-2_15q25.2_graph_hgsvc3-2024-02-23-mc-chm13.fa|cb39dd5d637b0b848de77c92fbf123f556b1a74418fa4b8ea013bdf455c5b4e3	1	1	NA	NA	NO_EXACT_RETAINED_RECORD				NOT_ASSESSED_NO_EXACT_RETAINED_RECORD				PRESENT	AMR			
HML-2_15q25.2	HG02106_h2_HML-2_15q25.2_graph_hgsvc3-2024-02-23-mc-chm13_DEGRADED_KCON_1912	HML-2_15q25.2	HG02106	h2	HG02106#2#haplotype2-0000093#0:74971136-75001832	HML-2_15q25.2|HG02106|h2|graph|historical_source/Documents/HML2_project_data/hgsvc3-2024-02-23-mc-chm13/HML-2_15q25.2/HG02106_h2_HML-2_15q25.2_graph_hgsvc3-2024-02-23-mc-chm13.fa|aefd2e20e6aeded0fbe9054b6a0d05db41775c6aae885941e40229508f044972	1	1	NA	NA	NO_EXACT_RETAINED_RECORD				NOT_ASSESSED_NO_EXACT_RETAINED_RECORD				PRESENT	AMR			
HML-2_15q25.2	HG02282_h1_HML-2_15q25.2_graph_hgsvc3-2024-02-23-mc-chm13_DEGRADED_KCON_1912	HML-2_15q25.2	HG02282	h1	HG02282#1#haplotype1-0000026#0:73657216-73690628	HML-2_15q25.2|HG02282|h1|graph|historical_source/Documents/HML2_project_data/hgsvc3-2024-02-23-mc-chm13/HML-2_15q25.2/HG02282_h1_HML-2_15q25.2_graph_hgsvc3-2024-02-23-mc-chm13.fa|bbb6a6138b1d6d2105f88db080d2ba1eab5f2e94aeeec15aefe19a43f8196668	1	1	NA	NA	NO_EXACT_RETAINED_RECORD				NOT_ASSESSED_NO_EXACT_RETAINED_RECORD				PRESENT	AFR			
HML-2_15q25.2	HG02282_h2_HML-2_15q25.2_graph_hgsvc3-2024-02-23-mc-chm13_DEGRADED_KCON_1912	HML-2_15q25.2	HG02282	h2	HG02282#2#haplotype2-0000143#0:76878828-76907698	HML-2_15q25.2|HG02282|h2|graph|historical_source/Documents/HML2_project_data/hgsvc3-2024-02-23-mc-chm13/HML-2_15q25.2/HG02282_h2_HML-2_15q25.2_graph_hgsvc3-2024-02-23-mc-chm13.fa|525451293984cdae927cb8fc74fcdbced7f8d3ff13eb05965e131186bcb45185	1	1	NA	NA	NO_EXACT_RETAINED_RECORD				NOT_ASSESSED_NO_EXACT_RETAINED_RECORD				PRESENT	AFR			
HML-2_15q25.2	HG02492_h1_HML-2_15q25.2_graph_hgsvc3-2024-02-23-mc-chm13_DEGRADED_KCON_1912	HML-2_15q25.2	HG02492	h1	HG02492#1#haplotype1-0000024#0:17571709-17600345	HML-2_15q25.2|HG02492|h1|graph|historical_source/Documents/HML2_project_data/hgsvc3-2024-02-23-mc-chm13/HML-2_15q25.2/HG02492_h1_HML-2_15q25.2_graph_hgsvc3-2024-02-23-mc-chm13.fa|b2c9ffda07c60b41d7bd2767f649b65c4c848e7ef4218b0447d4df8ce0a92692	1	1	NA	NA	NO_EXACT_RETAINED_RECORD				NOT_ASSESSED_NO_EXACT_RETAINED_RECORD				PRESENT	SAS			
HML-2_15q25.2	HG02492_h2_HML-2_15q25.2_graph_hgsvc3-2024-02-23-mc-chm13_DEGRADED_KCON_1912	HML-2_15q25.2	HG02492	h2	HG02492#2#haplotype2-0000132#0:17678710-17707581	HML-2_15q25.2|HG02492|h2|graph|historical_source/Documents/HML2_project_data/hgsvc3-2024-02-23-mc-chm13/HML-2_15q25.2/HG02492_h2_HML-2_15q25.2_graph_hgsvc3-2024-02-23-mc-chm13.fa|c17c83c9edcbcec7db2543cf01da389dcda19472ba7c7a23a64c165852801a2a	1	1	NA	NA	NO_EXACT_RETAINED_RECORD				NOT_ASSESSED_NO_EXACT_RETAINED_RECORD				PRESENT	SAS			
HML-2_15q25.2	HG02554_h1_HML-2_15q25.2_graph_hgsvc3-2024-02-23-mc-chm13_DEGRADED_KCON_1912	HML-2_15q25.2	HG02554	h1	HG02554#1#haplotype1-0000035#0:79720084-79753460	HML-2_15q25.2|HG02554|h1|graph|historical_source/Documents/HML2_project_data/hgsvc3-2024-02-23-mc-chm13/HML-2_15q25.2/HG02554_h1_HML-2_15q25.2_graph_hgsvc3-2024-02-23-mc-chm13.fa|b8156a37847b9877ccc3a972be3775649e20bd089c77e9f57ccd8a55765fe551	1	1	NA	NA	NO_EXACT_RETAINED_RECORD				NOT_ASSESSED_NO_EXACT_RETAINED_RECORD				PRESENT	AFR			
HML-2_15q25.2	HG02554_h2_HML-2_15q25.2_graph_hgsvc3-2024-02-23-mc-chm13_DEGRADED_KCON_1912	HML-2_15q25.2	HG02554	h2	HG02554#2#haplotype2-0000193#0:76141815-76175262	HML-2_15q25.2|HG02554|h2|graph|historical_source/Documents/HML2_project_data/hgsvc3-2024-02-23-mc-chm13/HML-2_15q25.2/HG02554_h2_HML-2_15q25.2_graph_hgsvc3-2024-02-23-mc-chm13.fa|6bb714318795db0cb5831cfb436da62af8307fac689ebaf71e9e87f57ae6483d	1	1	NA	NA	NO_EXACT_RETAINED_RECORD				NOT_ASSESSED_NO_EXACT_RETAINED_RECORD				PRESENT	AFR			
HML-2_15q25.2	HG02587_h1_HML-2_15q25.2_graph_hgsvc3-2024-02-23-mc-chm13_DEGRADED_KCON_1912	HML-2_15q25.2	HG02587	h1	HG02587#1#haplotype1-0000035#0:17684066-17717493	HML-2_15q25.2|HG02587|h1|graph|historical_source/Documents/HML2_project_data/hgsvc3-2024-02-23-mc-chm13/HML-2_15q25.2/HG02587_h1_HML-2_15q25.2_graph_hgsvc3-2024-02-23-mc-chm13.fa|5cc38447cac46bcbda17243960cd2784c0adf46998707fd859d782283f1d9222	1	1	NA	NA	NO_EXACT_RETAINED_RECORD				NOT_ASSESSED_NO_EXACT_RETAINED_RECORD				PRESENT	AFR			
HML-2_15q25.2	HG02587_h2_HML-2_15q25.2_graph_hgsvc3-2024-02-23-mc-chm13_DEGRADED_KCON_1912	HML-2_15q25.2	HG02587	h2	HG02587#2#haplotype2-0000078#0:17725610-17759041	HML-2_15q25.2|HG02587|h2|graph|historical_source/Documents/HML2_project_data/hgsvc3-2024-02-23-mc-chm13/HML-2_15q25.2/HG02587_h2_HML-2_15q25.2_graph_hgsvc3-2024-02-23-mc-chm13.fa|73f19086e35280ac3210b15f36b85ef5cc290abe04700f9d0bbbf8883e3ae2cf	1	1	NA	NA	NO_EXACT_RETAINED_RECORD				NOT_ASSESSED_NO_EXACT_RETAINED_RECORD				PRESENT	AFR			
HML-2_15q25.2	HG02666_h1_HML-2_15q25.2_graph_hgsvc3-2024-02-23-mc-chm13_DEGRADED_KCON_1912	HML-2_15q25.2	HG02666	h1	HG02666#1#haplotype1-0000017#0:17720532-17753939	HML-2_15q25.2|HG02666|h1|graph|historical_source/Documents/HML2_project_data/hgsvc3-2024-02-23-mc-chm13/HML-2_15q25.2/HG02666_h1_HML-2_15q25.2_graph_hgsvc3-2024-02-23-mc-chm13.fa|e117addbcb9a22fa05a5f5245d30d53b429dc88394f7a1dd48707773cfc0cd99	1	1	NA	NA	NO_EXACT_RETAINED_RECORD				NOT_ASSESSED_NO_EXACT_RETAINED_RECORD				PRESENT	AFR			
HML-2_15q25.2	HG02666_h2_HML-2_15q25.2_graph_hgsvc3-2024-02-23-mc-chm13_DEGRADED_KCON_1912	HML-2_15q25.2	HG02666	h2	HG02666#2#haplotype2-0000076#0:17745475-17778921	HML-2_15q25.2|HG02666|h2|graph|historical_source/Documents/HML2_project_data/hgsvc3-2024-02-23-mc-chm13/HML-2_15q25.2/HG02666_h2_HML-2_15q25.2_graph_hgsvc3-2024-02-23-mc-chm13.fa|d9ad93ea039b88440defaa32339f84a6b09bc1ae854ab403961e9bb3ae025a9b	1	1	NA	NA	NO_EXACT_RETAINED_RECORD				NOT_ASSESSED_NO_EXACT_RETAINED_RECORD				PRESENT	AFR			
HML-2_15q25.2	HG02769_h1_HML-2_15q25.2_graph_hgsvc3-2024-02-23-mc-chm13_DEGRADED_KCON_1912	HML-2_15q25.2	HG02769	h1	HG02769#1#haplotype1-0000036#0:17810704-17844139	HML-2_15q25.2|HG02769|h1|graph|historical_source/Documents/HML2_project_data/hgsvc3-2024-02-23-mc-chm13/HML-2_15q25.2/HG02769_h1_HML-2_15q25.2_graph_hgsvc3-2024-02-23-mc-chm13.fa|1ad07557ead22e5bce3c1900060015048bf3884151ec732082c00762ba69cc6f	1	1	NA	NA	NO_EXACT_RETAINED_RECORD				NOT_ASSESSED_NO_EXACT_RETAINED_RECORD				PRESENT	AFR			
HML-2_15q25.2	HG02769_h2_HML-2_15q25.2_graph_hgsvc3-2024-02-23-mc-chm13_DEGRADED_KCON_1912	HML-2_15q25.2	HG02769	h2	HG02769#2#haplotype2-0000212#0:7770491-7803918	HML-2_15q25.2|HG02769|h2|graph|historical_source/Documents/HML2_project_data/hgsvc3-2024-02-23-mc-chm13/HML-2_15q25.2/HG02769_h2_HML-2_15q25.2_graph_hgsvc3-2024-02-23-mc-chm13.fa|dd29eb554102a1ac785c2b1933b59d5f29a64c9013d33f4baea415a39768e594	1	1	NA	NA	NO_EXACT_RETAINED_RECORD				NOT_ASSESSED_NO_EXACT_RETAINED_RECORD				PRESENT	AFR			
HML-2_15q25.2	HG02953_h1_HML-2_15q25.2_graph_hgsvc3-2024-02-23-mc-chm13_DEGRADED_KCON_1912	HML-2_15q25.2	HG02953	h1	HG02953#1#haplotype1-0000048#0:80614779-80648216	HML-2_15q25.2|HG02953|h1|graph|historical_source/Documents/HML2_project_data/hgsvc3-2024-02-23-mc-chm13/HML-2_15q25.2/HG02953_h1_HML-2_15q25.2_graph_hgsvc3-2024-02-23-mc-chm13.fa|5ddacf0673ebcaf6c3ea1050cb35edb02e2523fe4b36cf9928a6e624a2dbef37	1	1	NA	NA	NO_EXACT_RETAINED_RECORD				NOT_ASSESSED_NO_EXACT_RETAINED_RECORD				PRESENT	AFR			
HML-2_15q25.2	HG02953_h2_HML-2_15q25.2_graph_hgsvc3-2024-02-23-mc-chm13_DEGRADED_KCON_1912	HML-2_15q25.2	HG02953	h2	HG02953#2#haplotype2-0000163#0:79635897-79669328	HML-2_15q25.2|HG02953|h2|graph|historical_source/Documents/HML2_project_data/hgsvc3-2024-02-23-mc-chm13/HML-2_15q25.2/HG02953_h2_HML-2_15q25.2_graph_hgsvc3-2024-02-23-mc-chm13.fa|59c625a4bdb5cb81b3e0980cbb879e03fca0f5f40e08a7cef657ef64eeb6eab6	1	1	NA	NA	NO_EXACT_RETAINED_RECORD				NOT_ASSESSED_NO_EXACT_RETAINED_RECORD				PRESENT	AFR			
HML-2_15q25.2	HG03009_h1_HML-2_15q25.2_graph_hgsvc3-2024-02-23-mc-chm13_DEGRADED_KCON_1912	HML-2_15q25.2	HG03009	h1	HG03009#1#haplotype1-0000002#0:17736508-17769956	HML-2_15q25.2|HG03009|h1|graph|historical_source/Documents/HML2_project_data/hgsvc3-2024-02-23-mc-chm13/HML-2_15q25.2/HG03009_h1_HML-2_15q25.2_graph_hgsvc3-2024-02-23-mc-chm13.fa|ce1bb70a7bdc777023cdeca55d40c8acc60cd64ff05c18e53f6d16e5cc8aa066	1	1	NA	NA	NO_EXACT_RETAINED_RECORD				NOT_ASSESSED_NO_EXACT_RETAINED_RECORD				PRESENT	SAS			
HML-2_15q25.2	HG03009_h2_HML-2_15q25.2_graph_hgsvc3-2024-02-23-mc-chm13_DEGRADED_KCON_1912	HML-2_15q25.2	HG03009	h2	HG03009#2#haplotype2-0000080#0:17718530-17751968	HML-2_15q25.2|HG03009|h2|graph|historical_source/Documents/HML2_project_data/hgsvc3-2024-02-23-mc-chm13/HML-2_15q25.2/HG03009_h2_HML-2_15q25.2_graph_hgsvc3-2024-02-23-mc-chm13.fa|089e4b4934163aad22468fa5833827da8c056ec382047d89e461480f16dd597a	1	1	NA	NA	NO_EXACT_RETAINED_RECORD				NOT_ASSESSED_NO_EXACT_RETAINED_RECORD				PRESENT	SAS			
HML-2_15q25.2	HG03065_h1_HML-2_15q25.2_graph_hgsvc3-2024-02-23-mc-chm13_DEGRADED_KCON_1912	HML-2_15q25.2	HG03065	h1	HG03065#1#haplotype1-0000014#0:17702459-17735906	HML-2_15q25.2|HG03065|h1|graph|historical_source/Documents/HML2_project_data/hgsvc3-2024-02-23-mc-chm13/HML-2_15q25.2/HG03065_h1_HML-2_15q25.2_graph_hgsvc3-2024-02-23-mc-chm13.fa|26f19564136711d74218d097c688d9fbe24b5ff0389cd2f9e73729d4c495f716	1	1	NA	NA	NO_EXACT_RETAINED_RECORD				NOT_ASSESSED_NO_EXACT_RETAINED_RECORD				PRESENT	AFR			
HML-2_15q25.2	HG03065_h2_HML-2_15q25.2_graph_hgsvc3-2024-02-23-mc-chm13_DEGRADED_KCON_1912	HML-2_15q25.2	HG03065	h2	HG03065#2#haplotype2-0000057#0:7189046-7222473	HML-2_15q25.2|HG03065|h2|graph|historical_source/Documents/HML2_project_data/hgsvc3-2024-02-23-mc-chm13/HML-2_15q25.2/HG03065_h2_HML-2_15q25.2_graph_hgsvc3-2024-02-23-mc-chm13.fa|a8da3c14f599271f37d5c26a8b7650c2e07a863756a8ab4f00bc07a4f2c22486	1	1	NA	NA	NO_EXACT_RETAINED_RECORD				NOT_ASSESSED_NO_EXACT_RETAINED_RECORD				PRESENT	AFR			
HML-2_15q25.2	HG03248_h1_HML-2_15q25.2_graph_hgsvc3-2024-02-23-mc-chm13_DEGRADED_KCON_1912	HML-2_15q25.2	HG03248	h1	HG03248#1#haplotype1-0000002#0:74719887-74753319	HML-2_15q25.2|HG03248|h1|graph|historical_source/Documents/HML2_project_data/hgsvc3-2024-02-23-mc-chm13/HML-2_15q25.2/HG03248_h1_HML-2_15q25.2_graph_hgsvc3-2024-02-23-mc-chm13.fa|9df2d29aad87c90c8812906480ac92a71a923dbc2114c58c97838dae44d6f9dd	1	1	NA	NA	NO_EXACT_RETAINED_RECORD				NOT_ASSESSED_NO_EXACT_RETAINED_RECORD				PRESENT	AFR			
HML-2_15q25.2	HG03248_h2_HML-2_15q25.2_graph_hgsvc3-2024-02-23-mc-chm13_DEGRADED_KCON_1912	HML-2_15q25.2	HG03248	h2	HG03248#2#haplotype2-0000157#0:73528154-73561586	HML-2_15q25.2|HG03248|h2|graph|historical_source/Documents/HML2_project_data/hgsvc3-2024-02-23-mc-chm13/HML-2_15q25.2/HG03248_h2_HML-2_15q25.2_graph_hgsvc3-2024-02-23-mc-chm13.fa|a3af95d51785b00403c3ffdbec36d609ca3025da25de0fab4425897ad7c7e335	1	1	NA	NA	NO_EXACT_RETAINED_RECORD				NOT_ASSESSED_NO_EXACT_RETAINED_RECORD				PRESENT	AFR			
HML-2_15q25.2	HG03371_h1_HML-2_15q25.2_graph_hgsvc3-2024-02-23-mc-chm13_DEGRADED_KCON_1912	HML-2_15q25.2	HG03371	h1	HG03371#1#haplotype1-0000002#0:78442707-78476117	HML-2_15q25.2|HG03371|h1|graph|historical_source/Documents/HML2_project_data/hgsvc3-2024-02-23-mc-chm13/HML-2_15q25.2/HG03371_h1_HML-2_15q25.2_graph_hgsvc3-2024-02-23-mc-chm13.fa|68d9ab435c8db990f2041b02e40f5d67d59b84cbf0485dadc52ec078f3750cc5	1	1	NA	NA	NO_EXACT_RETAINED_RECORD				NOT_ASSESSED_NO_EXACT_RETAINED_RECORD				PRESENT	AFR			
HML-2_15q25.2	HG03371_h2_HML-2_15q25.2_graph_hgsvc3-2024-02-23-mc-chm13_DEGRADED_KCON_1908	HML-2_15q25.2	HG03371	h2	HG03371#2#haplotype2-0000063#0:17580906-17614333	HML-2_15q25.2|HG03371|h2|graph|historical_source/Documents/HML2_project_data/hgsvc3-2024-02-23-mc-chm13/HML-2_15q25.2/HG03371_h2_HML-2_15q25.2_graph_hgsvc3-2024-02-23-mc-chm13.fa|2a0487f7d19fc6b8bcd77f7d5539c027a1400a86194f615c794dbd1c5066b0a9	1	1	NA	NA	NO_EXACT_RETAINED_RECORD				NOT_ASSESSED_NO_EXACT_RETAINED_RECORD				PRESENT	AFR			
HML-2_15q25.2	HG03452_h1_HML-2_15q25.2_graph_hgsvc3-2024-02-23-mc-chm13_DEGRADED_KCON_1912	HML-2_15q25.2	HG03452	h1	HG03452#1#haplotype1-0000014#0:17657524-17690968	HML-2_15q25.2|HG03452|h1|graph|historical_source/Documents/HML2_project_data/hgsvc3-2024-02-23-mc-chm13/HML-2_15q25.2/HG03452_h1_HML-2_15q25.2_graph_hgsvc3-2024-02-23-mc-chm13.fa|7d25ee92ce94bda1fda72058d00c9b85c7646e963c487b4d5a3f38f2c562d018	1	1	NA	NA	NO_EXACT_RETAINED_RECORD				NOT_ASSESSED_NO_EXACT_RETAINED_RECORD				PRESENT	AFR			
HML-2_15q25.2	HG03452_h2_HML-2_15q25.2_graph_hgsvc3-2024-02-23-mc-chm13_DEGRADED_KCON_1912	HML-2_15q25.2	HG03452	h2	HG03452#2#haplotype2-0000113#0:17722771-17756210	HML-2_15q25.2|HG03452|h2|graph|historical_source/Documents/HML2_project_data/hgsvc3-2024-02-23-mc-chm13/HML-2_15q25.2/HG03452_h2_HML-2_15q25.2_graph_hgsvc3-2024-02-23-mc-chm13.fa|aae1f8bc42c89aaf1d383b1526ec88fc35d023be0a82fb17113ba01d0198c39e	1	1	NA	NA	NO_EXACT_RETAINED_RECORD				NOT_ASSESSED_NO_EXACT_RETAINED_RECORD				PRESENT	AFR			
HML-2_15q25.2	HG03456_h1_HML-2_15q25.2_graph_hgsvc3-2024-02-23-mc-chm13_DEGRADED_KCON_1912	HML-2_15q25.2	HG03456	h1	HG03456#1#haplotype1-0000019#0:17712419-17745845	HML-2_15q25.2|HG03456|h1|graph|historical_source/Documents/HML2_project_data/hgsvc3-2024-02-23-mc-chm13/HML-2_15q25.2/HG03456_h1_HML-2_15q25.2_graph_hgsvc3-2024-02-23-mc-chm13.fa|09cb2f9846062ac694cd72c4a470b99dada37fd74f097ac35ded46d0971c4462	1	1	NA	NA	NO_EXACT_RETAINED_RECORD				NOT_ASSESSED_NO_EXACT_RETAINED_RECORD				PRESENT	AFR			
HML-2_15q25.2	HG03456_h2_HML-2_15q25.2_graph_hgsvc3-2024-02-23-mc-chm13_DEGRADED_KCON_1912	HML-2_15q25.2	HG03456	h2	HG03456#2#haplotype2-0000151#0:17742641-17776099	HML-2_15q25.2|HG03456|h2|graph|historical_source/Documents/HML2_project_data/hgsvc3-2024-02-23-mc-chm13/HML-2_15q25.2/HG03456_h2_HML-2_15q25.2_graph_hgsvc3-2024-02-23-mc-chm13.fa|79443caa7b6b04b8c2efddfed66205834db1fc9072a0ac795c3e612196cb2aa7	1	1	NA	NA	NO_EXACT_RETAINED_RECORD				NOT_ASSESSED_NO_EXACT_RETAINED_RECORD				PRESENT	AFR			
HML-2_15q25.2	HG03520_h1_HML-2_15q25.2_graph_hgsvc3-2024-02-23-mc-chm13_DEGRADED_KCON_1912	HML-2_15q25.2	HG03520	h1	HG03520#1#haplotype1-0000036#0:72760074-72793507	HML-2_15q25.2|HG03520|h1|graph|historical_source/Documents/HML2_project_data/hgsvc3-2024-02-23-mc-chm13/HML-2_15q25.2/HG03520_h1_HML-2_15q25.2_graph_hgsvc3-2024-02-23-mc-chm13.fa|46c61826d202be5b36016fb9de41082486b49da78201235ff48ff8b6c660c09d	1	1	NA	NA	NO_EXACT_RETAINED_RECORD				NOT_ASSESSED_NO_EXACT_RETAINED_RECORD				PRESENT	AFR			
HML-2_15q25.2	HG03520_h2_HML-2_15q25.2_graph_hgsvc3-2024-02-23-mc-chm13_DEGRADED_KCON_1912	HML-2_15q25.2	HG03520	h2	HG03520#2#haplotype2-0000173#0:80600857-80634295	HML-2_15q25.2|HG03520|h2|graph|historical_source/Documents/HML2_project_data/hgsvc3-2024-02-23-mc-chm13/HML-2_15q25.2/HG03520_h2_HML-2_15q25.2_graph_hgsvc3-2024-02-23-mc-chm13.fa|15f161724704fc22dc1e5a6cbce1009b0abda8d8ebc2d5a0a89cc6d82185cfc8	1	1	NA	NA	NO_EXACT_RETAINED_RECORD				NOT_ASSESSED_NO_EXACT_RETAINED_RECORD				PRESENT	AFR			
HML-2_15q25.2	HG03683_h1_HML-2_15q25.2_graph_hgsvc3-2024-02-23-mc-chm13_DEGRADED_KCON_1912	HML-2_15q25.2	HG03683	h1	HG03683#1#haplotype1-0000011#0:17710549-17743986	HML-2_15q25.2|HG03683|h1|graph|historical_source/Documents/HML2_project_data/hgsvc3-2024-02-23-mc-chm13/HML-2_15q25.2/HG03683_h1_HML-2_15q25.2_graph_hgsvc3-2024-02-23-mc-chm13.fa|1e0ab163fef03e8fb84818b4cbe399de69d83d9add3560156c113f2ad16d8e38	1	1	NA	NA	NO_EXACT_RETAINED_RECORD				NOT_ASSESSED_NO_EXACT_RETAINED_RECORD				PRESENT	SAS			
HML-2_15q25.2	HG03683_h2_HML-2_15q25.2_graph_hgsvc3-2024-02-23-mc-chm13_DEGRADED_KCON_1912	HML-2_15q25.2	HG03683	h2	HG03683#2#haplotype2-0000061#0:17659617-17688487	HML-2_15q25.2|HG03683|h2|graph|historical_source/Documents/HML2_project_data/hgsvc3-2024-02-23-mc-chm13/HML-2_15q25.2/HG03683_h2_HML-2_15q25.2_graph_hgsvc3-2024-02-23-mc-chm13.fa|0be481352ae862486a23a57355a506b71fb110e613642acc8354df9a33910977	1	1	NA	NA	NO_EXACT_RETAINED_RECORD				NOT_ASSESSED_NO_EXACT_RETAINED_RECORD				PRESENT	SAS			
HML-2_15q25.2	HG03732_h1_HML-2_15q25.2_graph_hgsvc3-2024-02-23-mc-chm13_DEGRADED_KCON_1912	HML-2_15q25.2	HG03732	h1	HG03732#1#haplotype1-0000010#0:82338332-82367203	HML-2_15q25.2|HG03732|h1|graph|historical_source/Documents/HML2_project_data/hgsvc3-2024-02-23-mc-chm13/HML-2_15q25.2/HG03732_h1_HML-2_15q25.2_graph_hgsvc3-2024-02-23-mc-chm13.fa|9320f0865f6308b8b3e062c752048e49e9864ed43bf9921b486dd161d5fc1a12	1	1	NA	NA	NO_EXACT_RETAINED_RECORD				NOT_ASSESSED_NO_EXACT_RETAINED_RECORD				PRESENT	SAS			
HML-2_15q25.2	HG03732_h2_HML-2_15q25.2_graph_hgsvc3-2024-02-23-mc-chm13_DEGRADED_KCON_1912	HML-2_15q25.2	HG03732	h2	HG03732#2#haplotype2-0000098#0:72886157-72919584	HML-2_15q25.2|HG03732|h2|graph|historical_source/Documents/HML2_project_data/hgsvc3-2024-02-23-mc-chm13/HML-2_15q25.2/HG03732_h2_HML-2_15q25.2_graph_hgsvc3-2024-02-23-mc-chm13.fa|816c2bbd00d6e536996c4e779bd0e7c66d410e639bd5caa8186d6ddcca376927	1	1	NA	NA	NO_EXACT_RETAINED_RECORD				NOT_ASSESSED_NO_EXACT_RETAINED_RECORD				PRESENT	SAS			
HML-2_15q25.2	HG03807_h1_HML-2_15q25.2_graph_hgsvc3-2024-02-23-mc-chm13_DEGRADED_KCON_1912	HML-2_15q25.2	HG03807	h1	HG03807#1#haplotype1-0000033#0:17732608-17766035	HML-2_15q25.2|HG03807|h1|graph|historical_source/Documents/HML2_project_data/hgsvc3-2024-02-23-mc-chm13/HML-2_15q25.2/HG03807_h1_HML-2_15q25.2_graph_hgsvc3-2024-02-23-mc-chm13.fa|83d58c0da8b81eee045ccfefd180548fee1795916c0b9049bd93a79307d9b8a2	1	1	NA	NA	NO_EXACT_RETAINED_RECORD				NOT_ASSESSED_NO_EXACT_RETAINED_RECORD				PRESENT	SAS			
HML-2_15q25.2	HG03807_h2_HML-2_15q25.2_graph_hgsvc3-2024-02-23-mc-chm13_DEGRADED_KCON_1912	HML-2_15q25.2	HG03807	h2	HG03807#2#haplotype2-0000107#0:17732928-17766339	HML-2_15q25.2|HG03807|h2|graph|historical_source/Documents/HML2_project_data/hgsvc3-2024-02-23-mc-chm13/HML-2_15q25.2/HG03807_h2_HML-2_15q25.2_graph_hgsvc3-2024-02-23-mc-chm13.fa|c8653fe1e3e64cf5bcf17ff4139acc799777710666cb17b81380b05f284d850d	1	1	NA	NA	NO_EXACT_RETAINED_RECORD				NOT_ASSESSED_NO_EXACT_RETAINED_RECORD				PRESENT	SAS			
HML-2_15q25.2	HG04036_h1_HML-2_15q25.2_graph_hgsvc3-2024-02-23-mc-chm13_DEGRADED_KCON_1912	HML-2_15q25.2	HG04036	h1	HG04036#1#haplotype1-0000007#0:17741315-17774735	HML-2_15q25.2|HG04036|h1|graph|historical_source/Documents/HML2_project_data/hgsvc3-2024-02-23-mc-chm13/HML-2_15q25.2/HG04036_h1_HML-2_15q25.2_graph_hgsvc3-2024-02-23-mc-chm13.fa|17039b972a5ef5ad6b04cc81d4211f541db971621be0fc587ea38e85fe268101	1	1	NA	NA	NO_EXACT_RETAINED_RECORD				NOT_ASSESSED_NO_EXACT_RETAINED_RECORD				PRESENT	SAS			
HML-2_15q25.2	HG04036_h2_HML-2_15q25.2_graph_hgsvc3-2024-02-23-mc-chm13_DEGRADED_KCON_1912	HML-2_15q25.2	HG04036	h2	HG04036#2#haplotype2-0000082#0:17739374-17772796	HML-2_15q25.2|HG04036|h2|graph|historical_source/Documents/HML2_project_data/hgsvc3-2024-02-23-mc-chm13/HML-2_15q25.2/HG04036_h2_HML-2_15q25.2_graph_hgsvc3-2024-02-23-mc-chm13.fa|e8c71b80f4d254ad9852a10beffcfa6a2d167cdb975e55c081ca67a2ef3c5cf9	1	1	NA	NA	NO_EXACT_RETAINED_RECORD				NOT_ASSESSED_NO_EXACT_RETAINED_RECORD				PRESENT	SAS			
HML-2_15q25.2	HG04217_h1_HML-2_15q25.2_graph_hgsvc3-2024-02-23-mc-chm13_DEGRADED_KCON_1912	HML-2_15q25.2	HG04217	h1	HG04217#1#haplotype1-0000027#0:73236828-73270263	HML-2_15q25.2|HG04217|h1|graph|historical_source/Documents/HML2_project_data/hgsvc3-2024-02-23-mc-chm13/HML-2_15q25.2/HG04217_h1_HML-2_15q25.2_graph_hgsvc3-2024-02-23-mc-chm13.fa|e91031d7f16c2d4c57e765a0269c4392325b9b0ba212c1519673d41baa61b3d9	1	1	NA	NA	NO_EXACT_RETAINED_RECORD				NOT_ASSESSED_NO_EXACT_RETAINED_RECORD				PRESENT	SAS			
HML-2_15q25.2	HG04217_h2_HML-2_15q25.2_graph_hgsvc3-2024-02-23-mc-chm13_DEGRADED_KCON_1912	HML-2_15q25.2	HG04217	h2	HG04217#2#haplotype2-0000080#0:75145203-75178620	HML-2_15q25.2|HG04217|h2|graph|historical_source/Documents/HML2_project_data/hgsvc3-2024-02-23-mc-chm13/HML-2_15q25.2/HG04217_h2_HML-2_15q25.2_graph_hgsvc3-2024-02-23-mc-chm13.fa|11ef8a0da7498d53e83012a269091ff35fe595dbc956851aeee9261d9888d1a4	1	1	NA	NA	NO_EXACT_RETAINED_RECORD				NOT_ASSESSED_NO_EXACT_RETAINED_RECORD				PRESENT	SAS			
HML-2_15q25.2	NA12329_h1_HML-2_15q25.2_graph_hgsvc3-2024-02-23-mc-chm13_DEGRADED_KCON_1912	HML-2_15q25.2	NA12329	h1	NA12329#1#haplotype1-0000006#0:76553350-76586767	HML-2_15q25.2|NA12329|h1|graph|historical_source/Documents/HML2_project_data/hgsvc3-2024-02-23-mc-chm13/HML-2_15q25.2/NA12329_h1_HML-2_15q25.2_graph_hgsvc3-2024-02-23-mc-chm13.fa|68d7909f8e43a084241563687b80159d878076d20bcf689d76bc7fa5229afeb3	1	1	NA	NA	NO_EXACT_RETAINED_RECORD				NOT_ASSESSED_NO_EXACT_RETAINED_RECORD				PRESENT	EUR			
HML-2_15q25.2	NA12329_h2_HML-2_15q25.2_graph_hgsvc3-2024-02-23-mc-chm13_DEGRADED_KCON_1912	HML-2_15q25.2	NA12329	h2	NA12329#2#haplotype2-0000078#0:17618129-17651548	HML-2_15q25.2|NA12329|h2|graph|historical_source/Documents/HML2_project_data/hgsvc3-2024-02-23-mc-chm13/HML-2_15q25.2/NA12329_h2_HML-2_15q25.2_graph_hgsvc3-2024-02-23-mc-chm13.fa|6033d909d441936f9e13a49258662689be25ee1c9264f0a9b738b4c7e092d35b	1	1	NA	NA	NO_EXACT_RETAINED_RECORD				NOT_ASSESSED_NO_EXACT_RETAINED_RECORD				PRESENT	EUR			
HML-2_15q25.2	NA18534_h1_HML-2_15q25.2_graph_hgsvc3-2024-02-23-mc-chm13_DEGRADED_KCON_1912	HML-2_15q25.2	NA18534	h1	NA18534#1#haplotype1-0000042#0:17658997-17687868	HML-2_15q25.2|NA18534|h1|graph|historical_source/Documents/HML2_project_data/hgsvc3-2024-02-23-mc-chm13/HML-2_15q25.2/NA18534_h1_HML-2_15q25.2_graph_hgsvc3-2024-02-23-mc-chm13.fa|948aa2d41e820eda6525e56f5b3eef94b43cf61e5c374db3929e0a5243d81a62	1	1	NA	NA	NO_EXACT_RETAINED_RECORD				NOT_ASSESSED_NO_EXACT_RETAINED_RECORD				PRESENT	EAS			
HML-2_15q25.2	NA18534_h2_HML-2_15q25.2_graph_hgsvc3-2024-02-23-mc-chm13_DEGRADED_KCON_1912	HML-2_15q25.2	NA18534	h2	NA18534#2#haplotype2-0000078#0:17745654-17779092	HML-2_15q25.2|NA18534|h2|graph|historical_source/Documents/HML2_project_data/hgsvc3-2024-02-23-mc-chm13/HML-2_15q25.2/NA18534_h2_HML-2_15q25.2_graph_hgsvc3-2024-02-23-mc-chm13.fa|5edb01cceda9d080accd147af4fc8ce627e528b65c62b4a631127ab9e41fc0e7	1	1	NA	NA	NO_EXACT_RETAINED_RECORD				NOT_ASSESSED_NO_EXACT_RETAINED_RECORD				PRESENT	EAS			
HML-2_15q25.2	NA18939_h1_HML-2_15q25.2_graph_hgsvc3-2024-02-23-mc-chm13_DEGRADED_KCON_1912	HML-2_15q25.2	NA18939	h1	NA18939#1#haplotype1-0000018#0:17738218-17771660	HML-2_15q25.2|NA18939|h1|graph|historical_source/Documents/HML2_project_data/hgsvc3-2024-02-23-mc-chm13/HML-2_15q25.2/NA18939_h1_HML-2_15q25.2_graph_hgsvc3-2024-02-23-mc-chm13.fa|1df519a55c80a116f448767da1a42ecc3304d45e60eda20cb55c3d782e6c9f7f	1	1	NA	NA	NO_EXACT_RETAINED_RECORD				NOT_ASSESSED_NO_EXACT_RETAINED_RECORD				PRESENT	EAS			
HML-2_15q25.2	NA18939_h2_HML-2_15q25.2_graph_hgsvc3-2024-02-23-mc-chm13_DEGRADED_KCON_1912	HML-2_15q25.2	NA18939	h2	NA18939#2#haplotype2-0000146#0:17718886-17752330	HML-2_15q25.2|NA18939|h2|graph|historical_source/Documents/HML2_project_data/hgsvc3-2024-02-23-mc-chm13/HML-2_15q25.2/NA18939_h2_HML-2_15q25.2_graph_hgsvc3-2024-02-23-mc-chm13.fa|351e8c6b121649fa87be8203407ff9e837f3e2d375e2ede31eda2a086064b35d	1	1	NA	NA	NO_EXACT_RETAINED_RECORD				NOT_ASSESSED_NO_EXACT_RETAINED_RECORD				PRESENT	EAS			
HML-2_15q25.2	NA18989_h1_HML-2_15q25.2_graph_hgsvc3-2024-02-23-mc-chm13_DEGRADED_KCON_1912	HML-2_15q25.2	NA18989	h1	NA18989#1#haplotype1-0000023#0:17646937-17680366	HML-2_15q25.2|NA18989|h1|graph|historical_source/Documents/HML2_project_data/hgsvc3-2024-02-23-mc-chm13/HML-2_15q25.2/NA18989_h1_HML-2_15q25.2_graph_hgsvc3-2024-02-23-mc-chm13.fa|cf4b7403597719c82e79bb58e708f2b60e114ec611f4f01d0fdef70abd970f54	1	1	NA	NA	NO_EXACT_RETAINED_RECORD				NOT_ASSESSED_NO_EXACT_RETAINED_RECORD				PRESENT	EAS			
HML-2_15q25.2	NA18989_h2_HML-2_15q25.2_graph_hgsvc3-2024-02-23-mc-chm13_DEGRADED_KCON_1912	HML-2_15q25.2	NA18989	h2	NA18989#2#haplotype2-0000147#0:17724428-17757871	HML-2_15q25.2|NA18989|h2|graph|historical_source/Documents/HML2_project_data/hgsvc3-2024-02-23-mc-chm13/HML-2_15q25.2/NA18989_h2_HML-2_15q25.2_graph_hgsvc3-2024-02-23-mc-chm13.fa|bf17dedad57104b37a02c839a7658125a4051c4853a26a0d7003267d2d5276ed	1	1	NA	NA	NO_EXACT_RETAINED_RECORD				NOT_ASSESSED_NO_EXACT_RETAINED_RECORD				PRESENT	EAS			
HML-2_15q25.2	NA19129_h1_HML-2_15q25.2_graph_hgsvc3-2024-02-23-mc-chm13_DEGRADED_KCON_1912	HML-2_15q25.2	NA19129	h1	NA19129#1#haplotype1-0000006#0:17698711-17732152	HML-2_15q25.2|NA19129|h1|graph|historical_source/Documents/HML2_project_data/hgsvc3-2024-02-23-mc-chm13/HML-2_15q25.2/NA19129_h1_HML-2_15q25.2_graph_hgsvc3-2024-02-23-mc-chm13.fa|e99e300c64ddca8ac17c6595b82acfa4ba30785fb7e6dd8814d16a6463c47fff	1	1	NA	NA	NO_EXACT_RETAINED_RECORD				NOT_ASSESSED_NO_EXACT_RETAINED_RECORD				PRESENT	AFR			
HML-2_15q25.2	NA19129_h2_HML-2_15q25.2_graph_hgsvc3-2024-02-23-mc-chm13_DEGRADED_KCON_1912	HML-2_15q25.2	NA19129	h2	NA19129#2#haplotype2-0000087#0:17721747-17755181	HML-2_15q25.2|NA19129|h2|graph|historical_source/Documents/HML2_project_data/hgsvc3-2024-02-23-mc-chm13/HML-2_15q25.2/NA19129_h2_HML-2_15q25.2_graph_hgsvc3-2024-02-23-mc-chm13.fa|3124e892aed2728a8bb07d1a07843b6d4314aeac73b90e0335da93269fee7d27	1	1	NA	NA	NO_EXACT_RETAINED_RECORD				NOT_ASSESSED_NO_EXACT_RETAINED_RECORD				PRESENT	AFR			
HML-2_15q25.2	NA19238_h1_HML-2_15q25.2_graph_hgsvc3-2024-02-23-mc-chm13_DEGRADED_KCON_1912	HML-2_15q25.2	NA19238	h1	NA19238#1#haplotype1-0000015#0:80566883-80600320	HML-2_15q25.2|NA19238|h1|graph|historical_source/Documents/HML2_project_data/hgsvc3-2024-02-23-mc-chm13/HML-2_15q25.2/NA19238_h1_HML-2_15q25.2_graph_hgsvc3-2024-02-23-mc-chm13.fa|34d5cee17e8cd6bb68c311efb6cba005786972facad6d524ff77c1b61c00c067	1	1	NA	NA	NO_EXACT_RETAINED_RECORD				NOT_ASSESSED_NO_EXACT_RETAINED_RECORD				PRESENT	AFR			
HML-2_15q25.2	NA19238_h2_HML-2_15q25.2_graph_hgsvc3-2024-02-23-mc-chm13_DEGRADED_KCON_1912	HML-2_15q25.2	NA19238	h2	NA19238#2#haplotype2-0000108#0:75905479-75938911	HML-2_15q25.2|NA19238|h2|graph|historical_source/Documents/HML2_project_data/hgsvc3-2024-02-23-mc-chm13/HML-2_15q25.2/NA19238_h2_HML-2_15q25.2_graph_hgsvc3-2024-02-23-mc-chm13.fa|a2308966444320dd0638fc73880ddff031ed7d248a06f32d1dc0ac846454ad5a	1	1	NA	NA	NO_EXACT_RETAINED_RECORD				NOT_ASSESSED_NO_EXACT_RETAINED_RECORD				PRESENT	AFR			
HML-2_15q25.2	NA19239_h1_HML-2_15q25.2_graph_hgsvc3-2024-02-23-mc-chm13_DEGRADED_KCON_1912	HML-2_15q25.2	NA19239	h1	NA19239#1#haplotype1-0000015#0:17719656-17753084	HML-2_15q25.2|NA19239|h1|graph|historical_source/Documents/HML2_project_data/hgsvc3-2024-02-23-mc-chm13/HML-2_15q25.2/NA19239_h1_HML-2_15q25.2_graph_hgsvc3-2024-02-23-mc-chm13.fa|fb310fe853725618a43b988cf07c4bc26f3c3b5b6bba85afdca2e26ba1f9a691	1	1	NA	NA	NO_EXACT_RETAINED_RECORD				NOT_ASSESSED_NO_EXACT_RETAINED_RECORD				PRESENT	AFR			
HML-2_15q25.2	NA19239_h2_HML-2_15q25.2_graph_hgsvc3-2024-02-23-mc-chm13_DEGRADED_KCON_1912	HML-2_15q25.2	NA19239	h2	NA19239#2#haplotype2-0000076#0:17728375-17761824	HML-2_15q25.2|NA19239|h2|graph|historical_source/Documents/HML2_project_data/hgsvc3-2024-02-23-mc-chm13/HML-2_15q25.2/NA19239_h2_HML-2_15q25.2_graph_hgsvc3-2024-02-23-mc-chm13.fa|28667638e3fa39ee995bc5d7d421bee8486fbf2941d094c2371c0b45c8ee5c87	1	1	NA	NA	NO_EXACT_RETAINED_RECORD				NOT_ASSESSED_NO_EXACT_RETAINED_RECORD				PRESENT	AFR			
HML-2_15q25.2	NA19317_h1_HML-2_15q25.2_graph_hgsvc3-2024-02-23-mc-chm13_DEGRADED_KCON_1912	HML-2_15q25.2	NA19317	h1	NA19317#1#haplotype1-0000023#0:72860704-72894155	HML-2_15q25.2|NA19317|h1|graph|historical_source/Documents/HML2_project_data/hgsvc3-2024-02-23-mc-chm13/HML-2_15q25.2/NA19317_h1_HML-2_15q25.2_graph_hgsvc3-2024-02-23-mc-chm13.fa|a598da2d972df43ff9c907f251f67165484441aafe0e4678877f035e327c52c9	1	1	NA	NA	NO_EXACT_RETAINED_RECORD				NOT_ASSESSED_NO_EXACT_RETAINED_RECORD				PRESENT	AFR			
HML-2_15q25.2	NA19317_h2_HML-2_15q25.2_graph_hgsvc3-2024-02-23-mc-chm13_DEGRADED_KCON_1911	HML-2_15q25.2	NA19317	h2	NA19317#2#haplotype2-0000077#0:74479882-74513314	HML-2_15q25.2|NA19317|h2|graph|historical_source/Documents/HML2_project_data/hgsvc3-2024-02-23-mc-chm13/HML-2_15q25.2/NA19317_h2_HML-2_15q25.2_graph_hgsvc3-2024-02-23-mc-chm13.fa|101d95125a356231065a2b184bf6026f45dafc7b223567ca89b1169c6efa135d	1	1	NA	NA	NO_EXACT_RETAINED_RECORD				NOT_ASSESSED_NO_EXACT_RETAINED_RECORD				PRESENT	AFR			
HML-2_15q25.2	NA19331_h1_HML-2_15q25.2_graph_hgsvc3-2024-02-23-mc-chm13_DEGRADED_KCON_1912	HML-2_15q25.2	NA19331	h1	NA19331#1#haplotype1-0000036#0:17755880-17789324	HML-2_15q25.2|NA19331|h1|graph|historical_source/Documents/HML2_project_data/hgsvc3-2024-02-23-mc-chm13/HML-2_15q25.2/NA19331_h1_HML-2_15q25.2_graph_hgsvc3-2024-02-23-mc-chm13.fa|8b829ff0aa07e4a4c543d3e04aebf0e2f53fb9b209d593b97462bc2aca11d67e	1	1	NA	NA	NO_EXACT_RETAINED_RECORD				NOT_ASSESSED_NO_EXACT_RETAINED_RECORD				PRESENT	AFR			
HML-2_15q25.2	NA19331_h2_HML-2_15q25.2_graph_hgsvc3-2024-02-23-mc-chm13_DEGRADED_KCON_1909	HML-2_15q25.2	NA19331	h2	NA19331#2#haplotype2-0000155#0:17755199-17788612	HML-2_15q25.2|NA19331|h2|graph|historical_source/Documents/HML2_project_data/hgsvc3-2024-02-23-mc-chm13/HML-2_15q25.2/NA19331_h2_HML-2_15q25.2_graph_hgsvc3-2024-02-23-mc-chm13.fa|595114fbd93881b3fb8340315f1d222d5bcfa9e5e9691e44ea388bdd108b4f9c	1	1	NA	NA	NO_EXACT_RETAINED_RECORD				NOT_ASSESSED_NO_EXACT_RETAINED_RECORD				PRESENT	AFR			
HML-2_15q25.2	NA19347_h1_HML-2_15q25.2_graph_hgsvc3-2024-02-23-mc-chm13_DEGRADED_KCON_1912	HML-2_15q25.2	NA19347	h1	NA19347#1#haplotype1-0000014#0:77401465-77434916	HML-2_15q25.2|NA19347|h1|graph|historical_source/Documents/HML2_project_data/hgsvc3-2024-02-23-mc-chm13/HML-2_15q25.2/NA19347_h1_HML-2_15q25.2_graph_hgsvc3-2024-02-23-mc-chm13.fa|d75148709c734e85e43d503f2786cb54d6eed25712f12ee1d7796de909f68644	1	1	NA	NA	NO_EXACT_RETAINED_RECORD				NOT_ASSESSED_NO_EXACT_RETAINED_RECORD				PRESENT	AFR			
HML-2_15q25.2	NA19347_h2_HML-2_15q25.2_graph_hgsvc3-2024-02-23-mc-chm13_DEGRADED_KCON_1911	HML-2_15q25.2	NA19347	h2	NA19347#2#haplotype2-0000076#0:73196216-73229648	HML-2_15q25.2|NA19347|h2|graph|historical_source/Documents/HML2_project_data/hgsvc3-2024-02-23-mc-chm13/HML-2_15q25.2/NA19347_h2_HML-2_15q25.2_graph_hgsvc3-2024-02-23-mc-chm13.fa|0b1b5db41995b655cdfe1ba2d97248057b6a1406ccb87f2287881a77a75aabe8	1	1	NA	NA	NO_EXACT_RETAINED_RECORD				NOT_ASSESSED_NO_EXACT_RETAINED_RECORD				PRESENT	AFR			
HML-2_15q25.2	NA19384_h1_HML-2_15q25.2_graph_hgsvc3-2024-02-23-mc-chm13_DEGRADED_KCON_1912	HML-2_15q25.2	NA19384	h1	NA19384#1#haplotype1-0000009#0:17712988-17746423	HML-2_15q25.2|NA19384|h1|graph|historical_source/Documents/HML2_project_data/hgsvc3-2024-02-23-mc-chm13/HML-2_15q25.2/NA19384_h1_HML-2_15q25.2_graph_hgsvc3-2024-02-23-mc-chm13.fa|cd6929f75e8bae0c725ed7a511b154fa88bcd7b1e0112399c70ff61f53a66a96	1	1	NA	NA	NO_EXACT_RETAINED_RECORD				NOT_ASSESSED_NO_EXACT_RETAINED_RECORD				PRESENT	AFR			
HML-2_15q25.2	NA19384_h2_HML-2_15q25.2_graph_hgsvc3-2024-02-23-mc-chm13_DEGRADED_KCON_1912	HML-2_15q25.2	NA19384	h2	NA19384#2#haplotype2-0000135#0:74489780-74523230	HML-2_15q25.2|NA19384|h2|graph|historical_source/Documents/HML2_project_data/hgsvc3-2024-02-23-mc-chm13/HML-2_15q25.2/NA19384_h2_HML-2_15q25.2_graph_hgsvc3-2024-02-23-mc-chm13.fa|dc02ae920fa2d2a4e90c7a16502df2ab8f1acf84b5637839ed1880985fabe642	1	1	NA	NA	NO_EXACT_RETAINED_RECORD				NOT_ASSESSED_NO_EXACT_RETAINED_RECORD				PRESENT	AFR			
HML-2_15q25.2	NA19434_h1_HML-2_15q25.2_graph_hgsvc3-2024-02-23-mc-chm13_DEGRADED_KCON_1912	HML-2_15q25.2	NA19434	h1	NA19434#1#haplotype1-0000047#0:72524693-72558141	HML-2_15q25.2|NA19434|h1|graph|historical_source/Documents/HML2_project_data/hgsvc3-2024-02-23-mc-chm13/HML-2_15q25.2/NA19434_h1_HML-2_15q25.2_graph_hgsvc3-2024-02-23-mc-chm13.fa|e4ef6018c8acb28b0ee9807b0d71a15bd9e03914d5999167167e81e04bc0de71	1	1	NA	NA	NO_EXACT_RETAINED_RECORD				NOT_ASSESSED_NO_EXACT_RETAINED_RECORD				PRESENT	AFR			
HML-2_15q25.2	NA19434_h2_HML-2_15q25.2_graph_hgsvc3-2024-02-23-mc-chm13_DEGRADED_KCON_1912	HML-2_15q25.2	NA19434	h2	NA19434#2#haplotype2-0000142#0:73404733-73438156	HML-2_15q25.2|NA19434|h2|graph|historical_source/Documents/HML2_project_data/hgsvc3-2024-02-23-mc-chm13/HML-2_15q25.2/NA19434_h2_HML-2_15q25.2_graph_hgsvc3-2024-02-23-mc-chm13.fa|596d84d1ddf227ac9157a891914e0b46a35318915f648d55909e9e6a5d8289f0	1	1	NA	NA	NO_EXACT_RETAINED_RECORD				NOT_ASSESSED_NO_EXACT_RETAINED_RECORD				PRESENT	AFR			
HML-2_15q25.2	NA19650_h1_HML-2_15q25.2_graph_hgsvc3-2024-02-23-mc-chm13_DEGRADED_KCON_1912	HML-2_15q25.2	NA19650	h1	NA19650#1#haplotype1-0000028#0:17711037-17744448	HML-2_15q25.2|NA19650|h1|graph|historical_source/Documents/HML2_project_data/hgsvc3-2024-02-23-mc-chm13/HML-2_15q25.2/NA19650_h1_HML-2_15q25.2_graph_hgsvc3-2024-02-23-mc-chm13.fa|c7243982a7e5618b04af00d1bc298b8ff086166a36cf921b66648404deff451a	1	1	NA	NA	NO_EXACT_RETAINED_RECORD				NOT_ASSESSED_NO_EXACT_RETAINED_RECORD				PRESENT	AMR			
HML-2_15q25.2	NA19650_h2_HML-2_15q25.2_graph_hgsvc3-2024-02-23-mc-chm13_DEGRADED_KCON_1912	HML-2_15q25.2	NA19650	h2	NA19650#2#haplotype2-0000090#0:17670043-17698914	HML-2_15q25.2|NA19650|h2|graph|historical_source/Documents/HML2_project_data/hgsvc3-2024-02-23-mc-chm13/HML-2_15q25.2/NA19650_h2_HML-2_15q25.2_graph_hgsvc3-2024-02-23-mc-chm13.fa|9a57f71b02b28792e3503b56fe2b5a361e75ae90e53821fddbdc777ab0f564df	1	1	NA	NA	NO_EXACT_RETAINED_RECORD				NOT_ASSESSED_NO_EXACT_RETAINED_RECORD				PRESENT	AMR			
HML-2_15q25.2	NA19705_h1_HML-2_15q25.2_graph_hgsvc3-2024-02-23-mc-chm13_DEGRADED_KCON_1912	HML-2_15q25.2	NA19705	h1	NA19705#1#haplotype1-0000031#0:73161213-73194644	HML-2_15q25.2|NA19705|h1|graph|historical_source/Documents/HML2_project_data/hgsvc3-2024-02-23-mc-chm13/HML-2_15q25.2/NA19705_h1_HML-2_15q25.2_graph_hgsvc3-2024-02-23-mc-chm13.fa|5aaa3690ebf351d715765ce628abbdc3ad812a47dc6c9f33359c858c3183d86a	1	1	NA	NA	NO_EXACT_RETAINED_RECORD				NOT_ASSESSED_NO_EXACT_RETAINED_RECORD				PRESENT	AFR			
HML-2_15q25.2	NA19705_h2_HML-2_15q25.2_graph_hgsvc3-2024-02-23-mc-chm13_DEGRADED_KCON_1912	HML-2_15q25.2	NA19705	h2	NA19705#2#haplotype2-0000096#0:62529606-62563033	HML-2_15q25.2|NA19705|h2|graph|historical_source/Documents/HML2_project_data/hgsvc3-2024-02-23-mc-chm13/HML-2_15q25.2/NA19705_h2_HML-2_15q25.2_graph_hgsvc3-2024-02-23-mc-chm13.fa|7c33b741b8a5b36bcee3274b57c8c046421053bf8c7136e3d8829653d8518986	1	1	NA	NA	NO_EXACT_RETAINED_RECORD				NOT_ASSESSED_NO_EXACT_RETAINED_RECORD				PRESENT	AFR			
HML-2_15q25.2	NA19836_h1_HML-2_15q25.2_graph_hgsvc3-2024-02-23-mc-chm13_DEGRADED_KCON_1912	HML-2_15q25.2	NA19836	h1	NA19836#1#haplotype1-0000020#0:75656810-75690246	HML-2_15q25.2|NA19836|h1|graph|historical_source/Documents/HML2_project_data/hgsvc3-2024-02-23-mc-chm13/HML-2_15q25.2/NA19836_h1_HML-2_15q25.2_graph_hgsvc3-2024-02-23-mc-chm13.fa|42618a534579017a9e8a467e8d9fb3a3764951ec6304758f61f928e8d8c8c30a	1	1	NA	NA	NO_EXACT_RETAINED_RECORD				NOT_ASSESSED_NO_EXACT_RETAINED_RECORD				PRESENT	AFR			
HML-2_15q25.2	NA19836_h2_HML-2_15q25.2_graph_hgsvc3-2024-02-23-mc-chm13_DEGRADED_KCON_1912	HML-2_15q25.2	NA19836	h2	NA19836#2#haplotype2-0000130#0:75205519-75238957	HML-2_15q25.2|NA19836|h2|graph|historical_source/Documents/HML2_project_data/hgsvc3-2024-02-23-mc-chm13/HML-2_15q25.2/NA19836_h2_HML-2_15q25.2_graph_hgsvc3-2024-02-23-mc-chm13.fa|2d9b1b0d716de58208dcdf86b594d9f9ba6f70daf5ef4178039c422f51b03b6b	1	1	NA	NA	NO_EXACT_RETAINED_RECORD				NOT_ASSESSED_NO_EXACT_RETAINED_RECORD				PRESENT	AFR			
HML-2_15q25.2	NA19983_h1_HML-2_15q25.2_graph_hgsvc3-2024-02-23-mc-chm13_DEGRADED_KCON_1912	HML-2_15q25.2	NA19983	h1	NA19983#1#haplotype1-0000011#0:63262526-63295949	HML-2_15q25.2|NA19983|h1|graph|historical_source/Documents/HML2_project_data/hgsvc3-2024-02-23-mc-chm13/HML-2_15q25.2/NA19983_h1_HML-2_15q25.2_graph_hgsvc3-2024-02-23-mc-chm13.fa|e213a129274ece073a75bd868e20b571e89be86f3ff75ad8eb7d1c7ebe2ba377	1	1	NA	NA	NO_EXACT_RETAINED_RECORD				NOT_ASSESSED_NO_EXACT_RETAINED_RECORD				PRESENT	AFR			
HML-2_15q25.2	NA19983_h2_HML-2_15q25.2_graph_hgsvc3-2024-02-23-mc-chm13_DEGRADED_KCON_1912	HML-2_15q25.2	NA19983	h2	NA19983#2#haplotype2-0000089#0:17671532-17704974	HML-2_15q25.2|NA19983|h2|graph|historical_source/Documents/HML2_project_data/hgsvc3-2024-02-23-mc-chm13/HML-2_15q25.2/NA19983_h2_HML-2_15q25.2_graph_hgsvc3-2024-02-23-mc-chm13.fa|06f9b42812058d075bc1e60a5630579bfac9fc83ece1cc1720fe4fbef6bcb80a	1	1	NA	NA	NO_EXACT_RETAINED_RECORD				NOT_ASSESSED_NO_EXACT_RETAINED_RECORD				PRESENT	AFR			
HML-2_15q25.2	NA20355_h1_HML-2_15q25.2_graph_hgsvc3-2024-02-23-mc-chm13_DEGRADED_KCON_1912	HML-2_15q25.2	NA20355	h1	NA20355#1#haplotype1-0000032#0:77108965-77142398	HML-2_15q25.2|NA20355|h1|graph|historical_source/Documents/HML2_project_data/hgsvc3-2024-02-23-mc-chm13/HML-2_15q25.2/NA20355_h1_HML-2_15q25.2_graph_hgsvc3-2024-02-23-mc-chm13.fa|3935a09b89018da2dfeabd2cfe7dd66bbee931d292d3869d603806c74f5e3125	1	1	NA	NA	NO_EXACT_RETAINED_RECORD				NOT_ASSESSED_NO_EXACT_RETAINED_RECORD				PRESENT	AFR			
HML-2_15q25.2	NA20355_h2_HML-2_15q25.2_graph_hgsvc3-2024-02-23-mc-chm13_DEGRADED_KCON_1912	HML-2_15q25.2	NA20355	h2	NA20355#2#haplotype2-0000182#0:72701960-72735396	HML-2_15q25.2|NA20355|h2|graph|historical_source/Documents/HML2_project_data/hgsvc3-2024-02-23-mc-chm13/HML-2_15q25.2/NA20355_h2_HML-2_15q25.2_graph_hgsvc3-2024-02-23-mc-chm13.fa|16ba1aeae219a2a8553ac588d47803e4097a4174d171a4c330f7901915da2897	1	1	NA	NA	NO_EXACT_RETAINED_RECORD				NOT_ASSESSED_NO_EXACT_RETAINED_RECORD				PRESENT	AFR			
HML-2_15q25.2	NA20509_h1_HML-2_15q25.2_graph_hgsvc3-2024-02-23-mc-chm13_DEGRADED_KCON_1912	HML-2_15q25.2	NA20509	h1	NA20509#1#haplotype1-0000037#0:77111269-77144684	HML-2_15q25.2|NA20509|h1|graph|historical_source/Documents/HML2_project_data/hgsvc3-2024-02-23-mc-chm13/HML-2_15q25.2/NA20509_h1_HML-2_15q25.2_graph_hgsvc3-2024-02-23-mc-chm13.fa|b789df7cbb262b66e66ca234db7c4ab8ea0855aa009658cfd3249b1797aa026d	1	1	NA	NA	NO_EXACT_RETAINED_RECORD				NOT_ASSESSED_NO_EXACT_RETAINED_RECORD				PRESENT	EUR			
HML-2_15q25.2	NA20509_h2_HML-2_15q25.2_graph_hgsvc3-2024-02-23-mc-chm13_DEGRADED_KCON_1912	HML-2_15q25.2	NA20509	h2	NA20509#2#haplotype2-0000107#0:62936107-62969550	HML-2_15q25.2|NA20509|h2|graph|historical_source/Documents/HML2_project_data/hgsvc3-2024-02-23-mc-chm13/HML-2_15q25.2/NA20509_h2_HML-2_15q25.2_graph_hgsvc3-2024-02-23-mc-chm13.fa|e442e5ee56b87b38f4871f39104ecdae7898428e02d5aa4008798e47b5b58e3a	1	1	NA	NA	NO_EXACT_RETAINED_RECORD				NOT_ASSESSED_NO_EXACT_RETAINED_RECORD				PRESENT	EUR			
HML-2_15q25.2	NA20847_h1_HML-2_15q25.2_graph_hgsvc3-2024-02-23-mc-chm13_DEGRADED_KCON_1912	HML-2_15q25.2	NA20847	h1	NA20847#1#haplotype1-0000038#0:75215486-75244357	HML-2_15q25.2|NA20847|h1|graph|historical_source/Documents/HML2_project_data/hgsvc3-2024-02-23-mc-chm13/HML-2_15q25.2/NA20847_h1_HML-2_15q25.2_graph_hgsvc3-2024-02-23-mc-chm13.fa|79e4b162cb7e7d48b9b01efb61bd6148a738deef50fbfd3cad3e90bb6f67d2bb	1	1	NA	NA	NO_EXACT_RETAINED_RECORD				NOT_ASSESSED_NO_EXACT_RETAINED_RECORD				PRESENT	SAS			
HML-2_15q25.2	NA20847_h2_HML-2_15q25.2_graph_hgsvc3-2024-02-23-mc-chm13_DEGRADED_KCON_1912	HML-2_15q25.2	NA20847	h2	NA20847#2#haplotype2-0000143#0:17649520-17678392	HML-2_15q25.2|NA20847|h2|graph|historical_source/Documents/HML2_project_data/hgsvc3-2024-02-23-mc-chm13/HML-2_15q25.2/NA20847_h2_HML-2_15q25.2_graph_hgsvc3-2024-02-23-mc-chm13.fa|c591c68e1dc0165c8df1ccb7bc5dc1f9c3c917213df847bfdd053b4641c30b9e	1	1	NA	NA	NO_EXACT_RETAINED_RECORD				NOT_ASSESSED_NO_EXACT_RETAINED_RECORD				PRESENT	SAS			
HML-2_15q25.2	NA21487_h1_HML-2_15q25.2_graph_hgsvc3-2024-02-23-mc-chm13_DEGRADED_KCON_1912	HML-2_15q25.2	NA21487	h1	NA21487#1#haplotype1-0000033#0:65354487-65387941	HML-2_15q25.2|NA21487|h1|graph|historical_source/Documents/HML2_project_data/hgsvc3-2024-02-23-mc-chm13/HML-2_15q25.2/NA21487_h1_HML-2_15q25.2_graph_hgsvc3-2024-02-23-mc-chm13.fa|516359fcb257bf3173941271e7d866867fe843f5b77797c1c97fd94f9d556005	1	1	NA	NA	NO_EXACT_RETAINED_RECORD				NOT_ASSESSED_NO_EXACT_RETAINED_RECORD				PRESENT	Unassigned			
HML-2_15q25.2	NA21487_h2_HML-2_15q25.2_graph_hgsvc3-2024-02-23-mc-chm13_DEGRADED_KCON_1912	HML-2_15q25.2	NA21487	h2	NA21487#2#haplotype2-0000140#0:17728926-17762381	HML-2_15q25.2|NA21487|h2|graph|historical_source/Documents/HML2_project_data/hgsvc3-2024-02-23-mc-chm13/HML-2_15q25.2/NA21487_h2_HML-2_15q25.2_graph_hgsvc3-2024-02-23-mc-chm13.fa|dc70164552d2def2f718c0b739d373c46e5bbb611c7e495d08cf5c47806a709c	1	1	NA	NA	NO_EXACT_RETAINED_RECORD				NOT_ASSESSED_NO_EXACT_RETAINED_RECORD				PRESENT	Unassigned			
HML-2_15q25.2	NA24385_h1_HML-2_15q25.2_graph_hgsvc3-2024-02-23-mc-chm13_DEGRADED_KCON_1912	HML-2_15q25.2	NA24385	h1	NA24385#1#haplotype1-0000027#0:72750921-72779793	HML-2_15q25.2|NA24385|h1|graph|historical_source/Documents/HML2_project_data/hgsvc3-2024-02-23-mc-chm13/HML-2_15q25.2/NA24385_h1_HML-2_15q25.2_graph_hgsvc3-2024-02-23-mc-chm13.fa|c8e7708d174aa52baa108464d63fa80b52a55f2bb01078d7ca59d559896f8d38	1	1	NA	NA	NO_EXACT_RETAINED_RECORD				NOT_ASSESSED_NO_EXACT_RETAINED_RECORD				PRESENT	Unassigned			
HML-2_15q25.2	NA24385_h2_HML-2_15q25.2_graph_hgsvc3-2024-02-23-mc-chm13_DEGRADED_KCON_1912	HML-2_15q25.2	NA24385	h2	NA24385#2#haplotype2-0000091#0:77405341-77434212	HML-2_15q25.2|NA24385|h2|graph|historical_source/Documents/HML2_project_data/hgsvc3-2024-02-23-mc-chm13/HML-2_15q25.2/NA24385_h2_HML-2_15q25.2_graph_hgsvc3-2024-02-23-mc-chm13.fa|e86d0dddd979295651b0590f6e1d1642e76131e884e92e33a6db2daf7428f3f4	1	1	NA	NA	NO_EXACT_RETAINED_RECORD				NOT_ASSESSED_NO_EXACT_RETAINED_RECORD				PRESENT	Unassigned			
HML-2_19p12b	HG00096_h2_HML-2_19p12b_technical_error	HML-2_19p12b	HG00096	h2	Validator_Script	HML-2_19p12b|HG00096|h2|none|historical_source/cluster/HML2_project_graph/extracted_sequences/hgsvc3-2024-02-23-mc-chm13/HML-2_19p12b/HG00096_h2_HML-2_19p12b_graph_hgsvc3-2024-02-23-mc-chm13.fa|8047fde45c3eb4c56402baed4297f666465942396ff0607b9812de447d93b2cd	1	1	NA	NA	NO_EXACT_RETAINED_RECORD				NOT_ASSESSED_NO_EXACT_RETAINED_RECORD				NONCARRIER_SENTINEL_OBSERVATION	EUR			
HML-2_19p12b	HG00171_h2_HML-2_19p12b_technical_error	HML-2_19p12b	HG00171	h2	Validator_Script	HML-2_19p12b|HG00171|h2|none|historical_source/cluster/HML2_project_graph/extracted_sequences/hgsvc3-2024-02-23-mc-chm13/HML-2_19p12b/HG00171_h2_HML-2_19p12b_graph_hgsvc3-2024-02-23-mc-chm13.fa|8be3bee0c9601e3dd811b5e41b16fb45cc9acf51b06a51c41388da017118f30d	1	1	NA	NA	NO_EXACT_RETAINED_RECORD				NOT_ASSESSED_NO_EXACT_RETAINED_RECORD				NONCARRIER_SENTINEL_OBSERVATION	EUR			
HML-2_19p12b	HG00268_h2_HML-2_19p12b_technical_error	HML-2_19p12b	HG00268	h2	Validator_Script	HML-2_19p12b|HG00268|h2|none|historical_source/cluster/HML2_project_graph/extracted_sequences/hgsvc3-2024-02-23-mc-chm13/HML-2_19p12b/HG00268_h2_HML-2_19p12b_graph_hgsvc3-2024-02-23-mc-chm13.fa|068589475840ce842d66ebfda9ed7ce3f4749e06e71c98b031296bf10a002b38	1	1	NA	NA	NO_EXACT_RETAINED_RECORD				NOT_ASSESSED_NO_EXACT_RETAINED_RECORD				NONCARRIER_SENTINEL_OBSERVATION	EUR			
HML-2_19p12b	HG00358_h2_HML-2_19p12b_technical_error	HML-2_19p12b	HG00358	h2	Validator_Script	HML-2_19p12b|HG00358|h2|none|historical_source/cluster/HML2_project_graph/extracted_sequences/hgsvc3-2024-02-23-mc-chm13/HML-2_19p12b/HG00358_h2_HML-2_19p12b_graph_hgsvc3-2024-02-23-mc-chm13.fa|33032111f663a43ec23602cb44e621ade668f0316a9e2d781c0cc8a6f881cb5c	1	1	NA	NA	NO_EXACT_RETAINED_RECORD				NOT_ASSESSED_NO_EXACT_RETAINED_RECORD				NONCARRIER_SENTINEL_OBSERVATION	EUR			
HML-2_19p12b	HG00512_h2_HML-2_19p12b_technical_error	HML-2_19p12b	HG00512	h2	Validator_Script	HML-2_19p12b|HG00512|h2|none|historical_source/cluster/HML2_project_graph/extracted_sequences/hgsvc3-2024-02-23-mc-chm13/HML-2_19p12b/HG00512_h2_HML-2_19p12b_graph_hgsvc3-2024-02-23-mc-chm13.fa|4afd7c1e6bdbe2b84a701adb46731230e3b70718ac9858e904399e041c218427	1	1	NA	NA	NO_EXACT_RETAINED_RECORD				NOT_ASSESSED_NO_EXACT_RETAINED_RECORD				NONCARRIER_SENTINEL_OBSERVATION	EAS			
HML-2_19p12b	HG00513_h2_HML-2_19p12b_technical_error	HML-2_19p12b	HG00513	h2	Validator_Script	HML-2_19p12b|HG00513|h2|none|historical_source/cluster/HML2_project_graph/extracted_sequences/hgsvc3-2024-02-23-mc-chm13/HML-2_19p12b/HG00513_h2_HML-2_19p12b_graph_hgsvc3-2024-02-23-mc-chm13.fa|36dda3f70805c290424bc962e459863c3f587d39e42894a345c6485ea398fd1b	1	1	NA	NA	NO_EXACT_RETAINED_RECORD				NOT_ASSESSED_NO_EXACT_RETAINED_RECORD				NONCARRIER_SENTINEL_OBSERVATION	EAS			
HML-2_19p12b	HG00514_h2_HML-2_19p12b_technical_error	HML-2_19p12b	HG00514	h2	Validator_Script	HML-2_19p12b|HG00514|h2|none|historical_source/cluster/HML2_project_graph/extracted_sequences/hgsvc3-2024-02-23-mc-chm13/HML-2_19p12b/HG00514_h2_HML-2_19p12b_graph_hgsvc3-2024-02-23-mc-chm13.fa|e659d6abf5375378f790f38d6bb218435d7c01ec94f68d558ab74d57c51bad36	1	1	NA	NA	NO_EXACT_RETAINED_RECORD				NOT_ASSESSED_NO_EXACT_RETAINED_RECORD				NONCARRIER_SENTINEL_OBSERVATION	EAS			
HML-2_19p12b	HG00731_h2_HML-2_19p12b_technical_error	HML-2_19p12b	HG00731	h2	Validator_Script	HML-2_19p12b|HG00731|h2|none|historical_source/cluster/HML2_project_graph/extracted_sequences/hgsvc3-2024-02-23-mc-chm13/HML-2_19p12b/HG00731_h2_HML-2_19p12b_graph_hgsvc3-2024-02-23-mc-chm13.fa|01cacd941b506fe902a7809eb54cab7b6d46f168b6110793054bb02313171cb2	1	1	NA	NA	NO_EXACT_RETAINED_RECORD				NOT_ASSESSED_NO_EXACT_RETAINED_RECORD				NONCARRIER_SENTINEL_OBSERVATION	AMR			
HML-2_19p12b	HG00732_h2_HML-2_19p12b_technical_error	HML-2_19p12b	HG00732	h2	Validator_Script	HML-2_19p12b|HG00732|h2|none|historical_source/cluster/HML2_project_graph/extracted_sequences/hgsvc3-2024-02-23-mc-chm13/HML-2_19p12b/HG00732_h2_HML-2_19p12b_graph_hgsvc3-2024-02-23-mc-chm13.fa|85ac6157eb178fbde8d723fc00f4952c1551cfa70fa6e2a207e9127c1fc7adee	1	1	NA	NA	NO_EXACT_RETAINED_RECORD				NOT_ASSESSED_NO_EXACT_RETAINED_RECORD				NONCARRIER_SENTINEL_OBSERVATION	AMR			
HML-2_19p12b	HG00864_h2_HML-2_19p12b_technical_error	HML-2_19p12b	HG00864	h2	Validator_Script	HML-2_19p12b|HG00864|h2|none|historical_source/cluster/HML2_project_graph/extracted_sequences/hgsvc3-2024-02-23-mc-chm13/HML-2_19p12b/HG00864_h2_HML-2_19p12b_graph_hgsvc3-2024-02-23-mc-chm13.fa|6373a631e5db6562f6d2cea7cd5ad34ae2028f521cc2543c96285bee48010179	1	1	NA	NA	NO_EXACT_RETAINED_RECORD				NOT_ASSESSED_NO_EXACT_RETAINED_RECORD				NONCARRIER_SENTINEL_OBSERVATION	EAS			
HML-2_19p12b	HG01114_h2_HML-2_19p12b_technical_error	HML-2_19p12b	HG01114	h2	Validator_Script	HML-2_19p12b|HG01114|h2|none|historical_source/cluster/HML2_project_graph/extracted_sequences/hgsvc3-2024-02-23-mc-chm13/HML-2_19p12b/HG01114_h2_HML-2_19p12b_graph_hgsvc3-2024-02-23-mc-chm13.fa|5378eb221a8f8b8b630529da292d7a74a9f7bcf23a10df86953d2da74ce4ed2c	1	1	NA	NA	NO_EXACT_RETAINED_RECORD				NOT_ASSESSED_NO_EXACT_RETAINED_RECORD				NONCARRIER_SENTINEL_OBSERVATION	AMR			
HML-2_19p12b	HG01352_h2_HML-2_19p12b_technical_error	HML-2_19p12b	HG01352	h2	Validator_Script	HML-2_19p12b|HG01352|h2|none|historical_source/cluster/HML2_project_graph/extracted_sequences/hgsvc3-2024-02-23-mc-chm13/HML-2_19p12b/HG01352_h2_HML-2_19p12b_graph_hgsvc3-2024-02-23-mc-chm13.fa|3338fa9bf7072572407d37bcf4048ef4d99779a92099c988e4c4137efa56abf9	1	1	NA	NA	NO_EXACT_RETAINED_RECORD				NOT_ASSESSED_NO_EXACT_RETAINED_RECORD				NONCARRIER_SENTINEL_OBSERVATION	AMR			
HML-2_19p12b	HG01457_h2_HML-2_19p12b_technical_error	HML-2_19p12b	HG01457	h2	Validator_Script	HML-2_19p12b|HG01457|h2|none|historical_source/cluster/HML2_project_graph/extracted_sequences/hgsvc3-2024-02-23-mc-chm13/HML-2_19p12b/HG01457_h2_HML-2_19p12b_graph_hgsvc3-2024-02-23-mc-chm13.fa|996319536326a5170c5f2fe77fe9a23af9329a01a42155ed73cfaf4c5949aa23	1	1	NA	NA	NO_EXACT_RETAINED_RECORD				NOT_ASSESSED_NO_EXACT_RETAINED_RECORD				NONCARRIER_SENTINEL_OBSERVATION	AMR			
HML-2_19p12b	HG01505_h2_HML-2_19p12b_technical_error	HML-2_19p12b	HG01505	h2	Validator_Script	HML-2_19p12b|HG01505|h2|none|historical_source/cluster/HML2_project_graph/extracted_sequences/hgsvc3-2024-02-23-mc-chm13/HML-2_19p12b/HG01505_h2_HML-2_19p12b_graph_hgsvc3-2024-02-23-mc-chm13.fa|ceac001265391569278ddd4edc1c62ebafae5fb82a66c3442b18cabfb3223a7e	1	1	NA	NA	NO_EXACT_RETAINED_RECORD				NOT_ASSESSED_NO_EXACT_RETAINED_RECORD				NONCARRIER_SENTINEL_OBSERVATION	EUR			
HML-2_19p12b	HG01573_h2_HML-2_19p12b_technical_error	HML-2_19p12b	HG01573	h2	Validator_Script	HML-2_19p12b|HG01573|h2|none|historical_source/cluster/HML2_project_graph/extracted_sequences/hgsvc3-2024-02-23-mc-chm13/HML-2_19p12b/HG01573_h2_HML-2_19p12b_graph_hgsvc3-2024-02-23-mc-chm13.fa|66b1bc3df720609578bb525102f712c51a7d6212bd089f74f839e6149baeaac9	1	1	NA	NA	NO_EXACT_RETAINED_RECORD				NOT_ASSESSED_NO_EXACT_RETAINED_RECORD				NONCARRIER_SENTINEL_OBSERVATION	AMR			
HML-2_19p12b	HG01596_h2_HML-2_19p12b_technical_error	HML-2_19p12b	HG01596	h2	Validator_Script	HML-2_19p12b|HG01596|h2|none|historical_source/cluster/HML2_project_graph/extracted_sequences/hgsvc3-2024-02-23-mc-chm13/HML-2_19p12b/HG01596_h2_HML-2_19p12b_graph_hgsvc3-2024-02-23-mc-chm13.fa|0bc48668e4b24582e2196df7bf561d6a402c250e149c63b8e0c8208bef7ed724	1	1	NA	NA	NO_EXACT_RETAINED_RECORD				NOT_ASSESSED_NO_EXACT_RETAINED_RECORD				NONCARRIER_SENTINEL_OBSERVATION	EAS			
HML-2_19p12b	HG01890_h2_HML-2_19p12b_technical_error	HML-2_19p12b	HG01890	h2	Validator_Script	HML-2_19p12b|HG01890|h2|none|historical_source/cluster/HML2_project_graph/extracted_sequences/hgsvc3-2024-02-23-mc-chm13/HML-2_19p12b/HG01890_h2_HML-2_19p12b_graph_hgsvc3-2024-02-23-mc-chm13.fa|eb3c67b9e78f7d9ec4cb2cc16f4bba51065c54c112f944259c806189c5f2e4eb	1	1	NA	NA	NO_EXACT_RETAINED_RECORD				NOT_ASSESSED_NO_EXACT_RETAINED_RECORD				NONCARRIER_SENTINEL_OBSERVATION	AFR			
HML-2_19p12b	HG02011_h2_HML-2_19p12b_technical_error	HML-2_19p12b	HG02011	h2	Validator_Script	HML-2_19p12b|HG02011|h2|none|historical_source/cluster/HML2_project_graph/extracted_sequences/hgsvc3-2024-02-23-mc-chm13/HML-2_19p12b/HG02011_h2_HML-2_19p12b_graph_hgsvc3-2024-02-23-mc-chm13.fa|a1e6054d18953fdfd2f409ae1a176c8a297321cf357ef3335051d63fb1a602d4	1	1	NA	NA	NO_EXACT_RETAINED_RECORD				NOT_ASSESSED_NO_EXACT_RETAINED_RECORD				NONCARRIER_SENTINEL_OBSERVATION	AFR			
HML-2_19p12b	HG02018_h2_HML-2_19p12b_technical_error	HML-2_19p12b	HG02018	h2	Validator_Script	HML-2_19p12b|HG02018|h2|none|historical_source/cluster/HML2_project_graph/extracted_sequences/hgsvc3-2024-02-23-mc-chm13/HML-2_19p12b/HG02018_h2_HML-2_19p12b_graph_hgsvc3-2024-02-23-mc-chm13.fa|ef40f5c065e034d029ad0ce042d399c9e9bcd385e1f5e0d870890626d65e8098	1	1	NA	NA	NO_EXACT_RETAINED_RECORD				NOT_ASSESSED_NO_EXACT_RETAINED_RECORD				NONCARRIER_SENTINEL_OBSERVATION	EAS			
HML-2_19p12b	HG02059_h2_HML-2_19p12b_technical_error	HML-2_19p12b	HG02059	h2	Validator_Script	HML-2_19p12b|HG02059|h2|none|historical_source/cluster/HML2_project_graph/extracted_sequences/hgsvc3-2024-02-23-mc-chm13/HML-2_19p12b/HG02059_h2_HML-2_19p12b_graph_hgsvc3-2024-02-23-mc-chm13.fa|34f8ec085d95de9962e490f37fb3658b6ee6d5f0abd867e9391d4d9e0dd2aa8f	1	1	NA	NA	NO_EXACT_RETAINED_RECORD				NOT_ASSESSED_NO_EXACT_RETAINED_RECORD				NONCARRIER_SENTINEL_OBSERVATION	EAS			
HML-2_19p12b	HG02106_h2_HML-2_19p12b_technical_error	HML-2_19p12b	HG02106	h2	Validator_Script	HML-2_19p12b|HG02106|h2|none|historical_source/cluster/HML2_project_graph/extracted_sequences/hgsvc3-2024-02-23-mc-chm13/HML-2_19p12b/HG02106_h2_HML-2_19p12b_graph_hgsvc3-2024-02-23-mc-chm13.fa|12acd2d45e47bcd8ab81cdf00c653d8b4bdd25a01a690892fc08ce7f5c2c8a7d	1	1	NA	NA	NO_EXACT_RETAINED_RECORD				NOT_ASSESSED_NO_EXACT_RETAINED_RECORD				NONCARRIER_SENTINEL_OBSERVATION	AMR			
HML-2_19p12b	HG02282_h2_HML-2_19p12b_technical_error	HML-2_19p12b	HG02282	h2	Validator_Script	HML-2_19p12b|HG02282|h2|none|historical_source/cluster/HML2_project_graph/extracted_sequences/hgsvc3-2024-02-23-mc-chm13/HML-2_19p12b/HG02282_h2_HML-2_19p12b_graph_hgsvc3-2024-02-23-mc-chm13.fa|854643d6305eda2071e50675f153cd3a27d10de48476513144386b8f02d36735	1	1	NA	NA	NO_EXACT_RETAINED_RECORD				NOT_ASSESSED_NO_EXACT_RETAINED_RECORD				NONCARRIER_SENTINEL_OBSERVATION	AFR			
HML-2_19p12b	HG02554_h2_HML-2_19p12b_technical_error	HML-2_19p12b	HG02554	h2	Validator_Script	HML-2_19p12b|HG02554|h2|none|historical_source/cluster/HML2_project_graph/extracted_sequences/hgsvc3-2024-02-23-mc-chm13/HML-2_19p12b/HG02554_h2_HML-2_19p12b_graph_hgsvc3-2024-02-23-mc-chm13.fa|c93669810f961de604d3143baee8343be5eb628b69b0ef5bef25767d035752f4	1	1	NA	NA	NO_EXACT_RETAINED_RECORD				NOT_ASSESSED_NO_EXACT_RETAINED_RECORD				NONCARRIER_SENTINEL_OBSERVATION	AFR			
HML-2_19p12b	HG02587_h2_HML-2_19p12b_technical_error	HML-2_19p12b	HG02587	h2	Validator_Script	HML-2_19p12b|HG02587|h2|none|historical_source/cluster/HML2_project_graph/extracted_sequences/hgsvc3-2024-02-23-mc-chm13/HML-2_19p12b/HG02587_h2_HML-2_19p12b_graph_hgsvc3-2024-02-23-mc-chm13.fa|991837e557b70454d7c0d5424653580f896d1bbfe5da981379fb3143d3415b4e	1	1	NA	NA	NO_EXACT_RETAINED_RECORD				NOT_ASSESSED_NO_EXACT_RETAINED_RECORD				NONCARRIER_SENTINEL_OBSERVATION	AFR			
HML-2_19p12b	HG02666_h2_HML-2_19p12b_technical_error	HML-2_19p12b	HG02666	h2	Validator_Script	HML-2_19p12b|HG02666|h2|none|historical_source/cluster/HML2_project_graph/extracted_sequences/hgsvc3-2024-02-23-mc-chm13/HML-2_19p12b/HG02666_h2_HML-2_19p12b_graph_hgsvc3-2024-02-23-mc-chm13.fa|2b35ada737580c94f5bf7281c845fdb9df0187883b1f04680246db4497e71355	1	1	NA	NA	NO_EXACT_RETAINED_RECORD				NOT_ASSESSED_NO_EXACT_RETAINED_RECORD				NONCARRIER_SENTINEL_OBSERVATION	AFR			
HML-2_19p12b	HG02769_h2_HML-2_19p12b_technical_error	HML-2_19p12b	HG02769	h2	Validator_Script	HML-2_19p12b|HG02769|h2|none|historical_source/cluster/HML2_project_graph/extracted_sequences/hgsvc3-2024-02-23-mc-chm13/HML-2_19p12b/HG02769_h2_HML-2_19p12b_graph_hgsvc3-2024-02-23-mc-chm13.fa|c03ef5539efeaff13603afd52fd0653aaf67ba23646e3e8df873db55f03f3b96	1	1	NA	NA	NO_EXACT_RETAINED_RECORD				NOT_ASSESSED_NO_EXACT_RETAINED_RECORD				NONCARRIER_SENTINEL_OBSERVATION	AFR			
HML-2_19p12b	HG02953_h2_HML-2_19p12b_technical_error	HML-2_19p12b	HG02953	h2	Validator_Script	HML-2_19p12b|HG02953|h2|none|historical_source/cluster/HML2_project_graph/extracted_sequences/hgsvc3-2024-02-23-mc-chm13/HML-2_19p12b/HG02953_h2_HML-2_19p12b_graph_hgsvc3-2024-02-23-mc-chm13.fa|b6f6691242e055d2d8146cfd145b912780ebb354b1ce0d4e9398ccaf31500428	1	1	NA	NA	NO_EXACT_RETAINED_RECORD				NOT_ASSESSED_NO_EXACT_RETAINED_RECORD				NONCARRIER_SENTINEL_OBSERVATION	AFR			
HML-2_19p12b	HG03009_h2_HML-2_19p12b_technical_error	HML-2_19p12b	HG03009	h2	Validator_Script	HML-2_19p12b|HG03009|h2|none|historical_source/cluster/HML2_project_graph/extracted_sequences/hgsvc3-2024-02-23-mc-chm13/HML-2_19p12b/HG03009_h2_HML-2_19p12b_graph_hgsvc3-2024-02-23-mc-chm13.fa|2b5d6d80ddf7df4c81730c51a75b9b68a79c7f5ad890992b56511e285e0db9b0	1	1	NA	NA	NO_EXACT_RETAINED_RECORD				NOT_ASSESSED_NO_EXACT_RETAINED_RECORD				NONCARRIER_SENTINEL_OBSERVATION	SAS			
HML-2_19p12b	HG03065_h2_HML-2_19p12b_technical_error	HML-2_19p12b	HG03065	h2	Validator_Script	HML-2_19p12b|HG03065|h2|none|historical_source/cluster/HML2_project_graph/extracted_sequences/hgsvc3-2024-02-23-mc-chm13/HML-2_19p12b/HG03065_h2_HML-2_19p12b_graph_hgsvc3-2024-02-23-mc-chm13.fa|cdd135ffb8050bdbf7417e0e9cca9fde6a31ec607fc5f9a4b044af604df8b7a6	1	1	NA	NA	NO_EXACT_RETAINED_RECORD				NOT_ASSESSED_NO_EXACT_RETAINED_RECORD				NONCARRIER_SENTINEL_OBSERVATION	AFR			
HML-2_19p12b	HG03248_h2_HML-2_19p12b_technical_error	HML-2_19p12b	HG03248	h2	Validator_Script	HML-2_19p12b|HG03248|h2|none|historical_source/cluster/HML2_project_graph/extracted_sequences/hgsvc3-2024-02-23-mc-chm13/HML-2_19p12b/HG03248_h2_HML-2_19p12b_graph_hgsvc3-2024-02-23-mc-chm13.fa|307cb9c96d5b2e18fd591e6fe98ba79b5e4d1c3487f66741e721b536a1d58c69	1	1	NA	NA	NO_EXACT_RETAINED_RECORD				NOT_ASSESSED_NO_EXACT_RETAINED_RECORD				NONCARRIER_SENTINEL_OBSERVATION	AFR			
HML-2_19p12b	HG03371_h2_HML-2_19p12b_technical_error	HML-2_19p12b	HG03371	h2	Validator_Script	HML-2_19p12b|HG03371|h2|none|historical_source/cluster/HML2_project_graph/extracted_sequences/hgsvc3-2024-02-23-mc-chm13/HML-2_19p12b/HG03371_h2_HML-2_19p12b_graph_hgsvc3-2024-02-23-mc-chm13.fa|cd97ffdd89a3d1be11438a9ab65fdb020e61d535a95bc1f09bce26456077d713	1	1	NA	NA	NO_EXACT_RETAINED_RECORD				NOT_ASSESSED_NO_EXACT_RETAINED_RECORD				NONCARRIER_SENTINEL_OBSERVATION	AFR			
HML-2_19p12b	HG03452_h2_HML-2_19p12b_technical_error	HML-2_19p12b	HG03452	h2	Validator_Script	HML-2_19p12b|HG03452|h2|none|historical_source/cluster/HML2_project_graph/extracted_sequences/hgsvc3-2024-02-23-mc-chm13/HML-2_19p12b/HG03452_h2_HML-2_19p12b_graph_hgsvc3-2024-02-23-mc-chm13.fa|487d790ae5a991ff3ac0fc518f56be82dc25cdc235fe39298a6b552c1fa3640d	1	1	NA	NA	NO_EXACT_RETAINED_RECORD				NOT_ASSESSED_NO_EXACT_RETAINED_RECORD				NONCARRIER_SENTINEL_OBSERVATION	AFR			
HML-2_19p12b	HG03456_h2_HML-2_19p12b_technical_error	HML-2_19p12b	HG03456	h2	Validator_Script	HML-2_19p12b|HG03456|h2|none|historical_source/cluster/HML2_project_graph/extracted_sequences/hgsvc3-2024-02-23-mc-chm13/HML-2_19p12b/HG03456_h2_HML-2_19p12b_graph_hgsvc3-2024-02-23-mc-chm13.fa|ffee85c13c68d7a443f884b776c91030e34d9aad2df00f0814d5d1150caa4caf	1	1	NA	NA	NO_EXACT_RETAINED_RECORD				NOT_ASSESSED_NO_EXACT_RETAINED_RECORD				NONCARRIER_SENTINEL_OBSERVATION	AFR			
HML-2_19p12b	HG03683_h2_HML-2_19p12b_technical_error	HML-2_19p12b	HG03683	h2	Validator_Script	HML-2_19p12b|HG03683|h2|none|historical_source/cluster/HML2_project_graph/extracted_sequences/hgsvc3-2024-02-23-mc-chm13/HML-2_19p12b/HG03683_h2_HML-2_19p12b_graph_hgsvc3-2024-02-23-mc-chm13.fa|11080cf3c1329e6439c489c563aba63d2eda7a1fd54ab1020c81a123e0cf0a10	1	1	NA	NA	NO_EXACT_RETAINED_RECORD				NOT_ASSESSED_NO_EXACT_RETAINED_RECORD				NONCARRIER_SENTINEL_OBSERVATION	SAS			
HML-2_19p12b	HG03732_h2_HML-2_19p12b_technical_error	HML-2_19p12b	HG03732	h2	Validator_Script	HML-2_19p12b|HG03732|h2|none|historical_source/cluster/HML2_project_graph/extracted_sequences/hgsvc3-2024-02-23-mc-chm13/HML-2_19p12b/HG03732_h2_HML-2_19p12b_graph_hgsvc3-2024-02-23-mc-chm13.fa|72d0d858ff872f68bafd14e1e4feb010c3030e43ae28aa08e4ff177710e4674a	1	1	NA	NA	NO_EXACT_RETAINED_RECORD				NOT_ASSESSED_NO_EXACT_RETAINED_RECORD				NONCARRIER_SENTINEL_OBSERVATION	SAS			
HML-2_19p12b	HG03807_h2_HML-2_19p12b_technical_error	HML-2_19p12b	HG03807	h2	Validator_Script	HML-2_19p12b|HG03807|h2|none|historical_source/cluster/HML2_project_graph/extracted_sequences/hgsvc3-2024-02-23-mc-chm13/HML-2_19p12b/HG03807_h2_HML-2_19p12b_graph_hgsvc3-2024-02-23-mc-chm13.fa|f2647890090a393815587abab3be7cdb358315695e09fb077de549915cb8f2a9	1	1	NA	NA	NO_EXACT_RETAINED_RECORD				NOT_ASSESSED_NO_EXACT_RETAINED_RECORD				NONCARRIER_SENTINEL_OBSERVATION	SAS			
HML-2_19p12b	HG04036_h2_HML-2_19p12b_technical_error	HML-2_19p12b	HG04036	h2	Validator_Script	HML-2_19p12b|HG04036|h2|none|historical_source/cluster/HML2_project_graph/extracted_sequences/hgsvc3-2024-02-23-mc-chm13/HML-2_19p12b/HG04036_h2_HML-2_19p12b_graph_hgsvc3-2024-02-23-mc-chm13.fa|783d0574ef940c636a860c8c3e649b945f05ca14212b63be9d8bda0c10fe5376	1	1	NA	NA	NO_EXACT_RETAINED_RECORD				NOT_ASSESSED_NO_EXACT_RETAINED_RECORD				NONCARRIER_SENTINEL_OBSERVATION	SAS			
HML-2_19p12b	HG04217_h2_HML-2_19p12b_technical_error	HML-2_19p12b	HG04217	h2	Validator_Script	HML-2_19p12b|HG04217|h2|none|historical_source/cluster/HML2_project_graph/extracted_sequences/hgsvc3-2024-02-23-mc-chm13/HML-2_19p12b/HG04217_h2_HML-2_19p12b_graph_hgsvc3-2024-02-23-mc-chm13.fa|b72eb6ff9e12328f5b97044ac469c06a0bcafaddb890f02b6d517394f7a7e3ce	1	1	NA	NA	NO_EXACT_RETAINED_RECORD				NOT_ASSESSED_NO_EXACT_RETAINED_RECORD				NONCARRIER_SENTINEL_OBSERVATION	SAS			
HML-2_19p12b	NA12329_h2_HML-2_19p12b_technical_error	HML-2_19p12b	NA12329	h2	Validator_Script	HML-2_19p12b|NA12329|h2|none|historical_source/cluster/HML2_project_graph/extracted_sequences/hgsvc3-2024-02-23-mc-chm13/HML-2_19p12b/NA12329_h2_HML-2_19p12b_graph_hgsvc3-2024-02-23-mc-chm13.fa|131222d07fc44a083fe29f41a9b3d3d7e45aba14e57c106296c17c91f1fae359	1	1	NA	NA	NO_EXACT_RETAINED_RECORD				NOT_ASSESSED_NO_EXACT_RETAINED_RECORD				NONCARRIER_SENTINEL_OBSERVATION	EUR			
HML-2_19p12b	NA18939_h2_HML-2_19p12b_technical_error	HML-2_19p12b	NA18939	h2	Validator_Script	HML-2_19p12b|NA18939|h2|none|historical_source/cluster/HML2_project_graph/extracted_sequences/hgsvc3-2024-02-23-mc-chm13/HML-2_19p12b/NA18939_h2_HML-2_19p12b_graph_hgsvc3-2024-02-23-mc-chm13.fa|5724ca145d67f4f9623ba3a0b489e44b4ef5e4692008a7d65da02fb8c0157de6	1	1	NA	NA	NO_EXACT_RETAINED_RECORD				NOT_ASSESSED_NO_EXACT_RETAINED_RECORD				NONCARRIER_SENTINEL_OBSERVATION	EAS			
HML-2_19p12b	NA18989_h2_HML-2_19p12b_technical_error	HML-2_19p12b	NA18989	h2	Validator_Script	HML-2_19p12b|NA18989|h2|none|historical_source/cluster/HML2_project_graph/extracted_sequences/hgsvc3-2024-02-23-mc-chm13/HML-2_19p12b/NA18989_h2_HML-2_19p12b_graph_hgsvc3-2024-02-23-mc-chm13.fa|a6893c76b19fee4004f643c417c615644cedd5e7a354bc9848e866260d107914	1	1	NA	NA	NO_EXACT_RETAINED_RECORD				NOT_ASSESSED_NO_EXACT_RETAINED_RECORD				NONCARRIER_SENTINEL_OBSERVATION	EAS			
HML-2_19p12b	NA19238_h2_HML-2_19p12b_technical_error	HML-2_19p12b	NA19238	h2	Validator_Script	HML-2_19p12b|NA19238|h2|none|historical_source/cluster/HML2_project_graph/extracted_sequences/hgsvc3-2024-02-23-mc-chm13/HML-2_19p12b/NA19238_h2_HML-2_19p12b_graph_hgsvc3-2024-02-23-mc-chm13.fa|5faea7fdad49d7dcca74398a17da3962f6b13c56c9835a19e8317484994a08a8	1	1	NA	NA	NO_EXACT_RETAINED_RECORD				NOT_ASSESSED_NO_EXACT_RETAINED_RECORD				NONCARRIER_SENTINEL_OBSERVATION	AFR			
HML-2_19p12b	NA19239_h2_HML-2_19p12b_technical_error	HML-2_19p12b	NA19239	h2	Validator_Script	HML-2_19p12b|NA19239|h2|none|historical_source/cluster/HML2_project_graph/extracted_sequences/hgsvc3-2024-02-23-mc-chm13/HML-2_19p12b/NA19239_h2_HML-2_19p12b_graph_hgsvc3-2024-02-23-mc-chm13.fa|567caeb60043dcd0d67aa90650d1294f2c487ab7935c9f1a24b9d3eb72660dbd	1	1	NA	NA	NO_EXACT_RETAINED_RECORD				NOT_ASSESSED_NO_EXACT_RETAINED_RECORD				NONCARRIER_SENTINEL_OBSERVATION	AFR			
HML-2_19p12b	NA19317_h2_HML-2_19p12b_technical_error	HML-2_19p12b	NA19317	h2	Validator_Script	HML-2_19p12b|NA19317|h2|none|historical_source/cluster/HML2_project_graph/extracted_sequences/hgsvc3-2024-02-23-mc-chm13/HML-2_19p12b/NA19317_h2_HML-2_19p12b_graph_hgsvc3-2024-02-23-mc-chm13.fa|1dea0118c6dd59bd42067e10915da0eb3c55106bc75f52457fe91961d4426610	1	1	NA	NA	NO_EXACT_RETAINED_RECORD				NOT_ASSESSED_NO_EXACT_RETAINED_RECORD				NONCARRIER_SENTINEL_OBSERVATION	AFR			
HML-2_19p12b	NA19331_h2_HML-2_19p12b_technical_error	HML-2_19p12b	NA19331	h2	Validator_Script	HML-2_19p12b|NA19331|h2|none|historical_source/cluster/HML2_project_graph/extracted_sequences/hgsvc3-2024-02-23-mc-chm13/HML-2_19p12b/NA19331_h2_HML-2_19p12b_graph_hgsvc3-2024-02-23-mc-chm13.fa|8aa7dc285ffbe6ad5fab60a7393136d3800c4feda01ad97938cb34f5aaf3d41e	1	1	NA	NA	NO_EXACT_RETAINED_RECORD				NOT_ASSESSED_NO_EXACT_RETAINED_RECORD				NONCARRIER_SENTINEL_OBSERVATION	AFR			
HML-2_19p12b	NA19347_h2_HML-2_19p12b_technical_error	HML-2_19p12b	NA19347	h2	Validator_Script	HML-2_19p12b|NA19347|h2|none|historical_source/cluster/HML2_project_graph/extracted_sequences/hgsvc3-2024-02-23-mc-chm13/HML-2_19p12b/NA19347_h2_HML-2_19p12b_graph_hgsvc3-2024-02-23-mc-chm13.fa|0c17b5d47831f4638d3f0398b461168a1963cdea291d07949b67197e6d12080a	1	1	NA	NA	NO_EXACT_RETAINED_RECORD				NOT_ASSESSED_NO_EXACT_RETAINED_RECORD				NONCARRIER_SENTINEL_OBSERVATION	AFR			
HML-2_19p12b	NA19434_h2_HML-2_19p12b_technical_error	HML-2_19p12b	NA19434	h2	Validator_Script	HML-2_19p12b|NA19434|h2|none|historical_source/cluster/HML2_project_graph/extracted_sequences/hgsvc3-2024-02-23-mc-chm13/HML-2_19p12b/NA19434_h2_HML-2_19p12b_graph_hgsvc3-2024-02-23-mc-chm13.fa|af936bc147c2ae62340c9aeda2989367046cb0d76d9b6bc3ef0c14b54954275f	1	1	NA	NA	NO_EXACT_RETAINED_RECORD				NOT_ASSESSED_NO_EXACT_RETAINED_RECORD				NONCARRIER_SENTINEL_OBSERVATION	AFR			
HML-2_19p12b	NA19650_h2_HML-2_19p12b_technical_error	HML-2_19p12b	NA19650	h2	Validator_Script	HML-2_19p12b|NA19650|h2|none|historical_source/cluster/HML2_project_graph/extracted_sequences/hgsvc3-2024-02-23-mc-chm13/HML-2_19p12b/NA19650_h2_HML-2_19p12b_graph_hgsvc3-2024-02-23-mc-chm13.fa|f6567e923cc74b21beb0fa49ba89572dfc75912552523b45e2a00f8e7d6b1ec1	1	1	NA	NA	NO_EXACT_RETAINED_RECORD				NOT_ASSESSED_NO_EXACT_RETAINED_RECORD				NONCARRIER_SENTINEL_OBSERVATION	AMR			
HML-2_19p12b	NA19705_h2_HML-2_19p12b_technical_error	HML-2_19p12b	NA19705	h2	Validator_Script	HML-2_19p12b|NA19705|h2|none|historical_source/cluster/HML2_project_graph/extracted_sequences/hgsvc3-2024-02-23-mc-chm13/HML-2_19p12b/NA19705_h2_HML-2_19p12b_graph_hgsvc3-2024-02-23-mc-chm13.fa|ec6bfc8121928af63e9580cfcf7b6cf665aff82efcaf57323934d9d0f3cc144d	1	1	NA	NA	NO_EXACT_RETAINED_RECORD				NOT_ASSESSED_NO_EXACT_RETAINED_RECORD				NONCARRIER_SENTINEL_OBSERVATION	AFR			
HML-2_19p12b	NA19983_h2_HML-2_19p12b_technical_error	HML-2_19p12b	NA19983	h2	Validator_Script	HML-2_19p12b|NA19983|h2|none|historical_source/cluster/HML2_project_graph/extracted_sequences/hgsvc3-2024-02-23-mc-chm13/HML-2_19p12b/NA19983_h2_HML-2_19p12b_graph_hgsvc3-2024-02-23-mc-chm13.fa|46496609453742a3fd77119e036e3c058fe2e70a09e854b8fe755e14f4f18bb9	1	1	NA	NA	NO_EXACT_RETAINED_RECORD				NOT_ASSESSED_NO_EXACT_RETAINED_RECORD				NONCARRIER_SENTINEL_OBSERVATION	AFR			
HML-2_19p12b	NA20355_h2_HML-2_19p12b_technical_error	HML-2_19p12b	NA20355	h2	Validator_Script	HML-2_19p12b|NA20355|h2|none|historical_source/cluster/HML2_project_graph/extracted_sequences/hgsvc3-2024-02-23-mc-chm13/HML-2_19p12b/NA20355_h2_HML-2_19p12b_graph_hgsvc3-2024-02-23-mc-chm13.fa|d9f0ba4ae3d61e0f2b7d4c9764eceef79315f18ae5a7e0b26c66283231b5712e	1	1	NA	NA	NO_EXACT_RETAINED_RECORD				NOT_ASSESSED_NO_EXACT_RETAINED_RECORD				NONCARRIER_SENTINEL_OBSERVATION	AFR			
HML-2_19p12b	NA20509_h2_HML-2_19p12b_technical_error	HML-2_19p12b	NA20509	h2	Validator_Script	HML-2_19p12b|NA20509|h2|none|historical_source/cluster/HML2_project_graph/extracted_sequences/hgsvc3-2024-02-23-mc-chm13/HML-2_19p12b/NA20509_h2_HML-2_19p12b_graph_hgsvc3-2024-02-23-mc-chm13.fa|08c1d5e35f5b785db5460d7ef779f143347a6f739defb90be2fc7a4434791539	1	1	NA	NA	NO_EXACT_RETAINED_RECORD				NOT_ASSESSED_NO_EXACT_RETAINED_RECORD				NONCARRIER_SENTINEL_OBSERVATION	EUR			
HML-2_19p12b	NA20847_h2_HML-2_19p12b_technical_error	HML-2_19p12b	NA20847	h2	Validator_Script	HML-2_19p12b|NA20847|h2|none|historical_source/cluster/HML2_project_graph/extracted_sequences/hgsvc3-2024-02-23-mc-chm13/HML-2_19p12b/NA20847_h2_HML-2_19p12b_graph_hgsvc3-2024-02-23-mc-chm13.fa|d49d43bd7744bb16fc3a298a6decb5e8e2533a6b494bf4538d9e38ad0d4f737e	1	1	NA	NA	NO_EXACT_RETAINED_RECORD				NOT_ASSESSED_NO_EXACT_RETAINED_RECORD				NONCARRIER_SENTINEL_OBSERVATION	SAS			
HML-2_19p12b	NA21487_h2_HML-2_19p12b_technical_error	HML-2_19p12b	NA21487	h2	Validator_Script	HML-2_19p12b|NA21487|h2|none|historical_source/cluster/HML2_project_graph/extracted_sequences/hgsvc3-2024-02-23-mc-chm13/HML-2_19p12b/NA21487_h2_HML-2_19p12b_graph_hgsvc3-2024-02-23-mc-chm13.fa|db2155f4507336a17d23231e0503c5aad931bc2bb76d914f039c1ddeb561a679	1	1	NA	NA	NO_EXACT_RETAINED_RECORD				NOT_ASSESSED_NO_EXACT_RETAINED_RECORD				NONCARRIER_SENTINEL_OBSERVATION	Unassigned			
HML-2_19p12b	NA24385_h2_HML-2_19p12b_technical_error	HML-2_19p12b	NA24385	h2	Validator_Script	HML-2_19p12b|NA24385|h2|none|historical_source/cluster/HML2_project_graph/extracted_sequences/hgsvc3-2024-02-23-mc-chm13/HML-2_19p12b/NA24385_h2_HML-2_19p12b_graph_hgsvc3-2024-02-23-mc-chm13.fa|4b9f405897518f6c9971094202c0beee58b0cd5ac932adc58712aa149a446ce3	1	1	NA	NA	NO_EXACT_RETAINED_RECORD				NOT_ASSESSED_NO_EXACT_RETAINED_RECORD				NONCARRIER_SENTINEL_OBSERVATION	Unassigned			
HML-2_19p12c	HG00171_h2_HML-2_19p12c_technical_error	HML-2_19p12c	HG00171	h2	Validator_Script	HML-2_19p12c|HG00171|h2|none|historical_source/cluster/HML2_project_graph/extracted_sequences/hgsvc3-2024-02-23-mc-chm13/HML-2_19p12c/HG00171_h2_HML-2_19p12c_graph_hgsvc3-2024-02-23-mc-chm13.fa|22ec9f96e14d14d47c940fa3d32e88eaf35911c2226293209fec467840b6f4d3	1	1	NA	NA	NO_EXACT_RETAINED_RECORD				NOT_ASSESSED_NO_EXACT_RETAINED_RECORD				NONCARRIER_SENTINEL_OBSERVATION	EUR			
HML-2_19p12c	HG00358_h2_HML-2_19p12c_technical_error	HML-2_19p12c	HG00358	h2	Validator_Script	HML-2_19p12c|HG00358|h2|none|historical_source/cluster/HML2_project_graph/extracted_sequences/hgsvc3-2024-02-23-mc-chm13/HML-2_19p12c/HG00358_h2_HML-2_19p12c_graph_hgsvc3-2024-02-23-mc-chm13.fa|f3a1fddded633641e265596d482a4bed2e8e5c5ed363614794cf9adbf4ac661f	1	1	NA	NA	NO_EXACT_RETAINED_RECORD				NOT_ASSESSED_NO_EXACT_RETAINED_RECORD				NONCARRIER_SENTINEL_OBSERVATION	EUR			
HML-2_19p12c	HG00512_h2_HML-2_19p12c_technical_error	HML-2_19p12c	HG00512	h2	Validator_Script	HML-2_19p12c|HG00512|h2|none|historical_source/cluster/HML2_project_graph/extracted_sequences/hgsvc3-2024-02-23-mc-chm13/HML-2_19p12c/HG00512_h2_HML-2_19p12c_graph_hgsvc3-2024-02-23-mc-chm13.fa|fc0f8c80a4b8b6fed67114d11772824ed5408e2745ae7c1f3c751f7f868e5720	1	1	NA	NA	NO_EXACT_RETAINED_RECORD				NOT_ASSESSED_NO_EXACT_RETAINED_RECORD				NONCARRIER_SENTINEL_OBSERVATION	EAS			
HML-2_19p12c	HG00732_h2_HML-2_19p12c_technical_error	HML-2_19p12c	HG00732	h2	Validator_Script	HML-2_19p12c|HG00732|h2|none|historical_source/cluster/HML2_project_graph/extracted_sequences/hgsvc3-2024-02-23-mc-chm13/HML-2_19p12c/HG00732_h2_HML-2_19p12c_graph_hgsvc3-2024-02-23-mc-chm13.fa|08a8359687ca4361264ab66297e44ec9a15b503c47c9ea59117e4e7772e23f22	1	1	NA	NA	NO_EXACT_RETAINED_RECORD				NOT_ASSESSED_NO_EXACT_RETAINED_RECORD				NONCARRIER_SENTINEL_OBSERVATION	AMR			
HML-2_19p12c	HG01352_h2_HML-2_19p12c_technical_error	HML-2_19p12c	HG01352	h2	Validator_Script	HML-2_19p12c|HG01352|h2|none|historical_source/cluster/HML2_project_graph/extracted_sequences/hgsvc3-2024-02-23-mc-chm13/HML-2_19p12c/HG01352_h2_HML-2_19p12c_graph_hgsvc3-2024-02-23-mc-chm13.fa|286aaea74b083bc16b48d361fff1210d5ba7b2628f4d8cd3a160a19a421ca0bc	1	1	NA	NA	NO_EXACT_RETAINED_RECORD				NOT_ASSESSED_NO_EXACT_RETAINED_RECORD				NONCARRIER_SENTINEL_OBSERVATION	AMR			
HML-2_19p12c	HG01505_h2_HML-2_19p12c_technical_error	HML-2_19p12c	HG01505	h2	Validator_Script	HML-2_19p12c|HG01505|h2|none|historical_source/cluster/HML2_project_graph/extracted_sequences/hgsvc3-2024-02-23-mc-chm13/HML-2_19p12c/HG01505_h2_HML-2_19p12c_graph_hgsvc3-2024-02-23-mc-chm13.fa|b4037f2e02f0e4e136ace3aed086fe5f60668fab57aa7f625c8da08bf97c4b82	1	1	NA	NA	NO_EXACT_RETAINED_RECORD				NOT_ASSESSED_NO_EXACT_RETAINED_RECORD				NONCARRIER_SENTINEL_OBSERVATION	EUR			
HML-2_19p12c	HG01573_h2_HML-2_19p12c_technical_error	HML-2_19p12c	HG01573	h2	Validator_Script	HML-2_19p12c|HG01573|h2|none|historical_source/cluster/HML2_project_graph/extracted_sequences/hgsvc3-2024-02-23-mc-chm13/HML-2_19p12c/HG01573_h2_HML-2_19p12c_graph_hgsvc3-2024-02-23-mc-chm13.fa|95fb9164365b169b49654bf603ca6275782df3c139e4640fb3c641022b402621	1	1	NA	NA	NO_EXACT_RETAINED_RECORD				NOT_ASSESSED_NO_EXACT_RETAINED_RECORD				NONCARRIER_SENTINEL_OBSERVATION	AMR			
HML-2_19p12c	HG01596_h2_HML-2_19p12c_technical_error	HML-2_19p12c	HG01596	h2	Validator_Script	HML-2_19p12c|HG01596|h2|none|historical_source/cluster/HML2_project_graph/extracted_sequences/hgsvc3-2024-02-23-mc-chm13/HML-2_19p12c/HG01596_h2_HML-2_19p12c_graph_hgsvc3-2024-02-23-mc-chm13.fa|57a4a0a67526a812ee649db5cf1f7a189aab514e4bc7ddfa33bdb0f058790947	1	1	NA	NA	NO_EXACT_RETAINED_RECORD				NOT_ASSESSED_NO_EXACT_RETAINED_RECORD				NONCARRIER_SENTINEL_OBSERVATION	EAS			
HML-2_19p12c	HG01890_h2_HML-2_19p12c_technical_error	HML-2_19p12c	HG01890	h2	Validator_Script	HML-2_19p12c|HG01890|h2|none|historical_source/cluster/HML2_project_graph/extracted_sequences/hgsvc3-2024-02-23-mc-chm13/HML-2_19p12c/HG01890_h2_HML-2_19p12c_graph_hgsvc3-2024-02-23-mc-chm13.fa|73ed32a58247e9795a52b50111d62df67a540fbc018c58c051244c0deb856ed1	1	1	NA	NA	NO_EXACT_RETAINED_RECORD				NOT_ASSESSED_NO_EXACT_RETAINED_RECORD				NONCARRIER_SENTINEL_OBSERVATION	AFR			
HML-2_19p12c	HG02018_h2_HML-2_19p12c_technical_error	HML-2_19p12c	HG02018	h2	Validator_Script	HML-2_19p12c|HG02018|h2|none|historical_source/cluster/HML2_project_graph/extracted_sequences/hgsvc3-2024-02-23-mc-chm13/HML-2_19p12c/HG02018_h2_HML-2_19p12c_graph_hgsvc3-2024-02-23-mc-chm13.fa|e1b2d362ac1d20cb3b4965a8c81555575ce8aa266960d5296af51df912936f88	1	1	NA	NA	NO_EXACT_RETAINED_RECORD				NOT_ASSESSED_NO_EXACT_RETAINED_RECORD				NONCARRIER_SENTINEL_OBSERVATION	EAS			
HML-2_19p12c	HG02059_h2_HML-2_19p12c_technical_error	HML-2_19p12c	HG02059	h2	Validator_Script	HML-2_19p12c|HG02059|h2|none|historical_source/cluster/HML2_project_graph/extracted_sequences/hgsvc3-2024-02-23-mc-chm13/HML-2_19p12c/HG02059_h2_HML-2_19p12c_graph_hgsvc3-2024-02-23-mc-chm13.fa|5c98ac7b15222f9dca7f0a91df4a9ffab4e0ecb64d264dc88eee2abb853ee526	1	1	NA	NA	NO_EXACT_RETAINED_RECORD				NOT_ASSESSED_NO_EXACT_RETAINED_RECORD				NONCARRIER_SENTINEL_OBSERVATION	EAS			
HML-2_19p12c	HG02282_h2_HML-2_19p12c_technical_error	HML-2_19p12c	HG02282	h2	Validator_Script	HML-2_19p12c|HG02282|h2|none|historical_source/cluster/HML2_project_graph/extracted_sequences/hgsvc3-2024-02-23-mc-chm13/HML-2_19p12c/HG02282_h2_HML-2_19p12c_graph_hgsvc3-2024-02-23-mc-chm13.fa|0e2dceedc1a0250c0a35149c39d267f617461122bd20d810870faca4004a2797	1	1	NA	NA	NO_EXACT_RETAINED_RECORD				NOT_ASSESSED_NO_EXACT_RETAINED_RECORD				NONCARRIER_SENTINEL_OBSERVATION	AFR			
HML-2_19p12c	HG02666_h2_HML-2_19p12c_technical_error	HML-2_19p12c	HG02666	h2	Validator_Script	HML-2_19p12c|HG02666|h2|none|historical_source/cluster/HML2_project_graph/extracted_sequences/hgsvc3-2024-02-23-mc-chm13/HML-2_19p12c/HG02666_h2_HML-2_19p12c_graph_hgsvc3-2024-02-23-mc-chm13.fa|44a4b9f19e50befa818702d63b99d6736cf1b705c33ec6fdfb54793ca58024f9	1	1	NA	NA	NO_EXACT_RETAINED_RECORD				NOT_ASSESSED_NO_EXACT_RETAINED_RECORD				NONCARRIER_SENTINEL_OBSERVATION	AFR			
HML-2_19p12c	HG03009_h2_HML-2_19p12c_technical_error	HML-2_19p12c	HG03009	h2	Validator_Script	HML-2_19p12c|HG03009|h2|none|historical_source/cluster/HML2_project_graph/extracted_sequences/hgsvc3-2024-02-23-mc-chm13/HML-2_19p12c/HG03009_h2_HML-2_19p12c_graph_hgsvc3-2024-02-23-mc-chm13.fa|1d33e5ef76ab9656c20d13fa1c79cd000fc1d4a6983e7fdf500aa1be2f9f3f61	1	1	NA	NA	NO_EXACT_RETAINED_RECORD				NOT_ASSESSED_NO_EXACT_RETAINED_RECORD				NONCARRIER_SENTINEL_OBSERVATION	SAS			
HML-2_19p12c	HG03065_h2_HML-2_19p12c_technical_error	HML-2_19p12c	HG03065	h2	Validator_Script	HML-2_19p12c|HG03065|h2|none|historical_source/cluster/HML2_project_graph/extracted_sequences/hgsvc3-2024-02-23-mc-chm13/HML-2_19p12c/HG03065_h2_HML-2_19p12c_graph_hgsvc3-2024-02-23-mc-chm13.fa|15d681d84ed42e36c3967ed6cfc5f713193aa36f1d1ac525041be35619cc17b2	1	1	NA	NA	NO_EXACT_RETAINED_RECORD				NOT_ASSESSED_NO_EXACT_RETAINED_RECORD				NONCARRIER_SENTINEL_OBSERVATION	AFR			
HML-2_19p12c	HG03248_h2_HML-2_19p12c_technical_error	HML-2_19p12c	HG03248	h2	Validator_Script	HML-2_19p12c|HG03248|h2|none|historical_source/cluster/HML2_project_graph/extracted_sequences/hgsvc3-2024-02-23-mc-chm13/HML-2_19p12c/HG03248_h2_HML-2_19p12c_graph_hgsvc3-2024-02-23-mc-chm13.fa|d6df857285782119f77363717501fa72ad6ee833c7f1750fad30d79efdd09831	1	1	NA	NA	NO_EXACT_RETAINED_RECORD				NOT_ASSESSED_NO_EXACT_RETAINED_RECORD				NONCARRIER_SENTINEL_OBSERVATION	AFR			
HML-2_19p12c	HG03371_h2_HML-2_19p12c_technical_error	HML-2_19p12c	HG03371	h2	Validator_Script	HML-2_19p12c|HG03371|h2|none|historical_source/cluster/HML2_project_graph/extracted_sequences/hgsvc3-2024-02-23-mc-chm13/HML-2_19p12c/HG03371_h2_HML-2_19p12c_graph_hgsvc3-2024-02-23-mc-chm13.fa|e137a3886c5791951c25bcef5065219ba57011b78813832f776887cf4c6375b9	1	1	NA	NA	NO_EXACT_RETAINED_RECORD				NOT_ASSESSED_NO_EXACT_RETAINED_RECORD				NONCARRIER_SENTINEL_OBSERVATION	AFR			
HML-2_19p12c	HG03452_h2_HML-2_19p12c_technical_error	HML-2_19p12c	HG03452	h2	Validator_Script	HML-2_19p12c|HG03452|h2|none|historical_source/cluster/HML2_project_graph/extracted_sequences/hgsvc3-2024-02-23-mc-chm13/HML-2_19p12c/HG03452_h2_HML-2_19p12c_graph_hgsvc3-2024-02-23-mc-chm13.fa|6f55b33e4ebbec167a7a47e12a5f228f91bc71521ba9174341a10e62064a59e1	1	1	NA	NA	NO_EXACT_RETAINED_RECORD				NOT_ASSESSED_NO_EXACT_RETAINED_RECORD				NONCARRIER_SENTINEL_OBSERVATION	AFR			
HML-2_19p12c	HG03807_h2_HML-2_19p12c_technical_error	HML-2_19p12c	HG03807	h2	Validator_Script	HML-2_19p12c|HG03807|h2|none|historical_source/cluster/HML2_project_graph/extracted_sequences/hgsvc3-2024-02-23-mc-chm13/HML-2_19p12c/HG03807_h2_HML-2_19p12c_graph_hgsvc3-2024-02-23-mc-chm13.fa|d3ea896adc9d10661fe9470dc16c7358f87adac5a845ba202fa5770a873d525e	1	1	NA	NA	NO_EXACT_RETAINED_RECORD				NOT_ASSESSED_NO_EXACT_RETAINED_RECORD				NONCARRIER_SENTINEL_OBSERVATION	SAS			
HML-2_19p12c	HG04036_h2_HML-2_19p12c_technical_error	HML-2_19p12c	HG04036	h2	Validator_Script	HML-2_19p12c|HG04036|h2|none|historical_source/cluster/HML2_project_graph/extracted_sequences/hgsvc3-2024-02-23-mc-chm13/HML-2_19p12c/HG04036_h2_HML-2_19p12c_graph_hgsvc3-2024-02-23-mc-chm13.fa|fb751104bbe54c929fe9196089451bfe3068bcdf34c0725b07fc9d3bf85da387	1	1	NA	NA	NO_EXACT_RETAINED_RECORD				NOT_ASSESSED_NO_EXACT_RETAINED_RECORD				NONCARRIER_SENTINEL_OBSERVATION	SAS			
HML-2_19p12c	NA12329_h2_HML-2_19p12c_technical_error	HML-2_19p12c	NA12329	h2	Validator_Script	HML-2_19p12c|NA12329|h2|none|historical_source/cluster/HML2_project_graph/extracted_sequences/hgsvc3-2024-02-23-mc-chm13/HML-2_19p12c/NA12329_h2_HML-2_19p12c_graph_hgsvc3-2024-02-23-mc-chm13.fa|6b7dbff60169d3f880566bee35c10e27ea9e2e26e02b2f52cb911ac1d7876a70	1	1	NA	NA	NO_EXACT_RETAINED_RECORD				NOT_ASSESSED_NO_EXACT_RETAINED_RECORD				NONCARRIER_SENTINEL_OBSERVATION	EUR			
HML-2_19p12c	NA18534_h2_HML-2_19p12c_technical_error	HML-2_19p12c	NA18534	h2	Validator_Script	HML-2_19p12c|NA18534|h2|none|historical_source/cluster/HML2_project_graph/extracted_sequences/hgsvc3-2024-02-23-mc-chm13/HML-2_19p12c/NA18534_h2_HML-2_19p12c_graph_hgsvc3-2024-02-23-mc-chm13.fa|7fe35828c01ff3b6d33182c6891358b792109d8836e6e8fea6bb894bfce29444	1	1	NA	NA	NO_EXACT_RETAINED_RECORD				NOT_ASSESSED_NO_EXACT_RETAINED_RECORD				NONCARRIER_SENTINEL_OBSERVATION	EAS			
HML-2_19p12c	NA18939_h2_HML-2_19p12c_technical_error	HML-2_19p12c	NA18939	h2	Validator_Script	HML-2_19p12c|NA18939|h2|none|historical_source/cluster/HML2_project_graph/extracted_sequences/hgsvc3-2024-02-23-mc-chm13/HML-2_19p12c/NA18939_h2_HML-2_19p12c_graph_hgsvc3-2024-02-23-mc-chm13.fa|f5824256e299270c83dabe8c04ee6d1c38c649b821b24aa6822e07d6b4cd2e67	1	1	NA	NA	NO_EXACT_RETAINED_RECORD				NOT_ASSESSED_NO_EXACT_RETAINED_RECORD				NONCARRIER_SENTINEL_OBSERVATION	EAS			
HML-2_19p12c	NA18989_h2_HML-2_19p12c_technical_error	HML-2_19p12c	NA18989	h2	Validator_Script	HML-2_19p12c|NA18989|h2|none|historical_source/cluster/HML2_project_graph/extracted_sequences/hgsvc3-2024-02-23-mc-chm13/HML-2_19p12c/NA18989_h2_HML-2_19p12c_graph_hgsvc3-2024-02-23-mc-chm13.fa|5ee3903e5667469b2e6131c64365c08dec2521af38b538ce60cfbd71c9c35b78	1	1	NA	NA	NO_EXACT_RETAINED_RECORD				NOT_ASSESSED_NO_EXACT_RETAINED_RECORD				NONCARRIER_SENTINEL_OBSERVATION	EAS			
HML-2_19p12c	NA19238_h2_HML-2_19p12c_technical_error	HML-2_19p12c	NA19238	h2	Validator_Script	HML-2_19p12c|NA19238|h2|none|historical_source/cluster/HML2_project_graph/extracted_sequences/hgsvc3-2024-02-23-mc-chm13/HML-2_19p12c/NA19238_h2_HML-2_19p12c_graph_hgsvc3-2024-02-23-mc-chm13.fa|121c67fb5ce1d10a4eb3fdb997ee7dcc07ebfc259c266b080f75ba90f1a65ff2	1	1	NA	NA	NO_EXACT_RETAINED_RECORD				NOT_ASSESSED_NO_EXACT_RETAINED_RECORD				NONCARRIER_SENTINEL_OBSERVATION	AFR			
HML-2_19p12c	NA19317_h2_HML-2_19p12c_technical_error	HML-2_19p12c	NA19317	h2	Validator_Script	HML-2_19p12c|NA19317|h2|none|historical_source/cluster/HML2_project_graph/extracted_sequences/hgsvc3-2024-02-23-mc-chm13/HML-2_19p12c/NA19317_h2_HML-2_19p12c_graph_hgsvc3-2024-02-23-mc-chm13.fa|fdfba80d59a6a1f83cf63d6d69831c71296cce5a4f21312bdf7fbe8668ffc88a	1	1	NA	NA	NO_EXACT_RETAINED_RECORD				NOT_ASSESSED_NO_EXACT_RETAINED_RECORD				NONCARRIER_SENTINEL_OBSERVATION	AFR			
HML-2_19p12c	NA19650_h2_HML-2_19p12c_technical_error	HML-2_19p12c	NA19650	h2	Validator_Script	HML-2_19p12c|NA19650|h2|none|historical_source/cluster/HML2_project_graph/extracted_sequences/hgsvc3-2024-02-23-mc-chm13/HML-2_19p12c/NA19650_h2_HML-2_19p12c_graph_hgsvc3-2024-02-23-mc-chm13.fa|20c0883dd527763d59fc9cfa2194006c37e19eb0e454d223710024eb2c7a6d72	1	1	NA	NA	NO_EXACT_RETAINED_RECORD				NOT_ASSESSED_NO_EXACT_RETAINED_RECORD				NONCARRIER_SENTINEL_OBSERVATION	AMR			
HML-2_19p12c	NA19983_h2_HML-2_19p12c_technical_error	HML-2_19p12c	NA19983	h2	Validator_Script	HML-2_19p12c|NA19983|h2|none|historical_source/cluster/HML2_project_graph/extracted_sequences/hgsvc3-2024-02-23-mc-chm13/HML-2_19p12c/NA19983_h2_HML-2_19p12c_graph_hgsvc3-2024-02-23-mc-chm13.fa|df636e35a34d1ccc561f4c1704e18755d8ce49e0fcbce824667a2d4f47b395f9	1	1	NA	NA	NO_EXACT_RETAINED_RECORD				NOT_ASSESSED_NO_EXACT_RETAINED_RECORD				NONCARRIER_SENTINEL_OBSERVATION	AFR			
HML-2_19p12c	NA20355_h2_HML-2_19p12c_technical_error	HML-2_19p12c	NA20355	h2	Validator_Script	HML-2_19p12c|NA20355|h2|none|historical_source/cluster/HML2_project_graph/extracted_sequences/hgsvc3-2024-02-23-mc-chm13/HML-2_19p12c/NA20355_h2_HML-2_19p12c_graph_hgsvc3-2024-02-23-mc-chm13.fa|850e841cfc643cf0d814e8249e869663cf299d292686d55764f9ff0dfd57891a	1	1	NA	NA	NO_EXACT_RETAINED_RECORD				NOT_ASSESSED_NO_EXACT_RETAINED_RECORD				NONCARRIER_SENTINEL_OBSERVATION	AFR			
HML-2_19p12c	NA20509_h2_HML-2_19p12c_technical_error	HML-2_19p12c	NA20509	h2	Validator_Script	HML-2_19p12c|NA20509|h2|none|historical_source/cluster/HML2_project_graph/extracted_sequences/hgsvc3-2024-02-23-mc-chm13/HML-2_19p12c/NA20509_h2_HML-2_19p12c_graph_hgsvc3-2024-02-23-mc-chm13.fa|3b04ca1c2a77f55962184d819ed2be4312b67625f16c2c62c9eaed8195316586	1	1	NA	NA	NO_EXACT_RETAINED_RECORD				NOT_ASSESSED_NO_EXACT_RETAINED_RECORD				NONCARRIER_SENTINEL_OBSERVATION	EUR			
HML-2_19p12c	NA24385_h2_HML-2_19p12c_technical_error	HML-2_19p12c	NA24385	h2	Validator_Script	HML-2_19p12c|NA24385|h2|none|historical_source/cluster/HML2_project_graph/extracted_sequences/hgsvc3-2024-02-23-mc-chm13/HML-2_19p12c/NA24385_h2_HML-2_19p12c_graph_hgsvc3-2024-02-23-mc-chm13.fa|1bb037983aeba933c0b963f90b91635b27e20401f2262bf721151f3786e6707d	1	1	NA	NA	NO_EXACT_RETAINED_RECORD				NOT_ASSESSED_NO_EXACT_RETAINED_RECORD				NONCARRIER_SENTINEL_OBSERVATION	Unassigned			
HML-2_1p36.21a	HG00512_h2_HML-2_1p36.21a_technical_error	HML-2_1p36.21a	HG00512	h2	Validator_Script	HML-2_1p36.21a|HG00512|h2|none|historical_source/cluster/HML2_project_graph/extracted_sequences/hgsvc3-2024-02-23-mc-chm13/HML-2_1p36.21a/HG00512_h2_HML-2_1p36.21a_graph_hgsvc3-2024-02-23-mc-chm13.fa|7a9064dd6494c4884a781215c43ec2607ea1404b0a3a293985f1394fc1354cc1	1	1	NA	NA	NO_EXACT_RETAINED_RECORD				NOT_ASSESSED_NO_EXACT_RETAINED_RECORD				NONCARRIER_SENTINEL_OBSERVATION	EAS			
HML-2_1p36.21b	NA19331_h2_HML-2_1p36.21b_technical_error	HML-2_1p36.21b	NA19331	h2	Validator_Script	HML-2_1p36.21b|NA19331|h2|none|historical_source/cluster/HML2_project_graph/extracted_sequences/hgsvc3-2024-02-23-mc-chm13/HML-2_1p36.21b/NA19331_h2_HML-2_1p36.21b_graph_hgsvc3-2024-02-23-mc-chm13.fa|7246eefd04d3fca463bb53dea7ca0a38c49855d5489cfad3f6ada21dd1ffbc00	1	1	NA	NA	NO_EXACT_RETAINED_RECORD				NOT_ASSESSED_NO_EXACT_RETAINED_RECORD				NONCARRIER_SENTINEL_OBSERVATION	AFR			
HML-2_1p36.21c	HG00864_h2_HML-2_1p36.21c_technical_error	HML-2_1p36.21c	HG00864	h2	Validator_Script	HML-2_1p36.21c|HG00864|h2|none|historical_source/cluster/HML2_project_graph/extracted_sequences/hgsvc3-2024-02-23-mc-chm13/HML-2_1p36.21c/HG00864_h2_HML-2_1p36.21c_graph_hgsvc3-2024-02-23-mc-chm13.fa|88b3630cb7fc3fa69c35dcac9b14b06643b8163ba28916b366485bb26798a7d2	1	1	NA	NA	NO_EXACT_RETAINED_RECORD				NOT_ASSESSED_NO_EXACT_RETAINED_RECORD				NONCARRIER_SENTINEL_OBSERVATION	EAS			
HML-2_1p36.21c	HG02018_h2_HML-2_1p36.21c_technical_error	HML-2_1p36.21c	HG02018	h2	Validator_Script	HML-2_1p36.21c|HG02018|h2|none|historical_source/cluster/HML2_project_graph/extracted_sequences/hgsvc3-2024-02-23-mc-chm13/HML-2_1p36.21c/HG02018_h2_HML-2_1p36.21c_graph_hgsvc3-2024-02-23-mc-chm13.fa|2e5a356e6028d225039de2c59d699299f61a06d4c27640ab05bd6d85b7c3d6bb	1	1	NA	NA	NO_EXACT_RETAINED_RECORD				NOT_ASSESSED_NO_EXACT_RETAINED_RECORD				NONCARRIER_SENTINEL_OBSERVATION	EAS			
HML-2_1p36.21c	HG03807_h2_HML-2_1p36.21c_technical_error	HML-2_1p36.21c	HG03807	h2	Validator_Script	HML-2_1p36.21c|HG03807|h2|none|historical_source/cluster/HML2_project_graph/extracted_sequences/hgsvc3-2024-02-23-mc-chm13/HML-2_1p36.21c/HG03807_h2_HML-2_1p36.21c_graph_hgsvc3-2024-02-23-mc-chm13.fa|906acea2c40b9c616745f3c6eaba1a4cec5e2098686fcb740754f35687377ba3	1	1	NA	NA	NO_EXACT_RETAINED_RECORD				NOT_ASSESSED_NO_EXACT_RETAINED_RECORD				NONCARRIER_SENTINEL_OBSERVATION	SAS			
HML-2_1p36.21c	NA18534_h2_HML-2_1p36.21c_technical_error	HML-2_1p36.21c	NA18534	h2	Validator_Script	HML-2_1p36.21c|NA18534|h2|none|historical_source/cluster/HML2_project_graph/extracted_sequences/hgsvc3-2024-02-23-mc-chm13/HML-2_1p36.21c/NA18534_h2_HML-2_1p36.21c_graph_hgsvc3-2024-02-23-mc-chm13.fa|536ece67d777a5154459e091b9d835fbb5a774f707aaf416863d224dade26b01	1	1	NA	NA	NO_EXACT_RETAINED_RECORD				NOT_ASSESSED_NO_EXACT_RETAINED_RECORD				NONCARRIER_SENTINEL_OBSERVATION	EAS			
HML-2_22p13	HG00514_h1_HML-2_22p13_graph_hgsvc3_linked_recovery	HML-2_22p13	HG00514	h1	HG00514#1#haplotype1-0000034#0:2045725-2053208	HML-2_22p13|HG00514|h1|graph|historical_source/Library/Mobile Documents/com~apple~CloudDocs/Documents/Med_School/PostDoc/Manuscripts/HML2PopGenManuscript/_audit_2026-09-14/source_call_resolution/broad_graph_recovered/validated_calls/caller_inputs/HML-2_22p13/HG00514_h1_HML-2_22p13_graph_hgsvc3_linked_recovery.fa|8e4d733a58171e5882bc77727a8acf50394581bb4083879e51d44c818a40de01	1	1	NA	NA	NO_EXACT_RETAINED_RECORD				NOT_ASSESSED_NO_EXACT_RETAINED_RECORD				PRESENT	EAS			
HML-2_3q24_hg38	HG00096_h2_HML-2_3q24_hg38_technical_error	HML-2_3q24_hg38	HG00096	h2	Validator_Script	HML-2_3q24_hg38|HG00096|h2|none|historical_source/cluster/HML2_project_graph/extracted_sequences/hgsvc3-2024-02-23-mc-chm13/HML-2_3q24_hg38/HG00096_h2_HML-2_3q24_hg38_graph_hgsvc3-2024-02-23-mc-chm13.fa|dd8dca064efc34d355e2eb427dbb63a8f790a9b67a593f6f0cf2bf63036a0c77	1	1	NA	NA	NO_EXACT_RETAINED_RECORD				NOT_ASSESSED_NO_EXACT_RETAINED_RECORD				NONCARRIER_SENTINEL_OBSERVATION	EUR			
HML-2_3q24_hg38	HG00171_h2_HML-2_3q24_hg38_technical_error	HML-2_3q24_hg38	HG00171	h2	Validator_Script	HML-2_3q24_hg38|HG00171|h2|none|historical_source/cluster/HML2_project_graph/extracted_sequences/hgsvc3-2024-02-23-mc-chm13/HML-2_3q24_hg38/HG00171_h2_HML-2_3q24_hg38_graph_hgsvc3-2024-02-23-mc-chm13.fa|254c4d4f5f7e8e7a6f2f3cddb5af5c90f5dc1526b6ccce4f98eff1c1d7d93428	1	1	NA	NA	NO_EXACT_RETAINED_RECORD				NOT_ASSESSED_NO_EXACT_RETAINED_RECORD				NONCARRIER_SENTINEL_OBSERVATION	EUR			
HML-2_3q24_hg38	HG00268_h2_HML-2_3q24_hg38_technical_error	HML-2_3q24_hg38	HG00268	h2	Validator_Script	HML-2_3q24_hg38|HG00268|h2|none|historical_source/cluster/HML2_project_graph/extracted_sequences/hgsvc3-2024-02-23-mc-chm13/HML-2_3q24_hg38/HG00268_h2_HML-2_3q24_hg38_graph_hgsvc3-2024-02-23-mc-chm13.fa|56ca5a1936e5e0a112d36704dc46def33490a407006c6c462a7790e6938963f7	1	1	NA	NA	NO_EXACT_RETAINED_RECORD				NOT_ASSESSED_NO_EXACT_RETAINED_RECORD				NONCARRIER_SENTINEL_OBSERVATION	EUR			
HML-2_3q24_hg38	HG00358_h2_HML-2_3q24_hg38_technical_error	HML-2_3q24_hg38	HG00358	h2	Validator_Script	HML-2_3q24_hg38|HG00358|h2|none|historical_source/cluster/HML2_project_graph/extracted_sequences/hgsvc3-2024-02-23-mc-chm13/HML-2_3q24_hg38/HG00358_h2_HML-2_3q24_hg38_graph_hgsvc3-2024-02-23-mc-chm13.fa|a49688264409e510df5110995429cfee658327276e31d0c57a8d43147187be89	1	1	NA	NA	NO_EXACT_RETAINED_RECORD				NOT_ASSESSED_NO_EXACT_RETAINED_RECORD				NONCARRIER_SENTINEL_OBSERVATION	EUR			
HML-2_3q24_hg38	HG00512_h2_HML-2_3q24_hg38_technical_error	HML-2_3q24_hg38	HG00512	h2	Validator_Script	HML-2_3q24_hg38|HG00512|h2|none|historical_source/cluster/HML2_project_graph/extracted_sequences/hgsvc3-2024-02-23-mc-chm13/HML-2_3q24_hg38/HG00512_h2_HML-2_3q24_hg38_graph_hgsvc3-2024-02-23-mc-chm13.fa|cdeb91f6a1bd32011e8ba33a63bd563b14b2d8bcabde2fd326ddb5c5610d1b6a	1	1	NA	NA	NO_EXACT_RETAINED_RECORD				NOT_ASSESSED_NO_EXACT_RETAINED_RECORD				NONCARRIER_SENTINEL_OBSERVATION	EAS			
HML-2_3q24_hg38	HG00513_h2_HML-2_3q24_hg38_technical_error	HML-2_3q24_hg38	HG00513	h2	Validator_Script	HML-2_3q24_hg38|HG00513|h2|none|historical_source/cluster/HML2_project_graph/extracted_sequences/hgsvc3-2024-02-23-mc-chm13/HML-2_3q24_hg38/HG00513_h2_HML-2_3q24_hg38_graph_hgsvc3-2024-02-23-mc-chm13.fa|88f4a8596487886fed425bdcb5c90788a3dba2e35dd8909e82e109219bdeb10b	1	1	NA	NA	NO_EXACT_RETAINED_RECORD				NOT_ASSESSED_NO_EXACT_RETAINED_RECORD				NONCARRIER_SENTINEL_OBSERVATION	EAS			
HML-2_3q24_hg38	HG00514_h2_HML-2_3q24_hg38_technical_error	HML-2_3q24_hg38	HG00514	h2	Validator_Script	HML-2_3q24_hg38|HG00514|h2|none|historical_source/cluster/HML2_project_graph/extracted_sequences/hgsvc3-2024-02-23-mc-chm13/HML-2_3q24_hg38/HG00514_h2_HML-2_3q24_hg38_graph_hgsvc3-2024-02-23-mc-chm13.fa|473ed167b956bbba127f59116fbeb7af9d6983b62f582d60cbbeb7819fb34011	1	1	NA	NA	NO_EXACT_RETAINED_RECORD				NOT_ASSESSED_NO_EXACT_RETAINED_RECORD				NONCARRIER_SENTINEL_OBSERVATION	EAS			
HML-2_3q24_hg38	HG00731_h2_HML-2_3q24_hg38_technical_error	HML-2_3q24_hg38	HG00731	h2	Validator_Script	HML-2_3q24_hg38|HG00731|h2|none|historical_source/cluster/HML2_project_graph/extracted_sequences/hgsvc3-2024-02-23-mc-chm13/HML-2_3q24_hg38/HG00731_h2_HML-2_3q24_hg38_graph_hgsvc3-2024-02-23-mc-chm13.fa|a8f9f972d6f9da95cbb83785ea2f5ba2ab8da41e0c883c14c58eb1da28ba42b1	1	1	NA	NA	NO_EXACT_RETAINED_RECORD				NOT_ASSESSED_NO_EXACT_RETAINED_RECORD				NONCARRIER_SENTINEL_OBSERVATION	AMR			
HML-2_3q24_hg38	HG00732_h2_HML-2_3q24_hg38_technical_error	HML-2_3q24_hg38	HG00732	h2	Validator_Script	HML-2_3q24_hg38|HG00732|h2|none|historical_source/cluster/HML2_project_graph/extracted_sequences/hgsvc3-2024-02-23-mc-chm13/HML-2_3q24_hg38/HG00732_h2_HML-2_3q24_hg38_graph_hgsvc3-2024-02-23-mc-chm13.fa|cf96bf0d578c85a85f7a5c4e2ccc82d0f35763359dd343c3033f8432236d3b08	1	1	NA	NA	NO_EXACT_RETAINED_RECORD				NOT_ASSESSED_NO_EXACT_RETAINED_RECORD				NONCARRIER_SENTINEL_OBSERVATION	AMR			
HML-2_3q24_hg38	HG00864_h2_HML-2_3q24_hg38_technical_error	HML-2_3q24_hg38	HG00864	h2	Validator_Script	HML-2_3q24_hg38|HG00864|h2|none|historical_source/cluster/HML2_project_graph/extracted_sequences/hgsvc3-2024-02-23-mc-chm13/HML-2_3q24_hg38/HG00864_h2_HML-2_3q24_hg38_graph_hgsvc3-2024-02-23-mc-chm13.fa|98741c47dc9f7bf5feb3e8651908bf4fe3a12d63df51c5dfe362b2b7b274ce3a	1	1	NA	NA	NO_EXACT_RETAINED_RECORD				NOT_ASSESSED_NO_EXACT_RETAINED_RECORD				NONCARRIER_SENTINEL_OBSERVATION	EAS			
HML-2_3q24_hg38	HG01114_h2_HML-2_3q24_hg38_technical_error	HML-2_3q24_hg38	HG01114	h2	Validator_Script	HML-2_3q24_hg38|HG01114|h2|none|historical_source/cluster/HML2_project_graph/extracted_sequences/hgsvc3-2024-02-23-mc-chm13/HML-2_3q24_hg38/HG01114_h2_HML-2_3q24_hg38_graph_hgsvc3-2024-02-23-mc-chm13.fa|5e535306dfc4da56bbd1d5bd7d2dbf32a086db4e58a8995feac728ed2efd9fd5	1	1	NA	NA	NO_EXACT_RETAINED_RECORD				NOT_ASSESSED_NO_EXACT_RETAINED_RECORD				NONCARRIER_SENTINEL_OBSERVATION	AMR			
HML-2_3q24_hg38	HG01352_h2_HML-2_3q24_hg38_technical_error	HML-2_3q24_hg38	HG01352	h2	Validator_Script	HML-2_3q24_hg38|HG01352|h2|none|historical_source/cluster/HML2_project_graph/extracted_sequences/hgsvc3-2024-02-23-mc-chm13/HML-2_3q24_hg38/HG01352_h2_HML-2_3q24_hg38_graph_hgsvc3-2024-02-23-mc-chm13.fa|ed9a8abaf63fb02959492da5b1886e8f2f4e34808e3c8c62db648dba6ae48721	1	1	NA	NA	NO_EXACT_RETAINED_RECORD				NOT_ASSESSED_NO_EXACT_RETAINED_RECORD				NONCARRIER_SENTINEL_OBSERVATION	AMR			
HML-2_3q24_hg38	HG01457_h2_HML-2_3q24_hg38_technical_error	HML-2_3q24_hg38	HG01457	h2	Validator_Script	HML-2_3q24_hg38|HG01457|h2|none|historical_source/cluster/HML2_project_graph/extracted_sequences/hgsvc3-2024-02-23-mc-chm13/HML-2_3q24_hg38/HG01457_h2_HML-2_3q24_hg38_graph_hgsvc3-2024-02-23-mc-chm13.fa|8d73a2a4aaaadec676cd7fb339ab5cc139882f155430133904c7bb65470dc254	1	1	NA	NA	NO_EXACT_RETAINED_RECORD				NOT_ASSESSED_NO_EXACT_RETAINED_RECORD				NONCARRIER_SENTINEL_OBSERVATION	AMR			
HML-2_3q24_hg38	HG01596_h2_HML-2_3q24_hg38_technical_error	HML-2_3q24_hg38	HG01596	h2	Validator_Script	HML-2_3q24_hg38|HG01596|h2|none|historical_source/cluster/HML2_project_graph/extracted_sequences/hgsvc3-2024-02-23-mc-chm13/HML-2_3q24_hg38/HG01596_h2_HML-2_3q24_hg38_graph_hgsvc3-2024-02-23-mc-chm13.fa|44d2050bbfe83c4d3f7f13e041a8966fa69f9c50af05490cc09c299f0f5a3cb9	1	1	NA	NA	NO_EXACT_RETAINED_RECORD				NOT_ASSESSED_NO_EXACT_RETAINED_RECORD				NONCARRIER_SENTINEL_OBSERVATION	EAS			
HML-2_3q24_hg38	HG02011_h2_HML-2_3q24_hg38_technical_error	HML-2_3q24_hg38	HG02011	h2	Validator_Script	HML-2_3q24_hg38|HG02011|h2|none|historical_source/cluster/HML2_project_graph/extracted_sequences/hgsvc3-2024-02-23-mc-chm13/HML-2_3q24_hg38/HG02011_h2_HML-2_3q24_hg38_graph_hgsvc3-2024-02-23-mc-chm13.fa|ae82b7fb02a8d48736ce8e3309962377c2928e24a8f5f7d1489ede86b3353e2b	1	1	NA	NA	NO_EXACT_RETAINED_RECORD				NOT_ASSESSED_NO_EXACT_RETAINED_RECORD				NONCARRIER_SENTINEL_OBSERVATION	AFR			
HML-2_3q24_hg38	HG02018_h2_HML-2_3q24_hg38_technical_error	HML-2_3q24_hg38	HG02018	h2	Validator_Script	HML-2_3q24_hg38|HG02018|h2|none|historical_source/cluster/HML2_project_graph/extracted_sequences/hgsvc3-2024-02-23-mc-chm13/HML-2_3q24_hg38/HG02018_h2_HML-2_3q24_hg38_graph_hgsvc3-2024-02-23-mc-chm13.fa|73818420841ce2a5fac019ae97f3ed926c8e0c9fd83c94c21af82f8f3b5a5024	1	1	NA	NA	NO_EXACT_RETAINED_RECORD				NOT_ASSESSED_NO_EXACT_RETAINED_RECORD				NONCARRIER_SENTINEL_OBSERVATION	EAS			
HML-2_3q24_hg38	HG02106_h2_HML-2_3q24_hg38_technical_error	HML-2_3q24_hg38	HG02106	h2	Validator_Script	HML-2_3q24_hg38|HG02106|h2|none|historical_source/cluster/HML2_project_graph/extracted_sequences/hgsvc3-2024-02-23-mc-chm13/HML-2_3q24_hg38/HG02106_h2_HML-2_3q24_hg38_graph_hgsvc3-2024-02-23-mc-chm13.fa|0ef6892a9b16dd95c626136a83927af18feb5eaf45811b4e6a02b128e94c6d5d	1	1	NA	NA	NO_EXACT_RETAINED_RECORD				NOT_ASSESSED_NO_EXACT_RETAINED_RECORD				NONCARRIER_SENTINEL_OBSERVATION	AMR			
HML-2_3q24_hg38	HG02282_h2_HML-2_3q24_hg38_technical_error	HML-2_3q24_hg38	HG02282	h2	Validator_Script	HML-2_3q24_hg38|HG02282|h2|none|historical_source/cluster/HML2_project_graph/extracted_sequences/hgsvc3-2024-02-23-mc-chm13/HML-2_3q24_hg38/HG02282_h2_HML-2_3q24_hg38_graph_hgsvc3-2024-02-23-mc-chm13.fa|ce37fddab224c37a41420482317f4e30ff287447a028a7dd708cc0c164378563	1	1	NA	NA	NO_EXACT_RETAINED_RECORD				NOT_ASSESSED_NO_EXACT_RETAINED_RECORD				NONCARRIER_SENTINEL_OBSERVATION	AFR			
HML-2_3q24_hg38	HG02554_h2_HML-2_3q24_hg38_technical_error	HML-2_3q24_hg38	HG02554	h2	Validator_Script	HML-2_3q24_hg38|HG02554|h2|none|historical_source/cluster/HML2_project_graph/extracted_sequences/hgsvc3-2024-02-23-mc-chm13/HML-2_3q24_hg38/HG02554_h2_HML-2_3q24_hg38_graph_hgsvc3-2024-02-23-mc-chm13.fa|c3fc785c4dd40c89719c29da445d597ca099f7e43783e6dadb169cb1b27e14d7	1	1	NA	NA	NO_EXACT_RETAINED_RECORD				NOT_ASSESSED_NO_EXACT_RETAINED_RECORD				NONCARRIER_SENTINEL_OBSERVATION	AFR			
HML-2_3q24_hg38	HG02587_h2_HML-2_3q24_hg38_technical_error	HML-2_3q24_hg38	HG02587	h2	Validator_Script	HML-2_3q24_hg38|HG02587|h2|none|historical_source/cluster/HML2_project_graph/extracted_sequences/hgsvc3-2024-02-23-mc-chm13/HML-2_3q24_hg38/HG02587_h2_HML-2_3q24_hg38_graph_hgsvc3-2024-02-23-mc-chm13.fa|41569589821ee70a8297aa9645e1111a133ded69026b0658fb373c9d6efe410f	1	1	NA	NA	NO_EXACT_RETAINED_RECORD				NOT_ASSESSED_NO_EXACT_RETAINED_RECORD				NONCARRIER_SENTINEL_OBSERVATION	AFR			
HML-2_3q24_hg38	HG02666_h2_HML-2_3q24_hg38_technical_error	HML-2_3q24_hg38	HG02666	h2	Validator_Script	HML-2_3q24_hg38|HG02666|h2|none|historical_source/cluster/HML2_project_graph/extracted_sequences/hgsvc3-2024-02-23-mc-chm13/HML-2_3q24_hg38/HG02666_h2_HML-2_3q24_hg38_graph_hgsvc3-2024-02-23-mc-chm13.fa|42feed82307573e4b7d7150fe63bdcd6ace4b5952fe1ff284eb0f1a4ffbf08d8	1	1	NA	NA	NO_EXACT_RETAINED_RECORD				NOT_ASSESSED_NO_EXACT_RETAINED_RECORD				NONCARRIER_SENTINEL_OBSERVATION	AFR			
HML-2_3q24_hg38	HG02769_h2_HML-2_3q24_hg38_technical_error	HML-2_3q24_hg38	HG02769	h2	Validator_Script	HML-2_3q24_hg38|HG02769|h2|none|historical_source/cluster/HML2_project_graph/extracted_sequences/hgsvc3-2024-02-23-mc-chm13/HML-2_3q24_hg38/HG02769_h2_HML-2_3q24_hg38_graph_hgsvc3-2024-02-23-mc-chm13.fa|b223179b193c6478363a711ede9ccf35dcd0e8757ca3a18a760c17b549407ffb	1	1	NA	NA	NO_EXACT_RETAINED_RECORD				NOT_ASSESSED_NO_EXACT_RETAINED_RECORD				NONCARRIER_SENTINEL_OBSERVATION	AFR			
HML-2_3q24_hg38	HG02953_h2_HML-2_3q24_hg38_technical_error	HML-2_3q24_hg38	HG02953	h2	Validator_Script	HML-2_3q24_hg38|HG02953|h2|none|historical_source/cluster/HML2_project_graph/extracted_sequences/hgsvc3-2024-02-23-mc-chm13/HML-2_3q24_hg38/HG02953_h2_HML-2_3q24_hg38_graph_hgsvc3-2024-02-23-mc-chm13.fa|9cd76d3186a9a7ff43317ef259adb9fd55307c94e460c5e5ff935f477ee0b50e	1	1	NA	NA	NO_EXACT_RETAINED_RECORD				NOT_ASSESSED_NO_EXACT_RETAINED_RECORD				NONCARRIER_SENTINEL_OBSERVATION	AFR			
HML-2_3q24_hg38	HG03009_h2_HML-2_3q24_hg38_technical_error	HML-2_3q24_hg38	HG03009	h2	Validator_Script	HML-2_3q24_hg38|HG03009|h2|none|historical_source/cluster/HML2_project_graph/extracted_sequences/hgsvc3-2024-02-23-mc-chm13/HML-2_3q24_hg38/HG03009_h2_HML-2_3q24_hg38_graph_hgsvc3-2024-02-23-mc-chm13.fa|38a030d0ca97539f55fc81a7733d08b6ea90608cd921a0290194b6f239a22050	1	1	NA	NA	NO_EXACT_RETAINED_RECORD				NOT_ASSESSED_NO_EXACT_RETAINED_RECORD				NONCARRIER_SENTINEL_OBSERVATION	SAS			
HML-2_3q24_hg38	HG03065_h2_HML-2_3q24_hg38_technical_error	HML-2_3q24_hg38	HG03065	h2	Validator_Script	HML-2_3q24_hg38|HG03065|h2|none|historical_source/cluster/HML2_project_graph/extracted_sequences/hgsvc3-2024-02-23-mc-chm13/HML-2_3q24_hg38/HG03065_h2_HML-2_3q24_hg38_graph_hgsvc3-2024-02-23-mc-chm13.fa|c79f43cce8e493fb9a15adc6213b66f20eec83bda6f9e54d2a65fe53bb59b5cf	1	1	NA	NA	NO_EXACT_RETAINED_RECORD				NOT_ASSESSED_NO_EXACT_RETAINED_RECORD				NONCARRIER_SENTINEL_OBSERVATION	AFR			
HML-2_3q24_hg38	HG03248_h2_HML-2_3q24_hg38_technical_error	HML-2_3q24_hg38	HG03248	h2	Validator_Script	HML-2_3q24_hg38|HG03248|h2|none|historical_source/cluster/HML2_project_graph/extracted_sequences/hgsvc3-2024-02-23-mc-chm13/HML-2_3q24_hg38/HG03248_h2_HML-2_3q24_hg38_graph_hgsvc3-2024-02-23-mc-chm13.fa|51437c167b91d36342f658886e3d0518dee12dba6b56717551d558cdfd40e144	1	1	NA	NA	NO_EXACT_RETAINED_RECORD				NOT_ASSESSED_NO_EXACT_RETAINED_RECORD				NONCARRIER_SENTINEL_OBSERVATION	AFR			
HML-2_3q24_hg38	HG03452_h2_HML-2_3q24_hg38_technical_error	HML-2_3q24_hg38	HG03452	h2	Validator_Script	HML-2_3q24_hg38|HG03452|h2|none|historical_source/cluster/HML2_project_graph/extracted_sequences/hgsvc3-2024-02-23-mc-chm13/HML-2_3q24_hg38/HG03452_h2_HML-2_3q24_hg38_graph_hgsvc3-2024-02-23-mc-chm13.fa|4aaff5798ab6de371c0f6c55f0358e7eb5b85c0ae3acec2848242369df533087	1	1	NA	NA	NO_EXACT_RETAINED_RECORD				NOT_ASSESSED_NO_EXACT_RETAINED_RECORD				NONCARRIER_SENTINEL_OBSERVATION	AFR			
HML-2_3q24_hg38	HG03456_h2_HML-2_3q24_hg38_technical_error	HML-2_3q24_hg38	HG03456	h2	Validator_Script	HML-2_3q24_hg38|HG03456|h2|none|historical_source/cluster/HML2_project_graph/extracted_sequences/hgsvc3-2024-02-23-mc-chm13/HML-2_3q24_hg38/HG03456_h2_HML-2_3q24_hg38_graph_hgsvc3-2024-02-23-mc-chm13.fa|1bb40161678ccd1f9e92638d8ba4920e386ef028962e7123b1d83da24a1aea4c	1	1	NA	NA	NO_EXACT_RETAINED_RECORD				NOT_ASSESSED_NO_EXACT_RETAINED_RECORD				NONCARRIER_SENTINEL_OBSERVATION	AFR			
HML-2_3q24_hg38	HG03683_h2_HML-2_3q24_hg38_technical_error	HML-2_3q24_hg38	HG03683	h2	Validator_Script	HML-2_3q24_hg38|HG03683|h2|none|historical_source/cluster/HML2_project_graph/extracted_sequences/hgsvc3-2024-02-23-mc-chm13/HML-2_3q24_hg38/HG03683_h2_HML-2_3q24_hg38_graph_hgsvc3-2024-02-23-mc-chm13.fa|eee125de9cada047f7f07eb807428039e8e24c4e8423a694395ed3580ba6afd3	1	1	NA	NA	NO_EXACT_RETAINED_RECORD				NOT_ASSESSED_NO_EXACT_RETAINED_RECORD				NONCARRIER_SENTINEL_OBSERVATION	SAS			
HML-2_3q24_hg38	HG03732_h2_HML-2_3q24_hg38_technical_error	HML-2_3q24_hg38	HG03732	h2	Validator_Script	HML-2_3q24_hg38|HG03732|h2|none|historical_source/cluster/HML2_project_graph/extracted_sequences/hgsvc3-2024-02-23-mc-chm13/HML-2_3q24_hg38/HG03732_h2_HML-2_3q24_hg38_graph_hgsvc3-2024-02-23-mc-chm13.fa|b2700f0eb037873968f7a4b0678125e20d131f2c3a9dc7bc94fd15e1a75b0047	1	1	NA	NA	NO_EXACT_RETAINED_RECORD				NOT_ASSESSED_NO_EXACT_RETAINED_RECORD				NONCARRIER_SENTINEL_OBSERVATION	SAS			
HML-2_3q24_hg38	HG03807_h2_HML-2_3q24_hg38_technical_error	HML-2_3q24_hg38	HG03807	h2	Validator_Script	HML-2_3q24_hg38|HG03807|h2|none|historical_source/cluster/HML2_project_graph/extracted_sequences/hgsvc3-2024-02-23-mc-chm13/HML-2_3q24_hg38/HG03807_h2_HML-2_3q24_hg38_graph_hgsvc3-2024-02-23-mc-chm13.fa|f089908993655112775440f3abd023c8316207cd9bc1babf19d981e1d262443f	1	1	NA	NA	NO_EXACT_RETAINED_RECORD				NOT_ASSESSED_NO_EXACT_RETAINED_RECORD				NONCARRIER_SENTINEL_OBSERVATION	SAS			
HML-2_3q24_hg38	HG04036_h2_HML-2_3q24_hg38_technical_error	HML-2_3q24_hg38	HG04036	h2	Validator_Script	HML-2_3q24_hg38|HG04036|h2|none|historical_source/cluster/HML2_project_graph/extracted_sequences/hgsvc3-2024-02-23-mc-chm13/HML-2_3q24_hg38/HG04036_h2_HML-2_3q24_hg38_graph_hgsvc3-2024-02-23-mc-chm13.fa|d5ee9e6144d21bd873d781a3411826b52702940d45370170532115680385e368	1	1	NA	NA	NO_EXACT_RETAINED_RECORD				NOT_ASSESSED_NO_EXACT_RETAINED_RECORD				NONCARRIER_SENTINEL_OBSERVATION	SAS			
HML-2_3q24_hg38	HG04217_h2_HML-2_3q24_hg38_technical_error	HML-2_3q24_hg38	HG04217	h2	Validator_Script	HML-2_3q24_hg38|HG04217|h2|none|historical_source/cluster/HML2_project_graph/extracted_sequences/hgsvc3-2024-02-23-mc-chm13/HML-2_3q24_hg38/HG04217_h2_HML-2_3q24_hg38_graph_hgsvc3-2024-02-23-mc-chm13.fa|cb0a01f4bc7b0876bd5f8b68ca5ad0b173de1729f1d4dd1969d3fc725e8d2683	1	1	NA	NA	NO_EXACT_RETAINED_RECORD				NOT_ASSESSED_NO_EXACT_RETAINED_RECORD				NONCARRIER_SENTINEL_OBSERVATION	SAS			
HML-2_3q24_hg38	NA18534_h2_HML-2_3q24_hg38_technical_error	HML-2_3q24_hg38	NA18534	h2	Validator_Script	HML-2_3q24_hg38|NA18534|h2|none|historical_source/cluster/HML2_project_graph/extracted_sequences/hgsvc3-2024-02-23-mc-chm13/HML-2_3q24_hg38/NA18534_h2_HML-2_3q24_hg38_graph_hgsvc3-2024-02-23-mc-chm13.fa|a41e7c31a2759205b42e386c1f90328dc659a249af1a5696f3dd3ff5124e1026	1	1	NA	NA	NO_EXACT_RETAINED_RECORD				NOT_ASSESSED_NO_EXACT_RETAINED_RECORD				NONCARRIER_SENTINEL_OBSERVATION	EAS			
HML-2_3q24_hg38	NA18989_h2_HML-2_3q24_hg38_technical_error	HML-2_3q24_hg38	NA18989	h2	Validator_Script	HML-2_3q24_hg38|NA18989|h2|none|historical_source/cluster/HML2_project_graph/extracted_sequences/hgsvc3-2024-02-23-mc-chm13/HML-2_3q24_hg38/NA18989_h2_HML-2_3q24_hg38_graph_hgsvc3-2024-02-23-mc-chm13.fa|2568882181e1741593eb219485da91fc7d7c3d2b28416959e7f4d95ac6682165	1	1	NA	NA	NO_EXACT_RETAINED_RECORD				NOT_ASSESSED_NO_EXACT_RETAINED_RECORD				NONCARRIER_SENTINEL_OBSERVATION	EAS			
HML-2_3q24_hg38	NA19129_h2_HML-2_3q24_hg38_technical_error	HML-2_3q24_hg38	NA19129	h2	Validator_Script	HML-2_3q24_hg38|NA19129|h2|none|historical_source/cluster/HML2_project_graph/extracted_sequences/hgsvc3-2024-02-23-mc-chm13/HML-2_3q24_hg38/NA19129_h2_HML-2_3q24_hg38_graph_hgsvc3-2024-02-23-mc-chm13.fa|7d540dca63f11d3a8be53438f2ff625cf8d23275d66dee69375b9348267378b4	1	1	NA	NA	NO_EXACT_RETAINED_RECORD				NOT_ASSESSED_NO_EXACT_RETAINED_RECORD				NONCARRIER_SENTINEL_OBSERVATION	AFR			
HML-2_3q24_hg38	NA19238_h2_HML-2_3q24_hg38_technical_error	HML-2_3q24_hg38	NA19238	h2	Validator_Script	HML-2_3q24_hg38|NA19238|h2|none|historical_source/cluster/HML2_project_graph/extracted_sequences/hgsvc3-2024-02-23-mc-chm13/HML-2_3q24_hg38/NA19238_h2_HML-2_3q24_hg38_graph_hgsvc3-2024-02-23-mc-chm13.fa|5b8ffdd57e46b7cb00ec525b20e74e5462cdaab2c0f2059ee3f239dca4b34e41	1	1	NA	NA	NO_EXACT_RETAINED_RECORD				NOT_ASSESSED_NO_EXACT_RETAINED_RECORD				NONCARRIER_SENTINEL_OBSERVATION	AFR			
HML-2_3q24_hg38	NA19239_h2_HML-2_3q24_hg38_technical_error	HML-2_3q24_hg38	NA19239	h2	Validator_Script	HML-2_3q24_hg38|NA19239|h2|none|historical_source/cluster/HML2_project_graph/extracted_sequences/hgsvc3-2024-02-23-mc-chm13/HML-2_3q24_hg38/NA19239_h2_HML-2_3q24_hg38_graph_hgsvc3-2024-02-23-mc-chm13.fa|1e5da69b0119e23ddb3e3668c1bc20724c6cf43c8ea3621f775f39cc23a72b72	1	1	NA	NA	NO_EXACT_RETAINED_RECORD				NOT_ASSESSED_NO_EXACT_RETAINED_RECORD				NONCARRIER_SENTINEL_OBSERVATION	AFR			
HML-2_3q24_hg38	NA19317_h2_HML-2_3q24_hg38_technical_error	HML-2_3q24_hg38	NA19317	h2	Validator_Script	HML-2_3q24_hg38|NA19317|h2|none|historical_source/cluster/HML2_project_graph/extracted_sequences/hgsvc3-2024-02-23-mc-chm13/HML-2_3q24_hg38/NA19317_h2_HML-2_3q24_hg38_graph_hgsvc3-2024-02-23-mc-chm13.fa|2802147d65e8d2d1ad9d80e84701f86df10b22568949c74e01e0e141948f313c	1	1	NA	NA	NO_EXACT_RETAINED_RECORD				NOT_ASSESSED_NO_EXACT_RETAINED_RECORD				NONCARRIER_SENTINEL_OBSERVATION	AFR			
HML-2_3q24_hg38	NA19331_h2_HML-2_3q24_hg38_technical_error	HML-2_3q24_hg38	NA19331	h2	Validator_Script	HML-2_3q24_hg38|NA19331|h2|none|historical_source/cluster/HML2_project_graph/extracted_sequences/hgsvc3-2024-02-23-mc-chm13/HML-2_3q24_hg38/NA19331_h2_HML-2_3q24_hg38_graph_hgsvc3-2024-02-23-mc-chm13.fa|31ebd46a0f67f210cc1f694dc14c6b4b4f8714e4542dc26a439abc300fd23e1e	1	1	NA	NA	NO_EXACT_RETAINED_RECORD				NOT_ASSESSED_NO_EXACT_RETAINED_RECORD				NONCARRIER_SENTINEL_OBSERVATION	AFR			
HML-2_3q24_hg38	NA19347_h2_HML-2_3q24_hg38_technical_error	HML-2_3q24_hg38	NA19347	h2	Validator_Script	HML-2_3q24_hg38|NA19347|h2|none|historical_source/cluster/HML2_project_graph/extracted_sequences/hgsvc3-2024-02-23-mc-chm13/HML-2_3q24_hg38/NA19347_h2_HML-2_3q24_hg38_graph_hgsvc3-2024-02-23-mc-chm13.fa|5dae41b338074eac8c603fcb20b2994d21c915105b98344808a3daad1020734b	1	1	NA	NA	NO_EXACT_RETAINED_RECORD				NOT_ASSESSED_NO_EXACT_RETAINED_RECORD				NONCARRIER_SENTINEL_OBSERVATION	AFR			
HML-2_3q24_hg38	NA19384_h2_HML-2_3q24_hg38_technical_error	HML-2_3q24_hg38	NA19384	h2	Validator_Script	HML-2_3q24_hg38|NA19384|h2|none|historical_source/cluster/HML2_project_graph/extracted_sequences/hgsvc3-2024-02-23-mc-chm13/HML-2_3q24_hg38/NA19384_h2_HML-2_3q24_hg38_graph_hgsvc3-2024-02-23-mc-chm13.fa|6c348c7af23a87d007bed11b4e45cfb2464070dcff2ce457c21ed84e4969690f	1	1	NA	NA	NO_EXACT_RETAINED_RECORD				NOT_ASSESSED_NO_EXACT_RETAINED_RECORD				NONCARRIER_SENTINEL_OBSERVATION	AFR			
HML-2_3q24_hg38	NA19434_h2_HML-2_3q24_hg38_technical_error	HML-2_3q24_hg38	NA19434	h2	Validator_Script	HML-2_3q24_hg38|NA19434|h2|none|historical_source/cluster/HML2_project_graph/extracted_sequences/hgsvc3-2024-02-23-mc-chm13/HML-2_3q24_hg38/NA19434_h2_HML-2_3q24_hg38_graph_hgsvc3-2024-02-23-mc-chm13.fa|fd8814ce7fea9805e0f13aa80c8396e377800abec63fc965e632b9bfbe5f2665	1	1	NA	NA	NO_EXACT_RETAINED_RECORD				NOT_ASSESSED_NO_EXACT_RETAINED_RECORD				NONCARRIER_SENTINEL_OBSERVATION	AFR			
HML-2_3q24_hg38	NA19650_h2_HML-2_3q24_hg38_technical_error	HML-2_3q24_hg38	NA19650	h2	Validator_Script	HML-2_3q24_hg38|NA19650|h2|none|historical_source/cluster/HML2_project_graph/extracted_sequences/hgsvc3-2024-02-23-mc-chm13/HML-2_3q24_hg38/NA19650_h2_HML-2_3q24_hg38_graph_hgsvc3-2024-02-23-mc-chm13.fa|f9080936851e7d258e7332be8d81e16e84bc44c26022265f3f0256c28d123849	1	1	NA	NA	NO_EXACT_RETAINED_RECORD				NOT_ASSESSED_NO_EXACT_RETAINED_RECORD				NONCARRIER_SENTINEL_OBSERVATION	AMR			
HML-2_3q24_hg38	NA19705_h2_HML-2_3q24_hg38_technical_error	HML-2_3q24_hg38	NA19705	h2	Validator_Script	HML-2_3q24_hg38|NA19705|h2|none|historical_source/cluster/HML2_project_graph/extracted_sequences/hgsvc3-2024-02-23-mc-chm13/HML-2_3q24_hg38/NA19705_h2_HML-2_3q24_hg38_graph_hgsvc3-2024-02-23-mc-chm13.fa|41acafdf33e0cad7cf628032dad8fdca9100b28e292006adcd8303225f8658ab	1	1	NA	NA	NO_EXACT_RETAINED_RECORD				NOT_ASSESSED_NO_EXACT_RETAINED_RECORD				NONCARRIER_SENTINEL_OBSERVATION	AFR			
HML-2_3q24_hg38	NA19836_h2_HML-2_3q24_hg38_technical_error	HML-2_3q24_hg38	NA19836	h2	Validator_Script	HML-2_3q24_hg38|NA19836|h2|none|historical_source/cluster/HML2_project_graph/extracted_sequences/hgsvc3-2024-02-23-mc-chm13/HML-2_3q24_hg38/NA19836_h2_HML-2_3q24_hg38_graph_hgsvc3-2024-02-23-mc-chm13.fa|e685c01c41c8584f89d42ce8a9a9fb8644858e7c013ae6fde29b1379fe099671	1	1	NA	NA	NO_EXACT_RETAINED_RECORD				NOT_ASSESSED_NO_EXACT_RETAINED_RECORD				NONCARRIER_SENTINEL_OBSERVATION	AFR			
HML-2_3q24_hg38	NA20355_h2_HML-2_3q24_hg38_technical_error	HML-2_3q24_hg38	NA20355	h2	Validator_Script	HML-2_3q24_hg38|NA20355|h2|none|historical_source/cluster/HML2_project_graph/extracted_sequences/hgsvc3-2024-02-23-mc-chm13/HML-2_3q24_hg38/NA20355_h2_HML-2_3q24_hg38_graph_hgsvc3-2024-02-23-mc-chm13.fa|04d802d8ead3d83fa87ac6b6696227a13702e8d9064a316f17881bbb28e4e19f	1	1	NA	NA	NO_EXACT_RETAINED_RECORD				NOT_ASSESSED_NO_EXACT_RETAINED_RECORD				NONCARRIER_SENTINEL_OBSERVATION	AFR			
HML-2_3q24_hg38	NA20509_h2_HML-2_3q24_hg38_technical_error	HML-2_3q24_hg38	NA20509	h2	Validator_Script	HML-2_3q24_hg38|NA20509|h2|none|historical_source/cluster/HML2_project_graph/extracted_sequences/hgsvc3-2024-02-23-mc-chm13/HML-2_3q24_hg38/NA20509_h2_HML-2_3q24_hg38_graph_hgsvc3-2024-02-23-mc-chm13.fa|169797e03ead779f5881aa74efff4779eafb612f54b16f7e338d4260387cae54	1	1	NA	NA	NO_EXACT_RETAINED_RECORD				NOT_ASSESSED_NO_EXACT_RETAINED_RECORD				NONCARRIER_SENTINEL_OBSERVATION	EUR			
HML-2_3q24_hg38	NA20847_h2_HML-2_3q24_hg38_technical_error	HML-2_3q24_hg38	NA20847	h2	Validator_Script	HML-2_3q24_hg38|NA20847|h2|none|historical_source/cluster/HML2_project_graph/extracted_sequences/hgsvc3-2024-02-23-mc-chm13/HML-2_3q24_hg38/NA20847_h2_HML-2_3q24_hg38_graph_hgsvc3-2024-02-23-mc-chm13.fa|577c4281d1cb35aaf1e94cc15384696a51613a9875a2192c66d28e0a1a58f5a6	1	1	NA	NA	NO_EXACT_RETAINED_RECORD				NOT_ASSESSED_NO_EXACT_RETAINED_RECORD				NONCARRIER_SENTINEL_OBSERVATION	SAS			
HML-2_3q24_hg38	NA21487_h2_HML-2_3q24_hg38_technical_error	HML-2_3q24_hg38	NA21487	h2	Validator_Script	HML-2_3q24_hg38|NA21487|h2|none|historical_source/cluster/HML2_project_graph/extracted_sequences/hgsvc3-2024-02-23-mc-chm13/HML-2_3q24_hg38/NA21487_h2_HML-2_3q24_hg38_graph_hgsvc3-2024-02-23-mc-chm13.fa|fc16cc64ad2a900cc5cbe99ab12edadba194c4ca6ebf5528940f5a980ab3e187	1	1	NA	NA	NO_EXACT_RETAINED_RECORD				NOT_ASSESSED_NO_EXACT_RETAINED_RECORD				NONCARRIER_SENTINEL_OBSERVATION	Unassigned			
HML-2_3q24_hg38	NA24385_h2_HML-2_3q24_hg38_technical_error	HML-2_3q24_hg38	NA24385	h2	Validator_Script	HML-2_3q24_hg38|NA24385|h2|none|historical_source/cluster/HML2_project_graph/extracted_sequences/hgsvc3-2024-02-23-mc-chm13/HML-2_3q24_hg38/NA24385_h2_HML-2_3q24_hg38_graph_hgsvc3-2024-02-23-mc-chm13.fa|55f8eed011399076771aef8c504af5b1622bd8e6084caf9b3e9a3bf816a506b2	1	1	NA	NA	NO_EXACT_RETAINED_RECORD				NOT_ASSESSED_NO_EXACT_RETAINED_RECORD				NONCARRIER_SENTINEL_OBSERVATION	Unassigned			
HML-2_4p16.1a	NA19129_h2_HML-2_4p16.1a_technical_error	HML-2_4p16.1a	NA19129	h2	Validator_Script	HML-2_4p16.1a|NA19129|h2|none|historical_source/cluster/HML2_project_graph/extracted_sequences/hgsvc3-2024-02-23-mc-chm13/HML-2_4p16.1a/NA19129_h2_HML-2_4p16.1a_graph_hgsvc3-2024-02-23-mc-chm13.fa|7363caf70fa2d1421e19a7ebbf97d145ffd108122c46005df38f1405ed8b834e	1	1	NA	NA	NO_EXACT_RETAINED_RECORD				NOT_ASSESSED_NO_EXACT_RETAINED_RECORD				NONCARRIER_SENTINEL_OBSERVATION	AFR			
HML-2_4p16.3a	HG00096_h2_HML-2_4p16.3a_technical_error	HML-2_4p16.3a	HG00096	h2	Validator_Script	HML-2_4p16.3a|HG00096|h2|none|historical_source/cluster/HML2_project_graph/extracted_sequences/hgsvc3-2024-02-23-mc-chm13/HML-2_4p16.3a/HG00096_h2_HML-2_4p16.3a_graph_hgsvc3-2024-02-23-mc-chm13.fa|8de6774f83312d91dd7af53cddb3bbb7b3836e879df484fc8cff67956ffa5f4a	1	1	NA	NA	NO_EXACT_RETAINED_RECORD				NOT_ASSESSED_NO_EXACT_RETAINED_RECORD				NONCARRIER_SENTINEL_OBSERVATION	EUR			
HML-2_4p16.3a	HG00171_h2_HML-2_4p16.3a_technical_error	HML-2_4p16.3a	HG00171	h2	Validator_Script	HML-2_4p16.3a|HG00171|h2|none|historical_source/cluster/HML2_project_graph/extracted_sequences/hgsvc3-2024-02-23-mc-chm13/HML-2_4p16.3a/HG00171_h2_HML-2_4p16.3a_graph_hgsvc3-2024-02-23-mc-chm13.fa|5e8fbf82acad80aa4bbac23ce8d99979e5335fdf85502bf666111e33c92dd5ee	1	1	NA	NA	NO_EXACT_RETAINED_RECORD				NOT_ASSESSED_NO_EXACT_RETAINED_RECORD				NONCARRIER_SENTINEL_OBSERVATION	EUR			
HML-2_4p16.3a	HG00268_h2_HML-2_4p16.3a_technical_error	HML-2_4p16.3a	HG00268	h2	Validator_Script	HML-2_4p16.3a|HG00268|h2|none|historical_source/cluster/HML2_project_graph/extracted_sequences/hgsvc3-2024-02-23-mc-chm13/HML-2_4p16.3a/HG00268_h2_HML-2_4p16.3a_graph_hgsvc3-2024-02-23-mc-chm13.fa|a7d0cf5434515d8ad4c5fa5f8d405708896f81d692f398c60990eda43f5a032c	1	1	NA	NA	NO_EXACT_RETAINED_RECORD				NOT_ASSESSED_NO_EXACT_RETAINED_RECORD				NONCARRIER_SENTINEL_OBSERVATION	EUR			
HML-2_4p16.3a	HG00358_h2_HML-2_4p16.3a_technical_error	HML-2_4p16.3a	HG00358	h2	Validator_Script	HML-2_4p16.3a|HG00358|h2|none|historical_source/cluster/HML2_project_graph/extracted_sequences/hgsvc3-2024-02-23-mc-chm13/HML-2_4p16.3a/HG00358_h2_HML-2_4p16.3a_graph_hgsvc3-2024-02-23-mc-chm13.fa|be7b96c212adbebf1ae88fa0df1ce63ce0bffb3e7a7b30bfda24e33747cdb006	1	1	NA	NA	NO_EXACT_RETAINED_RECORD				NOT_ASSESSED_NO_EXACT_RETAINED_RECORD				NONCARRIER_SENTINEL_OBSERVATION	EUR			
HML-2_4p16.3a	HG00512_h2_HML-2_4p16.3a_technical_error	HML-2_4p16.3a	HG00512	h2	Validator_Script	HML-2_4p16.3a|HG00512|h2|none|historical_source/cluster/HML2_project_graph/extracted_sequences/hgsvc3-2024-02-23-mc-chm13/HML-2_4p16.3a/HG00512_h2_HML-2_4p16.3a_graph_hgsvc3-2024-02-23-mc-chm13.fa|e08cf9c5ff0a7879143b600ffe407ad704219ecc4f6bda408624ce7233f20986	1	1	NA	NA	NO_EXACT_RETAINED_RECORD				NOT_ASSESSED_NO_EXACT_RETAINED_RECORD				NONCARRIER_SENTINEL_OBSERVATION	EAS			
HML-2_4p16.3a	HG00513_h2_HML-2_4p16.3a_technical_error	HML-2_4p16.3a	HG00513	h2	Validator_Script	HML-2_4p16.3a|HG00513|h2|none|historical_source/cluster/HML2_project_graph/extracted_sequences/hgsvc3-2024-02-23-mc-chm13/HML-2_4p16.3a/HG00513_h2_HML-2_4p16.3a_graph_hgsvc3-2024-02-23-mc-chm13.fa|b812422845b7a131e6f4bb90477d10a4e1d66572f2bb9759679ba079c2ea55c4	1	1	NA	NA	NO_EXACT_RETAINED_RECORD				NOT_ASSESSED_NO_EXACT_RETAINED_RECORD				NONCARRIER_SENTINEL_OBSERVATION	EAS			
HML-2_4p16.3a	HG00514_h2_HML-2_4p16.3a_technical_error	HML-2_4p16.3a	HG00514	h2	Validator_Script	HML-2_4p16.3a|HG00514|h2|none|historical_source/cluster/HML2_project_graph/extracted_sequences/hgsvc3-2024-02-23-mc-chm13/HML-2_4p16.3a/HG00514_h2_HML-2_4p16.3a_graph_hgsvc3-2024-02-23-mc-chm13.fa|6aa4d3f0b29db074f3a12868b9076bc3a851455eb11fb188438f143fbb361631	1	1	NA	NA	NO_EXACT_RETAINED_RECORD				NOT_ASSESSED_NO_EXACT_RETAINED_RECORD				NONCARRIER_SENTINEL_OBSERVATION	EAS			
HML-2_4p16.3a	HG00731_h2_HML-2_4p16.3a_technical_error	HML-2_4p16.3a	HG00731	h2	Validator_Script	HML-2_4p16.3a|HG00731|h2|none|historical_source/cluster/HML2_project_graph/extracted_sequences/hgsvc3-2024-02-23-mc-chm13/HML-2_4p16.3a/HG00731_h2_HML-2_4p16.3a_graph_hgsvc3-2024-02-23-mc-chm13.fa|abbef6fc8a760ce281964a4c79808ea130cab6a3b859b7058748e00980cc9447	1	1	NA	NA	NO_EXACT_RETAINED_RECORD				NOT_ASSESSED_NO_EXACT_RETAINED_RECORD				NONCARRIER_SENTINEL_OBSERVATION	AMR			
HML-2_4p16.3a	HG01114_h2_HML-2_4p16.3a_technical_error	HML-2_4p16.3a	HG01114	h2	Validator_Script	HML-2_4p16.3a|HG01114|h2|none|historical_source/cluster/HML2_project_graph/extracted_sequences/hgsvc3-2024-02-23-mc-chm13/HML-2_4p16.3a/HG01114_h2_HML-2_4p16.3a_graph_hgsvc3-2024-02-23-mc-chm13.fa|72fbdeee154ad8dad677b785e904b38f4f8e01fa53cda43d5688935617d410a0	1	1	NA	NA	NO_EXACT_RETAINED_RECORD				NOT_ASSESSED_NO_EXACT_RETAINED_RECORD				NONCARRIER_SENTINEL_OBSERVATION	AMR			
HML-2_4p16.3a	HG01352_h2_HML-2_4p16.3a_technical_error	HML-2_4p16.3a	HG01352	h2	Validator_Script	HML-2_4p16.3a|HG01352|h2|none|historical_source/cluster/HML2_project_graph/extracted_sequences/hgsvc3-2024-02-23-mc-chm13/HML-2_4p16.3a/HG01352_h2_HML-2_4p16.3a_graph_hgsvc3-2024-02-23-mc-chm13.fa|77d8779bdc14c17f6098d729d753a55bf78a7caf79a46e760bc0dde1128b62d4	1	1	NA	NA	NO_EXACT_RETAINED_RECORD				NOT_ASSESSED_NO_EXACT_RETAINED_RECORD				NONCARRIER_SENTINEL_OBSERVATION	AMR			
HML-2_4p16.3a	HG01457_h2_HML-2_4p16.3a_technical_error	HML-2_4p16.3a	HG01457	h2	Validator_Script	HML-2_4p16.3a|HG01457|h2|none|historical_source/cluster/HML2_project_graph/extracted_sequences/hgsvc3-2024-02-23-mc-chm13/HML-2_4p16.3a/HG01457_h2_HML-2_4p16.3a_graph_hgsvc3-2024-02-23-mc-chm13.fa|bcd02575c3d05a7dda4fb567731aecac0ff962d97eb4fd962ffc21a4e98047c2	1	1	NA	NA	NO_EXACT_RETAINED_RECORD				NOT_ASSESSED_NO_EXACT_RETAINED_RECORD				NONCARRIER_SENTINEL_OBSERVATION	AMR			
HML-2_4p16.3a	HG01505_h2_HML-2_4p16.3a_technical_error	HML-2_4p16.3a	HG01505	h2	Validator_Script	HML-2_4p16.3a|HG01505|h2|none|historical_source/cluster/HML2_project_graph/extracted_sequences/hgsvc3-2024-02-23-mc-chm13/HML-2_4p16.3a/HG01505_h2_HML-2_4p16.3a_graph_hgsvc3-2024-02-23-mc-chm13.fa|1e10c2e22a6af2d839d1f736a783b6a4eb54ebaa74bb297983904d08051144a8	1	1	NA	NA	NO_EXACT_RETAINED_RECORD				NOT_ASSESSED_NO_EXACT_RETAINED_RECORD				NONCARRIER_SENTINEL_OBSERVATION	EUR			
HML-2_4p16.3a	HG01573_h2_HML-2_4p16.3a_technical_error	HML-2_4p16.3a	HG01573	h2	Validator_Script	HML-2_4p16.3a|HG01573|h2|none|historical_source/cluster/HML2_project_graph/extracted_sequences/hgsvc3-2024-02-23-mc-chm13/HML-2_4p16.3a/HG01573_h2_HML-2_4p16.3a_graph_hgsvc3-2024-02-23-mc-chm13.fa|4023ce4714db22f4967c6e22f42cf41bb8169081e5445928a1c2f9c65967ede0	1	1	NA	NA	NO_EXACT_RETAINED_RECORD				NOT_ASSESSED_NO_EXACT_RETAINED_RECORD				NONCARRIER_SENTINEL_OBSERVATION	AMR			
HML-2_4p16.3a	HG01596_h2_HML-2_4p16.3a_technical_error	HML-2_4p16.3a	HG01596	h2	Validator_Script	HML-2_4p16.3a|HG01596|h2|none|historical_source/cluster/HML2_project_graph/extracted_sequences/hgsvc3-2024-02-23-mc-chm13/HML-2_4p16.3a/HG01596_h2_HML-2_4p16.3a_graph_hgsvc3-2024-02-23-mc-chm13.fa|f784247fd1df29f4989b8c5effa241c015139e116fa352a3a5ba7272bdc69ae2	1	1	NA	NA	NO_EXACT_RETAINED_RECORD				NOT_ASSESSED_NO_EXACT_RETAINED_RECORD				NONCARRIER_SENTINEL_OBSERVATION	EAS			
HML-2_4p16.3a	HG02011_h2_HML-2_4p16.3a_technical_error	HML-2_4p16.3a	HG02011	h2	Validator_Script	HML-2_4p16.3a|HG02011|h2|none|historical_source/cluster/HML2_project_graph/extracted_sequences/hgsvc3-2024-02-23-mc-chm13/HML-2_4p16.3a/HG02011_h2_HML-2_4p16.3a_graph_hgsvc3-2024-02-23-mc-chm13.fa|55587ab80ada8d104ba4a096cf60643019c932f017449554d4711c965a1116f3	1	1	NA	NA	NO_EXACT_RETAINED_RECORD				NOT_ASSESSED_NO_EXACT_RETAINED_RECORD				NONCARRIER_SENTINEL_OBSERVATION	AFR			
HML-2_4p16.3a	HG02018_h2_HML-2_4p16.3a_technical_error	HML-2_4p16.3a	HG02018	h2	Validator_Script	HML-2_4p16.3a|HG02018|h2|none|historical_source/cluster/HML2_project_graph/extracted_sequences/hgsvc3-2024-02-23-mc-chm13/HML-2_4p16.3a/HG02018_h2_HML-2_4p16.3a_graph_hgsvc3-2024-02-23-mc-chm13.fa|91b2a87ebaffab0622922b61248f3aafc1c29907fedf17930b61b067748a508e	1	1	NA	NA	NO_EXACT_RETAINED_RECORD				NOT_ASSESSED_NO_EXACT_RETAINED_RECORD				NONCARRIER_SENTINEL_OBSERVATION	EAS			
HML-2_4p16.3a	HG02282_h2_HML-2_4p16.3a_technical_error	HML-2_4p16.3a	HG02282	h2	Validator_Script	HML-2_4p16.3a|HG02282|h2|none|historical_source/cluster/HML2_project_graph/extracted_sequences/hgsvc3-2024-02-23-mc-chm13/HML-2_4p16.3a/HG02282_h2_HML-2_4p16.3a_graph_hgsvc3-2024-02-23-mc-chm13.fa|e91838f8b8ae08f973c3a52bcc5a35386dd92e63558dea11c1a6bf540fba7393	1	1	NA	NA	NO_EXACT_RETAINED_RECORD				NOT_ASSESSED_NO_EXACT_RETAINED_RECORD				NONCARRIER_SENTINEL_OBSERVATION	AFR			
HML-2_4p16.3a	HG02554_h2_HML-2_4p16.3a_technical_error	HML-2_4p16.3a	HG02554	h2	Validator_Script	HML-2_4p16.3a|HG02554|h2|none|historical_source/cluster/HML2_project_graph/extracted_sequences/hgsvc3-2024-02-23-mc-chm13/HML-2_4p16.3a/HG02554_h2_HML-2_4p16.3a_graph_hgsvc3-2024-02-23-mc-chm13.fa|e6ce2eddba54e4ded14e580bc8d55d89d732cdfccf752179510c20f4efa6c23f	1	1	NA	NA	NO_EXACT_RETAINED_RECORD				NOT_ASSESSED_NO_EXACT_RETAINED_RECORD				NONCARRIER_SENTINEL_OBSERVATION	AFR			
HML-2_4p16.3a	HG02587_h2_HML-2_4p16.3a_technical_error	HML-2_4p16.3a	HG02587	h2	Validator_Script	HML-2_4p16.3a|HG02587|h2|none|historical_source/cluster/HML2_project_graph/extracted_sequences/hgsvc3-2024-02-23-mc-chm13/HML-2_4p16.3a/HG02587_h2_HML-2_4p16.3a_graph_hgsvc3-2024-02-23-mc-chm13.fa|9dfc8857fac627fc6fe07d2e6d5922f0ff08a7074adc102207a48d53c1f5a513	1	1	NA	NA	NO_EXACT_RETAINED_RECORD				NOT_ASSESSED_NO_EXACT_RETAINED_RECORD				NONCARRIER_SENTINEL_OBSERVATION	AFR			
HML-2_4p16.3a	HG02666_h2_HML-2_4p16.3a_technical_error	HML-2_4p16.3a	HG02666	h2	Validator_Script	HML-2_4p16.3a|HG02666|h2|none|historical_source/cluster/HML2_project_graph/extracted_sequences/hgsvc3-2024-02-23-mc-chm13/HML-2_4p16.3a/HG02666_h2_HML-2_4p16.3a_graph_hgsvc3-2024-02-23-mc-chm13.fa|5490e33904ecadf81de0d2bad2e236c56d41e42821e99624695c8122c4b3afbe	1	1	NA	NA	NO_EXACT_RETAINED_RECORD				NOT_ASSESSED_NO_EXACT_RETAINED_RECORD				NONCARRIER_SENTINEL_OBSERVATION	AFR			
HML-2_4p16.3a	HG03009_h2_HML-2_4p16.3a_technical_error	HML-2_4p16.3a	HG03009	h2	Validator_Script	HML-2_4p16.3a|HG03009|h2|none|historical_source/cluster/HML2_project_graph/extracted_sequences/hgsvc3-2024-02-23-mc-chm13/HML-2_4p16.3a/HG03009_h2_HML-2_4p16.3a_graph_hgsvc3-2024-02-23-mc-chm13.fa|8533747f3162c62039db453986ddb5935430db30f637d8c743c1fbb21050ff7b	1	1	NA	NA	NO_EXACT_RETAINED_RECORD				NOT_ASSESSED_NO_EXACT_RETAINED_RECORD				NONCARRIER_SENTINEL_OBSERVATION	SAS			
HML-2_4p16.3a	HG03065_h2_HML-2_4p16.3a_technical_error	HML-2_4p16.3a	HG03065	h2	Validator_Script	HML-2_4p16.3a|HG03065|h2|none|historical_source/cluster/HML2_project_graph/extracted_sequences/hgsvc3-2024-02-23-mc-chm13/HML-2_4p16.3a/HG03065_h2_HML-2_4p16.3a_graph_hgsvc3-2024-02-23-mc-chm13.fa|8337d7d53ae10bd196904476fccad9bf860192bb80e98c03c5256b908cc48e89	1	1	NA	NA	NO_EXACT_RETAINED_RECORD				NOT_ASSESSED_NO_EXACT_RETAINED_RECORD				NONCARRIER_SENTINEL_OBSERVATION	AFR			
HML-2_4p16.3a	HG03248_h2_HML-2_4p16.3a_technical_error	HML-2_4p16.3a	HG03248	h2	Validator_Script	HML-2_4p16.3a|HG03248|h2|none|historical_source/cluster/HML2_project_graph/extracted_sequences/hgsvc3-2024-02-23-mc-chm13/HML-2_4p16.3a/HG03248_h2_HML-2_4p16.3a_graph_hgsvc3-2024-02-23-mc-chm13.fa|68cbadfd7c5a373aece62a1d89fa0ed7832d5b258dec883b7664b0fe8d405300	1	1	NA	NA	NO_EXACT_RETAINED_RECORD				NOT_ASSESSED_NO_EXACT_RETAINED_RECORD				NONCARRIER_SENTINEL_OBSERVATION	AFR			
HML-2_4p16.3a	HG03371_h2_HML-2_4p16.3a_technical_error	HML-2_4p16.3a	HG03371	h2	Validator_Script	HML-2_4p16.3a|HG03371|h2|none|historical_source/cluster/HML2_project_graph/extracted_sequences/hgsvc3-2024-02-23-mc-chm13/HML-2_4p16.3a/HG03371_h2_HML-2_4p16.3a_graph_hgsvc3-2024-02-23-mc-chm13.fa|44747c8836d93cce9fe626b293bff02f32b53742fd4b2d6e2fb2d1d14ac59486	1	1	NA	NA	NO_EXACT_RETAINED_RECORD				NOT_ASSESSED_NO_EXACT_RETAINED_RECORD				NONCARRIER_SENTINEL_OBSERVATION	AFR			
HML-2_4p16.3a	HG03452_h2_HML-2_4p16.3a_technical_error	HML-2_4p16.3a	HG03452	h2	Validator_Script	HML-2_4p16.3a|HG03452|h2|none|historical_source/cluster/HML2_project_graph/extracted_sequences/hgsvc3-2024-02-23-mc-chm13/HML-2_4p16.3a/HG03452_h2_HML-2_4p16.3a_graph_hgsvc3-2024-02-23-mc-chm13.fa|4ac86c74d66bc9881e92b29c2b63cc2c9f809321dba34b0d031a5e18109eb747	1	1	NA	NA	NO_EXACT_RETAINED_RECORD				NOT_ASSESSED_NO_EXACT_RETAINED_RECORD				NONCARRIER_SENTINEL_OBSERVATION	AFR			
HML-2_4p16.3a	HG03456_h2_HML-2_4p16.3a_technical_error	HML-2_4p16.3a	HG03456	h2	Validator_Script	HML-2_4p16.3a|HG03456|h2|none|historical_source/cluster/HML2_project_graph/extracted_sequences/hgsvc3-2024-02-23-mc-chm13/HML-2_4p16.3a/HG03456_h2_HML-2_4p16.3a_graph_hgsvc3-2024-02-23-mc-chm13.fa|3f09abce610d3f1ba74d01ed884d4d483b349393fb6e2443120b8f9e5691fa34	1	1	NA	NA	NO_EXACT_RETAINED_RECORD				NOT_ASSESSED_NO_EXACT_RETAINED_RECORD				NONCARRIER_SENTINEL_OBSERVATION	AFR			
HML-2_4p16.3a	HG03520_h2_HML-2_4p16.3a_technical_error	HML-2_4p16.3a	HG03520	h2	Validator_Script	HML-2_4p16.3a|HG03520|h2|none|historical_source/cluster/HML2_project_graph/extracted_sequences/hgsvc3-2024-02-23-mc-chm13/HML-2_4p16.3a/HG03520_h2_HML-2_4p16.3a_graph_hgsvc3-2024-02-23-mc-chm13.fa|c02904b2a65001e07218244490b6ef0f29a4f705c904bd1daf929b995d9e20a4	1	1	NA	NA	NO_EXACT_RETAINED_RECORD				NOT_ASSESSED_NO_EXACT_RETAINED_RECORD				NONCARRIER_SENTINEL_OBSERVATION	AFR			
HML-2_4p16.3a	HG03683_h2_HML-2_4p16.3a_technical_error	HML-2_4p16.3a	HG03683	h2	Validator_Script	HML-2_4p16.3a|HG03683|h2|none|historical_source/cluster/HML2_project_graph/extracted_sequences/hgsvc3-2024-02-23-mc-chm13/HML-2_4p16.3a/HG03683_h2_HML-2_4p16.3a_graph_hgsvc3-2024-02-23-mc-chm13.fa|97b13e51408b30f460caf121bf3489c4c5939170fdf75c0929f40fb42cc09cf6	1	1	NA	NA	NO_EXACT_RETAINED_RECORD				NOT_ASSESSED_NO_EXACT_RETAINED_RECORD				NONCARRIER_SENTINEL_OBSERVATION	SAS			
HML-2_4p16.3a	HG03732_h2_HML-2_4p16.3a_technical_error	HML-2_4p16.3a	HG03732	h2	Validator_Script	HML-2_4p16.3a|HG03732|h2|none|historical_source/cluster/HML2_project_graph/extracted_sequences/hgsvc3-2024-02-23-mc-chm13/HML-2_4p16.3a/HG03732_h2_HML-2_4p16.3a_graph_hgsvc3-2024-02-23-mc-chm13.fa|7e059ac7fd496401f2ba3c2162476cc75ef23ef00968fa8047bbfd385e7ffab4	1	1	NA	NA	NO_EXACT_RETAINED_RECORD				NOT_ASSESSED_NO_EXACT_RETAINED_RECORD				NONCARRIER_SENTINEL_OBSERVATION	SAS			
HML-2_4p16.3a	HG03807_h2_HML-2_4p16.3a_technical_error	HML-2_4p16.3a	HG03807	h2	Validator_Script	HML-2_4p16.3a|HG03807|h2|none|historical_source/cluster/HML2_project_graph/extracted_sequences/hgsvc3-2024-02-23-mc-chm13/HML-2_4p16.3a/HG03807_h2_HML-2_4p16.3a_graph_hgsvc3-2024-02-23-mc-chm13.fa|0aeec6d3beca986be73355bebc517a4a728043b49ddfae15264d676d9072c77b	1	1	NA	NA	NO_EXACT_RETAINED_RECORD				NOT_ASSESSED_NO_EXACT_RETAINED_RECORD				NONCARRIER_SENTINEL_OBSERVATION	SAS			
HML-2_4p16.3a	HG04036_h2_HML-2_4p16.3a_technical_error	HML-2_4p16.3a	HG04036	h2	Validator_Script	HML-2_4p16.3a|HG04036|h2|none|historical_source/cluster/HML2_project_graph/extracted_sequences/hgsvc3-2024-02-23-mc-chm13/HML-2_4p16.3a/HG04036_h2_HML-2_4p16.3a_graph_hgsvc3-2024-02-23-mc-chm13.fa|1d3af809d5ce117c03102fb171e9e84e77c0dac692ecab7f0db77e99c5c34bd6	1	1	NA	NA	NO_EXACT_RETAINED_RECORD				NOT_ASSESSED_NO_EXACT_RETAINED_RECORD				NONCARRIER_SENTINEL_OBSERVATION	SAS			
HML-2_4p16.3a	NA12329_h2_HML-2_4p16.3a_technical_error	HML-2_4p16.3a	NA12329	h2	Validator_Script	HML-2_4p16.3a|NA12329|h2|none|historical_source/cluster/HML2_project_graph/extracted_sequences/hgsvc3-2024-02-23-mc-chm13/HML-2_4p16.3a/NA12329_h2_HML-2_4p16.3a_graph_hgsvc3-2024-02-23-mc-chm13.fa|9e9666b4bd33170cdd08d28205d83f534a3df02b99ef2a797b7a9ff2099c91ca	1	1	NA	NA	NO_EXACT_RETAINED_RECORD				NOT_ASSESSED_NO_EXACT_RETAINED_RECORD				NONCARRIER_SENTINEL_OBSERVATION	EUR			
HML-2_4p16.3a	NA18534_h2_HML-2_4p16.3a_technical_error	HML-2_4p16.3a	NA18534	h2	Validator_Script	HML-2_4p16.3a|NA18534|h2|none|historical_source/cluster/HML2_project_graph/extracted_sequences/hgsvc3-2024-02-23-mc-chm13/HML-2_4p16.3a/NA18534_h2_HML-2_4p16.3a_graph_hgsvc3-2024-02-23-mc-chm13.fa|92b828af6e78d2544194a09ef88a45baefd6d904d53c7431ff7cb3f4b4d1c3bb	1	1	NA	NA	NO_EXACT_RETAINED_RECORD				NOT_ASSESSED_NO_EXACT_RETAINED_RECORD				NONCARRIER_SENTINEL_OBSERVATION	EAS			
HML-2_4p16.3a	NA18939_h2_HML-2_4p16.3a_technical_error	HML-2_4p16.3a	NA18939	h2	Validator_Script	HML-2_4p16.3a|NA18939|h2|none|historical_source/cluster/HML2_project_graph/extracted_sequences/hgsvc3-2024-02-23-mc-chm13/HML-2_4p16.3a/NA18939_h2_HML-2_4p16.3a_graph_hgsvc3-2024-02-23-mc-chm13.fa|d1215c2b0be98d1deac881ef5f8a2e41863a2cb1b5d2cf73aeffd32952dfd623	1	1	NA	NA	NO_EXACT_RETAINED_RECORD				NOT_ASSESSED_NO_EXACT_RETAINED_RECORD				NONCARRIER_SENTINEL_OBSERVATION	EAS			
HML-2_4p16.3a	NA18989_h2_HML-2_4p16.3a_technical_error	HML-2_4p16.3a	NA18989	h2	Validator_Script	HML-2_4p16.3a|NA18989|h2|none|historical_source/cluster/HML2_project_graph/extracted_sequences/hgsvc3-2024-02-23-mc-chm13/HML-2_4p16.3a/NA18989_h2_HML-2_4p16.3a_graph_hgsvc3-2024-02-23-mc-chm13.fa|efea67bc71175c495858414ab394dee9f3b6fae521de1d7c2dcdea7e4b6e6f76	1	1	NA	NA	NO_EXACT_RETAINED_RECORD				NOT_ASSESSED_NO_EXACT_RETAINED_RECORD				NONCARRIER_SENTINEL_OBSERVATION	EAS			
HML-2_4p16.3a	NA19129_h2_HML-2_4p16.3a_technical_error	HML-2_4p16.3a	NA19129	h2	Validator_Script	HML-2_4p16.3a|NA19129|h2|none|historical_source/cluster/HML2_project_graph/extracted_sequences/hgsvc3-2024-02-23-mc-chm13/HML-2_4p16.3a/NA19129_h2_HML-2_4p16.3a_graph_hgsvc3-2024-02-23-mc-chm13.fa|fdfbdc91a50eb4c7963d5951f3e3b040ff96ede9d885405fa791c1861309652b	1	1	NA	NA	NO_EXACT_RETAINED_RECORD				NOT_ASSESSED_NO_EXACT_RETAINED_RECORD				NONCARRIER_SENTINEL_OBSERVATION	AFR			
HML-2_4p16.3a	NA19238_h2_HML-2_4p16.3a_technical_error	HML-2_4p16.3a	NA19238	h2	Validator_Script	HML-2_4p16.3a|NA19238|h2|none|historical_source/cluster/HML2_project_graph/extracted_sequences/hgsvc3-2024-02-23-mc-chm13/HML-2_4p16.3a/NA19238_h2_HML-2_4p16.3a_graph_hgsvc3-2024-02-23-mc-chm13.fa|e09afeacff9c1bdbeee7f310d8ca7da03d73799d726c1762bd1d2419a62cf4cc	1	1	NA	NA	NO_EXACT_RETAINED_RECORD				NOT_ASSESSED_NO_EXACT_RETAINED_RECORD				NONCARRIER_SENTINEL_OBSERVATION	AFR			
HML-2_4p16.3a	NA19239_h2_HML-2_4p16.3a_technical_error	HML-2_4p16.3a	NA19239	h2	Validator_Script	HML-2_4p16.3a|NA19239|h2|none|historical_source/cluster/HML2_project_graph/extracted_sequences/hgsvc3-2024-02-23-mc-chm13/HML-2_4p16.3a/NA19239_h2_HML-2_4p16.3a_graph_hgsvc3-2024-02-23-mc-chm13.fa|c0d534337f137cc9e66382884202be781501c70ff3c090ce8076a7074d666fe0	1	1	NA	NA	NO_EXACT_RETAINED_RECORD				NOT_ASSESSED_NO_EXACT_RETAINED_RECORD				NONCARRIER_SENTINEL_OBSERVATION	AFR			
HML-2_4p16.3a	NA19331_h2_HML-2_4p16.3a_technical_error	HML-2_4p16.3a	NA19331	h2	Validator_Script	HML-2_4p16.3a|NA19331|h2|none|historical_source/cluster/HML2_project_graph/extracted_sequences/hgsvc3-2024-02-23-mc-chm13/HML-2_4p16.3a/NA19331_h2_HML-2_4p16.3a_graph_hgsvc3-2024-02-23-mc-chm13.fa|9f07edf4ab566532b4f055cf410720b2c1212b473295f93a91d5994eb075e4ed	1	1	NA	NA	NO_EXACT_RETAINED_RECORD				NOT_ASSESSED_NO_EXACT_RETAINED_RECORD				NONCARRIER_SENTINEL_OBSERVATION	AFR			
HML-2_4p16.3a	NA19347_h2_HML-2_4p16.3a_technical_error	HML-2_4p16.3a	NA19347	h2	Validator_Script	HML-2_4p16.3a|NA19347|h2|none|historical_source/cluster/HML2_project_graph/extracted_sequences/hgsvc3-2024-02-23-mc-chm13/HML-2_4p16.3a/NA19347_h2_HML-2_4p16.3a_graph_hgsvc3-2024-02-23-mc-chm13.fa|cf3faf8f5ea3bdb1032fea91b39b17773f19cff6f8375155e07d90e58a591593	1	1	NA	NA	NO_EXACT_RETAINED_RECORD				NOT_ASSESSED_NO_EXACT_RETAINED_RECORD				NONCARRIER_SENTINEL_OBSERVATION	AFR			
HML-2_4p16.3a	NA19384_h2_HML-2_4p16.3a_technical_error	HML-2_4p16.3a	NA19384	h2	Validator_Script	HML-2_4p16.3a|NA19384|h2|none|historical_source/cluster/HML2_project_graph/extracted_sequences/hgsvc3-2024-02-23-mc-chm13/HML-2_4p16.3a/NA19384_h2_HML-2_4p16.3a_graph_hgsvc3-2024-02-23-mc-chm13.fa|dde16d25e1e948d71d0ffdd7c5dc03c045a590b13431106af8db07fa8f32b346	1	1	NA	NA	NO_EXACT_RETAINED_RECORD				NOT_ASSESSED_NO_EXACT_RETAINED_RECORD				NONCARRIER_SENTINEL_OBSERVATION	AFR			
HML-2_4p16.3a	NA19434_h2_HML-2_4p16.3a_technical_error	HML-2_4p16.3a	NA19434	h2	Validator_Script	HML-2_4p16.3a|NA19434|h2|none|historical_source/cluster/HML2_project_graph/extracted_sequences/hgsvc3-2024-02-23-mc-chm13/HML-2_4p16.3a/NA19434_h2_HML-2_4p16.3a_graph_hgsvc3-2024-02-23-mc-chm13.fa|d0fd37a810f9b1a75b54ef1d8d6ee3839a05a9a88b036bd1920f5671a57fb3a5	1	1	NA	NA	NO_EXACT_RETAINED_RECORD				NOT_ASSESSED_NO_EXACT_RETAINED_RECORD				NONCARRIER_SENTINEL_OBSERVATION	AFR			
HML-2_4p16.3a	NA19650_h2_HML-2_4p16.3a_technical_error	HML-2_4p16.3a	NA19650	h2	Validator_Script	HML-2_4p16.3a|NA19650|h2|none|historical_source/cluster/HML2_project_graph/extracted_sequences/hgsvc3-2024-02-23-mc-chm13/HML-2_4p16.3a/NA19650_h2_HML-2_4p16.3a_graph_hgsvc3-2024-02-23-mc-chm13.fa|b3d707989268b9bd980e45d0a4c3251e4dda48f5f960269c80a0b3ca93e3d58d	1	1	NA	NA	NO_EXACT_RETAINED_RECORD				NOT_ASSESSED_NO_EXACT_RETAINED_RECORD				NONCARRIER_SENTINEL_OBSERVATION	AMR			
HML-2_4p16.3a	NA19705_h2_HML-2_4p16.3a_technical_error	HML-2_4p16.3a	NA19705	h2	Validator_Script	HML-2_4p16.3a|NA19705|h2|none|historical_source/cluster/HML2_project_graph/extracted_sequences/hgsvc3-2024-02-23-mc-chm13/HML-2_4p16.3a/NA19705_h2_HML-2_4p16.3a_graph_hgsvc3-2024-02-23-mc-chm13.fa|1454a459d2cb31566a32b7b2cb4d58ad21aca5ac53a46bb44bd4c54ceaf5c261	1	1	NA	NA	NO_EXACT_RETAINED_RECORD				NOT_ASSESSED_NO_EXACT_RETAINED_RECORD				NONCARRIER_SENTINEL_OBSERVATION	AFR			
HML-2_4p16.3a	NA19836_h2_HML-2_4p16.3a_technical_error	HML-2_4p16.3a	NA19836	h2	Validator_Script	HML-2_4p16.3a|NA19836|h2|none|historical_source/cluster/HML2_project_graph/extracted_sequences/hgsvc3-2024-02-23-mc-chm13/HML-2_4p16.3a/NA19836_h2_HML-2_4p16.3a_graph_hgsvc3-2024-02-23-mc-chm13.fa|cd7106b3cbcce002752e3bd0bbad4effb96a182c623f14919a058c4ca66153b1	1	1	NA	NA	NO_EXACT_RETAINED_RECORD				NOT_ASSESSED_NO_EXACT_RETAINED_RECORD				NONCARRIER_SENTINEL_OBSERVATION	AFR			
HML-2_4p16.3a	NA19983_h2_HML-2_4p16.3a_technical_error	HML-2_4p16.3a	NA19983	h2	Validator_Script	HML-2_4p16.3a|NA19983|h2|none|historical_source/cluster/HML2_project_graph/extracted_sequences/hgsvc3-2024-02-23-mc-chm13/HML-2_4p16.3a/NA19983_h2_HML-2_4p16.3a_graph_hgsvc3-2024-02-23-mc-chm13.fa|6020e6d6033394bb135a07a4f0331fd5bc086c43d48ae0931ed2e6da58ee43f2	1	1	NA	NA	NO_EXACT_RETAINED_RECORD				NOT_ASSESSED_NO_EXACT_RETAINED_RECORD				NONCARRIER_SENTINEL_OBSERVATION	AFR			
HML-2_4p16.3a	NA20355_h2_HML-2_4p16.3a_technical_error	HML-2_4p16.3a	NA20355	h2	Validator_Script	HML-2_4p16.3a|NA20355|h2|none|historical_source/cluster/HML2_project_graph/extracted_sequences/hgsvc3-2024-02-23-mc-chm13/HML-2_4p16.3a/NA20355_h2_HML-2_4p16.3a_graph_hgsvc3-2024-02-23-mc-chm13.fa|c8d0900104c4177099dbb6ebd13ec37609de82c1cf027c051b33eae4758f6f24	1	1	NA	NA	NO_EXACT_RETAINED_RECORD				NOT_ASSESSED_NO_EXACT_RETAINED_RECORD				NONCARRIER_SENTINEL_OBSERVATION	AFR			
HML-2_4p16.3a	NA20847_h2_HML-2_4p16.3a_technical_error	HML-2_4p16.3a	NA20847	h2	Validator_Script	HML-2_4p16.3a|NA20847|h2|none|historical_source/cluster/HML2_project_graph/extracted_sequences/hgsvc3-2024-02-23-mc-chm13/HML-2_4p16.3a/NA20847_h2_HML-2_4p16.3a_graph_hgsvc3-2024-02-23-mc-chm13.fa|0194cecbdf8d90da4c6b18a723d76d4dfdfbba387e719f4a5f4dc3b26828f536	1	1	NA	NA	NO_EXACT_RETAINED_RECORD				NOT_ASSESSED_NO_EXACT_RETAINED_RECORD				NONCARRIER_SENTINEL_OBSERVATION	SAS			
HML-2_4p16.3a	NA21487_h2_HML-2_4p16.3a_technical_error	HML-2_4p16.3a	NA21487	h2	Validator_Script	HML-2_4p16.3a|NA21487|h2|none|historical_source/cluster/HML2_project_graph/extracted_sequences/hgsvc3-2024-02-23-mc-chm13/HML-2_4p16.3a/NA21487_h2_HML-2_4p16.3a_graph_hgsvc3-2024-02-23-mc-chm13.fa|39223df14c3adc2d07fe0a3d802d5bfbeece7241c88aa86859e77089b1b7a7dc	1	1	NA	NA	NO_EXACT_RETAINED_RECORD				NOT_ASSESSED_NO_EXACT_RETAINED_RECORD				NONCARRIER_SENTINEL_OBSERVATION	Unassigned			
HML-2_4p16.3a	NA24385_h2_HML-2_4p16.3a_technical_error	HML-2_4p16.3a	NA24385	h2	Validator_Script	HML-2_4p16.3a|NA24385|h2|none|historical_source/cluster/HML2_project_graph/extracted_sequences/hgsvc3-2024-02-23-mc-chm13/HML-2_4p16.3a/NA24385_h2_HML-2_4p16.3a_graph_hgsvc3-2024-02-23-mc-chm13.fa|f1391c9aa6646c49aab58d71d62579cfb3823047b483516638e722364620f21e	1	1	NA	NA	NO_EXACT_RETAINED_RECORD				NOT_ASSESSED_NO_EXACT_RETAINED_RECORD				NONCARRIER_SENTINEL_OBSERVATION	Unassigned			
HML-2_4q35.2_hg38	HG00171_h2_HML-2_4q35.2_hg38_graph_hgsvc3_linked_recovery	HML-2_4q35.2_hg38	HG00171	h2	HG00171#2#haplotype2-0000147#0:15888-23371	HML-2_4q35.2_hg38|HG00171|h2|graph|historical_source/Library/Mobile Documents/com~apple~CloudDocs/Documents/Med_School/PostDoc/Manuscripts/HML2PopGenManuscript/_audit_2026-09-14/source_call_resolution/broad_graph_recovered/validated_calls/caller_inputs/HML-2_4q35.2_hg38/HG00171_h2_HML-2_4q35.2_hg38_graph_hgsvc3_linked_recovery.fa|1ffecad4ce0771403af6ccc71a7e8ba90a71ea1ada7401391b757445847bc9b8	1	1	NA	NA	NO_EXACT_RETAINED_RECORD				NOT_ASSESSED_NO_EXACT_RETAINED_RECORD				PRESENT	EUR			
HML-2_4q35.2_hg38	HG00268_h1_HML-2_4q35.2_hg38_graph_hgsvc3_linked_recovery	HML-2_4q35.2_hg38	HG00268	h1	HG00268#1#haplotype1-0000012#0:191859250-191866720	HML-2_4q35.2_hg38|HG00268|h1|graph|historical_source/Library/Mobile Documents/com~apple~CloudDocs/Documents/Med_School/PostDoc/Manuscripts/HML2PopGenManuscript/_audit_2026-09-14/source_call_resolution/broad_graph_recovered/validated_calls/caller_inputs/HML-2_4q35.2_hg38/HG00268_h1_HML-2_4q35.2_hg38_graph_hgsvc3_linked_recovery.fa|7dabc9cdfaa8a9f105d43af13def8c5ae989043f414c90ad95a767c7f5473a9a	1	1	NA	NA	NO_EXACT_RETAINED_RECORD				NOT_ASSESSED_NO_EXACT_RETAINED_RECORD				PRESENT	EUR			
HML-2_4q35.2_hg38	HG00268_h2_HML-2_4q35.2_hg38_graph_hgsvc3_linked_recovery	HML-2_4q35.2_hg38	HG00268	h2	HG00268#2#haplotype2-0000062#0:139940674-139948144	HML-2_4q35.2_hg38|HG00268|h2|graph|historical_source/Library/Mobile Documents/com~apple~CloudDocs/Documents/Med_School/PostDoc/Manuscripts/HML2PopGenManuscript/_audit_2026-09-14/source_call_resolution/broad_graph_recovered/validated_calls/caller_inputs/HML-2_4q35.2_hg38/HG00268_h2_HML-2_4q35.2_hg38_graph_hgsvc3_linked_recovery.fa|6a0d0ebaa58ff7d550e6ec762a4817a8cb3ec4d69c0664018806f4b554b11428	1	1	NA	NA	NO_EXACT_RETAINED_RECORD				NOT_ASSESSED_NO_EXACT_RETAINED_RECORD				PRESENT	EUR			
HML-2_4q35.2_hg38	HG00512_h1_HML-2_4q35.2_hg38_graph_hgsvc3_linked_recovery	HML-2_4q35.2_hg38	HG00512	h1	HG00512#1#haplotype1-0000030#0:141620686-141628159	HML-2_4q35.2_hg38|HG00512|h1|graph|historical_source/Library/Mobile Documents/com~apple~CloudDocs/Documents/Med_School/PostDoc/Manuscripts/HML2PopGenManuscript/_audit_2026-09-14/source_call_resolution/broad_graph_recovered/validated_calls/caller_inputs/HML-2_4q35.2_hg38/HG00512_h1_HML-2_4q35.2_hg38_graph_hgsvc3_linked_recovery.fa|3e030a8cea3441d2864f5bccc11d01293c4cb4bb9018906a1d73364ffaba2f26	1	1	NA	NA	NO_EXACT_RETAINED_RECORD				NOT_ASSESSED_NO_EXACT_RETAINED_RECORD				PRESENT	EAS			
HML-2_4q35.2_hg38	HG00731_h1_HML-2_4q35.2_hg38_graph_hgsvc3_linked_recovery	HML-2_4q35.2_hg38	HG00731	h1	HG00731#1#haplotype1-0000006#0:17426-24909	HML-2_4q35.2_hg38|HG00731|h1|graph|historical_source/Library/Mobile Documents/com~apple~CloudDocs/Documents/Med_School/PostDoc/Manuscripts/HML2PopGenManuscript/_audit_2026-09-14/source_call_resolution/broad_graph_recovered/validated_calls/caller_inputs/HML-2_4q35.2_hg38/HG00731_h1_HML-2_4q35.2_hg38_graph_hgsvc3_linked_recovery.fa|f51f815fa118aceabbd0ce1a84dde1150a99fe18e658623282c259b2b45ee8f8	1	1	NA	NA	NO_EXACT_RETAINED_RECORD				NOT_ASSESSED_NO_EXACT_RETAINED_RECORD				PRESENT	AMR			
HML-2_4q35.2_hg38	HG01114_h2_HML-2_4q35.2_hg38_graph_hgsvc3_linked_recovery	HML-2_4q35.2_hg38	HG01114	h2	HG01114#2#haplotype2-0000288#0:21019-28490	HML-2_4q35.2_hg38|HG01114|h2|graph|historical_source/Library/Mobile Documents/com~apple~CloudDocs/Documents/Med_School/PostDoc/Manuscripts/HML2PopGenManuscript/_audit_2026-09-14/source_call_resolution/broad_graph_recovered/validated_calls/caller_inputs/HML-2_4q35.2_hg38/HG01114_h2_HML-2_4q35.2_hg38_graph_hgsvc3_linked_recovery.fa|d3990b241f8099b76441c7ffe6ed9e5a6e02a3a53948634381deb619e6a07828	1	1	NA	NA	NO_EXACT_RETAINED_RECORD				NOT_ASSESSED_NO_EXACT_RETAINED_RECORD				PRESENT	AMR			
HML-2_4q35.2_hg38	HG01457_h1_HML-2_4q35.2_hg38_graph_hgsvc3_linked_recovery	HML-2_4q35.2_hg38	HG01457	h1	HG01457#1#haplotype1-0000007#0:191605946-191613428	HML-2_4q35.2_hg38|HG01457|h1|graph|historical_source/Library/Mobile Documents/com~apple~CloudDocs/Documents/Med_School/PostDoc/Manuscripts/HML2PopGenManuscript/_audit_2026-09-14/source_call_resolution/broad_graph_recovered/validated_calls/caller_inputs/HML-2_4q35.2_hg38/HG01457_h1_HML-2_4q35.2_hg38_graph_hgsvc3_linked_recovery.fa|ee4bebf120a195c74fcc8af41fff16b99f9c465ec965b82ac1caf3d88e51e393	1	1	NA	NA	NO_EXACT_RETAINED_RECORD				NOT_ASSESSED_NO_EXACT_RETAINED_RECORD				PRESENT	AMR			
HML-2_4q35.2_hg38	HG01505_h2_HML-2_4q35.2_hg38_graph_hgsvc3_linked_recovery	HML-2_4q35.2_hg38	HG01505	h2	HG01505#2#haplotype2-0000157#0:15671-23158	HML-2_4q35.2_hg38|HG01505|h2|graph|historical_source/Library/Mobile Documents/com~apple~CloudDocs/Documents/Med_School/PostDoc/Manuscripts/HML2PopGenManuscript/_audit_2026-09-14/source_call_resolution/broad_graph_recovered/validated_calls/caller_inputs/HML-2_4q35.2_hg38/HG01505_h2_HML-2_4q35.2_hg38_graph_hgsvc3_linked_recovery.fa|c253d556e7f9c9c0386913f65890b36657989d92557c63c7de4203f57b1d3f39	1	1	NA	NA	NO_EXACT_RETAINED_RECORD				NOT_ASSESSED_NO_EXACT_RETAINED_RECORD				PRESENT	EUR			
HML-2_4q35.2_hg38	HG01596_h2_HML-2_4q35.2_hg38_graph_hgsvc3_linked_recovery	HML-2_4q35.2_hg38	HG01596	h2	HG01596#2#haplotype2-0000112#0:191832787-191840269	HML-2_4q35.2_hg38|HG01596|h2|graph|historical_source/Library/Mobile Documents/com~apple~CloudDocs/Documents/Med_School/PostDoc/Manuscripts/HML2PopGenManuscript/_audit_2026-09-14/source_call_resolution/broad_graph_recovered/validated_calls/caller_inputs/HML-2_4q35.2_hg38/HG01596_h2_HML-2_4q35.2_hg38_graph_hgsvc3_linked_recovery.fa|8733286ecdfdb92f9ed43efe21f263551ab6b854983d5d70fa45629a510ff234	1	1	NA	NA	NO_EXACT_RETAINED_RECORD				NOT_ASSESSED_NO_EXACT_RETAINED_RECORD				PRESENT	EAS			
HML-2_4q35.2_hg38	HG02492_h1_HML-2_4q35.2_hg38_graph_hgsvc3_linked_recovery	HML-2_4q35.2_hg38	HG02492	h1	HG02492#1#haplotype1-0000021#0:191121228-191128710	HML-2_4q35.2_hg38|HG02492|h1|graph|historical_source/Library/Mobile Documents/com~apple~CloudDocs/Documents/Med_School/PostDoc/Manuscripts/HML2PopGenManuscript/_audit_2026-09-14/source_call_resolution/broad_graph_recovered/validated_calls/caller_inputs/HML-2_4q35.2_hg38/HG02492_h1_HML-2_4q35.2_hg38_graph_hgsvc3_linked_recovery.fa|b6861f481e60f515cfdaf9e89f917f82ad20b2c904af5c5ae82310d85b475cc9	1	1	NA	NA	NO_EXACT_RETAINED_RECORD				NOT_ASSESSED_NO_EXACT_RETAINED_RECORD				PRESENT	SAS			
HML-2_4q35.2_hg38	HG02554_h1_HML-2_4q35.2_hg38_graph_hgsvc3_linked_recovery	HML-2_4q35.2_hg38	HG02554	h1	HG02554#1#haplotype1-0000019#0:18994815-19002298	HML-2_4q35.2_hg38|HG02554|h1|graph|historical_source/Library/Mobile Documents/com~apple~CloudDocs/Documents/Med_School/PostDoc/Manuscripts/HML2PopGenManuscript/_audit_2026-09-14/source_call_resolution/broad_graph_recovered/validated_calls/caller_inputs/HML-2_4q35.2_hg38/HG02554_h1_HML-2_4q35.2_hg38_graph_hgsvc3_linked_recovery.fa|2c8c341931cbed0f67493b169eba73c5bef5bd9c667704efcec54174a05a4f2a	1	1	NA	NA	NO_EXACT_RETAINED_RECORD				NOT_ASSESSED_NO_EXACT_RETAINED_RECORD				PRESENT	AFR			
HML-2_4q35.2_hg38	HG02554_h2_HML-2_4q35.2_hg38_graph_hgsvc3_linked_recovery	HML-2_4q35.2_hg38	HG02554	h2	HG02554#2#haplotype2-0000197#0:22161-29644	HML-2_4q35.2_hg38|HG02554|h2|graph|historical_source/Library/Mobile Documents/com~apple~CloudDocs/Documents/Med_School/PostDoc/Manuscripts/HML2PopGenManuscript/_audit_2026-09-14/source_call_resolution/broad_graph_recovered/validated_calls/caller_inputs/HML-2_4q35.2_hg38/HG02554_h2_HML-2_4q35.2_hg38_graph_hgsvc3_linked_recovery.fa|5754e11eefd5bda67daa5c7f09815dba1bfda7484ac1d9faf78cd5e9fdd156b2	1	1	NA	NA	NO_EXACT_RETAINED_RECORD				NOT_ASSESSED_NO_EXACT_RETAINED_RECORD				PRESENT	AFR			
HML-2_4q35.2_hg38	HG03009_h1_HML-2_4q35.2_hg38_graph_hgsvc3_linked_recovery	HML-2_4q35.2_hg38	HG03009	h1	HG03009#1#haplotype1-0000035#0:14365-21847	HML-2_4q35.2_hg38|HG03009|h1|graph|historical_source/Library/Mobile Documents/com~apple~CloudDocs/Documents/Med_School/PostDoc/Manuscripts/HML2PopGenManuscript/_audit_2026-09-14/source_call_resolution/broad_graph_recovered/validated_calls/caller_inputs/HML-2_4q35.2_hg38/HG03009_h1_HML-2_4q35.2_hg38_graph_hgsvc3_linked_recovery.fa|62bb5d635ace725de256bb3bbade7ff65f90bf0966d2fdb3dd6b9b17bea81c14	1	1	NA	NA	NO_EXACT_RETAINED_RECORD				NOT_ASSESSED_NO_EXACT_RETAINED_RECORD				PRESENT	SAS			
HML-2_4q35.2_hg38	HG03065_h1_HML-2_4q35.2_hg38_graph_hgsvc3_linked_recovery	HML-2_4q35.2_hg38	HG03065	h1	HG03065#1#haplotype1-0000025#0:11624-19102	HML-2_4q35.2_hg38|HG03065|h1|graph|historical_source/Library/Mobile Documents/com~apple~CloudDocs/Documents/Med_School/PostDoc/Manuscripts/HML2PopGenManuscript/_audit_2026-09-14/source_call_resolution/broad_graph_recovered/validated_calls/caller_inputs/HML-2_4q35.2_hg38/HG03065_h1_HML-2_4q35.2_hg38_graph_hgsvc3_linked_recovery.fa|121f670ee16c2ad819c41fbd4dbb283104cbda59711373affd4c93dfe85d73e1	1	1	NA	NA	NO_EXACT_RETAINED_RECORD				NOT_ASSESSED_NO_EXACT_RETAINED_RECORD				PRESENT	AFR			
HML-2_4q35.2_hg38	HG03456_h1_HML-2_4q35.2_hg38_graph_hgsvc3_linked_recovery	HML-2_4q35.2_hg38	HG03456	h1	HG03456#1#haplotype1-0000006#0:191408089-191415567	HML-2_4q35.2_hg38|HG03456|h1|graph|historical_source/Library/Mobile Documents/com~apple~CloudDocs/Documents/Med_School/PostDoc/Manuscripts/HML2PopGenManuscript/_audit_2026-09-14/source_call_resolution/broad_graph_recovered/validated_calls/caller_inputs/HML-2_4q35.2_hg38/HG03456_h1_HML-2_4q35.2_hg38_graph_hgsvc3_linked_recovery.fa|439762ef1955010b9d8c4fa93c4c36cf33c4dabbe872333eb3421c758e0dee34	1	1	NA	NA	NO_EXACT_RETAINED_RECORD				NOT_ASSESSED_NO_EXACT_RETAINED_RECORD				PRESENT	AFR			
HML-2_4q35.2_hg38	HG03732_h1_HML-2_4q35.2_hg38_graph_hgsvc3_linked_recovery	HML-2_4q35.2_hg38	HG03732	h1	HG03732#1#haplotype1-0000022#0:17012-24498	HML-2_4q35.2_hg38|HG03732|h1|graph|historical_source/Library/Mobile Documents/com~apple~CloudDocs/Documents/Med_School/PostDoc/Manuscripts/HML2PopGenManuscript/_audit_2026-09-14/source_call_resolution/broad_graph_recovered/validated_calls/caller_inputs/HML-2_4q35.2_hg38/HG03732_h1_HML-2_4q35.2_hg38_graph_hgsvc3_linked_recovery.fa|3e40ce42116d36238ae3fe27a2c88e44c6c36e40381714896efc02a6a4d9c14f	1	1	NA	NA	NO_EXACT_RETAINED_RECORD				NOT_ASSESSED_NO_EXACT_RETAINED_RECORD				PRESENT	SAS			
HML-2_4q35.2_hg38	HG03807_h1_HML-2_4q35.2_hg38_graph_hgsvc3_linked_recovery	HML-2_4q35.2_hg38	HG03807	h1	HG03807#1#haplotype1-0000037#0:192573375-192580857	HML-2_4q35.2_hg38|HG03807|h1|graph|historical_source/Library/Mobile Documents/com~apple~CloudDocs/Documents/Med_School/PostDoc/Manuscripts/HML2PopGenManuscript/_audit_2026-09-14/source_call_resolution/broad_graph_recovered/validated_calls/caller_inputs/HML-2_4q35.2_hg38/HG03807_h1_HML-2_4q35.2_hg38_graph_hgsvc3_linked_recovery.fa|734b1b49c0c3710e6dee829d9922c3ce480b8f787814ff70890ed385ddf3b4a7	1	1	NA	NA	NO_EXACT_RETAINED_RECORD				NOT_ASSESSED_NO_EXACT_RETAINED_RECORD				PRESENT	SAS			
HML-2_4q35.2_hg38	NA12329_h2_HML-2_4q35.2_hg38_graph_hgsvc3_linked_recovery	HML-2_4q35.2_hg38	NA12329	h2	NA12329#2#haplotype2-0000096#0:191411916-191419398	HML-2_4q35.2_hg38|NA12329|h2|graph|historical_source/Library/Mobile Documents/com~apple~CloudDocs/Documents/Med_School/PostDoc/Manuscripts/HML2PopGenManuscript/_audit_2026-09-14/source_call_resolution/broad_graph_recovered/validated_calls/caller_inputs/HML-2_4q35.2_hg38/NA12329_h2_HML-2_4q35.2_hg38_graph_hgsvc3_linked_recovery.fa|1a4086fa1e08658cb0ae08444a0834ad0fa4409f6694d80c9b9cf9935c6473c8	1	1	NA	NA	NO_EXACT_RETAINED_RECORD				NOT_ASSESSED_NO_EXACT_RETAINED_RECORD				PRESENT	EUR			
HML-2_4q35.2_hg38	NA18939_h1_HML-2_4q35.2_hg38_graph_hgsvc3_linked_recovery	HML-2_4q35.2_hg38	NA18939	h1	NA18939#1#haplotype1-0000025#0:192535570-192543052	HML-2_4q35.2_hg38|NA18939|h1|graph|historical_source/Library/Mobile Documents/com~apple~CloudDocs/Documents/Med_School/PostDoc/Manuscripts/HML2PopGenManuscript/_audit_2026-09-14/source_call_resolution/broad_graph_recovered/validated_calls/caller_inputs/HML-2_4q35.2_hg38/NA18939_h1_HML-2_4q35.2_hg38_graph_hgsvc3_linked_recovery.fa|8927e0dd0cdc20469ad53783dfc6e025ac3123aae0ddeb1188bef95a25b8f094	1	1	NA	NA	NO_EXACT_RETAINED_RECORD				NOT_ASSESSED_NO_EXACT_RETAINED_RECORD				PRESENT	EAS			
HML-2_4q35.2_hg38	NA19239_h1_HML-2_4q35.2_hg38_graph_hgsvc3_linked_recovery	HML-2_4q35.2_hg38	NA19239	h1	NA19239#1#haplotype1-0000007#0:18826-26304	HML-2_4q35.2_hg38|NA19239|h1|graph|historical_source/Library/Mobile Documents/com~apple~CloudDocs/Documents/Med_School/PostDoc/Manuscripts/HML2PopGenManuscript/_audit_2026-09-14/source_call_resolution/broad_graph_recovered/validated_calls/caller_inputs/HML-2_4q35.2_hg38/NA19239_h1_HML-2_4q35.2_hg38_graph_hgsvc3_linked_recovery.fa|fd0472f002f010b1cf1ba26d04878fae8939829ae6d54791d87aa410110c00a7	1	1	NA	NA	NO_EXACT_RETAINED_RECORD				NOT_ASSESSED_NO_EXACT_RETAINED_RECORD				PRESENT	AFR			
HML-2_4q35.2_hg38	NA19650_h2_HML-2_4q35.2_hg38_graph_hgsvc3_linked_recovery	HML-2_4q35.2_hg38	NA19650	h2	NA19650#2#haplotype2-0000093#0:140391553-140399035	HML-2_4q35.2_hg38|NA19650|h2|graph|historical_source/Library/Mobile Documents/com~apple~CloudDocs/Documents/Med_School/PostDoc/Manuscripts/HML2PopGenManuscript/_audit_2026-09-14/source_call_resolution/broad_graph_recovered/validated_calls/caller_inputs/HML-2_4q35.2_hg38/NA19650_h2_HML-2_4q35.2_hg38_graph_hgsvc3_linked_recovery.fa|9d770c2548848c24b6ae99e09e9f26aabc8acdfe21d0ab978b528e1fd2ab148d	1	1	NA	NA	NO_EXACT_RETAINED_RECORD				NOT_ASSESSED_NO_EXACT_RETAINED_RECORD				PRESENT	AMR			
HML-2_4q35.2_hg38	NA20509_h1_HML-2_4q35.2_hg38_graph_hgsvc3_linked_recovery	HML-2_4q35.2_hg38	NA20509	h1	NA20509#1#haplotype1-0000032#0:191626668-191634150	HML-2_4q35.2_hg38|NA20509|h1|graph|historical_source/Library/Mobile Documents/com~apple~CloudDocs/Documents/Med_School/PostDoc/Manuscripts/HML2PopGenManuscript/_audit_2026-09-14/source_call_resolution/broad_graph_recovered/validated_calls/caller_inputs/HML-2_4q35.2_hg38/NA20509_h1_HML-2_4q35.2_hg38_graph_hgsvc3_linked_recovery.fa|c4664f5e6fc1d83622d6cea470dfe0ccaa77ebf566eb330e17a66b039d6e0d49	1	1	NA	NA	NO_EXACT_RETAINED_RECORD				NOT_ASSESSED_NO_EXACT_RETAINED_RECORD				PRESENT	EUR			
HML-2_4q35.2_hg38	NA20509_h2_HML-2_4q35.2_hg38_graph_hgsvc3_linked_recovery	HML-2_4q35.2_hg38	NA20509	h2	NA20509#2#haplotype2-0000106#0:191600808-191608290	HML-2_4q35.2_hg38|NA20509|h2|graph|historical_source/Library/Mobile Documents/com~apple~CloudDocs/Documents/Med_School/PostDoc/Manuscripts/HML2PopGenManuscript/_audit_2026-09-14/source_call_resolution/broad_graph_recovered/validated_calls/caller_inputs/HML-2_4q35.2_hg38/NA20509_h2_HML-2_4q35.2_hg38_graph_hgsvc3_linked_recovery.fa|7da94ee064fb867aff71a0b96559958f59ec4573c724c4d48f691ad60cfa4ee4	1	1	NA	NA	NO_EXACT_RETAINED_RECORD				NOT_ASSESSED_NO_EXACT_RETAINED_RECORD				PRESENT	EUR			
HML-2_4q35.2_hg38	NA24385_h2_HML-2_4q35.2_hg38_graph_hgsvc3_linked_recovery	HML-2_4q35.2_hg38	NA24385	h2	NA24385#2#haplotype2-0000071#0:17079-24561	HML-2_4q35.2_hg38|NA24385|h2|graph|historical_source/Library/Mobile Documents/com~apple~CloudDocs/Documents/Med_School/PostDoc/Manuscripts/HML2PopGenManuscript/_audit_2026-09-14/source_call_resolution/broad_graph_recovered/validated_calls/caller_inputs/HML-2_4q35.2_hg38/NA24385_h2_HML-2_4q35.2_hg38_graph_hgsvc3_linked_recovery.fa|61677cad12ff98ada97e1a97c68d798f06a6c0d38556169f43e21368c02b6c06	1	1	NA	NA	NO_EXACT_RETAINED_RECORD				NOT_ASSESSED_NO_EXACT_RETAINED_RECORD				PRESENT	Unassigned			
HML-2_5q33.2	HG00514_h2_HML-2_5q33.2_technical_error	HML-2_5q33.2	HG00514	h2	Validator_Script	HML-2_5q33.2|HG00514|h2|none|historical_source/cluster/HML2_project_graph/extracted_sequences/hgsvc3-2024-02-23-mc-chm13/HML-2_5q33.2/HG00514_h2_HML-2_5q33.2_graph_hgsvc3-2024-02-23-mc-chm13.fa|9f4448e75c0afa56686479599cdad18362f17161fb76dbbd0fecc04395c52866	1	1	NA	NA	NO_EXACT_RETAINED_RECORD				NOT_ASSESSED_NO_EXACT_RETAINED_RECORD				NONCARRIER_SENTINEL_OBSERVATION	EAS			
HML-2_5q33.2	NA18989_h2_HML-2_5q33.2_technical_error	HML-2_5q33.2	NA18989	h2	Validator_Script	HML-2_5q33.2|NA18989|h2|none|historical_source/cluster/HML2_project_graph/extracted_sequences/hgsvc3-2024-02-23-mc-chm13/HML-2_5q33.2/NA18989_h2_HML-2_5q33.2_graph_hgsvc3-2024-02-23-mc-chm13.fa|2de89283459a45791f89dfaa4307a0d8e1b52b854380fe3c7e71f912aaf7759f	1	1	NA	NA	NO_EXACT_RETAINED_RECORD				NOT_ASSESSED_NO_EXACT_RETAINED_RECORD				NONCARRIER_SENTINEL_OBSERVATION	EAS			
HML-2_5q33.2	NA21487_h2_HML-2_5q33.2_technical_error	HML-2_5q33.2	NA21487	h2	Validator_Script	HML-2_5q33.2|NA21487|h2|none|historical_source/cluster/HML2_project_graph/extracted_sequences/hgsvc3-2024-02-23-mc-chm13/HML-2_5q33.2/NA21487_h2_HML-2_5q33.2_graph_hgsvc3-2024-02-23-mc-chm13.fa|aa49be47e2e6788871a292aa57d835e449d8786a36da808eefb7b9b4272c10f0	1	1	NA	NA	NO_EXACT_RETAINED_RECORD				NOT_ASSESSED_NO_EXACT_RETAINED_RECORD				NONCARRIER_SENTINEL_OBSERVATION	Unassigned			
HML-2_6q11.1	HG00268_h2_HML-2_6q11.1_technical_error	HML-2_6q11.1	HG00268	h2	Validator_Script	HML-2_6q11.1|HG00268|h2|none|historical_source/cluster/HML2_project_graph/extracted_sequences/hgsvc3-2024-02-23-mc-chm13/HML-2_6q11.1/HG00268_h2_HML-2_6q11.1_graph_hgsvc3-2024-02-23-mc-chm13.fa|149911578a86c4f3ca522bc1332313dfd153d1f744470093259858a72b5066c0	1	1	NA	NA	NO_EXACT_RETAINED_RECORD				NOT_ASSESSED_NO_EXACT_RETAINED_RECORD				NONCARRIER_SENTINEL_OBSERVATION	EUR			
HML-2_6q11.1	HG00513_h2_HML-2_6q11.1_technical_error	HML-2_6q11.1	HG00513	h2	Validator_Script	HML-2_6q11.1|HG00513|h2|none|historical_source/cluster/HML2_project_graph/extracted_sequences/hgsvc3-2024-02-23-mc-chm13/HML-2_6q11.1/HG00513_h2_HML-2_6q11.1_graph_hgsvc3-2024-02-23-mc-chm13.fa|a10a557bd940d2758e7d9f6b8b824a2f7209ea105d6908aca9d556f8fd6e9474	1	1	NA	NA	NO_EXACT_RETAINED_RECORD				NOT_ASSESSED_NO_EXACT_RETAINED_RECORD				NONCARRIER_SENTINEL_OBSERVATION	EAS			
HML-2_6q11.1	HG01352_h2_HML-2_6q11.1_technical_error	HML-2_6q11.1	HG01352	h2	Validator_Script	HML-2_6q11.1|HG01352|h2|none|historical_source/cluster/HML2_project_graph/extracted_sequences/hgsvc3-2024-02-23-mc-chm13/HML-2_6q11.1/HG01352_h2_HML-2_6q11.1_graph_hgsvc3-2024-02-23-mc-chm13.fa|361ef38950939b83414d66ce645fc0b67cf518355111f57f26009b1cf7d17223	1	1	NA	NA	NO_EXACT_RETAINED_RECORD				NOT_ASSESSED_NO_EXACT_RETAINED_RECORD				NONCARRIER_SENTINEL_OBSERVATION	AMR			
HML-2_6q11.1	HG02018_h2_HML-2_6q11.1_technical_error	HML-2_6q11.1	HG02018	h2	Validator_Script	HML-2_6q11.1|HG02018|h2|none|historical_source/cluster/HML2_project_graph/extracted_sequences/hgsvc3-2024-02-23-mc-chm13/HML-2_6q11.1/HG02018_h2_HML-2_6q11.1_graph_hgsvc3-2024-02-23-mc-chm13.fa|1543c4efd3cd4236fa50807258e27a60e9fee04b132c5a4e24557d2becac0b78	1	1	NA	NA	NO_EXACT_RETAINED_RECORD				NOT_ASSESSED_NO_EXACT_RETAINED_RECORD				NONCARRIER_SENTINEL_OBSERVATION	EAS			
HML-2_6q11.1	HG02554_h2_HML-2_6q11.1_technical_error	HML-2_6q11.1	HG02554	h2	Validator_Script	HML-2_6q11.1|HG02554|h2|none|historical_source/cluster/HML2_project_graph/extracted_sequences/hgsvc3-2024-02-23-mc-chm13/HML-2_6q11.1/HG02554_h2_HML-2_6q11.1_graph_hgsvc3-2024-02-23-mc-chm13.fa|cbdb22364e43748c683b8ddd3dd0ebc26b6ee24dde9fe8053e58627d69eb562c	1	1	NA	NA	NO_EXACT_RETAINED_RECORD				NOT_ASSESSED_NO_EXACT_RETAINED_RECORD				NONCARRIER_SENTINEL_OBSERVATION	AFR			
HML-2_6q11.1	HG02953_h2_HML-2_6q11.1_technical_error	HML-2_6q11.1	HG02953	h2	Validator_Script	HML-2_6q11.1|HG02953|h2|none|historical_source/cluster/HML2_project_graph/extracted_sequences/hgsvc3-2024-02-23-mc-chm13/HML-2_6q11.1/HG02953_h2_HML-2_6q11.1_graph_hgsvc3-2024-02-23-mc-chm13.fa|bb4cb27f39b2a371f9a2f77ec2287550d163d0e4701f486642ca514a2db1912f	1	1	NA	NA	NO_EXACT_RETAINED_RECORD				NOT_ASSESSED_NO_EXACT_RETAINED_RECORD				NONCARRIER_SENTINEL_OBSERVATION	AFR			
HML-2_6q11.1	HG03009_h2_HML-2_6q11.1_technical_error	HML-2_6q11.1	HG03009	h2	Validator_Script	HML-2_6q11.1|HG03009|h2|none|historical_source/cluster/HML2_project_graph/extracted_sequences/hgsvc3-2024-02-23-mc-chm13/HML-2_6q11.1/HG03009_h2_HML-2_6q11.1_graph_hgsvc3-2024-02-23-mc-chm13.fa|b6649cc800eba33b6b3ffdb53cf6ab5e51104e773cc6f86df7201c1379f88f99	1	1	NA	NA	NO_EXACT_RETAINED_RECORD				NOT_ASSESSED_NO_EXACT_RETAINED_RECORD				NONCARRIER_SENTINEL_OBSERVATION	SAS			
HML-2_6q11.1	NA18989_h2_HML-2_6q11.1_technical_error	HML-2_6q11.1	NA18989	h2	Validator_Script	HML-2_6q11.1|NA18989|h2|none|historical_source/cluster/HML2_project_graph/extracted_sequences/hgsvc3-2024-02-23-mc-chm13/HML-2_6q11.1/NA18989_h2_HML-2_6q11.1_graph_hgsvc3-2024-02-23-mc-chm13.fa|d489d11f017e503c4c2312bb095bb35bbe800f7702d771a96806d9e0363badcd	1	1	NA	NA	NO_EXACT_RETAINED_RECORD				NOT_ASSESSED_NO_EXACT_RETAINED_RECORD				NONCARRIER_SENTINEL_OBSERVATION	EAS			
HML-2_6q11.1	NA19347_h2_HML-2_6q11.1_technical_error	HML-2_6q11.1	NA19347	h2	Validator_Script	HML-2_6q11.1|NA19347|h2|none|historical_source/cluster/HML2_project_graph/extracted_sequences/hgsvc3-2024-02-23-mc-chm13/HML-2_6q11.1/NA19347_h2_HML-2_6q11.1_graph_hgsvc3-2024-02-23-mc-chm13.fa|fd2afa20e44e874041a688e6d4054d211d722be6893584b6e0755611caa44db6	1	1	NA	NA	NO_EXACT_RETAINED_RECORD				NOT_ASSESSED_NO_EXACT_RETAINED_RECORD				NONCARRIER_SENTINEL_OBSERVATION	AFR			
HML-2_6q11.1	NA19983_h2_HML-2_6q11.1_technical_error	HML-2_6q11.1	NA19983	h2	Validator_Script	HML-2_6q11.1|NA19983|h2|none|historical_source/cluster/HML2_project_graph/extracted_sequences/hgsvc3-2024-02-23-mc-chm13/HML-2_6q11.1/NA19983_h2_HML-2_6q11.1_graph_hgsvc3-2024-02-23-mc-chm13.fa|242fa45670425dc6d1057f5da4f4fcde9a391691cc94cfc18b8c71ac21433ed7	1	1	NA	NA	NO_EXACT_RETAINED_RECORD				NOT_ASSESSED_NO_EXACT_RETAINED_RECORD				NONCARRIER_SENTINEL_OBSERVATION	AFR			
HML-2_6q11.1	NA20355_h2_HML-2_6q11.1_technical_error	HML-2_6q11.1	NA20355	h2	Validator_Script	HML-2_6q11.1|NA20355|h2|none|historical_source/cluster/HML2_project_graph/extracted_sequences/hgsvc3-2024-02-23-mc-chm13/HML-2_6q11.1/NA20355_h2_HML-2_6q11.1_graph_hgsvc3-2024-02-23-mc-chm13.fa|8347c5d2576d5c1eb3c49724afcfb84ad922ea81e205b0f888a8f5ca101151d0	1	1	NA	NA	NO_EXACT_RETAINED_RECORD				NOT_ASSESSED_NO_EXACT_RETAINED_RECORD				NONCARRIER_SENTINEL_OBSERVATION	AFR			
HML-2_6q14.1	HG02282_h2_HML-2_6q14.1_technical_error	HML-2_6q14.1	HG02282	h2	Validator_Script	HML-2_6q14.1|HG02282|h2|none|historical_source/cluster/HML2_project_graph/extracted_sequences/hgsvc3-2024-02-23-mc-chm13/HML-2_6q14.1/HG02282_h2_HML-2_6q14.1_graph_hgsvc3-2024-02-23-mc-chm13.fa|951c5f150c3a000b13bf2e2b751cff246a3be465d2b78f2fad8513477e7d2fa5	1	1	NA	NA	NO_EXACT_RETAINED_RECORD				NOT_ASSESSED_NO_EXACT_RETAINED_RECORD				NONCARRIER_SENTINEL_OBSERVATION	AFR			
HML-2_8p23.1a_hg38	HG00096_h2_HML-2_8p23.1a_hg38_technical_error	HML-2_8p23.1a_hg38	HG00096	h2	Validator_Script	HML-2_8p23.1a_hg38|HG00096|h2|none|historical_source/cluster/HML2_project_graph/extracted_sequences/hgsvc3-2024-02-23-mc-chm13/HML-2_8p23.1a_hg38/HG00096_h2_HML-2_8p23.1a_hg38_graph_hgsvc3-2024-02-23-mc-chm13.fa|017842a42b0e05f3d7c6e8bacc58602f7d8fdf6e7064b2c237039e1d1ce5c040	1	1	NA	NA	NO_EXACT_RETAINED_RECORD				NOT_ASSESSED_NO_EXACT_RETAINED_RECORD				NONCARRIER_SENTINEL_OBSERVATION	EUR			
HML-2_8p23.1a_hg38	HG00171_h2_HML-2_8p23.1a_hg38_technical_error	HML-2_8p23.1a_hg38	HG00171	h2	Validator_Script	HML-2_8p23.1a_hg38|HG00171|h2|none|historical_source/cluster/HML2_project_graph/extracted_sequences/hgsvc3-2024-02-23-mc-chm13/HML-2_8p23.1a_hg38/HG00171_h2_HML-2_8p23.1a_hg38_graph_hgsvc3-2024-02-23-mc-chm13.fa|0e02b39411fef7381ab7b8df71b7d67cdbcb4d50179da959d5b6ec83fed99b93	1	1	NA	NA	NO_EXACT_RETAINED_RECORD				NOT_ASSESSED_NO_EXACT_RETAINED_RECORD				NONCARRIER_SENTINEL_OBSERVATION	EUR			
HML-2_8p23.1a_hg38	HG00268_h2_HML-2_8p23.1a_hg38_technical_error	HML-2_8p23.1a_hg38	HG00268	h2	Validator_Script	HML-2_8p23.1a_hg38|HG00268|h2|none|historical_source/cluster/HML2_project_graph/extracted_sequences/hgsvc3-2024-02-23-mc-chm13/HML-2_8p23.1a_hg38/HG00268_h2_HML-2_8p23.1a_hg38_graph_hgsvc3-2024-02-23-mc-chm13.fa|bf3db54ecc879bee0dfc5eb20bfa9e322ad53d77837251288343470c387f0942	1	1	NA	NA	NO_EXACT_RETAINED_RECORD				NOT_ASSESSED_NO_EXACT_RETAINED_RECORD				NONCARRIER_SENTINEL_OBSERVATION	EUR			
HML-2_8p23.1a_hg38	HG00731_h2_HML-2_8p23.1a_hg38_technical_error	HML-2_8p23.1a_hg38	HG00731	h2	Validator_Script	HML-2_8p23.1a_hg38|HG00731|h2|none|historical_source/cluster/HML2_project_graph/extracted_sequences/hgsvc3-2024-02-23-mc-chm13/HML-2_8p23.1a_hg38/HG00731_h2_HML-2_8p23.1a_hg38_graph_hgsvc3-2024-02-23-mc-chm13.fa|72c46396348d7a5bdb965ae4e1fe02b65ecb4275b3d007df7582b58645a9b558	1	1	NA	NA	NO_EXACT_RETAINED_RECORD				NOT_ASSESSED_NO_EXACT_RETAINED_RECORD				NONCARRIER_SENTINEL_OBSERVATION	AMR			
HML-2_8p23.1a_hg38	HG01114_h2_HML-2_8p23.1a_hg38_technical_error	HML-2_8p23.1a_hg38	HG01114	h2	Validator_Script	HML-2_8p23.1a_hg38|HG01114|h2|none|historical_source/cluster/HML2_project_graph/extracted_sequences/hgsvc3-2024-02-23-mc-chm13/HML-2_8p23.1a_hg38/HG01114_h2_HML-2_8p23.1a_hg38_graph_hgsvc3-2024-02-23-mc-chm13.fa|c070529289dd983cfc4dba5e37ffbd7216ef3bad87174e68faf4b219ce75be3d	1	1	NA	NA	NO_EXACT_RETAINED_RECORD				NOT_ASSESSED_NO_EXACT_RETAINED_RECORD				NONCARRIER_SENTINEL_OBSERVATION	AMR			
HML-2_8p23.1a_hg38	HG01573_h2_HML-2_8p23.1a_hg38_technical_error	HML-2_8p23.1a_hg38	HG01573	h2	Validator_Script	HML-2_8p23.1a_hg38|HG01573|h2|none|historical_source/cluster/HML2_project_graph/extracted_sequences/hgsvc3-2024-02-23-mc-chm13/HML-2_8p23.1a_hg38/HG01573_h2_HML-2_8p23.1a_hg38_graph_hgsvc3-2024-02-23-mc-chm13.fa|0cbe91ea8b48889b1d5030b3cdf99f6d34d4174df36074370b0ead0fb88026b9	1	1	NA	NA	NO_EXACT_RETAINED_RECORD				NOT_ASSESSED_NO_EXACT_RETAINED_RECORD				NONCARRIER_SENTINEL_OBSERVATION	AMR			
HML-2_8p23.1a_hg38	HG01890_h2_HML-2_8p23.1a_hg38_technical_error	HML-2_8p23.1a_hg38	HG01890	h2	Validator_Script	HML-2_8p23.1a_hg38|HG01890|h2|none|historical_source/cluster/HML2_project_graph/extracted_sequences/hgsvc3-2024-02-23-mc-chm13/HML-2_8p23.1a_hg38/HG01890_h2_HML-2_8p23.1a_hg38_graph_hgsvc3-2024-02-23-mc-chm13.fa|8f4b8cdc3b7b44a9c207788dc4ce36b12e600175bd3976d2beb9707950f1f355	1	1	NA	NA	NO_EXACT_RETAINED_RECORD				NOT_ASSESSED_NO_EXACT_RETAINED_RECORD				NONCARRIER_SENTINEL_OBSERVATION	AFR			
HML-2_8p23.1a_hg38	HG02554_h2_HML-2_8p23.1a_hg38_technical_error	HML-2_8p23.1a_hg38	HG02554	h2	Validator_Script	HML-2_8p23.1a_hg38|HG02554|h2|none|historical_source/cluster/HML2_project_graph/extracted_sequences/hgsvc3-2024-02-23-mc-chm13/HML-2_8p23.1a_hg38/HG02554_h2_HML-2_8p23.1a_hg38_graph_hgsvc3-2024-02-23-mc-chm13.fa|3d64b99ebeb6aca14fa2cf37f01af1e915dda354d66e8b92330bb0af3f0603da	1	1	NA	NA	NO_EXACT_RETAINED_RECORD				NOT_ASSESSED_NO_EXACT_RETAINED_RECORD				NONCARRIER_SENTINEL_OBSERVATION	AFR			
HML-2_8p23.1a_hg38	HG02769_h2_HML-2_8p23.1a_hg38_technical_error	HML-2_8p23.1a_hg38	HG02769	h2	Validator_Script	HML-2_8p23.1a_hg38|HG02769|h2|none|historical_source/cluster/HML2_project_graph/extracted_sequences/hgsvc3-2024-02-23-mc-chm13/HML-2_8p23.1a_hg38/HG02769_h2_HML-2_8p23.1a_hg38_graph_hgsvc3-2024-02-23-mc-chm13.fa|28de19a8f8b65b6ab114fc7929745189dbe996df07ebe21e2ab88253da9fc82e	1	1	NA	NA	NO_EXACT_RETAINED_RECORD				NOT_ASSESSED_NO_EXACT_RETAINED_RECORD				NONCARRIER_SENTINEL_OBSERVATION	AFR			
HML-2_8p23.1a_hg38	HG03732_h2_HML-2_8p23.1a_hg38_technical_error	HML-2_8p23.1a_hg38	HG03732	h2	Validator_Script	HML-2_8p23.1a_hg38|HG03732|h2|none|historical_source/cluster/HML2_project_graph/extracted_sequences/hgsvc3-2024-02-23-mc-chm13/HML-2_8p23.1a_hg38/HG03732_h2_HML-2_8p23.1a_hg38_graph_hgsvc3-2024-02-23-mc-chm13.fa|386801520c7cb025bbeeb98f128ad960c2535407a4e81570f37e9bf62a971eb7	1	1	NA	NA	NO_EXACT_RETAINED_RECORD				NOT_ASSESSED_NO_EXACT_RETAINED_RECORD				NONCARRIER_SENTINEL_OBSERVATION	SAS			
HML-2_8p23.1a_hg38	NA12329_h2_HML-2_8p23.1a_hg38_technical_error	HML-2_8p23.1a_hg38	NA12329	h2	Validator_Script	HML-2_8p23.1a_hg38|NA12329|h2|none|historical_source/cluster/HML2_project_graph/extracted_sequences/hgsvc3-2024-02-23-mc-chm13/HML-2_8p23.1a_hg38/NA12329_h2_HML-2_8p23.1a_hg38_graph_hgsvc3-2024-02-23-mc-chm13.fa|be4bfd2bd45cc163579765b355c35fb037372dab96d352a1d3015c210c85d69d	1	1	NA	NA	NO_EXACT_RETAINED_RECORD				NOT_ASSESSED_NO_EXACT_RETAINED_RECORD				NONCARRIER_SENTINEL_OBSERVATION	EUR			
HML-2_8p23.1a_hg38	NA18939_h2_HML-2_8p23.1a_hg38_technical_error	HML-2_8p23.1a_hg38	NA18939	h2	Validator_Script	HML-2_8p23.1a_hg38|NA18939|h2|none|historical_source/cluster/HML2_project_graph/extracted_sequences/hgsvc3-2024-02-23-mc-chm13/HML-2_8p23.1a_hg38/NA18939_h2_HML-2_8p23.1a_hg38_graph_hgsvc3-2024-02-23-mc-chm13.fa|d563f788f7f079841cf04f13de73563d6d2c67e3267e86f459c5a0a903bef8aa	1	1	NA	NA	NO_EXACT_RETAINED_RECORD				NOT_ASSESSED_NO_EXACT_RETAINED_RECORD				NONCARRIER_SENTINEL_OBSERVATION	EAS			
HML-2_8p23.1a_hg38	NA19331_h2_HML-2_8p23.1a_hg38_technical_error	HML-2_8p23.1a_hg38	NA19331	h2	Validator_Script	HML-2_8p23.1a_hg38|NA19331|h2|none|historical_source/cluster/HML2_project_graph/extracted_sequences/hgsvc3-2024-02-23-mc-chm13/HML-2_8p23.1a_hg38/NA19331_h2_HML-2_8p23.1a_hg38_graph_hgsvc3-2024-02-23-mc-chm13.fa|94f722e9b63d60877338e48845fccbde258c9fc2d9cfb51b4bb71c26a9510022	1	1	NA	NA	NO_EXACT_RETAINED_RECORD				NOT_ASSESSED_NO_EXACT_RETAINED_RECORD				NONCARRIER_SENTINEL_OBSERVATION	AFR			
HML-2_8p23.1a_hg38	NA19347_h2_HML-2_8p23.1a_hg38_technical_error	HML-2_8p23.1a_hg38	NA19347	h2	Validator_Script	HML-2_8p23.1a_hg38|NA19347|h2|none|historical_source/cluster/HML2_project_graph/extracted_sequences/hgsvc3-2024-02-23-mc-chm13/HML-2_8p23.1a_hg38/NA19347_h2_HML-2_8p23.1a_hg38_graph_hgsvc3-2024-02-23-mc-chm13.fa|e31b0d8e559db364eccd99108a14231ad9db5092910f715bf1967eb86a80476b	1	1	NA	NA	NO_EXACT_RETAINED_RECORD				NOT_ASSESSED_NO_EXACT_RETAINED_RECORD				NONCARRIER_SENTINEL_OBSERVATION	AFR			
HML-2_8p23.1a_hg38	NA19384_h2_HML-2_8p23.1a_hg38_technical_error	HML-2_8p23.1a_hg38	NA19384	h2	Validator_Script	HML-2_8p23.1a_hg38|NA19384|h2|none|historical_source/cluster/HML2_project_graph/extracted_sequences/hgsvc3-2024-02-23-mc-chm13/HML-2_8p23.1a_hg38/NA19384_h2_HML-2_8p23.1a_hg38_graph_hgsvc3-2024-02-23-mc-chm13.fa|6faf98ec89cb9c72e322726bf41ebc2ac88d6a5618c03c405aff44c18f089ad7	1	1	NA	NA	NO_EXACT_RETAINED_RECORD				NOT_ASSESSED_NO_EXACT_RETAINED_RECORD				NONCARRIER_SENTINEL_OBSERVATION	AFR			
HML-2_8p23.1a_hg38	NA19650_h2_HML-2_8p23.1a_hg38_technical_error	HML-2_8p23.1a_hg38	NA19650	h2	Validator_Script	HML-2_8p23.1a_hg38|NA19650|h2|none|historical_source/cluster/HML2_project_graph/extracted_sequences/hgsvc3-2024-02-23-mc-chm13/HML-2_8p23.1a_hg38/NA19650_h2_HML-2_8p23.1a_hg38_graph_hgsvc3-2024-02-23-mc-chm13.fa|8a88a4f89196a5a6b0321bca195d4a9d87eba1dea40d2e815d76dc9ee4da3aef	1	1	NA	NA	NO_EXACT_RETAINED_RECORD				NOT_ASSESSED_NO_EXACT_RETAINED_RECORD				NONCARRIER_SENTINEL_OBSERVATION	AMR			
HML-2_8p23.1a_hg38	NA19983_h2_HML-2_8p23.1a_hg38_technical_error	HML-2_8p23.1a_hg38	NA19983	h2	Validator_Script	HML-2_8p23.1a_hg38|NA19983|h2|none|historical_source/cluster/HML2_project_graph/extracted_sequences/hgsvc3-2024-02-23-mc-chm13/HML-2_8p23.1a_hg38/NA19983_h2_HML-2_8p23.1a_hg38_graph_hgsvc3-2024-02-23-mc-chm13.fa|620f74bb07e3ca97ac7c631ba332694c7520394c56138c2842789682b9cf2dce	1	1	NA	NA	NO_EXACT_RETAINED_RECORD				NOT_ASSESSED_NO_EXACT_RETAINED_RECORD				NONCARRIER_SENTINEL_OBSERVATION	AFR			
HML-2_8p23.1a_hg38	NA20355_h2_HML-2_8p23.1a_hg38_technical_error	HML-2_8p23.1a_hg38	NA20355	h2	Validator_Script	HML-2_8p23.1a_hg38|NA20355|h2|none|historical_source/cluster/HML2_project_graph/extracted_sequences/hgsvc3-2024-02-23-mc-chm13/HML-2_8p23.1a_hg38/NA20355_h2_HML-2_8p23.1a_hg38_graph_hgsvc3-2024-02-23-mc-chm13.fa|8c1f236b5119b868d0a148bc8594fbe8f3029c538c1f788079ea72c54e0524f3	1	1	NA	NA	NO_EXACT_RETAINED_RECORD				NOT_ASSESSED_NO_EXACT_RETAINED_RECORD				NONCARRIER_SENTINEL_OBSERVATION	AFR			
HML-2_8p23.1a_hg38	NA21487_h2_HML-2_8p23.1a_hg38_technical_error	HML-2_8p23.1a_hg38	NA21487	h2	Validator_Script	HML-2_8p23.1a_hg38|NA21487|h2|none|historical_source/cluster/HML2_project_graph/extracted_sequences/hgsvc3-2024-02-23-mc-chm13/HML-2_8p23.1a_hg38/NA21487_h2_HML-2_8p23.1a_hg38_graph_hgsvc3-2024-02-23-mc-chm13.fa|17ad9129c3c5b535b7471137d435ee3e6d1597afde44ba8563825f944166e928	1	1	NA	NA	NO_EXACT_RETAINED_RECORD				NOT_ASSESSED_NO_EXACT_RETAINED_RECORD				NONCARRIER_SENTINEL_OBSERVATION	Unassigned			
HML-2_8p23.1a_hg38	NA24385_h2_HML-2_8p23.1a_hg38_technical_error	HML-2_8p23.1a_hg38	NA24385	h2	Validator_Script	HML-2_8p23.1a_hg38|NA24385|h2|none|historical_source/cluster/HML2_project_graph/extracted_sequences/hgsvc3-2024-02-23-mc-chm13/HML-2_8p23.1a_hg38/NA24385_h2_HML-2_8p23.1a_hg38_graph_hgsvc3-2024-02-23-mc-chm13.fa|19a3c5b466c1e695dc4a2f669645b7acacd4092491b9f6a43699f426de13a377	1	1	NA	NA	NO_EXACT_RETAINED_RECORD				NOT_ASSESSED_NO_EXACT_RETAINED_RECORD				NONCARRIER_SENTINEL_OBSERVATION	Unassigned			
HML-2_8p23.1b	HG00171_h2_HML-2_8p23.1b_technical_error	HML-2_8p23.1b	HG00171	h2	Validator_Script	HML-2_8p23.1b|HG00171|h2|none|historical_source/cluster/HML2_project_graph/extracted_sequences/hgsvc3-2024-02-23-mc-chm13/HML-2_8p23.1b/HG00171_h2_HML-2_8p23.1b_graph_hgsvc3-2024-02-23-mc-chm13.fa|ae567a8c0f286d9c30478d359678cf8a3162b83e2b5149a18f939cb5b2cc9696	1	1	NA	NA	NO_EXACT_RETAINED_RECORD				NOT_ASSESSED_NO_EXACT_RETAINED_RECORD				NONCARRIER_SENTINEL_OBSERVATION	EUR			
HML-2_8p23.1b	HG01114_h2_HML-2_8p23.1b_technical_error	HML-2_8p23.1b	HG01114	h2	Validator_Script	HML-2_8p23.1b|HG01114|h2|none|historical_source/cluster/HML2_project_graph/extracted_sequences/hgsvc3-2024-02-23-mc-chm13/HML-2_8p23.1b/HG01114_h2_HML-2_8p23.1b_graph_hgsvc3-2024-02-23-mc-chm13.fa|c7c466e60d8805d825a4ca4a6887a0ef295cce499be3447f239c6276ceb4e17d	1	1	NA	NA	NO_EXACT_RETAINED_RECORD				NOT_ASSESSED_NO_EXACT_RETAINED_RECORD				NONCARRIER_SENTINEL_OBSERVATION	AMR			
HML-2_8p23.1b	HG01457_h2_HML-2_8p23.1b_technical_error	HML-2_8p23.1b	HG01457	h2	Validator_Script	HML-2_8p23.1b|HG01457|h2|none|historical_source/cluster/HML2_project_graph/extracted_sequences/hgsvc3-2024-02-23-mc-chm13/HML-2_8p23.1b/HG01457_h2_HML-2_8p23.1b_graph_hgsvc3-2024-02-23-mc-chm13.fa|fe003bf6b77026a201602eee646a325e4963143935a2196453d668c113ab3108	1	1	NA	NA	NO_EXACT_RETAINED_RECORD				NOT_ASSESSED_NO_EXACT_RETAINED_RECORD				NONCARRIER_SENTINEL_OBSERVATION	AMR			
HML-2_8p23.1b	HG02282_h2_HML-2_8p23.1b_technical_error	HML-2_8p23.1b	HG02282	h2	Validator_Script	HML-2_8p23.1b|HG02282|h2|none|historical_source/cluster/HML2_project_graph/extracted_sequences/hgsvc3-2024-02-23-mc-chm13/HML-2_8p23.1b/HG02282_h2_HML-2_8p23.1b_graph_hgsvc3-2024-02-23-mc-chm13.fa|7cb2b09a15e86f2059446f29dc1c3bc28df882e79578dcb78097a04826879ef8	1	1	NA	NA	NO_EXACT_RETAINED_RECORD				NOT_ASSESSED_NO_EXACT_RETAINED_RECORD				NONCARRIER_SENTINEL_OBSERVATION	AFR			
HML-2_8p23.1b	HG02554_h2_HML-2_8p23.1b_technical_error	HML-2_8p23.1b	HG02554	h2	Validator_Script	HML-2_8p23.1b|HG02554|h2|none|historical_source/cluster/HML2_project_graph/extracted_sequences/hgsvc3-2024-02-23-mc-chm13/HML-2_8p23.1b/HG02554_h2_HML-2_8p23.1b_graph_hgsvc3-2024-02-23-mc-chm13.fa|1899d2a49ba00abee48f04b4c4c88072b5b5a2faf3c4e44ef81e861c7224d3db	1	1	NA	NA	NO_EXACT_RETAINED_RECORD				NOT_ASSESSED_NO_EXACT_RETAINED_RECORD				NONCARRIER_SENTINEL_OBSERVATION	AFR			
HML-2_8p23.1b	HG03009_h2_HML-2_8p23.1b_technical_error	HML-2_8p23.1b	HG03009	h2	Validator_Script	HML-2_8p23.1b|HG03009|h2|none|historical_source/cluster/HML2_project_graph/extracted_sequences/hgsvc3-2024-02-23-mc-chm13/HML-2_8p23.1b/HG03009_h2_HML-2_8p23.1b_graph_hgsvc3-2024-02-23-mc-chm13.fa|3eb1c4e9e96596296175536b56c82d7dd5c7188b813d346e71d73a5c8e66c1c7	1	1	NA	NA	NO_EXACT_RETAINED_RECORD				NOT_ASSESSED_NO_EXACT_RETAINED_RECORD				NONCARRIER_SENTINEL_OBSERVATION	SAS			
HML-2_8p23.1b	HG03065_h2_HML-2_8p23.1b_graph_hgsvc3_linked_recovery	HML-2_8p23.1b	HG03065	h2	HG03065#2#haplotype2-0000071#0:12698966-12708684	HML-2_8p23.1b|HG03065|h2|graph|historical_source/Library/Mobile Documents/com~apple~CloudDocs/Documents/Med_School/PostDoc/Manuscripts/HML2PopGenManuscript/_audit_2026-09-14/source_call_resolution/broad_graph_recovered/validated_calls/caller_inputs/HML-2_8p23.1b/HG03065_h2_HML-2_8p23.1b_graph_hgsvc3_linked_recovery.fa|07fc477a2271c7bee226768c6ac2af8bafd4b53abe68c06e269b0dfbbcff85bd	1	1	NA	NA	NO_EXACT_RETAINED_RECORD				NOT_ASSESSED_NO_EXACT_RETAINED_RECORD				PRESENT	AFR			
HML-2_8p23.1b	HG03456_h2_HML-2_8p23.1b_technical_error	HML-2_8p23.1b	HG03456	h2	Validator_Script	HML-2_8p23.1b|HG03456|h2|none|historical_source/cluster/HML2_project_graph/extracted_sequences/hgsvc3-2024-02-23-mc-chm13/HML-2_8p23.1b/HG03456_h2_HML-2_8p23.1b_graph_hgsvc3-2024-02-23-mc-chm13.fa|6de8c5391b070a1ef516982ab40cb9cc60b4b46c3c2d2f0426e8b29c196638a7	1	1	NA	NA	NO_EXACT_RETAINED_RECORD				NOT_ASSESSED_NO_EXACT_RETAINED_RECORD				NONCARRIER_SENTINEL_OBSERVATION	AFR			
HML-2_8p23.1b	NA18939_h2_HML-2_8p23.1b_technical_error	HML-2_8p23.1b	NA18939	h2	Validator_Script	HML-2_8p23.1b|NA18939|h2|none|historical_source/cluster/HML2_project_graph/extracted_sequences/hgsvc3-2024-02-23-mc-chm13/HML-2_8p23.1b/NA18939_h2_HML-2_8p23.1b_graph_hgsvc3-2024-02-23-mc-chm13.fa|970f7e6f58fb5e5a646cf8798b6efc87d582e8452799bff32513d7e1c02dc68c	1	1	NA	NA	NO_EXACT_RETAINED_RECORD				NOT_ASSESSED_NO_EXACT_RETAINED_RECORD				NONCARRIER_SENTINEL_OBSERVATION	EAS			
HML-2_8p23.1b	NA18989_h2_HML-2_8p23.1b_technical_error	HML-2_8p23.1b	NA18989	h2	Validator_Script	HML-2_8p23.1b|NA18989|h2|none|historical_source/cluster/HML2_project_graph/extracted_sequences/hgsvc3-2024-02-23-mc-chm13/HML-2_8p23.1b/NA18989_h2_HML-2_8p23.1b_graph_hgsvc3-2024-02-23-mc-chm13.fa|b252df6371e73710bfc5c3c19453c88c6db0d05750065fb63dacc57831f5b928	1	1	NA	NA	NO_EXACT_RETAINED_RECORD				NOT_ASSESSED_NO_EXACT_RETAINED_RECORD				NONCARRIER_SENTINEL_OBSERVATION	EAS			
HML-2_8p23.1b	NA19129_h2_HML-2_8p23.1b_graph_hgsvc3_linked_recovery	HML-2_8p23.1b	NA19129	h2	NA19129#2#haplotype2-0000103#0:12384732-12394451	HML-2_8p23.1b|NA19129|h2|graph|historical_source/Library/Mobile Documents/com~apple~CloudDocs/Documents/Med_School/PostDoc/Manuscripts/HML2PopGenManuscript/_audit_2026-09-14/source_call_resolution/broad_graph_recovered/validated_calls/caller_inputs/HML-2_8p23.1b/NA19129_h2_HML-2_8p23.1b_graph_hgsvc3_linked_recovery.fa|761a358484e09827645182253d5068acf20c5f1a13a27ea0fb2a2d07ee16b36a	1	1	NA	NA	NO_EXACT_RETAINED_RECORD				NOT_ASSESSED_NO_EXACT_RETAINED_RECORD				PRESENT	AFR			
HML-2_8p23.1b	NA19238_h2_HML-2_8p23.1b_technical_error	HML-2_8p23.1b	NA19238	h2	Validator_Script	HML-2_8p23.1b|NA19238|h2|none|historical_source/cluster/HML2_project_graph/extracted_sequences/hgsvc3-2024-02-23-mc-chm13/HML-2_8p23.1b/NA19238_h2_HML-2_8p23.1b_graph_hgsvc3-2024-02-23-mc-chm13.fa|e233508d7b7e324202cc5d37bba35af82d19a0241b5ad5ced449b35f00a616e3	1	1	NA	NA	NO_EXACT_RETAINED_RECORD				NOT_ASSESSED_NO_EXACT_RETAINED_RECORD				NONCARRIER_SENTINEL_OBSERVATION	AFR			
HML-2_8p23.1b	NA19239_h2_HML-2_8p23.1b_technical_error	HML-2_8p23.1b	NA19239	h2	Validator_Script	HML-2_8p23.1b|NA19239|h2|none|historical_source/cluster/HML2_project_graph/extracted_sequences/hgsvc3-2024-02-23-mc-chm13/HML-2_8p23.1b/NA19239_h2_HML-2_8p23.1b_graph_hgsvc3-2024-02-23-mc-chm13.fa|e379f10e7e0230b3e76975efaac357e9679f901b969abf4ad2cbd2c19b92093f	1	1	NA	NA	NO_EXACT_RETAINED_RECORD				NOT_ASSESSED_NO_EXACT_RETAINED_RECORD				NONCARRIER_SENTINEL_OBSERVATION	AFR			
HML-2_8p23.1b	NA19317_h2_HML-2_8p23.1b_technical_error	HML-2_8p23.1b	NA19317	h2	Validator_Script	HML-2_8p23.1b|NA19317|h2|none|historical_source/cluster/HML2_project_graph/extracted_sequences/hgsvc3-2024-02-23-mc-chm13/HML-2_8p23.1b/NA19317_h2_HML-2_8p23.1b_graph_hgsvc3-2024-02-23-mc-chm13.fa|7c86bafa6286983ef898a7c048061d6d7885d5fb985c70e1c172224e1bf509f2	1	1	NA	NA	NO_EXACT_RETAINED_RECORD				NOT_ASSESSED_NO_EXACT_RETAINED_RECORD				NONCARRIER_SENTINEL_OBSERVATION	AFR			
HML-2_8p23.1b	NA19331_h1_HML-2_8p23.1b_graph_hgsvc3_linked_recovery	HML-2_8p23.1b	NA19331	h1	NA19331#1#haplotype1-0000028#0:133590370-133600088	HML-2_8p23.1b|NA19331|h1|graph|historical_source/Library/Mobile Documents/com~apple~CloudDocs/Documents/Med_School/PostDoc/Manuscripts/HML2PopGenManuscript/_audit_2026-09-14/source_call_resolution/broad_graph_recovered/validated_calls/caller_inputs/HML-2_8p23.1b/NA19331_h1_HML-2_8p23.1b_graph_hgsvc3_linked_recovery.fa|365bb0f62865dfb9a872fbeca51e594d60af1d0384f89db9ad3d0d7e0c21b431	1	1	NA	NA	NO_EXACT_RETAINED_RECORD				NOT_ASSESSED_NO_EXACT_RETAINED_RECORD				PRESENT	AFR			
HML-2_8p23.1b	NA19331_h2_HML-2_8p23.1b_technical_error	HML-2_8p23.1b	NA19331	h2	Validator_Script	HML-2_8p23.1b|NA19331|h2|none|historical_source/cluster/HML2_project_graph/extracted_sequences/hgsvc3-2024-02-23-mc-chm13/HML-2_8p23.1b/NA19331_h2_HML-2_8p23.1b_graph_hgsvc3-2024-02-23-mc-chm13.fa|a35353e30469b1189888bfdb7c028014643813b887d7e2efac8944aae247e967	1	1	NA	NA	NO_EXACT_RETAINED_RECORD				NOT_ASSESSED_NO_EXACT_RETAINED_RECORD				NONCARRIER_SENTINEL_OBSERVATION	AFR			
HML-2_8p23.1b	NA19347_h2_HML-2_8p23.1b_technical_error	HML-2_8p23.1b	NA19347	h2	Validator_Script	HML-2_8p23.1b|NA19347|h2|none|historical_source/cluster/HML2_project_graph/extracted_sequences/hgsvc3-2024-02-23-mc-chm13/HML-2_8p23.1b/NA19347_h2_HML-2_8p23.1b_graph_hgsvc3-2024-02-23-mc-chm13.fa|e57398a207e2377b4e5c7ad60181d7dc5eaba9b9ebcfcb00797c7e64351472ad	1	1	NA	NA	NO_EXACT_RETAINED_RECORD				NOT_ASSESSED_NO_EXACT_RETAINED_RECORD				NONCARRIER_SENTINEL_OBSERVATION	AFR			
HML-2_8p23.1b	NA19434_h2_HML-2_8p23.1b_technical_error	HML-2_8p23.1b	NA19434	h2	Validator_Script	HML-2_8p23.1b|NA19434|h2|none|historical_source/cluster/HML2_project_graph/extracted_sequences/hgsvc3-2024-02-23-mc-chm13/HML-2_8p23.1b/NA19434_h2_HML-2_8p23.1b_graph_hgsvc3-2024-02-23-mc-chm13.fa|0839edc4052db935e267ba3a869d9d813f3e827915e05caf278a15ab7e4b5d71	1	1	NA	NA	NO_EXACT_RETAINED_RECORD				NOT_ASSESSED_NO_EXACT_RETAINED_RECORD				NONCARRIER_SENTINEL_OBSERVATION	AFR			
HML-2_8p23.1b	NA19650_h2_HML-2_8p23.1b_technical_error	HML-2_8p23.1b	NA19650	h2	Validator_Script	HML-2_8p23.1b|NA19650|h2|none|historical_source/cluster/HML2_project_graph/extracted_sequences/hgsvc3-2024-02-23-mc-chm13/HML-2_8p23.1b/NA19650_h2_HML-2_8p23.1b_graph_hgsvc3-2024-02-23-mc-chm13.fa|25b78700140e4cd36eebfcc0364d8239cbb9860bbbd8770c35faa95b50d5842c	1	1	NA	NA	NO_EXACT_RETAINED_RECORD				NOT_ASSESSED_NO_EXACT_RETAINED_RECORD				NONCARRIER_SENTINEL_OBSERVATION	AMR			
HML-2_8p23.1b	NA19705_h2_HML-2_8p23.1b_technical_error	HML-2_8p23.1b	NA19705	h2	Validator_Script	HML-2_8p23.1b|NA19705|h2|none|historical_source/cluster/HML2_project_graph/extracted_sequences/hgsvc3-2024-02-23-mc-chm13/HML-2_8p23.1b/NA19705_h2_HML-2_8p23.1b_graph_hgsvc3-2024-02-23-mc-chm13.fa|ec385c639fd3ee9c5ac9da0d62d813057c4478df2526a1656d0c77a344d49ffd	1	1	NA	NA	NO_EXACT_RETAINED_RECORD				NOT_ASSESSED_NO_EXACT_RETAINED_RECORD				NONCARRIER_SENTINEL_OBSERVATION	AFR			
HML-2_8p23.1b	NA19836_h2_HML-2_8p23.1b_technical_error	HML-2_8p23.1b	NA19836	h2	Validator_Script	HML-2_8p23.1b|NA19836|h2|none|historical_source/cluster/HML2_project_graph/extracted_sequences/hgsvc3-2024-02-23-mc-chm13/HML-2_8p23.1b/NA19836_h2_HML-2_8p23.1b_graph_hgsvc3-2024-02-23-mc-chm13.fa|5f22b4daccca6981847f1bc80694ec4a9ad29d30986446631f45c1b4f91f5dfd	1	1	NA	NA	NO_EXACT_RETAINED_RECORD				NOT_ASSESSED_NO_EXACT_RETAINED_RECORD				NONCARRIER_SENTINEL_OBSERVATION	AFR			
HML-2_8p23.1b	NA19983_h2_HML-2_8p23.1b_technical_error	HML-2_8p23.1b	NA19983	h2	Validator_Script	HML-2_8p23.1b|NA19983|h2|none|historical_source/cluster/HML2_project_graph/extracted_sequences/hgsvc3-2024-02-23-mc-chm13/HML-2_8p23.1b/NA19983_h2_HML-2_8p23.1b_graph_hgsvc3-2024-02-23-mc-chm13.fa|6b348c38377a978433fbb8b31e17688af5eebfb33ab2a9c9fb4d45eecc64eeb1	1	1	NA	NA	NO_EXACT_RETAINED_RECORD				NOT_ASSESSED_NO_EXACT_RETAINED_RECORD				NONCARRIER_SENTINEL_OBSERVATION	AFR			
HML-2_8p23.1b	NA20355_h2_HML-2_8p23.1b_technical_error	HML-2_8p23.1b	NA20355	h2	Validator_Script	HML-2_8p23.1b|NA20355|h2|none|historical_source/cluster/HML2_project_graph/extracted_sequences/hgsvc3-2024-02-23-mc-chm13/HML-2_8p23.1b/NA20355_h2_HML-2_8p23.1b_graph_hgsvc3-2024-02-23-mc-chm13.fa|0e15976a54808091500f620017d090be2b6a67aa73cfeed550f1cb38a603e4a2	1	1	NA	NA	NO_EXACT_RETAINED_RECORD				NOT_ASSESSED_NO_EXACT_RETAINED_RECORD				NONCARRIER_SENTINEL_OBSERVATION	AFR			
HML-2_8p23.1b	NA21487_h1_HML-2_8p23.1b_graph_hgsvc3_linked_recovery	HML-2_8p23.1b	NA21487	h1	NA21487#1#haplotype1-0000009#0:12325900-12335620	HML-2_8p23.1b|NA21487|h1|graph|historical_source/Library/Mobile Documents/com~apple~CloudDocs/Documents/Med_School/PostDoc/Manuscripts/HML2PopGenManuscript/_audit_2026-09-14/source_call_resolution/broad_graph_recovered/validated_calls/caller_inputs/HML-2_8p23.1b/NA21487_h1_HML-2_8p23.1b_graph_hgsvc3_linked_recovery.fa|ebb964bf2416a8c785d632195e54d12b08a6f4393ec6c5a50472e2cc94765a14	1	1	NA	NA	NO_EXACT_RETAINED_RECORD				NOT_ASSESSED_NO_EXACT_RETAINED_RECORD				PRESENT	Unassigned			
HML-2_8p23.1b	NA21487_h2_HML-2_8p23.1b_technical_error	HML-2_8p23.1b	NA21487	h2	Validator_Script	HML-2_8p23.1b|NA21487|h2|none|historical_source/cluster/HML2_project_graph/extracted_sequences/hgsvc3-2024-02-23-mc-chm13/HML-2_8p23.1b/NA21487_h2_HML-2_8p23.1b_graph_hgsvc3-2024-02-23-mc-chm13.fa|2ed772e5bce46278a0bb1095ad1f42d0a21774125bbaf0208cc0ae6c1740aa9c	1	1	NA	NA	NO_EXACT_RETAINED_RECORD				NOT_ASSESSED_NO_EXACT_RETAINED_RECORD				NONCARRIER_SENTINEL_OBSERVATION	Unassigned			
HML-2_8p23.1b	NA24385_h2_HML-2_8p23.1b_technical_error	HML-2_8p23.1b	NA24385	h2	Validator_Script	HML-2_8p23.1b|NA24385|h2|none|historical_source/cluster/HML2_project_graph/extracted_sequences/hgsvc3-2024-02-23-mc-chm13/HML-2_8p23.1b/NA24385_h2_HML-2_8p23.1b_graph_hgsvc3-2024-02-23-mc-chm13.fa|df3530044286ce659bc04c2768f2dba0a510da06fd8d1351709d1f423a6f88b2	1	1	NA	NA	NO_EXACT_RETAINED_RECORD				NOT_ASSESSED_NO_EXACT_RETAINED_RECORD				NONCARRIER_SENTINEL_OBSERVATION	Unassigned			
HML-2_8p23.1c	HG00512_h2_HML-2_8p23.1c_technical_error	HML-2_8p23.1c	HG00512	h2	Validator_Script	HML-2_8p23.1c|HG00512|h2|none|historical_source/cluster/HML2_project_graph/extracted_sequences/hgsvc3-2024-02-23-mc-chm13/HML-2_8p23.1c/HG00512_h2_HML-2_8p23.1c_graph_hgsvc3-2024-02-23-mc-chm13.fa|5c00facb80d36e6ff002cec995186bb54421f57aa2988158ff0af64e95896f8c	1	1	NA	NA	NO_EXACT_RETAINED_RECORD				NOT_ASSESSED_NO_EXACT_RETAINED_RECORD				NONCARRIER_SENTINEL_OBSERVATION	EAS			
HML-2_8p23.1c	HG00732_h1_HML-2_8p23.1c_graph_hgsvc3_linked_recovery	HML-2_8p23.1c	HG00732	h1	HG00732#1#haplotype1-0000030#0:134879403-134889123	HML-2_8p23.1c|HG00732|h1|graph|historical_source/Library/Mobile Documents/com~apple~CloudDocs/Documents/Med_School/PostDoc/Manuscripts/HML2PopGenManuscript/_audit_2026-09-14/source_call_resolution/broad_graph_recovered/validated_calls/caller_inputs/HML-2_8p23.1c/HG00732_h1_HML-2_8p23.1c_graph_hgsvc3_linked_recovery.fa|d1935b2526d658f207390a05822f1e2ef4ef7615d684f4ddbd4fb107dcd8433d	1	1	NA	NA	NO_EXACT_RETAINED_RECORD				NOT_ASSESSED_NO_EXACT_RETAINED_RECORD				PRESENT	AMR			
HML-2_8p23.1c	HG01352_h2_HML-2_8p23.1c_technical_error	HML-2_8p23.1c	HG01352	h2	Validator_Script	HML-2_8p23.1c|HG01352|h2|none|historical_source/cluster/HML2_project_graph/extracted_sequences/hgsvc3-2024-02-23-mc-chm13/HML-2_8p23.1c/HG01352_h2_HML-2_8p23.1c_graph_hgsvc3-2024-02-23-mc-chm13.fa|8858953197144ded6950edb53a5f54c50f95d032ed61933de6eb0d640ce692d1	1	1	NA	NA	NO_EXACT_RETAINED_RECORD				NOT_ASSESSED_NO_EXACT_RETAINED_RECORD				NONCARRIER_SENTINEL_OBSERVATION	AMR			
HML-2_8p23.1c	HG01457_h2_HML-2_8p23.1c_graph_hgsvc3_linked_recovery	HML-2_8p23.1c	HG01457	h2	HG01457#2#haplotype2-0000117#0:133788876-133798597	HML-2_8p23.1c|HG01457|h2|graph|historical_source/Library/Mobile Documents/com~apple~CloudDocs/Documents/Med_School/PostDoc/Manuscripts/HML2PopGenManuscript/_audit_2026-09-14/source_call_resolution/broad_graph_recovered/validated_calls/caller_inputs/HML-2_8p23.1c/HG01457_h2_HML-2_8p23.1c_graph_hgsvc3_linked_recovery.fa|58da63b2fb71e9053f6e709b0486639b4c6a9df52aaf474ffc3b32c8aa0bb6a3	1	1	NA	NA	NO_EXACT_RETAINED_RECORD				NOT_ASSESSED_NO_EXACT_RETAINED_RECORD				PRESENT	AMR			
HML-2_8p23.1c	HG01890_h2_HML-2_8p23.1c_technical_error	HML-2_8p23.1c	HG01890	h2	Validator_Script	HML-2_8p23.1c|HG01890|h2|none|historical_source/cluster/HML2_project_graph/extracted_sequences/hgsvc3-2024-02-23-mc-chm13/HML-2_8p23.1c/HG01890_h2_HML-2_8p23.1c_graph_hgsvc3-2024-02-23-mc-chm13.fa|66fd5d26dbd6f72a06fc48514588534f649ea3d3023b485b46f865acb392a95f	1	1	NA	NA	NO_EXACT_RETAINED_RECORD				NOT_ASSESSED_NO_EXACT_RETAINED_RECORD				NONCARRIER_SENTINEL_OBSERVATION	AFR			
HML-2_8p23.1c	HG02011_h2_HML-2_8p23.1c_technical_error	HML-2_8p23.1c	HG02011	h2	Validator_Script	HML-2_8p23.1c|HG02011|h2|none|historical_source/cluster/HML2_project_graph/extracted_sequences/hgsvc3-2024-02-23-mc-chm13/HML-2_8p23.1c/HG02011_h2_HML-2_8p23.1c_graph_hgsvc3-2024-02-23-mc-chm13.fa|2529934608b6b7feabd4e49971a248a5ee6ee029fcc853100077aaa5b87f2d8b	1	1	NA	NA	NO_EXACT_RETAINED_RECORD				NOT_ASSESSED_NO_EXACT_RETAINED_RECORD				NONCARRIER_SENTINEL_OBSERVATION	AFR			
HML-2_8p23.1c	HG02282_h1_HML-2_8p23.1c_graph_hgsvc3_linked_recovery	HML-2_8p23.1c	HG02282	h1	HG02282#1#haplotype1-0000034#0:11099783-11109504	HML-2_8p23.1c|HG02282|h1|graph|historical_source/Library/Mobile Documents/com~apple~CloudDocs/Documents/Med_School/PostDoc/Manuscripts/HML2PopGenManuscript/_audit_2026-09-14/source_call_resolution/broad_graph_recovered/validated_calls/caller_inputs/HML-2_8p23.1c/HG02282_h1_HML-2_8p23.1c_graph_hgsvc3_linked_recovery.fa|0dab3545367ffbe320055d8d0e61e377b28db46fec13422cc3cd35c81524e44d	1	1	NA	NA	NO_EXACT_RETAINED_RECORD				NOT_ASSESSED_NO_EXACT_RETAINED_RECORD				PRESENT	AFR			
HML-2_8p23.1c	HG02666_h2_HML-2_8p23.1c_graph_hgsvc3_linked_recovery	HML-2_8p23.1c	HG02666	h2	HG02666#2#haplotype2-0000080#0:11213933-11223653	HML-2_8p23.1c|HG02666|h2|graph|historical_source/Library/Mobile Documents/com~apple~CloudDocs/Documents/Med_School/PostDoc/Manuscripts/HML2PopGenManuscript/_audit_2026-09-14/source_call_resolution/broad_graph_recovered/validated_calls/caller_inputs/HML-2_8p23.1c/HG02666_h2_HML-2_8p23.1c_graph_hgsvc3_linked_recovery.fa|d8ead9416344cc46623c5ec1a79ac0edd4d919e95f67f20c0010ea463e653933	1	1	NA	NA	NO_EXACT_RETAINED_RECORD				NOT_ASSESSED_NO_EXACT_RETAINED_RECORD				PRESENT	AFR			
HML-2_8p23.1c	HG02769_h1_HML-2_8p23.1c_graph_hgsvc3_linked_recovery	HML-2_8p23.1c	HG02769	h1	HG02769#1#haplotype1-0000006#0:12160015-12169736	HML-2_8p23.1c|HG02769|h1|graph|historical_source/Library/Mobile Documents/com~apple~CloudDocs/Documents/Med_School/PostDoc/Manuscripts/HML2PopGenManuscript/_audit_2026-09-14/source_call_resolution/broad_graph_recovered/validated_calls/caller_inputs/HML-2_8p23.1c/HG02769_h1_HML-2_8p23.1c_graph_hgsvc3_linked_recovery.fa|474d2fe5dd8aea2de895ef946e7dc93f3a4a646c8a49574d69e24ce70c6fdcd0	1	1	NA	NA	NO_EXACT_RETAINED_RECORD				NOT_ASSESSED_NO_EXACT_RETAINED_RECORD				PRESENT	AFR			
HML-2_8p23.1c	HG02953_h2_HML-2_8p23.1c_graph_hgsvc3_linked_recovery	HML-2_8p23.1c	HG02953	h2	HG02953#2#haplotype2-0000158#0:11239802-11249523	HML-2_8p23.1c|HG02953|h2|graph|historical_source/Library/Mobile Documents/com~apple~CloudDocs/Documents/Med_School/PostDoc/Manuscripts/HML2PopGenManuscript/_audit_2026-09-14/source_call_resolution/broad_graph_recovered/validated_calls/caller_inputs/HML-2_8p23.1c/HG02953_h2_HML-2_8p23.1c_graph_hgsvc3_linked_recovery.fa|d90510a02e296d4b2a12300762c1dfaa20de83213f6474025aa7c737ba151139	1	1	NA	NA	NO_EXACT_RETAINED_RECORD				NOT_ASSESSED_NO_EXACT_RETAINED_RECORD				PRESENT	AFR			
HML-2_8p23.1c	HG03248_h1_HML-2_8p23.1c_graph_hgsvc3_linked_recovery	HML-2_8p23.1c	HG03248	h1	HG03248#1#haplotype1-0000047#0:135001398-135011114	HML-2_8p23.1c|HG03248|h1|graph|historical_source/Library/Mobile Documents/com~apple~CloudDocs/Documents/Med_School/PostDoc/Manuscripts/HML2PopGenManuscript/_audit_2026-09-14/source_call_resolution/broad_graph_recovered/validated_calls/caller_inputs/HML-2_8p23.1c/HG03248_h1_HML-2_8p23.1c_graph_hgsvc3_linked_recovery.fa|fa88ec7fcf77909a512ffdaee92e286b55ccabb8a4e50ab08ff4e7c31b6b72b6	1	1	NA	NA	NO_EXACT_RETAINED_RECORD				NOT_ASSESSED_NO_EXACT_RETAINED_RECORD				PRESENT	AFR			
HML-2_8p23.1c	HG03371_h1_HML-2_8p23.1c_graph_hgsvc3_linked_recovery	HML-2_8p23.1c	HG03371	h1	HG03371#1#haplotype1-0000003#0:134666649-134676370	HML-2_8p23.1c|HG03371|h1|graph|historical_source/Library/Mobile Documents/com~apple~CloudDocs/Documents/Med_School/PostDoc/Manuscripts/HML2PopGenManuscript/_audit_2026-09-14/source_call_resolution/broad_graph_recovered/validated_calls/caller_inputs/HML-2_8p23.1c/HG03371_h1_HML-2_8p23.1c_graph_hgsvc3_linked_recovery.fa|e9b3759df3de15640b1da5e18c544cca8cbd9ba5417cc566dc61ca4100dabb8d	1	1	NA	NA	NO_EXACT_RETAINED_RECORD				NOT_ASSESSED_NO_EXACT_RETAINED_RECORD				PRESENT	AFR			
HML-2_8p23.1c	HG03452_h2_HML-2_8p23.1c_technical_error	HML-2_8p23.1c	HG03452	h2	Validator_Script	HML-2_8p23.1c|HG03452|h2|none|historical_source/cluster/HML2_project_graph/extracted_sequences/hgsvc3-2024-02-23-mc-chm13/HML-2_8p23.1c/HG03452_h2_HML-2_8p23.1c_graph_hgsvc3-2024-02-23-mc-chm13.fa|138bbf9bc412170cb3843dcb4385e7ea53f0f074e52756dabe64ea12bb522061	1	1	NA	NA	NO_EXACT_RETAINED_RECORD				NOT_ASSESSED_NO_EXACT_RETAINED_RECORD				NONCARRIER_SENTINEL_OBSERVATION	AFR			
HML-2_8p23.1c	HG03456_h2_HML-2_8p23.1c_technical_error	HML-2_8p23.1c	HG03456	h2	Validator_Script	HML-2_8p23.1c|HG03456|h2|none|historical_source/cluster/HML2_project_graph/extracted_sequences/hgsvc3-2024-02-23-mc-chm13/HML-2_8p23.1c/HG03456_h2_HML-2_8p23.1c_graph_hgsvc3-2024-02-23-mc-chm13.fa|462b92dfed8332cf95753ade6361665dd5fe722b7b5820c22c96aa55cd60e2fd	1	1	NA	NA	NO_EXACT_RETAINED_RECORD				NOT_ASSESSED_NO_EXACT_RETAINED_RECORD				NONCARRIER_SENTINEL_OBSERVATION	AFR			
HML-2_8p23.1c	HG03683_h2_HML-2_8p23.1c_technical_error	HML-2_8p23.1c	HG03683	h2	Validator_Script	HML-2_8p23.1c|HG03683|h2|none|historical_source/cluster/HML2_project_graph/extracted_sequences/hgsvc3-2024-02-23-mc-chm13/HML-2_8p23.1c/HG03683_h2_HML-2_8p23.1c_graph_hgsvc3-2024-02-23-mc-chm13.fa|3d60e9e90b36b226f2c5b6fe667b25c191bfd61db3b31fa8d7236e5f215ad5bb	1	1	NA	NA	NO_EXACT_RETAINED_RECORD				NOT_ASSESSED_NO_EXACT_RETAINED_RECORD				NONCARRIER_SENTINEL_OBSERVATION	SAS			
HML-2_8p23.1c	HG04217_h1_HML-2_8p23.1c_graph_hgsvc3_linked_recovery	HML-2_8p23.1c	HG04217	h1	HG04217#1#haplotype1-0000016#0:135518013-135527733	HML-2_8p23.1c|HG04217|h1|graph|historical_source/Library/Mobile Documents/com~apple~CloudDocs/Documents/Med_School/PostDoc/Manuscripts/HML2PopGenManuscript/_audit_2026-09-14/source_call_resolution/broad_graph_recovered/validated_calls/caller_inputs/HML-2_8p23.1c/HG04217_h1_HML-2_8p23.1c_graph_hgsvc3_linked_recovery.fa|0eca88d23f4e09989377a09d39e799dd9c23bcdbee2126e54700d0c60d8e1c4c	1	1	NA	NA	NO_EXACT_RETAINED_RECORD				NOT_ASSESSED_NO_EXACT_RETAINED_RECORD				PRESENT	SAS			
HML-2_8p23.1c	HG04217_h2_HML-2_8p23.1c_technical_error	HML-2_8p23.1c	HG04217	h2	Validator_Script	HML-2_8p23.1c|HG04217|h2|none|historical_source/cluster/HML2_project_graph/extracted_sequences/hgsvc3-2024-02-23-mc-chm13/HML-2_8p23.1c/HG04217_h2_HML-2_8p23.1c_graph_hgsvc3-2024-02-23-mc-chm13.fa|6de32aaffd953b58e77962bac829d81e0fdfd3b11beb3362a395e8c31fd700b0	1	1	NA	NA	NO_EXACT_RETAINED_RECORD				NOT_ASSESSED_NO_EXACT_RETAINED_RECORD				NONCARRIER_SENTINEL_OBSERVATION	SAS			
HML-2_8p23.1c	NA19239_h2_HML-2_8p23.1c_graph_hgsvc3_linked_recovery	HML-2_8p23.1c	NA19239	h2	NA19239#2#haplotype2-0000075#0:134252942-134262662	HML-2_8p23.1c|NA19239|h2|graph|historical_source/Library/Mobile Documents/com~apple~CloudDocs/Documents/Med_School/PostDoc/Manuscripts/HML2PopGenManuscript/_audit_2026-09-14/source_call_resolution/broad_graph_recovered/validated_calls/caller_inputs/HML-2_8p23.1c/NA19239_h2_HML-2_8p23.1c_graph_hgsvc3_linked_recovery.fa|ad2d83a06f6620b7a412dea88a07aae3364af0a78635aa07ebf0a55cc2a65d97	1	1	NA	NA	NO_EXACT_RETAINED_RECORD				NOT_ASSESSED_NO_EXACT_RETAINED_RECORD				PRESENT	AFR			
HML-2_8p23.1c	NA19331_h2_HML-2_8p23.1c_graph_hgsvc3_linked_recovery	HML-2_8p23.1c	NA19331	h2	NA19331#2#haplotype2-0000162#0:133174069-133183788	HML-2_8p23.1c|NA19331|h2|graph|historical_source/Library/Mobile Documents/com~apple~CloudDocs/Documents/Med_School/PostDoc/Manuscripts/HML2PopGenManuscript/_audit_2026-09-14/source_call_resolution/broad_graph_recovered/validated_calls/caller_inputs/HML-2_8p23.1c/NA19331_h2_HML-2_8p23.1c_graph_hgsvc3_linked_recovery.fa|08b0e4c0f6884024122d022b4b1a44aa1c5ad03833eecd4adab26eb5d5341d55	1	1	NA	NA	NO_EXACT_RETAINED_RECORD				NOT_ASSESSED_NO_EXACT_RETAINED_RECORD				PRESENT	AFR			
HML-2_8p23.1c	NA19434_h2_HML-2_8p23.1c_graph_hgsvc3_linked_recovery	HML-2_8p23.1c	NA19434	h2	NA19434#2#haplotype2-0000129#0:11469127-11478841	HML-2_8p23.1c|NA19434|h2|graph|historical_source/Library/Mobile Documents/com~apple~CloudDocs/Documents/Med_School/PostDoc/Manuscripts/HML2PopGenManuscript/_audit_2026-09-14/source_call_resolution/broad_graph_recovered/validated_calls/caller_inputs/HML-2_8p23.1c/NA19434_h2_HML-2_8p23.1c_graph_hgsvc3_linked_recovery.fa|a72842b2f4ef1e9c6d6ada4a3607ef2f009fc4d9b97a0f939c55a9c50fa70d11	1	1	NA	NA	NO_EXACT_RETAINED_RECORD				NOT_ASSESSED_NO_EXACT_RETAINED_RECORD				PRESENT	AFR			
HML-2_8p23.1c	NA19705_h1_HML-2_8p23.1c_graph_hgsvc3_linked_recovery	HML-2_8p23.1c	NA19705	h1	NA19705#1#haplotype1-0000021#0:12145642-12155363	HML-2_8p23.1c|NA19705|h1|graph|historical_source/Library/Mobile Documents/com~apple~CloudDocs/Documents/Med_School/PostDoc/Manuscripts/HML2PopGenManuscript/_audit_2026-09-14/source_call_resolution/broad_graph_recovered/validated_calls/caller_inputs/HML-2_8p23.1c/NA19705_h1_HML-2_8p23.1c_graph_hgsvc3_linked_recovery.fa|694dc19439014fdfb437c7583f6bf1f08bef4c08b7cdaa3d4e06d1fae49f4e91	1	1	NA	NA	NO_EXACT_RETAINED_RECORD				NOT_ASSESSED_NO_EXACT_RETAINED_RECORD				PRESENT	AFR			
HML-2_8p23.1c	NA19836_h2_HML-2_8p23.1c_graph_hgsvc3_linked_recovery	HML-2_8p23.1c	NA19836	h2	NA19836#2#haplotype2-0000110#0:133797189-133806909	HML-2_8p23.1c|NA19836|h2|graph|historical_source/Library/Mobile Documents/com~apple~CloudDocs/Documents/Med_School/PostDoc/Manuscripts/HML2PopGenManuscript/_audit_2026-09-14/source_call_resolution/broad_graph_recovered/validated_calls/caller_inputs/HML-2_8p23.1c/NA19836_h2_HML-2_8p23.1c_graph_hgsvc3_linked_recovery.fa|25c38b227a6c75e772f3fae03779f927350132d7abe94ee62baff738c538facf	1	1	NA	NA	NO_EXACT_RETAINED_RECORD				NOT_ASSESSED_NO_EXACT_RETAINED_RECORD				PRESENT	AFR			
HML-2_8p23.1c	NA19983_h1_HML-2_8p23.1c_graph_hgsvc3_linked_recovery	HML-2_8p23.1c	NA19983	h1	NA19983#1#haplotype1-0000010#0:134324488-134334208	HML-2_8p23.1c|NA19983|h1|graph|historical_source/Library/Mobile Documents/com~apple~CloudDocs/Documents/Med_School/PostDoc/Manuscripts/HML2PopGenManuscript/_audit_2026-09-14/source_call_resolution/broad_graph_recovered/validated_calls/caller_inputs/HML-2_8p23.1c/NA19983_h1_HML-2_8p23.1c_graph_hgsvc3_linked_recovery.fa|a05760681fc8f002e2d61194cb48e9aacf0c4830988393c8eab1df8815db998b	1	1	NA	NA	NO_EXACT_RETAINED_RECORD				NOT_ASSESSED_NO_EXACT_RETAINED_RECORD				PRESENT	AFR			
HML-2_8p23.1c	NA21487_h2_HML-2_8p23.1c_graph_hgsvc3_linked_recovery	HML-2_8p23.1c	NA21487	h2	NA21487#2#haplotype2-0000145#0:11934408-11944129	HML-2_8p23.1c|NA21487|h2|graph|historical_source/Library/Mobile Documents/com~apple~CloudDocs/Documents/Med_School/PostDoc/Manuscripts/HML2PopGenManuscript/_audit_2026-09-14/source_call_resolution/broad_graph_recovered/validated_calls/caller_inputs/HML-2_8p23.1c/NA21487_h2_HML-2_8p23.1c_graph_hgsvc3_linked_recovery.fa|4b411bf13e7888901868b8f3c6a436a53c7927349ab6d78e55efc5af6220e0ac	1	1	NA	NA	NO_EXACT_RETAINED_RECORD				NOT_ASSESSED_NO_EXACT_RETAINED_RECORD				PRESENT	Unassigned			
HML-2_8p23.1d	HG00358_h2_HML-2_8p23.1d_technical_error	HML-2_8p23.1d	HG00358	h2	Validator_Script	HML-2_8p23.1d|HG00358|h2|none|historical_source/cluster/HML2_project_graph/extracted_sequences/hgsvc3-2024-02-23-mc-chm13/HML-2_8p23.1d/HG00358_h2_HML-2_8p23.1d_graph_hgsvc3-2024-02-23-mc-chm13.fa|c25371e4f0bf8731913ecced5112c566bf5cf9c9001a9e2e2e7da4c12d001c23	1	1	NA	NA	NO_EXACT_RETAINED_RECORD				NOT_ASSESSED_NO_EXACT_RETAINED_RECORD				NONCARRIER_SENTINEL_OBSERVATION	EUR			
HML-2_8p23.1d	HG00512_h2_HML-2_8p23.1d_technical_error	HML-2_8p23.1d	HG00512	h2	Validator_Script	HML-2_8p23.1d|HG00512|h2|none|historical_source/cluster/HML2_project_graph/extracted_sequences/hgsvc3-2024-02-23-mc-chm13/HML-2_8p23.1d/HG00512_h2_HML-2_8p23.1d_graph_hgsvc3-2024-02-23-mc-chm13.fa|b81828cfce1f0c3e2709034d6157b9c6a0a04214e008dac9d93cf9eaa73adb10	1	1	NA	NA	NO_EXACT_RETAINED_RECORD				NOT_ASSESSED_NO_EXACT_RETAINED_RECORD				NONCARRIER_SENTINEL_OBSERVATION	EAS			
HML-2_8p23.1d	HG00732_h2_HML-2_8p23.1d_technical_error	HML-2_8p23.1d	HG00732	h2	Validator_Script	HML-2_8p23.1d|HG00732|h2|none|historical_source/cluster/HML2_project_graph/extracted_sequences/hgsvc3-2024-02-23-mc-chm13/HML-2_8p23.1d/HG00732_h2_HML-2_8p23.1d_graph_hgsvc3-2024-02-23-mc-chm13.fa|76214da85b442922bc5313b49f35ce08bcae3bd19fe6decc92004fa512037df9	1	1	NA	NA	NO_EXACT_RETAINED_RECORD				NOT_ASSESSED_NO_EXACT_RETAINED_RECORD				NONCARRIER_SENTINEL_OBSERVATION	AMR			
HML-2_8p23.1d	HG00864_h2_HML-2_8p23.1d_technical_error	HML-2_8p23.1d	HG00864	h2	Validator_Script	HML-2_8p23.1d|HG00864|h2|none|historical_source/cluster/HML2_project_graph/extracted_sequences/hgsvc3-2024-02-23-mc-chm13/HML-2_8p23.1d/HG00864_h2_HML-2_8p23.1d_graph_hgsvc3-2024-02-23-mc-chm13.fa|a9c0ded9a9225148190233a6978d8ae3e1e0421ed21d3922ab25d1df9c7bfdf2	1	1	NA	NA	NO_EXACT_RETAINED_RECORD				NOT_ASSESSED_NO_EXACT_RETAINED_RECORD				NONCARRIER_SENTINEL_OBSERVATION	EAS			
HML-2_8p23.1d	HG02011_h2_HML-2_8p23.1d_technical_error	HML-2_8p23.1d	HG02011	h2	Validator_Script	HML-2_8p23.1d|HG02011|h2|none|historical_source/cluster/HML2_project_graph/extracted_sequences/hgsvc3-2024-02-23-mc-chm13/HML-2_8p23.1d/HG02011_h2_HML-2_8p23.1d_graph_hgsvc3-2024-02-23-mc-chm13.fa|94209b3ec60c5ef1c4f7074c3a6a48ee166f0292aa420cea870f0d1fad2940d5	1	1	NA	NA	NO_EXACT_RETAINED_RECORD				NOT_ASSESSED_NO_EXACT_RETAINED_RECORD				NONCARRIER_SENTINEL_OBSERVATION	AFR			
HML-2_8p23.1d	HG02018_h2_HML-2_8p23.1d_technical_error	HML-2_8p23.1d	HG02018	h2	Validator_Script	HML-2_8p23.1d|HG02018|h2|none|historical_source/cluster/HML2_project_graph/extracted_sequences/hgsvc3-2024-02-23-mc-chm13/HML-2_8p23.1d/HG02018_h2_HML-2_8p23.1d_graph_hgsvc3-2024-02-23-mc-chm13.fa|79b52ff000ea4b91f95084e609c9d08d302604fb6079065fe200af57f7171509	1	1	NA	NA	NO_EXACT_RETAINED_RECORD				NOT_ASSESSED_NO_EXACT_RETAINED_RECORD				NONCARRIER_SENTINEL_OBSERVATION	EAS			
HML-2_8p23.1d	HG02059_h2_HML-2_8p23.1d_technical_error	HML-2_8p23.1d	HG02059	h2	Validator_Script	HML-2_8p23.1d|HG02059|h2|none|historical_source/cluster/HML2_project_graph/extracted_sequences/hgsvc3-2024-02-23-mc-chm13/HML-2_8p23.1d/HG02059_h2_HML-2_8p23.1d_graph_hgsvc3-2024-02-23-mc-chm13.fa|81a7cbcd23d60d77030ebf1fece8352ee31321796a6af8c9eba44684a330c9e6	1	1	NA	NA	NO_EXACT_RETAINED_RECORD				NOT_ASSESSED_NO_EXACT_RETAINED_RECORD				NONCARRIER_SENTINEL_OBSERVATION	EAS			
HML-2_8p23.1d	HG02554_h1_HML-2_8p23.1d_graph_hgsvc3_linked_recovery	HML-2_8p23.1d	HG02554	h1	HG02554#1#haplotype1-0000023#0:138538078-138547801	HML-2_8p23.1d|HG02554|h1|graph|historical_source/Library/Mobile Documents/com~apple~CloudDocs/Documents/Med_School/PostDoc/Manuscripts/HML2PopGenManuscript/_audit_2026-09-14/source_call_resolution/broad_graph_recovered/validated_calls/caller_inputs/HML-2_8p23.1d/HG02554_h1_HML-2_8p23.1d_graph_hgsvc3_linked_recovery.fa|9c2d78212969b40624c809506bae34cfbf22caaf202974de4987a9d2c9734553	1	1	NA	NA	NO_EXACT_RETAINED_RECORD				NOT_ASSESSED_NO_EXACT_RETAINED_RECORD				PRESENT	AFR			
HML-2_8p23.1d	HG02587_h2_HML-2_8p23.1d_technical_error	HML-2_8p23.1d	HG02587	h2	Validator_Script	HML-2_8p23.1d|HG02587|h2|none|historical_source/cluster/HML2_project_graph/extracted_sequences/hgsvc3-2024-02-23-mc-chm13/HML-2_8p23.1d/HG02587_h2_HML-2_8p23.1d_graph_hgsvc3-2024-02-23-mc-chm13.fa|2035ce7152558663d9410e7069b66acf5b7dda39609203bc9cf0c716668fd0d1	1	1	NA	NA	NO_EXACT_RETAINED_RECORD				NOT_ASSESSED_NO_EXACT_RETAINED_RECORD				NONCARRIER_SENTINEL_OBSERVATION	AFR			
HML-2_8p23.1d	HG02666_h2_HML-2_8p23.1d_technical_error	HML-2_8p23.1d	HG02666	h2	Validator_Script	HML-2_8p23.1d|HG02666|h2|none|historical_source/cluster/HML2_project_graph/extracted_sequences/hgsvc3-2024-02-23-mc-chm13/HML-2_8p23.1d/HG02666_h2_HML-2_8p23.1d_graph_hgsvc3-2024-02-23-mc-chm13.fa|e353a610148fa005902843e0acf4576c078c1b6b6aa54035ae3aa58f4e587235	1	1	NA	NA	NO_EXACT_RETAINED_RECORD				NOT_ASSESSED_NO_EXACT_RETAINED_RECORD				NONCARRIER_SENTINEL_OBSERVATION	AFR			
HML-2_8p23.1d	HG02769_h2_HML-2_8p23.1d_technical_error	HML-2_8p23.1d	HG02769	h2	Validator_Script	HML-2_8p23.1d|HG02769|h2|none|historical_source/cluster/HML2_project_graph/extracted_sequences/hgsvc3-2024-02-23-mc-chm13/HML-2_8p23.1d/HG02769_h2_HML-2_8p23.1d_graph_hgsvc3-2024-02-23-mc-chm13.fa|354aed95fb5a7ef92fefb126db7b30bf39ca48ef9d81f9dedfafdfd923db48cb	1	1	NA	NA	NO_EXACT_RETAINED_RECORD				NOT_ASSESSED_NO_EXACT_RETAINED_RECORD				NONCARRIER_SENTINEL_OBSERVATION	AFR			
HML-2_8p23.1d	HG02953_h2_HML-2_8p23.1d_technical_error	HML-2_8p23.1d	HG02953	h2	Validator_Script	HML-2_8p23.1d|HG02953|h2|none|historical_source/cluster/HML2_project_graph/extracted_sequences/hgsvc3-2024-02-23-mc-chm13/HML-2_8p23.1d/HG02953_h2_HML-2_8p23.1d_graph_hgsvc3-2024-02-23-mc-chm13.fa|f5ebd92351b32348a436471927bcc04826cd3c1d518f0bc69a8f96e984d1c401	1	1	NA	NA	NO_EXACT_RETAINED_RECORD				NOT_ASSESSED_NO_EXACT_RETAINED_RECORD				NONCARRIER_SENTINEL_OBSERVATION	AFR			
HML-2_8p23.1d	HG03065_h2_HML-2_8p23.1d_technical_error	HML-2_8p23.1d	HG03065	h2	Validator_Script	HML-2_8p23.1d|HG03065|h2|none|historical_source/cluster/HML2_project_graph/extracted_sequences/hgsvc3-2024-02-23-mc-chm13/HML-2_8p23.1d/HG03065_h2_HML-2_8p23.1d_graph_hgsvc3-2024-02-23-mc-chm13.fa|699de92ad5db803b36a41a1de6bb8b3b3c69355745d74aa5e55c3140e49da724	1	1	NA	NA	NO_EXACT_RETAINED_RECORD				NOT_ASSESSED_NO_EXACT_RETAINED_RECORD				NONCARRIER_SENTINEL_OBSERVATION	AFR			
HML-2_8p23.1d	HG03248_h2_HML-2_8p23.1d_technical_error	HML-2_8p23.1d	HG03248	h2	Validator_Script	HML-2_8p23.1d|HG03248|h2|none|historical_source/cluster/HML2_project_graph/extracted_sequences/hgsvc3-2024-02-23-mc-chm13/HML-2_8p23.1d/HG03248_h2_HML-2_8p23.1d_graph_hgsvc3-2024-02-23-mc-chm13.fa|bc86730665d5e1b5c9b2a2789f1b62c3208e37282404611576fde630bb283370	1	1	NA	NA	NO_EXACT_RETAINED_RECORD				NOT_ASSESSED_NO_EXACT_RETAINED_RECORD				NONCARRIER_SENTINEL_OBSERVATION	AFR			
HML-2_8p23.1d	HG03452_h1_HML-2_8p23.1d_graph_hgsvc3_linked_recovery	HML-2_8p23.1d	HG03452	h1	HG03452#1#haplotype1-0000003#0:138456693-138466436	HML-2_8p23.1d|HG03452|h1|graph|historical_source/Library/Mobile Documents/com~apple~CloudDocs/Documents/Med_School/PostDoc/Manuscripts/HML2PopGenManuscript/_audit_2026-09-14/source_call_resolution/broad_graph_recovered/validated_calls/caller_inputs/HML-2_8p23.1d/HG03452_h1_HML-2_8p23.1d_graph_hgsvc3_linked_recovery.fa|66611012d7acee62e00c7344dfe16d552faece300b22f3062810d834915c5f1f	1	1	NA	NA	NO_EXACT_RETAINED_RECORD				NOT_ASSESSED_NO_EXACT_RETAINED_RECORD				PRESENT	AFR			
HML-2_8p23.1d	HG03452_h2_HML-2_8p23.1d_technical_error	HML-2_8p23.1d	HG03452	h2	Validator_Script	HML-2_8p23.1d|HG03452|h2|none|historical_source/cluster/HML2_project_graph/extracted_sequences/hgsvc3-2024-02-23-mc-chm13/HML-2_8p23.1d/HG03452_h2_HML-2_8p23.1d_graph_hgsvc3-2024-02-23-mc-chm13.fa|d6a1fe14721957e2f99e9b00487d4bfcba196700b506e5c8ea6f59bb67267c84	1	1	NA	NA	NO_EXACT_RETAINED_RECORD				NOT_ASSESSED_NO_EXACT_RETAINED_RECORD				NONCARRIER_SENTINEL_OBSERVATION	AFR			
HML-2_8p23.1d	HG03456_h2_HML-2_8p23.1d_technical_error	HML-2_8p23.1d	HG03456	h2	Validator_Script	HML-2_8p23.1d|HG03456|h2|none|historical_source/cluster/HML2_project_graph/extracted_sequences/hgsvc3-2024-02-23-mc-chm13/HML-2_8p23.1d/HG03456_h2_HML-2_8p23.1d_graph_hgsvc3-2024-02-23-mc-chm13.fa|18c96d9a56ef261ae4e52a338f1af352c862bff1bd29fe2b00d015881da7cd42	1	1	NA	NA	NO_EXACT_RETAINED_RECORD				NOT_ASSESSED_NO_EXACT_RETAINED_RECORD				NONCARRIER_SENTINEL_OBSERVATION	AFR			
HML-2_8p23.1d	HG03520_h2_HML-2_8p23.1d_technical_error	HML-2_8p23.1d	HG03520	h2	Validator_Script	HML-2_8p23.1d|HG03520|h2|none|historical_source/cluster/HML2_project_graph/extracted_sequences/hgsvc3-2024-02-23-mc-chm13/HML-2_8p23.1d/HG03520_h2_HML-2_8p23.1d_graph_hgsvc3-2024-02-23-mc-chm13.fa|478bab8077d8e1f5134369dc359ce1de49006f8ceb2ae4b889f1824882745d8a	1	1	NA	NA	NO_EXACT_RETAINED_RECORD				NOT_ASSESSED_NO_EXACT_RETAINED_RECORD				NONCARRIER_SENTINEL_OBSERVATION	AFR			
HML-2_8p23.1d	HG03683_h2_HML-2_8p23.1d_technical_error	HML-2_8p23.1d	HG03683	h2	Validator_Script	HML-2_8p23.1d|HG03683|h2|none|historical_source/cluster/HML2_project_graph/extracted_sequences/hgsvc3-2024-02-23-mc-chm13/HML-2_8p23.1d/HG03683_h2_HML-2_8p23.1d_graph_hgsvc3-2024-02-23-mc-chm13.fa|2c72c5d32222e64cf7bcd0d438636eeb28805ed1c772242d9e485467b3104d4e	1	1	NA	NA	NO_EXACT_RETAINED_RECORD				NOT_ASSESSED_NO_EXACT_RETAINED_RECORD				NONCARRIER_SENTINEL_OBSERVATION	SAS			
HML-2_8p23.1d	HG03807_h2_HML-2_8p23.1d_technical_error	HML-2_8p23.1d	HG03807	h2	Validator_Script	HML-2_8p23.1d|HG03807|h2|none|historical_source/cluster/HML2_project_graph/extracted_sequences/hgsvc3-2024-02-23-mc-chm13/HML-2_8p23.1d/HG03807_h2_HML-2_8p23.1d_graph_hgsvc3-2024-02-23-mc-chm13.fa|d38838e6cb4ede87131e3819999576343b5a1822d4b9e288ed8bc4ce63df9f65	1	1	NA	NA	NO_EXACT_RETAINED_RECORD				NOT_ASSESSED_NO_EXACT_RETAINED_RECORD				NONCARRIER_SENTINEL_OBSERVATION	SAS			
HML-2_8p23.1d	HG04036_h2_HML-2_8p23.1d_technical_error	HML-2_8p23.1d	HG04036	h2	Validator_Script	HML-2_8p23.1d|HG04036|h2|none|historical_source/cluster/HML2_project_graph/extracted_sequences/hgsvc3-2024-02-23-mc-chm13/HML-2_8p23.1d/HG04036_h2_HML-2_8p23.1d_graph_hgsvc3-2024-02-23-mc-chm13.fa|257dd52210fc622082d99b6e06dbb790f40317dba6cc93c841303a9b440eac38	1	1	NA	NA	NO_EXACT_RETAINED_RECORD				NOT_ASSESSED_NO_EXACT_RETAINED_RECORD				NONCARRIER_SENTINEL_OBSERVATION	SAS			
HML-2_8p23.1d	NA18534_h2_HML-2_8p23.1d_technical_error	HML-2_8p23.1d	NA18534	h2	Validator_Script	HML-2_8p23.1d|NA18534|h2|none|historical_source/cluster/HML2_project_graph/extracted_sequences/hgsvc3-2024-02-23-mc-chm13/HML-2_8p23.1d/NA18534_h2_HML-2_8p23.1d_graph_hgsvc3-2024-02-23-mc-chm13.fa|2ed702c5fa183294df8f8f33bf9778bdd31627b6b16ce98eb5e62984eecb38b0	1	1	NA	NA	NO_EXACT_RETAINED_RECORD				NOT_ASSESSED_NO_EXACT_RETAINED_RECORD				NONCARRIER_SENTINEL_OBSERVATION	EAS			
HML-2_8p23.1d	NA18939_h2_HML-2_8p23.1d_technical_error	HML-2_8p23.1d	NA18939	h2	Validator_Script	HML-2_8p23.1d|NA18939|h2|none|historical_source/cluster/HML2_project_graph/extracted_sequences/hgsvc3-2024-02-23-mc-chm13/HML-2_8p23.1d/NA18939_h2_HML-2_8p23.1d_graph_hgsvc3-2024-02-23-mc-chm13.fa|0bc575c639ae0b151621c908af143ebf0ab60e82f08113e592e330e9a52e9029	1	1	NA	NA	NO_EXACT_RETAINED_RECORD				NOT_ASSESSED_NO_EXACT_RETAINED_RECORD				NONCARRIER_SENTINEL_OBSERVATION	EAS			
HML-2_8p23.1d	NA19129_h2_HML-2_8p23.1d_technical_error	HML-2_8p23.1d	NA19129	h2	Validator_Script	HML-2_8p23.1d|NA19129|h2|none|historical_source/cluster/HML2_project_graph/extracted_sequences/hgsvc3-2024-02-23-mc-chm13/HML-2_8p23.1d/NA19129_h2_HML-2_8p23.1d_graph_hgsvc3-2024-02-23-mc-chm13.fa|1681ea7880e2cc12285cda5ed18e6cdaa96887414638f8028d6b447f2a6fb312	1	1	NA	NA	NO_EXACT_RETAINED_RECORD				NOT_ASSESSED_NO_EXACT_RETAINED_RECORD				NONCARRIER_SENTINEL_OBSERVATION	AFR			
HML-2_8p23.1d	NA19347_h2_HML-2_8p23.1d_graph_hgsvc3_linked_recovery	HML-2_8p23.1d	NA19347	h2	NA19347#2#haplotype2-0000082#0:139532230-139541967	HML-2_8p23.1d|NA19347|h2|graph|historical_source/Library/Mobile Documents/com~apple~CloudDocs/Documents/Med_School/PostDoc/Manuscripts/HML2PopGenManuscript/_audit_2026-09-14/source_call_resolution/broad_graph_recovered/validated_calls/caller_inputs/HML-2_8p23.1d/NA19347_h2_HML-2_8p23.1d_graph_hgsvc3_linked_recovery.fa|3d5bc2bb85b2e1f6de542d1b77307821611d1de0b2e76bfb463c2ee1a4268055	1	1	NA	NA	NO_EXACT_RETAINED_RECORD				NOT_ASSESSED_NO_EXACT_RETAINED_RECORD				PRESENT	AFR			
HML-2_8p23.1d	NA19434_h2_HML-2_8p23.1d_technical_error	HML-2_8p23.1d	NA19434	h2	Validator_Script	HML-2_8p23.1d|NA19434|h2|none|historical_source/cluster/HML2_project_graph/extracted_sequences/hgsvc3-2024-02-23-mc-chm13/HML-2_8p23.1d/NA19434_h2_HML-2_8p23.1d_graph_hgsvc3-2024-02-23-mc-chm13.fa|bfa643beeba3a5cf4ce49517892aa80380cdd6cfdbd9546cbac7cd0209a45d15	1	1	NA	NA	NO_EXACT_RETAINED_RECORD				NOT_ASSESSED_NO_EXACT_RETAINED_RECORD				NONCARRIER_SENTINEL_OBSERVATION	AFR			
HML-2_8p23.1d	NA19705_h2_HML-2_8p23.1d_graph_hgsvc3_linked_recovery	HML-2_8p23.1d	NA19705	h2	NA19705#2#haplotype2-0000097#0:138225965-138235708	HML-2_8p23.1d|NA19705|h2|graph|historical_source/Library/Mobile Documents/com~apple~CloudDocs/Documents/Med_School/PostDoc/Manuscripts/HML2PopGenManuscript/_audit_2026-09-14/source_call_resolution/broad_graph_recovered/validated_calls/caller_inputs/HML-2_8p23.1d/NA19705_h2_HML-2_8p23.1d_graph_hgsvc3_linked_recovery.fa|a2f6460d18bf44e7d8b3ce5ceb88fbf6f1745249dd416046f9b2c061c593fa91	1	1	NA	NA	NO_EXACT_RETAINED_RECORD				NOT_ASSESSED_NO_EXACT_RETAINED_RECORD				PRESENT	AFR			
HML-2_8p23.1d	NA19836_h2_HML-2_8p23.1d_technical_error	HML-2_8p23.1d	NA19836	h2	Validator_Script	HML-2_8p23.1d|NA19836|h2|none|historical_source/cluster/HML2_project_graph/extracted_sequences/hgsvc3-2024-02-23-mc-chm13/HML-2_8p23.1d/NA19836_h2_HML-2_8p23.1d_graph_hgsvc3-2024-02-23-mc-chm13.fa|22601caf5d7354c308561ad90176534b67e90a6a586823abfe9e719e04b3d7bb	1	1	NA	NA	NO_EXACT_RETAINED_RECORD				NOT_ASSESSED_NO_EXACT_RETAINED_RECORD				NONCARRIER_SENTINEL_OBSERVATION	AFR			
HML-2_8p23.1d	NA19983_h2_HML-2_8p23.1d_technical_error	HML-2_8p23.1d	NA19983	h2	Validator_Script	HML-2_8p23.1d|NA19983|h2|none|historical_source/cluster/HML2_project_graph/extracted_sequences/hgsvc3-2024-02-23-mc-chm13/HML-2_8p23.1d/NA19983_h2_HML-2_8p23.1d_graph_hgsvc3-2024-02-23-mc-chm13.fa|9d4dbeb4b2311f5f29ae5df0befc4b9226054c5a6fe375d766dbeb5e25f43c27	1	1	NA	NA	NO_EXACT_RETAINED_RECORD				NOT_ASSESSED_NO_EXACT_RETAINED_RECORD				NONCARRIER_SENTINEL_OBSERVATION	AFR			
HML-2_8p23.1d	NA20355_h2_HML-2_8p23.1d_graph_hgsvc3_linked_recovery	HML-2_8p23.1d	NA20355	h2	NA20355#2#haplotype2-0000188#0:7521524-7531267	HML-2_8p23.1d|NA20355|h2|graph|historical_source/Library/Mobile Documents/com~apple~CloudDocs/Documents/Med_School/PostDoc/Manuscripts/HML2PopGenManuscript/_audit_2026-09-14/source_call_resolution/broad_graph_recovered/validated_calls/caller_inputs/HML-2_8p23.1d/NA20355_h2_HML-2_8p23.1d_graph_hgsvc3_linked_recovery.fa|fc9954dc4d0582ccad21a57e5b3033942de34a5ccf328b2190bdf51133c169ab	1	1	NA	NA	NO_EXACT_RETAINED_RECORD				NOT_ASSESSED_NO_EXACT_RETAINED_RECORD				PRESENT	AFR			
HML-2_8p23.1d	NA20509_h2_HML-2_8p23.1d_technical_error	HML-2_8p23.1d	NA20509	h2	Validator_Script	HML-2_8p23.1d|NA20509|h2|none|historical_source/cluster/HML2_project_graph/extracted_sequences/hgsvc3-2024-02-23-mc-chm13/HML-2_8p23.1d/NA20509_h2_HML-2_8p23.1d_graph_hgsvc3-2024-02-23-mc-chm13.fa|2c1add5b109875199d0ff4c698afdbfd7984d8970fdd3fbf545eea1e4bb3e685	1	1	NA	NA	NO_EXACT_RETAINED_RECORD				NOT_ASSESSED_NO_EXACT_RETAINED_RECORD				NONCARRIER_SENTINEL_OBSERVATION	EUR			
HML-2_8p23.1d	NA20847_h2_HML-2_8p23.1d_technical_error	HML-2_8p23.1d	NA20847	h2	Validator_Script	HML-2_8p23.1d|NA20847|h2|none|historical_source/cluster/HML2_project_graph/extracted_sequences/hgsvc3-2024-02-23-mc-chm13/HML-2_8p23.1d/NA20847_h2_HML-2_8p23.1d_graph_hgsvc3-2024-02-23-mc-chm13.fa|d1c08f26a1c7902dc2af2a14612c9e39128d34d1bb688a2f72094824e6d82ee5	1	1	NA	NA	NO_EXACT_RETAINED_RECORD				NOT_ASSESSED_NO_EXACT_RETAINED_RECORD				NONCARRIER_SENTINEL_OBSERVATION	SAS			
HML-2_8p23.1d	NA21487_h2_HML-2_8p23.1d_technical_error	HML-2_8p23.1d	NA21487	h2	Validator_Script	HML-2_8p23.1d|NA21487|h2|none|historical_source/cluster/HML2_project_graph/extracted_sequences/hgsvc3-2024-02-23-mc-chm13/HML-2_8p23.1d/NA21487_h2_HML-2_8p23.1d_graph_hgsvc3-2024-02-23-mc-chm13.fa|632c22821c614507aacdc17237d10d9085e3f87f6d5c4916eb69c9321799838c	1	1	NA	NA	NO_EXACT_RETAINED_RECORD				NOT_ASSESSED_NO_EXACT_RETAINED_RECORD				NONCARRIER_SENTINEL_OBSERVATION	Unassigned			
HML-2_8p23.1e	HG00096_h2_HML-2_8p23.1e_technical_error	HML-2_8p23.1e	HG00096	h2	Validator_Script	HML-2_8p23.1e|HG00096|h2|none|historical_source/cluster/HML2_project_graph/extracted_sequences/hgsvc3-2024-02-23-mc-chm13/HML-2_8p23.1e/HG00096_h2_HML-2_8p23.1e_graph_hgsvc3-2024-02-23-mc-chm13.fa|47df45be53f37abac6b63d2e2027115d5e0a5c2111119e2b79590987ff7d6290	1	1	NA	NA	NO_EXACT_RETAINED_RECORD				NOT_ASSESSED_NO_EXACT_RETAINED_RECORD				NONCARRIER_SENTINEL_OBSERVATION	EUR			
HML-2_8p23.1e	HG00358_h2_HML-2_8p23.1e_technical_error	HML-2_8p23.1e	HG00358	h2	Validator_Script	HML-2_8p23.1e|HG00358|h2|none|historical_source/cluster/HML2_project_graph/extracted_sequences/hgsvc3-2024-02-23-mc-chm13/HML-2_8p23.1e/HG00358_h2_HML-2_8p23.1e_graph_hgsvc3-2024-02-23-mc-chm13.fa|1962aa54404938747c7d60a8c9b40db4f79d0c8df48262ffceed055b2f6ef709	1	1	NA	NA	NO_EXACT_RETAINED_RECORD				NOT_ASSESSED_NO_EXACT_RETAINED_RECORD				NONCARRIER_SENTINEL_OBSERVATION	EUR			
HML-2_8p23.1e	HG00512_h2_HML-2_8p23.1e_technical_error	HML-2_8p23.1e	HG00512	h2	Validator_Script	HML-2_8p23.1e|HG00512|h2|none|historical_source/cluster/HML2_project_graph/extracted_sequences/hgsvc3-2024-02-23-mc-chm13/HML-2_8p23.1e/HG00512_h2_HML-2_8p23.1e_graph_hgsvc3-2024-02-23-mc-chm13.fa|27f17fcfff84ed251bd0295625cd74b0c4a17d6bcda39cc7c51ab3f94d9d5c2b	1	1	NA	NA	NO_EXACT_RETAINED_RECORD				NOT_ASSESSED_NO_EXACT_RETAINED_RECORD				NONCARRIER_SENTINEL_OBSERVATION	EAS			
HML-2_8p23.1e	HG00732_h2_HML-2_8p23.1e_technical_error	HML-2_8p23.1e	HG00732	h2	Validator_Script	HML-2_8p23.1e|HG00732|h2|none|historical_source/cluster/HML2_project_graph/extracted_sequences/hgsvc3-2024-02-23-mc-chm13/HML-2_8p23.1e/HG00732_h2_HML-2_8p23.1e_graph_hgsvc3-2024-02-23-mc-chm13.fa|9705a7e1a60514849c8f59031b5862927efe4cb3d4b001b8ee57abe4c5d4162c	1	1	NA	NA	NO_EXACT_RETAINED_RECORD				NOT_ASSESSED_NO_EXACT_RETAINED_RECORD				NONCARRIER_SENTINEL_OBSERVATION	AMR			
HML-2_8p23.1e	HG00864_h2_HML-2_8p23.1e_technical_error	HML-2_8p23.1e	HG00864	h2	Validator_Script	HML-2_8p23.1e|HG00864|h2|none|historical_source/cluster/HML2_project_graph/extracted_sequences/hgsvc3-2024-02-23-mc-chm13/HML-2_8p23.1e/HG00864_h2_HML-2_8p23.1e_graph_hgsvc3-2024-02-23-mc-chm13.fa|426e2e5816b15afcab9048f324f06e2fc1693980d5b4106049d1880c0fad5750	1	1	NA	NA	NO_EXACT_RETAINED_RECORD				NOT_ASSESSED_NO_EXACT_RETAINED_RECORD				NONCARRIER_SENTINEL_OBSERVATION	EAS			
HML-2_8p23.1e	HG01457_h2_HML-2_8p23.1e_technical_error	HML-2_8p23.1e	HG01457	h2	Validator_Script	HML-2_8p23.1e|HG01457|h2|none|historical_source/cluster/HML2_project_graph/extracted_sequences/hgsvc3-2024-02-23-mc-chm13/HML-2_8p23.1e/HG01457_h2_HML-2_8p23.1e_graph_hgsvc3-2024-02-23-mc-chm13.fa|c49ec861fa5d86a9e368586fc934ad258a3d6e461b88ac6462184e3b7819b74c	1	1	NA	NA	NO_EXACT_RETAINED_RECORD				NOT_ASSESSED_NO_EXACT_RETAINED_RECORD				NONCARRIER_SENTINEL_OBSERVATION	AMR			
HML-2_8p23.1e	HG01505_h2_HML-2_8p23.1e_technical_error	HML-2_8p23.1e	HG01505	h2	Validator_Script	HML-2_8p23.1e|HG01505|h2|none|historical_source/cluster/HML2_project_graph/extracted_sequences/hgsvc3-2024-02-23-mc-chm13/HML-2_8p23.1e/HG01505_h2_HML-2_8p23.1e_graph_hgsvc3-2024-02-23-mc-chm13.fa|2c5f260e529152f614e5c6608afd64f938f06588eb63a275061dc453a9ce280e	1	1	NA	NA	NO_EXACT_RETAINED_RECORD				NOT_ASSESSED_NO_EXACT_RETAINED_RECORD				NONCARRIER_SENTINEL_OBSERVATION	EUR			
HML-2_8p23.1e	HG01596_h2_HML-2_8p23.1e_technical_error	HML-2_8p23.1e	HG01596	h2	Validator_Script	HML-2_8p23.1e|HG01596|h2|none|historical_source/cluster/HML2_project_graph/extracted_sequences/hgsvc3-2024-02-23-mc-chm13/HML-2_8p23.1e/HG01596_h2_HML-2_8p23.1e_graph_hgsvc3-2024-02-23-mc-chm13.fa|16363bc9b9d5ff4aae14adcfa2a6e354e3434aeb50eda0766d1f35bb353ffcd8	1	1	NA	NA	NO_EXACT_RETAINED_RECORD				NOT_ASSESSED_NO_EXACT_RETAINED_RECORD				NONCARRIER_SENTINEL_OBSERVATION	EAS			
HML-2_8p23.1e	HG01890_h2_HML-2_8p23.1e_technical_error	HML-2_8p23.1e	HG01890	h2	Validator_Script	HML-2_8p23.1e|HG01890|h2|none|historical_source/cluster/HML2_project_graph/extracted_sequences/hgsvc3-2024-02-23-mc-chm13/HML-2_8p23.1e/HG01890_h2_HML-2_8p23.1e_graph_hgsvc3-2024-02-23-mc-chm13.fa|d80154fe1d919ccb27539add7023b379ec87ebc2a0208da4f59b8a37729309ba	1	1	NA	NA	NO_EXACT_RETAINED_RECORD				NOT_ASSESSED_NO_EXACT_RETAINED_RECORD				NONCARRIER_SENTINEL_OBSERVATION	AFR			
HML-2_8p23.1e	HG02011_h2_HML-2_8p23.1e_technical_error	HML-2_8p23.1e	HG02011	h2	Validator_Script	HML-2_8p23.1e|HG02011|h2|none|historical_source/cluster/HML2_project_graph/extracted_sequences/hgsvc3-2024-02-23-mc-chm13/HML-2_8p23.1e/HG02011_h2_HML-2_8p23.1e_graph_hgsvc3-2024-02-23-mc-chm13.fa|229fe5b83a5d7d9ae66949ec4257269bf906019752eb9ed3b2629454eb3880e6	1	1	NA	NA	NO_EXACT_RETAINED_RECORD				NOT_ASSESSED_NO_EXACT_RETAINED_RECORD				NONCARRIER_SENTINEL_OBSERVATION	AFR			
HML-2_8p23.1e	HG02018_h2_HML-2_8p23.1e_technical_error	HML-2_8p23.1e	HG02018	h2	Validator_Script	HML-2_8p23.1e|HG02018|h2|none|historical_source/cluster/HML2_project_graph/extracted_sequences/hgsvc3-2024-02-23-mc-chm13/HML-2_8p23.1e/HG02018_h2_HML-2_8p23.1e_graph_hgsvc3-2024-02-23-mc-chm13.fa|acd1cbf4db30f59853743ec9a5489ef9f0bb7f5d3d5c9887db310a15a6bd00af	1	1	NA	NA	NO_EXACT_RETAINED_RECORD				NOT_ASSESSED_NO_EXACT_RETAINED_RECORD				NONCARRIER_SENTINEL_OBSERVATION	EAS			
HML-2_8p23.1e	HG02059_h2_HML-2_8p23.1e_technical_error	HML-2_8p23.1e	HG02059	h2	Validator_Script	HML-2_8p23.1e|HG02059|h2|none|historical_source/cluster/HML2_project_graph/extracted_sequences/hgsvc3-2024-02-23-mc-chm13/HML-2_8p23.1e/HG02059_h2_HML-2_8p23.1e_graph_hgsvc3-2024-02-23-mc-chm13.fa|2e7c4300d6337256c399407a63a64cb6389a2442683570811d000a80df270efd	1	1	NA	NA	NO_EXACT_RETAINED_RECORD				NOT_ASSESSED_NO_EXACT_RETAINED_RECORD				NONCARRIER_SENTINEL_OBSERVATION	EAS			
HML-2_8p23.1e	HG02282_h2_HML-2_8p23.1e_technical_error	HML-2_8p23.1e	HG02282	h2	Validator_Script	HML-2_8p23.1e|HG02282|h2|none|historical_source/cluster/HML2_project_graph/extracted_sequences/hgsvc3-2024-02-23-mc-chm13/HML-2_8p23.1e/HG02282_h2_HML-2_8p23.1e_graph_hgsvc3-2024-02-23-mc-chm13.fa|2260a6947a7f4207c1f62fd25920918cf429adacbdb17330111196480079704b	1	1	NA	NA	NO_EXACT_RETAINED_RECORD				NOT_ASSESSED_NO_EXACT_RETAINED_RECORD				NONCARRIER_SENTINEL_OBSERVATION	AFR			
HML-2_8p23.1e	HG02587_h2_HML-2_8p23.1e_technical_error	HML-2_8p23.1e	HG02587	h2	Validator_Script	HML-2_8p23.1e|HG02587|h2|none|historical_source/cluster/HML2_project_graph/extracted_sequences/hgsvc3-2024-02-23-mc-chm13/HML-2_8p23.1e/HG02587_h2_HML-2_8p23.1e_graph_hgsvc3-2024-02-23-mc-chm13.fa|bdc16b3daf120c2b9b3b1ba9f3ef4383680dad99340808073a4bd9ce843e2d06	1	1	NA	NA	NO_EXACT_RETAINED_RECORD				NOT_ASSESSED_NO_EXACT_RETAINED_RECORD				NONCARRIER_SENTINEL_OBSERVATION	AFR			
HML-2_8p23.1e	HG02666_h2_HML-2_8p23.1e_technical_error	HML-2_8p23.1e	HG02666	h2	Validator_Script	HML-2_8p23.1e|HG02666|h2|none|historical_source/cluster/HML2_project_graph/extracted_sequences/hgsvc3-2024-02-23-mc-chm13/HML-2_8p23.1e/HG02666_h2_HML-2_8p23.1e_graph_hgsvc3-2024-02-23-mc-chm13.fa|66936431892c2b669287327926f143c3cd5500563b79db491d02738c188fa03d	1	1	NA	NA	NO_EXACT_RETAINED_RECORD				NOT_ASSESSED_NO_EXACT_RETAINED_RECORD				NONCARRIER_SENTINEL_OBSERVATION	AFR			
HML-2_8p23.1e	HG02769_h2_HML-2_8p23.1e_technical_error	HML-2_8p23.1e	HG02769	h2	Validator_Script	HML-2_8p23.1e|HG02769|h2|none|historical_source/cluster/HML2_project_graph/extracted_sequences/hgsvc3-2024-02-23-mc-chm13/HML-2_8p23.1e/HG02769_h2_HML-2_8p23.1e_graph_hgsvc3-2024-02-23-mc-chm13.fa|4736b5e95c9b1e8d9753f7b0a2225ba685b398a7508c781c9eac7cd92eecb37d	1	1	NA	NA	NO_EXACT_RETAINED_RECORD				NOT_ASSESSED_NO_EXACT_RETAINED_RECORD				NONCARRIER_SENTINEL_OBSERVATION	AFR			
HML-2_8p23.1e	HG02953_h2_HML-2_8p23.1e_technical_error	HML-2_8p23.1e	HG02953	h2	Validator_Script	HML-2_8p23.1e|HG02953|h2|none|historical_source/cluster/HML2_project_graph/extracted_sequences/hgsvc3-2024-02-23-mc-chm13/HML-2_8p23.1e/HG02953_h2_HML-2_8p23.1e_graph_hgsvc3-2024-02-23-mc-chm13.fa|fa2a655e28e06eded53e2b89e3ab15c82c90b713a0c2b6af36deb4b7855451b3	1	1	NA	NA	NO_EXACT_RETAINED_RECORD				NOT_ASSESSED_NO_EXACT_RETAINED_RECORD				NONCARRIER_SENTINEL_OBSERVATION	AFR			
HML-2_8p23.1e	HG03009_h2_HML-2_8p23.1e_technical_error	HML-2_8p23.1e	HG03009	h2	Validator_Script	HML-2_8p23.1e|HG03009|h2|none|historical_source/cluster/HML2_project_graph/extracted_sequences/hgsvc3-2024-02-23-mc-chm13/HML-2_8p23.1e/HG03009_h2_HML-2_8p23.1e_graph_hgsvc3-2024-02-23-mc-chm13.fa|688fbeaebf0411cb98b1de8f756afa4fb0d47fbb63771616ece88524214efd1d	1	1	NA	NA	NO_EXACT_RETAINED_RECORD				NOT_ASSESSED_NO_EXACT_RETAINED_RECORD				NONCARRIER_SENTINEL_OBSERVATION	SAS			
HML-2_8p23.1e	HG03065_h2_HML-2_8p23.1e_technical_error	HML-2_8p23.1e	HG03065	h2	Validator_Script	HML-2_8p23.1e|HG03065|h2|none|historical_source/cluster/HML2_project_graph/extracted_sequences/hgsvc3-2024-02-23-mc-chm13/HML-2_8p23.1e/HG03065_h2_HML-2_8p23.1e_graph_hgsvc3-2024-02-23-mc-chm13.fa|ad8858336f826c297cf137120a76d6dfb370928bce2cc275efdd159541e6eb0c	1	1	NA	NA	NO_EXACT_RETAINED_RECORD				NOT_ASSESSED_NO_EXACT_RETAINED_RECORD				NONCARRIER_SENTINEL_OBSERVATION	AFR			
HML-2_8p23.1e	HG03248_h2_HML-2_8p23.1e_technical_error	HML-2_8p23.1e	HG03248	h2	Validator_Script	HML-2_8p23.1e|HG03248|h2|none|historical_source/cluster/HML2_project_graph/extracted_sequences/hgsvc3-2024-02-23-mc-chm13/HML-2_8p23.1e/HG03248_h2_HML-2_8p23.1e_graph_hgsvc3-2024-02-23-mc-chm13.fa|6d9dd01ad172327696bc0cf72b2cae5a0706b6c97115f94f4180ce4ce5a346ab	1	1	NA	NA	NO_EXACT_RETAINED_RECORD				NOT_ASSESSED_NO_EXACT_RETAINED_RECORD				NONCARRIER_SENTINEL_OBSERVATION	AFR			
HML-2_8p23.1e	HG03371_h2_HML-2_8p23.1e_technical_error	HML-2_8p23.1e	HG03371	h2	Validator_Script	HML-2_8p23.1e|HG03371|h2|none|historical_source/cluster/HML2_project_graph/extracted_sequences/hgsvc3-2024-02-23-mc-chm13/HML-2_8p23.1e/HG03371_h2_HML-2_8p23.1e_graph_hgsvc3-2024-02-23-mc-chm13.fa|6e83634c9413f0ca16aec0a1f059978e03e4aceeac87b26b839edf8547d6b0e4	1	1	NA	NA	NO_EXACT_RETAINED_RECORD				NOT_ASSESSED_NO_EXACT_RETAINED_RECORD				NONCARRIER_SENTINEL_OBSERVATION	AFR			
HML-2_8p23.1e	HG03452_h2_HML-2_8p23.1e_technical_error	HML-2_8p23.1e	HG03452	h2	Validator_Script	HML-2_8p23.1e|HG03452|h2|none|historical_source/cluster/HML2_project_graph/extracted_sequences/hgsvc3-2024-02-23-mc-chm13/HML-2_8p23.1e/HG03452_h2_HML-2_8p23.1e_graph_hgsvc3-2024-02-23-mc-chm13.fa|03acc0b795d7de5e9fc383727b962e970dcd54d4dcef750c13ac97b1329e8d45	1	1	NA	NA	NO_EXACT_RETAINED_RECORD				NOT_ASSESSED_NO_EXACT_RETAINED_RECORD				NONCARRIER_SENTINEL_OBSERVATION	AFR			
HML-2_8p23.1e	HG03456_h2_HML-2_8p23.1e_technical_error	HML-2_8p23.1e	HG03456	h2	Validator_Script	HML-2_8p23.1e|HG03456|h2|none|historical_source/cluster/HML2_project_graph/extracted_sequences/hgsvc3-2024-02-23-mc-chm13/HML-2_8p23.1e/HG03456_h2_HML-2_8p23.1e_graph_hgsvc3-2024-02-23-mc-chm13.fa|8f35751de10704e09784348ddc3a1528a11b3fabcc80575f00a8863e7e18f397	1	1	NA	NA	NO_EXACT_RETAINED_RECORD				NOT_ASSESSED_NO_EXACT_RETAINED_RECORD				NONCARRIER_SENTINEL_OBSERVATION	AFR			
HML-2_8p23.1e	HG03520_h2_HML-2_8p23.1e_technical_error	HML-2_8p23.1e	HG03520	h2	Validator_Script	HML-2_8p23.1e|HG03520|h2|none|historical_source/cluster/HML2_project_graph/extracted_sequences/hgsvc3-2024-02-23-mc-chm13/HML-2_8p23.1e/HG03520_h2_HML-2_8p23.1e_graph_hgsvc3-2024-02-23-mc-chm13.fa|a7d108d6d3ed14835a2e5ae9ae00007799696de08006a5a328f8ed16a855176e	1	1	NA	NA	NO_EXACT_RETAINED_RECORD				NOT_ASSESSED_NO_EXACT_RETAINED_RECORD				NONCARRIER_SENTINEL_OBSERVATION	AFR			
HML-2_8p23.1e	HG04036_h2_HML-2_8p23.1e_technical_error	HML-2_8p23.1e	HG04036	h2	Validator_Script	HML-2_8p23.1e|HG04036|h2|none|historical_source/cluster/HML2_project_graph/extracted_sequences/hgsvc3-2024-02-23-mc-chm13/HML-2_8p23.1e/HG04036_h2_HML-2_8p23.1e_graph_hgsvc3-2024-02-23-mc-chm13.fa|6828d4ae677a56710e818ebc54efe09ebdae9156b1502216f2c208d43e4a9da9	1	1	NA	NA	NO_EXACT_RETAINED_RECORD				NOT_ASSESSED_NO_EXACT_RETAINED_RECORD				NONCARRIER_SENTINEL_OBSERVATION	SAS			
HML-2_8p23.1e	NA18534_h2_HML-2_8p23.1e_technical_error	HML-2_8p23.1e	NA18534	h2	Validator_Script	HML-2_8p23.1e|NA18534|h2|none|historical_source/cluster/HML2_project_graph/extracted_sequences/hgsvc3-2024-02-23-mc-chm13/HML-2_8p23.1e/NA18534_h2_HML-2_8p23.1e_graph_hgsvc3-2024-02-23-mc-chm13.fa|ae0e77a59aaad618da590802a9ec30a848a3c87fb9e442fbf48da3e0b605aa08	1	1	NA	NA	NO_EXACT_RETAINED_RECORD				NOT_ASSESSED_NO_EXACT_RETAINED_RECORD				NONCARRIER_SENTINEL_OBSERVATION	EAS			
HML-2_8p23.1e	NA18939_h2_HML-2_8p23.1e_technical_error	HML-2_8p23.1e	NA18939	h2	Validator_Script	HML-2_8p23.1e|NA18939|h2|none|historical_source/cluster/HML2_project_graph/extracted_sequences/hgsvc3-2024-02-23-mc-chm13/HML-2_8p23.1e/NA18939_h2_HML-2_8p23.1e_graph_hgsvc3-2024-02-23-mc-chm13.fa|117fda57847d47deeb9ab5b53be3c6e06b67dbcf6f8d4e39750cf4c206d652b3	1	1	NA	NA	NO_EXACT_RETAINED_RECORD				NOT_ASSESSED_NO_EXACT_RETAINED_RECORD				NONCARRIER_SENTINEL_OBSERVATION	EAS			
HML-2_8p23.1e	NA19129_h2_HML-2_8p23.1e_technical_error	HML-2_8p23.1e	NA19129	h2	Validator_Script	HML-2_8p23.1e|NA19129|h2|none|historical_source/cluster/HML2_project_graph/extracted_sequences/hgsvc3-2024-02-23-mc-chm13/HML-2_8p23.1e/NA19129_h2_HML-2_8p23.1e_graph_hgsvc3-2024-02-23-mc-chm13.fa|a97d186a31920e3fab5f9f2fe815116e25319464e6859e63263f4ccb02535eb7	1	1	NA	NA	NO_EXACT_RETAINED_RECORD				NOT_ASSESSED_NO_EXACT_RETAINED_RECORD				NONCARRIER_SENTINEL_OBSERVATION	AFR			
HML-2_8p23.1e	NA19239_h2_HML-2_8p23.1e_technical_error	HML-2_8p23.1e	NA19239	h2	Validator_Script	HML-2_8p23.1e|NA19239|h2|none|historical_source/cluster/HML2_project_graph/extracted_sequences/hgsvc3-2024-02-23-mc-chm13/HML-2_8p23.1e/NA19239_h2_HML-2_8p23.1e_graph_hgsvc3-2024-02-23-mc-chm13.fa|532e737570be7b1b1344920d626f137190501d484a182e704cadaa2146f3ccb0	1	1	NA	NA	NO_EXACT_RETAINED_RECORD				NOT_ASSESSED_NO_EXACT_RETAINED_RECORD				NONCARRIER_SENTINEL_OBSERVATION	AFR			
HML-2_8p23.1e	NA19331_h2_HML-2_8p23.1e_technical_error	HML-2_8p23.1e	NA19331	h2	Validator_Script	HML-2_8p23.1e|NA19331|h2|none|historical_source/cluster/HML2_project_graph/extracted_sequences/hgsvc3-2024-02-23-mc-chm13/HML-2_8p23.1e/NA19331_h2_HML-2_8p23.1e_graph_hgsvc3-2024-02-23-mc-chm13.fa|4661f780b8971ae8b06ecbe7f5f40910effa25161d2e50cf005309ef23e758f7	1	1	NA	NA	NO_EXACT_RETAINED_RECORD				NOT_ASSESSED_NO_EXACT_RETAINED_RECORD				NONCARRIER_SENTINEL_OBSERVATION	AFR			
HML-2_8p23.1e	NA19347_h2_HML-2_8p23.1e_technical_error	HML-2_8p23.1e	NA19347	h2	Validator_Script	HML-2_8p23.1e|NA19347|h2|none|historical_source/cluster/HML2_project_graph/extracted_sequences/hgsvc3-2024-02-23-mc-chm13/HML-2_8p23.1e/NA19347_h2_HML-2_8p23.1e_graph_hgsvc3-2024-02-23-mc-chm13.fa|2e59be285256bf25d8e4d5329269033535341e593378d1ae4c2474568fb1e4b7	1	1	NA	NA	NO_EXACT_RETAINED_RECORD				NOT_ASSESSED_NO_EXACT_RETAINED_RECORD				NONCARRIER_SENTINEL_OBSERVATION	AFR			
HML-2_8p23.1e	NA19434_h2_HML-2_8p23.1e_technical_error	HML-2_8p23.1e	NA19434	h2	Validator_Script	HML-2_8p23.1e|NA19434|h2|none|historical_source/cluster/HML2_project_graph/extracted_sequences/hgsvc3-2024-02-23-mc-chm13/HML-2_8p23.1e/NA19434_h2_HML-2_8p23.1e_graph_hgsvc3-2024-02-23-mc-chm13.fa|f03ad56a04b14f4942dcd9260265c9243725ce561117e651184fd7c83733fbee	1	1	NA	NA	NO_EXACT_RETAINED_RECORD				NOT_ASSESSED_NO_EXACT_RETAINED_RECORD				NONCARRIER_SENTINEL_OBSERVATION	AFR			
HML-2_8p23.1e	NA19836_h2_HML-2_8p23.1e_technical_error	HML-2_8p23.1e	NA19836	h2	Validator_Script	HML-2_8p23.1e|NA19836|h2|none|historical_source/cluster/HML2_project_graph/extracted_sequences/hgsvc3-2024-02-23-mc-chm13/HML-2_8p23.1e/NA19836_h2_HML-2_8p23.1e_graph_hgsvc3-2024-02-23-mc-chm13.fa|559b55ba13fbf82e201537595ab72c10de7b07d9a7249aea86998c3688199b8d	1	1	NA	NA	NO_EXACT_RETAINED_RECORD				NOT_ASSESSED_NO_EXACT_RETAINED_RECORD				NONCARRIER_SENTINEL_OBSERVATION	AFR			
HML-2_8p23.1e	NA19983_h2_HML-2_8p23.1e_technical_error	HML-2_8p23.1e	NA19983	h2	Validator_Script	HML-2_8p23.1e|NA19983|h2|none|historical_source/cluster/HML2_project_graph/extracted_sequences/hgsvc3-2024-02-23-mc-chm13/HML-2_8p23.1e/NA19983_h2_HML-2_8p23.1e_graph_hgsvc3-2024-02-23-mc-chm13.fa|06a9f0fddb358c80f38f579f59653c54fcc6e01f529c31a76400952114d34620	1	1	NA	NA	NO_EXACT_RETAINED_RECORD				NOT_ASSESSED_NO_EXACT_RETAINED_RECORD				NONCARRIER_SENTINEL_OBSERVATION	AFR			
HML-2_8p23.1e	NA20847_h2_HML-2_8p23.1e_technical_error	HML-2_8p23.1e	NA20847	h2	Validator_Script	HML-2_8p23.1e|NA20847|h2|none|historical_source/cluster/HML2_project_graph/extracted_sequences/hgsvc3-2024-02-23-mc-chm13/HML-2_8p23.1e/NA20847_h2_HML-2_8p23.1e_graph_hgsvc3-2024-02-23-mc-chm13.fa|d5b41ffe0bfdd84b45d947ec49b7cc503094bff271c4242e9aa5f2180537eb6f	1	1	NA	NA	NO_EXACT_RETAINED_RECORD				NOT_ASSESSED_NO_EXACT_RETAINED_RECORD				NONCARRIER_SENTINEL_OBSERVATION	SAS			
HML-2_8q24.3c	GCA_000001405.15_GRCh38_no_alt_analysis_set.PanSN_HML-2_8q24.3b	HML-2_8q24.3b	GCA	ref	Successful_Empty_Site	HML-2_8q24.3b|GCA|ref|none|historical_source/cluster/HML2_project/processed_loci/HML-2_8q24.3b/GCA_000001405.15_GRCh38_no_alt_analysis_set.PanSN_HML-2_8q24.3b.fa|498c199e2f3d8414147828ea97f0f30454eaa0b11a81ddc3e2f85ed77cb52ca9	0	0	NA	NA	NO_EXACT_RETAINED_RECORD				NOT_ASSESSED_NO_EXACT_RETAINED_RECORD				NONCARRIER_SENTINEL_OBSERVATION	Unassigned			
HML-2_8q24.3c	HG00096_h1_HML-2_8q24.3b_technical_error	HML-2_8q24.3b	HG00096	h1	Validator_Script	HML-2_8q24.3b|HG00096|h1|none|NA|NA	0	0	NA	NA	NO_EXACT_RETAINED_RECORD				NOT_ASSESSED_NO_EXACT_RETAINED_RECORD				UNKNOWN_TECHNICAL	EUR			
HML-2_8q24.3c	HG00096_h2_HML-2_8q24.3b_technical_error	HML-2_8q24.3b	HG00096	h2	Validator_Script	HML-2_8q24.3b|HG00096|h2|none|NA|NA	0	0	NA	NA	NO_EXACT_RETAINED_RECORD				NOT_ASSESSED_NO_EXACT_RETAINED_RECORD				UNKNOWN_TECHNICAL	EUR			
HML-2_8q24.3c	HG00097_hap1_hprc_r2_v1.0.1_HML-2_8q24.3b	HML-2_8q24.3b	HG00097	h1	Successful_Empty_Site	HML-2_8q24.3b|HG00097|h1|none|historical_source/cluster/HML2_project/processed_loci/HML-2_8q24.3b/HG00097_hap1_hprc_r2_v1.0.1_HML-2_8q24.3b.fa|de991c906fe560edc704b669633ab8c133944d6a7743a915ed83673aa338f850	0	0	NA	NA	NO_EXACT_RETAINED_RECORD				NOT_ASSESSED_NO_EXACT_RETAINED_RECORD				NONCARRIER_SENTINEL_OBSERVATION	EUR			
HML-2_8q24.3c	HG00097_hap2_hprc_r2_v1.0.1_HML-2_8q24.3b	HML-2_8q24.3b	HG00097	h2	Successful_Empty_Site	HML-2_8q24.3b|HG00097|h2|none|historical_source/cluster/HML2_project/processed_loci/HML-2_8q24.3b/HG00097_hap2_hprc_r2_v1.0.1_HML-2_8q24.3b.fa|16c0031fa1d1c53fa611fb2c76308e18b8a7842b4c1ec3e1df89d17d347cbae7	0	0	NA	NA	NO_EXACT_RETAINED_RECORD				NOT_ASSESSED_NO_EXACT_RETAINED_RECORD				NONCARRIER_SENTINEL_OBSERVATION	EUR			
HML-2_8q24.3c	HG00099_hap1_hprc_r2_v1.0.1_HML-2_8q24.3b	HML-2_8q24.3b	HG00099	h1	Successful_Empty_Site	HML-2_8q24.3b|HG00099|h1|none|historical_source/cluster/HML2_project/processed_loci/HML-2_8q24.3b/HG00099_hap1_hprc_r2_v1.0.1_HML-2_8q24.3b.fa|677f99bb30a2e94e41cf1b88c813177c5624c702d0d21052050da89ac3972177	0	0	NA	NA	NO_EXACT_RETAINED_RECORD				NOT_ASSESSED_NO_EXACT_RETAINED_RECORD				NONCARRIER_SENTINEL_OBSERVATION	EUR			
HML-2_8q24.3c	HG00099_hap2_hprc_r2_v1.0.1_HML-2_8q24.3b	HML-2_8q24.3b	HG00099	h2	Successful_Empty_Site	HML-2_8q24.3b|HG00099|h2|none|historical_source/cluster/HML2_project/processed_loci/HML-2_8q24.3b/HG00099_hap2_hprc_r2_v1.0.1_HML-2_8q24.3b.fa|f9be96172738d27e8985070aa914fe8f2ed068ee5e369778e583deb36c773161	0	0	NA	NA	NO_EXACT_RETAINED_RECORD				NOT_ASSESSED_NO_EXACT_RETAINED_RECORD				NONCARRIER_SENTINEL_OBSERVATION	EUR			
HML-2_8q24.3c	HG00126_hap1_hprc_r2_v1.0.1_HML-2_8q24.3b	HML-2_8q24.3b	HG00126	h1	Successful_Empty_Site	HML-2_8q24.3b|HG00126|h1|none|historical_source/cluster/HML2_project/processed_loci/HML-2_8q24.3b/HG00126_hap1_hprc_r2_v1.0.1_HML-2_8q24.3b.fa|7a614b26069544913d282478cce4ce6641de704201987a7890ed9f03561c1f6b	0	0	NA	NA	NO_EXACT_RETAINED_RECORD				NOT_ASSESSED_NO_EXACT_RETAINED_RECORD				NONCARRIER_SENTINEL_OBSERVATION	EUR			
HML-2_8q24.3c	HG00126_hap2_hprc_r2_v1.0.1_HML-2_8q24.3b	HML-2_8q24.3b	HG00126	h2	Successful_Empty_Site	HML-2_8q24.3b|HG00126|h2|none|historical_source/cluster/HML2_project/processed_loci/HML-2_8q24.3b/HG00126_hap2_hprc_r2_v1.0.1_HML-2_8q24.3b.fa|c5fe62a0001928123c96951fc2780f7e9f4d4a8889db6cf4c5124d46e5e402c9	0	0	NA	NA	NO_EXACT_RETAINED_RECORD				NOT_ASSESSED_NO_EXACT_RETAINED_RECORD				NONCARRIER_SENTINEL_OBSERVATION	EUR			
HML-2_8q24.3c	HG00128_hap1_hprc_r2_v1.0.1_HML-2_8q24.3b	HML-2_8q24.3b	HG00128	h1	Successful_Empty_Site	HML-2_8q24.3b|HG00128|h1|none|historical_source/cluster/HML2_project/processed_loci/HML-2_8q24.3b/HG00128_hap1_hprc_r2_v1.0.1_HML-2_8q24.3b.fa|417ba54da1506924b1ec21e49fe59c1b414b6f8318672e9ee03a0f40c7d0adec	0	0	NA	NA	NO_EXACT_RETAINED_RECORD				NOT_ASSESSED_NO_EXACT_RETAINED_RECORD				NONCARRIER_SENTINEL_OBSERVATION	EUR			
HML-2_8q24.3c	HG00128_hap2_hprc_r2_v1.0.1_HML-2_8q24.3b	HML-2_8q24.3b	HG00128	h2	Successful_Empty_Site	HML-2_8q24.3b|HG00128|h2|none|historical_source/cluster/HML2_project/processed_loci/HML-2_8q24.3b/HG00128_hap2_hprc_r2_v1.0.1_HML-2_8q24.3b.fa|547ddfba660a5a3131d037655bec2094deecee7dcf0009a8c18462d0ef6dbd9d	0	0	NA	NA	NO_EXACT_RETAINED_RECORD				NOT_ASSESSED_NO_EXACT_RETAINED_RECORD				NONCARRIER_SENTINEL_OBSERVATION	EUR			
HML-2_8q24.3c	HG00133_hap1_hprc_r2_v1.0.1_HML-2_8q24.3b	HML-2_8q24.3b	HG00133	h1	Successful_Empty_Site	HML-2_8q24.3b|HG00133|h1|none|historical_source/cluster/HML2_project/processed_loci/HML-2_8q24.3b/HG00133_hap1_hprc_r2_v1.0.1_HML-2_8q24.3b.fa|c29d3f45c0b6b513a771cc8d5bf5220f6c2085f30cecbfd06b911942464ab844	0	0	NA	NA	NO_EXACT_RETAINED_RECORD				NOT_ASSESSED_NO_EXACT_RETAINED_RECORD				NONCARRIER_SENTINEL_OBSERVATION	EUR			
HML-2_8q24.3c	HG00133_hap2_hprc_r2_v1.0.1_HML-2_8q24.3b	HML-2_8q24.3b	HG00133	h2	Successful_Empty_Site	HML-2_8q24.3b|HG00133|h2|none|historical_source/cluster/HML2_project/processed_loci/HML-2_8q24.3b/HG00133_hap2_hprc_r2_v1.0.1_HML-2_8q24.3b.fa|1df1a6cd7c3267ebfc19df23ee0183431119e8c01fd97ba7f76f695be455a4dc	0	0	NA	NA	NO_EXACT_RETAINED_RECORD				NOT_ASSESSED_NO_EXACT_RETAINED_RECORD				NONCARRIER_SENTINEL_OBSERVATION	EUR			
HML-2_8q24.3c	HG00140_hap1_hprc_r2_v1.0.1_HML-2_8q24.3b	HML-2_8q24.3b	HG00140	h1	Successful_Empty_Site	HML-2_8q24.3b|HG00140|h1|none|historical_source/cluster/HML2_project/processed_loci/HML-2_8q24.3b/HG00140_hap1_hprc_r2_v1.0.1_HML-2_8q24.3b.fa|c08f17d67c16c6ffe92e58971b07a74448d75792a031183270445f0010c30c5e	0	0	NA	NA	NO_EXACT_RETAINED_RECORD				NOT_ASSESSED_NO_EXACT_RETAINED_RECORD				NONCARRIER_SENTINEL_OBSERVATION	EUR			
HML-2_8q24.3c	HG00140_hap2_hprc_r2_v1.0.1_HML-2_8q24.3b	HML-2_8q24.3b	HG00140	h2	Successful_Empty_Site	HML-2_8q24.3b|HG00140|h2|none|historical_source/cluster/HML2_project/processed_loci/HML-2_8q24.3b/HG00140_hap2_hprc_r2_v1.0.1_HML-2_8q24.3b.fa|649e3186cbcb5d05e6df7d6114c3989df0369e815c106e323c9de9651f580ae7	0	0	NA	NA	NO_EXACT_RETAINED_RECORD				NOT_ASSESSED_NO_EXACT_RETAINED_RECORD				NONCARRIER_SENTINEL_OBSERVATION	EUR			
HML-2_8q24.3c	HG00146_hap1_hprc_r2_v1.0.1_HML-2_8q24.3b	HML-2_8q24.3b	HG00146	h1	Successful_Empty_Site	HML-2_8q24.3b|HG00146|h1|none|historical_source/cluster/HML2_project/processed_loci/HML-2_8q24.3b/HG00146_hap1_hprc_r2_v1.0.1_HML-2_8q24.3b.fa|6953820ec0b1662ceb8d94b41ad28c04ba4e82f01db1c6a37cebab18213abd8b	0	0	NA	NA	NO_EXACT_RETAINED_RECORD				NOT_ASSESSED_NO_EXACT_RETAINED_RECORD				NONCARRIER_SENTINEL_OBSERVATION	EUR			
HML-2_8q24.3c	HG00146_hap2_hprc_r2_v1.0.1_HML-2_8q24.3b	HML-2_8q24.3b	HG00146	h2	Successful_Empty_Site	HML-2_8q24.3b|HG00146|h2|none|historical_source/cluster/HML2_project/processed_loci/HML-2_8q24.3b/HG00146_hap2_hprc_r2_v1.0.1_HML-2_8q24.3b.fa|121e9efa616afa9281fd39fc92db121684a3377f323773cbb2171ca3b66eddb8	0	0	NA	NA	NO_EXACT_RETAINED_RECORD				NOT_ASSESSED_NO_EXACT_RETAINED_RECORD				NONCARRIER_SENTINEL_OBSERVATION	EUR			
HML-2_8q24.3c	HG00171_h1_HML-2_8q24.3b_technical_error	HML-2_8q24.3b	HG00171	h1	Validator_Script	HML-2_8q24.3b|HG00171|h1|none|NA|NA	0	0	NA	NA	NO_EXACT_RETAINED_RECORD				NOT_ASSESSED_NO_EXACT_RETAINED_RECORD				UNKNOWN_TECHNICAL	EUR			
HML-2_8q24.3c	HG00171_h2_HML-2_8q24.3b_technical_error	HML-2_8q24.3b	HG00171	h2	Validator_Script	HML-2_8q24.3b|HG00171|h2|none|NA|NA	0	0	NA	NA	NO_EXACT_RETAINED_RECORD				NOT_ASSESSED_NO_EXACT_RETAINED_RECORD				UNKNOWN_TECHNICAL	EUR			
HML-2_8q24.3c	HG00232_hap1_hprc_r2_v1.0.1_HML-2_8q24.3b	HML-2_8q24.3b	HG00232	h1	Successful_Empty_Site	HML-2_8q24.3b|HG00232|h1|none|historical_source/cluster/HML2_project/processed_loci/HML-2_8q24.3b/HG00232_hap1_hprc_r2_v1.0.1_HML-2_8q24.3b.fa|6fd246988e4377a3de3f3d9851a5935619a884bf26396cb8c1641e1aa37270ab	0	0	NA	NA	NO_EXACT_RETAINED_RECORD				NOT_ASSESSED_NO_EXACT_RETAINED_RECORD				NONCARRIER_SENTINEL_OBSERVATION	EUR			
HML-2_8q24.3c	HG00232_hap2_hprc_r2_v1.0.1_HML-2_8q24.3b	HML-2_8q24.3b	HG00232	h2	Successful_Empty_Site	HML-2_8q24.3b|HG00232|h2|none|historical_source/cluster/HML2_project/processed_loci/HML-2_8q24.3b/HG00232_hap2_hprc_r2_v1.0.1_HML-2_8q24.3b.fa|9910223c8b773a3d57f821024fd7f295e58190a7510e6d770079e01cf094d4d1	0	0	NA	NA	NO_EXACT_RETAINED_RECORD				NOT_ASSESSED_NO_EXACT_RETAINED_RECORD				NONCARRIER_SENTINEL_OBSERVATION	EUR			
HML-2_8q24.3c	HG00235_hap1_hprc_r2_v1.0.1_HML-2_8q24.3b	HML-2_8q24.3b	HG00235	h1	Successful_Empty_Site	HML-2_8q24.3b|HG00235|h1|none|historical_source/cluster/HML2_project/processed_loci/HML-2_8q24.3b/HG00235_hap1_hprc_r2_v1.0.1_HML-2_8q24.3b.fa|3f9e367ffc78dbbd9e364b6f5388ca6b578c974d9d76b01435b780ed0206d821	0	0	NA	NA	NO_EXACT_RETAINED_RECORD				NOT_ASSESSED_NO_EXACT_RETAINED_RECORD				NONCARRIER_SENTINEL_OBSERVATION	EUR			
HML-2_8q24.3c	HG00235_hap2_hprc_r2_v1.0.1_HML-2_8q24.3b	HML-2_8q24.3b	HG00235	h2	Successful_Empty_Site	HML-2_8q24.3b|HG00235|h2|none|historical_source/cluster/HML2_project/processed_loci/HML-2_8q24.3b/HG00235_hap2_hprc_r2_v1.0.1_HML-2_8q24.3b.fa|26b52b57de982013a5d6d22c3aa28f3cb073a86c97d102b046772ec6bbbfa84a	0	0	NA	NA	NO_EXACT_RETAINED_RECORD				NOT_ASSESSED_NO_EXACT_RETAINED_RECORD				NONCARRIER_SENTINEL_OBSERVATION	EUR			
HML-2_8q24.3c	HG00253_hap1_hprc_r2_v1.0.1_HML-2_8q24.3b	HML-2_8q24.3b	HG00253	h1	Successful_Empty_Site	HML-2_8q24.3b|HG00253|h1|none|historical_source/cluster/HML2_project/processed_loci/HML-2_8q24.3b/HG00253_hap1_hprc_r2_v1.0.1_HML-2_8q24.3b.fa|db5b31879f8555292ed4c84f8de0a1dcea11ad8083cff85740667aac103a7106	0	0	NA	NA	NO_EXACT_RETAINED_RECORD				NOT_ASSESSED_NO_EXACT_RETAINED_RECORD				NONCARRIER_SENTINEL_OBSERVATION	EUR			
HML-2_8q24.3c	HG00253_hap2_hprc_r2_v1.0.1_HML-2_8q24.3b	HML-2_8q24.3b	HG00253	h2	Successful_Empty_Site	HML-2_8q24.3b|HG00253|h2|none|historical_source/cluster/HML2_project/processed_loci/HML-2_8q24.3b/HG00253_hap2_hprc_r2_v1.0.1_HML-2_8q24.3b.fa|77d4a280e539ac76341bff037163ecc96495e9a88ce49c90ceb3d543dfeb27db	0	0	NA	NA	NO_EXACT_RETAINED_RECORD				NOT_ASSESSED_NO_EXACT_RETAINED_RECORD				NONCARRIER_SENTINEL_OBSERVATION	EUR			
HML-2_8q24.3c	HG00268_h1_HML-2_8q24.3b_technical_error	HML-2_8q24.3b	HG00268	h1	Validator_Script	HML-2_8q24.3b|HG00268|h1|none|NA|NA	0	0	NA	NA	NO_EXACT_RETAINED_RECORD				NOT_ASSESSED_NO_EXACT_RETAINED_RECORD				UNKNOWN_TECHNICAL	EUR			
HML-2_8q24.3c	HG00268_h2_HML-2_8q24.3b_technical_error	HML-2_8q24.3b	HG00268	h2	Validator_Script	HML-2_8q24.3b|HG00268|h2|none|NA|NA	0	0	NA	NA	NO_EXACT_RETAINED_RECORD				NOT_ASSESSED_NO_EXACT_RETAINED_RECORD				UNKNOWN_TECHNICAL	EUR			
HML-2_8q24.3c	HG00272_hap1_hprc_r2_v1.0.1_HML-2_8q24.3b	HML-2_8q24.3b	HG00272	h1	Successful_Empty_Site	HML-2_8q24.3b|HG00272|h1|none|historical_source/cluster/HML2_project/processed_loci/HML-2_8q24.3b/HG00272_hap1_hprc_r2_v1.0.1_HML-2_8q24.3b.fa|7db3c19531cdfdf590904e14c510d4c87dfe8039101887b6ba48c8e98ad24e0e	0	0	NA	NA	NO_EXACT_RETAINED_RECORD				NOT_ASSESSED_NO_EXACT_RETAINED_RECORD				NONCARRIER_SENTINEL_OBSERVATION	EUR			
HML-2_8q24.3c	HG00272_hap2_hprc_r2_v1.0.1_HML-2_8q24.3b	HML-2_8q24.3b	HG00272	h2	Successful_Empty_Site	HML-2_8q24.3b|HG00272|h2|none|historical_source/cluster/HML2_project/processed_loci/HML-2_8q24.3b/HG00272_hap2_hprc_r2_v1.0.1_HML-2_8q24.3b.fa|dcf054dfac700450904b21a1721f491735da320f26dd9d71bfed4eedf22b2d80	0	0	NA	NA	NO_EXACT_RETAINED_RECORD				NOT_ASSESSED_NO_EXACT_RETAINED_RECORD				NONCARRIER_SENTINEL_OBSERVATION	EUR			
HML-2_8q24.3c	HG00280_hap1_hprc_r2_v1.0.1_HML-2_8q24.3b	HML-2_8q24.3b	HG00280	h1	Successful_Empty_Site	HML-2_8q24.3b|HG00280|h1|none|historical_source/cluster/HML2_project/processed_loci/HML-2_8q24.3b/HG00280_hap1_hprc_r2_v1.0.1_HML-2_8q24.3b.fa|f4e4ff68a0d650b3bc41f9ac2c378a9afcfc728845e61f67e76e55c1453bb62c	0	0	NA	NA	NO_EXACT_RETAINED_RECORD				NOT_ASSESSED_NO_EXACT_RETAINED_RECORD				NONCARRIER_SENTINEL_OBSERVATION	EUR			
HML-2_8q24.3c	HG00280_hap2_hprc_r2_v1.0.1_HML-2_8q24.3b	HML-2_8q24.3b	HG00280	h2	Successful_Empty_Site	HML-2_8q24.3b|HG00280|h2|none|historical_source/cluster/HML2_project/processed_loci/HML-2_8q24.3b/HG00280_hap2_hprc_r2_v1.0.1_HML-2_8q24.3b.fa|1de3cb74a3a3d17424dd2a731f556811d78385d6982a8b8f17394a5c5bb05aaa	0	0	NA	NA	NO_EXACT_RETAINED_RECORD				NOT_ASSESSED_NO_EXACT_RETAINED_RECORD				NONCARRIER_SENTINEL_OBSERVATION	EUR			
HML-2_8q24.3c	HG00290_hap1_hprc_r2_v1.0.1_HML-2_8q24.3b	HML-2_8q24.3b	HG00290	h1	Successful_Empty_Site	HML-2_8q24.3b|HG00290|h1|none|historical_source/cluster/HML2_project/processed_loci/HML-2_8q24.3b/HG00290_hap1_hprc_r2_v1.0.1_HML-2_8q24.3b.fa|dd81737dff2b54c582a0b3c63cf9b90aeec035f2cf82ae57886db413f5cdcab1	0	0	NA	NA	NO_EXACT_RETAINED_RECORD				NOT_ASSESSED_NO_EXACT_RETAINED_RECORD				NONCARRIER_SENTINEL_OBSERVATION	EUR			
HML-2_8q24.3c	HG00290_hap2_hprc_r2_v1.0.1_HML-2_8q24.3b	HML-2_8q24.3b	HG00290	h2	Successful_Empty_Site	HML-2_8q24.3b|HG00290|h2|none|historical_source/cluster/HML2_project/processed_loci/HML-2_8q24.3b/HG00290_hap2_hprc_r2_v1.0.1_HML-2_8q24.3b.fa|cdb10a10a0a215297724c8e8a906308f9c9957d845fc0eed79c72a59b2c00a56	0	0	NA	NA	NO_EXACT_RETAINED_RECORD				NOT_ASSESSED_NO_EXACT_RETAINED_RECORD				NONCARRIER_SENTINEL_OBSERVATION	EUR			
HML-2_8q24.3c	HG00320_hap1_hprc_r2_v1.0.1_HML-2_8q24.3b	HML-2_8q24.3b	HG00320	h1	Successful_Empty_Site	HML-2_8q24.3b|HG00320|h1|none|historical_source/cluster/HML2_project/processed_loci/HML-2_8q24.3b/HG00320_hap1_hprc_r2_v1.0.1_HML-2_8q24.3b.fa|3b993765d8f5147146fc6fc5be81de7f6f4b548f5a7c5791d6a5ba69fe08d93f	0	0	NA	NA	NO_EXACT_RETAINED_RECORD				NOT_ASSESSED_NO_EXACT_RETAINED_RECORD				NONCARRIER_SENTINEL_OBSERVATION	EUR			
HML-2_8q24.3c	HG00320_hap2_hprc_r2_v1.0.1_HML-2_8q24.3b	HML-2_8q24.3b	HG00320	h2	Successful_Empty_Site	HML-2_8q24.3b|HG00320|h2|none|historical_source/cluster/HML2_project/processed_loci/HML-2_8q24.3b/HG00320_hap2_hprc_r2_v1.0.1_HML-2_8q24.3b.fa|b3bda41a6bcfccec253685bb64d09ee00e746fe1267a3a8a76e5b74692f51198	0	0	NA	NA	NO_EXACT_RETAINED_RECORD				NOT_ASSESSED_NO_EXACT_RETAINED_RECORD				NONCARRIER_SENTINEL_OBSERVATION	EUR			
HML-2_8q24.3c	HG00321_hap1_hprc_r2_v1.0.1_HML-2_8q24.3b	HML-2_8q24.3b	HG00321	h1	Successful_Empty_Site	HML-2_8q24.3b|HG00321|h1|none|historical_source/cluster/HML2_project/processed_loci/HML-2_8q24.3b/HG00321_hap1_hprc_r2_v1.0.1_HML-2_8q24.3b.fa|894f123a8beb0320f2557ed6820532daa0b2bd4b9630a15d07ae2ee662ac4e77	0	0	NA	NA	NO_EXACT_RETAINED_RECORD				NOT_ASSESSED_NO_EXACT_RETAINED_RECORD				NONCARRIER_SENTINEL_OBSERVATION	EUR			
HML-2_8q24.3c	HG00321_hap2_hprc_r2_v1.0.1_HML-2_8q24.3b	HML-2_8q24.3b	HG00321	h2	Successful_Empty_Site	HML-2_8q24.3b|HG00321|h2|none|historical_source/cluster/HML2_project/processed_loci/HML-2_8q24.3b/HG00321_hap2_hprc_r2_v1.0.1_HML-2_8q24.3b.fa|86213239b0b550ce68057a1bc91bf939977935e7da451ad09d4ed7a87be0e497	0	0	NA	NA	NO_EXACT_RETAINED_RECORD				NOT_ASSESSED_NO_EXACT_RETAINED_RECORD				NONCARRIER_SENTINEL_OBSERVATION	EUR			
HML-2_8q24.3c	HG00323_hap1_hprc_r2_v1.0.1_HML-2_8q24.3b	HML-2_8q24.3b	HG00323	h1	Successful_Empty_Site	HML-2_8q24.3b|HG00323|h1|none|historical_source/cluster/HML2_project/processed_loci/HML-2_8q24.3b/HG00323_hap1_hprc_r2_v1.0.1_HML-2_8q24.3b.fa|ecf076d00a8e26957434e71d7fbe6c1b8725cff96e0664eb9b1cb8e6a651cb0c	0	0	NA	NA	NO_EXACT_RETAINED_RECORD				NOT_ASSESSED_NO_EXACT_RETAINED_RECORD				NONCARRIER_SENTINEL_OBSERVATION	EUR			
HML-2_8q24.3c	HG00323_hap2_hprc_r2_v1.0.1_HML-2_8q24.3b	HML-2_8q24.3b	HG00323	h2	Successful_Empty_Site	HML-2_8q24.3b|HG00323|h2|none|historical_source/cluster/HML2_project/processed_loci/HML-2_8q24.3b/HG00323_hap2_hprc_r2_v1.0.1_HML-2_8q24.3b.fa|4e86b46c541caf833416a79d6e27c18d76277e90d02d058fe6377586eb632527	0	0	NA	NA	NO_EXACT_RETAINED_RECORD				NOT_ASSESSED_NO_EXACT_RETAINED_RECORD				NONCARRIER_SENTINEL_OBSERVATION	EUR			
HML-2_8q24.3c	HG00329_hap1_hprc_r2_v1.0.1_HML-2_8q24.3b	HML-2_8q24.3b	HG00329	h1	Successful_Empty_Site	HML-2_8q24.3b|HG00329|h1|none|historical_source/cluster/HML2_project/processed_loci/HML-2_8q24.3b/HG00329_hap1_hprc_r2_v1.0.1_HML-2_8q24.3b.fa|011763262fac3f4e8818b9a563ddd43a4ab6af58d319de5ad8c2dcec9d0f2673	0	0	NA	NA	NO_EXACT_RETAINED_RECORD				NOT_ASSESSED_NO_EXACT_RETAINED_RECORD				NONCARRIER_SENTINEL_OBSERVATION	EUR			
HML-2_8q24.3c	HG00329_hap2_hprc_r2_v1.0.1_HML-2_8q24.3b	HML-2_8q24.3b	HG00329	h2	Successful_Empty_Site	HML-2_8q24.3b|HG00329|h2|none|historical_source/cluster/HML2_project/processed_loci/HML-2_8q24.3b/HG00329_hap2_hprc_r2_v1.0.1_HML-2_8q24.3b.fa|23403391edf6e4e3d6f3b3365f9cdbb3cda3aa89b88045c915d4670871bc57da	0	0	NA	NA	NO_EXACT_RETAINED_RECORD				NOT_ASSESSED_NO_EXACT_RETAINED_RECORD				NONCARRIER_SENTINEL_OBSERVATION	EUR			
HML-2_8q24.3c	HG00344_hap1_hprc_r2_v1.0.1_HML-2_8q24.3b	HML-2_8q24.3b	HG00344	h1	Successful_Empty_Site	HML-2_8q24.3b|HG00344|h1|none|historical_source/cluster/HML2_project/processed_loci/HML-2_8q24.3b/HG00344_hap1_hprc_r2_v1.0.1_HML-2_8q24.3b.fa|a4865795f63b66f8490110feb5c1e62d2f243919feebfdf92473908a97ba1a82	0	0	NA	NA	NO_EXACT_RETAINED_RECORD				NOT_ASSESSED_NO_EXACT_RETAINED_RECORD				NONCARRIER_SENTINEL_OBSERVATION	EUR			
HML-2_8q24.3c	HG00344_hap2_hprc_r2_v1.0.1_HML-2_8q24.3b	HML-2_8q24.3b	HG00344	h2	Successful_Empty_Site	HML-2_8q24.3b|HG00344|h2|none|historical_source/cluster/HML2_project/processed_loci/HML-2_8q24.3b/HG00344_hap2_hprc_r2_v1.0.1_HML-2_8q24.3b.fa|b95f5f4dba542bf771a2b6a2f6ff89e1098321d467bbc94bc46f3fbe97ef88ea	0	0	NA	NA	NO_EXACT_RETAINED_RECORD				NOT_ASSESSED_NO_EXACT_RETAINED_RECORD				NONCARRIER_SENTINEL_OBSERVATION	EUR			
HML-2_8q24.3c	HG00350_hap1_hprc_r2_v1.0.1_HML-2_8q24.3b	HML-2_8q24.3b	HG00350	h1	Successful_Empty_Site	HML-2_8q24.3b|HG00350|h1|none|historical_source/cluster/HML2_project/processed_loci/HML-2_8q24.3b/HG00350_hap1_hprc_r2_v1.0.1_HML-2_8q24.3b.fa|b3878c1f8e6c1dacebb13b62877940744ef5ea1d5aef1db3c3e6c2120a52be95	0	0	NA	NA	NO_EXACT_RETAINED_RECORD				NOT_ASSESSED_NO_EXACT_RETAINED_RECORD				NONCARRIER_SENTINEL_OBSERVATION	EUR			
HML-2_8q24.3c	HG00350_hap2_hprc_r2_v1.0.1_HML-2_8q24.3b	HML-2_8q24.3b	HG00350	h2	Successful_Empty_Site	HML-2_8q24.3b|HG00350|h2|none|historical_source/cluster/HML2_project/processed_loci/HML-2_8q24.3b/HG00350_hap2_hprc_r2_v1.0.1_HML-2_8q24.3b.fa|65f88c5e9ded0bd2bb64b11a71a64f0073dd22c39421f0630736bf2540e4ba7d	0	0	NA	NA	NO_EXACT_RETAINED_RECORD				NOT_ASSESSED_NO_EXACT_RETAINED_RECORD				NONCARRIER_SENTINEL_OBSERVATION	EUR			
HML-2_8q24.3c	HG00358_h1_HML-2_8q24.3b_technical_error	HML-2_8q24.3b	HG00358	h1	Validator_Script	HML-2_8q24.3b|HG00358|h1|none|NA|NA	0	0	NA	NA	NO_EXACT_RETAINED_RECORD				NOT_ASSESSED_NO_EXACT_RETAINED_RECORD				UNKNOWN_TECHNICAL	EUR			
HML-2_8q24.3c	HG00358_h2_HML-2_8q24.3b_technical_error	HML-2_8q24.3b	HG00358	h2	Validator_Script	HML-2_8q24.3b|HG00358|h2|none|NA|NA	0	0	NA	NA	NO_EXACT_RETAINED_RECORD				NOT_ASSESSED_NO_EXACT_RETAINED_RECORD				UNKNOWN_TECHNICAL	EUR			
HML-2_8q24.3c	HG00408_mat_hprc_r2_v1.0.1_HML-2_8q24.3b	HML-2_8q24.3b	HG00408	mat	Successful_Empty_Site	HML-2_8q24.3b|HG00408|mat|none|historical_source/cluster/HML2_project/processed_loci/HML-2_8q24.3b/HG00408_mat_hprc_r2_v1.0.1_HML-2_8q24.3b.fa|7e3689dd9104d259f00c31af2a8ae93637de256f2365b4d8940c920777483298	0	0	NA	NA	NO_EXACT_RETAINED_RECORD				NOT_ASSESSED_NO_EXACT_RETAINED_RECORD				NONCARRIER_SENTINEL_OBSERVATION	EAS			
HML-2_8q24.3c	HG00408_pat_hprc_r2_v1.0.1_HML-2_8q24.3b	HML-2_8q24.3b	HG00408	pat	Successful_Empty_Site	HML-2_8q24.3b|HG00408|pat|none|historical_source/cluster/HML2_project/processed_loci/HML-2_8q24.3b/HG00408_pat_hprc_r2_v1.0.1_HML-2_8q24.3b.fa|86142315ba9249e803f9a5142bb7338d3cec9ad1c518e17503ae71e37f9b4437	0	0	NA	NA	NO_EXACT_RETAINED_RECORD				NOT_ASSESSED_NO_EXACT_RETAINED_RECORD				NONCARRIER_SENTINEL_OBSERVATION	EAS			
HML-2_8q24.3c	HG00423_mat_hprc_r2_v1.0.1_HML-2_8q24.3b	HML-2_8q24.3b	HG00423	mat	Successful_Empty_Site	HML-2_8q24.3b|HG00423|mat|none|historical_source/cluster/HML2_project/processed_loci/HML-2_8q24.3b/HG00423_mat_hprc_r2_v1.0.1_HML-2_8q24.3b.fa|e4f40865f87ec1c1c754249c2c1cc568029359b54d6f2989b85a73a50cf24d86	0	0	NA	NA	NO_EXACT_RETAINED_RECORD				NOT_ASSESSED_NO_EXACT_RETAINED_RECORD				NONCARRIER_SENTINEL_OBSERVATION	EAS			
HML-2_8q24.3c	HG00423_pat_hprc_r2_v1.0.1_HML-2_8q24.3b	HML-2_8q24.3b	HG00423	pat	Successful_Empty_Site	HML-2_8q24.3b|HG00423|pat|none|historical_source/cluster/HML2_project/processed_loci/HML-2_8q24.3b/HG00423_pat_hprc_r2_v1.0.1_HML-2_8q24.3b.fa|1d73754aa8d3bc44bdc0e8de540d8259f2c97b097363d3cb8cf76374a04535ed	0	0	NA	NA	NO_EXACT_RETAINED_RECORD				NOT_ASSESSED_NO_EXACT_RETAINED_RECORD				NONCARRIER_SENTINEL_OBSERVATION	EAS			
HML-2_8q24.3c	HG00438_mat_hprc_r2_v1.0.1_HML-2_8q24.3b	HML-2_8q24.3b	HG00438	mat	Successful_Empty_Site	HML-2_8q24.3b|HG00438|mat|none|historical_source/cluster/HML2_project/processed_loci/HML-2_8q24.3b/HG00438_mat_hprc_r2_v1.0.1_HML-2_8q24.3b.fa|bf2bbb8e54509a93b07898c76aa26f077e182e790f60853235f975f49355fee2	0	0	NA	NA	NO_EXACT_RETAINED_RECORD				NOT_ASSESSED_NO_EXACT_RETAINED_RECORD				NONCARRIER_SENTINEL_OBSERVATION	EAS			
HML-2_8q24.3c	HG00438_pat_hprc_r2_v1.0.1_HML-2_8q24.3b	HML-2_8q24.3b	HG00438	pat	Successful_Empty_Site	HML-2_8q24.3b|HG00438|pat|none|historical_source/cluster/HML2_project/processed_loci/HML-2_8q24.3b/HG00438_pat_hprc_r2_v1.0.1_HML-2_8q24.3b.fa|c82f0ace12823d614021760764b676118347677f48b7bcbd90623001771bbe2c	0	0	NA	NA	NO_EXACT_RETAINED_RECORD				NOT_ASSESSED_NO_EXACT_RETAINED_RECORD				NONCARRIER_SENTINEL_OBSERVATION	EAS			
HML-2_8q24.3c	HG005_mat_hprc_r2_v1.0.1_HML-2_8q24.3b	HML-2_8q24.3b	HG005	mat	Successful_Empty_Site	HML-2_8q24.3b|HG005|mat|none|historical_source/cluster/HML2_project/processed_loci/HML-2_8q24.3b/HG005_mat_hprc_r2_v1.0.1_HML-2_8q24.3b.fa|31bff371aad0874472195bb0b6396b255891e1a2c44a4e926e1e1e3b0e0b2130	0	0	NA	NA	NO_EXACT_RETAINED_RECORD				NOT_ASSESSED_NO_EXACT_RETAINED_RECORD				NONCARRIER_SENTINEL_OBSERVATION	Unassigned			
HML-2_8q24.3c	HG005_pat_hprc_r2_v1.0.1_HML-2_8q24.3b	HML-2_8q24.3b	HG005	pat	Successful_Empty_Site	HML-2_8q24.3b|HG005|pat|none|historical_source/cluster/HML2_project/processed_loci/HML-2_8q24.3b/HG005_pat_hprc_r2_v1.0.1_HML-2_8q24.3b.fa|55c17c424287e65b647aa99168d5a633eb690bfbd3a78d2da9b30a4ba0064b46	0	0	NA	NA	NO_EXACT_RETAINED_RECORD				NOT_ASSESSED_NO_EXACT_RETAINED_RECORD				NONCARRIER_SENTINEL_OBSERVATION	Unassigned			
HML-2_8q24.3c	HG00512_h1_HML-2_8q24.3b_technical_error	HML-2_8q24.3b	HG00512	h1	Validator_Script	HML-2_8q24.3b|HG00512|h1|none|NA|NA	0	0	NA	NA	NO_EXACT_RETAINED_RECORD				NOT_ASSESSED_NO_EXACT_RETAINED_RECORD				UNKNOWN_TECHNICAL	EAS			
HML-2_8q24.3c	HG00512_h2_HML-2_8q24.3b_technical_error	HML-2_8q24.3b	HG00512	h2	Validator_Script	HML-2_8q24.3b|HG00512|h2|none|NA|NA	0	0	NA	NA	NO_EXACT_RETAINED_RECORD				NOT_ASSESSED_NO_EXACT_RETAINED_RECORD				UNKNOWN_TECHNICAL	EAS			
HML-2_8q24.3c	HG00513_h1_HML-2_8q24.3b_technical_error	HML-2_8q24.3b	HG00513	h1	Validator_Script	HML-2_8q24.3b|HG00513|h1|none|NA|NA	0	0	NA	NA	NO_EXACT_RETAINED_RECORD				NOT_ASSESSED_NO_EXACT_RETAINED_RECORD				UNKNOWN_TECHNICAL	EAS			
HML-2_8q24.3c	HG00513_h2_HML-2_8q24.3b_technical_error	HML-2_8q24.3b	HG00513	h2	Validator_Script	HML-2_8q24.3b|HG00513|h2|none|NA|NA	0	0	NA	NA	NO_EXACT_RETAINED_RECORD				NOT_ASSESSED_NO_EXACT_RETAINED_RECORD				UNKNOWN_TECHNICAL	EAS			
HML-2_8q24.3c	HG00514_h1_HML-2_8q24.3b_technical_error	HML-2_8q24.3b	HG00514	h1	Validator_Script	HML-2_8q24.3b|HG00514|h1|none|NA|NA	0	0	NA	NA	NO_EXACT_RETAINED_RECORD				NOT_ASSESSED_NO_EXACT_RETAINED_RECORD				UNKNOWN_TECHNICAL	EAS			
HML-2_8q24.3c	HG00514_h2_HML-2_8q24.3b_technical_error	HML-2_8q24.3b	HG00514	h2	Validator_Script	HML-2_8q24.3b|HG00514|h2|none|NA|NA	0	0	NA	NA	NO_EXACT_RETAINED_RECORD				NOT_ASSESSED_NO_EXACT_RETAINED_RECORD				UNKNOWN_TECHNICAL	EAS			
HML-2_8q24.3c	HG00544_mat_hprc_r2_v1.0.1_HML-2_8q24.3b	HML-2_8q24.3b	HG00544	mat	Successful_Empty_Site	HML-2_8q24.3b|HG00544|mat|none|historical_source/cluster/HML2_project/processed_loci/HML-2_8q24.3b/HG00544_mat_hprc_r2_v1.0.1_HML-2_8q24.3b.fa|d5f93513d5f1639d44a6b4cddb89473f1d7248d0c046f4da817c986acbb38d7c	0	0	NA	NA	NO_EXACT_RETAINED_RECORD				NOT_ASSESSED_NO_EXACT_RETAINED_RECORD				NONCARRIER_SENTINEL_OBSERVATION	EAS			
HML-2_8q24.3c	HG00544_pat_hprc_r2_v1.0.1_HML-2_8q24.3b	HML-2_8q24.3b	HG00544	pat	Successful_Empty_Site	HML-2_8q24.3b|HG00544|pat|none|historical_source/cluster/HML2_project/processed_loci/HML-2_8q24.3b/HG00544_pat_hprc_r2_v1.0.1_HML-2_8q24.3b.fa|5f46cbb769f7e75a6597220e38b0503fb65c58d44052c4af61c1fae364185315	0	0	NA	NA	NO_EXACT_RETAINED_RECORD				NOT_ASSESSED_NO_EXACT_RETAINED_RECORD				NONCARRIER_SENTINEL_OBSERVATION	EAS			
HML-2_8q24.3c	HG00558_mat_hprc_r2_v1.0.1_HML-2_8q24.3b	HML-2_8q24.3b	HG00558	mat	Successful_Empty_Site	HML-2_8q24.3b|HG00558|mat|none|historical_source/cluster/HML2_project/processed_loci/HML-2_8q24.3b/HG00558_mat_hprc_r2_v1.0.1_HML-2_8q24.3b.fa|ccb4925ed8675dea96bd3f76f390cffd91ef97ca8f3f87be907af5cd0008c4bb	0	0	NA	NA	NO_EXACT_RETAINED_RECORD				NOT_ASSESSED_NO_EXACT_RETAINED_RECORD				NONCARRIER_SENTINEL_OBSERVATION	EAS			
HML-2_8q24.3c	HG00558_pat_hprc_r2_v1.0.1_HML-2_8q24.3b	HML-2_8q24.3b	HG00558	pat	Successful_Empty_Site	HML-2_8q24.3b|HG00558|pat|none|historical_source/cluster/HML2_project/processed_loci/HML-2_8q24.3b/HG00558_pat_hprc_r2_v1.0.1_HML-2_8q24.3b.fa|d5e8839fa5ec5ec3a04da7ef2a72bf1b61c6e216ae03f3bcf0c006408c55fff5	0	0	NA	NA	NO_EXACT_RETAINED_RECORD				NOT_ASSESSED_NO_EXACT_RETAINED_RECORD				NONCARRIER_SENTINEL_OBSERVATION	EAS			
HML-2_8q24.3c	HG00597_mat_hprc_r2_v1.0.1_HML-2_8q24.3b	HML-2_8q24.3b	HG00597	mat	Successful_Empty_Site	HML-2_8q24.3b|HG00597|mat|none|historical_source/cluster/HML2_project/processed_loci/HML-2_8q24.3b/HG00597_mat_hprc_r2_v1.0.1_HML-2_8q24.3b.fa|af293e1f32fa274d99e361fd590e9b468588b841ace80db47864992ae05dc751	0	0	NA	NA	NO_EXACT_RETAINED_RECORD				NOT_ASSESSED_NO_EXACT_RETAINED_RECORD				NONCARRIER_SENTINEL_OBSERVATION	EAS			
HML-2_8q24.3c	HG00597_pat_hprc_r2_v1.0.1_HML-2_8q24.3b	HML-2_8q24.3b	HG00597	pat	Successful_Empty_Site	HML-2_8q24.3b|HG00597|pat|none|historical_source/cluster/HML2_project/processed_loci/HML-2_8q24.3b/HG00597_pat_hprc_r2_v1.0.1_HML-2_8q24.3b.fa|12a484dc93bda47e07ab2d8f728256d674eabbb2973720a77ce06ffec5172a8a	0	0	NA	NA	NO_EXACT_RETAINED_RECORD				NOT_ASSESSED_NO_EXACT_RETAINED_RECORD				NONCARRIER_SENTINEL_OBSERVATION	EAS			
HML-2_8q24.3c	HG00609_mat_hprc_r2_v1.0.1_HML-2_8q24.3b	HML-2_8q24.3b	HG00609	mat	Successful_Empty_Site	HML-2_8q24.3b|HG00609|mat|none|historical_source/cluster/HML2_project/processed_loci/HML-2_8q24.3b/HG00609_mat_hprc_r2_v1.0.1_HML-2_8q24.3b.fa|95d73cf9b1d2ddb88c8687b7d634bfc91be1d1303524545c0fb4d77c907b98ad	0	0	NA	NA	NO_EXACT_RETAINED_RECORD				NOT_ASSESSED_NO_EXACT_RETAINED_RECORD				NONCARRIER_SENTINEL_OBSERVATION	EAS			
HML-2_8q24.3c	HG00609_pat_hprc_r2_v1.0.1_HML-2_8q24.3b	HML-2_8q24.3b	HG00609	pat	Successful_Empty_Site	HML-2_8q24.3b|HG00609|pat|none|historical_source/cluster/HML2_project/processed_loci/HML-2_8q24.3b/HG00609_pat_hprc_r2_v1.0.1_HML-2_8q24.3b.fa|e3cb78d391628b40df07c44f935b48223529c9d16f46da639d3ae31724545db4	0	0	NA	NA	NO_EXACT_RETAINED_RECORD				NOT_ASSESSED_NO_EXACT_RETAINED_RECORD				NONCARRIER_SENTINEL_OBSERVATION	EAS			
HML-2_8q24.3c	HG00621_mat_hprc_r2_v1.0.1_HML-2_8q24.3b	HML-2_8q24.3b	HG00621	mat	Successful_Empty_Site	HML-2_8q24.3b|HG00621|mat|none|historical_source/cluster/HML2_project/processed_loci/HML-2_8q24.3b/HG00621_mat_hprc_r2_v1.0.1_HML-2_8q24.3b.fa|fecdb21803a1d8dbff0c41bc6e6fa4c43fcda3583c1c370292238cf5c1ac9003	0	0	NA	NA	NO_EXACT_RETAINED_RECORD				NOT_ASSESSED_NO_EXACT_RETAINED_RECORD				NONCARRIER_SENTINEL_OBSERVATION	EAS			
HML-2_8q24.3c	HG00621_pat_hprc_r2_v1.0.1_HML-2_8q24.3b	HML-2_8q24.3b	HG00621	pat	Successful_Empty_Site	HML-2_8q24.3b|HG00621|pat|none|historical_source/cluster/HML2_project/processed_loci/HML-2_8q24.3b/HG00621_pat_hprc_r2_v1.0.1_HML-2_8q24.3b.fa|9f370eb2377d2c6298ae3c149104c361473aa474e5da0db1609be33f569191bb	0	0	NA	NA	NO_EXACT_RETAINED_RECORD				NOT_ASSESSED_NO_EXACT_RETAINED_RECORD				NONCARRIER_SENTINEL_OBSERVATION	EAS			
HML-2_8q24.3c	HG00639_mat_hprc_r2_v1.0.1_HML-2_8q24.3b	HML-2_8q24.3b	HG00639	mat	Successful_Empty_Site	HML-2_8q24.3b|HG00639|mat|none|historical_source/cluster/HML2_project/processed_loci/HML-2_8q24.3b/HG00639_mat_hprc_r2_v1.0.1_HML-2_8q24.3b.fa|ac1a321074d3efc6fc98f20f8044cc1a3470bffc15ef54ad075b01f86fd66140	0	0	NA	NA	NO_EXACT_RETAINED_RECORD				NOT_ASSESSED_NO_EXACT_RETAINED_RECORD				NONCARRIER_SENTINEL_OBSERVATION	AMR			
HML-2_8q24.3c	HG00639_pat_hprc_r2_v1.0.1_HML-2_8q24.3b	HML-2_8q24.3b	HG00639	pat	Successful_Empty_Site	HML-2_8q24.3b|HG00639|pat|none|historical_source/cluster/HML2_project/processed_loci/HML-2_8q24.3b/HG00639_pat_hprc_r2_v1.0.1_HML-2_8q24.3b.fa|5f2c42e34413105a69b354f55d8904b67800777a6f5c0ad16764645d1ede3ee7	0	0	NA	NA	NO_EXACT_RETAINED_RECORD				NOT_ASSESSED_NO_EXACT_RETAINED_RECORD				NONCARRIER_SENTINEL_OBSERVATION	AMR			
HML-2_8q24.3c	HG00642_mat_hprc_r2_v1.0.1_HML-2_8q24.3b	HML-2_8q24.3b	HG00642	mat	Successful_Empty_Site	HML-2_8q24.3b|HG00642|mat|none|historical_source/cluster/HML2_project/processed_loci/HML-2_8q24.3b/HG00642_mat_hprc_r2_v1.0.1_HML-2_8q24.3b.fa|90bb1b27ec55e59508b673788ce5cdb237db6097bf31c50e6a63dc2895eb1a01	0	0	NA	NA	NO_EXACT_RETAINED_RECORD				NOT_ASSESSED_NO_EXACT_RETAINED_RECORD				NONCARRIER_SENTINEL_OBSERVATION	AMR			
HML-2_8q24.3c	HG00642_pat_hprc_r2_v1.0.1_HML-2_8q24.3b	HML-2_8q24.3b	HG00642	pat	Successful_Empty_Site	HML-2_8q24.3b|HG00642|pat|none|historical_source/cluster/HML2_project/processed_loci/HML-2_8q24.3b/HG00642_pat_hprc_r2_v1.0.1_HML-2_8q24.3b.fa|7480d1952903edc52788f10230bbeb73efff464fb34ff90c33f83b85f39f722f	0	0	NA	NA	NO_EXACT_RETAINED_RECORD				NOT_ASSESSED_NO_EXACT_RETAINED_RECORD				NONCARRIER_SENTINEL_OBSERVATION	AMR			
HML-2_8q24.3c	HG00658_mat_hprc_r2_v1.0.1_HML-2_8q24.3b	HML-2_8q24.3b	HG00658	mat	Successful_Empty_Site	HML-2_8q24.3b|HG00658|mat|none|historical_source/cluster/HML2_project/processed_loci/HML-2_8q24.3b/HG00658_mat_hprc_r2_v1.0.1_HML-2_8q24.3b.fa|c1df8c76599e3a6e9d4d91a14f1bb7ff87ec10e0284521ab0793dd661413444c	0	0	NA	NA	NO_EXACT_RETAINED_RECORD				NOT_ASSESSED_NO_EXACT_RETAINED_RECORD				NONCARRIER_SENTINEL_OBSERVATION	EAS			
HML-2_8q24.3c	HG00658_pat_hprc_r2_v1.0.1_HML-2_8q24.3b	HML-2_8q24.3b	HG00658	pat	Successful_Empty_Site	HML-2_8q24.3b|HG00658|pat|none|historical_source/cluster/HML2_project/processed_loci/HML-2_8q24.3b/HG00658_pat_hprc_r2_v1.0.1_HML-2_8q24.3b.fa|40f54c48094d8d42650bb14bef47b46b3f03063e6f2ea94490049e9894583988	0	0	NA	NA	NO_EXACT_RETAINED_RECORD				NOT_ASSESSED_NO_EXACT_RETAINED_RECORD				NONCARRIER_SENTINEL_OBSERVATION	EAS			
HML-2_8q24.3c	HG00673_mat_hprc_r2_v1.0.1_HML-2_8q24.3b	HML-2_8q24.3b	HG00673	mat	Successful_Empty_Site	HML-2_8q24.3b|HG00673|mat|none|historical_source/cluster/HML2_project/processed_loci/HML-2_8q24.3b/HG00673_mat_hprc_r2_v1.0.1_HML-2_8q24.3b.fa|8b84e1d509ce5993bd1d20b5415e86bc8d15c2a76f7a008b73d35b250f50ad78	0	0	NA	NA	NO_EXACT_RETAINED_RECORD				NOT_ASSESSED_NO_EXACT_RETAINED_RECORD				NONCARRIER_SENTINEL_OBSERVATION	EAS			
HML-2_8q24.3c	HG00673_pat_hprc_r2_v1.0.1_HML-2_8q24.3b	HML-2_8q24.3b	HG00673	pat	Successful_Empty_Site	HML-2_8q24.3b|HG00673|pat|none|historical_source/cluster/HML2_project/processed_loci/HML-2_8q24.3b/HG00673_pat_hprc_r2_v1.0.1_HML-2_8q24.3b.fa|6c7f47dc7c197bac3ef2f3254bdb826e3ba91fa34f9e0ec68ae22897f05a09b0	0	0	NA	NA	NO_EXACT_RETAINED_RECORD				NOT_ASSESSED_NO_EXACT_RETAINED_RECORD				NONCARRIER_SENTINEL_OBSERVATION	EAS			
HML-2_8q24.3c	HG00706_mat_hprc_r2_v1.0.1_HML-2_8q24.3b	HML-2_8q24.3b	HG00706	mat	Successful_Empty_Site	HML-2_8q24.3b|HG00706|mat|none|historical_source/cluster/HML2_project/processed_loci/HML-2_8q24.3b/HG00706_mat_hprc_r2_v1.0.1_HML-2_8q24.3b.fa|0c76f9d74fc72ec8c579c01da5eb6b8248a40ccc3c13804bf207c309ca94b5b1	0	0	NA	NA	NO_EXACT_RETAINED_RECORD				NOT_ASSESSED_NO_EXACT_RETAINED_RECORD				NONCARRIER_SENTINEL_OBSERVATION	EAS			
HML-2_8q24.3c	HG00706_pat_hprc_r2_v1.0.1_HML-2_8q24.3b	HML-2_8q24.3b	HG00706	pat	Successful_Empty_Site	HML-2_8q24.3b|HG00706|pat|none|historical_source/cluster/HML2_project/processed_loci/HML-2_8q24.3b/HG00706_pat_hprc_r2_v1.0.1_HML-2_8q24.3b.fa|ab419a42d5fb6b69ae06be671daaf3b15790bfeab4ca9135ddf5ac9711622a9a	0	0	NA	NA	NO_EXACT_RETAINED_RECORD				NOT_ASSESSED_NO_EXACT_RETAINED_RECORD				NONCARRIER_SENTINEL_OBSERVATION	EAS			
HML-2_8q24.3c	HG00731_h1_HML-2_8q24.3b_technical_error	HML-2_8q24.3b	HG00731	h1	Validator_Script	HML-2_8q24.3b|HG00731|h1|none|NA|NA	0	0	NA	NA	NO_EXACT_RETAINED_RECORD				NOT_ASSESSED_NO_EXACT_RETAINED_RECORD				UNKNOWN_TECHNICAL	AMR			
HML-2_8q24.3c	HG00731_h2_HML-2_8q24.3b_technical_error	HML-2_8q24.3b	HG00731	h2	Validator_Script	HML-2_8q24.3b|HG00731|h2|none|NA|NA	0	0	NA	NA	NO_EXACT_RETAINED_RECORD				NOT_ASSESSED_NO_EXACT_RETAINED_RECORD				UNKNOWN_TECHNICAL	AMR			
HML-2_8q24.3c	HG00732_h1_HML-2_8q24.3b_technical_error	HML-2_8q24.3b	HG00732	h1	Validator_Script	HML-2_8q24.3b|HG00732|h1|none|NA|NA	0	0	NA	NA	NO_EXACT_RETAINED_RECORD				NOT_ASSESSED_NO_EXACT_RETAINED_RECORD				UNKNOWN_TECHNICAL	AMR			
HML-2_8q24.3c	HG00732_h2_HML-2_8q24.3b_technical_error	HML-2_8q24.3b	HG00732	h2	Validator_Script	HML-2_8q24.3b|HG00732|h2|none|NA|NA	0	0	NA	NA	NO_EXACT_RETAINED_RECORD				NOT_ASSESSED_NO_EXACT_RETAINED_RECORD				UNKNOWN_TECHNICAL	AMR			
HML-2_8q24.3c	HG00733_mat_hprc_r2_v1.0.1_HML-2_8q24.3b	HML-2_8q24.3b	HG00733	mat	Successful_Empty_Site	HML-2_8q24.3b|HG00733|mat|none|historical_source/cluster/HML2_project/processed_loci/HML-2_8q24.3b/HG00733_mat_hprc_r2_v1.0.1_HML-2_8q24.3b.fa|d777a762856196d8b4c73f4a7df9da09374ce89a2de6e710833d73f9df972a8f	0	0	NA	NA	NO_EXACT_RETAINED_RECORD				NOT_ASSESSED_NO_EXACT_RETAINED_RECORD				NONCARRIER_SENTINEL_OBSERVATION	AMR			
HML-2_8q24.3c	HG00733_pat_hprc_r2_v1.0.1_HML-2_8q24.3b	HML-2_8q24.3b	HG00733	pat	Successful_Empty_Site	HML-2_8q24.3b|HG00733|pat|none|historical_source/cluster/HML2_project/processed_loci/HML-2_8q24.3b/HG00733_pat_hprc_r2_v1.0.1_HML-2_8q24.3b.fa|d6a84fb966a87b5dd730e9ac2e7e94b0d2b13623eefdd6be53ab2fc40f62d166	0	0	NA	NA	NO_EXACT_RETAINED_RECORD				NOT_ASSESSED_NO_EXACT_RETAINED_RECORD				NONCARRIER_SENTINEL_OBSERVATION	AMR			
HML-2_8q24.3c	HG00735_mat_hprc_r2_v1.0.1_HML-2_8q24.3b	HML-2_8q24.3b	HG00735	mat	Successful_Empty_Site	HML-2_8q24.3b|HG00735|mat|none|historical_source/cluster/HML2_project/processed_loci/HML-2_8q24.3b/HG00735_mat_hprc_r2_v1.0.1_HML-2_8q24.3b.fa|e586d431a066476d9f651db94753390c7a66c3ce11d0d2c765e410b05f3a6955	0	0	NA	NA	NO_EXACT_RETAINED_RECORD				NOT_ASSESSED_NO_EXACT_RETAINED_RECORD				NONCARRIER_SENTINEL_OBSERVATION	AMR			
HML-2_8q24.3c	HG00735_pat_hprc_r2_v1.0.1_HML-2_8q24.3b	HML-2_8q24.3b	HG00735	pat	Successful_Empty_Site	HML-2_8q24.3b|HG00735|pat|none|historical_source/cluster/HML2_project/processed_loci/HML-2_8q24.3b/HG00735_pat_hprc_r2_v1.0.1_HML-2_8q24.3b.fa|a0084d0c98f3f332589812e4f2be5e0a469610081986207622416ab0e3f1880a	0	0	NA	NA	NO_EXACT_RETAINED_RECORD				NOT_ASSESSED_NO_EXACT_RETAINED_RECORD				NONCARRIER_SENTINEL_OBSERVATION	AMR			
HML-2_8q24.3c	HG00738_mat_hprc_r2_v1.0.1_HML-2_8q24.3b	HML-2_8q24.3b	HG00738	mat	Successful_Empty_Site	HML-2_8q24.3b|HG00738|mat|none|historical_source/cluster/HML2_project/processed_loci/HML-2_8q24.3b/HG00738_mat_hprc_r2_v1.0.1_HML-2_8q24.3b.fa|fa96209f9e88e62b3400eaccfe96e42445ec72f2ad946f7d57ef5e1257b0473c	0	0	NA	NA	NO_EXACT_RETAINED_RECORD				NOT_ASSESSED_NO_EXACT_RETAINED_RECORD				NONCARRIER_SENTINEL_OBSERVATION	AMR			
HML-2_8q24.3c	HG00738_pat_hprc_r2_v1.0.1_HML-2_8q24.3b	HML-2_8q24.3b	HG00738	pat	Successful_Empty_Site	HML-2_8q24.3b|HG00738|pat|none|historical_source/cluster/HML2_project/processed_loci/HML-2_8q24.3b/HG00738_pat_hprc_r2_v1.0.1_HML-2_8q24.3b.fa|5fa6cfd3b338a42d0f709ba17c5b4f3200568f141f001367e02aab376475f26c	0	0	NA	NA	NO_EXACT_RETAINED_RECORD				NOT_ASSESSED_NO_EXACT_RETAINED_RECORD				NONCARRIER_SENTINEL_OBSERVATION	AMR			
HML-2_8q24.3c	HG00741_mat_hprc_r2_v1.0.1_HML-2_8q24.3b	HML-2_8q24.3b	HG00741	mat	Successful_Empty_Site	HML-2_8q24.3b|HG00741|mat|none|historical_source/cluster/HML2_project/processed_loci/HML-2_8q24.3b/HG00741_mat_hprc_r2_v1.0.1_HML-2_8q24.3b.fa|322b7987b2ebb439709bde36afefd7da29499f38c0d98e4f615eb97e6a8dc359	0	0	NA	NA	NO_EXACT_RETAINED_RECORD				NOT_ASSESSED_NO_EXACT_RETAINED_RECORD				NONCARRIER_SENTINEL_OBSERVATION	AMR			
HML-2_8q24.3c	HG00741_pat_hprc_r2_v1.0.1_HML-2_8q24.3b	HML-2_8q24.3b	HG00741	pat	Successful_Empty_Site	HML-2_8q24.3b|HG00741|pat|none|historical_source/cluster/HML2_project/processed_loci/HML-2_8q24.3b/HG00741_pat_hprc_r2_v1.0.1_HML-2_8q24.3b.fa|d3eec2cacd0a9d56bd2c85746120f429566c289782e92525b25627d6f4139dd5	0	0	NA	NA	NO_EXACT_RETAINED_RECORD				NOT_ASSESSED_NO_EXACT_RETAINED_RECORD				NONCARRIER_SENTINEL_OBSERVATION	AMR			
HML-2_8q24.3c	HG00864_h1_HML-2_8q24.3b_technical_error	HML-2_8q24.3b	HG00864	h1	Validator_Script	HML-2_8q24.3b|HG00864|h1|none|NA|NA	0	0	NA	NA	NO_EXACT_RETAINED_RECORD				NOT_ASSESSED_NO_EXACT_RETAINED_RECORD				UNKNOWN_TECHNICAL	EAS			
HML-2_8q24.3c	HG00864_h2_HML-2_8q24.3b_technical_error	HML-2_8q24.3b	HG00864	h2	Validator_Script	HML-2_8q24.3b|HG00864|h2|none|NA|NA	0	0	NA	NA	NO_EXACT_RETAINED_RECORD				NOT_ASSESSED_NO_EXACT_RETAINED_RECORD				UNKNOWN_TECHNICAL	EAS			
HML-2_8q24.3c	HG01071_mat_hprc_r2_v1.0.1_HML-2_8q24.3b	HML-2_8q24.3b	HG01071	mat	Successful_Empty_Site	HML-2_8q24.3b|HG01071|mat|none|historical_source/cluster/HML2_project/processed_loci/HML-2_8q24.3b/HG01071_mat_hprc_r2_v1.0.1_HML-2_8q24.3b.fa|e4fdd46e6c1a2c0502ac83d903fab5cb27aeb9226ca290189c6cbea24be7d078	0	0	NA	NA	NO_EXACT_RETAINED_RECORD				NOT_ASSESSED_NO_EXACT_RETAINED_RECORD				NONCARRIER_SENTINEL_OBSERVATION	AMR			
HML-2_8q24.3c	HG01071_pat_hprc_r2_v1.0.1_HML-2_8q24.3b	HML-2_8q24.3b	HG01071	pat	Successful_Empty_Site	HML-2_8q24.3b|HG01071|pat|none|historical_source/cluster/HML2_project/processed_loci/HML-2_8q24.3b/HG01071_pat_hprc_r2_v1.0.1_HML-2_8q24.3b.fa|46dd9e335185bf794c5dd8d70db4986937df258954592b7054c345872dd13e46	0	0	NA	NA	NO_EXACT_RETAINED_RECORD				NOT_ASSESSED_NO_EXACT_RETAINED_RECORD				NONCARRIER_SENTINEL_OBSERVATION	AMR			
HML-2_8q24.3c	HG01074_mat_hprc_r2_v1.0.1_HML-2_8q24.3b	HML-2_8q24.3b	HG01074	mat	Successful_Empty_Site	HML-2_8q24.3b|HG01074|mat|none|historical_source/cluster/HML2_project/processed_loci/HML-2_8q24.3b/HG01074_mat_hprc_r2_v1.0.1_HML-2_8q24.3b.fa|4f83d70e12d84375452ce67cbb433e34ad4d0b6ef1d02ad18aa9831513cc612b	0	0	NA	NA	NO_EXACT_RETAINED_RECORD				NOT_ASSESSED_NO_EXACT_RETAINED_RECORD				NONCARRIER_SENTINEL_OBSERVATION	AMR			
HML-2_8q24.3c	HG01074_pat_hprc_r2_v1.0.1_HML-2_8q24.3b	HML-2_8q24.3b	HG01074	pat	Successful_Empty_Site	HML-2_8q24.3b|HG01074|pat|none|historical_source/cluster/HML2_project/processed_loci/HML-2_8q24.3b/HG01074_pat_hprc_r2_v1.0.1_HML-2_8q24.3b.fa|9513d8b46792c1a243b824cd287245df87357eace02be0ead7ff4c1740beb630	0	0	NA	NA	NO_EXACT_RETAINED_RECORD				NOT_ASSESSED_NO_EXACT_RETAINED_RECORD				NONCARRIER_SENTINEL_OBSERVATION	AMR			
HML-2_8q24.3c	HG01081_mat_hprc_r2_v1.0.1_HML-2_8q24.3b	HML-2_8q24.3b	HG01081	mat	Successful_Empty_Site	HML-2_8q24.3b|HG01081|mat|none|historical_source/cluster/HML2_project/processed_loci/HML-2_8q24.3b/HG01081_mat_hprc_r2_v1.0.1_HML-2_8q24.3b.fa|daac1fb209f7ca5ec80daefd2973db71604f5747eaceae404887451fcd29107a	0	0	NA	NA	NO_EXACT_RETAINED_RECORD				NOT_ASSESSED_NO_EXACT_RETAINED_RECORD				NONCARRIER_SENTINEL_OBSERVATION	AMR			
HML-2_8q24.3c	HG01081_pat_hprc_r2_v1.0.1_HML-2_8q24.3b	HML-2_8q24.3b	HG01081	pat	Successful_Empty_Site	HML-2_8q24.3b|HG01081|pat|none|historical_source/cluster/HML2_project/processed_loci/HML-2_8q24.3b/HG01081_pat_hprc_r2_v1.0.1_HML-2_8q24.3b.fa|764323ff749cd3ea8c6d4e7a5245acdd14b2b17ffe7a23ab306604bd6ec83ae4	0	0	NA	NA	NO_EXACT_RETAINED_RECORD				NOT_ASSESSED_NO_EXACT_RETAINED_RECORD				NONCARRIER_SENTINEL_OBSERVATION	AMR			
HML-2_8q24.3c	HG01099_mat_hprc_r2_v1.0.1_HML-2_8q24.3b	HML-2_8q24.3b	HG01099	mat	Successful_Empty_Site	HML-2_8q24.3b|HG01099|mat|none|historical_source/cluster/HML2_project/processed_loci/HML-2_8q24.3b/HG01099_mat_hprc_r2_v1.0.1_HML-2_8q24.3b.fa|4970d48706daa72b940457da257ad2e05e03b90f96ea39bd6d78119eb375fe65	0	0	NA	NA	NO_EXACT_RETAINED_RECORD				NOT_ASSESSED_NO_EXACT_RETAINED_RECORD				NONCARRIER_SENTINEL_OBSERVATION	AMR			
HML-2_8q24.3c	HG01099_pat_hprc_r2_v1.0.1_HML-2_8q24.3b	HML-2_8q24.3b	HG01099	pat	Successful_Empty_Site	HML-2_8q24.3b|HG01099|pat|none|historical_source/cluster/HML2_project/processed_loci/HML-2_8q24.3b/HG01099_pat_hprc_r2_v1.0.1_HML-2_8q24.3b.fa|cd2dde782d483dd6f86cabc3915f4eec133280c19c53e0a29308ba1fc329d0cc	0	0	NA	NA	NO_EXACT_RETAINED_RECORD				NOT_ASSESSED_NO_EXACT_RETAINED_RECORD				NONCARRIER_SENTINEL_OBSERVATION	AMR			
HML-2_8q24.3c	HG01106_mat_hprc_r2_v1.0.1_HML-2_8q24.3b	HML-2_8q24.3b	HG01106	mat	Successful_Empty_Site	HML-2_8q24.3b|HG01106|mat|none|historical_source/cluster/HML2_project/processed_loci/HML-2_8q24.3b/HG01106_mat_hprc_r2_v1.0.1_HML-2_8q24.3b.fa|e8f3335e53154f3ac55cafcf08b24681b43d46ff00e9070ca4541c5d35c2cd4e	0	0	NA	NA	NO_EXACT_RETAINED_RECORD				NOT_ASSESSED_NO_EXACT_RETAINED_RECORD				NONCARRIER_SENTINEL_OBSERVATION	AMR			
HML-2_8q24.3c	HG01106_pat_hprc_r2_v1.0.1_HML-2_8q24.3b	HML-2_8q24.3b	HG01106	pat	Successful_Empty_Site	HML-2_8q24.3b|HG01106|pat|none|historical_source/cluster/HML2_project/processed_loci/HML-2_8q24.3b/HG01106_pat_hprc_r2_v1.0.1_HML-2_8q24.3b.fa|58918277bb53e68b50d0d07c8742919421075a749dcc11c32965e4e13a711fbe	0	0	NA	NA	NO_EXACT_RETAINED_RECORD				NOT_ASSESSED_NO_EXACT_RETAINED_RECORD				NONCARRIER_SENTINEL_OBSERVATION	AMR			
HML-2_8q24.3c	HG01109_mat_hprc_r2_v1.0.1_HML-2_8q24.3b	HML-2_8q24.3b	HG01109	mat	Successful_Empty_Site	HML-2_8q24.3b|HG01109|mat|none|historical_source/cluster/HML2_project/processed_loci/HML-2_8q24.3b/HG01109_mat_hprc_r2_v1.0.1_HML-2_8q24.3b.fa|fe7edf3a718f195c6727253284f968befdfad72fb851fd536a96e539f8d6d93d	0	0	NA	NA	NO_EXACT_RETAINED_RECORD				NOT_ASSESSED_NO_EXACT_RETAINED_RECORD				NONCARRIER_SENTINEL_OBSERVATION	AMR			
HML-2_8q24.3c	HG01109_pat_hprc_r2_v1.0.1_HML-2_8q24.3b	HML-2_8q24.3b	HG01109	pat	Successful_Empty_Site	HML-2_8q24.3b|HG01109|pat|none|historical_source/cluster/HML2_project/processed_loci/HML-2_8q24.3b/HG01109_pat_hprc_r2_v1.0.1_HML-2_8q24.3b.fa|61643a9508ac33b51f9bb6a76206ba44d7dabcdd4844ad864f600c977f9886d3	0	0	NA	NA	NO_EXACT_RETAINED_RECORD				NOT_ASSESSED_NO_EXACT_RETAINED_RECORD				NONCARRIER_SENTINEL_OBSERVATION	AMR			
HML-2_8q24.3c	HG01114_h1_HML-2_8q24.3b_technical_error	HML-2_8q24.3b	HG01114	h1	Validator_Script	HML-2_8q24.3b|HG01114|h1|none|NA|NA	0	0	NA	NA	NO_EXACT_RETAINED_RECORD				NOT_ASSESSED_NO_EXACT_RETAINED_RECORD				UNKNOWN_TECHNICAL	AMR			
HML-2_8q24.3c	HG01114_h2_HML-2_8q24.3b_technical_error	HML-2_8q24.3b	HG01114	h2	Validator_Script	HML-2_8q24.3b|HG01114|h2|none|NA|NA	0	0	NA	NA	NO_EXACT_RETAINED_RECORD				NOT_ASSESSED_NO_EXACT_RETAINED_RECORD				UNKNOWN_TECHNICAL	AMR			
HML-2_8q24.3c	HG01123_mat_hprc_r2_v1.0.1_HML-2_8q24.3b	HML-2_8q24.3b	HG01123	mat	Successful_Empty_Site	HML-2_8q24.3b|HG01123|mat|none|historical_source/cluster/HML2_project/processed_loci/HML-2_8q24.3b/HG01123_mat_hprc_r2_v1.0.1_HML-2_8q24.3b.fa|00221dccf5847b7cf98270476c1defdad301e21532171807aa81bc406cdb83fb	0	0	NA	NA	NO_EXACT_RETAINED_RECORD				NOT_ASSESSED_NO_EXACT_RETAINED_RECORD				NONCARRIER_SENTINEL_OBSERVATION	AMR			
HML-2_8q24.3c	HG01123_pat_hprc_r2_v1.0.1_HML-2_8q24.3b	HML-2_8q24.3b	HG01123	pat	Successful_Empty_Site	HML-2_8q24.3b|HG01123|pat|none|historical_source/cluster/HML2_project/processed_loci/HML-2_8q24.3b/HG01123_pat_hprc_r2_v1.0.1_HML-2_8q24.3b.fa|9af0c666ad58bf9198951c8fd1cc73f8ba37cd30778f3b30b916765066542396	0	0	NA	NA	NO_EXACT_RETAINED_RECORD				NOT_ASSESSED_NO_EXACT_RETAINED_RECORD				NONCARRIER_SENTINEL_OBSERVATION	AMR			
HML-2_8q24.3c	HG01150_mat_hprc_r2_v1.0.1_HML-2_8q24.3b	HML-2_8q24.3b	HG01150	mat	Successful_Empty_Site	HML-2_8q24.3b|HG01150|mat|none|historical_source/cluster/HML2_project/processed_loci/HML-2_8q24.3b/HG01150_mat_hprc_r2_v1.0.1_HML-2_8q24.3b.fa|570e84d39ea41f410847358b8b136b00e11dc796fb702318c1a55dfee12eb2b3	0	0	NA	NA	NO_EXACT_RETAINED_RECORD				NOT_ASSESSED_NO_EXACT_RETAINED_RECORD				NONCARRIER_SENTINEL_OBSERVATION	AMR			
HML-2_8q24.3c	HG01150_pat_hprc_r2_v1.0.1_HML-2_8q24.3b	HML-2_8q24.3b	HG01150	pat	Successful_Empty_Site	HML-2_8q24.3b|HG01150|pat|none|historical_source/cluster/HML2_project/processed_loci/HML-2_8q24.3b/HG01150_pat_hprc_r2_v1.0.1_HML-2_8q24.3b.fa|6035f200e5c6a295d9b04344448d3c76d555af2a3b140622c0fd1bcabdd1cf67	0	0	NA	NA	NO_EXACT_RETAINED_RECORD				NOT_ASSESSED_NO_EXACT_RETAINED_RECORD				NONCARRIER_SENTINEL_OBSERVATION	AMR			
HML-2_8q24.3c	HG01167_hap1_hprc_r2_v1.0.1_HML-2_8q24.3b	HML-2_8q24.3b	HG01167	h1	Successful_Empty_Site	HML-2_8q24.3b|HG01167|h1|none|historical_source/cluster/HML2_project/processed_loci/HML-2_8q24.3b/HG01167_hap1_hprc_r2_v1.0.1_HML-2_8q24.3b.fa|a93786b6eaf924e6a78d75a5354d4b8a76aaef34f3035a952987e242eaf0c7e2	0	0	NA	NA	NO_EXACT_RETAINED_RECORD				NOT_ASSESSED_NO_EXACT_RETAINED_RECORD				NONCARRIER_SENTINEL_OBSERVATION	AMR			
HML-2_8q24.3c	HG01167_hap2_hprc_r2_v1.0.1_HML-2_8q24.3b	HML-2_8q24.3b	HG01167	h2	Successful_Empty_Site	HML-2_8q24.3b|HG01167|h2|none|historical_source/cluster/HML2_project/processed_loci/HML-2_8q24.3b/HG01167_hap2_hprc_r2_v1.0.1_HML-2_8q24.3b.fa|a8b66d77083c1f24ac425ff489dcb6b52f71522a92913ad950c8c7b7dddfdd8f	0	0	NA	NA	NO_EXACT_RETAINED_RECORD				NOT_ASSESSED_NO_EXACT_RETAINED_RECORD				NONCARRIER_SENTINEL_OBSERVATION	AMR			
HML-2_8q24.3c	HG01175_mat_hprc_r2_v1.0.1_HML-2_8q24.3b	HML-2_8q24.3b	HG01175	mat	Successful_Empty_Site	HML-2_8q24.3b|HG01175|mat|none|historical_source/cluster/HML2_project/processed_loci/HML-2_8q24.3b/HG01175_mat_hprc_r2_v1.0.1_HML-2_8q24.3b.fa|f9483402c502ad785483d6dd3b5ffdbd2b9f3d379b57b0a086a0dc125f49ec35	0	0	NA	NA	NO_EXACT_RETAINED_RECORD				NOT_ASSESSED_NO_EXACT_RETAINED_RECORD				NONCARRIER_SENTINEL_OBSERVATION	AMR			
HML-2_8q24.3c	HG01175_pat_hprc_r2_v1.0.1_HML-2_8q24.3b	HML-2_8q24.3b	HG01175	pat	Successful_Empty_Site	HML-2_8q24.3b|HG01175|pat|none|historical_source/cluster/HML2_project/processed_loci/HML-2_8q24.3b/HG01175_pat_hprc_r2_v1.0.1_HML-2_8q24.3b.fa|ead6918dfbd59a255827926597c6989c80370dd55ce3a56ab81ef46fa84be53f	0	0	NA	NA	NO_EXACT_RETAINED_RECORD				NOT_ASSESSED_NO_EXACT_RETAINED_RECORD				NONCARRIER_SENTINEL_OBSERVATION	AMR			
HML-2_8q24.3c	HG01192_mat_hprc_r2_v1.0.1_HML-2_8q24.3b	HML-2_8q24.3b	HG01192	mat	Successful_Empty_Site	HML-2_8q24.3b|HG01192|mat|none|historical_source/cluster/HML2_project/processed_loci/HML-2_8q24.3b/HG01192_mat_hprc_r2_v1.0.1_HML-2_8q24.3b.fa|779dc4a11496c51b0049f8d76da0c291086a2f3278c1cefdfb7826e310b92a38	0	0	NA	NA	NO_EXACT_RETAINED_RECORD				NOT_ASSESSED_NO_EXACT_RETAINED_RECORD				NONCARRIER_SENTINEL_OBSERVATION	AMR			
HML-2_8q24.3c	HG01192_pat_hprc_r2_v1.0.1_HML-2_8q24.3b	HML-2_8q24.3b	HG01192	pat	Successful_Empty_Site	HML-2_8q24.3b|HG01192|pat|none|historical_source/cluster/HML2_project/processed_loci/HML-2_8q24.3b/HG01192_pat_hprc_r2_v1.0.1_HML-2_8q24.3b.fa|f98183660b20d72d28ba725a69a0d86608403f3edbc2934a34b439e01d2d41a7	0	0	NA	NA	NO_EXACT_RETAINED_RECORD				NOT_ASSESSED_NO_EXACT_RETAINED_RECORD				NONCARRIER_SENTINEL_OBSERVATION	AMR			
HML-2_8q24.3c	HG01243_mat_hprc_r2_v1.0.1_HML-2_8q24.3b	HML-2_8q24.3b	HG01243	mat	Successful_Empty_Site	HML-2_8q24.3b|HG01243|mat|none|historical_source/cluster/HML2_project/processed_loci/HML-2_8q24.3b/HG01243_mat_hprc_r2_v1.0.1_HML-2_8q24.3b.fa|de79e37e5dd605963e39cbe42fe10824a616dc0b268a78570004abe351eae4aa	0	0	NA	NA	NO_EXACT_RETAINED_RECORD				NOT_ASSESSED_NO_EXACT_RETAINED_RECORD				NONCARRIER_SENTINEL_OBSERVATION	AMR			
HML-2_8q24.3c	HG01243_pat_hprc_r2_v1.0.1_HML-2_8q24.3b	HML-2_8q24.3b	HG01243	pat	Successful_Empty_Site	HML-2_8q24.3b|HG01243|pat|none|historical_source/cluster/HML2_project/processed_loci/HML-2_8q24.3b/HG01243_pat_hprc_r2_v1.0.1_HML-2_8q24.3b.fa|f358340aa918bf9896ca4eda29dd87de6db5677b61eb98947eda2e11dded3651	0	0	NA	NA	NO_EXACT_RETAINED_RECORD				NOT_ASSESSED_NO_EXACT_RETAINED_RECORD				NONCARRIER_SENTINEL_OBSERVATION	AMR			
HML-2_8q24.3c	HG01252_mat_hprc_r2_v1.0.1_HML-2_8q24.3b	HML-2_8q24.3b	HG01252	mat	Successful_Empty_Site	HML-2_8q24.3b|HG01252|mat|none|historical_source/cluster/HML2_project/processed_loci/HML-2_8q24.3b/HG01252_mat_hprc_r2_v1.0.1_HML-2_8q24.3b.fa|5c364b88e6537985f486c9623569e82be361001ef03a4519eba9aaf26d01a6a0	0	0	NA	NA	NO_EXACT_RETAINED_RECORD				NOT_ASSESSED_NO_EXACT_RETAINED_RECORD				NONCARRIER_SENTINEL_OBSERVATION	AMR			
HML-2_8q24.3c	HG01252_pat_hprc_r2_v1.0.1_HML-2_8q24.3b	HML-2_8q24.3b	HG01252	pat	Successful_Empty_Site	HML-2_8q24.3b|HG01252|pat|none|historical_source/cluster/HML2_project/processed_loci/HML-2_8q24.3b/HG01252_pat_hprc_r2_v1.0.1_HML-2_8q24.3b.fa|6ecf365ae1e9bddd2361812174f68621358075c505975b80c2ab489daf58c635	0	0	NA	NA	NO_EXACT_RETAINED_RECORD				NOT_ASSESSED_NO_EXACT_RETAINED_RECORD				NONCARRIER_SENTINEL_OBSERVATION	AMR			
HML-2_8q24.3c	HG01255_mat_hprc_r2_v1.0.1_HML-2_8q24.3b	HML-2_8q24.3b	HG01255	mat	Successful_Empty_Site	HML-2_8q24.3b|HG01255|mat|none|historical_source/cluster/HML2_project/processed_loci/HML-2_8q24.3b/HG01255_mat_hprc_r2_v1.0.1_HML-2_8q24.3b.fa|f4afdc82ad520a32a9d9150b158f263d7d04bc13ae779b7a81a6a26a87043c9f	0	0	NA	NA	NO_EXACT_RETAINED_RECORD				NOT_ASSESSED_NO_EXACT_RETAINED_RECORD				NONCARRIER_SENTINEL_OBSERVATION	AMR			
HML-2_8q24.3c	HG01255_pat_hprc_r2_v1.0.1_HML-2_8q24.3b	HML-2_8q24.3b	HG01255	pat	Successful_Empty_Site	HML-2_8q24.3b|HG01255|pat|none|historical_source/cluster/HML2_project/processed_loci/HML-2_8q24.3b/HG01255_pat_hprc_r2_v1.0.1_HML-2_8q24.3b.fa|efec5518fdd4b76e09ec4e77c9c7d53e32dc8170b58e6563e445254f8a66b29b	0	0	NA	NA	NO_EXACT_RETAINED_RECORD				NOT_ASSESSED_NO_EXACT_RETAINED_RECORD				NONCARRIER_SENTINEL_OBSERVATION	AMR			
HML-2_8q24.3c	HG01258_mat_hprc_r2_v1.0.1_HML-2_8q24.3b	HML-2_8q24.3b	HG01258	mat	Successful_Empty_Site	HML-2_8q24.3b|HG01258|mat|none|historical_source/cluster/HML2_project/processed_loci/HML-2_8q24.3b/HG01258_mat_hprc_r2_v1.0.1_HML-2_8q24.3b.fa|e88415c5708f8e615035250f90171e80161ef964bbc64383381993870332760d	0	0	NA	NA	NO_EXACT_RETAINED_RECORD				NOT_ASSESSED_NO_EXACT_RETAINED_RECORD				NONCARRIER_SENTINEL_OBSERVATION	AMR			
HML-2_8q24.3c	HG01258_pat_hprc_r2_v1.0.1_HML-2_8q24.3b	HML-2_8q24.3b	HG01258	pat	Successful_Empty_Site	HML-2_8q24.3b|HG01258|pat|none|historical_source/cluster/HML2_project/processed_loci/HML-2_8q24.3b/HG01258_pat_hprc_r2_v1.0.1_HML-2_8q24.3b.fa|dcada6c934792099fd4cc541b562660db5792b3f59b419eab38050f0809ca56d	0	0	NA	NA	NO_EXACT_RETAINED_RECORD				NOT_ASSESSED_NO_EXACT_RETAINED_RECORD				NONCARRIER_SENTINEL_OBSERVATION	AMR			
HML-2_8q24.3c	HG01261_mat_hprc_r2_v1.0.1_HML-2_8q24.3b	HML-2_8q24.3b	HG01261	mat	Successful_Empty_Site	HML-2_8q24.3b|HG01261|mat|none|historical_source/cluster/HML2_project/processed_loci/HML-2_8q24.3b/HG01261_mat_hprc_r2_v1.0.1_HML-2_8q24.3b.fa|8a62d1209bc561d51f3e87737fdf2373c03314cb51be873d989ee8982371ae62	0	0	NA	NA	NO_EXACT_RETAINED_RECORD				NOT_ASSESSED_NO_EXACT_RETAINED_RECORD				NONCARRIER_SENTINEL_OBSERVATION	AMR			
HML-2_8q24.3c	HG01261_pat_hprc_r2_v1.0.1_HML-2_8q24.3b	HML-2_8q24.3b	HG01261	pat	Successful_Empty_Site	HML-2_8q24.3b|HG01261|pat|none|historical_source/cluster/HML2_project/processed_loci/HML-2_8q24.3b/HG01261_pat_hprc_r2_v1.0.1_HML-2_8q24.3b.fa|86a2893e0123d0dfc810b08ecd9001bf60382af5f5bdf1786224761a1fe3c320	0	0	NA	NA	NO_EXACT_RETAINED_RECORD				NOT_ASSESSED_NO_EXACT_RETAINED_RECORD				NONCARRIER_SENTINEL_OBSERVATION	AMR			
HML-2_8q24.3c	HG01346_mat_hprc_r2_v1.0.1_HML-2_8q24.3b	HML-2_8q24.3b	HG01346	mat	Successful_Empty_Site	HML-2_8q24.3b|HG01346|mat|none|historical_source/cluster/HML2_project/processed_loci/HML-2_8q24.3b/HG01346_mat_hprc_r2_v1.0.1_HML-2_8q24.3b.fa|270b28b4d7976ad56b70c394ed839daf8b71968aa75978ba2eaae41c995e09d9	0	0	NA	NA	NO_EXACT_RETAINED_RECORD				NOT_ASSESSED_NO_EXACT_RETAINED_RECORD				NONCARRIER_SENTINEL_OBSERVATION	AMR			
HML-2_8q24.3c	HG01346_pat_hprc_r2_v1.0.1_HML-2_8q24.3b	HML-2_8q24.3b	HG01346	pat	Successful_Empty_Site	HML-2_8q24.3b|HG01346|pat|none|historical_source/cluster/HML2_project/processed_loci/HML-2_8q24.3b/HG01346_pat_hprc_r2_v1.0.1_HML-2_8q24.3b.fa|73a80a3681351f373cbcd2e21be9d7a3c7a368a7b2839db5403b49724d9be006	0	0	NA	NA	NO_EXACT_RETAINED_RECORD				NOT_ASSESSED_NO_EXACT_RETAINED_RECORD				NONCARRIER_SENTINEL_OBSERVATION	AMR			
HML-2_8q24.3c	HG01352_h1_HML-2_8q24.3b_technical_error	HML-2_8q24.3b	HG01352	h1	Validator_Script	HML-2_8q24.3b|HG01352|h1|none|NA|NA	0	0	NA	NA	NO_EXACT_RETAINED_RECORD				NOT_ASSESSED_NO_EXACT_RETAINED_RECORD				UNKNOWN_TECHNICAL	AMR			
HML-2_8q24.3c	HG01352_h2_HML-2_8q24.3b_technical_error	HML-2_8q24.3b	HG01352	h2	Validator_Script	HML-2_8q24.3b|HG01352|h2|none|NA|NA	0	0	NA	NA	NO_EXACT_RETAINED_RECORD				NOT_ASSESSED_NO_EXACT_RETAINED_RECORD				UNKNOWN_TECHNICAL	AMR			
HML-2_8q24.3c	HG01358_mat_hprc_r2_v1.0.1_HML-2_8q24.3b	HML-2_8q24.3b	HG01358	mat	Successful_Empty_Site	HML-2_8q24.3b|HG01358|mat|none|historical_source/cluster/HML2_project/processed_loci/HML-2_8q24.3b/HG01358_mat_hprc_r2_v1.0.1_HML-2_8q24.3b.fa|f572b8d09c4bacc958a649bbdfe95b93cc7006fbbdc7fa96ec77c61dc27363ae	0	0	NA	NA	NO_EXACT_RETAINED_RECORD				NOT_ASSESSED_NO_EXACT_RETAINED_RECORD				NONCARRIER_SENTINEL_OBSERVATION	AMR			
HML-2_8q24.3c	HG01358_pat_hprc_r2_v1.0.1_HML-2_8q24.3b	HML-2_8q24.3b	HG01358	pat	Successful_Empty_Site	HML-2_8q24.3b|HG01358|pat|none|historical_source/cluster/HML2_project/processed_loci/HML-2_8q24.3b/HG01358_pat_hprc_r2_v1.0.1_HML-2_8q24.3b.fa|7be0b28ede42a8452449d0bb83605235f17c5e0a9179a3e8b6404fd0f9f49f84	0	0	NA	NA	NO_EXACT_RETAINED_RECORD				NOT_ASSESSED_NO_EXACT_RETAINED_RECORD				NONCARRIER_SENTINEL_OBSERVATION	AMR			
HML-2_8q24.3c	HG01361_mat_hprc_r2_v1.0.1_HML-2_8q24.3b	HML-2_8q24.3b	HG01361	mat	Successful_Empty_Site	HML-2_8q24.3b|HG01361|mat|none|historical_source/cluster/HML2_project/processed_loci/HML-2_8q24.3b/HG01361_mat_hprc_r2_v1.0.1_HML-2_8q24.3b.fa|5b300fdbfc18a888ae15b0b48a681a4a9b65df004077fdb3fde917505c73d738	0	0	NA	NA	NO_EXACT_RETAINED_RECORD				NOT_ASSESSED_NO_EXACT_RETAINED_RECORD				NONCARRIER_SENTINEL_OBSERVATION	AMR			
HML-2_8q24.3c	HG01361_pat_hprc_r2_v1.0.1_HML-2_8q24.3b	HML-2_8q24.3b	HG01361	pat	Successful_Empty_Site	HML-2_8q24.3b|HG01361|pat|none|historical_source/cluster/HML2_project/processed_loci/HML-2_8q24.3b/HG01361_pat_hprc_r2_v1.0.1_HML-2_8q24.3b.fa|dbe9f30d0f815586a4c696a6d37c9f0f079a80af42a0a65bce1a35e2c27c66d2	0	0	NA	NA	NO_EXACT_RETAINED_RECORD				NOT_ASSESSED_NO_EXACT_RETAINED_RECORD				NONCARRIER_SENTINEL_OBSERVATION	AMR			
HML-2_8q24.3c	HG01433_mat_hprc_r2_v1.0.1_HML-2_8q24.3b	HML-2_8q24.3b	HG01433	mat	Successful_Empty_Site	HML-2_8q24.3b|HG01433|mat|none|historical_source/cluster/HML2_project/processed_loci/HML-2_8q24.3b/HG01433_mat_hprc_r2_v1.0.1_HML-2_8q24.3b.fa|1fab542783703563bcc287176bae65096897b66232689dae6f83bca8cdc7cfb7	0	0	NA	NA	NO_EXACT_RETAINED_RECORD				NOT_ASSESSED_NO_EXACT_RETAINED_RECORD				NONCARRIER_SENTINEL_OBSERVATION	AMR			
HML-2_8q24.3c	HG01433_pat_hprc_r2_v1.0.1_HML-2_8q24.3b	HML-2_8q24.3b	HG01433	pat	Successful_Empty_Site	HML-2_8q24.3b|HG01433|pat|none|historical_source/cluster/HML2_project/processed_loci/HML-2_8q24.3b/HG01433_pat_hprc_r2_v1.0.1_HML-2_8q24.3b.fa|914c4ed7c82a16f39a9a5a69ae9d590067beb2c5cc63474b451ebc12ddfe1504	0	0	NA	NA	NO_EXACT_RETAINED_RECORD				NOT_ASSESSED_NO_EXACT_RETAINED_RECORD				NONCARRIER_SENTINEL_OBSERVATION	AMR			
HML-2_8q24.3c	HG01457_h1_HML-2_8q24.3b_technical_error	HML-2_8q24.3b	HG01457	h1	Validator_Script	HML-2_8q24.3b|HG01457|h1|none|NA|NA	0	0	NA	NA	NO_EXACT_RETAINED_RECORD				NOT_ASSESSED_NO_EXACT_RETAINED_RECORD				UNKNOWN_TECHNICAL	AMR			
HML-2_8q24.3c	HG01457_h2_HML-2_8q24.3b_technical_error	HML-2_8q24.3b	HG01457	h2	Validator_Script	HML-2_8q24.3b|HG01457|h2|none|NA|NA	0	0	NA	NA	NO_EXACT_RETAINED_RECORD				NOT_ASSESSED_NO_EXACT_RETAINED_RECORD				UNKNOWN_TECHNICAL	AMR			
HML-2_8q24.3c	HG01496_mat_hprc_r2_v1.0.1_HML-2_8q24.3b	HML-2_8q24.3b	HG01496	mat	Successful_Empty_Site	HML-2_8q24.3b|HG01496|mat|none|historical_source/cluster/HML2_project/processed_loci/HML-2_8q24.3b/HG01496_mat_hprc_r2_v1.0.1_HML-2_8q24.3b.fa|8ee2ed7288c80550da5e0b99bde6f3bd8718204d99b41ffc6194879f6c33ff91	0	0	NA	NA	NO_EXACT_RETAINED_RECORD				NOT_ASSESSED_NO_EXACT_RETAINED_RECORD				NONCARRIER_SENTINEL_OBSERVATION	AMR			
HML-2_8q24.3c	HG01496_pat_hprc_r2_v1.0.1_HML-2_8q24.3b	HML-2_8q24.3b	HG01496	pat	Successful_Empty_Site	HML-2_8q24.3b|HG01496|pat|none|historical_source/cluster/HML2_project/processed_loci/HML-2_8q24.3b/HG01496_pat_hprc_r2_v1.0.1_HML-2_8q24.3b.fa|4868bb2c89ab0d15eee781a7c3276986466cc1906d6196ab1a2d5e351fbaf0cc	0	0	NA	NA	NO_EXACT_RETAINED_RECORD				NOT_ASSESSED_NO_EXACT_RETAINED_RECORD				NONCARRIER_SENTINEL_OBSERVATION	AMR			
HML-2_8q24.3c	HG01505_h1_HML-2_8q24.3b_technical_error	HML-2_8q24.3b	HG01505	h1	Validator_Script	HML-2_8q24.3b|HG01505|h1|none|NA|NA	0	0	NA	NA	NO_EXACT_RETAINED_RECORD				NOT_ASSESSED_NO_EXACT_RETAINED_RECORD				UNKNOWN_TECHNICAL	EUR			
HML-2_8q24.3c	HG01505_h2_HML-2_8q24.3b_technical_error	HML-2_8q24.3b	HG01505	h2	Validator_Script	HML-2_8q24.3b|HG01505|h2|none|NA|NA	0	0	NA	NA	NO_EXACT_RETAINED_RECORD				NOT_ASSESSED_NO_EXACT_RETAINED_RECORD				UNKNOWN_TECHNICAL	EUR			
HML-2_8q24.3c	HG01530_hap1_hprc_r2_v1.0.1_HML-2_8q24.3b	HML-2_8q24.3b	HG01530	h1	Successful_Empty_Site	HML-2_8q24.3b|HG01530|h1|none|historical_source/cluster/HML2_project/processed_loci/HML-2_8q24.3b/HG01530_hap1_hprc_r2_v1.0.1_HML-2_8q24.3b.fa|64aac21969ba23dd4d57968fc39cd3035bd01013b32f9347310eae967433823e	0	0	NA	NA	NO_EXACT_RETAINED_RECORD				NOT_ASSESSED_NO_EXACT_RETAINED_RECORD				NONCARRIER_SENTINEL_OBSERVATION	EUR			
HML-2_8q24.3c	HG01530_hap2_hprc_r2_v1.0.1_HML-2_8q24.3b	HML-2_8q24.3b	HG01530	h2	Successful_Empty_Site	HML-2_8q24.3b|HG01530|h2|none|historical_source/cluster/HML2_project/processed_loci/HML-2_8q24.3b/HG01530_hap2_hprc_r2_v1.0.1_HML-2_8q24.3b.fa|0eb8bcc94af5b58fabc066d99fa311dd399822cc85ab8002d0b3820a71826097	0	0	NA	NA	NO_EXACT_RETAINED_RECORD				NOT_ASSESSED_NO_EXACT_RETAINED_RECORD				NONCARRIER_SENTINEL_OBSERVATION	EUR			
HML-2_8q24.3c	HG01573_h1_HML-2_8q24.3b_technical_error	HML-2_8q24.3b	HG01573	h1	Validator_Script	HML-2_8q24.3b|HG01573|h1|none|NA|NA	0	0	NA	NA	NO_EXACT_RETAINED_RECORD				NOT_ASSESSED_NO_EXACT_RETAINED_RECORD				UNKNOWN_TECHNICAL	AMR			
HML-2_8q24.3c	HG01573_h2_HML-2_8q24.3b_technical_error	HML-2_8q24.3b	HG01573	h2	Validator_Script	HML-2_8q24.3b|HG01573|h2|none|NA|NA	0	0	NA	NA	NO_EXACT_RETAINED_RECORD				NOT_ASSESSED_NO_EXACT_RETAINED_RECORD				UNKNOWN_TECHNICAL	AMR			
HML-2_8q24.3c	HG01596_h1_HML-2_8q24.3b_technical_error	HML-2_8q24.3b	HG01596	h1	Validator_Script	HML-2_8q24.3b|HG01596|h1|none|NA|NA	0	0	NA	NA	NO_EXACT_RETAINED_RECORD				NOT_ASSESSED_NO_EXACT_RETAINED_RECORD				UNKNOWN_TECHNICAL	EAS			
HML-2_8q24.3c	HG01596_h2_HML-2_8q24.3b_technical_error	HML-2_8q24.3b	HG01596	h2	Validator_Script	HML-2_8q24.3b|HG01596|h2|none|NA|NA	0	0	NA	NA	NO_EXACT_RETAINED_RECORD				NOT_ASSESSED_NO_EXACT_RETAINED_RECORD				UNKNOWN_TECHNICAL	EAS			
HML-2_8q24.3c	HG01784_hap1_hprc_r2_v1.0.1_HML-2_8q24.3b	HML-2_8q24.3b	HG01784	h1	Successful_Empty_Site	HML-2_8q24.3b|HG01784|h1|none|historical_source/cluster/HML2_project/processed_loci/HML-2_8q24.3b/HG01784_hap1_hprc_r2_v1.0.1_HML-2_8q24.3b.fa|15891d8f7c7f655b6ab8cded3eaea099b0b58d709dd02343b3147a42dd27f826	0	0	NA	NA	NO_EXACT_RETAINED_RECORD				NOT_ASSESSED_NO_EXACT_RETAINED_RECORD				NONCARRIER_SENTINEL_OBSERVATION	EUR			
HML-2_8q24.3c	HG01784_hap2_hprc_r2_v1.0.1_HML-2_8q24.3b	HML-2_8q24.3b	HG01784	h2	Successful_Empty_Site	HML-2_8q24.3b|HG01784|h2|none|historical_source/cluster/HML2_project/processed_loci/HML-2_8q24.3b/HG01784_hap2_hprc_r2_v1.0.1_HML-2_8q24.3b.fa|522f8685d822f6a6d4e29f8bd38ba8c2b98744633acaaa4c97081910be384cb2	0	0	NA	NA	NO_EXACT_RETAINED_RECORD				NOT_ASSESSED_NO_EXACT_RETAINED_RECORD				NONCARRIER_SENTINEL_OBSERVATION	EUR			
HML-2_8q24.3c	HG01786_hap1_hprc_r2_v1.0.1_HML-2_8q24.3b	HML-2_8q24.3b	HG01786	h1	Successful_Empty_Site	HML-2_8q24.3b|HG01786|h1|none|historical_source/cluster/HML2_project/processed_loci/HML-2_8q24.3b/HG01786_hap1_hprc_r2_v1.0.1_HML-2_8q24.3b.fa|df0f7f74610c391c1b51a3586095ac0b7993ab03f16295fae0b492c6052d449b	0	0	NA	NA	NO_EXACT_RETAINED_RECORD				NOT_ASSESSED_NO_EXACT_RETAINED_RECORD				NONCARRIER_SENTINEL_OBSERVATION	EUR			
HML-2_8q24.3c	HG01786_hap2_hprc_r2_v1.0.1_HML-2_8q24.3b	HML-2_8q24.3b	HG01786	h2	Successful_Empty_Site	HML-2_8q24.3b|HG01786|h2|none|historical_source/cluster/HML2_project/processed_loci/HML-2_8q24.3b/HG01786_hap2_hprc_r2_v1.0.1_HML-2_8q24.3b.fa|749866180ca858bee22281324deb9c97693189accb593e8639df8f565be798dc	0	0	NA	NA	NO_EXACT_RETAINED_RECORD				NOT_ASSESSED_NO_EXACT_RETAINED_RECORD				NONCARRIER_SENTINEL_OBSERVATION	EUR			
HML-2_8q24.3c	HG01884_mat_hprc_r2_v1.0.1_HML-2_8q24.3b	HML-2_8q24.3b	HG01884	mat	Successful_Empty_Site	HML-2_8q24.3b|HG01884|mat|none|historical_source/cluster/HML2_project/processed_loci/HML-2_8q24.3b/HG01884_mat_hprc_r2_v1.0.1_HML-2_8q24.3b.fa|2ce3f026fc7fd2f35958eeabee083f5e45c54f4c593ae7c9012d5be448039022	0	0	NA	NA	NO_EXACT_RETAINED_RECORD				NOT_ASSESSED_NO_EXACT_RETAINED_RECORD				NONCARRIER_SENTINEL_OBSERVATION	AFR			
HML-2_8q24.3c	HG01884_pat_hprc_r2_v1.0.1_HML-2_8q24.3b	HML-2_8q24.3b	HG01884	pat	Successful_Empty_Site	HML-2_8q24.3b|HG01884|pat|none|historical_source/cluster/HML2_project/processed_loci/HML-2_8q24.3b/HG01884_pat_hprc_r2_v1.0.1_HML-2_8q24.3b.fa|40b095e5045afc9eb937ea1cbc2d8b90b4c8f0f07f86bc9453ed479c82c28131	0	0	NA	NA	NO_EXACT_RETAINED_RECORD				NOT_ASSESSED_NO_EXACT_RETAINED_RECORD				NONCARRIER_SENTINEL_OBSERVATION	AFR			
HML-2_8q24.3c	HG01890_h1_HML-2_8q24.3b_technical_error	HML-2_8q24.3b	HG01890	h1	Validator_Script	HML-2_8q24.3b|HG01890|h1|none|NA|NA	0	0	NA	NA	NO_EXACT_RETAINED_RECORD				NOT_ASSESSED_NO_EXACT_RETAINED_RECORD				UNKNOWN_TECHNICAL	AFR			
HML-2_8q24.3c	HG01890_h2_HML-2_8q24.3b_technical_error	HML-2_8q24.3b	HG01890	h2	Validator_Script	HML-2_8q24.3b|HG01890|h2|none|NA|NA	0	0	NA	NA	NO_EXACT_RETAINED_RECORD				NOT_ASSESSED_NO_EXACT_RETAINED_RECORD				UNKNOWN_TECHNICAL	AFR			
HML-2_8q24.3c	HG01891_mat_hprc_r2_v1.0.1_HML-2_8q24.3b	HML-2_8q24.3b	HG01891	mat	Successful_Empty_Site	HML-2_8q24.3b|HG01891|mat|none|historical_source/cluster/HML2_project/processed_loci/HML-2_8q24.3b/HG01891_mat_hprc_r2_v1.0.1_HML-2_8q24.3b.fa|9464d7ac9abd736d0ff6605dcfea25eb567b90bb84f8801e6e59375a70948815	0	0	NA	NA	NO_EXACT_RETAINED_RECORD				NOT_ASSESSED_NO_EXACT_RETAINED_RECORD				NONCARRIER_SENTINEL_OBSERVATION	AFR			
HML-2_8q24.3c	HG01891_pat_hprc_r2_v1.0.1_HML-2_8q24.3b	HML-2_8q24.3b	HG01891	pat	Successful_Empty_Site	HML-2_8q24.3b|HG01891|pat|none|historical_source/cluster/HML2_project/processed_loci/HML-2_8q24.3b/HG01891_pat_hprc_r2_v1.0.1_HML-2_8q24.3b.fa|2c750114f6cf37773eced82eb6f3d5171a9d7970e70b48fca303b497b4e8fc86	0	0	NA	NA	NO_EXACT_RETAINED_RECORD				NOT_ASSESSED_NO_EXACT_RETAINED_RECORD				NONCARRIER_SENTINEL_OBSERVATION	AFR			
HML-2_8q24.3c	HG01928_mat_hprc_r2_v1.0.1_HML-2_8q24.3b	HML-2_8q24.3b	HG01928	mat	Successful_Empty_Site	HML-2_8q24.3b|HG01928|mat|none|historical_source/cluster/HML2_project/processed_loci/HML-2_8q24.3b/HG01928_mat_hprc_r2_v1.0.1_HML-2_8q24.3b.fa|9beca63b06c21b9abfbd61298099abd5bba6772f1e24ab0fb52f301b65a0ad63	0	0	NA	NA	NO_EXACT_RETAINED_RECORD				NOT_ASSESSED_NO_EXACT_RETAINED_RECORD				NONCARRIER_SENTINEL_OBSERVATION	AMR			
HML-2_8q24.3c	HG01928_pat_hprc_r2_v1.0.1_HML-2_8q24.3b	HML-2_8q24.3b	HG01928	pat	Successful_Empty_Site	HML-2_8q24.3b|HG01928|pat|none|historical_source/cluster/HML2_project/processed_loci/HML-2_8q24.3b/HG01928_pat_hprc_r2_v1.0.1_HML-2_8q24.3b.fa|e57011dece46f2512b1e99b398c99c660f894b74e1c02bd5f5ca749343003334	0	0	NA	NA	NO_EXACT_RETAINED_RECORD				NOT_ASSESSED_NO_EXACT_RETAINED_RECORD				NONCARRIER_SENTINEL_OBSERVATION	AMR			
HML-2_8q24.3c	HG01934_mat_hprc_r2_v1.0.1_HML-2_8q24.3b	HML-2_8q24.3b	HG01934	mat	Successful_Empty_Site	HML-2_8q24.3b|HG01934|mat|none|historical_source/cluster/HML2_project/processed_loci/HML-2_8q24.3b/HG01934_mat_hprc_r2_v1.0.1_HML-2_8q24.3b.fa|6a7fc1666b526130b5c15eec0c3bbf452cf12f7a75d179054acd7c6ad66a7207	0	0	NA	NA	NO_EXACT_RETAINED_RECORD				NOT_ASSESSED_NO_EXACT_RETAINED_RECORD				NONCARRIER_SENTINEL_OBSERVATION	AMR			
HML-2_8q24.3c	HG01934_pat_hprc_r2_v1.0.1_HML-2_8q24.3b	HML-2_8q24.3b	HG01934	pat	Successful_Empty_Site	HML-2_8q24.3b|HG01934|pat|none|historical_source/cluster/HML2_project/processed_loci/HML-2_8q24.3b/HG01934_pat_hprc_r2_v1.0.1_HML-2_8q24.3b.fa|5c6957e04ca1e50137ab93d6a3ee9c792ed2bb2c03b72108e09143f7c23a603c	0	0	NA	NA	NO_EXACT_RETAINED_RECORD				NOT_ASSESSED_NO_EXACT_RETAINED_RECORD				NONCARRIER_SENTINEL_OBSERVATION	AMR			
HML-2_8q24.3c	HG01940_mat_hprc_r2_v1.0.1_HML-2_8q24.3b	HML-2_8q24.3b	HG01940	mat	Successful_Empty_Site	HML-2_8q24.3b|HG01940|mat|none|historical_source/cluster/HML2_project/processed_loci/HML-2_8q24.3b/HG01940_mat_hprc_r2_v1.0.1_HML-2_8q24.3b.fa|15c711496ea5f587d09458d33e2831634687a5157cc4e4aa8c4fcab2b451c68f	0	0	NA	NA	NO_EXACT_RETAINED_RECORD				NOT_ASSESSED_NO_EXACT_RETAINED_RECORD				NONCARRIER_SENTINEL_OBSERVATION	AMR			
HML-2_8q24.3c	HG01940_pat_hprc_r2_v1.0.1_HML-2_8q24.3b	HML-2_8q24.3b	HG01940	pat	Successful_Empty_Site	HML-2_8q24.3b|HG01940|pat|none|historical_source/cluster/HML2_project/processed_loci/HML-2_8q24.3b/HG01940_pat_hprc_r2_v1.0.1_HML-2_8q24.3b.fa|8d2919fa51e4e35a4945abd112f710f9e86b3552dda9603b6a163d0a566268de	0	0	NA	NA	NO_EXACT_RETAINED_RECORD				NOT_ASSESSED_NO_EXACT_RETAINED_RECORD				NONCARRIER_SENTINEL_OBSERVATION	AMR			
HML-2_8q24.3c	HG01943_mat_hprc_r2_v1.0.1_HML-2_8q24.3b	HML-2_8q24.3b	HG01943	mat	Successful_Empty_Site	HML-2_8q24.3b|HG01943|mat|none|historical_source/cluster/HML2_project/processed_loci/HML-2_8q24.3b/HG01943_mat_hprc_r2_v1.0.1_HML-2_8q24.3b.fa|515e20a4c77cc41efa3fcb82675c413fa4776886e7d440e39df414339b5bee19	0	0	NA	NA	NO_EXACT_RETAINED_RECORD				NOT_ASSESSED_NO_EXACT_RETAINED_RECORD				NONCARRIER_SENTINEL_OBSERVATION	AMR			
HML-2_8q24.3c	HG01943_pat_hprc_r2_v1.0.1_HML-2_8q24.3b	HML-2_8q24.3b	HG01943	pat	Successful_Empty_Site	HML-2_8q24.3b|HG01943|pat|none|historical_source/cluster/HML2_project/processed_loci/HML-2_8q24.3b/HG01943_pat_hprc_r2_v1.0.1_HML-2_8q24.3b.fa|d9981aa086346f08f3f11834fe1e1d76fd5cc626de4be15c8d428434b4655bbd	0	0	NA	NA	NO_EXACT_RETAINED_RECORD				NOT_ASSESSED_NO_EXACT_RETAINED_RECORD				NONCARRIER_SENTINEL_OBSERVATION	AMR			
HML-2_8q24.3c	HG01952_mat_hprc_r2_v1.0.1_HML-2_8q24.3b	HML-2_8q24.3b	HG01952	mat	Successful_Empty_Site	HML-2_8q24.3b|HG01952|mat|none|historical_source/cluster/HML2_project/processed_loci/HML-2_8q24.3b/HG01952_mat_hprc_r2_v1.0.1_HML-2_8q24.3b.fa|8f67342c944b413013fb164ae0c8a44d8620b31c1decc1ea55cd966ed43ee4ba	0	0	NA	NA	NO_EXACT_RETAINED_RECORD				NOT_ASSESSED_NO_EXACT_RETAINED_RECORD				NONCARRIER_SENTINEL_OBSERVATION	AMR			
HML-2_8q24.3c	HG01952_pat_hprc_r2_v1.0.1_HML-2_8q24.3b	HML-2_8q24.3b	HG01952	pat	Successful_Empty_Site	HML-2_8q24.3b|HG01952|pat|none|historical_source/cluster/HML2_project/processed_loci/HML-2_8q24.3b/HG01952_pat_hprc_r2_v1.0.1_HML-2_8q24.3b.fa|30ab272cc3eafda17a9a9abc4d008600272a7fc93cae9db42f2c7f27140a32de	0	0	NA	NA	NO_EXACT_RETAINED_RECORD				NOT_ASSESSED_NO_EXACT_RETAINED_RECORD				NONCARRIER_SENTINEL_OBSERVATION	AMR			
HML-2_8q24.3c	HG01960_mat_hprc_r2_v1.0.1_HML-2_8q24.3b	HML-2_8q24.3b	HG01960	mat	Successful_Empty_Site	HML-2_8q24.3b|HG01960|mat|none|historical_source/cluster/HML2_project/processed_loci/HML-2_8q24.3b/HG01960_mat_hprc_r2_v1.0.1_HML-2_8q24.3b.fa|ad902614b2fed7065aad1b0d595a8bea332ad7dea73215ff56356a9040f809b2	0	0	NA	NA	NO_EXACT_RETAINED_RECORD				NOT_ASSESSED_NO_EXACT_RETAINED_RECORD				NONCARRIER_SENTINEL_OBSERVATION	AFR			
HML-2_8q24.3c	HG01960_pat_hprc_r2_v1.0.1_HML-2_8q24.3b	HML-2_8q24.3b	HG01960	pat	Successful_Empty_Site	HML-2_8q24.3b|HG01960|pat|none|historical_source/cluster/HML2_project/processed_loci/HML-2_8q24.3b/HG01960_pat_hprc_r2_v1.0.1_HML-2_8q24.3b.fa|6fec82692414037bafb4ff250f87e385a7cc21b0404b5af88639bc6b9b4662b0	0	0	NA	NA	NO_EXACT_RETAINED_RECORD				NOT_ASSESSED_NO_EXACT_RETAINED_RECORD				NONCARRIER_SENTINEL_OBSERVATION	AFR			
HML-2_8q24.3c	HG01969_mat_hprc_r2_v1.0.1_HML-2_8q24.3b	HML-2_8q24.3b	HG01969	mat	Successful_Empty_Site	HML-2_8q24.3b|HG01969|mat|none|historical_source/cluster/HML2_project/processed_loci/HML-2_8q24.3b/HG01969_mat_hprc_r2_v1.0.1_HML-2_8q24.3b.fa|288f9e7b7f25a68dae7ca79e3bb41b9f8ce87f1bafff43f07d130793824575fb	0	0	NA	NA	NO_EXACT_RETAINED_RECORD				NOT_ASSESSED_NO_EXACT_RETAINED_RECORD				NONCARRIER_SENTINEL_OBSERVATION	AMR			
HML-2_8q24.3c	HG01969_pat_hprc_r2_v1.0.1_HML-2_8q24.3b	HML-2_8q24.3b	HG01969	pat	Successful_Empty_Site	HML-2_8q24.3b|HG01969|pat|none|historical_source/cluster/HML2_project/processed_loci/HML-2_8q24.3b/HG01969_pat_hprc_r2_v1.0.1_HML-2_8q24.3b.fa|56340049e28abcf88f6aa1352b7eafc49a6f16ed7d6d458982b3b3f6c19dd4bd	0	0	NA	NA	NO_EXACT_RETAINED_RECORD				NOT_ASSESSED_NO_EXACT_RETAINED_RECORD				NONCARRIER_SENTINEL_OBSERVATION	AMR			
HML-2_8q24.3c	HG01975_mat_hprc_r2_v1.0.1_HML-2_8q24.3b	HML-2_8q24.3b	HG01975	mat	Successful_Empty_Site	HML-2_8q24.3b|HG01975|mat|none|historical_source/cluster/HML2_project/processed_loci/HML-2_8q24.3b/HG01975_mat_hprc_r2_v1.0.1_HML-2_8q24.3b.fa|3c9a4154c331b889495e7651d463b3e6bb923863f1d29d71a0a6bd0164d2062c	0	0	NA	NA	NO_EXACT_RETAINED_RECORD				NOT_ASSESSED_NO_EXACT_RETAINED_RECORD				NONCARRIER_SENTINEL_OBSERVATION	AMR			
HML-2_8q24.3c	HG01975_pat_hprc_r2_v1.0.1_HML-2_8q24.3b	HML-2_8q24.3b	HG01975	pat	Successful_Empty_Site	HML-2_8q24.3b|HG01975|pat|none|historical_source/cluster/HML2_project/processed_loci/HML-2_8q24.3b/HG01975_pat_hprc_r2_v1.0.1_HML-2_8q24.3b.fa|0195ee2304e898da4195d93f65283f3a12ff2605e6dbfb7728d6f61bd9c60080	0	0	NA	NA	NO_EXACT_RETAINED_RECORD				NOT_ASSESSED_NO_EXACT_RETAINED_RECORD				NONCARRIER_SENTINEL_OBSERVATION	AMR			
HML-2_8q24.3c	HG01978_mat_hprc_r2_v1.1.0_HML-2_8q24.3b	HML-2_8q24.3b	HG01978	mat	Successful_Empty_Site	HML-2_8q24.3b|HG01978|mat|none|historical_source/cluster/HML2_project/processed_loci/HML-2_8q24.3b/HG01978_mat_hprc_r2_v1.1.0_HML-2_8q24.3b.fa|0805d4db6acb37cb7b5ce7cdf9d389cbe5f5ae664162d507f45cd5f9f00c0a70	0	0	NA	NA	NO_EXACT_RETAINED_RECORD				NOT_ASSESSED_NO_EXACT_RETAINED_RECORD				NONCARRIER_SENTINEL_OBSERVATION	AMR			
HML-2_8q24.3c	HG01978_pat_hprc_r2_v1.1.0_HML-2_8q24.3b	HML-2_8q24.3b	HG01978	pat	Successful_Empty_Site	HML-2_8q24.3b|HG01978|pat|none|historical_source/cluster/HML2_project/processed_loci/HML-2_8q24.3b/HG01978_pat_hprc_r2_v1.1.0_HML-2_8q24.3b.fa|a4aa4f574b3b06984b4aaa8439f43d90e9a769ee07ad6790a2e8370fd5a3be7d	0	0	NA	NA	NO_EXACT_RETAINED_RECORD				NOT_ASSESSED_NO_EXACT_RETAINED_RECORD				NONCARRIER_SENTINEL_OBSERVATION	AMR			
HML-2_8q24.3c	HG01981_mat_hprc_r2_v1.0.1_HML-2_8q24.3b	HML-2_8q24.3b	HG01981	mat	Successful_Empty_Site	HML-2_8q24.3b|HG01981|mat|none|historical_source/cluster/HML2_project/processed_loci/HML-2_8q24.3b/HG01981_mat_hprc_r2_v1.0.1_HML-2_8q24.3b.fa|293765874b31b5453848905f3f50a152a0f73e606b429e66260c47c1d93c52fe	0	0	NA	NA	NO_EXACT_RETAINED_RECORD				NOT_ASSESSED_NO_EXACT_RETAINED_RECORD				NONCARRIER_SENTINEL_OBSERVATION	AMR			
HML-2_8q24.3c	HG01981_pat_hprc_r2_v1.0.1_HML-2_8q24.3b	HML-2_8q24.3b	HG01981	pat	Successful_Empty_Site	HML-2_8q24.3b|HG01981|pat|none|historical_source/cluster/HML2_project/processed_loci/HML-2_8q24.3b/HG01981_pat_hprc_r2_v1.0.1_HML-2_8q24.3b.fa|8ffcf59f77abcd57edba52b7f31fcd0b20b8dd5344b08439745a67ae3af8cd9d	0	0	NA	NA	NO_EXACT_RETAINED_RECORD				NOT_ASSESSED_NO_EXACT_RETAINED_RECORD				NONCARRIER_SENTINEL_OBSERVATION	AMR			
HML-2_8q24.3c	HG01993_mat_hprc_r2_v1.0.1_HML-2_8q24.3b	HML-2_8q24.3b	HG01993	mat	Successful_Empty_Site	HML-2_8q24.3b|HG01993|mat|none|historical_source/cluster/HML2_project/processed_loci/HML-2_8q24.3b/HG01993_mat_hprc_r2_v1.0.1_HML-2_8q24.3b.fa|3d3558316cad446607cf570d84cb1cc18884a40920d9e2c0d6e7550cf08c1dbe	0	0	NA	NA	NO_EXACT_RETAINED_RECORD				NOT_ASSESSED_NO_EXACT_RETAINED_RECORD				NONCARRIER_SENTINEL_OBSERVATION	AMR			
HML-2_8q24.3c	HG01993_pat_hprc_r2_v1.0.1_HML-2_8q24.3b	HML-2_8q24.3b	HG01993	pat	Successful_Empty_Site	HML-2_8q24.3b|HG01993|pat|none|historical_source/cluster/HML2_project/processed_loci/HML-2_8q24.3b/HG01993_pat_hprc_r2_v1.0.1_HML-2_8q24.3b.fa|f096013a1afaf5a0d6c7e9a17662dac8ff219ef51fac79dd05e0f7c768c755e4	0	0	NA	NA	NO_EXACT_RETAINED_RECORD				NOT_ASSESSED_NO_EXACT_RETAINED_RECORD				NONCARRIER_SENTINEL_OBSERVATION	AMR			
HML-2_8q24.3c	HG02004_mat_hprc_r2_v1.0.1_HML-2_8q24.3b	HML-2_8q24.3b	HG02004	mat	Successful_Empty_Site	HML-2_8q24.3b|HG02004|mat|none|historical_source/cluster/HML2_project/processed_loci/HML-2_8q24.3b/HG02004_mat_hprc_r2_v1.0.1_HML-2_8q24.3b.fa|fef5f8781185acffe72f08854bd8397ed89ca4b6fb58dd9a632d24ab601c394b	0	0	NA	NA	NO_EXACT_RETAINED_RECORD				NOT_ASSESSED_NO_EXACT_RETAINED_RECORD				NONCARRIER_SENTINEL_OBSERVATION	AMR			
HML-2_8q24.3c	HG02004_pat_hprc_r2_v1.0.1_HML-2_8q24.3b	HML-2_8q24.3b	HG02004	pat	Successful_Empty_Site	HML-2_8q24.3b|HG02004|pat|none|historical_source/cluster/HML2_project/processed_loci/HML-2_8q24.3b/HG02004_pat_hprc_r2_v1.0.1_HML-2_8q24.3b.fa|f21172a973058e43a24c35d239d4fd1cacce493e416008e5dc78af9d3931dca3	0	0	NA	NA	NO_EXACT_RETAINED_RECORD				NOT_ASSESSED_NO_EXACT_RETAINED_RECORD				NONCARRIER_SENTINEL_OBSERVATION	AMR			
HML-2_8q24.3c	HG02011_h1_HML-2_8q24.3b_technical_error	HML-2_8q24.3b	HG02011	h1	Validator_Script	HML-2_8q24.3b|HG02011|h1|none|NA|NA	0	0	NA	NA	NO_EXACT_RETAINED_RECORD				NOT_ASSESSED_NO_EXACT_RETAINED_RECORD				UNKNOWN_TECHNICAL	AFR			
HML-2_8q24.3c	HG02011_h2_HML-2_8q24.3b_technical_error	HML-2_8q24.3b	HG02011	h2	Validator_Script	HML-2_8q24.3b|HG02011|h2|none|NA|NA	0	0	NA	NA	NO_EXACT_RETAINED_RECORD				NOT_ASSESSED_NO_EXACT_RETAINED_RECORD				UNKNOWN_TECHNICAL	AFR			
HML-2_8q24.3c	HG02015_mat_hprc_r2_v1.0.1_HML-2_8q24.3b	HML-2_8q24.3b	HG02015	mat	Successful_Empty_Site	HML-2_8q24.3b|HG02015|mat|none|historical_source/cluster/HML2_project/processed_loci/HML-2_8q24.3b/HG02015_mat_hprc_r2_v1.0.1_HML-2_8q24.3b.fa|42f67289cc7b5d40ba7a52f8ff17b49289182635e7dbd11d3a4c5da2e3f02e57	0	0	NA	NA	NO_EXACT_RETAINED_RECORD				NOT_ASSESSED_NO_EXACT_RETAINED_RECORD				NONCARRIER_SENTINEL_OBSERVATION	EAS			
HML-2_8q24.3c	HG02015_pat_hprc_r2_v1.0.1_HML-2_8q24.3b	HML-2_8q24.3b	HG02015	pat	Successful_Empty_Site	HML-2_8q24.3b|HG02015|pat|none|historical_source/cluster/HML2_project/processed_loci/HML-2_8q24.3b/HG02015_pat_hprc_r2_v1.0.1_HML-2_8q24.3b.fa|9c9905e6e7cd2f94e23ee51aa7b30b4251167193be226698590ecfed3c952f33	0	0	NA	NA	NO_EXACT_RETAINED_RECORD				NOT_ASSESSED_NO_EXACT_RETAINED_RECORD				NONCARRIER_SENTINEL_OBSERVATION	EAS			
HML-2_8q24.3c	HG02018_h1_HML-2_8q24.3b_technical_error	HML-2_8q24.3b	HG02018	h1	Validator_Script	HML-2_8q24.3b|HG02018|h1|none|NA|NA	0	0	NA	NA	NO_EXACT_RETAINED_RECORD				NOT_ASSESSED_NO_EXACT_RETAINED_RECORD				UNKNOWN_TECHNICAL	EAS			
HML-2_8q24.3c	HG02018_h2_HML-2_8q24.3b_technical_error	HML-2_8q24.3b	HG02018	h2	Validator_Script	HML-2_8q24.3b|HG02018|h2|none|NA|NA	0	0	NA	NA	NO_EXACT_RETAINED_RECORD				NOT_ASSESSED_NO_EXACT_RETAINED_RECORD				UNKNOWN_TECHNICAL	EAS			
HML-2_8q24.3c	HG02027_mat_hprc_r2_v1.0.1_HML-2_8q24.3b	HML-2_8q24.3b	HG02027	mat	Successful_Empty_Site	HML-2_8q24.3b|HG02027|mat|none|historical_source/cluster/HML2_project/processed_loci/HML-2_8q24.3b/HG02027_mat_hprc_r2_v1.0.1_HML-2_8q24.3b.fa|a8e805ffb05fc313d3e027d1300ab3b90774b5535f91234531a224acfa4dde2c	0	0	NA	NA	NO_EXACT_RETAINED_RECORD				NOT_ASSESSED_NO_EXACT_RETAINED_RECORD				NONCARRIER_SENTINEL_OBSERVATION	EAS			
HML-2_8q24.3c	HG02027_pat_hprc_r2_v1.0.1_HML-2_8q24.3b	HML-2_8q24.3b	HG02027	pat	Successful_Empty_Site	HML-2_8q24.3b|HG02027|pat|none|historical_source/cluster/HML2_project/processed_loci/HML-2_8q24.3b/HG02027_pat_hprc_r2_v1.0.1_HML-2_8q24.3b.fa|13f26eb7c93ed8a934ce6ef943ba9d0a231c967cb86c57e34b98714c5174635e	0	0	NA	NA	NO_EXACT_RETAINED_RECORD				NOT_ASSESSED_NO_EXACT_RETAINED_RECORD				NONCARRIER_SENTINEL_OBSERVATION	EAS			
HML-2_8q24.3c	HG02040_hap1_hprc_r2_v1.0.1_HML-2_8q24.3b	HML-2_8q24.3b	HG02040	h1	Successful_Empty_Site	HML-2_8q24.3b|HG02040|h1|none|historical_source/cluster/HML2_project/processed_loci/HML-2_8q24.3b/HG02040_hap1_hprc_r2_v1.0.1_HML-2_8q24.3b.fa|748c892c92454099094171bf46e29605c653f7ec770b0a050929232b1fdb126b	0	0	NA	NA	NO_EXACT_RETAINED_RECORD				NOT_ASSESSED_NO_EXACT_RETAINED_RECORD				NONCARRIER_SENTINEL_OBSERVATION	EAS			
HML-2_8q24.3c	HG02040_hap2_hprc_r2_v1.0.1_HML-2_8q24.3b	HML-2_8q24.3b	HG02040	h2	Successful_Empty_Site	HML-2_8q24.3b|HG02040|h2|none|historical_source/cluster/HML2_project/processed_loci/HML-2_8q24.3b/HG02040_hap2_hprc_r2_v1.0.1_HML-2_8q24.3b.fa|1380a4d2a086d30eb8db18ee5d57019d1bd338468f705bfdb479973d679f3c96	0	0	NA	NA	NO_EXACT_RETAINED_RECORD				NOT_ASSESSED_NO_EXACT_RETAINED_RECORD				NONCARRIER_SENTINEL_OBSERVATION	EAS			
HML-2_8q24.3c	HG02055_mat_hprc_r2_v1.0.1_HML-2_8q24.3b	HML-2_8q24.3b	HG02055	mat	Successful_Empty_Site	HML-2_8q24.3b|HG02055|mat|none|historical_source/cluster/HML2_project/processed_loci/HML-2_8q24.3b/HG02055_mat_hprc_r2_v1.0.1_HML-2_8q24.3b.fa|39c5e37494af922daf41fca0ffff8b77c30992d9f8141748e854f183033879a8	0	0	NA	NA	NO_EXACT_RETAINED_RECORD				NOT_ASSESSED_NO_EXACT_RETAINED_RECORD				NONCARRIER_SENTINEL_OBSERVATION	AFR			
HML-2_8q24.3c	HG02055_pat_hprc_r2_v1.0.1_HML-2_8q24.3b	HML-2_8q24.3b	HG02055	pat	Successful_Empty_Site	HML-2_8q24.3b|HG02055|pat|none|historical_source/cluster/HML2_project/processed_loci/HML-2_8q24.3b/HG02055_pat_hprc_r2_v1.0.1_HML-2_8q24.3b.fa|a50e4410e956f4d859895733d546f81fb8cc5e73327464060c333bcf46906c76	0	0	NA	NA	NO_EXACT_RETAINED_RECORD				NOT_ASSESSED_NO_EXACT_RETAINED_RECORD				NONCARRIER_SENTINEL_OBSERVATION	AFR			
HML-2_8q24.3c	HG02056_mat_hprc_r2_v1.0.1_HML-2_8q24.3b	HML-2_8q24.3b	HG02056	mat	Successful_Empty_Site	HML-2_8q24.3b|HG02056|mat|none|historical_source/cluster/HML2_project/processed_loci/HML-2_8q24.3b/HG02056_mat_hprc_r2_v1.0.1_HML-2_8q24.3b.fa|fc7023e4ab8347476d05203f8c313534d6caafc84c35143879df1641ad4467c2	0	0	NA	NA	NO_EXACT_RETAINED_RECORD				NOT_ASSESSED_NO_EXACT_RETAINED_RECORD				NONCARRIER_SENTINEL_OBSERVATION	EAS			
HML-2_8q24.3c	HG02056_pat_hprc_r2_v1.0.1_HML-2_8q24.3b	HML-2_8q24.3b	HG02056	pat	Successful_Empty_Site	HML-2_8q24.3b|HG02056|pat|none|historical_source/cluster/HML2_project/processed_loci/HML-2_8q24.3b/HG02056_pat_hprc_r2_v1.0.1_HML-2_8q24.3b.fa|cf7f0594ab25abe894ca803cf544aee0996140b77d682631d96d285b5fbb15d6	0	0	NA	NA	NO_EXACT_RETAINED_RECORD				NOT_ASSESSED_NO_EXACT_RETAINED_RECORD				NONCARRIER_SENTINEL_OBSERVATION	EAS			
HML-2_8q24.3c	HG02059_h1_HML-2_8q24.3b_technical_error	HML-2_8q24.3b	HG02059	h1	Validator_Script	HML-2_8q24.3b|HG02059|h1|none|NA|NA	0	0	NA	NA	NO_EXACT_RETAINED_RECORD				NOT_ASSESSED_NO_EXACT_RETAINED_RECORD				UNKNOWN_TECHNICAL	EAS			
HML-2_8q24.3c	HG02059_h2_HML-2_8q24.3b_technical_error	HML-2_8q24.3b	HG02059	h2	Validator_Script	HML-2_8q24.3b|HG02059|h2|none|NA|NA	0	0	NA	NA	NO_EXACT_RETAINED_RECORD				NOT_ASSESSED_NO_EXACT_RETAINED_RECORD				UNKNOWN_TECHNICAL	EAS			
HML-2_8q24.3c	HG02071_mat_hprc_r2_v1.0.1_HML-2_8q24.3b	HML-2_8q24.3b	HG02071	mat	Successful_Empty_Site	HML-2_8q24.3b|HG02071|mat|none|historical_source/cluster/HML2_project/processed_loci/HML-2_8q24.3b/HG02071_mat_hprc_r2_v1.0.1_HML-2_8q24.3b.fa|a7a032c63ccfe642edf505bf4cc9917630ebeae6ee0057c418433a6ac93eee4b	0	0	NA	NA	NO_EXACT_RETAINED_RECORD				NOT_ASSESSED_NO_EXACT_RETAINED_RECORD				NONCARRIER_SENTINEL_OBSERVATION	EAS			
HML-2_8q24.3c	HG02071_pat_hprc_r2_v1.0.1_HML-2_8q24.3b	HML-2_8q24.3b	HG02071	pat	Successful_Empty_Site	HML-2_8q24.3b|HG02071|pat|none|historical_source/cluster/HML2_project/processed_loci/HML-2_8q24.3b/HG02071_pat_hprc_r2_v1.0.1_HML-2_8q24.3b.fa|e735afffdffd4d7a66fe1a973b33d642daea11bfcf7c5ee0697d4c851cd142d7	0	0	NA	NA	NO_EXACT_RETAINED_RECORD				NOT_ASSESSED_NO_EXACT_RETAINED_RECORD				NONCARRIER_SENTINEL_OBSERVATION	EAS			
HML-2_8q24.3c	HG02074_mat_hprc_r2_v1.0.1_HML-2_8q24.3b	HML-2_8q24.3b	HG02074	mat	Successful_Empty_Site	HML-2_8q24.3b|HG02074|mat|none|historical_source/cluster/HML2_project/processed_loci/HML-2_8q24.3b/HG02074_mat_hprc_r2_v1.0.1_HML-2_8q24.3b.fa|0d4813565046c572f5e1ffac7d4c50781f17413f732897c93a0484f4fcee139d	0	0	NA	NA	NO_EXACT_RETAINED_RECORD				NOT_ASSESSED_NO_EXACT_RETAINED_RECORD				NONCARRIER_SENTINEL_OBSERVATION	EAS			
HML-2_8q24.3c	HG02074_pat_hprc_r2_v1.0.1_HML-2_8q24.3b	HML-2_8q24.3b	HG02074	pat	Successful_Empty_Site	HML-2_8q24.3b|HG02074|pat|none|historical_source/cluster/HML2_project/processed_loci/HML-2_8q24.3b/HG02074_pat_hprc_r2_v1.0.1_HML-2_8q24.3b.fa|0f46bcb0dfffae1e325cf621c03b13e9f781cf9176a90f0a954db0296e0dfac4	0	0	NA	NA	NO_EXACT_RETAINED_RECORD				NOT_ASSESSED_NO_EXACT_RETAINED_RECORD				NONCARRIER_SENTINEL_OBSERVATION	EAS			
HML-2_8q24.3c	HG02080_mat_hprc_r2_v1.0.1_HML-2_8q24.3b	HML-2_8q24.3b	HG02080	mat	Successful_Empty_Site	HML-2_8q24.3b|HG02080|mat|none|historical_source/cluster/HML2_project/processed_loci/HML-2_8q24.3b/HG02080_mat_hprc_r2_v1.0.1_HML-2_8q24.3b.fa|5333490a65952f90f9b9e55103b89494d0d920d8f208a72a40fb22732cbfce4a	0	0	NA	NA	NO_EXACT_RETAINED_RECORD				NOT_ASSESSED_NO_EXACT_RETAINED_RECORD				NONCARRIER_SENTINEL_OBSERVATION	EAS			
HML-2_8q24.3c	HG02080_pat_hprc_r2_v1.0.1_HML-2_8q24.3b	HML-2_8q24.3b	HG02080	pat	Successful_Empty_Site	HML-2_8q24.3b|HG02080|pat|none|historical_source/cluster/HML2_project/processed_loci/HML-2_8q24.3b/HG02080_pat_hprc_r2_v1.0.1_HML-2_8q24.3b.fa|c3e0433392f98abefac36dd609106112a5668f3fe1e7b8fb60154ae16e72c303	0	0	NA	NA	NO_EXACT_RETAINED_RECORD				NOT_ASSESSED_NO_EXACT_RETAINED_RECORD				NONCARRIER_SENTINEL_OBSERVATION	EAS			
HML-2_8q24.3c	HG02083_mat_hprc_r2_v1.0.1_HML-2_8q24.3b	HML-2_8q24.3b	HG02083	mat	Successful_Empty_Site	HML-2_8q24.3b|HG02083|mat|none|historical_source/cluster/HML2_project/processed_loci/HML-2_8q24.3b/HG02083_mat_hprc_r2_v1.0.1_HML-2_8q24.3b.fa|0dc53161588a9801afff1a3e7a28f48d168553e68171de6f3bee98fc4c97df8d	0	0	NA	NA	NO_EXACT_RETAINED_RECORD				NOT_ASSESSED_NO_EXACT_RETAINED_RECORD				NONCARRIER_SENTINEL_OBSERVATION	EAS			
HML-2_8q24.3c	HG02083_pat_hprc_r2_v1.0.1_HML-2_8q24.3b	HML-2_8q24.3b	HG02083	pat	Successful_Empty_Site	HML-2_8q24.3b|HG02083|pat|none|historical_source/cluster/HML2_project/processed_loci/HML-2_8q24.3b/HG02083_pat_hprc_r2_v1.0.1_HML-2_8q24.3b.fa|1c6846aa642f44bf0c8298a9d3c66190da3d8a93000f02cf3d13bec194284225	0	0	NA	NA	NO_EXACT_RETAINED_RECORD				NOT_ASSESSED_NO_EXACT_RETAINED_RECORD				NONCARRIER_SENTINEL_OBSERVATION	EAS			
HML-2_8q24.3c	HG02106_h1_HML-2_8q24.3b_technical_error	HML-2_8q24.3b	HG02106	h1	Validator_Script	HML-2_8q24.3b|HG02106|h1|none|NA|NA	0	0	NA	NA	NO_EXACT_RETAINED_RECORD				NOT_ASSESSED_NO_EXACT_RETAINED_RECORD				UNKNOWN_TECHNICAL	AMR			
HML-2_8q24.3c	HG02106_h2_HML-2_8q24.3b_technical_error	HML-2_8q24.3b	HG02106	h2	Validator_Script	HML-2_8q24.3b|HG02106|h2|none|NA|NA	0	0	NA	NA	NO_EXACT_RETAINED_RECORD				NOT_ASSESSED_NO_EXACT_RETAINED_RECORD				UNKNOWN_TECHNICAL	AMR			
HML-2_8q24.3c	HG02109_mat_hprc_r2_v1.0.1_HML-2_8q24.3b	HML-2_8q24.3b	HG02109	mat	Successful_Empty_Site	HML-2_8q24.3b|HG02109|mat|none|historical_source/cluster/HML2_project/processed_loci/HML-2_8q24.3b/HG02109_mat_hprc_r2_v1.0.1_HML-2_8q24.3b.fa|7dc55ef755e7d73f5b08d48c3d2f4c161dd4dbe70b05b22cd491a050e1805eea	0	0	NA	NA	NO_EXACT_RETAINED_RECORD				NOT_ASSESSED_NO_EXACT_RETAINED_RECORD				NONCARRIER_SENTINEL_OBSERVATION	Unassigned			
HML-2_8q24.3c	HG02109_pat_hprc_r2_v1.0.1_HML-2_8q24.3b	HML-2_8q24.3b	HG02109	pat	Successful_Empty_Site	HML-2_8q24.3b|HG02109|pat|none|historical_source/cluster/HML2_project/processed_loci/HML-2_8q24.3b/HG02109_pat_hprc_r2_v1.0.1_HML-2_8q24.3b.fa|a14adb18d8aa18f306cb7f18ea75958280a0f627c3ef1f9023193c5f818c2fde	0	0	NA	NA	NO_EXACT_RETAINED_RECORD				NOT_ASSESSED_NO_EXACT_RETAINED_RECORD				NONCARRIER_SENTINEL_OBSERVATION	Unassigned			
HML-2_8q24.3c	HG02129_mat_hprc_r2_v1.0.1_HML-2_8q24.3b	HML-2_8q24.3b	HG02129	mat	Successful_Empty_Site	HML-2_8q24.3b|HG02129|mat|none|historical_source/cluster/HML2_project/processed_loci/HML-2_8q24.3b/HG02129_mat_hprc_r2_v1.0.1_HML-2_8q24.3b.fa|ec74b26487874c674f0c4b1302ab2cb400076eecf3a4a1f0a5097f1fc65e3bbf	0	0	NA	NA	NO_EXACT_RETAINED_RECORD				NOT_ASSESSED_NO_EXACT_RETAINED_RECORD				NONCARRIER_SENTINEL_OBSERVATION	EAS			
HML-2_8q24.3c	HG02129_pat_hprc_r2_v1.0.1_HML-2_8q24.3b	HML-2_8q24.3b	HG02129	pat	Successful_Empty_Site	HML-2_8q24.3b|HG02129|pat|none|historical_source/cluster/HML2_project/processed_loci/HML-2_8q24.3b/HG02129_pat_hprc_r2_v1.0.1_HML-2_8q24.3b.fa|89585150424396d28f3afa3470bd4d59f04e755d0c239681fe3323272268ab0b	0	0	NA	NA	NO_EXACT_RETAINED_RECORD				NOT_ASSESSED_NO_EXACT_RETAINED_RECORD				NONCARRIER_SENTINEL_OBSERVATION	EAS			
HML-2_8q24.3c	HG02132_mat_hprc_r2_v1.0.1_HML-2_8q24.3b	HML-2_8q24.3b	HG02132	mat	Successful_Empty_Site	HML-2_8q24.3b|HG02132|mat|none|historical_source/cluster/HML2_project/processed_loci/HML-2_8q24.3b/HG02132_mat_hprc_r2_v1.0.1_HML-2_8q24.3b.fa|7e71735994e268b4d115e222bdf392480d7b7c5b90c169a7e691658119965a1b	0	0	NA	NA	NO_EXACT_RETAINED_RECORD				NOT_ASSESSED_NO_EXACT_RETAINED_RECORD				NONCARRIER_SENTINEL_OBSERVATION	EAS			
HML-2_8q24.3c	HG02132_pat_hprc_r2_v1.0.1_HML-2_8q24.3b	HML-2_8q24.3b	HG02132	pat	Successful_Empty_Site	HML-2_8q24.3b|HG02132|pat|none|historical_source/cluster/HML2_project/processed_loci/HML-2_8q24.3b/HG02132_pat_hprc_r2_v1.0.1_HML-2_8q24.3b.fa|185d9016517e44455804503f1d011d1a969d1bab1cae1c80e9d0ab45d2968fa4	0	0	NA	NA	NO_EXACT_RETAINED_RECORD				NOT_ASSESSED_NO_EXACT_RETAINED_RECORD				NONCARRIER_SENTINEL_OBSERVATION	EAS			
HML-2_8q24.3c	HG02135_mat_hprc_r2_v1.0.1_HML-2_8q24.3b	HML-2_8q24.3b	HG02135	mat	Successful_Empty_Site	HML-2_8q24.3b|HG02135|mat|none|historical_source/cluster/HML2_project/processed_loci/HML-2_8q24.3b/HG02135_mat_hprc_r2_v1.0.1_HML-2_8q24.3b.fa|4ac1af7a303a2a3a348d2e451e6d8b8baaf0dbee38afa7c575c9bdcbad319436	0	0	NA	NA	NO_EXACT_RETAINED_RECORD				NOT_ASSESSED_NO_EXACT_RETAINED_RECORD				NONCARRIER_SENTINEL_OBSERVATION	EAS			
HML-2_8q24.3c	HG02135_pat_hprc_r2_v1.0.1_HML-2_8q24.3b	HML-2_8q24.3b	HG02135	pat	Successful_Empty_Site	HML-2_8q24.3b|HG02135|pat|none|historical_source/cluster/HML2_project/processed_loci/HML-2_8q24.3b/HG02135_pat_hprc_r2_v1.0.1_HML-2_8q24.3b.fa|d949f3a9c8b8ede6894ea0551118a3408c15dd702daf24af202332c430ccfda8	0	0	NA	NA	NO_EXACT_RETAINED_RECORD				NOT_ASSESSED_NO_EXACT_RETAINED_RECORD				NONCARRIER_SENTINEL_OBSERVATION	EAS			
HML-2_8q24.3c	HG02145_mat_hprc_r2_v1.0.1_HML-2_8q24.3b	HML-2_8q24.3b	HG02145	mat	Successful_Empty_Site	HML-2_8q24.3b|HG02145|mat|none|historical_source/cluster/HML2_project/processed_loci/HML-2_8q24.3b/HG02145_mat_hprc_r2_v1.0.1_HML-2_8q24.3b.fa|3ee0a22aef614a37a091ccfbd3e60db57b65b17e6bcd704a38fb75cc189daa55	0	0	NA	NA	NO_EXACT_RETAINED_RECORD				NOT_ASSESSED_NO_EXACT_RETAINED_RECORD				NONCARRIER_SENTINEL_OBSERVATION	AFR			
HML-2_8q24.3c	HG02145_pat_hprc_r2_v1.0.1_HML-2_8q24.3b	HML-2_8q24.3b	HG02145	pat	Successful_Empty_Site	HML-2_8q24.3b|HG02145|pat|none|historical_source/cluster/HML2_project/processed_loci/HML-2_8q24.3b/HG02145_pat_hprc_r2_v1.0.1_HML-2_8q24.3b.fa|3f0fbff7ea9d0d659968acb297034af18e3cbbcaa2f4a3918f000636653f5b80	0	0	NA	NA	NO_EXACT_RETAINED_RECORD				NOT_ASSESSED_NO_EXACT_RETAINED_RECORD				NONCARRIER_SENTINEL_OBSERVATION	AFR			
HML-2_8q24.3c	HG02148_mat_hprc_r2_v1.0.1_HML-2_8q24.3b	HML-2_8q24.3b	HG02148	mat	Successful_Empty_Site	HML-2_8q24.3b|HG02148|mat|none|historical_source/cluster/HML2_project/processed_loci/HML-2_8q24.3b/HG02148_mat_hprc_r2_v1.0.1_HML-2_8q24.3b.fa|4309a4c2fead40a87c8b7b860665e9809a4f40d5d4082cd98d445af714d211da	0	0	NA	NA	NO_EXACT_RETAINED_RECORD				NOT_ASSESSED_NO_EXACT_RETAINED_RECORD				NONCARRIER_SENTINEL_OBSERVATION	AMR			
HML-2_8q24.3c	HG02148_pat_hprc_r2_v1.0.1_HML-2_8q24.3b	HML-2_8q24.3b	HG02148	pat	Successful_Empty_Site	HML-2_8q24.3b|HG02148|pat|none|historical_source/cluster/HML2_project/processed_loci/HML-2_8q24.3b/HG02148_pat_hprc_r2_v1.0.1_HML-2_8q24.3b.fa|a30059ad06e4c617773d6abd8e5ddb3e24fc65a53b58678a4cc0140476a53517	0	0	NA	NA	NO_EXACT_RETAINED_RECORD				NOT_ASSESSED_NO_EXACT_RETAINED_RECORD				NONCARRIER_SENTINEL_OBSERVATION	AMR			
HML-2_8q24.3c	HG02155_hap1_hprc_r2_v1.0.1_HML-2_8q24.3b	HML-2_8q24.3b	HG02155	h1	Successful_Empty_Site	HML-2_8q24.3b|HG02155|h1|none|historical_source/cluster/HML2_project/processed_loci/HML-2_8q24.3b/HG02155_hap1_hprc_r2_v1.0.1_HML-2_8q24.3b.fa|73f5ff96eafda5708696ecc8c0967eef332a1af922608413a5f9e8c9955d11a3	0	0	NA	NA	NO_EXACT_RETAINED_RECORD				NOT_ASSESSED_NO_EXACT_RETAINED_RECORD				NONCARRIER_SENTINEL_OBSERVATION	EAS			
HML-2_8q24.3c	HG02155_hap2_hprc_r2_v1.0.1_HML-2_8q24.3b	HML-2_8q24.3b	HG02155	h2	Successful_Empty_Site	HML-2_8q24.3b|HG02155|h2|none|historical_source/cluster/HML2_project/processed_loci/HML-2_8q24.3b/HG02155_hap2_hprc_r2_v1.0.1_HML-2_8q24.3b.fa|627a1377526d8372646ad0121f9593395a805b682ba89c669cc32fc05a3afd0a	0	0	NA	NA	NO_EXACT_RETAINED_RECORD				NOT_ASSESSED_NO_EXACT_RETAINED_RECORD				NONCARRIER_SENTINEL_OBSERVATION	EAS			
HML-2_8q24.3c	HG02165_hap1_hprc_r2_v1.0.1_HML-2_8q24.3b	HML-2_8q24.3b	HG02165	h1	Successful_Empty_Site	HML-2_8q24.3b|HG02165|h1|none|historical_source/cluster/HML2_project/processed_loci/HML-2_8q24.3b/HG02165_hap1_hprc_r2_v1.0.1_HML-2_8q24.3b.fa|2b81275391ae47bce7a37cfdb0d475f17106d7e8579e3011f583d0957d4bfa4b	0	0	NA	NA	NO_EXACT_RETAINED_RECORD				NOT_ASSESSED_NO_EXACT_RETAINED_RECORD				NONCARRIER_SENTINEL_OBSERVATION	EAS			
HML-2_8q24.3c	HG02165_hap2_hprc_r2_v1.0.1_HML-2_8q24.3b	HML-2_8q24.3b	HG02165	h2	Successful_Empty_Site	HML-2_8q24.3b|HG02165|h2|none|historical_source/cluster/HML2_project/processed_loci/HML-2_8q24.3b/HG02165_hap2_hprc_r2_v1.0.1_HML-2_8q24.3b.fa|e08a3b927a9348000de73b0a95f8e87d7db3811af781b17b14e1028e77c539a9	0	0	NA	NA	NO_EXACT_RETAINED_RECORD				NOT_ASSESSED_NO_EXACT_RETAINED_RECORD				NONCARRIER_SENTINEL_OBSERVATION	EAS			
HML-2_8q24.3c	HG02178_hap1_hprc_r2_v1.0.1_HML-2_8q24.3b	HML-2_8q24.3b	HG02178	h1	Successful_Empty_Site	HML-2_8q24.3b|HG02178|h1|none|historical_source/cluster/HML2_project/processed_loci/HML-2_8q24.3b/HG02178_hap1_hprc_r2_v1.0.1_HML-2_8q24.3b.fa|5decf5d974437e2c9d7cbd86426414b8fc807e38d39849443c87b2c1a5712bb8	0	0	NA	NA	NO_EXACT_RETAINED_RECORD				NOT_ASSESSED_NO_EXACT_RETAINED_RECORD				NONCARRIER_SENTINEL_OBSERVATION	EAS			
HML-2_8q24.3c	HG02178_hap2_hprc_r2_v1.0.1_HML-2_8q24.3b	HML-2_8q24.3b	HG02178	h2	Successful_Empty_Site	HML-2_8q24.3b|HG02178|h2|none|historical_source/cluster/HML2_project/processed_loci/HML-2_8q24.3b/HG02178_hap2_hprc_r2_v1.0.1_HML-2_8q24.3b.fa|713ca54c26a9d9e5e07a2bb1dff405c38264e85770c159ee5a0536b15399c33d	0	0	NA	NA	NO_EXACT_RETAINED_RECORD				NOT_ASSESSED_NO_EXACT_RETAINED_RECORD				NONCARRIER_SENTINEL_OBSERVATION	EAS			
HML-2_8q24.3c	HG02257_mat_hprc_r2_v1.1.0_HML-2_8q24.3b	HML-2_8q24.3b	HG02257	mat	Successful_Empty_Site	HML-2_8q24.3b|HG02257|mat|none|historical_source/cluster/HML2_project/processed_loci/HML-2_8q24.3b/HG02257_mat_hprc_r2_v1.1.0_HML-2_8q24.3b.fa|67e601ebc764c94b7e5072820c8db7584cbc6a9e499cdcad0829d541f96e4667	0	0	NA	NA	NO_EXACT_RETAINED_RECORD				NOT_ASSESSED_NO_EXACT_RETAINED_RECORD				NONCARRIER_SENTINEL_OBSERVATION	AFR			
HML-2_8q24.3c	HG02257_pat_hprc_r2_v1.1.0_HML-2_8q24.3b	HML-2_8q24.3b	HG02257	pat	Successful_Empty_Site	HML-2_8q24.3b|HG02257|pat|none|historical_source/cluster/HML2_project/processed_loci/HML-2_8q24.3b/HG02257_pat_hprc_r2_v1.1.0_HML-2_8q24.3b.fa|20577479df0481312666dc81d4f08c86b219771c86d0dc2343a3666bd1e6bd7a	0	0	NA	NA	NO_EXACT_RETAINED_RECORD				NOT_ASSESSED_NO_EXACT_RETAINED_RECORD				NONCARRIER_SENTINEL_OBSERVATION	AFR			
HML-2_8q24.3c	HG02258_mat_hprc_r2_v1.0.1_HML-2_8q24.3b	HML-2_8q24.3b	HG02258	mat	Successful_Empty_Site	HML-2_8q24.3b|HG02258|mat|none|historical_source/cluster/HML2_project/processed_loci/HML-2_8q24.3b/HG02258_mat_hprc_r2_v1.0.1_HML-2_8q24.3b.fa|5ec5493798883a0ee2a412696444d3507d3e840f181f56b8e647896986cb9dc8	0	0	NA	NA	NO_EXACT_RETAINED_RECORD				NOT_ASSESSED_NO_EXACT_RETAINED_RECORD				NONCARRIER_SENTINEL_OBSERVATION	AFR			
HML-2_8q24.3c	HG02258_pat_hprc_r2_v1.0.1_HML-2_8q24.3b	HML-2_8q24.3b	HG02258	pat	Successful_Empty_Site	HML-2_8q24.3b|HG02258|pat|none|historical_source/cluster/HML2_project/processed_loci/HML-2_8q24.3b/HG02258_pat_hprc_r2_v1.0.1_HML-2_8q24.3b.fa|92043a1db7769b510a0bf0afd59c11c1b81d9f9366a2264f09f1508db4d60432	0	0	NA	NA	NO_EXACT_RETAINED_RECORD				NOT_ASSESSED_NO_EXACT_RETAINED_RECORD				NONCARRIER_SENTINEL_OBSERVATION	AFR			
HML-2_8q24.3c	HG02273_hap1_hprc_r2_v1.0.1_HML-2_8q24.3b	HML-2_8q24.3b	HG02273	h1	Successful_Empty_Site	HML-2_8q24.3b|HG02273|h1|none|historical_source/cluster/HML2_project/processed_loci/HML-2_8q24.3b/HG02273_hap1_hprc_r2_v1.0.1_HML-2_8q24.3b.fa|b7b87c0fa2cc073c4ad68d6189d7fb1abc56e2a4f7e0215346ea6dacb6293f25	0	0	NA	NA	NO_EXACT_RETAINED_RECORD				NOT_ASSESSED_NO_EXACT_RETAINED_RECORD				NONCARRIER_SENTINEL_OBSERVATION	AMR			
HML-2_8q24.3c	HG02273_hap2_hprc_r2_v1.0.1_HML-2_8q24.3b	HML-2_8q24.3b	HG02273	h2	Successful_Empty_Site	HML-2_8q24.3b|HG02273|h2|none|historical_source/cluster/HML2_project/processed_loci/HML-2_8q24.3b/HG02273_hap2_hprc_r2_v1.0.1_HML-2_8q24.3b.fa|d4622df393b19cda9d06665427726bacaffab75f19bc38dfd85df06aad55c9a4	0	0	NA	NA	NO_EXACT_RETAINED_RECORD				NOT_ASSESSED_NO_EXACT_RETAINED_RECORD				NONCARRIER_SENTINEL_OBSERVATION	AMR			
HML-2_8q24.3c	HG02280_mat_hprc_r2_v1.0.1_HML-2_8q24.3b	HML-2_8q24.3b	HG02280	mat	Successful_Empty_Site	HML-2_8q24.3b|HG02280|mat|none|historical_source/cluster/HML2_project/processed_loci/HML-2_8q24.3b/HG02280_mat_hprc_r2_v1.0.1_HML-2_8q24.3b.fa|1a5239569800c1d432b1d84c847aebd6302c782316f68d7c0c62608939b33fa3	0	0	NA	NA	NO_EXACT_RETAINED_RECORD				NOT_ASSESSED_NO_EXACT_RETAINED_RECORD				NONCARRIER_SENTINEL_OBSERVATION	AFR			
HML-2_8q24.3c	HG02280_pat_hprc_r2_v1.0.1_HML-2_8q24.3b	HML-2_8q24.3b	HG02280	pat	Successful_Empty_Site	HML-2_8q24.3b|HG02280|pat|none|historical_source/cluster/HML2_project/processed_loci/HML-2_8q24.3b/HG02280_pat_hprc_r2_v1.0.1_HML-2_8q24.3b.fa|f3dec0d08b7338cf2e92a2ea50967237c70580f31750db6bec3afa7e73962eea	0	0	NA	NA	NO_EXACT_RETAINED_RECORD				NOT_ASSESSED_NO_EXACT_RETAINED_RECORD				NONCARRIER_SENTINEL_OBSERVATION	AFR			
HML-2_8q24.3c	HG02282_h1_HML-2_8q24.3b_technical_error	HML-2_8q24.3b	HG02282	h1	Validator_Script	HML-2_8q24.3b|HG02282|h1|none|NA|NA	0	0	NA	NA	NO_EXACT_RETAINED_RECORD				NOT_ASSESSED_NO_EXACT_RETAINED_RECORD				UNKNOWN_TECHNICAL	AFR			
HML-2_8q24.3c	HG02282_h2_HML-2_8q24.3b_technical_error	HML-2_8q24.3b	HG02282	h2	Validator_Script	HML-2_8q24.3b|HG02282|h2|none|NA|NA	0	0	NA	NA	NO_EXACT_RETAINED_RECORD				NOT_ASSESSED_NO_EXACT_RETAINED_RECORD				UNKNOWN_TECHNICAL	AFR			
HML-2_8q24.3c	HG02293_mat_hprc_r2_v1.0.1_HML-2_8q24.3b	HML-2_8q24.3b	HG02293	mat	Successful_Empty_Site	HML-2_8q24.3b|HG02293|mat|none|historical_source/cluster/HML2_project/processed_loci/HML-2_8q24.3b/HG02293_mat_hprc_r2_v1.0.1_HML-2_8q24.3b.fa|8f3b780b4a95713d7f469584d4d01aaac399da9301bbaeb6d849c9cc9e289f33	0	0	NA	NA	NO_EXACT_RETAINED_RECORD				NOT_ASSESSED_NO_EXACT_RETAINED_RECORD				NONCARRIER_SENTINEL_OBSERVATION	AMR			
HML-2_8q24.3c	HG02293_pat_hprc_r2_v1.0.1_HML-2_8q24.3b	HML-2_8q24.3b	HG02293	pat	Successful_Empty_Site	HML-2_8q24.3b|HG02293|pat|none|historical_source/cluster/HML2_project/processed_loci/HML-2_8q24.3b/HG02293_pat_hprc_r2_v1.0.1_HML-2_8q24.3b.fa|15aa2b092f2db258f3f96c39320a993fcf86c66ddaf6a444466f8d1f9930bac8	0	0	NA	NA	NO_EXACT_RETAINED_RECORD				NOT_ASSESSED_NO_EXACT_RETAINED_RECORD				NONCARRIER_SENTINEL_OBSERVATION	AMR			
HML-2_8q24.3c	HG02300_mat_hprc_r2_v1.0.1_HML-2_8q24.3b	HML-2_8q24.3b	HG02300	mat	Successful_Empty_Site	HML-2_8q24.3b|HG02300|mat|none|historical_source/cluster/HML2_project/processed_loci/HML-2_8q24.3b/HG02300_mat_hprc_r2_v1.0.1_HML-2_8q24.3b.fa|712e31932ed2a31b92a92293d5693626eae0b1826d64af1e97832e1005302973	0	0	NA	NA	NO_EXACT_RETAINED_RECORD				NOT_ASSESSED_NO_EXACT_RETAINED_RECORD				NONCARRIER_SENTINEL_OBSERVATION	AMR			
HML-2_8q24.3c	HG02300_pat_hprc_r2_v1.0.1_HML-2_8q24.3b	HML-2_8q24.3b	HG02300	pat	Successful_Empty_Site	HML-2_8q24.3b|HG02300|pat|none|historical_source/cluster/HML2_project/processed_loci/HML-2_8q24.3b/HG02300_pat_hprc_r2_v1.0.1_HML-2_8q24.3b.fa|d0f184e05c7fc835f8981a459bfcf4587450f4012a18b5bab99f718ed08324c9	0	0	NA	NA	NO_EXACT_RETAINED_RECORD				NOT_ASSESSED_NO_EXACT_RETAINED_RECORD				NONCARRIER_SENTINEL_OBSERVATION	AMR			
HML-2_8q24.3c	HG02391_hap1_hprc_r2_v1.0.1_HML-2_8q24.3b	HML-2_8q24.3b	HG02391	h1	Successful_Empty_Site	HML-2_8q24.3b|HG02391|h1|none|historical_source/cluster/HML2_project/processed_loci/HML-2_8q24.3b/HG02391_hap1_hprc_r2_v1.0.1_HML-2_8q24.3b.fa|56be022efcf78e8e2bd00e944945b8eb16f9c423890b521879b04967ffa65837	0	0	NA	NA	NO_EXACT_RETAINED_RECORD				NOT_ASSESSED_NO_EXACT_RETAINED_RECORD				NONCARRIER_SENTINEL_OBSERVATION	EAS			
HML-2_8q24.3c	HG02391_hap2_hprc_r2_v1.0.1_HML-2_8q24.3b	HML-2_8q24.3b	HG02391	h2	Successful_Empty_Site	HML-2_8q24.3b|HG02391|h2|none|historical_source/cluster/HML2_project/processed_loci/HML-2_8q24.3b/HG02391_hap2_hprc_r2_v1.0.1_HML-2_8q24.3b.fa|3046b234281bebed4c2d78078381b7ed85419510fa33345688545bf103d8fd85	0	0	NA	NA	NO_EXACT_RETAINED_RECORD				NOT_ASSESSED_NO_EXACT_RETAINED_RECORD				NONCARRIER_SENTINEL_OBSERVATION	EAS			
HML-2_8q24.3c	HG02392_hap1_hprc_r2_v1.0.1_HML-2_8q24.3b	HML-2_8q24.3b	HG02392	h1	Successful_Empty_Site	HML-2_8q24.3b|HG02392|h1|none|historical_source/cluster/HML2_project/processed_loci/HML-2_8q24.3b/HG02392_hap1_hprc_r2_v1.0.1_HML-2_8q24.3b.fa|2c4e83c7b25d4051fb50d1d3c6205639c910b023f36fe88618a98f088e76464c	0	0	NA	NA	NO_EXACT_RETAINED_RECORD				NOT_ASSESSED_NO_EXACT_RETAINED_RECORD				NONCARRIER_SENTINEL_OBSERVATION	EAS			
HML-2_8q24.3c	HG02392_hap2_hprc_r2_v1.0.1_HML-2_8q24.3b	HML-2_8q24.3b	HG02392	h2	Successful_Empty_Site	HML-2_8q24.3b|HG02392|h2|none|historical_source/cluster/HML2_project/processed_loci/HML-2_8q24.3b/HG02392_hap2_hprc_r2_v1.0.1_HML-2_8q24.3b.fa|92a91200ff72efa378892775d346757f04acd444622b285d3f5b6b9ada3ffb07	0	0	NA	NA	NO_EXACT_RETAINED_RECORD				NOT_ASSESSED_NO_EXACT_RETAINED_RECORD				NONCARRIER_SENTINEL_OBSERVATION	EAS			
HML-2_8q24.3c	HG02451_mat_hprc_r2_v1.0.1_HML-2_8q24.3b	HML-2_8q24.3b	HG02451	mat	Successful_Empty_Site	HML-2_8q24.3b|HG02451|mat|none|historical_source/cluster/HML2_project/processed_loci/HML-2_8q24.3b/HG02451_mat_hprc_r2_v1.0.1_HML-2_8q24.3b.fa|aa32c0b1e0a4bb96bc43f0a205bb131710c40b2f017f91072f24442cb56ae495	0	0	NA	NA	NO_EXACT_RETAINED_RECORD				NOT_ASSESSED_NO_EXACT_RETAINED_RECORD				NONCARRIER_SENTINEL_OBSERVATION	AFR			
HML-2_8q24.3c	HG02451_pat_hprc_r2_v1.0.1_HML-2_8q24.3b	HML-2_8q24.3b	HG02451	pat	Successful_Empty_Site	HML-2_8q24.3b|HG02451|pat|none|historical_source/cluster/HML2_project/processed_loci/HML-2_8q24.3b/HG02451_pat_hprc_r2_v1.0.1_HML-2_8q24.3b.fa|f8b0dbf34296dbcea573a458063802e73091b7615c30cbc75af41e19b097b7a2	0	0	NA	NA	NO_EXACT_RETAINED_RECORD				NOT_ASSESSED_NO_EXACT_RETAINED_RECORD				NONCARRIER_SENTINEL_OBSERVATION	AFR			
HML-2_8q24.3c	HG02486_mat_hprc_r2_v1.0.1_HML-2_8q24.3b	HML-2_8q24.3b	HG02486	mat	Successful_Empty_Site	HML-2_8q24.3b|HG02486|mat|none|historical_source/cluster/HML2_project/processed_loci/HML-2_8q24.3b/HG02486_mat_hprc_r2_v1.0.1_HML-2_8q24.3b.fa|2a61d6335f63c426427a24180f2fc279a15c9d2fb8840c938a0664a7c96667af	0	0	NA	NA	NO_EXACT_RETAINED_RECORD				NOT_ASSESSED_NO_EXACT_RETAINED_RECORD				NONCARRIER_SENTINEL_OBSERVATION	AFR			
HML-2_8q24.3c	HG02486_pat_hprc_r2_v1.0.1_HML-2_8q24.3b	HML-2_8q24.3b	HG02486	pat	Successful_Empty_Site	HML-2_8q24.3b|HG02486|pat|none|historical_source/cluster/HML2_project/processed_loci/HML-2_8q24.3b/HG02486_pat_hprc_r2_v1.0.1_HML-2_8q24.3b.fa|f0a189727a6abbf7ffddb8dcfe4136e1170c2e431443f528a18b63dad3f8cf7b	0	0	NA	NA	NO_EXACT_RETAINED_RECORD				NOT_ASSESSED_NO_EXACT_RETAINED_RECORD				NONCARRIER_SENTINEL_OBSERVATION	AFR			
HML-2_8q24.3c	HG02492_h1_HML-2_8q24.3b_technical_error	HML-2_8q24.3b	HG02492	h1	Validator_Script	HML-2_8q24.3b|HG02492|h1|none|NA|NA	0	0	NA	NA	NO_EXACT_RETAINED_RECORD				NOT_ASSESSED_NO_EXACT_RETAINED_RECORD				UNKNOWN_TECHNICAL	SAS			
HML-2_8q24.3c	HG02492_h2_HML-2_8q24.3b_technical_error	HML-2_8q24.3b	HG02492	h2	Validator_Script	HML-2_8q24.3b|HG02492|h2|none|NA|NA	0	0	NA	NA	NO_EXACT_RETAINED_RECORD				NOT_ASSESSED_NO_EXACT_RETAINED_RECORD				UNKNOWN_TECHNICAL	SAS			
HML-2_8q24.3c	HG02514_mat_hprc_r2_v1.0.1_HML-2_8q24.3b	HML-2_8q24.3b	HG02514	mat	Successful_Empty_Site	HML-2_8q24.3b|HG02514|mat|none|historical_source/cluster/HML2_project/processed_loci/HML-2_8q24.3b/HG02514_mat_hprc_r2_v1.0.1_HML-2_8q24.3b.fa|d56defec4186d532f29e5b37661f65b3515e19bc7ae726d5177b2a52f5853afa	0	0	NA	NA	NO_EXACT_RETAINED_RECORD				NOT_ASSESSED_NO_EXACT_RETAINED_RECORD				NONCARRIER_SENTINEL_OBSERVATION	EAS			
HML-2_8q24.3c	HG02514_pat_hprc_r2_v1.0.1_HML-2_8q24.3b	HML-2_8q24.3b	HG02514	pat	Successful_Empty_Site	HML-2_8q24.3b|HG02514|pat|none|historical_source/cluster/HML2_project/processed_loci/HML-2_8q24.3b/HG02514_pat_hprc_r2_v1.0.1_HML-2_8q24.3b.fa|8b10871f883cec94300da9d5e2ea4339c88bb14ed55bca870a5328127d158c0e	0	0	NA	NA	NO_EXACT_RETAINED_RECORD				NOT_ASSESSED_NO_EXACT_RETAINED_RECORD				NONCARRIER_SENTINEL_OBSERVATION	EAS			
HML-2_8q24.3c	HG02523_mat_hprc_r2_v1.0.1_HML-2_8q24.3b	HML-2_8q24.3b	HG02523	mat	Successful_Empty_Site	HML-2_8q24.3b|HG02523|mat|none|historical_source/cluster/HML2_project/processed_loci/HML-2_8q24.3b/HG02523_mat_hprc_r2_v1.0.1_HML-2_8q24.3b.fa|3c5e37d8e65e4675d879446441e9b3af345ed3230598ca635682add5fd3fdcf3	0	0	NA	NA	NO_EXACT_RETAINED_RECORD				NOT_ASSESSED_NO_EXACT_RETAINED_RECORD				NONCARRIER_SENTINEL_OBSERVATION	EAS			
HML-2_8q24.3c	HG02523_pat_hprc_r2_v1.0.1_HML-2_8q24.3b	HML-2_8q24.3b	HG02523	pat	Successful_Empty_Site	HML-2_8q24.3b|HG02523|pat|none|historical_source/cluster/HML2_project/processed_loci/HML-2_8q24.3b/HG02523_pat_hprc_r2_v1.0.1_HML-2_8q24.3b.fa|093805f5c386233af03ce3e46e0dde6188702efbc0f479efc040679f025bbfd4	0	0	NA	NA	NO_EXACT_RETAINED_RECORD				NOT_ASSESSED_NO_EXACT_RETAINED_RECORD				NONCARRIER_SENTINEL_OBSERVATION	EAS			
HML-2_8q24.3c	HG02554_h1_HML-2_8q24.3b_technical_error	HML-2_8q24.3b	HG02554	h1	Validator_Script	HML-2_8q24.3b|HG02554|h1|none|NA|NA	0	0	NA	NA	NO_EXACT_RETAINED_RECORD				NOT_ASSESSED_NO_EXACT_RETAINED_RECORD				UNKNOWN_TECHNICAL	AFR			
HML-2_8q24.3c	HG02554_h2_HML-2_8q24.3b_technical_error	HML-2_8q24.3b	HG02554	h2	Validator_Script	HML-2_8q24.3b|HG02554|h2|none|NA|NA	0	0	NA	NA	NO_EXACT_RETAINED_RECORD				NOT_ASSESSED_NO_EXACT_RETAINED_RECORD				UNKNOWN_TECHNICAL	AFR			
HML-2_8q24.3c	HG02559_mat_hprc_r2_v1.0.1_HML-2_8q24.3b	HML-2_8q24.3b	HG02559	mat	Successful_Empty_Site	HML-2_8q24.3b|HG02559|mat|none|historical_source/cluster/HML2_project/processed_loci/HML-2_8q24.3b/HG02559_mat_hprc_r2_v1.0.1_HML-2_8q24.3b.fa|20758a625469de041dfc626b5d17bf79b7676902311c49b11d97db2e62bdc40e	0	0	NA	NA	NO_EXACT_RETAINED_RECORD				NOT_ASSESSED_NO_EXACT_RETAINED_RECORD				NONCARRIER_SENTINEL_OBSERVATION	AFR			
HML-2_8q24.3c	HG02559_pat_hprc_r2_v1.0.1_HML-2_8q24.3b	HML-2_8q24.3b	HG02559	pat	Successful_Empty_Site	HML-2_8q24.3b|HG02559|pat|none|historical_source/cluster/HML2_project/processed_loci/HML-2_8q24.3b/HG02559_pat_hprc_r2_v1.0.1_HML-2_8q24.3b.fa|d8b40e98c485bfdfdd21e04b63a6a2271c7e293efbae50c7328b0e0a6848db79	0	0	NA	NA	NO_EXACT_RETAINED_RECORD				NOT_ASSESSED_NO_EXACT_RETAINED_RECORD				NONCARRIER_SENTINEL_OBSERVATION	AFR			
HML-2_8q24.3c	HG02572_mat_hprc_r2_v1.0.1_HML-2_8q24.3b	HML-2_8q24.3b	HG02572	mat	Successful_Empty_Site	HML-2_8q24.3b|HG02572|mat|none|historical_source/cluster/HML2_project/processed_loci/HML-2_8q24.3b/HG02572_mat_hprc_r2_v1.0.1_HML-2_8q24.3b.fa|f6d393122bbd550f41983f668042cf7608b9d92278b3e4803a556d2f7032a26b	0	0	NA	NA	NO_EXACT_RETAINED_RECORD				NOT_ASSESSED_NO_EXACT_RETAINED_RECORD				NONCARRIER_SENTINEL_OBSERVATION	AFR			
HML-2_8q24.3c	HG02572_pat_hprc_r2_v1.0.1_HML-2_8q24.3b	HML-2_8q24.3b	HG02572	pat	Successful_Empty_Site	HML-2_8q24.3b|HG02572|pat|none|historical_source/cluster/HML2_project/processed_loci/HML-2_8q24.3b/HG02572_pat_hprc_r2_v1.0.1_HML-2_8q24.3b.fa|5df82b8df10393ac5e0cfb9b1d583901f5695d136ae7f84ca8997f7833e475dd	0	0	NA	NA	NO_EXACT_RETAINED_RECORD				NOT_ASSESSED_NO_EXACT_RETAINED_RECORD				NONCARRIER_SENTINEL_OBSERVATION	AFR			
HML-2_8q24.3c	HG02583_hap1_hprc_r2_v1.0.1_HML-2_8q24.3b	HML-2_8q24.3b	HG02583	h1	Successful_Empty_Site	HML-2_8q24.3b|HG02583|h1|none|historical_source/cluster/HML2_project/processed_loci/HML-2_8q24.3b/HG02583_hap1_hprc_r2_v1.0.1_HML-2_8q24.3b.fa|2aa3a1b0048a7d305700e8b9e27aba9c1ba0b282fd41463a30fa2eef8b08e51b	0	0	NA	NA	NO_EXACT_RETAINED_RECORD				NOT_ASSESSED_NO_EXACT_RETAINED_RECORD				NONCARRIER_SENTINEL_OBSERVATION	AFR			
HML-2_8q24.3c	HG02583_hap2_hprc_r2_v1.0.1_HML-2_8q24.3b	HML-2_8q24.3b	HG02583	h2	Successful_Empty_Site	HML-2_8q24.3b|HG02583|h2|none|historical_source/cluster/HML2_project/processed_loci/HML-2_8q24.3b/HG02583_hap2_hprc_r2_v1.0.1_HML-2_8q24.3b.fa|76f4283f19d7ab9d1e597fbd819e10d6044e66ecdf846eaea4a541d01f0cbf16	0	0	NA	NA	NO_EXACT_RETAINED_RECORD				NOT_ASSESSED_NO_EXACT_RETAINED_RECORD				NONCARRIER_SENTINEL_OBSERVATION	AFR			
HML-2_8q24.3c	HG02587_h1_HML-2_8q24.3b_technical_error	HML-2_8q24.3b	HG02587	h1	Validator_Script	HML-2_8q24.3b|HG02587|h1|none|NA|NA	0	0	NA	NA	NO_EXACT_RETAINED_RECORD				NOT_ASSESSED_NO_EXACT_RETAINED_RECORD				UNKNOWN_TECHNICAL	AFR			
HML-2_8q24.3c	HG02587_h2_HML-2_8q24.3b_technical_error	HML-2_8q24.3b	HG02587	h2	Validator_Script	HML-2_8q24.3b|HG02587|h2|none|NA|NA	0	0	NA	NA	NO_EXACT_RETAINED_RECORD				NOT_ASSESSED_NO_EXACT_RETAINED_RECORD				UNKNOWN_TECHNICAL	AFR			
HML-2_8q24.3c	HG02602_mat_hprc_r2_v1.0.1_HML-2_8q24.3b	HML-2_8q24.3b	HG02602	mat	Successful_Empty_Site	HML-2_8q24.3b|HG02602|mat|none|historical_source/cluster/HML2_project/processed_loci/HML-2_8q24.3b/HG02602_mat_hprc_r2_v1.0.1_HML-2_8q24.3b.fa|386e2ceb940f6f84f08efec6de63977059e8da395e9447db987e0766f7e24007	0	0	NA	NA	NO_EXACT_RETAINED_RECORD				NOT_ASSESSED_NO_EXACT_RETAINED_RECORD				NONCARRIER_SENTINEL_OBSERVATION	SAS			
HML-2_8q24.3c	HG02602_pat_hprc_r2_v1.0.1_HML-2_8q24.3b	HML-2_8q24.3b	HG02602	pat	Successful_Empty_Site	HML-2_8q24.3b|HG02602|pat|none|historical_source/cluster/HML2_project/processed_loci/HML-2_8q24.3b/HG02602_pat_hprc_r2_v1.0.1_HML-2_8q24.3b.fa|3bcaef7f9eb727df48c064202398d8cb382b2b59f03197f744f1eb3aaa19fefa	0	0	NA	NA	NO_EXACT_RETAINED_RECORD				NOT_ASSESSED_NO_EXACT_RETAINED_RECORD				NONCARRIER_SENTINEL_OBSERVATION	SAS			
HML-2_8q24.3c	HG02615_mat_hprc_r2_v1.0.1_HML-2_8q24.3b	HML-2_8q24.3b	HG02615	mat	Successful_Empty_Site	HML-2_8q24.3b|HG02615|mat|none|historical_source/cluster/HML2_project/processed_loci/HML-2_8q24.3b/HG02615_mat_hprc_r2_v1.0.1_HML-2_8q24.3b.fa|ac9e9813fd6c89deaff2b0ad6f2348c2498088faac6949a12b166d5ada8de392	0	0	NA	NA	NO_EXACT_RETAINED_RECORD				NOT_ASSESSED_NO_EXACT_RETAINED_RECORD				NONCARRIER_SENTINEL_OBSERVATION	AFR			
HML-2_8q24.3c	HG02615_pat_hprc_r2_v1.0.1_HML-2_8q24.3b	HML-2_8q24.3b	HG02615	pat	Successful_Empty_Site	HML-2_8q24.3b|HG02615|pat|none|historical_source/cluster/HML2_project/processed_loci/HML-2_8q24.3b/HG02615_pat_hprc_r2_v1.0.1_HML-2_8q24.3b.fa|56016b6e0ec33b0aa525536fe5af37695dcc613cfed0cf6b1e326120138bf2ca	0	0	NA	NA	NO_EXACT_RETAINED_RECORD				NOT_ASSESSED_NO_EXACT_RETAINED_RECORD				NONCARRIER_SENTINEL_OBSERVATION	AFR			
HML-2_8q24.3c	HG02622_mat_hprc_r2_v1.0.1_HML-2_8q24.3b	HML-2_8q24.3b	HG02622	mat	Successful_Empty_Site	HML-2_8q24.3b|HG02622|mat|none|historical_source/cluster/HML2_project/processed_loci/HML-2_8q24.3b/HG02622_mat_hprc_r2_v1.0.1_HML-2_8q24.3b.fa|ae64b7dff150999310440d39a3b04b7ee0295a977ca4aa516aa6c8a1ac1c9bff	0	0	NA	NA	NO_EXACT_RETAINED_RECORD				NOT_ASSESSED_NO_EXACT_RETAINED_RECORD				NONCARRIER_SENTINEL_OBSERVATION	AFR			
HML-2_8q24.3c	HG02622_pat_hprc_r2_v1.0.1_HML-2_8q24.3b	HML-2_8q24.3b	HG02622	pat	Successful_Empty_Site	HML-2_8q24.3b|HG02622|pat|none|historical_source/cluster/HML2_project/processed_loci/HML-2_8q24.3b/HG02622_pat_hprc_r2_v1.0.1_HML-2_8q24.3b.fa|e0f8d9dee1aa6c35ecbf2b776806b026fcb141deb6d9a0d3702a6ad821625518	0	0	NA	NA	NO_EXACT_RETAINED_RECORD				NOT_ASSESSED_NO_EXACT_RETAINED_RECORD				NONCARRIER_SENTINEL_OBSERVATION	AFR			
HML-2_8q24.3c	HG02630_mat_hprc_r2_v1.0.1_HML-2_8q24.3b	HML-2_8q24.3b	HG02630	mat	Successful_Empty_Site	HML-2_8q24.3b|HG02630|mat|none|historical_source/cluster/HML2_project/processed_loci/HML-2_8q24.3b/HG02630_mat_hprc_r2_v1.0.1_HML-2_8q24.3b.fa|e807d9c8d1cbca4b3ddcc0199ed87d64da38786eca96a8d48ca7c922fcf22122	0	0	NA	NA	NO_EXACT_RETAINED_RECORD				NOT_ASSESSED_NO_EXACT_RETAINED_RECORD				NONCARRIER_SENTINEL_OBSERVATION	AFR			
HML-2_8q24.3c	HG02630_pat_hprc_r2_v1.0.1_HML-2_8q24.3b	HML-2_8q24.3b	HG02630	pat	Successful_Empty_Site	HML-2_8q24.3b|HG02630|pat|none|historical_source/cluster/HML2_project/processed_loci/HML-2_8q24.3b/HG02630_pat_hprc_r2_v1.0.1_HML-2_8q24.3b.fa|4de25f4a87de6b94c201abd1c5445aad808e69e9df2bc6e56315aad5f4198bc3	0	0	NA	NA	NO_EXACT_RETAINED_RECORD				NOT_ASSESSED_NO_EXACT_RETAINED_RECORD				NONCARRIER_SENTINEL_OBSERVATION	AFR			
HML-2_8q24.3c	HG02647_mat_hprc_r2_v1.0.1_HML-2_8q24.3b	HML-2_8q24.3b	HG02647	mat	Successful_Empty_Site	HML-2_8q24.3b|HG02647|mat|none|historical_source/cluster/HML2_project/processed_loci/HML-2_8q24.3b/HG02647_mat_hprc_r2_v1.0.1_HML-2_8q24.3b.fa|ccd6fc405e36e44c4c41ef4811aa8d096a9b6380250d40662a303327708252ff	0	0	NA	NA	NO_EXACT_RETAINED_RECORD				NOT_ASSESSED_NO_EXACT_RETAINED_RECORD				NONCARRIER_SENTINEL_OBSERVATION	AFR			
HML-2_8q24.3c	HG02647_pat_hprc_r2_v1.0.1_HML-2_8q24.3b	HML-2_8q24.3b	HG02647	pat	Successful_Empty_Site	HML-2_8q24.3b|HG02647|pat|none|historical_source/cluster/HML2_project/processed_loci/HML-2_8q24.3b/HG02647_pat_hprc_r2_v1.0.1_HML-2_8q24.3b.fa|1482700247d37d30635a8723dc2f9fd7b0967448e02204b5e5da165e95496022	0	0	NA	NA	NO_EXACT_RETAINED_RECORD				NOT_ASSESSED_NO_EXACT_RETAINED_RECORD				NONCARRIER_SENTINEL_OBSERVATION	AFR			
HML-2_8q24.3c	HG02666_h1_HML-2_8q24.3b_technical_error	HML-2_8q24.3b	HG02666	h1	Validator_Script	HML-2_8q24.3b|HG02666|h1|none|NA|NA	0	0	NA	NA	NO_EXACT_RETAINED_RECORD				NOT_ASSESSED_NO_EXACT_RETAINED_RECORD				UNKNOWN_TECHNICAL	AFR			
HML-2_8q24.3c	HG02666_h2_HML-2_8q24.3b_technical_error	HML-2_8q24.3b	HG02666	h2	Validator_Script	HML-2_8q24.3b|HG02666|h2|none|NA|NA	0	0	NA	NA	NO_EXACT_RETAINED_RECORD				NOT_ASSESSED_NO_EXACT_RETAINED_RECORD				UNKNOWN_TECHNICAL	AFR			
HML-2_8q24.3c	HG02668_mat_hprc_r2_v1.0.1_HML-2_8q24.3b	HML-2_8q24.3b	HG02668	mat	Successful_Empty_Site	HML-2_8q24.3b|HG02668|mat|none|historical_source/cluster/HML2_project/processed_loci/HML-2_8q24.3b/HG02668_mat_hprc_r2_v1.0.1_HML-2_8q24.3b.fa|6fdeaca51b3eeac978ec4d6a17ea453afc576a42d8ded3cf245221b33d84bf6d	0	0	NA	NA	NO_EXACT_RETAINED_RECORD				NOT_ASSESSED_NO_EXACT_RETAINED_RECORD				NONCARRIER_SENTINEL_OBSERVATION	AFR			
HML-2_8q24.3c	HG02668_pat_hprc_r2_v1.0.1_HML-2_8q24.3b	HML-2_8q24.3b	HG02668	pat	Successful_Empty_Site	HML-2_8q24.3b|HG02668|pat|none|historical_source/cluster/HML2_project/processed_loci/HML-2_8q24.3b/HG02668_pat_hprc_r2_v1.0.1_HML-2_8q24.3b.fa|7b75891633ff40a39174a6f3225fc2d62accf11a69796afd048f387071d3b907	0	0	NA	NA	NO_EXACT_RETAINED_RECORD				NOT_ASSESSED_NO_EXACT_RETAINED_RECORD				NONCARRIER_SENTINEL_OBSERVATION	AFR			
HML-2_8q24.3c	HG02698_mat_hprc_r2_v1.0.1_HML-2_8q24.3b	HML-2_8q24.3b	HG02698	mat	Successful_Empty_Site	HML-2_8q24.3b|HG02698|mat|none|historical_source/cluster/HML2_project/processed_loci/HML-2_8q24.3b/HG02698_mat_hprc_r2_v1.0.1_HML-2_8q24.3b.fa|4c5506f78b4d420029c8ee301ab814bfb2fbca5b808b40a9fa0f13274f6e72f8	0	0	NA	NA	NO_EXACT_RETAINED_RECORD				NOT_ASSESSED_NO_EXACT_RETAINED_RECORD				NONCARRIER_SENTINEL_OBSERVATION	SAS			
HML-2_8q24.3c	HG02698_pat_hprc_r2_v1.0.1_HML-2_8q24.3b	HML-2_8q24.3b	HG02698	pat	Successful_Empty_Site	HML-2_8q24.3b|HG02698|pat|none|historical_source/cluster/HML2_project/processed_loci/HML-2_8q24.3b/HG02698_pat_hprc_r2_v1.0.1_HML-2_8q24.3b.fa|a345b5afa0419ec185169bf2d0aa18e94d146d2ff41389f818c690b2c1944ce0	0	0	NA	NA	NO_EXACT_RETAINED_RECORD				NOT_ASSESSED_NO_EXACT_RETAINED_RECORD				NONCARRIER_SENTINEL_OBSERVATION	SAS			
HML-2_8q24.3c	HG02717_mat_hprc_r2_v1.0.1_HML-2_8q24.3b	HML-2_8q24.3b	HG02717	mat	Successful_Empty_Site	HML-2_8q24.3b|HG02717|mat|none|historical_source/cluster/HML2_project/processed_loci/HML-2_8q24.3b/HG02717_mat_hprc_r2_v1.0.1_HML-2_8q24.3b.fa|d417950d2866f6c70a5fa6b3619f48508b8512b65c8bc3a9b626858f827ad6c2	0	0	NA	NA	NO_EXACT_RETAINED_RECORD				NOT_ASSESSED_NO_EXACT_RETAINED_RECORD				NONCARRIER_SENTINEL_OBSERVATION	AFR			
HML-2_8q24.3c	HG02717_pat_hprc_r2_v1.0.1_HML-2_8q24.3b	HML-2_8q24.3b	HG02717	pat	Successful_Empty_Site	HML-2_8q24.3b|HG02717|pat|none|historical_source/cluster/HML2_project/processed_loci/HML-2_8q24.3b/HG02717_pat_hprc_r2_v1.0.1_HML-2_8q24.3b.fa|03b1fdd792bdfd7a3baa4356cd0b76ed23e4710f8a8387f5e99eb6462a3b0b19	0	0	NA	NA	NO_EXACT_RETAINED_RECORD				NOT_ASSESSED_NO_EXACT_RETAINED_RECORD				NONCARRIER_SENTINEL_OBSERVATION	AFR			
HML-2_8q24.3c	HG02723_mat_hprc_r2_v1.0.1_HML-2_8q24.3b	HML-2_8q24.3b	HG02723	mat	Successful_Empty_Site	HML-2_8q24.3b|HG02723|mat|none|historical_source/cluster/HML2_project/processed_loci/HML-2_8q24.3b/HG02723_mat_hprc_r2_v1.0.1_HML-2_8q24.3b.fa|114eb7bfa88c28cafc66964ca709a7628ea6776af85162a785e0d2f17dd5b331	0	0	NA	NA	NO_EXACT_RETAINED_RECORD				NOT_ASSESSED_NO_EXACT_RETAINED_RECORD				NONCARRIER_SENTINEL_OBSERVATION	AFR			
HML-2_8q24.3c	HG02723_pat_hprc_r2_v1.0.1_HML-2_8q24.3b	HML-2_8q24.3b	HG02723	pat	Successful_Empty_Site	HML-2_8q24.3b|HG02723|pat|none|historical_source/cluster/HML2_project/processed_loci/HML-2_8q24.3b/HG02723_pat_hprc_r2_v1.0.1_HML-2_8q24.3b.fa|580a2716c79664a9785cd18fe1dbdf1d56d257f6176915b6b888556fa51c4938	0	0	NA	NA	NO_EXACT_RETAINED_RECORD				NOT_ASSESSED_NO_EXACT_RETAINED_RECORD				NONCARRIER_SENTINEL_OBSERVATION	AFR			
HML-2_8q24.3c	HG02735_mat_hprc_r2_v1.0.1_HML-2_8q24.3b	HML-2_8q24.3b	HG02735	mat	Successful_Empty_Site	HML-2_8q24.3b|HG02735|mat|none|historical_source/cluster/HML2_project/processed_loci/HML-2_8q24.3b/HG02735_mat_hprc_r2_v1.0.1_HML-2_8q24.3b.fa|7da19917e572061d28ed4ec8e4939e9150328549d995b59365c67b3810eb90df	0	0	NA	NA	NO_EXACT_RETAINED_RECORD				NOT_ASSESSED_NO_EXACT_RETAINED_RECORD				NONCARRIER_SENTINEL_OBSERVATION	SAS			
HML-2_8q24.3c	HG02735_pat_hprc_r2_v1.0.1_HML-2_8q24.3b	HML-2_8q24.3b	HG02735	pat	Successful_Empty_Site	HML-2_8q24.3b|HG02735|pat|none|historical_source/cluster/HML2_project/processed_loci/HML-2_8q24.3b/HG02735_pat_hprc_r2_v1.0.1_HML-2_8q24.3b.fa|32804857cdceca2414f30602e3d5dc2128589ab7901366b9f392eefcc69b0718	0	0	NA	NA	NO_EXACT_RETAINED_RECORD				NOT_ASSESSED_NO_EXACT_RETAINED_RECORD				NONCARRIER_SENTINEL_OBSERVATION	SAS			
HML-2_8q24.3c	HG02738_mat_hprc_r2_v1.0.1_HML-2_8q24.3b	HML-2_8q24.3b	HG02738	mat	Successful_Empty_Site	HML-2_8q24.3b|HG02738|mat|none|historical_source/cluster/HML2_project/processed_loci/HML-2_8q24.3b/HG02738_mat_hprc_r2_v1.0.1_HML-2_8q24.3b.fa|56c33dff02045a542ed68e68763fb4a52326d1e5a47d8c27105d90ba79519977	0	0	NA	NA	NO_EXACT_RETAINED_RECORD				NOT_ASSESSED_NO_EXACT_RETAINED_RECORD				NONCARRIER_SENTINEL_OBSERVATION	SAS			
HML-2_8q24.3c	HG02738_pat_hprc_r2_v1.0.1_HML-2_8q24.3b	HML-2_8q24.3b	HG02738	pat	Successful_Empty_Site	HML-2_8q24.3b|HG02738|pat|none|historical_source/cluster/HML2_project/processed_loci/HML-2_8q24.3b/HG02738_pat_hprc_r2_v1.0.1_HML-2_8q24.3b.fa|a8735708e3f8e9a624d20fbf30ec2eb4f364a1f430e1de2cf40bb38d9f47baf0	0	0	NA	NA	NO_EXACT_RETAINED_RECORD				NOT_ASSESSED_NO_EXACT_RETAINED_RECORD				NONCARRIER_SENTINEL_OBSERVATION	SAS			
HML-2_8q24.3c	HG02769_h1_HML-2_8q24.3b_technical_error	HML-2_8q24.3b	HG02769	h1	Validator_Script	HML-2_8q24.3b|HG02769|h1|none|NA|NA	0	0	NA	NA	NO_EXACT_RETAINED_RECORD				NOT_ASSESSED_NO_EXACT_RETAINED_RECORD				UNKNOWN_TECHNICAL	AFR			
HML-2_8q24.3c	HG02769_h2_HML-2_8q24.3b_technical_error	HML-2_8q24.3b	HG02769	h2	Validator_Script	HML-2_8q24.3b|HG02769|h2|none|NA|NA	0	0	NA	NA	NO_EXACT_RETAINED_RECORD				NOT_ASSESSED_NO_EXACT_RETAINED_RECORD				UNKNOWN_TECHNICAL	AFR			
HML-2_8q24.3c	HG02809_mat_hprc_r2_v1.0.1_HML-2_8q24.3b	HML-2_8q24.3b	HG02809	mat	Successful_Empty_Site	HML-2_8q24.3b|HG02809|mat|none|historical_source/cluster/HML2_project/processed_loci/HML-2_8q24.3b/HG02809_mat_hprc_r2_v1.0.1_HML-2_8q24.3b.fa|cc40234f4ebd4fb8e3c62d584c3b7c73dc713ab33c45f0abf7d522d6f541d185	0	0	NA	NA	NO_EXACT_RETAINED_RECORD				NOT_ASSESSED_NO_EXACT_RETAINED_RECORD				NONCARRIER_SENTINEL_OBSERVATION	AFR			
HML-2_8q24.3c	HG02809_pat_hprc_r2_v1.0.1_HML-2_8q24.3b	HML-2_8q24.3b	HG02809	pat	Successful_Empty_Site	HML-2_8q24.3b|HG02809|pat|none|historical_source/cluster/HML2_project/processed_loci/HML-2_8q24.3b/HG02809_pat_hprc_r2_v1.0.1_HML-2_8q24.3b.fa|ebdf4b91d8330190f6308b9ef1ce7bf97feca186894520ed6bf4b93b4db44499	0	0	NA	NA	NO_EXACT_RETAINED_RECORD				NOT_ASSESSED_NO_EXACT_RETAINED_RECORD				NONCARRIER_SENTINEL_OBSERVATION	AFR			
HML-2_8q24.3c	HG02818_mat_hprc_r2_v1.0.1_HML-2_8q24.3b	HML-2_8q24.3b	HG02818	mat	Successful_Empty_Site	HML-2_8q24.3b|HG02818|mat|none|historical_source/cluster/HML2_project/processed_loci/HML-2_8q24.3b/HG02818_mat_hprc_r2_v1.0.1_HML-2_8q24.3b.fa|ff1a2ec080792af08460357d58604a2bb0fd554af262be544cfc6c02ae1acb55	0	0	NA	NA	NO_EXACT_RETAINED_RECORD				NOT_ASSESSED_NO_EXACT_RETAINED_RECORD				NONCARRIER_SENTINEL_OBSERVATION	AFR			
HML-2_8q24.3c	HG02818_pat_hprc_r2_v1.0.1_HML-2_8q24.3b	HML-2_8q24.3b	HG02818	pat	Successful_Empty_Site	HML-2_8q24.3b|HG02818|pat|none|historical_source/cluster/HML2_project/processed_loci/HML-2_8q24.3b/HG02818_pat_hprc_r2_v1.0.1_HML-2_8q24.3b.fa|34fccd8204fe70c5019cde26f3e6d18696062774eea3b17aec42651f84404c9e	0	0	NA	NA	NO_EXACT_RETAINED_RECORD				NOT_ASSESSED_NO_EXACT_RETAINED_RECORD				NONCARRIER_SENTINEL_OBSERVATION	AFR			
HML-2_8q24.3c	HG02841_mat_hprc_r2_v1.0.1_HML-2_8q24.3b	HML-2_8q24.3b	HG02841	mat	Successful_Empty_Site	HML-2_8q24.3b|HG02841|mat|none|historical_source/cluster/HML2_project/processed_loci/HML-2_8q24.3b/HG02841_mat_hprc_r2_v1.0.1_HML-2_8q24.3b.fa|57b6e06b5b368c34332a0309a00b2913bbe654b1eb6d308256e1abcfc687550a	0	0	NA	NA	NO_EXACT_RETAINED_RECORD				NOT_ASSESSED_NO_EXACT_RETAINED_RECORD				NONCARRIER_SENTINEL_OBSERVATION	AFR			
HML-2_8q24.3c	HG02841_pat_hprc_r2_v1.0.1_HML-2_8q24.3b	HML-2_8q24.3b	HG02841	pat	Successful_Empty_Site	HML-2_8q24.3b|HG02841|pat|none|historical_source/cluster/HML2_project/processed_loci/HML-2_8q24.3b/HG02841_pat_hprc_r2_v1.0.1_HML-2_8q24.3b.fa|9a6d8082ed49f5e00e5be028f85049214bbe8b6b818467557e18639629932ab4	0	0	NA	NA	NO_EXACT_RETAINED_RECORD				NOT_ASSESSED_NO_EXACT_RETAINED_RECORD				NONCARRIER_SENTINEL_OBSERVATION	AFR			
HML-2_8q24.3c	HG02886_mat_hprc_r2_v1.0.1_HML-2_8q24.3b	HML-2_8q24.3b	HG02886	mat	Successful_Empty_Site	HML-2_8q24.3b|HG02886|mat|none|historical_source/cluster/HML2_project/processed_loci/HML-2_8q24.3b/HG02886_mat_hprc_r2_v1.0.1_HML-2_8q24.3b.fa|1d5e369113949bfd5c3eda90800d7951afde2649ca7d1a638f781e655936cfd2	0	0	NA	NA	NO_EXACT_RETAINED_RECORD				NOT_ASSESSED_NO_EXACT_RETAINED_RECORD				NONCARRIER_SENTINEL_OBSERVATION	AFR			
HML-2_8q24.3c	HG02886_pat_hprc_r2_v1.0.1_HML-2_8q24.3b	HML-2_8q24.3b	HG02886	pat	Successful_Empty_Site	HML-2_8q24.3b|HG02886|pat|none|historical_source/cluster/HML2_project/processed_loci/HML-2_8q24.3b/HG02886_pat_hprc_r2_v1.0.1_HML-2_8q24.3b.fa|e35eed9b798b2f84a6571e8157b62ae6ea77971419a320dcdc48aed0e1c99219	0	0	NA	NA	NO_EXACT_RETAINED_RECORD				NOT_ASSESSED_NO_EXACT_RETAINED_RECORD				NONCARRIER_SENTINEL_OBSERVATION	AFR			
HML-2_8q24.3c	HG02922_hap1_hprc_r2_v1.0.1_HML-2_8q24.3b	HML-2_8q24.3b	HG02922	h1	Successful_Empty_Site	HML-2_8q24.3b|HG02922|h1|none|historical_source/cluster/HML2_project/processed_loci/HML-2_8q24.3b/HG02922_hap1_hprc_r2_v1.0.1_HML-2_8q24.3b.fa|3959bbb92fbe637fc638c8d8f86827988b14e362b748e6866406a707045131d1	0	0	NA	NA	NO_EXACT_RETAINED_RECORD				NOT_ASSESSED_NO_EXACT_RETAINED_RECORD				NONCARRIER_SENTINEL_OBSERVATION	AFR			
HML-2_8q24.3c	HG02922_hap2_hprc_r2_v1.0.1_HML-2_8q24.3b	HML-2_8q24.3b	HG02922	h2	Successful_Empty_Site	HML-2_8q24.3b|HG02922|h2|none|historical_source/cluster/HML2_project/processed_loci/HML-2_8q24.3b/HG02922_hap2_hprc_r2_v1.0.1_HML-2_8q24.3b.fa|18aa36b5ffbcd47e42b9de33f39de56435a3dd272c97d62414a3a88455639b6c	0	0	NA	NA	NO_EXACT_RETAINED_RECORD				NOT_ASSESSED_NO_EXACT_RETAINED_RECORD				NONCARRIER_SENTINEL_OBSERVATION	AFR			
HML-2_8q24.3c	HG02953_h1_HML-2_8q24.3b_technical_error	HML-2_8q24.3b	HG02953	h1	Validator_Script	HML-2_8q24.3b|HG02953|h1|none|NA|NA	0	0	NA	NA	NO_EXACT_RETAINED_RECORD				NOT_ASSESSED_NO_EXACT_RETAINED_RECORD				UNKNOWN_TECHNICAL	AFR			
HML-2_8q24.3c	HG02953_h2_HML-2_8q24.3b_technical_error	HML-2_8q24.3b	HG02953	h2	Validator_Script	HML-2_8q24.3b|HG02953|h2|none|NA|NA	0	0	NA	NA	NO_EXACT_RETAINED_RECORD				NOT_ASSESSED_NO_EXACT_RETAINED_RECORD				UNKNOWN_TECHNICAL	AFR			
HML-2_8q24.3c	HG02965_hap1_hprc_r2_v1.0.1_HML-2_8q24.3b	HML-2_8q24.3b	HG02965	h1	Successful_Empty_Site	HML-2_8q24.3b|HG02965|h1|none|historical_source/cluster/HML2_project/processed_loci/HML-2_8q24.3b/HG02965_hap1_hprc_r2_v1.0.1_HML-2_8q24.3b.fa|de33675943964de7f76a6ce4c84636ca33fac38c6ccbe5e7473e212fcc2716ce	0	0	NA	NA	NO_EXACT_RETAINED_RECORD				NOT_ASSESSED_NO_EXACT_RETAINED_RECORD				NONCARRIER_SENTINEL_OBSERVATION	AFR			
HML-2_8q24.3c	HG02965_hap2_hprc_r2_v1.0.1_HML-2_8q24.3b	HML-2_8q24.3b	HG02965	h2	Successful_Empty_Site	HML-2_8q24.3b|HG02965|h2|none|historical_source/cluster/HML2_project/processed_loci/HML-2_8q24.3b/HG02965_hap2_hprc_r2_v1.0.1_HML-2_8q24.3b.fa|e23d3d2d5f951ca8b64f62af415961a014ef43a98f50a5343b5e0d3d27a0d539	0	0	NA	NA	NO_EXACT_RETAINED_RECORD				NOT_ASSESSED_NO_EXACT_RETAINED_RECORD				NONCARRIER_SENTINEL_OBSERVATION	AFR			
HML-2_8q24.3c	HG02976_hap1_hprc_r2_v1.0.1_HML-2_8q24.3b	HML-2_8q24.3b	HG02976	h1	Successful_Empty_Site	HML-2_8q24.3b|HG02976|h1|none|historical_source/cluster/HML2_project/processed_loci/HML-2_8q24.3b/HG02976_hap1_hprc_r2_v1.0.1_HML-2_8q24.3b.fa|6c33664f044d70bee81e48b168ef6b9c924e0f5a3097175df705933ab6c3b9d1	0	0	NA	NA	NO_EXACT_RETAINED_RECORD				NOT_ASSESSED_NO_EXACT_RETAINED_RECORD				NONCARRIER_SENTINEL_OBSERVATION	AFR			
HML-2_8q24.3c	HG02976_hap2_hprc_r2_v1.0.1_HML-2_8q24.3b	HML-2_8q24.3b	HG02976	h2	Successful_Empty_Site	HML-2_8q24.3b|HG02976|h2|none|historical_source/cluster/HML2_project/processed_loci/HML-2_8q24.3b/HG02976_hap2_hprc_r2_v1.0.1_HML-2_8q24.3b.fa|761ef6749a71a33469a428c827412c9cb8ba7409f31165ffd9cb7209ac97b1d6	0	0	NA	NA	NO_EXACT_RETAINED_RECORD				NOT_ASSESSED_NO_EXACT_RETAINED_RECORD				NONCARRIER_SENTINEL_OBSERVATION	AFR			
HML-2_8q24.3c	HG02984_mat_hprc_r2_v1.0.1_HML-2_8q24.3b	HML-2_8q24.3b	HG02984	mat	Successful_Empty_Site	HML-2_8q24.3b|HG02984|mat|none|historical_source/cluster/HML2_project/processed_loci/HML-2_8q24.3b/HG02984_mat_hprc_r2_v1.0.1_HML-2_8q24.3b.fa|342860b8085cc316e0eb33365085ec31795dc43dce625e1d4a3a60cce44283fd	0	0	NA	NA	NO_EXACT_RETAINED_RECORD				NOT_ASSESSED_NO_EXACT_RETAINED_RECORD				NONCARRIER_SENTINEL_OBSERVATION	AFR			
HML-2_8q24.3c	HG02984_pat_hprc_r2_v1.0.1_HML-2_8q24.3b	HML-2_8q24.3b	HG02984	pat	Successful_Empty_Site	HML-2_8q24.3b|HG02984|pat|none|historical_source/cluster/HML2_project/processed_loci/HML-2_8q24.3b/HG02984_pat_hprc_r2_v1.0.1_HML-2_8q24.3b.fa|52855e54096c14dc89e0b2025ec06bc6a7ddbe58355979e93500de7d4aab11e8	0	0	NA	NA	NO_EXACT_RETAINED_RECORD				NOT_ASSESSED_NO_EXACT_RETAINED_RECORD				NONCARRIER_SENTINEL_OBSERVATION	AFR			
HML-2_8q24.3c	HG03009_h1_HML-2_8q24.3b_technical_error	HML-2_8q24.3b	HG03009	h1	Validator_Script	HML-2_8q24.3b|HG03009|h1|none|NA|NA	0	0	NA	NA	NO_EXACT_RETAINED_RECORD				NOT_ASSESSED_NO_EXACT_RETAINED_RECORD				UNKNOWN_TECHNICAL	SAS			
HML-2_8q24.3c	HG03009_h2_HML-2_8q24.3b_technical_error	HML-2_8q24.3b	HG03009	h2	Validator_Script	HML-2_8q24.3b|HG03009|h2|none|NA|NA	0	0	NA	NA	NO_EXACT_RETAINED_RECORD				NOT_ASSESSED_NO_EXACT_RETAINED_RECORD				UNKNOWN_TECHNICAL	SAS			
HML-2_8q24.3c	HG03017_mat_hprc_r2_v1.0.1_HML-2_8q24.3b	HML-2_8q24.3b	HG03017	mat	Successful_Empty_Site	HML-2_8q24.3b|HG03017|mat|none|historical_source/cluster/HML2_project/processed_loci/HML-2_8q24.3b/HG03017_mat_hprc_r2_v1.0.1_HML-2_8q24.3b.fa|be62bf714d35c7650f3887ea5090a35bb1f48b842eb55d76747bbbe802f58b24	0	0	NA	NA	NO_EXACT_RETAINED_RECORD				NOT_ASSESSED_NO_EXACT_RETAINED_RECORD				NONCARRIER_SENTINEL_OBSERVATION	SAS			
HML-2_8q24.3c	HG03017_pat_hprc_r2_v1.0.1_HML-2_8q24.3b	HML-2_8q24.3b	HG03017	pat	Successful_Empty_Site	HML-2_8q24.3b|HG03017|pat|none|historical_source/cluster/HML2_project/processed_loci/HML-2_8q24.3b/HG03017_pat_hprc_r2_v1.0.1_HML-2_8q24.3b.fa|8c2386e99fad8705e5f549f336359d883d9502135da82d32b159ce804f9e97e5	0	0	NA	NA	NO_EXACT_RETAINED_RECORD				NOT_ASSESSED_NO_EXACT_RETAINED_RECORD				NONCARRIER_SENTINEL_OBSERVATION	SAS			
HML-2_8q24.3c	HG03041_mat_hprc_r2_v1.0.1_HML-2_8q24.3b	HML-2_8q24.3b	HG03041	mat	Successful_Empty_Site	HML-2_8q24.3b|HG03041|mat|none|historical_source/cluster/HML2_project/processed_loci/HML-2_8q24.3b/HG03041_mat_hprc_r2_v1.0.1_HML-2_8q24.3b.fa|584abe1d8bb55ea9c9621a529bed923a66db8ddafaeb38628ca5e4be35fba293	0	0	NA	NA	NO_EXACT_RETAINED_RECORD				NOT_ASSESSED_NO_EXACT_RETAINED_RECORD				NONCARRIER_SENTINEL_OBSERVATION	AFR			
HML-2_8q24.3c	HG03041_pat_hprc_r2_v1.0.1_HML-2_8q24.3b	HML-2_8q24.3b	HG03041	pat	Successful_Empty_Site	HML-2_8q24.3b|HG03041|pat|none|historical_source/cluster/HML2_project/processed_loci/HML-2_8q24.3b/HG03041_pat_hprc_r2_v1.0.1_HML-2_8q24.3b.fa|ff1ed207450b22c8d9c982a1d8354adaa0a7a00ddc623e528716f1504b36c045	0	0	NA	NA	NO_EXACT_RETAINED_RECORD				NOT_ASSESSED_NO_EXACT_RETAINED_RECORD				NONCARRIER_SENTINEL_OBSERVATION	AFR			
HML-2_8q24.3c	HG03050_mat_hprc_r2_v1.0.1_HML-2_8q24.3b	HML-2_8q24.3b	HG03050	mat	Successful_Empty_Site	HML-2_8q24.3b|HG03050|mat|none|historical_source/cluster/HML2_project/processed_loci/HML-2_8q24.3b/HG03050_mat_hprc_r2_v1.0.1_HML-2_8q24.3b.fa|71c835b98a6a808bf671422f0174e6b7c4db082228f835fa59ebaac4a7c43480	0	0	NA	NA	NO_EXACT_RETAINED_RECORD				NOT_ASSESSED_NO_EXACT_RETAINED_RECORD				NONCARRIER_SENTINEL_OBSERVATION	AFR			
HML-2_8q24.3c	HG03050_pat_hprc_r2_v1.0.1_HML-2_8q24.3b	HML-2_8q24.3b	HG03050	pat	Successful_Empty_Site	HML-2_8q24.3b|HG03050|pat|none|historical_source/cluster/HML2_project/processed_loci/HML-2_8q24.3b/HG03050_pat_hprc_r2_v1.0.1_HML-2_8q24.3b.fa|984745b87a0b090ca60bcc0bd853ed35ecec74efe63f5c4c5b5158f8efe83e48	0	0	NA	NA	NO_EXACT_RETAINED_RECORD				NOT_ASSESSED_NO_EXACT_RETAINED_RECORD				NONCARRIER_SENTINEL_OBSERVATION	AFR			
HML-2_8q24.3c	HG03065_h1_HML-2_8q24.3b_technical_error	HML-2_8q24.3b	HG03065	h1	Validator_Script	HML-2_8q24.3b|HG03065|h1|none|NA|NA	0	0	NA	NA	NO_EXACT_RETAINED_RECORD				NOT_ASSESSED_NO_EXACT_RETAINED_RECORD				UNKNOWN_TECHNICAL	AFR			
HML-2_8q24.3c	HG03065_h2_HML-2_8q24.3b_technical_error	HML-2_8q24.3b	HG03065	h2	Validator_Script	HML-2_8q24.3b|HG03065|h2|none|NA|NA	0	0	NA	NA	NO_EXACT_RETAINED_RECORD				NOT_ASSESSED_NO_EXACT_RETAINED_RECORD				UNKNOWN_TECHNICAL	AFR			
HML-2_8q24.3c	HG03098_mat_hprc_r2_v1.0.1_HML-2_8q24.3b	HML-2_8q24.3b	HG03098	mat	Successful_Empty_Site	HML-2_8q24.3b|HG03098|mat|none|historical_source/cluster/HML2_project/processed_loci/HML-2_8q24.3b/HG03098_mat_hprc_r2_v1.0.1_HML-2_8q24.3b.fa|cdeabd5ca8dc592af61d5c57c4ef2beab64fd5f57be1ce70c4f7d6a82ec1bb09	0	0	NA	NA	NO_EXACT_RETAINED_RECORD				NOT_ASSESSED_NO_EXACT_RETAINED_RECORD				NONCARRIER_SENTINEL_OBSERVATION	AFR			
HML-2_8q24.3c	HG03098_pat_hprc_r2_v1.0.1_HML-2_8q24.3b	HML-2_8q24.3b	HG03098	pat	Successful_Empty_Site	HML-2_8q24.3b|HG03098|pat|none|historical_source/cluster/HML2_project/processed_loci/HML-2_8q24.3b/HG03098_pat_hprc_r2_v1.0.1_HML-2_8q24.3b.fa|e5b809ca9a1b5e9bf12328a20277f8597ce00be361711a6795c2970035161639	0	0	NA	NA	NO_EXACT_RETAINED_RECORD				NOT_ASSESSED_NO_EXACT_RETAINED_RECORD				NONCARRIER_SENTINEL_OBSERVATION	AFR			
HML-2_8q24.3c	HG03130_hap1_hprc_r2_v1.0.1_HML-2_8q24.3b	HML-2_8q24.3b	HG03130	h1	Successful_Empty_Site	HML-2_8q24.3b|HG03130|h1|none|historical_source/cluster/HML2_project/processed_loci/HML-2_8q24.3b/HG03130_hap1_hprc_r2_v1.0.1_HML-2_8q24.3b.fa|8776667bc21af820801cf4aa8ef569328bebc5c24e94ac48e600db070d50f7c1	0	0	NA	NA	NO_EXACT_RETAINED_RECORD				NOT_ASSESSED_NO_EXACT_RETAINED_RECORD				NONCARRIER_SENTINEL_OBSERVATION	AFR			
HML-2_8q24.3c	HG03130_hap2_hprc_r2_v1.0.1_HML-2_8q24.3b	HML-2_8q24.3b	HG03130	h2	Successful_Empty_Site	HML-2_8q24.3b|HG03130|h2|none|historical_source/cluster/HML2_project/processed_loci/HML-2_8q24.3b/HG03130_hap2_hprc_r2_v1.0.1_HML-2_8q24.3b.fa|18fe8670a5c99903ef360fb6d3c8e1e4c21b5275844ea46049bf060e51de5637	0	0	NA	NA	NO_EXACT_RETAINED_RECORD				NOT_ASSESSED_NO_EXACT_RETAINED_RECORD				NONCARRIER_SENTINEL_OBSERVATION	AFR			
HML-2_8q24.3c	HG03139_hap1_hprc_r2_v1.0.1_HML-2_8q24.3b	HML-2_8q24.3b	HG03139	h1	Successful_Empty_Site	HML-2_8q24.3b|HG03139|h1|none|historical_source/cluster/HML2_project/processed_loci/HML-2_8q24.3b/HG03139_hap1_hprc_r2_v1.0.1_HML-2_8q24.3b.fa|36d366a9d790d470ef59ca8cb5aaae5dbbb27b0ae6d0f259c31e7ea9cf8342c0	0	0	NA	NA	NO_EXACT_RETAINED_RECORD				NOT_ASSESSED_NO_EXACT_RETAINED_RECORD				NONCARRIER_SENTINEL_OBSERVATION	AFR			
HML-2_8q24.3c	HG03139_hap2_hprc_r2_v1.0.1_HML-2_8q24.3b	HML-2_8q24.3b	HG03139	h2	Successful_Empty_Site	HML-2_8q24.3b|HG03139|h2|none|historical_source/cluster/HML2_project/processed_loci/HML-2_8q24.3b/HG03139_hap2_hprc_r2_v1.0.1_HML-2_8q24.3b.fa|9b9397fb997d5574f9cc18b4d6b46a4591651378b7cf74f2c3dea8518d48c48c	0	0	NA	NA	NO_EXACT_RETAINED_RECORD				NOT_ASSESSED_NO_EXACT_RETAINED_RECORD				NONCARRIER_SENTINEL_OBSERVATION	AFR			
HML-2_8q24.3c	HG03195_hap1_hprc_r2_v1.0.1_HML-2_8q24.3b	HML-2_8q24.3b	HG03195	h1	Successful_Empty_Site	HML-2_8q24.3b|HG03195|h1|none|historical_source/cluster/HML2_project/processed_loci/HML-2_8q24.3b/HG03195_hap1_hprc_r2_v1.0.1_HML-2_8q24.3b.fa|0624f9ecf225c9aadcc64634795642f8c61ec6fd7252a670a4987be07952841e	0	0	NA	NA	NO_EXACT_RETAINED_RECORD				NOT_ASSESSED_NO_EXACT_RETAINED_RECORD				NONCARRIER_SENTINEL_OBSERVATION	AFR			
HML-2_8q24.3c	HG03195_hap2_hprc_r2_v1.0.1_HML-2_8q24.3b	HML-2_8q24.3b	HG03195	h2	Successful_Empty_Site	HML-2_8q24.3b|HG03195|h2|none|historical_source/cluster/HML2_project/processed_loci/HML-2_8q24.3b/HG03195_hap2_hprc_r2_v1.0.1_HML-2_8q24.3b.fa|c9bcbeb594fa9e2cee05ab38a7035eb5818d5b1da0d1b9914e5a6c3c73859dca	0	0	NA	NA	NO_EXACT_RETAINED_RECORD				NOT_ASSESSED_NO_EXACT_RETAINED_RECORD				NONCARRIER_SENTINEL_OBSERVATION	AFR			
HML-2_8q24.3c	HG03209_hap1_hprc_r2_v1.0.1_HML-2_8q24.3b	HML-2_8q24.3b	HG03209	h1	Successful_Empty_Site	HML-2_8q24.3b|HG03209|h1|none|historical_source/cluster/HML2_project/processed_loci/HML-2_8q24.3b/HG03209_hap1_hprc_r2_v1.0.1_HML-2_8q24.3b.fa|bd5ea14d84bc3b1a257e0f6a5aad75e9005c9830c831d3daa3056988db6e9b8d	0	0	NA	NA	NO_EXACT_RETAINED_RECORD				NOT_ASSESSED_NO_EXACT_RETAINED_RECORD				NONCARRIER_SENTINEL_OBSERVATION	AFR			
HML-2_8q24.3c	HG03209_hap2_hprc_r2_v1.0.1_HML-2_8q24.3b	HML-2_8q24.3b	HG03209	h2	Successful_Empty_Site	HML-2_8q24.3b|HG03209|h2|none|historical_source/cluster/HML2_project/processed_loci/HML-2_8q24.3b/HG03209_hap2_hprc_r2_v1.0.1_HML-2_8q24.3b.fa|202325f17998d583b87868adf4a0c1e1a357bd4e56b0c09a06382acc521337c4	0	0	NA	NA	NO_EXACT_RETAINED_RECORD				NOT_ASSESSED_NO_EXACT_RETAINED_RECORD				NONCARRIER_SENTINEL_OBSERVATION	AFR			
HML-2_8q24.3c	HG03225_hap1_hprc_r2_v1.0.1_HML-2_8q24.3b	HML-2_8q24.3b	HG03225	h1	Successful_Empty_Site	HML-2_8q24.3b|HG03225|h1|none|historical_source/cluster/HML2_project/processed_loci/HML-2_8q24.3b/HG03225_hap1_hprc_r2_v1.0.1_HML-2_8q24.3b.fa|89833745ee1caddf7bca334a0234440d57c1aa8d61f860bae3f2c63c46eb1608	0	0	NA	NA	NO_EXACT_RETAINED_RECORD				NOT_ASSESSED_NO_EXACT_RETAINED_RECORD				NONCARRIER_SENTINEL_OBSERVATION	AFR			
HML-2_8q24.3c	HG03225_hap2_hprc_r2_v1.0.1_HML-2_8q24.3b	HML-2_8q24.3b	HG03225	h2	Successful_Empty_Site	HML-2_8q24.3b|HG03225|h2|none|historical_source/cluster/HML2_project/processed_loci/HML-2_8q24.3b/HG03225_hap2_hprc_r2_v1.0.1_HML-2_8q24.3b.fa|920e9a55ec260903fa7e1b1b92ec3a23f9f3764cd81c3f118f6a004914e8c015	0	0	NA	NA	NO_EXACT_RETAINED_RECORD				NOT_ASSESSED_NO_EXACT_RETAINED_RECORD				NONCARRIER_SENTINEL_OBSERVATION	AFR			
HML-2_8q24.3c	HG03239_mat_hprc_r2_v1.0.1_HML-2_8q24.3b	HML-2_8q24.3b	HG03239	mat	Successful_Empty_Site	HML-2_8q24.3b|HG03239|mat|none|historical_source/cluster/HML2_project/processed_loci/HML-2_8q24.3b/HG03239_mat_hprc_r2_v1.0.1_HML-2_8q24.3b.fa|8c8d3e56cae16035113f21cfc423ca83ef516a2613ceb0cfb51ea5353ae3b895	0	0	NA	NA	NO_EXACT_RETAINED_RECORD				NOT_ASSESSED_NO_EXACT_RETAINED_RECORD				NONCARRIER_SENTINEL_OBSERVATION	SAS			
HML-2_8q24.3c	HG03239_pat_hprc_r2_v1.0.1_HML-2_8q24.3b	HML-2_8q24.3b	HG03239	pat	Successful_Empty_Site	HML-2_8q24.3b|HG03239|pat|none|historical_source/cluster/HML2_project/processed_loci/HML-2_8q24.3b/HG03239_pat_hprc_r2_v1.0.1_HML-2_8q24.3b.fa|4bf4a9b3af1369d1765416d9035a76fa067b74004f2701d285c9d4ca1b71a3fa	0	0	NA	NA	NO_EXACT_RETAINED_RECORD				NOT_ASSESSED_NO_EXACT_RETAINED_RECORD				NONCARRIER_SENTINEL_OBSERVATION	SAS			
HML-2_8q24.3c	HG03248_h1_HML-2_8q24.3b_technical_error	HML-2_8q24.3b	HG03248	h1	Validator_Script	HML-2_8q24.3b|HG03248|h1|none|NA|NA	0	0	NA	NA	NO_EXACT_RETAINED_RECORD				NOT_ASSESSED_NO_EXACT_RETAINED_RECORD				UNKNOWN_TECHNICAL	AFR			
HML-2_8q24.3c	HG03248_h2_HML-2_8q24.3b_technical_error	HML-2_8q24.3b	HG03248	h2	Validator_Script	HML-2_8q24.3b|HG03248|h2|none|NA|NA	0	0	NA	NA	NO_EXACT_RETAINED_RECORD				NOT_ASSESSED_NO_EXACT_RETAINED_RECORD				UNKNOWN_TECHNICAL	AFR			
HML-2_8q24.3c	HG03270_hap1_hprc_r2_v1.0.1_HML-2_8q24.3b	HML-2_8q24.3b	HG03270	h1	Successful_Empty_Site	HML-2_8q24.3b|HG03270|h1|none|historical_source/cluster/HML2_project/processed_loci/HML-2_8q24.3b/HG03270_hap1_hprc_r2_v1.0.1_HML-2_8q24.3b.fa|3d74029bef237ad3a73a7cdfc75e78a621e2b04eeff4a6a0431e47880a69c7a6	0	0	NA	NA	NO_EXACT_RETAINED_RECORD				NOT_ASSESSED_NO_EXACT_RETAINED_RECORD				NONCARRIER_SENTINEL_OBSERVATION	AFR			
HML-2_8q24.3c	HG03270_hap2_hprc_r2_v1.0.1_HML-2_8q24.3b	HML-2_8q24.3b	HG03270	h2	Successful_Empty_Site	HML-2_8q24.3b|HG03270|h2|none|historical_source/cluster/HML2_project/processed_loci/HML-2_8q24.3b/HG03270_hap2_hprc_r2_v1.0.1_HML-2_8q24.3b.fa|60c7c5705b583b6f1bf823ced337214c6d6aa2f83d63bb3c3faf3ec75ce6dfc3	0	0	NA	NA	NO_EXACT_RETAINED_RECORD				NOT_ASSESSED_NO_EXACT_RETAINED_RECORD				NONCARRIER_SENTINEL_OBSERVATION	AFR			
HML-2_8q24.3c	HG03369_hap1_hprc_r2_v1.0.1_HML-2_8q24.3b	HML-2_8q24.3b	HG03369	h1	Successful_Empty_Site	HML-2_8q24.3b|HG03369|h1|none|historical_source/cluster/HML2_project/processed_loci/HML-2_8q24.3b/HG03369_hap1_hprc_r2_v1.0.1_HML-2_8q24.3b.fa|e86f7b7f3bc8346188137acd2c05693d3280b8a35345aa7c1938464d8d0e412a	0	0	NA	NA	NO_EXACT_RETAINED_RECORD				NOT_ASSESSED_NO_EXACT_RETAINED_RECORD				NONCARRIER_SENTINEL_OBSERVATION	AFR			
HML-2_8q24.3c	HG03369_hap2_hprc_r2_v1.0.1_HML-2_8q24.3b	HML-2_8q24.3b	HG03369	h2	Successful_Empty_Site	HML-2_8q24.3b|HG03369|h2|none|historical_source/cluster/HML2_project/processed_loci/HML-2_8q24.3b/HG03369_hap2_hprc_r2_v1.0.1_HML-2_8q24.3b.fa|1b66ddb6bb480ac5fc80f6ed45d99a082630739963d1c67c4c3285cd5eb9dfc6	0	0	NA	NA	NO_EXACT_RETAINED_RECORD				NOT_ASSESSED_NO_EXACT_RETAINED_RECORD				NONCARRIER_SENTINEL_OBSERVATION	AFR			
HML-2_8q24.3c	HG03371_h1_HML-2_8q24.3b_technical_error	HML-2_8q24.3b	HG03371	h1	Validator_Script	HML-2_8q24.3b|HG03371|h1|none|NA|NA	0	0	NA	NA	NO_EXACT_RETAINED_RECORD				NOT_ASSESSED_NO_EXACT_RETAINED_RECORD				UNKNOWN_TECHNICAL	AFR			
HML-2_8q24.3c	HG03371_h2_HML-2_8q24.3b_technical_error	HML-2_8q24.3b	HG03371	h2	Validator_Script	HML-2_8q24.3b|HG03371|h2|none|NA|NA	0	0	NA	NA	NO_EXACT_RETAINED_RECORD				NOT_ASSESSED_NO_EXACT_RETAINED_RECORD				UNKNOWN_TECHNICAL	AFR			
HML-2_8q24.3c	HG03452_h1_HML-2_8q24.3b_technical_error	HML-2_8q24.3b	HG03452	h1	Validator_Script	HML-2_8q24.3b|HG03452|h1|none|NA|NA	0	0	NA	NA	NO_EXACT_RETAINED_RECORD				NOT_ASSESSED_NO_EXACT_RETAINED_RECORD				UNKNOWN_TECHNICAL	AFR			
HML-2_8q24.3c	HG03452_h2_HML-2_8q24.3b_technical_error	HML-2_8q24.3b	HG03452	h2	Validator_Script	HML-2_8q24.3b|HG03452|h2|none|NA|NA	0	0	NA	NA	NO_EXACT_RETAINED_RECORD				NOT_ASSESSED_NO_EXACT_RETAINED_RECORD				UNKNOWN_TECHNICAL	AFR			
HML-2_8q24.3c	HG03453_mat_hprc_r2_v1.0.1_HML-2_8q24.3b	HML-2_8q24.3b	HG03453	mat	Successful_Empty_Site	HML-2_8q24.3b|HG03453|mat|none|historical_source/cluster/HML2_project/processed_loci/HML-2_8q24.3b/HG03453_mat_hprc_r2_v1.0.1_HML-2_8q24.3b.fa|3d0210613ed9e5b0213176ef63bc31cfcc622feb8c527bd72d7bf1bc77c9abad	0	0	NA	NA	NO_EXACT_RETAINED_RECORD				NOT_ASSESSED_NO_EXACT_RETAINED_RECORD				NONCARRIER_SENTINEL_OBSERVATION	AFR			
HML-2_8q24.3c	HG03453_pat_hprc_r2_v1.0.1_HML-2_8q24.3b	HML-2_8q24.3b	HG03453	pat	Successful_Empty_Site	HML-2_8q24.3b|HG03453|pat|none|historical_source/cluster/HML2_project/processed_loci/HML-2_8q24.3b/HG03453_pat_hprc_r2_v1.0.1_HML-2_8q24.3b.fa|888be1869643e566cb17de5e1c1d76ddc0aa37417cbea081d36b42c0d51b6f01	0	0	NA	NA	NO_EXACT_RETAINED_RECORD				NOT_ASSESSED_NO_EXACT_RETAINED_RECORD				NONCARRIER_SENTINEL_OBSERVATION	AFR			
HML-2_8q24.3c	HG03456_h1_HML-2_8q24.3b_technical_error	HML-2_8q24.3b	HG03456	h1	Validator_Script	HML-2_8q24.3b|HG03456|h1|none|NA|NA	0	0	NA	NA	NO_EXACT_RETAINED_RECORD				NOT_ASSESSED_NO_EXACT_RETAINED_RECORD				UNKNOWN_TECHNICAL	AFR			
HML-2_8q24.3c	HG03456_h2_HML-2_8q24.3b_technical_error	HML-2_8q24.3b	HG03456	h2	Validator_Script	HML-2_8q24.3b|HG03456|h2|none|NA|NA	0	0	NA	NA	NO_EXACT_RETAINED_RECORD				NOT_ASSESSED_NO_EXACT_RETAINED_RECORD				UNKNOWN_TECHNICAL	AFR			
HML-2_8q24.3c	HG03470_hap1_hprc_r2_v1.0.1_HML-2_8q24.3b	HML-2_8q24.3b	HG03470	h1	Successful_Empty_Site	HML-2_8q24.3b|HG03470|h1|none|historical_source/cluster/HML2_project/processed_loci/HML-2_8q24.3b/HG03470_hap1_hprc_r2_v1.0.1_HML-2_8q24.3b.fa|400a77e292de77da004ceda92b8bebdbb53fff169d34ccd3c799afc61f73023c	0	0	NA	NA	NO_EXACT_RETAINED_RECORD				NOT_ASSESSED_NO_EXACT_RETAINED_RECORD				NONCARRIER_SENTINEL_OBSERVATION	AFR			
HML-2_8q24.3c	HG03470_hap2_hprc_r2_v1.0.1_HML-2_8q24.3b	HML-2_8q24.3b	HG03470	h2	Successful_Empty_Site	HML-2_8q24.3b|HG03470|h2|none|historical_source/cluster/HML2_project/processed_loci/HML-2_8q24.3b/HG03470_hap2_hprc_r2_v1.0.1_HML-2_8q24.3b.fa|8cb535bedc315778afb52329f674741b54b006f9f6fdf2cbe770864732ed58de	0	0	NA	NA	NO_EXACT_RETAINED_RECORD				NOT_ASSESSED_NO_EXACT_RETAINED_RECORD				NONCARRIER_SENTINEL_OBSERVATION	AFR			
HML-2_8q24.3c	HG03471_hap1_hprc_r2_v1.0.1_HML-2_8q24.3b	HML-2_8q24.3b	HG03471	h1	Successful_Empty_Site	HML-2_8q24.3b|HG03471|h1|none|historical_source/cluster/HML2_project/processed_loci/HML-2_8q24.3b/HG03471_hap1_hprc_r2_v1.0.1_HML-2_8q24.3b.fa|e26d72903b51ccb9f112875f589a74a9a61c686dcab90c0e5018db3dc3436d05	0	0	NA	NA	NO_EXACT_RETAINED_RECORD				NOT_ASSESSED_NO_EXACT_RETAINED_RECORD				NONCARRIER_SENTINEL_OBSERVATION	AFR			
HML-2_8q24.3c	HG03471_hap2_hprc_r2_v1.0.1_HML-2_8q24.3b	HML-2_8q24.3b	HG03471	h2	Successful_Empty_Site	HML-2_8q24.3b|HG03471|h2|none|historical_source/cluster/HML2_project/processed_loci/HML-2_8q24.3b/HG03471_hap2_hprc_r2_v1.0.1_HML-2_8q24.3b.fa|a574a533264bbbbf120cb002b8b1521854ba396473c2cd79797fdfc969711010	0	0	NA	NA	NO_EXACT_RETAINED_RECORD				NOT_ASSESSED_NO_EXACT_RETAINED_RECORD				NONCARRIER_SENTINEL_OBSERVATION	AFR			
HML-2_8q24.3c	HG03486_mat_hprc_r2_v1.0.1_HML-2_8q24.3b	HML-2_8q24.3b	HG03486	mat	Successful_Empty_Site	HML-2_8q24.3b|HG03486|mat|none|historical_source/cluster/HML2_project/processed_loci/HML-2_8q24.3b/HG03486_mat_hprc_r2_v1.0.1_HML-2_8q24.3b.fa|b4f988e464661e3eb9141e4dd66c888aed3a25e02e77c7fb9d6ae9f054245920	0	0	NA	NA	NO_EXACT_RETAINED_RECORD				NOT_ASSESSED_NO_EXACT_RETAINED_RECORD				NONCARRIER_SENTINEL_OBSERVATION	AFR			
HML-2_8q24.3c	HG03486_pat_hprc_r2_v1.0.1_HML-2_8q24.3b	HML-2_8q24.3b	HG03486	pat	Successful_Empty_Site	HML-2_8q24.3b|HG03486|pat|none|historical_source/cluster/HML2_project/processed_loci/HML-2_8q24.3b/HG03486_pat_hprc_r2_v1.0.1_HML-2_8q24.3b.fa|687a1cb8baa241e1c4614a8cc91f2228063190e9c3923243aaafd199703cd873	0	0	NA	NA	NO_EXACT_RETAINED_RECORD				NOT_ASSESSED_NO_EXACT_RETAINED_RECORD				NONCARRIER_SENTINEL_OBSERVATION	AFR			
HML-2_8q24.3c	HG03516_mat_hprc_r2_v1.1.0_HML-2_8q24.3b	HML-2_8q24.3b	HG03516	mat	Successful_Empty_Site	HML-2_8q24.3b|HG03516|mat|none|historical_source/cluster/HML2_project/processed_loci/HML-2_8q24.3b/HG03516_mat_hprc_r2_v1.1.0_HML-2_8q24.3b.fa|18189c8a13485b95928d4b24c9d89126b0ab3b8e53091397898f99357e26dc3c	0	0	NA	NA	NO_EXACT_RETAINED_RECORD				NOT_ASSESSED_NO_EXACT_RETAINED_RECORD				NONCARRIER_SENTINEL_OBSERVATION	AFR			
HML-2_8q24.3c	HG03516_pat_hprc_r2_v1.1.0_HML-2_8q24.3b	HML-2_8q24.3b	HG03516	pat	Successful_Empty_Site	HML-2_8q24.3b|HG03516|pat|none|historical_source/cluster/HML2_project/processed_loci/HML-2_8q24.3b/HG03516_pat_hprc_r2_v1.1.0_HML-2_8q24.3b.fa|d4c85d36c9b501ec49baa0e01e5f5f474e44b8371348ac22e6dc3395948920cf	0	0	NA	NA	NO_EXACT_RETAINED_RECORD				NOT_ASSESSED_NO_EXACT_RETAINED_RECORD				NONCARRIER_SENTINEL_OBSERVATION	AFR			
HML-2_8q24.3c	HG03520_h1_HML-2_8q24.3b_technical_error	HML-2_8q24.3b	HG03520	h1	Validator_Script	HML-2_8q24.3b|HG03520|h1|none|NA|NA	0	0	NA	NA	NO_EXACT_RETAINED_RECORD				NOT_ASSESSED_NO_EXACT_RETAINED_RECORD				UNKNOWN_TECHNICAL	AFR			
HML-2_8q24.3c	HG03520_h2_HML-2_8q24.3b_technical_error	HML-2_8q24.3b	HG03520	h2	Validator_Script	HML-2_8q24.3b|HG03520|h2|none|NA|NA	0	0	NA	NA	NO_EXACT_RETAINED_RECORD				NOT_ASSESSED_NO_EXACT_RETAINED_RECORD				UNKNOWN_TECHNICAL	AFR			
HML-2_8q24.3c	HG03521_hap1_hprc_r2_v1.0.1_HML-2_8q24.3b	HML-2_8q24.3b	HG03521	h1	Successful_Empty_Site	HML-2_8q24.3b|HG03521|h1|none|historical_source/cluster/HML2_project/processed_loci/HML-2_8q24.3b/HG03521_hap1_hprc_r2_v1.0.1_HML-2_8q24.3b.fa|20c436769887cbb08ef2d3ee82eec0d948f5f81a8df55e223032ed46251b121b	0	0	NA	NA	NO_EXACT_RETAINED_RECORD				NOT_ASSESSED_NO_EXACT_RETAINED_RECORD				NONCARRIER_SENTINEL_OBSERVATION	AFR			
HML-2_8q24.3c	HG03521_hap2_hprc_r2_v1.0.1_HML-2_8q24.3b	HML-2_8q24.3b	HG03521	h2	Successful_Empty_Site	HML-2_8q24.3b|HG03521|h2|none|historical_source/cluster/HML2_project/processed_loci/HML-2_8q24.3b/HG03521_hap2_hprc_r2_v1.0.1_HML-2_8q24.3b.fa|b389a4238da083f6f40c21fa1ba90058e2384f93b947d22a49501ec310552d8f	0	0	NA	NA	NO_EXACT_RETAINED_RECORD				NOT_ASSESSED_NO_EXACT_RETAINED_RECORD				NONCARRIER_SENTINEL_OBSERVATION	AFR			
HML-2_8q24.3c	HG03540_mat_hprc_r2_v1.0.1_HML-2_8q24.3b	HML-2_8q24.3b	HG03540	mat	Successful_Empty_Site	HML-2_8q24.3b|HG03540|mat|none|historical_source/cluster/HML2_project/processed_loci/HML-2_8q24.3b/HG03540_mat_hprc_r2_v1.0.1_HML-2_8q24.3b.fa|a3aee29a674f9e097242e48f05ee7e5dca11f371644be0ad7b9cb13a5294292e	0	0	NA	NA	NO_EXACT_RETAINED_RECORD				NOT_ASSESSED_NO_EXACT_RETAINED_RECORD				NONCARRIER_SENTINEL_OBSERVATION	AFR			
HML-2_8q24.3c	HG03540_pat_hprc_r2_v1.0.1_HML-2_8q24.3b	HML-2_8q24.3b	HG03540	pat	Successful_Empty_Site	HML-2_8q24.3b|HG03540|pat|none|historical_source/cluster/HML2_project/processed_loci/HML-2_8q24.3b/HG03540_pat_hprc_r2_v1.0.1_HML-2_8q24.3b.fa|2139b80a3909e001acb6846bc8891ae9d0a92aa2e25ae6d7772b13811bf104b6	0	0	NA	NA	NO_EXACT_RETAINED_RECORD				NOT_ASSESSED_NO_EXACT_RETAINED_RECORD				NONCARRIER_SENTINEL_OBSERVATION	AFR			
HML-2_8q24.3c	HG03579_mat_hprc_r2_v1.0.1_HML-2_8q24.3b	HML-2_8q24.3b	HG03579	mat	Successful_Empty_Site	HML-2_8q24.3b|HG03579|mat|none|historical_source/cluster/HML2_project/processed_loci/HML-2_8q24.3b/HG03579_mat_hprc_r2_v1.0.1_HML-2_8q24.3b.fa|bf3d4b593932ce4bf52284ee7463f5bcf9493ac53d5ad2808340c2a4abde6202	0	0	NA	NA	NO_EXACT_RETAINED_RECORD				NOT_ASSESSED_NO_EXACT_RETAINED_RECORD				NONCARRIER_SENTINEL_OBSERVATION	AFR			
HML-2_8q24.3c	HG03579_pat_hprc_r2_v1.0.1_HML-2_8q24.3b	HML-2_8q24.3b	HG03579	pat	Successful_Empty_Site	HML-2_8q24.3b|HG03579|pat|none|historical_source/cluster/HML2_project/processed_loci/HML-2_8q24.3b/HG03579_pat_hprc_r2_v1.0.1_HML-2_8q24.3b.fa|9cf61391349c44b9be612d5146cdf1b8737687da092275fd9fc5270202e2f131	0	0	NA	NA	NO_EXACT_RETAINED_RECORD				NOT_ASSESSED_NO_EXACT_RETAINED_RECORD				NONCARRIER_SENTINEL_OBSERVATION	AFR			
HML-2_8q24.3c	HG03583_hap1_hprc_r2_v1.0.1_HML-2_8q24.3b	HML-2_8q24.3b	HG03583	h1	Successful_Empty_Site	HML-2_8q24.3b|HG03583|h1|none|historical_source/cluster/HML2_project/processed_loci/HML-2_8q24.3b/HG03583_hap1_hprc_r2_v1.0.1_HML-2_8q24.3b.fa|623e6bfb962eb2287b62c9d5e9b3ffd52efbbc7fa771926f23ff7934b3aa1083	0	0	NA	NA	NO_EXACT_RETAINED_RECORD				NOT_ASSESSED_NO_EXACT_RETAINED_RECORD				NONCARRIER_SENTINEL_OBSERVATION	AFR			
HML-2_8q24.3c	HG03583_hap2_hprc_r2_v1.0.1_HML-2_8q24.3b	HML-2_8q24.3b	HG03583	h2	Successful_Empty_Site	HML-2_8q24.3b|HG03583|h2|none|historical_source/cluster/HML2_project/processed_loci/HML-2_8q24.3b/HG03583_hap2_hprc_r2_v1.0.1_HML-2_8q24.3b.fa|c9f821cf4286746b08e93dafbccc277afe8b030fd5a19c69ac9633b1997a8175	0	0	NA	NA	NO_EXACT_RETAINED_RECORD				NOT_ASSESSED_NO_EXACT_RETAINED_RECORD				NONCARRIER_SENTINEL_OBSERVATION	AFR			
HML-2_8q24.3c	HG03654_mat_hprc_r2_v1.0.1_HML-2_8q24.3b	HML-2_8q24.3b	HG03654	mat	Successful_Empty_Site	HML-2_8q24.3b|HG03654|mat|none|historical_source/cluster/HML2_project/processed_loci/HML-2_8q24.3b/HG03654_mat_hprc_r2_v1.0.1_HML-2_8q24.3b.fa|c428002a5d5afaf74dba27643aca768c20c6a8822d913321cda60d34505d4e81	0	0	NA	NA	NO_EXACT_RETAINED_RECORD				NOT_ASSESSED_NO_EXACT_RETAINED_RECORD				NONCARRIER_SENTINEL_OBSERVATION	SAS			
HML-2_8q24.3c	HG03654_pat_hprc_r2_v1.0.1_HML-2_8q24.3b	HML-2_8q24.3b	HG03654	pat	Successful_Empty_Site	HML-2_8q24.3b|HG03654|pat|none|historical_source/cluster/HML2_project/processed_loci/HML-2_8q24.3b/HG03654_pat_hprc_r2_v1.0.1_HML-2_8q24.3b.fa|223f033d26ebb59981ad91c5be8b4610e2d46d23563a4c78709f1eb4c1a58ca1	0	0	NA	NA	NO_EXACT_RETAINED_RECORD				NOT_ASSESSED_NO_EXACT_RETAINED_RECORD				NONCARRIER_SENTINEL_OBSERVATION	SAS			
HML-2_8q24.3c	HG03669_mat_hprc_r2_v1.0.1_HML-2_8q24.3b	HML-2_8q24.3b	HG03669	mat	Successful_Empty_Site	HML-2_8q24.3b|HG03669|mat|none|historical_source/cluster/HML2_project/processed_loci/HML-2_8q24.3b/HG03669_mat_hprc_r2_v1.0.1_HML-2_8q24.3b.fa|ed76c18975b631541b273c09a94c0c88f4eb47f5ea25b24ba239af62341b8df3	0	0	NA	NA	NO_EXACT_RETAINED_RECORD				NOT_ASSESSED_NO_EXACT_RETAINED_RECORD				NONCARRIER_SENTINEL_OBSERVATION	SAS			
HML-2_8q24.3c	HG03669_pat_hprc_r2_v1.0.1_HML-2_8q24.3b	HML-2_8q24.3b	HG03669	pat	Successful_Empty_Site	HML-2_8q24.3b|HG03669|pat|none|historical_source/cluster/HML2_project/processed_loci/HML-2_8q24.3b/HG03669_pat_hprc_r2_v1.0.1_HML-2_8q24.3b.fa|7e5ab0fd814868ad468bdc11cd189c2bfef687809520fbe2559f280d2e0e3a84	0	0	NA	NA	NO_EXACT_RETAINED_RECORD				NOT_ASSESSED_NO_EXACT_RETAINED_RECORD				NONCARRIER_SENTINEL_OBSERVATION	SAS			
HML-2_8q24.3c	HG03683_h1_HML-2_8q24.3b_technical_error	HML-2_8q24.3b	HG03683	h1	Validator_Script	HML-2_8q24.3b|HG03683|h1|none|NA|NA	0	0	NA	NA	NO_EXACT_RETAINED_RECORD				NOT_ASSESSED_NO_EXACT_RETAINED_RECORD				UNKNOWN_TECHNICAL	SAS			
HML-2_8q24.3c	HG03683_h2_HML-2_8q24.3b_technical_error	HML-2_8q24.3b	HG03683	h2	Validator_Script	HML-2_8q24.3b|HG03683|h2|none|NA|NA	0	0	NA	NA	NO_EXACT_RETAINED_RECORD				NOT_ASSESSED_NO_EXACT_RETAINED_RECORD				UNKNOWN_TECHNICAL	SAS			
HML-2_8q24.3c	HG03688_mat_hprc_r2_v1.0.1_HML-2_8q24.3b	HML-2_8q24.3b	HG03688	mat	Successful_Empty_Site	HML-2_8q24.3b|HG03688|mat|none|historical_source/cluster/HML2_project/processed_loci/HML-2_8q24.3b/HG03688_mat_hprc_r2_v1.0.1_HML-2_8q24.3b.fa|9ed60a93c7a391a2c02d52858fd47dd98acf8343278b2590c590475bbc2e3740	0	0	NA	NA	NO_EXACT_RETAINED_RECORD				NOT_ASSESSED_NO_EXACT_RETAINED_RECORD				NONCARRIER_SENTINEL_OBSERVATION	SAS			
HML-2_8q24.3c	HG03688_pat_hprc_r2_v1.0.1_HML-2_8q24.3b	HML-2_8q24.3b	HG03688	pat	Successful_Empty_Site	HML-2_8q24.3b|HG03688|pat|none|historical_source/cluster/HML2_project/processed_loci/HML-2_8q24.3b/HG03688_pat_hprc_r2_v1.0.1_HML-2_8q24.3b.fa|c34cac455f42d2aab6b710066f1dc5114fc3c5df169cde1eb57b499f265eebc4	0	0	NA	NA	NO_EXACT_RETAINED_RECORD				NOT_ASSESSED_NO_EXACT_RETAINED_RECORD				NONCARRIER_SENTINEL_OBSERVATION	SAS			
HML-2_8q24.3c	HG03704_mat_hprc_r2_v1.0.1_HML-2_8q24.3b	HML-2_8q24.3b	HG03704	mat	Successful_Empty_Site	HML-2_8q24.3b|HG03704|mat|none|historical_source/cluster/HML2_project/processed_loci/HML-2_8q24.3b/HG03704_mat_hprc_r2_v1.0.1_HML-2_8q24.3b.fa|a7b189c6b32cc50483db7df262a291622b315b424921f2ec98b9a3b85c8dbac0	0	0	NA	NA	NO_EXACT_RETAINED_RECORD				NOT_ASSESSED_NO_EXACT_RETAINED_RECORD				NONCARRIER_SENTINEL_OBSERVATION	SAS			
HML-2_8q24.3c	HG03704_pat_hprc_r2_v1.0.1_HML-2_8q24.3b	HML-2_8q24.3b	HG03704	pat	Successful_Empty_Site	HML-2_8q24.3b|HG03704|pat|none|historical_source/cluster/HML2_project/processed_loci/HML-2_8q24.3b/HG03704_pat_hprc_r2_v1.0.1_HML-2_8q24.3b.fa|6b6a6ac5ba5df23c64d2847f939c7b60f13e87372619dd7bcc95198a3cf109c2	0	0	NA	NA	NO_EXACT_RETAINED_RECORD				NOT_ASSESSED_NO_EXACT_RETAINED_RECORD				NONCARRIER_SENTINEL_OBSERVATION	SAS			
HML-2_8q24.3c	HG03710_mat_hprc_r2_v1.0.1_HML-2_8q24.3b	HML-2_8q24.3b	HG03710	mat	Successful_Empty_Site	HML-2_8q24.3b|HG03710|mat|none|historical_source/cluster/HML2_project/processed_loci/HML-2_8q24.3b/HG03710_mat_hprc_r2_v1.0.1_HML-2_8q24.3b.fa|9219870f2ce7f848beb250fcb1082865c19ebcc98c89d9af86a5bf375acabb7c	0	0	NA	NA	NO_EXACT_RETAINED_RECORD				NOT_ASSESSED_NO_EXACT_RETAINED_RECORD				NONCARRIER_SENTINEL_OBSERVATION	SAS			
HML-2_8q24.3c	HG03710_pat_hprc_r2_v1.0.1_HML-2_8q24.3b	HML-2_8q24.3b	HG03710	pat	Successful_Empty_Site	HML-2_8q24.3b|HG03710|pat|none|historical_source/cluster/HML2_project/processed_loci/HML-2_8q24.3b/HG03710_pat_hprc_r2_v1.0.1_HML-2_8q24.3b.fa|d1d5a3591419d5a50fc692b1a95866e88c636d5c4d98053b5b5d7b1e3f948bcd	0	0	NA	NA	NO_EXACT_RETAINED_RECORD				NOT_ASSESSED_NO_EXACT_RETAINED_RECORD				NONCARRIER_SENTINEL_OBSERVATION	SAS			
HML-2_8q24.3c	HG03732_h1_HML-2_8q24.3b_technical_error	HML-2_8q24.3b	HG03732	h1	Validator_Script	HML-2_8q24.3b|HG03732|h1|none|NA|NA	0	0	NA	NA	NO_EXACT_RETAINED_RECORD				NOT_ASSESSED_NO_EXACT_RETAINED_RECORD				UNKNOWN_TECHNICAL	SAS			
HML-2_8q24.3c	HG03732_h2_HML-2_8q24.3b_technical_error	HML-2_8q24.3b	HG03732	h2	Validator_Script	HML-2_8q24.3b|HG03732|h2|none|NA|NA	0	0	NA	NA	NO_EXACT_RETAINED_RECORD				NOT_ASSESSED_NO_EXACT_RETAINED_RECORD				UNKNOWN_TECHNICAL	SAS			
HML-2_8q24.3c	HG03742_hap1_hprc_r2_v1.0.1_HML-2_8q24.3b	HML-2_8q24.3b	HG03742	h1	Successful_Empty_Site	HML-2_8q24.3b|HG03742|h1|none|historical_source/cluster/HML2_project/processed_loci/HML-2_8q24.3b/HG03742_hap1_hprc_r2_v1.0.1_HML-2_8q24.3b.fa|72b450bb39e83f85cad8aa83fe0f8116122b14deb9138011bc86973224ed3d88	0	0	NA	NA	NO_EXACT_RETAINED_RECORD				NOT_ASSESSED_NO_EXACT_RETAINED_RECORD				NONCARRIER_SENTINEL_OBSERVATION	SAS			
HML-2_8q24.3c	HG03742_hap2_hprc_r2_v1.0.1_HML-2_8q24.3b	HML-2_8q24.3b	HG03742	h2	Successful_Empty_Site	HML-2_8q24.3b|HG03742|h2|none|historical_source/cluster/HML2_project/processed_loci/HML-2_8q24.3b/HG03742_hap2_hprc_r2_v1.0.1_HML-2_8q24.3b.fa|cf334422d162131c5eca4cab3ea318aa55e68fac79cca0438935da8ea7fe00e1	0	0	NA	NA	NO_EXACT_RETAINED_RECORD				NOT_ASSESSED_NO_EXACT_RETAINED_RECORD				NONCARRIER_SENTINEL_OBSERVATION	SAS			
HML-2_8q24.3c	HG03784_hap1_hprc_r2_v1.0.1_HML-2_8q24.3b	HML-2_8q24.3b	HG03784	h1	Successful_Empty_Site	HML-2_8q24.3b|HG03784|h1|none|historical_source/cluster/HML2_project/processed_loci/HML-2_8q24.3b/HG03784_hap1_hprc_r2_v1.0.1_HML-2_8q24.3b.fa|3ec348e8eb335a7e4f22d1c700e061a529a0bf675a26c35285652f8e67188480	0	0	NA	NA	NO_EXACT_RETAINED_RECORD				NOT_ASSESSED_NO_EXACT_RETAINED_RECORD				NONCARRIER_SENTINEL_OBSERVATION	SAS			
HML-2_8q24.3c	HG03784_hap2_hprc_r2_v1.0.1_HML-2_8q24.3b	HML-2_8q24.3b	HG03784	h2	Successful_Empty_Site	HML-2_8q24.3b|HG03784|h2|none|historical_source/cluster/HML2_project/processed_loci/HML-2_8q24.3b/HG03784_hap2_hprc_r2_v1.0.1_HML-2_8q24.3b.fa|79429e9feea53faae07028b16382ad8bb9a76f948405c5ee91b0d74747cdd72b	0	0	NA	NA	NO_EXACT_RETAINED_RECORD				NOT_ASSESSED_NO_EXACT_RETAINED_RECORD				NONCARRIER_SENTINEL_OBSERVATION	SAS			
HML-2_8q24.3c	HG03804_mat_hprc_r2_v1.0.1_HML-2_8q24.3b	HML-2_8q24.3b	HG03804	mat	Successful_Empty_Site	HML-2_8q24.3b|HG03804|mat|none|historical_source/cluster/HML2_project/processed_loci/HML-2_8q24.3b/HG03804_mat_hprc_r2_v1.0.1_HML-2_8q24.3b.fa|207c663734122cab134fc13dd9113cce857f1ee25c0c3eae6663b52886e20703	0	0	NA	NA	NO_EXACT_RETAINED_RECORD				NOT_ASSESSED_NO_EXACT_RETAINED_RECORD				NONCARRIER_SENTINEL_OBSERVATION	SAS			
HML-2_8q24.3c	HG03804_pat_hprc_r2_v1.0.1_HML-2_8q24.3b	HML-2_8q24.3b	HG03804	pat	Successful_Empty_Site	HML-2_8q24.3b|HG03804|pat|none|historical_source/cluster/HML2_project/processed_loci/HML-2_8q24.3b/HG03804_pat_hprc_r2_v1.0.1_HML-2_8q24.3b.fa|93d1803fb8b938556e755cfaae96c4d788b0d4b45493bb050b9766c89d95e466	0	0	NA	NA	NO_EXACT_RETAINED_RECORD				NOT_ASSESSED_NO_EXACT_RETAINED_RECORD				NONCARRIER_SENTINEL_OBSERVATION	SAS			
HML-2_8q24.3c	HG03807_h1_HML-2_8q24.3b_technical_error	HML-2_8q24.3b	HG03807	h1	Validator_Script	HML-2_8q24.3b|HG03807|h1|none|NA|NA	0	0	NA	NA	NO_EXACT_RETAINED_RECORD				NOT_ASSESSED_NO_EXACT_RETAINED_RECORD				UNKNOWN_TECHNICAL	SAS			
HML-2_8q24.3c	HG03807_h2_HML-2_8q24.3b_technical_error	HML-2_8q24.3b	HG03807	h2	Validator_Script	HML-2_8q24.3b|HG03807|h2|none|NA|NA	0	0	NA	NA	NO_EXACT_RETAINED_RECORD				NOT_ASSESSED_NO_EXACT_RETAINED_RECORD				UNKNOWN_TECHNICAL	SAS			
HML-2_8q24.3c	HG03816_mat_hprc_r2_v1.0.1_HML-2_8q24.3b	HML-2_8q24.3b	HG03816	mat	Successful_Empty_Site	HML-2_8q24.3b|HG03816|mat|none|historical_source/cluster/HML2_project/processed_loci/HML-2_8q24.3b/HG03816_mat_hprc_r2_v1.0.1_HML-2_8q24.3b.fa|75aeb13e213cbdb33ea3963d2ce9d1d5f3183e5a7bc7e85c9c72d3505125f0d8	0	0	NA	NA	NO_EXACT_RETAINED_RECORD				NOT_ASSESSED_NO_EXACT_RETAINED_RECORD				NONCARRIER_SENTINEL_OBSERVATION	SAS			
HML-2_8q24.3c	HG03816_pat_hprc_r2_v1.0.1_HML-2_8q24.3b	HML-2_8q24.3b	HG03816	pat	Successful_Empty_Site	HML-2_8q24.3b|HG03816|pat|none|historical_source/cluster/HML2_project/processed_loci/HML-2_8q24.3b/HG03816_pat_hprc_r2_v1.0.1_HML-2_8q24.3b.fa|93a7df09ab0befc5ab7e43860668067914d229a868aa31d187bd4bfbafa3480b	0	0	NA	NA	NO_EXACT_RETAINED_RECORD				NOT_ASSESSED_NO_EXACT_RETAINED_RECORD				NONCARRIER_SENTINEL_OBSERVATION	SAS			
HML-2_8q24.3c	HG03831_mat_hprc_r2_v1.0.1_HML-2_8q24.3b	HML-2_8q24.3b	HG03831	mat	Successful_Empty_Site	HML-2_8q24.3b|HG03831|mat|none|historical_source/cluster/HML2_project/processed_loci/HML-2_8q24.3b/HG03831_mat_hprc_r2_v1.0.1_HML-2_8q24.3b.fa|a256f06b3c1d0d18a3ce12644ba5bc22e7cc3ea24291781575d4051ac7b73053	0	0	NA	NA	NO_EXACT_RETAINED_RECORD				NOT_ASSESSED_NO_EXACT_RETAINED_RECORD				NONCARRIER_SENTINEL_OBSERVATION	SAS			
HML-2_8q24.3c	HG03831_pat_hprc_r2_v1.0.1_HML-2_8q24.3b	HML-2_8q24.3b	HG03831	pat	Successful_Empty_Site	HML-2_8q24.3b|HG03831|pat|none|historical_source/cluster/HML2_project/processed_loci/HML-2_8q24.3b/HG03831_pat_hprc_r2_v1.0.1_HML-2_8q24.3b.fa|cfec3847f7e3d039669f694824b32b1a76d80c2bb7e0c259b1c16f47172e050f	0	0	NA	NA	NO_EXACT_RETAINED_RECORD				NOT_ASSESSED_NO_EXACT_RETAINED_RECORD				NONCARRIER_SENTINEL_OBSERVATION	SAS			
HML-2_8q24.3c	HG03834_mat_hprc_r2_v1.0.1_HML-2_8q24.3b	HML-2_8q24.3b	HG03834	mat	Successful_Empty_Site	HML-2_8q24.3b|HG03834|mat|none|historical_source/cluster/HML2_project/processed_loci/HML-2_8q24.3b/HG03834_mat_hprc_r2_v1.0.1_HML-2_8q24.3b.fa|dfa1ef3c3a33e0c7a381ad36757b280dc71e192a69be26d0c1b89499b1ddc1f4	0	0	NA	NA	NO_EXACT_RETAINED_RECORD				NOT_ASSESSED_NO_EXACT_RETAINED_RECORD				NONCARRIER_SENTINEL_OBSERVATION	SAS			
HML-2_8q24.3c	HG03834_pat_hprc_r2_v1.0.1_HML-2_8q24.3b	HML-2_8q24.3b	HG03834	pat	Successful_Empty_Site	HML-2_8q24.3b|HG03834|pat|none|historical_source/cluster/HML2_project/processed_loci/HML-2_8q24.3b/HG03834_pat_hprc_r2_v1.0.1_HML-2_8q24.3b.fa|0b37628bfe23677dcead199f6a24c4cfdf0b89ddcca4ddf3e2fd79a4f035a2b1	0	0	NA	NA	NO_EXACT_RETAINED_RECORD				NOT_ASSESSED_NO_EXACT_RETAINED_RECORD				NONCARRIER_SENTINEL_OBSERVATION	SAS			
HML-2_8q24.3c	HG03874_hap1_hprc_r2_v1.0.1_HML-2_8q24.3b	HML-2_8q24.3b	HG03874	h1	Successful_Empty_Site	HML-2_8q24.3b|HG03874|h1|none|historical_source/cluster/HML2_project/processed_loci/HML-2_8q24.3b/HG03874_hap1_hprc_r2_v1.0.1_HML-2_8q24.3b.fa|59def8687ef35b41ed05a2cc466f0994658dc25378529535ed2b7113abb1914a	0	0	NA	NA	NO_EXACT_RETAINED_RECORD				NOT_ASSESSED_NO_EXACT_RETAINED_RECORD				NONCARRIER_SENTINEL_OBSERVATION	SAS			
HML-2_8q24.3c	HG03874_hap2_hprc_r2_v1.0.1_HML-2_8q24.3b	HML-2_8q24.3b	HG03874	h2	Successful_Empty_Site	HML-2_8q24.3b|HG03874|h2|none|historical_source/cluster/HML2_project/processed_loci/HML-2_8q24.3b/HG03874_hap2_hprc_r2_v1.0.1_HML-2_8q24.3b.fa|789d1e52d7708be863c38a921b434eb6a631f5cf739162d6cbf10e8980167f78	0	0	NA	NA	NO_EXACT_RETAINED_RECORD				NOT_ASSESSED_NO_EXACT_RETAINED_RECORD				NONCARRIER_SENTINEL_OBSERVATION	SAS			
HML-2_8q24.3c	HG03927_mat_hprc_r2_v1.0.1_HML-2_8q24.3b	HML-2_8q24.3b	HG03927	mat	Successful_Empty_Site	HML-2_8q24.3b|HG03927|mat|none|historical_source/cluster/HML2_project/processed_loci/HML-2_8q24.3b/HG03927_mat_hprc_r2_v1.0.1_HML-2_8q24.3b.fa|ed40c0609bf22655fed4dad7868b5b8b864e88fed258a3679ff09cdf3417e2c6	0	0	NA	NA	NO_EXACT_RETAINED_RECORD				NOT_ASSESSED_NO_EXACT_RETAINED_RECORD				NONCARRIER_SENTINEL_OBSERVATION	SAS			
HML-2_8q24.3c	HG03927_pat_hprc_r2_v1.0.1_HML-2_8q24.3b	HML-2_8q24.3b	HG03927	pat	Successful_Empty_Site	HML-2_8q24.3b|HG03927|pat|none|historical_source/cluster/HML2_project/processed_loci/HML-2_8q24.3b/HG03927_pat_hprc_r2_v1.0.1_HML-2_8q24.3b.fa|099ccd3f7852b2179b8ce50b3b023d5f56ba620ad397498a45fa332fede5527a	0	0	NA	NA	NO_EXACT_RETAINED_RECORD				NOT_ASSESSED_NO_EXACT_RETAINED_RECORD				NONCARRIER_SENTINEL_OBSERVATION	SAS			
HML-2_8q24.3c	HG03942_mat_hprc_r2_v1.0.1_HML-2_8q24.3b	HML-2_8q24.3b	HG03942	mat	Successful_Empty_Site	HML-2_8q24.3b|HG03942|mat|none|historical_source/cluster/HML2_project/processed_loci/HML-2_8q24.3b/HG03942_mat_hprc_r2_v1.0.1_HML-2_8q24.3b.fa|21cd39909630196528fcf4ee165ef7c1d78500aef1871b75777e47497ae02cf1	0	0	NA	NA	NO_EXACT_RETAINED_RECORD				NOT_ASSESSED_NO_EXACT_RETAINED_RECORD				NONCARRIER_SENTINEL_OBSERVATION	SAS			
HML-2_8q24.3c	HG03942_pat_hprc_r2_v1.0.1_HML-2_8q24.3b	HML-2_8q24.3b	HG03942	pat	Successful_Empty_Site	HML-2_8q24.3b|HG03942|pat|none|historical_source/cluster/HML2_project/processed_loci/HML-2_8q24.3b/HG03942_pat_hprc_r2_v1.0.1_HML-2_8q24.3b.fa|ff201b380663642636cbdde11b7fe3fcc80ea003d90bb74f7c682387c72fde70	0	0	NA	NA	NO_EXACT_RETAINED_RECORD				NOT_ASSESSED_NO_EXACT_RETAINED_RECORD				NONCARRIER_SENTINEL_OBSERVATION	SAS			
HML-2_8q24.3c	HG04036_h1_HML-2_8q24.3b_technical_error	HML-2_8q24.3b	HG04036	h1	Validator_Script	HML-2_8q24.3b|HG04036|h1|none|NA|NA	0	0	NA	NA	NO_EXACT_RETAINED_RECORD				NOT_ASSESSED_NO_EXACT_RETAINED_RECORD				UNKNOWN_TECHNICAL	SAS			
HML-2_8q24.3c	HG04036_h2_HML-2_8q24.3b_technical_error	HML-2_8q24.3b	HG04036	h2	Validator_Script	HML-2_8q24.3b|HG04036|h2|none|NA|NA	0	0	NA	NA	NO_EXACT_RETAINED_RECORD				NOT_ASSESSED_NO_EXACT_RETAINED_RECORD				UNKNOWN_TECHNICAL	SAS			
HML-2_8q24.3c	HG04115_mat_hprc_r2_v1.0.1_HML-2_8q24.3b	HML-2_8q24.3b	HG04115	mat	Successful_Empty_Site	HML-2_8q24.3b|HG04115|mat|none|historical_source/cluster/HML2_project/processed_loci/HML-2_8q24.3b/HG04115_mat_hprc_r2_v1.0.1_HML-2_8q24.3b.fa|ac2cd41e825f7f963459b251accdb10f9b18ea9ebb7b3689c23ef8ab606d5caf	0	0	NA	NA	NO_EXACT_RETAINED_RECORD				NOT_ASSESSED_NO_EXACT_RETAINED_RECORD				NONCARRIER_SENTINEL_OBSERVATION	SAS			
HML-2_8q24.3c	HG04115_pat_hprc_r2_v1.0.1_HML-2_8q24.3b	HML-2_8q24.3b	HG04115	pat	Successful_Empty_Site	HML-2_8q24.3b|HG04115|pat|none|historical_source/cluster/HML2_project/processed_loci/HML-2_8q24.3b/HG04115_pat_hprc_r2_v1.0.1_HML-2_8q24.3b.fa|15818cad2e9552c0d674702c8249a614e1d4253978aa6be0e1142fbf18d11e73	0	0	NA	NA	NO_EXACT_RETAINED_RECORD				NOT_ASSESSED_NO_EXACT_RETAINED_RECORD				NONCARRIER_SENTINEL_OBSERVATION	SAS			
HML-2_8q24.3c	HG04157_mat_hprc_r2_v1.0.1_HML-2_8q24.3b	HML-2_8q24.3b	HG04157	mat	Successful_Empty_Site	HML-2_8q24.3b|HG04157|mat|none|historical_source/cluster/HML2_project/processed_loci/HML-2_8q24.3b/HG04157_mat_hprc_r2_v1.0.1_HML-2_8q24.3b.fa|98d59c38ef2730d5956201274828ab5d1128adac46c3f22b570795719060cacc	0	0	NA	NA	NO_EXACT_RETAINED_RECORD				NOT_ASSESSED_NO_EXACT_RETAINED_RECORD				NONCARRIER_SENTINEL_OBSERVATION	SAS			
HML-2_8q24.3c	HG04157_pat_hprc_r2_v1.0.1_HML-2_8q24.3b	HML-2_8q24.3b	HG04157	pat	Successful_Empty_Site	HML-2_8q24.3b|HG04157|pat|none|historical_source/cluster/HML2_project/processed_loci/HML-2_8q24.3b/HG04157_pat_hprc_r2_v1.0.1_HML-2_8q24.3b.fa|f780d44f6bba75cb41d3b38100af93727b17100fadae5103d7538c8cd7aa9cb9	0	0	NA	NA	NO_EXACT_RETAINED_RECORD				NOT_ASSESSED_NO_EXACT_RETAINED_RECORD				NONCARRIER_SENTINEL_OBSERVATION	SAS			
HML-2_8q24.3c	HG04160_mat_hprc_r2_v1.0.1_HML-2_8q24.3b	HML-2_8q24.3b	HG04160	mat	Successful_Empty_Site	HML-2_8q24.3b|HG04160|mat|none|historical_source/cluster/HML2_project/processed_loci/HML-2_8q24.3b/HG04160_mat_hprc_r2_v1.0.1_HML-2_8q24.3b.fa|63ac70867798f94b1f99ed699f994aebb474a1c419addf9f182be9ed2eb09f41	0	0	NA	NA	NO_EXACT_RETAINED_RECORD				NOT_ASSESSED_NO_EXACT_RETAINED_RECORD				NONCARRIER_SENTINEL_OBSERVATION	SAS			
HML-2_8q24.3c	HG04160_pat_hprc_r2_v1.0.1_HML-2_8q24.3b	HML-2_8q24.3b	HG04160	pat	Successful_Empty_Site	HML-2_8q24.3b|HG04160|pat|none|historical_source/cluster/HML2_project/processed_loci/HML-2_8q24.3b/HG04160_pat_hprc_r2_v1.0.1_HML-2_8q24.3b.fa|1caeb402e23218cf4695ed0676f5c77cd1cbe1f545acd560d738c274d50fb873	0	0	NA	NA	NO_EXACT_RETAINED_RECORD				NOT_ASSESSED_NO_EXACT_RETAINED_RECORD				NONCARRIER_SENTINEL_OBSERVATION	SAS			
HML-2_8q24.3c	HG04184_mat_hprc_r2_v1.0.1_HML-2_8q24.3b	HML-2_8q24.3b	HG04184	mat	Successful_Empty_Site	HML-2_8q24.3b|HG04184|mat|none|historical_source/cluster/HML2_project/processed_loci/HML-2_8q24.3b/HG04184_mat_hprc_r2_v1.0.1_HML-2_8q24.3b.fa|9c5decce094b0cf2d6890dceec78304797cfc6074f46cdb44b408163da013444	0	0	NA	NA	NO_EXACT_RETAINED_RECORD				NOT_ASSESSED_NO_EXACT_RETAINED_RECORD				NONCARRIER_SENTINEL_OBSERVATION	SAS			
HML-2_8q24.3c	HG04184_pat_hprc_r2_v1.0.1_HML-2_8q24.3b	HML-2_8q24.3b	HG04184	pat	Successful_Empty_Site	HML-2_8q24.3b|HG04184|pat|none|historical_source/cluster/HML2_project/processed_loci/HML-2_8q24.3b/HG04184_pat_hprc_r2_v1.0.1_HML-2_8q24.3b.fa|7300d57a1441e656d89ec15a22e0c57da8f32565f77502c3533c21e6a7981eaf	0	0	NA	NA	NO_EXACT_RETAINED_RECORD				NOT_ASSESSED_NO_EXACT_RETAINED_RECORD				NONCARRIER_SENTINEL_OBSERVATION	SAS			
HML-2_8q24.3c	HG04187_mat_hprc_r2_v1.0.1_HML-2_8q24.3b	HML-2_8q24.3b	HG04187	mat	Successful_Empty_Site	HML-2_8q24.3b|HG04187|mat|none|historical_source/cluster/HML2_project/processed_loci/HML-2_8q24.3b/HG04187_mat_hprc_r2_v1.0.1_HML-2_8q24.3b.fa|897d9cff0d9651eb8b9805c452d1eef77afe6cf0e859ba898998e7140a7cbcda	0	0	NA	NA	NO_EXACT_RETAINED_RECORD				NOT_ASSESSED_NO_EXACT_RETAINED_RECORD				NONCARRIER_SENTINEL_OBSERVATION	SAS			
HML-2_8q24.3c	HG04187_pat_hprc_r2_v1.0.1_HML-2_8q24.3b	HML-2_8q24.3b	HG04187	pat	Successful_Empty_Site	HML-2_8q24.3b|HG04187|pat|none|historical_source/cluster/HML2_project/processed_loci/HML-2_8q24.3b/HG04187_pat_hprc_r2_v1.0.1_HML-2_8q24.3b.fa|e6bc51d4eb905dc3f49eff386c30055b738f28e510a9051888e4981ec625fe08	0	0	NA	NA	NO_EXACT_RETAINED_RECORD				NOT_ASSESSED_NO_EXACT_RETAINED_RECORD				NONCARRIER_SENTINEL_OBSERVATION	SAS			
HML-2_8q24.3c	HG04199_mat_hprc_r2_v1.0.1_HML-2_8q24.3b	HML-2_8q24.3b	HG04199	mat	Successful_Empty_Site	HML-2_8q24.3b|HG04199|mat|none|historical_source/cluster/HML2_project/processed_loci/HML-2_8q24.3b/HG04199_mat_hprc_r2_v1.0.1_HML-2_8q24.3b.fa|330d04dfd7cff2c31b24a288722756ed9e8cd1f95c8ddf4bef9f36f550be5d46	0	0	NA	NA	NO_EXACT_RETAINED_RECORD				NOT_ASSESSED_NO_EXACT_RETAINED_RECORD				NONCARRIER_SENTINEL_OBSERVATION	SAS			
HML-2_8q24.3c	HG04199_pat_hprc_r2_v1.0.1_HML-2_8q24.3b	HML-2_8q24.3b	HG04199	pat	Successful_Empty_Site	HML-2_8q24.3b|HG04199|pat|none|historical_source/cluster/HML2_project/processed_loci/HML-2_8q24.3b/HG04199_pat_hprc_r2_v1.0.1_HML-2_8q24.3b.fa|461a43c32732bcd2a6f0c13c6c09ee0838336cb4f9bf00b87e49e79c3a4eed71	0	0	NA	NA	NO_EXACT_RETAINED_RECORD				NOT_ASSESSED_NO_EXACT_RETAINED_RECORD				NONCARRIER_SENTINEL_OBSERVATION	SAS			
HML-2_8q24.3c	HG04204_mat_hprc_r2_v1.0.1_HML-2_8q24.3b	HML-2_8q24.3b	HG04204	mat	Successful_Empty_Site	HML-2_8q24.3b|HG04204|mat|none|historical_source/cluster/HML2_project/processed_loci/HML-2_8q24.3b/HG04204_mat_hprc_r2_v1.0.1_HML-2_8q24.3b.fa|ed5682bdd493010e21d59eeefa94e22a426d19175970df75e1c2dd81ad3dbb97	0	0	NA	NA	NO_EXACT_RETAINED_RECORD				NOT_ASSESSED_NO_EXACT_RETAINED_RECORD				NONCARRIER_SENTINEL_OBSERVATION	SAS			
HML-2_8q24.3c	HG04204_pat_hprc_r2_v1.0.1_HML-2_8q24.3b	HML-2_8q24.3b	HG04204	pat	Successful_Empty_Site	HML-2_8q24.3b|HG04204|pat|none|historical_source/cluster/HML2_project/processed_loci/HML-2_8q24.3b/HG04204_pat_hprc_r2_v1.0.1_HML-2_8q24.3b.fa|72495cec6287d18826ba390a9b1aadf5f7f05fb0e10a1a658df30e72d37c8de7	0	0	NA	NA	NO_EXACT_RETAINED_RECORD				NOT_ASSESSED_NO_EXACT_RETAINED_RECORD				NONCARRIER_SENTINEL_OBSERVATION	SAS			
HML-2_8q24.3c	HG04217_h1_HML-2_8q24.3b_technical_error	HML-2_8q24.3b	HG04217	h1	Validator_Script	HML-2_8q24.3b|HG04217|h1|none|NA|NA	0	0	NA	NA	NO_EXACT_RETAINED_RECORD				NOT_ASSESSED_NO_EXACT_RETAINED_RECORD				UNKNOWN_TECHNICAL	SAS			
HML-2_8q24.3c	HG04217_h2_HML-2_8q24.3b_technical_error	HML-2_8q24.3b	HG04217	h2	Validator_Script	HML-2_8q24.3b|HG04217|h2|none|NA|NA	0	0	NA	NA	NO_EXACT_RETAINED_RECORD				NOT_ASSESSED_NO_EXACT_RETAINED_RECORD				UNKNOWN_TECHNICAL	SAS			
HML-2_8q24.3c	HG04228_mat_hprc_r2_v1.0.1_HML-2_8q24.3b	HML-2_8q24.3b	HG04228	mat	Successful_Empty_Site	HML-2_8q24.3b|HG04228|mat|none|historical_source/cluster/HML2_project/processed_loci/HML-2_8q24.3b/HG04228_mat_hprc_r2_v1.0.1_HML-2_8q24.3b.fa|f033cf4917b1cf35072206af5a8dfdebb26ec9271db31f2598254f864ea62e5b	0	0	NA	NA	NO_EXACT_RETAINED_RECORD				NOT_ASSESSED_NO_EXACT_RETAINED_RECORD				NONCARRIER_SENTINEL_OBSERVATION	SAS			
HML-2_8q24.3c	HG04228_pat_hprc_r2_v1.0.1_HML-2_8q24.3b	HML-2_8q24.3b	HG04228	pat	Successful_Empty_Site	HML-2_8q24.3b|HG04228|pat|none|historical_source/cluster/HML2_project/processed_loci/HML-2_8q24.3b/HG04228_pat_hprc_r2_v1.0.1_HML-2_8q24.3b.fa|350ff7e928039347f8491dc8b17664651e7496cc5143d9aeec4b8b853c79103e	0	0	NA	NA	NO_EXACT_RETAINED_RECORD				NOT_ASSESSED_NO_EXACT_RETAINED_RECORD				NONCARRIER_SENTINEL_OBSERVATION	SAS			
HML-2_8q24.3c	HG06807_mat_v1.0.genbank_HML-2_8q24.3b	HML-2_8q24.3b	HG06807	mat	Successful_Empty_Site	HML-2_8q24.3b|HG06807|mat|none|historical_source/cluster/HML2_project/processed_loci/HML-2_8q24.3b/HG06807_mat_v1.0.genbank_HML-2_8q24.3b.fa|e0932079a1a7ab84c50a46e5d75b53f7ab38fe89f588788d9a48d82919c7c7ff	0	0	NA	NA	NO_EXACT_RETAINED_RECORD				NOT_ASSESSED_NO_EXACT_RETAINED_RECORD				NONCARRIER_SENTINEL_OBSERVATION	Unassigned			
HML-2_8q24.3c	HG06807_pat_v1.0.genbank_HML-2_8q24.3b	HML-2_8q24.3b	HG06807	pat	Successful_Empty_Site	HML-2_8q24.3b|HG06807|pat|none|historical_source/cluster/HML2_project/processed_loci/HML-2_8q24.3b/HG06807_pat_v1.0.genbank_HML-2_8q24.3b.fa|5a992c979fdd0a37b16744d8da19d21a5be396094fef9cf00f31c0735f114303	0	0	NA	NA	NO_EXACT_RETAINED_RECORD				NOT_ASSESSED_NO_EXACT_RETAINED_RECORD				NONCARRIER_SENTINEL_OBSERVATION	Unassigned			
HML-2_8q24.3c	NA12329_h1_HML-2_8q24.3b_technical_error	HML-2_8q24.3b	NA12329	h1	Validator_Script	HML-2_8q24.3b|NA12329|h1|none|NA|NA	0	0	NA	NA	NO_EXACT_RETAINED_RECORD				NOT_ASSESSED_NO_EXACT_RETAINED_RECORD				UNKNOWN_TECHNICAL	EUR			
HML-2_8q24.3c	NA12329_h2_HML-2_8q24.3b_technical_error	HML-2_8q24.3b	NA12329	h2	Validator_Script	HML-2_8q24.3b|NA12329|h2|none|NA|NA	0	0	NA	NA	NO_EXACT_RETAINED_RECORD				NOT_ASSESSED_NO_EXACT_RETAINED_RECORD				UNKNOWN_TECHNICAL	EUR			
HML-2_8q24.3c	NA18505_hap1_hprc_r2_v1.0.1_HML-2_8q24.3b	HML-2_8q24.3b	NA18505	h1	Successful_Empty_Site	HML-2_8q24.3b|NA18505|h1|none|historical_source/cluster/HML2_project/processed_loci/HML-2_8q24.3b/NA18505_hap1_hprc_r2_v1.0.1_HML-2_8q24.3b.fa|9a379d663c19a39f2b213f473897b01c50e9e1948a243d77fe49c82a5bc5b1ee	0	0	NA	NA	NO_EXACT_RETAINED_RECORD				NOT_ASSESSED_NO_EXACT_RETAINED_RECORD				NONCARRIER_SENTINEL_OBSERVATION	AFR			
HML-2_8q24.3c	NA18505_hap2_hprc_r2_v1.0.1_HML-2_8q24.3b	HML-2_8q24.3b	NA18505	h2	Successful_Empty_Site	HML-2_8q24.3b|NA18505|h2|none|historical_source/cluster/HML2_project/processed_loci/HML-2_8q24.3b/NA18505_hap2_hprc_r2_v1.0.1_HML-2_8q24.3b.fa|e13ce93ae98b39fc72af0b2ca3ac3934b94d73c1619060db48e2f47aba850f72	0	0	NA	NA	NO_EXACT_RETAINED_RECORD				NOT_ASSESSED_NO_EXACT_RETAINED_RECORD				NONCARRIER_SENTINEL_OBSERVATION	AFR			
HML-2_8q24.3c	NA18508_hap1_hprc_r2_v1.0.1_HML-2_8q24.3b	HML-2_8q24.3b	NA18508	h1	Successful_Empty_Site	HML-2_8q24.3b|NA18508|h1|none|historical_source/cluster/HML2_project/processed_loci/HML-2_8q24.3b/NA18508_hap1_hprc_r2_v1.0.1_HML-2_8q24.3b.fa|368c84e72bfbb3a83e03878d525a4a33de1893b13143dc8751557b9951ad157c	0	0	NA	NA	NO_EXACT_RETAINED_RECORD				NOT_ASSESSED_NO_EXACT_RETAINED_RECORD				NONCARRIER_SENTINEL_OBSERVATION	AFR			
HML-2_8q24.3c	NA18508_hap2_hprc_r2_v1.0.1_HML-2_8q24.3b	HML-2_8q24.3b	NA18508	h2	Successful_Empty_Site	HML-2_8q24.3b|NA18508|h2|none|historical_source/cluster/HML2_project/processed_loci/HML-2_8q24.3b/NA18508_hap2_hprc_r2_v1.0.1_HML-2_8q24.3b.fa|3beca401e4bb5fb40b9df7e2eb42c25df1f4249e7499a8fd3687be4cb1fab21c	0	0	NA	NA	NO_EXACT_RETAINED_RECORD				NOT_ASSESSED_NO_EXACT_RETAINED_RECORD				NONCARRIER_SENTINEL_OBSERVATION	AFR			
HML-2_8q24.3c	NA18522_hap1_hprc_r2_v1.0.1_HML-2_8q24.3b	HML-2_8q24.3b	NA18522	h1	Successful_Empty_Site	HML-2_8q24.3b|NA18522|h1|none|historical_source/cluster/HML2_project/processed_loci/HML-2_8q24.3b/NA18522_hap1_hprc_r2_v1.0.1_HML-2_8q24.3b.fa|7f396dd1589dff02a807fe383800c05eebc55132188a957cb76b6311f7bd7996	0	0	NA	NA	NO_EXACT_RETAINED_RECORD				NOT_ASSESSED_NO_EXACT_RETAINED_RECORD				NONCARRIER_SENTINEL_OBSERVATION	AFR			
HML-2_8q24.3c	NA18522_hap2_hprc_r2_v1.0.1_HML-2_8q24.3b	HML-2_8q24.3b	NA18522	h2	Successful_Empty_Site	HML-2_8q24.3b|NA18522|h2|none|historical_source/cluster/HML2_project/processed_loci/HML-2_8q24.3b/NA18522_hap2_hprc_r2_v1.0.1_HML-2_8q24.3b.fa|695761ece1f3912dff972ed6104b090e05ccb2d0d233f039a71dcdc561a29cbd	0	0	NA	NA	NO_EXACT_RETAINED_RECORD				NOT_ASSESSED_NO_EXACT_RETAINED_RECORD				NONCARRIER_SENTINEL_OBSERVATION	AFR			
HML-2_8q24.3c	NA18534_h1_HML-2_8q24.3b_technical_error	HML-2_8q24.3b	NA18534	h1	Validator_Script	HML-2_8q24.3b|NA18534|h1|none|NA|NA	0	0	NA	NA	NO_EXACT_RETAINED_RECORD				NOT_ASSESSED_NO_EXACT_RETAINED_RECORD				UNKNOWN_TECHNICAL	EAS			
HML-2_8q24.3c	NA18534_h2_HML-2_8q24.3b_technical_error	HML-2_8q24.3b	NA18534	h2	Validator_Script	HML-2_8q24.3b|NA18534|h2|none|NA|NA	0	0	NA	NA	NO_EXACT_RETAINED_RECORD				NOT_ASSESSED_NO_EXACT_RETAINED_RECORD				UNKNOWN_TECHNICAL	EAS			
HML-2_8q24.3c	NA18565_hap1_hprc_r2_v1.0.1_HML-2_8q24.3b	HML-2_8q24.3b	NA18565	h1	Successful_Empty_Site	HML-2_8q24.3b|NA18565|h1|none|historical_source/cluster/HML2_project/processed_loci/HML-2_8q24.3b/NA18565_hap1_hprc_r2_v1.0.1_HML-2_8q24.3b.fa|67f627ba929bc234dab4dd9efc7f124d7b092efed480a97f856a90f489937338	0	0	NA	NA	NO_EXACT_RETAINED_RECORD				NOT_ASSESSED_NO_EXACT_RETAINED_RECORD				NONCARRIER_SENTINEL_OBSERVATION	EAS			
HML-2_8q24.3c	NA18565_hap2_hprc_r2_v1.0.1_HML-2_8q24.3b	HML-2_8q24.3b	NA18565	h2	Successful_Empty_Site	HML-2_8q24.3b|NA18565|h2|none|historical_source/cluster/HML2_project/processed_loci/HML-2_8q24.3b/NA18565_hap2_hprc_r2_v1.0.1_HML-2_8q24.3b.fa|8697c692452a3c9937890deb110ca678630c16a37fd4c9ff31b6a9e6a3a7b5d1	0	0	NA	NA	NO_EXACT_RETAINED_RECORD				NOT_ASSESSED_NO_EXACT_RETAINED_RECORD				NONCARRIER_SENTINEL_OBSERVATION	EAS			
HML-2_8q24.3c	NA18570_hap1_hprc_r2_v1.0.1_HML-2_8q24.3b	HML-2_8q24.3b	NA18570	h1	Successful_Empty_Site	HML-2_8q24.3b|NA18570|h1|none|historical_source/cluster/HML2_project/processed_loci/HML-2_8q24.3b/NA18570_hap1_hprc_r2_v1.0.1_HML-2_8q24.3b.fa|29cb95e5243e77e819b2716a27ff24fa7b7cdf60b6057a80fbf24e2536a58c99	0	0	NA	NA	NO_EXACT_RETAINED_RECORD				NOT_ASSESSED_NO_EXACT_RETAINED_RECORD				NONCARRIER_SENTINEL_OBSERVATION	EAS			
HML-2_8q24.3c	NA18570_hap2_hprc_r2_v1.0.1_HML-2_8q24.3b	HML-2_8q24.3b	NA18570	h2	Successful_Empty_Site	HML-2_8q24.3b|NA18570|h2|none|historical_source/cluster/HML2_project/processed_loci/HML-2_8q24.3b/NA18570_hap2_hprc_r2_v1.0.1_HML-2_8q24.3b.fa|6bf73133e9e54be682947ae4402d429b99ebd3b3c6c17cbc57d996075ff0c1e3	0	0	NA	NA	NO_EXACT_RETAINED_RECORD				NOT_ASSESSED_NO_EXACT_RETAINED_RECORD				NONCARRIER_SENTINEL_OBSERVATION	EAS			
HML-2_8q24.3c	NA18608_hap1_hprc_r2_v1.0.1_HML-2_8q24.3b	HML-2_8q24.3b	NA18608	h1	Successful_Empty_Site	HML-2_8q24.3b|NA18608|h1|none|historical_source/cluster/HML2_project/processed_loci/HML-2_8q24.3b/NA18608_hap1_hprc_r2_v1.0.1_HML-2_8q24.3b.fa|ea43adfbce842a2affcfec11b6f0505c8428f8a3075edb280d822063e0959c49	0	0	NA	NA	NO_EXACT_RETAINED_RECORD				NOT_ASSESSED_NO_EXACT_RETAINED_RECORD				NONCARRIER_SENTINEL_OBSERVATION	EAS			
HML-2_8q24.3c	NA18608_hap2_hprc_r2_v1.0.1_HML-2_8q24.3b	HML-2_8q24.3b	NA18608	h2	Successful_Empty_Site	HML-2_8q24.3b|NA18608|h2|none|historical_source/cluster/HML2_project/processed_loci/HML-2_8q24.3b/NA18608_hap2_hprc_r2_v1.0.1_HML-2_8q24.3b.fa|91e8c066069d749f4f2bede7d8892513f5d127dd399bc5235484c57f0d53cf00	0	0	NA	NA	NO_EXACT_RETAINED_RECORD				NOT_ASSESSED_NO_EXACT_RETAINED_RECORD				NONCARRIER_SENTINEL_OBSERVATION	EAS			
HML-2_8q24.3c	NA18620_hap1_hprc_r2_v1.0.1_HML-2_8q24.3b	HML-2_8q24.3b	NA18620	h1	Successful_Empty_Site	HML-2_8q24.3b|NA18620|h1|none|historical_source/cluster/HML2_project/processed_loci/HML-2_8q24.3b/NA18620_hap1_hprc_r2_v1.0.1_HML-2_8q24.3b.fa|7143cfa45e5c5bd2a86bd7e5c20b2d8dcd719ad339ef8b5c5a7cde9d1f91b21d	0	0	NA	NA	NO_EXACT_RETAINED_RECORD				NOT_ASSESSED_NO_EXACT_RETAINED_RECORD				NONCARRIER_SENTINEL_OBSERVATION	EAS			
HML-2_8q24.3c	NA18620_hap2_hprc_r2_v1.0.1_HML-2_8q24.3b	HML-2_8q24.3b	NA18620	h2	Successful_Empty_Site	HML-2_8q24.3b|NA18620|h2|none|historical_source/cluster/HML2_project/processed_loci/HML-2_8q24.3b/NA18620_hap2_hprc_r2_v1.0.1_HML-2_8q24.3b.fa|57f04783da705b6a3db1a95704ea4f4330441331199650be972eb7206bf85a25	0	0	NA	NA	NO_EXACT_RETAINED_RECORD				NOT_ASSESSED_NO_EXACT_RETAINED_RECORD				NONCARRIER_SENTINEL_OBSERVATION	EAS			
HML-2_8q24.3c	NA18747_hap1_hprc_r2_v1.0.1_HML-2_8q24.3b	HML-2_8q24.3b	NA18747	h1	Successful_Empty_Site	HML-2_8q24.3b|NA18747|h1|none|historical_source/cluster/HML2_project/processed_loci/HML-2_8q24.3b/NA18747_hap1_hprc_r2_v1.0.1_HML-2_8q24.3b.fa|0597e78741e5fa2fa1512dc91cb5311c00b8a39153b354abd4a9865ee93f5b8f	0	0	NA	NA	NO_EXACT_RETAINED_RECORD				NOT_ASSESSED_NO_EXACT_RETAINED_RECORD				NONCARRIER_SENTINEL_OBSERVATION	EAS			
HML-2_8q24.3c	NA18747_hap2_hprc_r2_v1.0.1_HML-2_8q24.3b	HML-2_8q24.3b	NA18747	h2	Successful_Empty_Site	HML-2_8q24.3b|NA18747|h2|none|historical_source/cluster/HML2_project/processed_loci/HML-2_8q24.3b/NA18747_hap2_hprc_r2_v1.0.1_HML-2_8q24.3b.fa|bce579e83561afa07d71e7728d8dd98f1498d018479b44f4ab72da30f1e55cba	0	0	NA	NA	NO_EXACT_RETAINED_RECORD				NOT_ASSESSED_NO_EXACT_RETAINED_RECORD				NONCARRIER_SENTINEL_OBSERVATION	EAS			
HML-2_8q24.3c	NA18879_hap1_hprc_r2_v1.0.1_HML-2_8q24.3b	HML-2_8q24.3b	NA18879	h1	Successful_Empty_Site	HML-2_8q24.3b|NA18879|h1|none|historical_source/cluster/HML2_project/processed_loci/HML-2_8q24.3b/NA18879_hap1_hprc_r2_v1.0.1_HML-2_8q24.3b.fa|176c94bf1b9df407e19ed40be20180a75ad69e0a6f3e4e360a54ada9ea534627	0	0	NA	NA	NO_EXACT_RETAINED_RECORD				NOT_ASSESSED_NO_EXACT_RETAINED_RECORD				NONCARRIER_SENTINEL_OBSERVATION	AFR			
HML-2_8q24.3c	NA18879_hap2_hprc_r2_v1.0.1_HML-2_8q24.3b	HML-2_8q24.3b	NA18879	h2	Successful_Empty_Site	HML-2_8q24.3b|NA18879|h2|none|historical_source/cluster/HML2_project/processed_loci/HML-2_8q24.3b/NA18879_hap2_hprc_r2_v1.0.1_HML-2_8q24.3b.fa|fe57a09cf73bc4ea53e278ffd0e07a8063441214c6b205557bd048bec67670b9	0	0	NA	NA	NO_EXACT_RETAINED_RECORD				NOT_ASSESSED_NO_EXACT_RETAINED_RECORD				NONCARRIER_SENTINEL_OBSERVATION	AFR			
HML-2_8q24.3c	NA18906_mat_hprc_r2_v1.0.1_HML-2_8q24.3b	HML-2_8q24.3b	NA18906	mat	Successful_Empty_Site	HML-2_8q24.3b|NA18906|mat|none|historical_source/cluster/HML2_project/processed_loci/HML-2_8q24.3b/NA18906_mat_hprc_r2_v1.0.1_HML-2_8q24.3b.fa|e3f0efafa02398255c85031ede49d6b194cb115edc9702fbe0d5519c8e39e2c6	0	0	NA	NA	NO_EXACT_RETAINED_RECORD				NOT_ASSESSED_NO_EXACT_RETAINED_RECORD				NONCARRIER_SENTINEL_OBSERVATION	AFR			
HML-2_8q24.3c	NA18906_pat_hprc_r2_v1.0.1_HML-2_8q24.3b	HML-2_8q24.3b	NA18906	pat	Successful_Empty_Site	HML-2_8q24.3b|NA18906|pat|none|historical_source/cluster/HML2_project/processed_loci/HML-2_8q24.3b/NA18906_pat_hprc_r2_v1.0.1_HML-2_8q24.3b.fa|670a47f6a8277970238691c72ea85b4e94bd39aef792adfac97a986048d8ad31	0	0	NA	NA	NO_EXACT_RETAINED_RECORD				NOT_ASSESSED_NO_EXACT_RETAINED_RECORD				NONCARRIER_SENTINEL_OBSERVATION	AFR			
HML-2_8q24.3c	NA18939_h1_HML-2_8q24.3b_technical_error	HML-2_8q24.3b	NA18939	h1	Validator_Script	HML-2_8q24.3b|NA18939|h1|none|NA|NA	0	0	NA	NA	NO_EXACT_RETAINED_RECORD				NOT_ASSESSED_NO_EXACT_RETAINED_RECORD				UNKNOWN_TECHNICAL	EAS			
HML-2_8q24.3c	NA18939_h2_HML-2_8q24.3b_technical_error	HML-2_8q24.3b	NA18939	h2	Validator_Script	HML-2_8q24.3b|NA18939|h2|none|NA|NA	0	0	NA	NA	NO_EXACT_RETAINED_RECORD				NOT_ASSESSED_NO_EXACT_RETAINED_RECORD				UNKNOWN_TECHNICAL	EAS			
HML-2_8q24.3c	NA18940_hap1_hprc_r2_v1.0.1_HML-2_8q24.3b	HML-2_8q24.3b	NA18940	h1	Successful_Empty_Site	HML-2_8q24.3b|NA18940|h1|none|historical_source/cluster/HML2_project/processed_loci/HML-2_8q24.3b/NA18940_hap1_hprc_r2_v1.0.1_HML-2_8q24.3b.fa|112e22aa38123d2e3865bfbcb419cf507e90f5acf51a3128c44e9d0074e35f2d	0	0	NA	NA	NO_EXACT_RETAINED_RECORD				NOT_ASSESSED_NO_EXACT_RETAINED_RECORD				NONCARRIER_SENTINEL_OBSERVATION	EAS			
HML-2_8q24.3c	NA18940_hap2_hprc_r2_v1.0.1_HML-2_8q24.3b	HML-2_8q24.3b	NA18940	h2	Successful_Empty_Site	HML-2_8q24.3b|NA18940|h2|none|historical_source/cluster/HML2_project/processed_loci/HML-2_8q24.3b/NA18940_hap2_hprc_r2_v1.0.1_HML-2_8q24.3b.fa|df7457d7a07b6cc70f88dd4a1956f71177912adfd64a12ba61d2aca37fe40d8e	0	0	NA	NA	NO_EXACT_RETAINED_RECORD				NOT_ASSESSED_NO_EXACT_RETAINED_RECORD				NONCARRIER_SENTINEL_OBSERVATION	EAS			
HML-2_8q24.3c	NA18943_hap1_hprc_r2_v1.0.1_HML-2_8q24.3b	HML-2_8q24.3b	NA18943	h1	Successful_Empty_Site	HML-2_8q24.3b|NA18943|h1|none|historical_source/cluster/HML2_project/processed_loci/HML-2_8q24.3b/NA18943_hap1_hprc_r2_v1.0.1_HML-2_8q24.3b.fa|12fbd5b62f0a78eba2d373641323a945facbd35562108b398e48369ecab344e6	0	0	NA	NA	NO_EXACT_RETAINED_RECORD				NOT_ASSESSED_NO_EXACT_RETAINED_RECORD				NONCARRIER_SENTINEL_OBSERVATION	EAS			
HML-2_8q24.3c	NA18943_hap2_hprc_r2_v1.0.1_HML-2_8q24.3b	HML-2_8q24.3b	NA18943	h2	Successful_Empty_Site	HML-2_8q24.3b|NA18943|h2|none|historical_source/cluster/HML2_project/processed_loci/HML-2_8q24.3b/NA18943_hap2_hprc_r2_v1.0.1_HML-2_8q24.3b.fa|8ac39f5cda7dbd2f1de2aa5ca569a86e2f97f357af56a2c9ff27b0440d315cad	0	0	NA	NA	NO_EXACT_RETAINED_RECORD				NOT_ASSESSED_NO_EXACT_RETAINED_RECORD				NONCARRIER_SENTINEL_OBSERVATION	EAS			
HML-2_8q24.3c	NA18944_hap1_hprc_r2_v1.0.1_HML-2_8q24.3b	HML-2_8q24.3b	NA18944	h1	Successful_Empty_Site	HML-2_8q24.3b|NA18944|h1|none|historical_source/cluster/HML2_project/processed_loci/HML-2_8q24.3b/NA18944_hap1_hprc_r2_v1.0.1_HML-2_8q24.3b.fa|a737fffe2e4ef15c985583ec2abe804fdedbe5404fc6bcb4352eeab5978006c5	0	0	NA	NA	NO_EXACT_RETAINED_RECORD				NOT_ASSESSED_NO_EXACT_RETAINED_RECORD				NONCARRIER_SENTINEL_OBSERVATION	EAS			
HML-2_8q24.3c	NA18944_hap2_hprc_r2_v1.0.1_HML-2_8q24.3b	HML-2_8q24.3b	NA18944	h2	Successful_Empty_Site	HML-2_8q24.3b|NA18944|h2|none|historical_source/cluster/HML2_project/processed_loci/HML-2_8q24.3b/NA18944_hap2_hprc_r2_v1.0.1_HML-2_8q24.3b.fa|85226027cf79e365d878aadaee5bf32d5fb14714b5a57b3cd3bd5ef4d1c32afc	0	0	NA	NA	NO_EXACT_RETAINED_RECORD				NOT_ASSESSED_NO_EXACT_RETAINED_RECORD				NONCARRIER_SENTINEL_OBSERVATION	EAS			
HML-2_8q24.3c	NA18945_hap1_hprc_r2_v1.0.1_HML-2_8q24.3b	HML-2_8q24.3b	NA18945	h1	Successful_Empty_Site	HML-2_8q24.3b|NA18945|h1|none|historical_source/cluster/HML2_project/processed_loci/HML-2_8q24.3b/NA18945_hap1_hprc_r2_v1.0.1_HML-2_8q24.3b.fa|e938368ac30f9ada36940cae27c5bd88b0b6ae3102d6c9b2aba339cad14e99dd	0	0	NA	NA	NO_EXACT_RETAINED_RECORD				NOT_ASSESSED_NO_EXACT_RETAINED_RECORD				NONCARRIER_SENTINEL_OBSERVATION	EAS			
HML-2_8q24.3c	NA18945_hap2_hprc_r2_v1.0.1_HML-2_8q24.3b	HML-2_8q24.3b	NA18945	h2	Successful_Empty_Site	HML-2_8q24.3b|NA18945|h2|none|historical_source/cluster/HML2_project/processed_loci/HML-2_8q24.3b/NA18945_hap2_hprc_r2_v1.0.1_HML-2_8q24.3b.fa|40d4cf631d844b1074b3e31389c2fb1f70ad68ecfa293fbbe2c0157f4d83a63c	0	0	NA	NA	NO_EXACT_RETAINED_RECORD				NOT_ASSESSED_NO_EXACT_RETAINED_RECORD				NONCARRIER_SENTINEL_OBSERVATION	EAS			
HML-2_8q24.3c	NA18948_hap1_hprc_r2_v1.0.1_HML-2_8q24.3b	HML-2_8q24.3b	NA18948	h1	Successful_Empty_Site	HML-2_8q24.3b|NA18948|h1|none|historical_source/cluster/HML2_project/processed_loci/HML-2_8q24.3b/NA18948_hap1_hprc_r2_v1.0.1_HML-2_8q24.3b.fa|31546038c5418ca446f26367769336e1579d6b1589a5e69f912d4c058e1fe802	0	0	NA	NA	NO_EXACT_RETAINED_RECORD				NOT_ASSESSED_NO_EXACT_RETAINED_RECORD				NONCARRIER_SENTINEL_OBSERVATION	EAS			
HML-2_8q24.3c	NA18948_hap2_hprc_r2_v1.0.1_HML-2_8q24.3b	HML-2_8q24.3b	NA18948	h2	Successful_Empty_Site	HML-2_8q24.3b|NA18948|h2|none|historical_source/cluster/HML2_project/processed_loci/HML-2_8q24.3b/NA18948_hap2_hprc_r2_v1.0.1_HML-2_8q24.3b.fa|fdc9a10f43dddd38a2bdf8c52aafcb235fd450f0c4553d8e94f6457ca21a81ac	0	0	NA	NA	NO_EXACT_RETAINED_RECORD				NOT_ASSESSED_NO_EXACT_RETAINED_RECORD				NONCARRIER_SENTINEL_OBSERVATION	EAS			
HML-2_8q24.3c	NA18952_hap1_hprc_r2_v1.0.1_HML-2_8q24.3b	HML-2_8q24.3b	NA18952	h1	Successful_Empty_Site	HML-2_8q24.3b|NA18952|h1|none|historical_source/cluster/HML2_project/processed_loci/HML-2_8q24.3b/NA18952_hap1_hprc_r2_v1.0.1_HML-2_8q24.3b.fa|3b73fb697bf95c75e52d81b15041f91fb3f9253e1e688f812b16ffc0e6ae5f5f	0	0	NA	NA	NO_EXACT_RETAINED_RECORD				NOT_ASSESSED_NO_EXACT_RETAINED_RECORD				NONCARRIER_SENTINEL_OBSERVATION	EAS			
HML-2_8q24.3c	NA18952_hap2_hprc_r2_v1.0.1_HML-2_8q24.3b	HML-2_8q24.3b	NA18952	h2	Successful_Empty_Site	HML-2_8q24.3b|NA18952|h2|none|historical_source/cluster/HML2_project/processed_loci/HML-2_8q24.3b/NA18952_hap2_hprc_r2_v1.0.1_HML-2_8q24.3b.fa|7625f5ec0e12b77a4e8d88cd634cc01e692dc90cc91f1c91d349e8e1901fcf2e	0	0	NA	NA	NO_EXACT_RETAINED_RECORD				NOT_ASSESSED_NO_EXACT_RETAINED_RECORD				NONCARRIER_SENTINEL_OBSERVATION	EAS			
HML-2_8q24.3c	NA18959_hap1_hprc_r2_v1.0.1_HML-2_8q24.3b	HML-2_8q24.3b	NA18959	h1	Successful_Empty_Site	HML-2_8q24.3b|NA18959|h1|none|historical_source/cluster/HML2_project/processed_loci/HML-2_8q24.3b/NA18959_hap1_hprc_r2_v1.0.1_HML-2_8q24.3b.fa|b0caa501e2be8b1d53dc9c4c212d6c350942bee796ef48da6f12f2af27d782e2	0	0	NA	NA	NO_EXACT_RETAINED_RECORD				NOT_ASSESSED_NO_EXACT_RETAINED_RECORD				NONCARRIER_SENTINEL_OBSERVATION	EAS			
HML-2_8q24.3c	NA18959_hap2_hprc_r2_v1.0.1_HML-2_8q24.3b	HML-2_8q24.3b	NA18959	h2	Successful_Empty_Site	HML-2_8q24.3b|NA18959|h2|none|historical_source/cluster/HML2_project/processed_loci/HML-2_8q24.3b/NA18959_hap2_hprc_r2_v1.0.1_HML-2_8q24.3b.fa|b6b6fa3141a79595d9878c6b23afc66eede5ecf86f93f826e3be522595a1b971	0	0	NA	NA	NO_EXACT_RETAINED_RECORD				NOT_ASSESSED_NO_EXACT_RETAINED_RECORD				NONCARRIER_SENTINEL_OBSERVATION	EAS			
HML-2_8q24.3c	NA18960_hap1_hprc_r2_v1.0.1_HML-2_8q24.3b	HML-2_8q24.3b	NA18960	h1	Successful_Empty_Site	HML-2_8q24.3b|NA18960|h1|none|historical_source/cluster/HML2_project/processed_loci/HML-2_8q24.3b/NA18960_hap1_hprc_r2_v1.0.1_HML-2_8q24.3b.fa|9f7e400f1396d6aa1eda77bb0cbd0fa6665a4de60af4d0a28c65a0653cc02680	0	0	NA	NA	NO_EXACT_RETAINED_RECORD				NOT_ASSESSED_NO_EXACT_RETAINED_RECORD				NONCARRIER_SENTINEL_OBSERVATION	EAS			
HML-2_8q24.3c	NA18960_hap2_hprc_r2_v1.0.1_HML-2_8q24.3b	HML-2_8q24.3b	NA18960	h2	Successful_Empty_Site	HML-2_8q24.3b|NA18960|h2|none|historical_source/cluster/HML2_project/processed_loci/HML-2_8q24.3b/NA18960_hap2_hprc_r2_v1.0.1_HML-2_8q24.3b.fa|7fb60eb37faa178574a3ac87e895fbeb1343ddd5ca9128cedc7e3003808ad623	0	0	NA	NA	NO_EXACT_RETAINED_RECORD				NOT_ASSESSED_NO_EXACT_RETAINED_RECORD				NONCARRIER_SENTINEL_OBSERVATION	EAS			
HML-2_8q24.3c	NA18967_hap1_hprc_r2_v1.0.1_HML-2_8q24.3b	HML-2_8q24.3b	NA18967	h1	Successful_Empty_Site	HML-2_8q24.3b|NA18967|h1|none|historical_source/cluster/HML2_project/processed_loci/HML-2_8q24.3b/NA18967_hap1_hprc_r2_v1.0.1_HML-2_8q24.3b.fa|68582ffe4da0eb355f9996859c6e2ba206dcbfa22c60370e136c83ecc9aacaae	0	0	NA	NA	NO_EXACT_RETAINED_RECORD				NOT_ASSESSED_NO_EXACT_RETAINED_RECORD				NONCARRIER_SENTINEL_OBSERVATION	EAS			
HML-2_8q24.3c	NA18967_hap2_hprc_r2_v1.0.1_HML-2_8q24.3b	HML-2_8q24.3b	NA18967	h2	Successful_Empty_Site	HML-2_8q24.3b|NA18967|h2|none|historical_source/cluster/HML2_project/processed_loci/HML-2_8q24.3b/NA18967_hap2_hprc_r2_v1.0.1_HML-2_8q24.3b.fa|fe43126f7e9b43f440b566ef4c8476be3738fc154f471c814a5a84e47051264a	0	0	NA	NA	NO_EXACT_RETAINED_RECORD				NOT_ASSESSED_NO_EXACT_RETAINED_RECORD				NONCARRIER_SENTINEL_OBSERVATION	EAS			
HML-2_8q24.3c	NA18970_hap1_hprc_r2_v1.0.1_HML-2_8q24.3b	HML-2_8q24.3b	NA18970	h1	Successful_Empty_Site	HML-2_8q24.3b|NA18970|h1|none|historical_source/cluster/HML2_project/processed_loci/HML-2_8q24.3b/NA18970_hap1_hprc_r2_v1.0.1_HML-2_8q24.3b.fa|cea34f90d2ca144e383e799b669d95b50f2235d3a21de3784a1f2a2c26bd741c	0	0	NA	NA	NO_EXACT_RETAINED_RECORD				NOT_ASSESSED_NO_EXACT_RETAINED_RECORD				NONCARRIER_SENTINEL_OBSERVATION	EAS			
HML-2_8q24.3c	NA18970_hap2_hprc_r2_v1.0.1_HML-2_8q24.3b	HML-2_8q24.3b	NA18970	h2	Successful_Empty_Site	HML-2_8q24.3b|NA18970|h2|none|historical_source/cluster/HML2_project/processed_loci/HML-2_8q24.3b/NA18970_hap2_hprc_r2_v1.0.1_HML-2_8q24.3b.fa|7130af54e8aee9c2c0522207a76a0bab7c88cb4ff247d9bab0bd613626f62431	0	0	NA	NA	NO_EXACT_RETAINED_RECORD				NOT_ASSESSED_NO_EXACT_RETAINED_RECORD				NONCARRIER_SENTINEL_OBSERVATION	EAS			
HML-2_8q24.3c	NA18971_hap1_hprc_r2_v1.0.1_HML-2_8q24.3b	HML-2_8q24.3b	NA18971	h1	Successful_Empty_Site	HML-2_8q24.3b|NA18971|h1|none|historical_source/cluster/HML2_project/processed_loci/HML-2_8q24.3b/NA18971_hap1_hprc_r2_v1.0.1_HML-2_8q24.3b.fa|3ee5ce50ac28c9f1c36f8458ae3f07e7c98a6346c2818005074b265eb57efdcd	0	0	NA	NA	NO_EXACT_RETAINED_RECORD				NOT_ASSESSED_NO_EXACT_RETAINED_RECORD				NONCARRIER_SENTINEL_OBSERVATION	EAS			
HML-2_8q24.3c	NA18971_hap2_hprc_r2_v1.0.1_HML-2_8q24.3b	HML-2_8q24.3b	NA18971	h2	Successful_Empty_Site	HML-2_8q24.3b|NA18971|h2|none|historical_source/cluster/HML2_project/processed_loci/HML-2_8q24.3b/NA18971_hap2_hprc_r2_v1.0.1_HML-2_8q24.3b.fa|4ead1308a32bac49b0eafc82fa66a199d153955d53e471a6139c69a2bab5f87b	0	0	NA	NA	NO_EXACT_RETAINED_RECORD				NOT_ASSESSED_NO_EXACT_RETAINED_RECORD				NONCARRIER_SENTINEL_OBSERVATION	EAS			
HML-2_8q24.3c	NA18974_hap1_hprc_r2_v1.0.1_HML-2_8q24.3b	HML-2_8q24.3b	NA18974	h1	Successful_Empty_Site	HML-2_8q24.3b|NA18974|h1|none|historical_source/cluster/HML2_project/processed_loci/HML-2_8q24.3b/NA18974_hap1_hprc_r2_v1.0.1_HML-2_8q24.3b.fa|0f9f96c620fa2c29256f489413b7676b0696d7f62ad0be2bc87b352d9495616a	0	0	NA	NA	NO_EXACT_RETAINED_RECORD				NOT_ASSESSED_NO_EXACT_RETAINED_RECORD				NONCARRIER_SENTINEL_OBSERVATION	EAS			
HML-2_8q24.3c	NA18974_hap2_hprc_r2_v1.0.1_HML-2_8q24.3b	HML-2_8q24.3b	NA18974	h2	Successful_Empty_Site	HML-2_8q24.3b|NA18974|h2|none|historical_source/cluster/HML2_project/processed_loci/HML-2_8q24.3b/NA18974_hap2_hprc_r2_v1.0.1_HML-2_8q24.3b.fa|e05db509ae81d1b606d5c2afd75269a5f4fef915cc9b3ee38a9664634dafb894	0	0	NA	NA	NO_EXACT_RETAINED_RECORD				NOT_ASSESSED_NO_EXACT_RETAINED_RECORD				NONCARRIER_SENTINEL_OBSERVATION	EAS			
HML-2_8q24.3c	NA18976_hap1_hprc_r2_v1.0.1_HML-2_8q24.3b	HML-2_8q24.3b	NA18976	h1	Successful_Empty_Site	HML-2_8q24.3b|NA18976|h1|none|historical_source/cluster/HML2_project/processed_loci/HML-2_8q24.3b/NA18976_hap1_hprc_r2_v1.0.1_HML-2_8q24.3b.fa|a5f18771b3ab35ced2e4fc08a28de016e353a53070d70d367dc8a3a851295deb	0	0	NA	NA	NO_EXACT_RETAINED_RECORD				NOT_ASSESSED_NO_EXACT_RETAINED_RECORD				NONCARRIER_SENTINEL_OBSERVATION	EAS			
HML-2_8q24.3c	NA18976_hap2_hprc_r2_v1.0.1_HML-2_8q24.3b	HML-2_8q24.3b	NA18976	h2	Successful_Empty_Site	HML-2_8q24.3b|NA18976|h2|none|historical_source/cluster/HML2_project/processed_loci/HML-2_8q24.3b/NA18976_hap2_hprc_r2_v1.0.1_HML-2_8q24.3b.fa|06ebd7797b3e795640b26b49fefc4184ab8fdbdcddd73391d875e668557485e8	0	0	NA	NA	NO_EXACT_RETAINED_RECORD				NOT_ASSESSED_NO_EXACT_RETAINED_RECORD				NONCARRIER_SENTINEL_OBSERVATION	EAS			
HML-2_8q24.3c	NA18982_hap1_hprc_r2_v1.0.1_HML-2_8q24.3b	HML-2_8q24.3b	NA18982	h1	Successful_Empty_Site	HML-2_8q24.3b|NA18982|h1|none|historical_source/cluster/HML2_project/processed_loci/HML-2_8q24.3b/NA18982_hap1_hprc_r2_v1.0.1_HML-2_8q24.3b.fa|613b01c60ca18d965727c039a8e26b5fd45890fe1d30bdc97687f324de50d2da	0	0	NA	NA	NO_EXACT_RETAINED_RECORD				NOT_ASSESSED_NO_EXACT_RETAINED_RECORD				NONCARRIER_SENTINEL_OBSERVATION	EAS			
HML-2_8q24.3c	NA18982_hap2_hprc_r2_v1.0.1_HML-2_8q24.3b	HML-2_8q24.3b	NA18982	h2	Successful_Empty_Site	HML-2_8q24.3b|NA18982|h2|none|historical_source/cluster/HML2_project/processed_loci/HML-2_8q24.3b/NA18982_hap2_hprc_r2_v1.0.1_HML-2_8q24.3b.fa|1f562c68fcd0e25f1f6f5b5fbddf56ea683b56d6af352896d28c99b79af0ee88	0	0	NA	NA	NO_EXACT_RETAINED_RECORD				NOT_ASSESSED_NO_EXACT_RETAINED_RECORD				NONCARRIER_SENTINEL_OBSERVATION	EAS			
HML-2_8q24.3c	NA18983_hap1_hprc_r2_v1.0.1_HML-2_8q24.3b	HML-2_8q24.3b	NA18983	h1	Successful_Empty_Site	HML-2_8q24.3b|NA18983|h1|none|historical_source/cluster/HML2_project/processed_loci/HML-2_8q24.3b/NA18983_hap1_hprc_r2_v1.0.1_HML-2_8q24.3b.fa|3798f386b14ba678d5244842f6e22214ca28f3970214a30e01b25e09eace7af8	0	0	NA	NA	NO_EXACT_RETAINED_RECORD				NOT_ASSESSED_NO_EXACT_RETAINED_RECORD				NONCARRIER_SENTINEL_OBSERVATION	EAS			
HML-2_8q24.3c	NA18983_hap2_hprc_r2_v1.0.1_HML-2_8q24.3b	HML-2_8q24.3b	NA18983	h2	Successful_Empty_Site	HML-2_8q24.3b|NA18983|h2|none|historical_source/cluster/HML2_project/processed_loci/HML-2_8q24.3b/NA18983_hap2_hprc_r2_v1.0.1_HML-2_8q24.3b.fa|e74f337ddf960cc6f70984f4c0212092da558490e9d6807c0b3ba23b18c57c18	0	0	NA	NA	NO_EXACT_RETAINED_RECORD				NOT_ASSESSED_NO_EXACT_RETAINED_RECORD				NONCARRIER_SENTINEL_OBSERVATION	EAS			
HML-2_8q24.3c	NA18989_h1_HML-2_8q24.3b_technical_error	HML-2_8q24.3b	NA18989	h1	Validator_Script	HML-2_8q24.3b|NA18989|h1|none|NA|NA	0	0	NA	NA	NO_EXACT_RETAINED_RECORD				NOT_ASSESSED_NO_EXACT_RETAINED_RECORD				UNKNOWN_TECHNICAL	EAS			
HML-2_8q24.3c	NA18989_h2_HML-2_8q24.3b_technical_error	HML-2_8q24.3b	NA18989	h2	Validator_Script	HML-2_8q24.3b|NA18989|h2|none|NA|NA	0	0	NA	NA	NO_EXACT_RETAINED_RECORD				NOT_ASSESSED_NO_EXACT_RETAINED_RECORD				UNKNOWN_TECHNICAL	EAS			
HML-2_8q24.3c	NA19036_hap1_hprc_r2_v1.0.1_HML-2_8q24.3b	HML-2_8q24.3b	NA19036	h1	Successful_Empty_Site	HML-2_8q24.3b|NA19036|h1|none|historical_source/cluster/HML2_project/processed_loci/HML-2_8q24.3b/NA19036_hap1_hprc_r2_v1.0.1_HML-2_8q24.3b.fa|839a62a674c5e9ed416443640c3af93f120d995b3fcc84d0bc5aa9b3eed56e8d	0	0	NA	NA	NO_EXACT_RETAINED_RECORD				NOT_ASSESSED_NO_EXACT_RETAINED_RECORD				NONCARRIER_SENTINEL_OBSERVATION	AFR			
HML-2_8q24.3c	NA19036_hap2_hprc_r2_v1.0.1_HML-2_8q24.3b	HML-2_8q24.3b	NA19036	h2	Successful_Empty_Site	HML-2_8q24.3b|NA19036|h2|none|historical_source/cluster/HML2_project/processed_loci/HML-2_8q24.3b/NA19036_hap2_hprc_r2_v1.0.1_HML-2_8q24.3b.fa|1e0ddedf29f03d1bbe55b53979553bb0a1b62cada9a00bb094da1b878be7627f	0	0	NA	NA	NO_EXACT_RETAINED_RECORD				NOT_ASSESSED_NO_EXACT_RETAINED_RECORD				NONCARRIER_SENTINEL_OBSERVATION	AFR			
HML-2_8q24.3c	NA19043_hap1_hprc_r2_v1.0.1_HML-2_8q24.3b	HML-2_8q24.3b	NA19043	h1	Successful_Empty_Site	HML-2_8q24.3b|NA19043|h1|none|historical_source/cluster/HML2_project/processed_loci/HML-2_8q24.3b/NA19043_hap1_hprc_r2_v1.0.1_HML-2_8q24.3b.fa|c91fd45bba7a24da748c0f57e0830eee034c54feda4b70104d63169009c3a479	0	0	NA	NA	NO_EXACT_RETAINED_RECORD				NOT_ASSESSED_NO_EXACT_RETAINED_RECORD				NONCARRIER_SENTINEL_OBSERVATION	AFR			
HML-2_8q24.3c	NA19043_hap2_hprc_r2_v1.0.1_HML-2_8q24.3b	HML-2_8q24.3b	NA19043	h2	Successful_Empty_Site	HML-2_8q24.3b|NA19043|h2|none|historical_source/cluster/HML2_project/processed_loci/HML-2_8q24.3b/NA19043_hap2_hprc_r2_v1.0.1_HML-2_8q24.3b.fa|3ab8a891f8fb499588f75a9ba584b9dae1c65504aedc4217b8a8058e2f18648b	0	0	NA	NA	NO_EXACT_RETAINED_RECORD				NOT_ASSESSED_NO_EXACT_RETAINED_RECORD				NONCARRIER_SENTINEL_OBSERVATION	AFR			
HML-2_8q24.3c	NA19087_hap1_hprc_r2_v1.0.1_HML-2_8q24.3b	HML-2_8q24.3b	NA19087	h1	Successful_Empty_Site	HML-2_8q24.3b|NA19087|h1|none|historical_source/cluster/HML2_project/processed_loci/HML-2_8q24.3b/NA19087_hap1_hprc_r2_v1.0.1_HML-2_8q24.3b.fa|0274d70aeb753c92d6a3df6987f0f11796df5d94396ad57ad2bfa019993d89b5	0	0	NA	NA	NO_EXACT_RETAINED_RECORD				NOT_ASSESSED_NO_EXACT_RETAINED_RECORD				NONCARRIER_SENTINEL_OBSERVATION	EAS			
HML-2_8q24.3c	NA19087_hap2_hprc_r2_v1.0.1_HML-2_8q24.3b	HML-2_8q24.3b	NA19087	h2	Successful_Empty_Site	HML-2_8q24.3b|NA19087|h2|none|historical_source/cluster/HML2_project/processed_loci/HML-2_8q24.3b/NA19087_hap2_hprc_r2_v1.0.1_HML-2_8q24.3b.fa|7c3b407358034e9c97d82c1ea4950e4c43ce41ae62d9568edad155b8f71fe1bd	0	0	NA	NA	NO_EXACT_RETAINED_RECORD				NOT_ASSESSED_NO_EXACT_RETAINED_RECORD				NONCARRIER_SENTINEL_OBSERVATION	EAS			
HML-2_8q24.3c	NA19129_h1_HML-2_8q24.3b_technical_error	HML-2_8q24.3b	NA19129	h1	Validator_Script	HML-2_8q24.3b|NA19129|h1|none|NA|NA	0	0	NA	NA	NO_EXACT_RETAINED_RECORD				NOT_ASSESSED_NO_EXACT_RETAINED_RECORD				UNKNOWN_TECHNICAL	AFR			
HML-2_8q24.3c	NA19129_h2_HML-2_8q24.3b_technical_error	HML-2_8q24.3b	NA19129	h2	Validator_Script	HML-2_8q24.3b|NA19129|h2|none|NA|NA	0	0	NA	NA	NO_EXACT_RETAINED_RECORD				NOT_ASSESSED_NO_EXACT_RETAINED_RECORD				UNKNOWN_TECHNICAL	AFR			
HML-2_8q24.3c	NA19159_hap1_hprc_r2_v1.0.1_HML-2_8q24.3b	HML-2_8q24.3b	NA19159	h1	Successful_Empty_Site	HML-2_8q24.3b|NA19159|h1|none|historical_source/cluster/HML2_project/processed_loci/HML-2_8q24.3b/NA19159_hap1_hprc_r2_v1.0.1_HML-2_8q24.3b.fa|02f3eb79ac945eb46092626721ae06e63fb0e9459c5512303cb398069e9210e4	0	0	NA	NA	NO_EXACT_RETAINED_RECORD				NOT_ASSESSED_NO_EXACT_RETAINED_RECORD				NONCARRIER_SENTINEL_OBSERVATION	AFR			
HML-2_8q24.3c	NA19159_hap2_hprc_r2_v1.0.1_HML-2_8q24.3b	HML-2_8q24.3b	NA19159	h2	Successful_Empty_Site	HML-2_8q24.3b|NA19159|h2|none|historical_source/cluster/HML2_project/processed_loci/HML-2_8q24.3b/NA19159_hap2_hprc_r2_v1.0.1_HML-2_8q24.3b.fa|97debcca14804ab7a1c98627869aae837948ff7bc9e175ce87a1a4fa64c330d1	0	0	NA	NA	NO_EXACT_RETAINED_RECORD				NOT_ASSESSED_NO_EXACT_RETAINED_RECORD				NONCARRIER_SENTINEL_OBSERVATION	AFR			
HML-2_8q24.3c	NA19185_hap1_hprc_r2_v1.0.1_HML-2_8q24.3b	HML-2_8q24.3b	NA19185	h1	Successful_Empty_Site	HML-2_8q24.3b|NA19185|h1|none|historical_source/cluster/HML2_project/processed_loci/HML-2_8q24.3b/NA19185_hap1_hprc_r2_v1.0.1_HML-2_8q24.3b.fa|b00e114557d838c92e1008ba27222a40152895ef5f5cddad140bfc3e2e102a63	0	0	NA	NA	NO_EXACT_RETAINED_RECORD				NOT_ASSESSED_NO_EXACT_RETAINED_RECORD				NONCARRIER_SENTINEL_OBSERVATION	AFR			
HML-2_8q24.3c	NA19185_hap2_hprc_r2_v1.0.1_HML-2_8q24.3b	HML-2_8q24.3b	NA19185	h2	Successful_Empty_Site	HML-2_8q24.3b|NA19185|h2|none|historical_source/cluster/HML2_project/processed_loci/HML-2_8q24.3b/NA19185_hap2_hprc_r2_v1.0.1_HML-2_8q24.3b.fa|c53dec407f3d33bf9de2df7154933afbd0b21eacfb7d8c3281a44af51706c1ec	0	0	NA	NA	NO_EXACT_RETAINED_RECORD				NOT_ASSESSED_NO_EXACT_RETAINED_RECORD				NONCARRIER_SENTINEL_OBSERVATION	AFR			
HML-2_8q24.3c	NA19238_h1_HML-2_8q24.3b_technical_error	HML-2_8q24.3b	NA19238	h1	Validator_Script	HML-2_8q24.3b|NA19238|h1|none|NA|NA	0	0	NA	NA	NO_EXACT_RETAINED_RECORD				NOT_ASSESSED_NO_EXACT_RETAINED_RECORD				UNKNOWN_TECHNICAL	AFR			
HML-2_8q24.3c	NA19238_h2_HML-2_8q24.3b_technical_error	HML-2_8q24.3b	NA19238	h2	Validator_Script	HML-2_8q24.3b|NA19238|h2|none|NA|NA	0	0	NA	NA	NO_EXACT_RETAINED_RECORD				NOT_ASSESSED_NO_EXACT_RETAINED_RECORD				UNKNOWN_TECHNICAL	AFR			
HML-2_8q24.3c	NA19239_h1_HML-2_8q24.3b_technical_error	HML-2_8q24.3b	NA19239	h1	Validator_Script	HML-2_8q24.3b|NA19239|h1|none|NA|NA	0	0	NA	NA	NO_EXACT_RETAINED_RECORD				NOT_ASSESSED_NO_EXACT_RETAINED_RECORD				UNKNOWN_TECHNICAL	AFR			
HML-2_8q24.3c	NA19239_h2_HML-2_8q24.3b_technical_error	HML-2_8q24.3b	NA19239	h2	Validator_Script	HML-2_8q24.3b|NA19239|h2|none|NA|NA	0	0	NA	NA	NO_EXACT_RETAINED_RECORD				NOT_ASSESSED_NO_EXACT_RETAINED_RECORD				UNKNOWN_TECHNICAL	AFR			
HML-2_8q24.3c	NA19240_mat_hprc_r2_v1.0.1_HML-2_8q24.3b	HML-2_8q24.3b	NA19240	mat	Successful_Empty_Site	HML-2_8q24.3b|NA19240|mat|none|historical_source/cluster/HML2_project/processed_loci/HML-2_8q24.3b/NA19240_mat_hprc_r2_v1.0.1_HML-2_8q24.3b.fa|5c54e0ef4c5de0a30f6144a8b1c5b79f4d28da809ddf8a9181a33c0ad1aa30f8	0	0	NA	NA	NO_EXACT_RETAINED_RECORD				NOT_ASSESSED_NO_EXACT_RETAINED_RECORD				NONCARRIER_SENTINEL_OBSERVATION	AFR			
HML-2_8q24.3c	NA19240_pat_hprc_r2_v1.0.1_HML-2_8q24.3b	HML-2_8q24.3b	NA19240	pat	Successful_Empty_Site	HML-2_8q24.3b|NA19240|pat|none|historical_source/cluster/HML2_project/processed_loci/HML-2_8q24.3b/NA19240_pat_hprc_r2_v1.0.1_HML-2_8q24.3b.fa|c8112c699752ba4ff597dcfeb84cf49d1402d4f8de25db8f49e3e4844d5ae8ae	0	0	NA	NA	NO_EXACT_RETAINED_RECORD				NOT_ASSESSED_NO_EXACT_RETAINED_RECORD				NONCARRIER_SENTINEL_OBSERVATION	AFR			
HML-2_8q24.3c	NA19317_h1_HML-2_8q24.3b_technical_error	HML-2_8q24.3b	NA19317	h1	Validator_Script	HML-2_8q24.3b|NA19317|h1|none|NA|NA	0	0	NA	NA	NO_EXACT_RETAINED_RECORD				NOT_ASSESSED_NO_EXACT_RETAINED_RECORD				UNKNOWN_TECHNICAL	AFR			
HML-2_8q24.3c	NA19317_h2_HML-2_8q24.3b_technical_error	HML-2_8q24.3b	NA19317	h2	Validator_Script	HML-2_8q24.3b|NA19317|h2|none|NA|NA	0	0	NA	NA	NO_EXACT_RETAINED_RECORD				NOT_ASSESSED_NO_EXACT_RETAINED_RECORD				UNKNOWN_TECHNICAL	AFR			
HML-2_8q24.3c	NA19331_h1_HML-2_8q24.3b_technical_error	HML-2_8q24.3b	NA19331	h1	Validator_Script	HML-2_8q24.3b|NA19331|h1|none|NA|NA	0	0	NA	NA	NO_EXACT_RETAINED_RECORD				NOT_ASSESSED_NO_EXACT_RETAINED_RECORD				UNKNOWN_TECHNICAL	AFR			
HML-2_8q24.3c	NA19331_h2_HML-2_8q24.3b_technical_error	HML-2_8q24.3b	NA19331	h2	Validator_Script	HML-2_8q24.3b|NA19331|h2|none|NA|NA	0	0	NA	NA	NO_EXACT_RETAINED_RECORD				NOT_ASSESSED_NO_EXACT_RETAINED_RECORD				UNKNOWN_TECHNICAL	AFR			
HML-2_8q24.3c	NA19338_hap1_hprc_r2_v1.0.1_HML-2_8q24.3b	HML-2_8q24.3b	NA19338	h1	Successful_Empty_Site	HML-2_8q24.3b|NA19338|h1|none|historical_source/cluster/HML2_project/processed_loci/HML-2_8q24.3b/NA19338_hap1_hprc_r2_v1.0.1_HML-2_8q24.3b.fa|8f36dcdd0d2ace36caf887d2b4df06e6d8b832d7945a1ab327c165cadf58d81e	0	0	NA	NA	NO_EXACT_RETAINED_RECORD				NOT_ASSESSED_NO_EXACT_RETAINED_RECORD				NONCARRIER_SENTINEL_OBSERVATION	AFR			
HML-2_8q24.3c	NA19338_hap2_hprc_r2_v1.0.1_HML-2_8q24.3b	HML-2_8q24.3b	NA19338	h2	Successful_Empty_Site	HML-2_8q24.3b|NA19338|h2|none|historical_source/cluster/HML2_project/processed_loci/HML-2_8q24.3b/NA19338_hap2_hprc_r2_v1.0.1_HML-2_8q24.3b.fa|6e4db2dbb520bc1e2338ee4f2b642ac01f6e43a6e110105b6a2d63b6fb5bb4b0	0	0	NA	NA	NO_EXACT_RETAINED_RECORD				NOT_ASSESSED_NO_EXACT_RETAINED_RECORD				NONCARRIER_SENTINEL_OBSERVATION	AFR			
HML-2_8q24.3c	NA19347_h1_HML-2_8q24.3b_technical_error	HML-2_8q24.3b	NA19347	h1	Validator_Script	HML-2_8q24.3b|NA19347|h1|none|NA|NA	0	0	NA	NA	NO_EXACT_RETAINED_RECORD				NOT_ASSESSED_NO_EXACT_RETAINED_RECORD				UNKNOWN_TECHNICAL	AFR			
HML-2_8q24.3c	NA19347_h2_HML-2_8q24.3b_technical_error	HML-2_8q24.3b	NA19347	h2	Validator_Script	HML-2_8q24.3b|NA19347|h2|none|NA|NA	0	0	NA	NA	NO_EXACT_RETAINED_RECORD				NOT_ASSESSED_NO_EXACT_RETAINED_RECORD				UNKNOWN_TECHNICAL	AFR			
HML-2_8q24.3c	NA19384_h1_HML-2_8q24.3b_technical_error	HML-2_8q24.3b	NA19384	h1	Validator_Script	HML-2_8q24.3b|NA19384|h1|none|NA|NA	0	0	NA	NA	NO_EXACT_RETAINED_RECORD				NOT_ASSESSED_NO_EXACT_RETAINED_RECORD				UNKNOWN_TECHNICAL	AFR			
HML-2_8q24.3c	NA19384_h2_HML-2_8q24.3b_technical_error	HML-2_8q24.3b	NA19384	h2	Validator_Script	HML-2_8q24.3b|NA19384|h2|none|NA|NA	0	0	NA	NA	NO_EXACT_RETAINED_RECORD				NOT_ASSESSED_NO_EXACT_RETAINED_RECORD				UNKNOWN_TECHNICAL	AFR			
HML-2_8q24.3c	NA19391_hap1_hprc_r2_v1.0.1_HML-2_8q24.3b	HML-2_8q24.3b	NA19391	h1	Successful_Empty_Site	HML-2_8q24.3b|NA19391|h1|none|historical_source/cluster/HML2_project/processed_loci/HML-2_8q24.3b/NA19391_hap1_hprc_r2_v1.0.1_HML-2_8q24.3b.fa|f45d380063247e1fa4ab074ac06cc55908ba60b16ca740e0231e0bfdb0315cce	0	0	NA	NA	NO_EXACT_RETAINED_RECORD				NOT_ASSESSED_NO_EXACT_RETAINED_RECORD				NONCARRIER_SENTINEL_OBSERVATION	AFR			
HML-2_8q24.3c	NA19391_hap2_hprc_r2_v1.0.1_HML-2_8q24.3b	HML-2_8q24.3b	NA19391	h2	Successful_Empty_Site	HML-2_8q24.3b|NA19391|h2|none|historical_source/cluster/HML2_project/processed_loci/HML-2_8q24.3b/NA19391_hap2_hprc_r2_v1.0.1_HML-2_8q24.3b.fa|0d98d14585655f7aec3c0b55550f1fa59f19095ebc38e56d36ccc7f4e320ca46	0	0	NA	NA	NO_EXACT_RETAINED_RECORD				NOT_ASSESSED_NO_EXACT_RETAINED_RECORD				NONCARRIER_SENTINEL_OBSERVATION	AFR			
HML-2_8q24.3c	NA19434_h1_HML-2_8q24.3b_technical_error	HML-2_8q24.3b	NA19434	h1	Validator_Script	HML-2_8q24.3b|NA19434|h1|none|NA|NA	0	0	NA	NA	NO_EXACT_RETAINED_RECORD				NOT_ASSESSED_NO_EXACT_RETAINED_RECORD				UNKNOWN_TECHNICAL	AFR			
HML-2_8q24.3c	NA19434_h2_HML-2_8q24.3b_technical_error	HML-2_8q24.3b	NA19434	h2	Validator_Script	HML-2_8q24.3b|NA19434|h2|none|NA|NA	0	0	NA	NA	NO_EXACT_RETAINED_RECORD				NOT_ASSESSED_NO_EXACT_RETAINED_RECORD				UNKNOWN_TECHNICAL	AFR			
HML-2_8q24.3c	NA19443_hap1_hprc_r2_v1.0.1_HML-2_8q24.3b	HML-2_8q24.3b	NA19443	h1	Successful_Empty_Site	HML-2_8q24.3b|NA19443|h1|none|historical_source/cluster/HML2_project/processed_loci/HML-2_8q24.3b/NA19443_hap1_hprc_r2_v1.0.1_HML-2_8q24.3b.fa|eff010b8017f4f719c5974af4826d2cb7089e90bdd9767af6e533bd99dae785b	0	0	NA	NA	NO_EXACT_RETAINED_RECORD				NOT_ASSESSED_NO_EXACT_RETAINED_RECORD				NONCARRIER_SENTINEL_OBSERVATION	AFR			
HML-2_8q24.3c	NA19443_hap2_hprc_r2_v1.0.1_HML-2_8q24.3b	HML-2_8q24.3b	NA19443	h2	Successful_Empty_Site	HML-2_8q24.3b|NA19443|h2|none|historical_source/cluster/HML2_project/processed_loci/HML-2_8q24.3b/NA19443_hap2_hprc_r2_v1.0.1_HML-2_8q24.3b.fa|dabd1715889a54b30966eac94a1b057e28eeb7f7865f9146f0ea0982a1e09669	0	0	NA	NA	NO_EXACT_RETAINED_RECORD				NOT_ASSESSED_NO_EXACT_RETAINED_RECORD				NONCARRIER_SENTINEL_OBSERVATION	AFR			
HML-2_8q24.3c	NA19468_hap1_hprc_r2_v1.0.1_HML-2_8q24.3b	HML-2_8q24.3b	NA19468	h1	Successful_Empty_Site	HML-2_8q24.3b|NA19468|h1|none|historical_source/cluster/HML2_project/processed_loci/HML-2_8q24.3b/NA19468_hap1_hprc_r2_v1.0.1_HML-2_8q24.3b.fa|5a16890dc92eac93d74c545e2da873801a02ab3a33507262340a7e3531e57574	0	0	NA	NA	NO_EXACT_RETAINED_RECORD				NOT_ASSESSED_NO_EXACT_RETAINED_RECORD				NONCARRIER_SENTINEL_OBSERVATION	AFR			
HML-2_8q24.3c	NA19468_hap2_hprc_r2_v1.0.1_HML-2_8q24.3b	HML-2_8q24.3b	NA19468	h2	Successful_Empty_Site	HML-2_8q24.3b|NA19468|h2|none|historical_source/cluster/HML2_project/processed_loci/HML-2_8q24.3b/NA19468_hap2_hprc_r2_v1.0.1_HML-2_8q24.3b.fa|b59c8779d337a4c63a1ebe70f3db0e09c50e597e54c1b29c92acaa7a3619a4f6	0	0	NA	NA	NO_EXACT_RETAINED_RECORD				NOT_ASSESSED_NO_EXACT_RETAINED_RECORD				NONCARRIER_SENTINEL_OBSERVATION	AFR			
HML-2_8q24.3c	NA19650_h1_HML-2_8q24.3b_technical_error	HML-2_8q24.3b	NA19650	h1	Validator_Script	HML-2_8q24.3b|NA19650|h1|none|NA|NA	0	0	NA	NA	NO_EXACT_RETAINED_RECORD				NOT_ASSESSED_NO_EXACT_RETAINED_RECORD				UNKNOWN_TECHNICAL	AMR			
HML-2_8q24.3c	NA19650_h2_HML-2_8q24.3b_technical_error	HML-2_8q24.3b	NA19650	h2	Validator_Script	HML-2_8q24.3b|NA19650|h2|none|NA|NA	0	0	NA	NA	NO_EXACT_RETAINED_RECORD				NOT_ASSESSED_NO_EXACT_RETAINED_RECORD				UNKNOWN_TECHNICAL	AMR			
HML-2_8q24.3c	NA19682_hap1_hprc_r2_v1.0.1_HML-2_8q24.3b	HML-2_8q24.3b	NA19682	h1	Successful_Empty_Site	HML-2_8q24.3b|NA19682|h1|none|historical_source/cluster/HML2_project/processed_loci/HML-2_8q24.3b/NA19682_hap1_hprc_r2_v1.0.1_HML-2_8q24.3b.fa|e9801cc731437827855b2a4f523c5dc245629fc7a44ede0343c387dd9538d249	0	0	NA	NA	NO_EXACT_RETAINED_RECORD				NOT_ASSESSED_NO_EXACT_RETAINED_RECORD				NONCARRIER_SENTINEL_OBSERVATION	AMR			
HML-2_8q24.3c	NA19682_hap2_hprc_r2_v1.0.1_HML-2_8q24.3b	HML-2_8q24.3b	NA19682	h2	Successful_Empty_Site	HML-2_8q24.3b|NA19682|h2|none|historical_source/cluster/HML2_project/processed_loci/HML-2_8q24.3b/NA19682_hap2_hprc_r2_v1.0.1_HML-2_8q24.3b.fa|8ee39212c99a7275550f12fa2d788f6155f4293d1fffc506917ecfc236f24319	0	0	NA	NA	NO_EXACT_RETAINED_RECORD				NOT_ASSESSED_NO_EXACT_RETAINED_RECORD				NONCARRIER_SENTINEL_OBSERVATION	AMR			
HML-2_8q24.3c	NA19700_hap1_hprc_r2_v1.0.1_HML-2_8q24.3b	HML-2_8q24.3b	NA19700	h1	Successful_Empty_Site	HML-2_8q24.3b|NA19700|h1|none|historical_source/cluster/HML2_project/processed_loci/HML-2_8q24.3b/NA19700_hap1_hprc_r2_v1.0.1_HML-2_8q24.3b.fa|2f2309fea07b927facbc3996793e768e01c983cc8feb0c481cd06f3dd97bb5c8	0	0	NA	NA	NO_EXACT_RETAINED_RECORD				NOT_ASSESSED_NO_EXACT_RETAINED_RECORD				NONCARRIER_SENTINEL_OBSERVATION	AFR			
HML-2_8q24.3c	NA19700_hap2_hprc_r2_v1.0.1_HML-2_8q24.3b	HML-2_8q24.3b	NA19700	h2	Successful_Empty_Site	HML-2_8q24.3b|NA19700|h2|none|historical_source/cluster/HML2_project/processed_loci/HML-2_8q24.3b/NA19700_hap2_hprc_r2_v1.0.1_HML-2_8q24.3b.fa|6f7f70638345b721c02dc8eb70767f7c2650eb1296fdbca799769bc8cd18916c	0	0	NA	NA	NO_EXACT_RETAINED_RECORD				NOT_ASSESSED_NO_EXACT_RETAINED_RECORD				NONCARRIER_SENTINEL_OBSERVATION	AFR			
HML-2_8q24.3c	NA19705_h1_HML-2_8q24.3b_technical_error	HML-2_8q24.3b	NA19705	h1	Validator_Script	HML-2_8q24.3b|NA19705|h1|none|NA|NA	0	0	NA	NA	NO_EXACT_RETAINED_RECORD				NOT_ASSESSED_NO_EXACT_RETAINED_RECORD				UNKNOWN_TECHNICAL	AFR			
HML-2_8q24.3c	NA19705_h2_HML-2_8q24.3b_technical_error	HML-2_8q24.3b	NA19705	h2	Validator_Script	HML-2_8q24.3b|NA19705|h2|none|NA|NA	0	0	NA	NA	NO_EXACT_RETAINED_RECORD				NOT_ASSESSED_NO_EXACT_RETAINED_RECORD				UNKNOWN_TECHNICAL	AFR			
HML-2_8q24.3c	NA19776_hap1_hprc_r2_v1.0.1_HML-2_8q24.3b	HML-2_8q24.3b	NA19776	h1	Successful_Empty_Site	HML-2_8q24.3b|NA19776|h1|none|historical_source/cluster/HML2_project/processed_loci/HML-2_8q24.3b/NA19776_hap1_hprc_r2_v1.0.1_HML-2_8q24.3b.fa|c0b80d4c0ea1ef4325bda9cdccd93afcc781a78a91e9ec62befe96d209d9c31e	0	0	NA	NA	NO_EXACT_RETAINED_RECORD				NOT_ASSESSED_NO_EXACT_RETAINED_RECORD				NONCARRIER_SENTINEL_OBSERVATION	AMR			
HML-2_8q24.3c	NA19776_hap2_hprc_r2_v1.0.1_HML-2_8q24.3b	HML-2_8q24.3b	NA19776	h2	Successful_Empty_Site	HML-2_8q24.3b|NA19776|h2|none|historical_source/cluster/HML2_project/processed_loci/HML-2_8q24.3b/NA19776_hap2_hprc_r2_v1.0.1_HML-2_8q24.3b.fa|bc4378211211c20c7995f42c8cd692a7ec1ae2ea28c750355e50e9980e53c70d	0	0	NA	NA	NO_EXACT_RETAINED_RECORD				NOT_ASSESSED_NO_EXACT_RETAINED_RECORD				NONCARRIER_SENTINEL_OBSERVATION	AMR			
HML-2_8q24.3c	NA19835_hap1_hprc_r2_v1.0.1_HML-2_8q24.3b	HML-2_8q24.3b	NA19835	h1	Successful_Empty_Site	HML-2_8q24.3b|NA19835|h1|none|historical_source/cluster/HML2_project/processed_loci/HML-2_8q24.3b/NA19835_hap1_hprc_r2_v1.0.1_HML-2_8q24.3b.fa|b064b81b3ff3c2ad52fea6b5be8c821a9b018ea9242b240a8e9c90aff4c0f742	0	0	NA	NA	NO_EXACT_RETAINED_RECORD				NOT_ASSESSED_NO_EXACT_RETAINED_RECORD				NONCARRIER_SENTINEL_OBSERVATION	AFR			
HML-2_8q24.3c	NA19835_hap2_hprc_r2_v1.0.1_HML-2_8q24.3b	HML-2_8q24.3b	NA19835	h2	Successful_Empty_Site	HML-2_8q24.3b|NA19835|h2|none|historical_source/cluster/HML2_project/processed_loci/HML-2_8q24.3b/NA19835_hap2_hprc_r2_v1.0.1_HML-2_8q24.3b.fa|9163eca77568310faeb6703e4f4a9c183cc1ec5e451f88240eb33a3f4d9fccb6	0	0	NA	NA	NO_EXACT_RETAINED_RECORD				NOT_ASSESSED_NO_EXACT_RETAINED_RECORD				NONCARRIER_SENTINEL_OBSERVATION	AFR			
HML-2_8q24.3c	NA19836_h1_HML-2_8q24.3b_technical_error	HML-2_8q24.3b	NA19836	h1	Validator_Script	HML-2_8q24.3b|NA19836|h1|none|NA|NA	0	0	NA	NA	NO_EXACT_RETAINED_RECORD				NOT_ASSESSED_NO_EXACT_RETAINED_RECORD				UNKNOWN_TECHNICAL	AFR			
HML-2_8q24.3c	NA19836_h2_HML-2_8q24.3b_technical_error	HML-2_8q24.3b	NA19836	h2	Validator_Script	HML-2_8q24.3b|NA19836|h2|none|NA|NA	0	0	NA	NA	NO_EXACT_RETAINED_RECORD				NOT_ASSESSED_NO_EXACT_RETAINED_RECORD				UNKNOWN_TECHNICAL	AFR			
HML-2_8q24.3c	NA19909_hap1_hprc_r2_v1.0.1_HML-2_8q24.3b	HML-2_8q24.3b	NA19909	h1	Successful_Empty_Site	HML-2_8q24.3b|NA19909|h1|none|historical_source/cluster/HML2_project/processed_loci/HML-2_8q24.3b/NA19909_hap1_hprc_r2_v1.0.1_HML-2_8q24.3b.fa|4cea04b360fd3c3326e0ec2d1660a7287eda12c6ca0cf2faa1f8999a23337959	0	0	NA	NA	NO_EXACT_RETAINED_RECORD				NOT_ASSESSED_NO_EXACT_RETAINED_RECORD				NONCARRIER_SENTINEL_OBSERVATION	AFR			
HML-2_8q24.3c	NA19909_hap2_hprc_r2_v1.0.1_HML-2_8q24.3b	HML-2_8q24.3b	NA19909	h2	Successful_Empty_Site	HML-2_8q24.3b|NA19909|h2|none|historical_source/cluster/HML2_project/processed_loci/HML-2_8q24.3b/NA19909_hap2_hprc_r2_v1.0.1_HML-2_8q24.3b.fa|f908a8b8df2eef653ce96cf02e7505c86fe931142065e66e9ab4761f2b5c0f01	0	0	NA	NA	NO_EXACT_RETAINED_RECORD				NOT_ASSESSED_NO_EXACT_RETAINED_RECORD				NONCARRIER_SENTINEL_OBSERVATION	AFR			
HML-2_8q24.3c	NA19983_h1_HML-2_8q24.3b_technical_error	HML-2_8q24.3b	NA19983	h1	Validator_Script	HML-2_8q24.3b|NA19983|h1|none|NA|NA	0	0	NA	NA	NO_EXACT_RETAINED_RECORD				NOT_ASSESSED_NO_EXACT_RETAINED_RECORD				UNKNOWN_TECHNICAL	AFR			
HML-2_8q24.3c	NA19983_h2_HML-2_8q24.3b_technical_error	HML-2_8q24.3b	NA19983	h2	Validator_Script	HML-2_8q24.3b|NA19983|h2|none|NA|NA	0	0	NA	NA	NO_EXACT_RETAINED_RECORD				NOT_ASSESSED_NO_EXACT_RETAINED_RECORD				UNKNOWN_TECHNICAL	AFR			
HML-2_8q24.3c	NA20129_mat_hprc_r2_v1.0.1_HML-2_8q24.3b	HML-2_8q24.3b	NA20129	mat	Successful_Empty_Site	HML-2_8q24.3b|NA20129|mat|none|historical_source/cluster/HML2_project/processed_loci/HML-2_8q24.3b/NA20129_mat_hprc_r2_v1.0.1_HML-2_8q24.3b.fa|ee548316fe146ca1f35ff0ce06e7d29cdc69a9d1138f43ada03c579b65a97abb	0	0	NA	NA	NO_EXACT_RETAINED_RECORD				NOT_ASSESSED_NO_EXACT_RETAINED_RECORD				NONCARRIER_SENTINEL_OBSERVATION	AFR			
HML-2_8q24.3c	NA20129_pat_hprc_r2_v1.0.1_HML-2_8q24.3b	HML-2_8q24.3b	NA20129	pat	Successful_Empty_Site	HML-2_8q24.3b|NA20129|pat|none|historical_source/cluster/HML2_project/processed_loci/HML-2_8q24.3b/NA20129_pat_hprc_r2_v1.0.1_HML-2_8q24.3b.fa|4a1cffe2a66934280c6e853cbe833cd2a3055db3f11af92e0c77416a541be951	0	0	NA	NA	NO_EXACT_RETAINED_RECORD				NOT_ASSESSED_NO_EXACT_RETAINED_RECORD				NONCARRIER_SENTINEL_OBSERVATION	AFR			
HML-2_8q24.3c	NA20282_hap1_hprc_r2_v1.0.1_HML-2_8q24.3b	HML-2_8q24.3b	NA20282	h1	Successful_Empty_Site	HML-2_8q24.3b|NA20282|h1|none|historical_source/cluster/HML2_project/processed_loci/HML-2_8q24.3b/NA20282_hap1_hprc_r2_v1.0.1_HML-2_8q24.3b.fa|35519bac55f335d203a536c34d86ef0c639e85c89abe27a89ca6422b51445206	0	0	NA	NA	NO_EXACT_RETAINED_RECORD				NOT_ASSESSED_NO_EXACT_RETAINED_RECORD				NONCARRIER_SENTINEL_OBSERVATION	AFR			
HML-2_8q24.3c	NA20282_hap2_hprc_r2_v1.0.1_HML-2_8q24.3b	HML-2_8q24.3b	NA20282	h2	Successful_Empty_Site	HML-2_8q24.3b|NA20282|h2|none|historical_source/cluster/HML2_project/processed_loci/HML-2_8q24.3b/NA20282_hap2_hprc_r2_v1.0.1_HML-2_8q24.3b.fa|dd86a309b6e0bd5359aad76024501d76ba499008b6c7633a643ec67913e78d73	0	0	NA	NA	NO_EXACT_RETAINED_RECORD				NOT_ASSESSED_NO_EXACT_RETAINED_RECORD				NONCARRIER_SENTINEL_OBSERVATION	AFR			
HML-2_8q24.3c	NA20346_hap1_hprc_r2_v1.0.1_HML-2_8q24.3b	HML-2_8q24.3b	NA20346	h1	Successful_Empty_Site	HML-2_8q24.3b|NA20346|h1|none|historical_source/cluster/HML2_project/processed_loci/HML-2_8q24.3b/NA20346_hap1_hprc_r2_v1.0.1_HML-2_8q24.3b.fa|ebc9c0788f96d2d44c211efe97c068abdeef5cbdf8f95c82f6a9dc4ee3cdf1fd	0	0	NA	NA	NO_EXACT_RETAINED_RECORD				NOT_ASSESSED_NO_EXACT_RETAINED_RECORD				NONCARRIER_SENTINEL_OBSERVATION	AFR			
HML-2_8q24.3c	NA20346_hap2_hprc_r2_v1.0.1_HML-2_8q24.3b	HML-2_8q24.3b	NA20346	h2	Successful_Empty_Site	HML-2_8q24.3b|NA20346|h2|none|historical_source/cluster/HML2_project/processed_loci/HML-2_8q24.3b/NA20346_hap2_hprc_r2_v1.0.1_HML-2_8q24.3b.fa|2485605e5e0adfdb11d3e038ed4e9fcf11a0766615fe36edeb42bb8dc3dda70a	0	0	NA	NA	NO_EXACT_RETAINED_RECORD				NOT_ASSESSED_NO_EXACT_RETAINED_RECORD				NONCARRIER_SENTINEL_OBSERVATION	AFR			
HML-2_8q24.3c	NA20355_h1_HML-2_8q24.3b_technical_error	HML-2_8q24.3b	NA20355	h1	Validator_Script	HML-2_8q24.3b|NA20355|h1|none|NA|NA	0	0	NA	NA	NO_EXACT_RETAINED_RECORD				NOT_ASSESSED_NO_EXACT_RETAINED_RECORD				UNKNOWN_TECHNICAL	AFR			
HML-2_8q24.3c	NA20355_h2_HML-2_8q24.3b_technical_error	HML-2_8q24.3b	NA20355	h2	Validator_Script	HML-2_8q24.3b|NA20355|h2|none|NA|NA	0	0	NA	NA	NO_EXACT_RETAINED_RECORD				NOT_ASSESSED_NO_EXACT_RETAINED_RECORD				UNKNOWN_TECHNICAL	AFR			
HML-2_8q24.3c	NA20503_hap1_hprc_r2_v1.0.1_HML-2_8q24.3b	HML-2_8q24.3b	NA20503	h1	Successful_Empty_Site	HML-2_8q24.3b|NA20503|h1|none|historical_source/cluster/HML2_project/processed_loci/HML-2_8q24.3b/NA20503_hap1_hprc_r2_v1.0.1_HML-2_8q24.3b.fa|702bfa002b23b46f5e93c3eff381b9de2e51ab2c33aea3593ac503850f9a71d7	0	0	NA	NA	NO_EXACT_RETAINED_RECORD				NOT_ASSESSED_NO_EXACT_RETAINED_RECORD				NONCARRIER_SENTINEL_OBSERVATION	EUR			
HML-2_8q24.3c	NA20503_hap2_hprc_r2_v1.0.1_HML-2_8q24.3b	HML-2_8q24.3b	NA20503	h2	Successful_Empty_Site	HML-2_8q24.3b|NA20503|h2|none|historical_source/cluster/HML2_project/processed_loci/HML-2_8q24.3b/NA20503_hap2_hprc_r2_v1.0.1_HML-2_8q24.3b.fa|842e0f0bf937ab30fdf804e667d274311069310c1027dcde8d4932bbe304d4f5	0	0	NA	NA	NO_EXACT_RETAINED_RECORD				NOT_ASSESSED_NO_EXACT_RETAINED_RECORD				NONCARRIER_SENTINEL_OBSERVATION	EUR			
HML-2_8q24.3c	NA20509_h1_HML-2_8q24.3b_technical_error	HML-2_8q24.3b	NA20509	h1	Validator_Script	HML-2_8q24.3b|NA20509|h1|none|NA|NA	0	0	NA	NA	NO_EXACT_RETAINED_RECORD				NOT_ASSESSED_NO_EXACT_RETAINED_RECORD				UNKNOWN_TECHNICAL	EUR			
HML-2_8q24.3c	NA20509_h2_HML-2_8q24.3b_technical_error	HML-2_8q24.3b	NA20509	h2	Validator_Script	HML-2_8q24.3b|NA20509|h2|none|NA|NA	0	0	NA	NA	NO_EXACT_RETAINED_RECORD				NOT_ASSESSED_NO_EXACT_RETAINED_RECORD				UNKNOWN_TECHNICAL	EUR			
HML-2_8q24.3c	NA20752_hap1_hprc_r2_v1.0.1_HML-2_8q24.3b	HML-2_8q24.3b	NA20752	h1	Successful_Empty_Site	HML-2_8q24.3b|NA20752|h1|none|historical_source/cluster/HML2_project/processed_loci/HML-2_8q24.3b/NA20752_hap1_hprc_r2_v1.0.1_HML-2_8q24.3b.fa|e6045dd169285bc676080fbf9ccdb965240964c2692665c087372fab19d96970	0	0	NA	NA	NO_EXACT_RETAINED_RECORD				NOT_ASSESSED_NO_EXACT_RETAINED_RECORD				NONCARRIER_SENTINEL_OBSERVATION	EUR			
HML-2_8q24.3c	NA20752_hap2_hprc_r2_v1.0.1_HML-2_8q24.3b	HML-2_8q24.3b	NA20752	h2	Successful_Empty_Site	HML-2_8q24.3b|NA20752|h2|none|historical_source/cluster/HML2_project/processed_loci/HML-2_8q24.3b/NA20752_hap2_hprc_r2_v1.0.1_HML-2_8q24.3b.fa|7adce2b11389351a7ce493aa4f0cc1a8f486172aee3a09f012f24e6b3c41e451	0	0	NA	NA	NO_EXACT_RETAINED_RECORD				NOT_ASSESSED_NO_EXACT_RETAINED_RECORD				NONCARRIER_SENTINEL_OBSERVATION	EUR			
HML-2_8q24.3c	NA20762_hap1_hprc_r2_v1.0.1_HML-2_8q24.3b	HML-2_8q24.3b	NA20762	h1	Successful_Empty_Site	HML-2_8q24.3b|NA20762|h1|none|historical_source/cluster/HML2_project/processed_loci/HML-2_8q24.3b/NA20762_hap1_hprc_r2_v1.0.1_HML-2_8q24.3b.fa|12a63c86895a30b44a7f92154ddb81b172dcb3712a701e2ee2a07b583d354ff4	0	0	NA	NA	NO_EXACT_RETAINED_RECORD				NOT_ASSESSED_NO_EXACT_RETAINED_RECORD				NONCARRIER_SENTINEL_OBSERVATION	EUR			
HML-2_8q24.3c	NA20762_hap2_hprc_r2_v1.0.1_HML-2_8q24.3b	HML-2_8q24.3b	NA20762	h2	Successful_Empty_Site	HML-2_8q24.3b|NA20762|h2|none|historical_source/cluster/HML2_project/processed_loci/HML-2_8q24.3b/NA20762_hap2_hprc_r2_v1.0.1_HML-2_8q24.3b.fa|e6504f94e27ca0405be65b8b534892b1ae2e834fb18ca973c62ebfad6f0899d4	0	0	NA	NA	NO_EXACT_RETAINED_RECORD				NOT_ASSESSED_NO_EXACT_RETAINED_RECORD				NONCARRIER_SENTINEL_OBSERVATION	EUR			
HML-2_8q24.3c	NA20799_hap1_hprc_r2_v1.0.1_HML-2_8q24.3b	HML-2_8q24.3b	NA20799	h1	Successful_Empty_Site	HML-2_8q24.3b|NA20799|h1|none|historical_source/cluster/HML2_project/processed_loci/HML-2_8q24.3b/NA20799_hap1_hprc_r2_v1.0.1_HML-2_8q24.3b.fa|e2c3f7370ebeb79cca6206758783193761ea0afcd677bce1da3dd89615974cfc	0	0	NA	NA	NO_EXACT_RETAINED_RECORD				NOT_ASSESSED_NO_EXACT_RETAINED_RECORD				NONCARRIER_SENTINEL_OBSERVATION	EUR			
HML-2_8q24.3c	NA20799_hap2_hprc_r2_v1.0.1_HML-2_8q24.3b	HML-2_8q24.3b	NA20799	h2	Successful_Empty_Site	HML-2_8q24.3b|NA20799|h2|none|historical_source/cluster/HML2_project/processed_loci/HML-2_8q24.3b/NA20799_hap2_hprc_r2_v1.0.1_HML-2_8q24.3b.fa|42cd1e6289c101ad16933cfbaa3ef8622055e9501f9ce55a7625a25f20a92749	0	0	NA	NA	NO_EXACT_RETAINED_RECORD				NOT_ASSESSED_NO_EXACT_RETAINED_RECORD				NONCARRIER_SENTINEL_OBSERVATION	EUR			
HML-2_8q24.3c	NA20805_hap1_hprc_r2_v1.0.1_HML-2_8q24.3b	HML-2_8q24.3b	NA20805	h1	Successful_Empty_Site	HML-2_8q24.3b|NA20805|h1|none|historical_source/cluster/HML2_project/processed_loci/HML-2_8q24.3b/NA20805_hap1_hprc_r2_v1.0.1_HML-2_8q24.3b.fa|01fbd98f2335b67fb89275a39a54cd68613e36ec3deae68a7dfff828d17cd6c1	0	0	NA	NA	NO_EXACT_RETAINED_RECORD				NOT_ASSESSED_NO_EXACT_RETAINED_RECORD				NONCARRIER_SENTINEL_OBSERVATION	EUR			
HML-2_8q24.3c	NA20805_hap2_hprc_r2_v1.0.1_HML-2_8q24.3b	HML-2_8q24.3b	NA20805	h2	Successful_Empty_Site	HML-2_8q24.3b|NA20805|h2|none|historical_source/cluster/HML2_project/processed_loci/HML-2_8q24.3b/NA20805_hap2_hprc_r2_v1.0.1_HML-2_8q24.3b.fa|33aaf16a17048e873223237ff73015b8be6c1179c3ea3df54ca47f6300959d43	0	0	NA	NA	NO_EXACT_RETAINED_RECORD				NOT_ASSESSED_NO_EXACT_RETAINED_RECORD				NONCARRIER_SENTINEL_OBSERVATION	EUR			
HML-2_8q24.3c	NA20806_hap1_hprc_r2_v1.0.1_HML-2_8q24.3b	HML-2_8q24.3b	NA20806	h1	Successful_Empty_Site	HML-2_8q24.3b|NA20806|h1|none|historical_source/cluster/HML2_project/processed_loci/HML-2_8q24.3b/NA20806_hap1_hprc_r2_v1.0.1_HML-2_8q24.3b.fa|8be3367c96661692c1d822e2e254f839d610d7ba409f67860f3c5bca1915d6a4	0	0	NA	NA	NO_EXACT_RETAINED_RECORD				NOT_ASSESSED_NO_EXACT_RETAINED_RECORD				NONCARRIER_SENTINEL_OBSERVATION	EUR			
HML-2_8q24.3c	NA20806_hap2_hprc_r2_v1.0.1_HML-2_8q24.3b	HML-2_8q24.3b	NA20806	h2	Successful_Empty_Site	HML-2_8q24.3b|NA20806|h2|none|historical_source/cluster/HML2_project/processed_loci/HML-2_8q24.3b/NA20806_hap2_hprc_r2_v1.0.1_HML-2_8q24.3b.fa|834a2f3375bfc36330d7ca9cbf6ec436ba6bb6fd448c1f8f99261ff6ec30fb0e	0	0	NA	NA	NO_EXACT_RETAINED_RECORD				NOT_ASSESSED_NO_EXACT_RETAINED_RECORD				NONCARRIER_SENTINEL_OBSERVATION	EUR			
HML-2_8q24.3c	NA20809_hap1_hprc_r2_v1.0.1_HML-2_8q24.3b	HML-2_8q24.3b	NA20809	h1	Successful_Empty_Site	HML-2_8q24.3b|NA20809|h1|none|historical_source/cluster/HML2_project/processed_loci/HML-2_8q24.3b/NA20809_hap1_hprc_r2_v1.0.1_HML-2_8q24.3b.fa|87a7df29bdca42e311c5db7cd40422ddf1f57149272d81e3002c68874ff5ea3f	0	0	NA	NA	NO_EXACT_RETAINED_RECORD				NOT_ASSESSED_NO_EXACT_RETAINED_RECORD				NONCARRIER_SENTINEL_OBSERVATION	EUR			
HML-2_8q24.3c	NA20809_hap2_hprc_r2_v1.0.1_HML-2_8q24.3b	HML-2_8q24.3b	NA20809	h2	Successful_Empty_Site	HML-2_8q24.3b|NA20809|h2|none|historical_source/cluster/HML2_project/processed_loci/HML-2_8q24.3b/NA20809_hap2_hprc_r2_v1.0.1_HML-2_8q24.3b.fa|920165acb12af377b16ba346030cf2d49bfbe89824564a804d441a6f61c859cf	0	0	NA	NA	NO_EXACT_RETAINED_RECORD				NOT_ASSESSED_NO_EXACT_RETAINED_RECORD				NONCARRIER_SENTINEL_OBSERVATION	EUR			
HML-2_8q24.3c	NA20827_hap1_hprc_r2_v1.0.1_HML-2_8q24.3b	HML-2_8q24.3b	NA20827	h1	Successful_Empty_Site	HML-2_8q24.3b|NA20827|h1|none|historical_source/cluster/HML2_project/processed_loci/HML-2_8q24.3b/NA20827_hap1_hprc_r2_v1.0.1_HML-2_8q24.3b.fa|ca9cc3e132001ebff98921efe2332013a071dedd0b35d106804f5f4eb981c1d3	0	0	NA	NA	NO_EXACT_RETAINED_RECORD				NOT_ASSESSED_NO_EXACT_RETAINED_RECORD				NONCARRIER_SENTINEL_OBSERVATION	EUR			
HML-2_8q24.3c	NA20827_hap2_hprc_r2_v1.0.1_HML-2_8q24.3b	HML-2_8q24.3b	NA20827	h2	Successful_Empty_Site	HML-2_8q24.3b|NA20827|h2|none|historical_source/cluster/HML2_project/processed_loci/HML-2_8q24.3b/NA20827_hap2_hprc_r2_v1.0.1_HML-2_8q24.3b.fa|530e73a81de36089c1e0f1ab131ecf4c5fe9dceebd7f36adeb5fbb6d55275226	0	0	NA	NA	NO_EXACT_RETAINED_RECORD				NOT_ASSESSED_NO_EXACT_RETAINED_RECORD				NONCARRIER_SENTINEL_OBSERVATION	EUR			
HML-2_8q24.3c	NA20847_h1_HML-2_8q24.3b_technical_error	HML-2_8q24.3b	NA20847	h1	Validator_Script	HML-2_8q24.3b|NA20847|h1|none|NA|NA	0	0	NA	NA	NO_EXACT_RETAINED_RECORD				NOT_ASSESSED_NO_EXACT_RETAINED_RECORD				UNKNOWN_TECHNICAL	SAS			
HML-2_8q24.3c	NA20847_h2_HML-2_8q24.3b_technical_error	HML-2_8q24.3b	NA20847	h2	Validator_Script	HML-2_8q24.3b|NA20847|h2|none|NA|NA	0	0	NA	NA	NO_EXACT_RETAINED_RECORD				NOT_ASSESSED_NO_EXACT_RETAINED_RECORD				UNKNOWN_TECHNICAL	SAS			
HML-2_8q24.3c	NA20850_hap1_hprc_r2_v1.0.1_HML-2_8q24.3b	HML-2_8q24.3b	NA20850	h1	Successful_Empty_Site	HML-2_8q24.3b|NA20850|h1|none|historical_source/cluster/HML2_project/processed_loci/HML-2_8q24.3b/NA20850_hap1_hprc_r2_v1.0.1_HML-2_8q24.3b.fa|a2de5117e06d46e2f1f7f0104c004ecdd51b21889a8a4ecc872e557892edbdfa	0	0	NA	NA	NO_EXACT_RETAINED_RECORD				NOT_ASSESSED_NO_EXACT_RETAINED_RECORD				NONCARRIER_SENTINEL_OBSERVATION	SAS			
HML-2_8q24.3c	NA20850_hap2_hprc_r2_v1.0.1_HML-2_8q24.3b	HML-2_8q24.3b	NA20850	h2	Successful_Empty_Site	HML-2_8q24.3b|NA20850|h2|none|historical_source/cluster/HML2_project/processed_loci/HML-2_8q24.3b/NA20850_hap2_hprc_r2_v1.0.1_HML-2_8q24.3b.fa|9cc542cc3c190326d2f6c23d0ebd9a4113318846481359dc23aa8b68c1b16cd8	0	0	NA	NA	NO_EXACT_RETAINED_RECORD				NOT_ASSESSED_NO_EXACT_RETAINED_RECORD				NONCARRIER_SENTINEL_OBSERVATION	SAS			
HML-2_8q24.3c	NA20870_hap1_hprc_r2_v1.0.1_HML-2_8q24.3b	HML-2_8q24.3b	NA20870	h1	Successful_Empty_Site	HML-2_8q24.3b|NA20870|h1|none|historical_source/cluster/HML2_project/processed_loci/HML-2_8q24.3b/NA20870_hap1_hprc_r2_v1.0.1_HML-2_8q24.3b.fa|e671b70e028f04f8b46e2e2ecfb2106ca034185f3eb4e1405a538c1603a59c43	0	0	NA	NA	NO_EXACT_RETAINED_RECORD				NOT_ASSESSED_NO_EXACT_RETAINED_RECORD				NONCARRIER_SENTINEL_OBSERVATION	SAS			
HML-2_8q24.3c	NA20870_hap2_hprc_r2_v1.0.1_HML-2_8q24.3b	HML-2_8q24.3b	NA20870	h2	Successful_Empty_Site	HML-2_8q24.3b|NA20870|h2|none|historical_source/cluster/HML2_project/processed_loci/HML-2_8q24.3b/NA20870_hap2_hprc_r2_v1.0.1_HML-2_8q24.3b.fa|75e64dc802d648722c3dbcdf41324634f45a5c28ae594d2ad5b2d2aaa1fffa10	0	0	NA	NA	NO_EXACT_RETAINED_RECORD				NOT_ASSESSED_NO_EXACT_RETAINED_RECORD				NONCARRIER_SENTINEL_OBSERVATION	SAS			
HML-2_8q24.3c	NA20905_hap1_hprc_r2_v1.0.1_HML-2_8q24.3b	HML-2_8q24.3b	NA20905	h1	Successful_Empty_Site	HML-2_8q24.3b|NA20905|h1|none|historical_source/cluster/HML2_project/processed_loci/HML-2_8q24.3b/NA20905_hap1_hprc_r2_v1.0.1_HML-2_8q24.3b.fa|7b1e4d87e9b1bb2a5b7e90d1d9c22489756f7015ca7867e5c662ec766dddf51b	0	0	NA	NA	NO_EXACT_RETAINED_RECORD				NOT_ASSESSED_NO_EXACT_RETAINED_RECORD				NONCARRIER_SENTINEL_OBSERVATION	SAS			
HML-2_8q24.3c	NA20905_hap2_hprc_r2_v1.0.1_HML-2_8q24.3b	HML-2_8q24.3b	NA20905	h2	Successful_Empty_Site	HML-2_8q24.3b|NA20905|h2|none|historical_source/cluster/HML2_project/processed_loci/HML-2_8q24.3b/NA20905_hap2_hprc_r2_v1.0.1_HML-2_8q24.3b.fa|f6cb3dce3ce442a577a1829ee9d16e1f24b0a3026044c864f010e47361085dbf	0	0	NA	NA	NO_EXACT_RETAINED_RECORD				NOT_ASSESSED_NO_EXACT_RETAINED_RECORD				NONCARRIER_SENTINEL_OBSERVATION	SAS			
HML-2_8q24.3c	NA21093_hap1_hprc_r2_v1.0.1_HML-2_8q24.3b	HML-2_8q24.3b	NA21093	h1	Successful_Empty_Site	HML-2_8q24.3b|NA21093|h1|none|historical_source/cluster/HML2_project/processed_loci/HML-2_8q24.3b/NA21093_hap1_hprc_r2_v1.0.1_HML-2_8q24.3b.fa|098425507f028b99556270d09bcd53e200f89d9c92af39cd2e7c139fbf8c564c	0	0	NA	NA	NO_EXACT_RETAINED_RECORD				NOT_ASSESSED_NO_EXACT_RETAINED_RECORD				NONCARRIER_SENTINEL_OBSERVATION	SAS			
HML-2_8q24.3c	NA21093_hap2_hprc_r2_v1.0.1_HML-2_8q24.3b	HML-2_8q24.3b	NA21093	h2	Successful_Empty_Site	HML-2_8q24.3b|NA21093|h2|none|historical_source/cluster/HML2_project/processed_loci/HML-2_8q24.3b/NA21093_hap2_hprc_r2_v1.0.1_HML-2_8q24.3b.fa|cea025aa9204d77cd74780d3dc5ac49acd4582b2c0d79525abca93b4f1b6a35f	0	0	NA	NA	NO_EXACT_RETAINED_RECORD				NOT_ASSESSED_NO_EXACT_RETAINED_RECORD				NONCARRIER_SENTINEL_OBSERVATION	SAS			
HML-2_8q24.3c	NA21102_hap1_hprc_r2_v1.0.1_HML-2_8q24.3b	HML-2_8q24.3b	NA21102	h1	Successful_Empty_Site	HML-2_8q24.3b|NA21102|h1|none|historical_source/cluster/HML2_project/processed_loci/HML-2_8q24.3b/NA21102_hap1_hprc_r2_v1.0.1_HML-2_8q24.3b.fa|9a7c3052600625ac2b89f9b507f68ac1b25fa2b0f67aa158889256fc298fa960	0	0	NA	NA	NO_EXACT_RETAINED_RECORD				NOT_ASSESSED_NO_EXACT_RETAINED_RECORD				NONCARRIER_SENTINEL_OBSERVATION	SAS			
HML-2_8q24.3c	NA21102_hap2_hprc_r2_v1.0.1_HML-2_8q24.3b	HML-2_8q24.3b	NA21102	h2	Successful_Empty_Site	HML-2_8q24.3b|NA21102|h2|none|historical_source/cluster/HML2_project/processed_loci/HML-2_8q24.3b/NA21102_hap2_hprc_r2_v1.0.1_HML-2_8q24.3b.fa|31fbe2edcacce0e84f70a16e6da8137b504178ce1c871cef86e2d4627501357b	0	0	NA	NA	NO_EXACT_RETAINED_RECORD				NOT_ASSESSED_NO_EXACT_RETAINED_RECORD				NONCARRIER_SENTINEL_OBSERVATION	SAS			
HML-2_8q24.3c	NA21106_hap1_hprc_r2_v1.0.1_HML-2_8q24.3b	HML-2_8q24.3b	NA21106	h1	Successful_Empty_Site	HML-2_8q24.3b|NA21106|h1|none|historical_source/cluster/HML2_project/processed_loci/HML-2_8q24.3b/NA21106_hap1_hprc_r2_v1.0.1_HML-2_8q24.3b.fa|675a6471d95a59c4014b31947ed0c8cadf822154157bf26e5cbe70f3365d1a6e	0	0	NA	NA	NO_EXACT_RETAINED_RECORD				NOT_ASSESSED_NO_EXACT_RETAINED_RECORD				NONCARRIER_SENTINEL_OBSERVATION	SAS			
HML-2_8q24.3c	NA21106_hap2_hprc_r2_v1.0.1_HML-2_8q24.3b	HML-2_8q24.3b	NA21106	h2	Successful_Empty_Site	HML-2_8q24.3b|NA21106|h2|none|historical_source/cluster/HML2_project/processed_loci/HML-2_8q24.3b/NA21106_hap2_hprc_r2_v1.0.1_HML-2_8q24.3b.fa|257b1a81a2f1ab7965541ae5653c3e3560f40cc3f5cb932fd4fae068c6bd17f8	0	0	NA	NA	NO_EXACT_RETAINED_RECORD				NOT_ASSESSED_NO_EXACT_RETAINED_RECORD				NONCARRIER_SENTINEL_OBSERVATION	SAS			
HML-2_8q24.3c	NA21110_hap1_hprc_r2_v1.0.1_HML-2_8q24.3b	HML-2_8q24.3b	NA21110	h1	Successful_Empty_Site	HML-2_8q24.3b|NA21110|h1|none|historical_source/cluster/HML2_project/processed_loci/HML-2_8q24.3b/NA21110_hap1_hprc_r2_v1.0.1_HML-2_8q24.3b.fa|9d46d51115726028a3746157f3c3abbae0368e0e721e8691acd67d86f2e639bd	0	0	NA	NA	NO_EXACT_RETAINED_RECORD				NOT_ASSESSED_NO_EXACT_RETAINED_RECORD				NONCARRIER_SENTINEL_OBSERVATION	SAS			
HML-2_8q24.3c	NA21110_hap2_hprc_r2_v1.0.1_HML-2_8q24.3b	HML-2_8q24.3b	NA21110	h2	Successful_Empty_Site	HML-2_8q24.3b|NA21110|h2|none|historical_source/cluster/HML2_project/processed_loci/HML-2_8q24.3b/NA21110_hap2_hprc_r2_v1.0.1_HML-2_8q24.3b.fa|558c89bfd7191ee19fa865affa81b4a9a95e66c960b5eeaa64d36c69a914bf7f	0	0	NA	NA	NO_EXACT_RETAINED_RECORD				NOT_ASSESSED_NO_EXACT_RETAINED_RECORD				NONCARRIER_SENTINEL_OBSERVATION	SAS			
HML-2_8q24.3c	NA21144_hap1_hprc_r2_v1.0.1_HML-2_8q24.3b	HML-2_8q24.3b	NA21144	h1	Successful_Empty_Site	HML-2_8q24.3b|NA21144|h1|none|historical_source/cluster/HML2_project/processed_loci/HML-2_8q24.3b/NA21144_hap1_hprc_r2_v1.0.1_HML-2_8q24.3b.fa|9922d0714c5085675f4882953244c8d5267d1f9dd55794f2dec001a73ce7f583	0	0	NA	NA	NO_EXACT_RETAINED_RECORD				NOT_ASSESSED_NO_EXACT_RETAINED_RECORD				NONCARRIER_SENTINEL_OBSERVATION	SAS			
HML-2_8q24.3c	NA21144_hap2_hprc_r2_v1.0.1_HML-2_8q24.3b	HML-2_8q24.3b	NA21144	h2	Successful_Empty_Site	HML-2_8q24.3b|NA21144|h2|none|historical_source/cluster/HML2_project/processed_loci/HML-2_8q24.3b/NA21144_hap2_hprc_r2_v1.0.1_HML-2_8q24.3b.fa|3451a58f9ed90ccad8d890f1c0524e31dac31b77def71034d731687163963617	0	0	NA	NA	NO_EXACT_RETAINED_RECORD				NOT_ASSESSED_NO_EXACT_RETAINED_RECORD				NONCARRIER_SENTINEL_OBSERVATION	SAS			
HML-2_8q24.3c	NA21309_mat_hprc_r2_v1.0.1_HML-2_8q24.3b	HML-2_8q24.3b	NA21309	mat	Successful_Empty_Site	HML-2_8q24.3b|NA21309|mat|none|historical_source/cluster/HML2_project/processed_loci/HML-2_8q24.3b/NA21309_mat_hprc_r2_v1.0.1_HML-2_8q24.3b.fa|72497c18622c1c47f4214fe0d9ec69b8b0e4c39c6b4645cf2aaa4cdb3f7b754a	0	0	NA	NA	NO_EXACT_RETAINED_RECORD				NOT_ASSESSED_NO_EXACT_RETAINED_RECORD				NONCARRIER_SENTINEL_OBSERVATION	Unassigned			
HML-2_8q24.3c	NA21309_pat_hprc_r2_v1.0.1_HML-2_8q24.3b	HML-2_8q24.3b	NA21309	pat	Successful_Empty_Site	HML-2_8q24.3b|NA21309|pat|none|historical_source/cluster/HML2_project/processed_loci/HML-2_8q24.3b/NA21309_pat_hprc_r2_v1.0.1_HML-2_8q24.3b.fa|e88b95482431a524929cfb2dd525abd998947b1441e3e9dea97c3e2293b5e335	0	0	NA	NA	NO_EXACT_RETAINED_RECORD				NOT_ASSESSED_NO_EXACT_RETAINED_RECORD				NONCARRIER_SENTINEL_OBSERVATION	Unassigned			
HML-2_8q24.3c	NA21487_h1_HML-2_8q24.3b_technical_error	HML-2_8q24.3b	NA21487	h1	Validator_Script	HML-2_8q24.3b|NA21487|h1|none|NA|NA	0	0	NA	NA	NO_EXACT_RETAINED_RECORD				NOT_ASSESSED_NO_EXACT_RETAINED_RECORD				UNKNOWN_TECHNICAL	Unassigned			
HML-2_8q24.3c	NA21487_h2_HML-2_8q24.3b_technical_error	HML-2_8q24.3b	NA21487	h2	Validator_Script	HML-2_8q24.3b|NA21487|h2|none|NA|NA	0	0	NA	NA	NO_EXACT_RETAINED_RECORD				NOT_ASSESSED_NO_EXACT_RETAINED_RECORD				UNKNOWN_TECHNICAL	Unassigned			
HML-2_8q24.3c	NA24385_h1_HML-2_8q24.3b_technical_error	HML-2_8q24.3b	NA24385	h1	Validator_Script	HML-2_8q24.3b|NA24385|h1|none|NA|NA	0	0	NA	NA	NO_EXACT_RETAINED_RECORD				NOT_ASSESSED_NO_EXACT_RETAINED_RECORD				UNKNOWN_TECHNICAL	Unassigned			
HML-2_8q24.3c	NA24385_h2_HML-2_8q24.3b_technical_error	HML-2_8q24.3b	NA24385	h2	Validator_Script	HML-2_8q24.3b|NA24385|h2|none|NA|NA	0	0	NA	NA	NO_EXACT_RETAINED_RECORD				NOT_ASSESSED_NO_EXACT_RETAINED_RECORD				UNKNOWN_TECHNICAL	Unassigned			
HML-2_8q24.3c	chm13v2.0_maskedY_rCRS.fa.PanSN_HML-2_8q24.3b	HML-2_8q24.3b	chm13v2.0	ref	Successful_Empty_Site	HML-2_8q24.3b|chm13v2.0|ref|none|historical_source/cluster/HML2_project/processed_loci/HML-2_8q24.3b/chm13v2.0_maskedY_rCRS.fa.PanSN_HML-2_8q24.3b.fa|bf97f4ec5ea03703beee85e6c094ee9a67ad6ccac2ff60ae0d8b6d90cf646efa	0	0	NA	NA	NO_EXACT_RETAINED_RECORD				NOT_ASSESSED_NO_EXACT_RETAINED_RECORD				NONCARRIER_SENTINEL_OBSERVATION	Unassigned			
HML-2_8q24.3c	hg002v1.1.mat_MT.PanSN_HML-2_8q24.3b	HML-2_8q24.3b	hg002v1.1.mat	mat	Successful_Empty_Site	HML-2_8q24.3b|hg002v1.1.mat|mat|none|historical_source/cluster/HML2_project/processed_loci/HML-2_8q24.3b/hg002v1.1.mat_MT.PanSN_HML-2_8q24.3b.fa|cfe0018223975791bf248431b55aec4f90a227df3d65b4a5f6e63bcda623bddb	0	0	NA	NA	NO_EXACT_RETAINED_RECORD				NOT_ASSESSED_NO_EXACT_RETAINED_RECORD				NONCARRIER_SENTINEL_OBSERVATION	Unassigned			
HML-2_8q24.3c	hg002v1.1.pat.PanSN_HML-2_8q24.3b	HML-2_8q24.3b	hg002v1.1.pat.PanSN	pat	Successful_Empty_Site	HML-2_8q24.3b|hg002v1.1.pat.PanSN|pat|none|historical_source/cluster/HML2_project/processed_loci/HML-2_8q24.3b/hg002v1.1.pat.PanSN_HML-2_8q24.3b.fa|4e177283392db8fca602494d733760ac90eb0aac78af6c1b5bc6f85a80353150	0	0	NA	NA	NO_EXACT_RETAINED_RECORD				NOT_ASSESSED_NO_EXACT_RETAINED_RECORD				NONCARRIER_SENTINEL_OBSERVATION	Unassigned			
HML-2_8q24.3c	HG00358_h2_HML-2_8q24.3c_technical_error	HML-2_8q24.3c	HG00358	h2	Validator_Script	HML-2_8q24.3c|HG00358|h2|none|historical_source/cluster/HML2_project_graph/extracted_sequences/hgsvc3-2024-02-23-mc-chm13/HML-2_8q24.3c/HG00358_h2_HML-2_8q24.3c_graph_hgsvc3-2024-02-23-mc-chm13.fa|afa7ed599699daaca47911cc0c21cdaa3cde1c8f79010cc2d6bdfe2562f16b31	1	1	NA	NA	NO_EXACT_RETAINED_RECORD				NOT_ASSESSED_NO_EXACT_RETAINED_RECORD				NONCARRIER_SENTINEL_OBSERVATION	EUR			
HML-2_9q34.3	HG00731_h2_HML-2_9q34.3_technical_error	HML-2_9q34.3	HG00731	h2	Validator_Script	HML-2_9q34.3|HG00731|h2|none|historical_source/cluster/HML2_project_graph/extracted_sequences/hgsvc3-2024-02-23-mc-chm13/HML-2_9q34.3/HG00731_h2_HML-2_9q34.3_graph_hgsvc3-2024-02-23-mc-chm13.fa|60b438aa16e9fc4dfb0bdae5daf6ecb14b934158ff430a7954f1fbc353a23791	1	1	NA	NA	NO_EXACT_RETAINED_RECORD				NOT_ASSESSED_NO_EXACT_RETAINED_RECORD				NONCARRIER_SENTINEL_OBSERVATION	AMR			
HML-2_9q34.3	NA20847_h2_HML-2_9q34.3_technical_error	HML-2_9q34.3	NA20847	h2	Validator_Script	HML-2_9q34.3|NA20847|h2|none|historical_source/cluster/HML2_project_graph/extracted_sequences/hgsvc3-2024-02-23-mc-chm13/HML-2_9q34.3/NA20847_h2_HML-2_9q34.3_graph_hgsvc3-2024-02-23-mc-chm13.fa|f0302b7ec4d533ca19d182025ec0bb5b92e7920ec323bc35fc059e63f6eb728c	1	1	NA	NA	NO_EXACT_RETAINED_RECORD				NOT_ASSESSED_NO_EXACT_RETAINED_RECORD				NONCARRIER_SENTINEL_OBSERVATION	SAS			
HML-2_Xq21.33	HG00096_h2_HML-2_Xq21.33_technical_error	HML-2_Xq21.33	HG00096	h2	Validator_Script	HML-2_Xq21.33|HG00096|h2|none|historical_source/cluster/HML2_project_graph/extracted_sequences/hgsvc3-2024-02-23-mc-chm13/HML-2_Xq21.33/HG00096_h2_HML-2_Xq21.33_graph_hgsvc3-2024-02-23-mc-chm13.fa|40e4e7b9540d538d3d04114473940e73e286a1efe3a535c33bb495353de9f1f1	1	1	NA	NA	NO_EXACT_RETAINED_RECORD				NOT_ASSESSED_NO_EXACT_RETAINED_RECORD				NONCARRIER_SENTINEL_OBSERVATION	EUR			
HML-2_Xq21.33	HG00171_h2_HML-2_Xq21.33_technical_error	HML-2_Xq21.33	HG00171	h2	Validator_Script	HML-2_Xq21.33|HG00171|h2|none|historical_source/cluster/HML2_project_graph/extracted_sequences/hgsvc3-2024-02-23-mc-chm13/HML-2_Xq21.33/HG00171_h2_HML-2_Xq21.33_graph_hgsvc3-2024-02-23-mc-chm13.fa|ac1be63b2e6fbf6f04b1d23b1da6b08f0e8c9cdeb70db12f515476ab32b6185d	1	1	NA	NA	NO_EXACT_RETAINED_RECORD				NOT_ASSESSED_NO_EXACT_RETAINED_RECORD				NONCARRIER_SENTINEL_OBSERVATION	EUR			
HML-2_Xq21.33	HG00268_h2_HML-2_Xq21.33_technical_error	HML-2_Xq21.33	HG00268	h2	Validator_Script	HML-2_Xq21.33|HG00268|h2|none|historical_source/cluster/HML2_project_graph/extracted_sequences/hgsvc3-2024-02-23-mc-chm13/HML-2_Xq21.33/HG00268_h2_HML-2_Xq21.33_graph_hgsvc3-2024-02-23-mc-chm13.fa|56fd80d3ccd0dd2a2ad558df747ee07e0954e9b9fb8dfc031f4b01d5ebd368ec	1	1	NA	NA	NO_EXACT_RETAINED_RECORD				NOT_ASSESSED_NO_EXACT_RETAINED_RECORD				NONCARRIER_SENTINEL_OBSERVATION	EUR			
HML-2_Xq21.33	HG00358_h2_HML-2_Xq21.33_technical_error	HML-2_Xq21.33	HG00358	h2	Validator_Script	HML-2_Xq21.33|HG00358|h2|none|historical_source/cluster/HML2_project_graph/extracted_sequences/hgsvc3-2024-02-23-mc-chm13/HML-2_Xq21.33/HG00358_h2_HML-2_Xq21.33_graph_hgsvc3-2024-02-23-mc-chm13.fa|5b2981dc603d822f669675eeffcfec2a35afe271d717d21cdacc008b2228ff49	1	1	NA	NA	NO_EXACT_RETAINED_RECORD				NOT_ASSESSED_NO_EXACT_RETAINED_RECORD				NONCARRIER_SENTINEL_OBSERVATION	EUR			
HML-2_Xq21.33	HG00512_h2_HML-2_Xq21.33_technical_error	HML-2_Xq21.33	HG00512	h2	Validator_Script	HML-2_Xq21.33|HG00512|h2|none|historical_source/cluster/HML2_project_graph/extracted_sequences/hgsvc3-2024-02-23-mc-chm13/HML-2_Xq21.33/HG00512_h2_HML-2_Xq21.33_graph_hgsvc3-2024-02-23-mc-chm13.fa|27f0ba7874b7f4b337ef619bf4e1a6156f9bf27e47b9ecdf687e85631c3a8662	1	1	NA	NA	NO_EXACT_RETAINED_RECORD				NOT_ASSESSED_NO_EXACT_RETAINED_RECORD				NONCARRIER_SENTINEL_OBSERVATION	EAS			
HML-2_Xq21.33	HG00513_h2_HML-2_Xq21.33_technical_error	HML-2_Xq21.33	HG00513	h2	Validator_Script	HML-2_Xq21.33|HG00513|h2|none|historical_source/cluster/HML2_project_graph/extracted_sequences/hgsvc3-2024-02-23-mc-chm13/HML-2_Xq21.33/HG00513_h2_HML-2_Xq21.33_graph_hgsvc3-2024-02-23-mc-chm13.fa|64112be373942d2066b4bae154375197ec41a44b12b28b559aa59904d73305d9	1	1	NA	NA	NO_EXACT_RETAINED_RECORD				NOT_ASSESSED_NO_EXACT_RETAINED_RECORD				NONCARRIER_SENTINEL_OBSERVATION	EAS			
HML-2_Xq21.33	HG00514_h2_HML-2_Xq21.33_technical_error	HML-2_Xq21.33	HG00514	h2	Validator_Script	HML-2_Xq21.33|HG00514|h2|none|historical_source/cluster/HML2_project_graph/extracted_sequences/hgsvc3-2024-02-23-mc-chm13/HML-2_Xq21.33/HG00514_h2_HML-2_Xq21.33_graph_hgsvc3-2024-02-23-mc-chm13.fa|dc5b1a497e342e479a2da0d5617ce1ae2ba0c6c08e771d6fcfa505636f274e29	1	1	NA	NA	NO_EXACT_RETAINED_RECORD				NOT_ASSESSED_NO_EXACT_RETAINED_RECORD				NONCARRIER_SENTINEL_OBSERVATION	EAS			
HML-2_Xq21.33	HG00732_h2_HML-2_Xq21.33_technical_error	HML-2_Xq21.33	HG00732	h2	Validator_Script	HML-2_Xq21.33|HG00732|h2|none|historical_source/cluster/HML2_project_graph/extracted_sequences/hgsvc3-2024-02-23-mc-chm13/HML-2_Xq21.33/HG00732_h2_HML-2_Xq21.33_graph_hgsvc3-2024-02-23-mc-chm13.fa|ad51cd1d80b5cb6b64507aa475be4d0dd4c7c9fef2c2d721f95907a54c9fb368	1	1	NA	NA	NO_EXACT_RETAINED_RECORD				NOT_ASSESSED_NO_EXACT_RETAINED_RECORD				NONCARRIER_SENTINEL_OBSERVATION	AMR			
HML-2_Xq21.33	HG00864_h2_HML-2_Xq21.33_technical_error	HML-2_Xq21.33	HG00864	h2	Validator_Script	HML-2_Xq21.33|HG00864|h2|none|historical_source/cluster/HML2_project_graph/extracted_sequences/hgsvc3-2024-02-23-mc-chm13/HML-2_Xq21.33/HG00864_h2_HML-2_Xq21.33_graph_hgsvc3-2024-02-23-mc-chm13.fa|b3df1d7044f76ea266320adf66ee634273f9bb58bf8b6154d3d369dea40ad8af	1	1	NA	NA	NO_EXACT_RETAINED_RECORD				NOT_ASSESSED_NO_EXACT_RETAINED_RECORD				NONCARRIER_SENTINEL_OBSERVATION	EAS			
HML-2_Xq21.33	HG01114_h2_HML-2_Xq21.33_technical_error	HML-2_Xq21.33	HG01114	h2	Validator_Script	HML-2_Xq21.33|HG01114|h2|none|historical_source/cluster/HML2_project_graph/extracted_sequences/hgsvc3-2024-02-23-mc-chm13/HML-2_Xq21.33/HG01114_h2_HML-2_Xq21.33_graph_hgsvc3-2024-02-23-mc-chm13.fa|c8507ab0eb386f036b4d2fa70685047ec963ecf038a423537038e617f957b643	1	1	NA	NA	NO_EXACT_RETAINED_RECORD				NOT_ASSESSED_NO_EXACT_RETAINED_RECORD				NONCARRIER_SENTINEL_OBSERVATION	AMR			
HML-2_Xq21.33	HG01352_h2_HML-2_Xq21.33_technical_error	HML-2_Xq21.33	HG01352	h2	Validator_Script	HML-2_Xq21.33|HG01352|h2|none|historical_source/cluster/HML2_project_graph/extracted_sequences/hgsvc3-2024-02-23-mc-chm13/HML-2_Xq21.33/HG01352_h2_HML-2_Xq21.33_graph_hgsvc3-2024-02-23-mc-chm13.fa|201827af012478a79f372a26ce05d17b4c296a3ae697aeab1d9c5fafbf00f285	1	1	NA	NA	NO_EXACT_RETAINED_RECORD				NOT_ASSESSED_NO_EXACT_RETAINED_RECORD				NONCARRIER_SENTINEL_OBSERVATION	AMR			
HML-2_Xq21.33	HG01505_h2_HML-2_Xq21.33_technical_error	HML-2_Xq21.33	HG01505	h2	Validator_Script	HML-2_Xq21.33|HG01505|h2|none|historical_source/cluster/HML2_project_graph/extracted_sequences/hgsvc3-2024-02-23-mc-chm13/HML-2_Xq21.33/HG01505_h2_HML-2_Xq21.33_graph_hgsvc3-2024-02-23-mc-chm13.fa|ab3f5e9ad76fcc48e28481a2a35d18403004474e358370bbb290022ac60d96a0	1	1	NA	NA	NO_EXACT_RETAINED_RECORD				NOT_ASSESSED_NO_EXACT_RETAINED_RECORD				NONCARRIER_SENTINEL_OBSERVATION	EUR			
HML-2_Xq21.33	HG01573_h2_HML-2_Xq21.33_technical_error	HML-2_Xq21.33	HG01573	h2	Validator_Script	HML-2_Xq21.33|HG01573|h2|none|historical_source/cluster/HML2_project_graph/extracted_sequences/hgsvc3-2024-02-23-mc-chm13/HML-2_Xq21.33/HG01573_h2_HML-2_Xq21.33_graph_hgsvc3-2024-02-23-mc-chm13.fa|800f2b448e4e4f22ed970d95a9f4433da82eb9c7cbc75908a6f4114619525424	1	1	NA	NA	NO_EXACT_RETAINED_RECORD				NOT_ASSESSED_NO_EXACT_RETAINED_RECORD				NONCARRIER_SENTINEL_OBSERVATION	AMR			
HML-2_Xq21.33	HG01596_h2_HML-2_Xq21.33_technical_error	HML-2_Xq21.33	HG01596	h2	Validator_Script	HML-2_Xq21.33|HG01596|h2|none|historical_source/cluster/HML2_project_graph/extracted_sequences/hgsvc3-2024-02-23-mc-chm13/HML-2_Xq21.33/HG01596_h2_HML-2_Xq21.33_graph_hgsvc3-2024-02-23-mc-chm13.fa|7c16db96243386b719a9cdc91ce844360dfec57d37b3b3d9b25b2fd38ef48605	1	1	NA	NA	NO_EXACT_RETAINED_RECORD				NOT_ASSESSED_NO_EXACT_RETAINED_RECORD				NONCARRIER_SENTINEL_OBSERVATION	EAS			
HML-2_Xq21.33	HG02011_h2_HML-2_Xq21.33_technical_error	HML-2_Xq21.33	HG02011	h2	Validator_Script	HML-2_Xq21.33|HG02011|h2|none|historical_source/cluster/HML2_project_graph/extracted_sequences/hgsvc3-2024-02-23-mc-chm13/HML-2_Xq21.33/HG02011_h2_HML-2_Xq21.33_graph_hgsvc3-2024-02-23-mc-chm13.fa|50f22c72abd2d5bea9592afbc6fe0fa950252534063c413c26d5e826d09d9bba	1	1	NA	NA	NO_EXACT_RETAINED_RECORD				NOT_ASSESSED_NO_EXACT_RETAINED_RECORD				NONCARRIER_SENTINEL_OBSERVATION	AFR			
HML-2_Xq21.33	HG02018_h2_HML-2_Xq21.33_technical_error	HML-2_Xq21.33	HG02018	h2	Validator_Script	HML-2_Xq21.33|HG02018|h2|none|historical_source/cluster/HML2_project_graph/extracted_sequences/hgsvc3-2024-02-23-mc-chm13/HML-2_Xq21.33/HG02018_h2_HML-2_Xq21.33_graph_hgsvc3-2024-02-23-mc-chm13.fa|14e6867b840af085ae073abeae2dee13506c4ebb55e04c5857e57b1d34b04e82	1	1	NA	NA	NO_EXACT_RETAINED_RECORD				NOT_ASSESSED_NO_EXACT_RETAINED_RECORD				NONCARRIER_SENTINEL_OBSERVATION	EAS			
HML-2_Xq21.33	HG02059_h2_HML-2_Xq21.33_technical_error	HML-2_Xq21.33	HG02059	h2	Validator_Script	HML-2_Xq21.33|HG02059|h2|none|historical_source/cluster/HML2_project_graph/extracted_sequences/hgsvc3-2024-02-23-mc-chm13/HML-2_Xq21.33/HG02059_h2_HML-2_Xq21.33_graph_hgsvc3-2024-02-23-mc-chm13.fa|cf998d0cf37b320b62b11cb0c156651ec07cbe0a082fdcd29c8716876b01a66a	1	1	NA	NA	NO_EXACT_RETAINED_RECORD				NOT_ASSESSED_NO_EXACT_RETAINED_RECORD				NONCARRIER_SENTINEL_OBSERVATION	EAS			
HML-2_Xq21.33	HG02106_h2_HML-2_Xq21.33_technical_error	HML-2_Xq21.33	HG02106	h2	Validator_Script	HML-2_Xq21.33|HG02106|h2|none|historical_source/cluster/HML2_project_graph/extracted_sequences/hgsvc3-2024-02-23-mc-chm13/HML-2_Xq21.33/HG02106_h2_HML-2_Xq21.33_graph_hgsvc3-2024-02-23-mc-chm13.fa|2fac5258256afe4b7d19f47ae87f27e46b3f150e50b7547d6ee49578b391ae6e	1	1	NA	NA	NO_EXACT_RETAINED_RECORD				NOT_ASSESSED_NO_EXACT_RETAINED_RECORD				NONCARRIER_SENTINEL_OBSERVATION	AMR			
HML-2_Xq21.33	HG02282_h2_HML-2_Xq21.33_technical_error	HML-2_Xq21.33	HG02282	h2	Validator_Script	HML-2_Xq21.33|HG02282|h2|none|historical_source/cluster/HML2_project_graph/extracted_sequences/hgsvc3-2024-02-23-mc-chm13/HML-2_Xq21.33/HG02282_h2_HML-2_Xq21.33_graph_hgsvc3-2024-02-23-mc-chm13.fa|252d62d41e0034a36c7c699683164c7b33f90529cee46500cf81634a3930118e	1	1	NA	NA	NO_EXACT_RETAINED_RECORD				NOT_ASSESSED_NO_EXACT_RETAINED_RECORD				NONCARRIER_SENTINEL_OBSERVATION	AFR			
HML-2_Xq21.33	HG02492_h2_HML-2_Xq21.33_technical_error	HML-2_Xq21.33	HG02492	h2	Validator_Script	HML-2_Xq21.33|HG02492|h2|none|historical_source/cluster/HML2_project_graph/extracted_sequences/hgsvc3-2024-02-23-mc-chm13/HML-2_Xq21.33/HG02492_h2_HML-2_Xq21.33_graph_hgsvc3-2024-02-23-mc-chm13.fa|401b14959d16860c461e2ef6113664ab4dceeeb59c34fdb9be34528d47bf02a2	1	1	NA	NA	NO_EXACT_RETAINED_RECORD				NOT_ASSESSED_NO_EXACT_RETAINED_RECORD				NONCARRIER_SENTINEL_OBSERVATION	SAS			
HML-2_Xq21.33	HG02587_h2_HML-2_Xq21.33_technical_error	HML-2_Xq21.33	HG02587	h2	Validator_Script	HML-2_Xq21.33|HG02587|h2|none|historical_source/cluster/HML2_project_graph/extracted_sequences/hgsvc3-2024-02-23-mc-chm13/HML-2_Xq21.33/HG02587_h2_HML-2_Xq21.33_graph_hgsvc3-2024-02-23-mc-chm13.fa|9cd0f3dadd802000b1dfb2b11ffd5de2586321a18f21d1c2eb7891f4fb754005	1	1	NA	NA	NO_EXACT_RETAINED_RECORD				NOT_ASSESSED_NO_EXACT_RETAINED_RECORD				NONCARRIER_SENTINEL_OBSERVATION	AFR			
HML-2_Xq21.33	HG02769_h2_HML-2_Xq21.33_technical_error	HML-2_Xq21.33	HG02769	h2	Validator_Script	HML-2_Xq21.33|HG02769|h2|none|historical_source/cluster/HML2_project_graph/extracted_sequences/hgsvc3-2024-02-23-mc-chm13/HML-2_Xq21.33/HG02769_h2_HML-2_Xq21.33_graph_hgsvc3-2024-02-23-mc-chm13.fa|8b94c9dcea56637270da6b4a4c23876fcf20d598cad9db94c19ae0bc7190cbf8	1	1	NA	NA	NO_EXACT_RETAINED_RECORD				NOT_ASSESSED_NO_EXACT_RETAINED_RECORD				NONCARRIER_SENTINEL_OBSERVATION	AFR			
HML-2_Xq21.33	HG02953_h2_HML-2_Xq21.33_technical_error	HML-2_Xq21.33	HG02953	h2	Validator_Script	HML-2_Xq21.33|HG02953|h2|none|historical_source/cluster/HML2_project_graph/extracted_sequences/hgsvc3-2024-02-23-mc-chm13/HML-2_Xq21.33/HG02953_h2_HML-2_Xq21.33_graph_hgsvc3-2024-02-23-mc-chm13.fa|507793d527759d8404b6415be2f200df3e5a978a50f49a0794e646576e616ca6	1	1	NA	NA	NO_EXACT_RETAINED_RECORD				NOT_ASSESSED_NO_EXACT_RETAINED_RECORD				NONCARRIER_SENTINEL_OBSERVATION	AFR			
HML-2_Xq21.33	HG03009_h2_HML-2_Xq21.33_technical_error	HML-2_Xq21.33	HG03009	h2	Validator_Script	HML-2_Xq21.33|HG03009|h2|none|historical_source/cluster/HML2_project_graph/extracted_sequences/hgsvc3-2024-02-23-mc-chm13/HML-2_Xq21.33/HG03009_h2_HML-2_Xq21.33_graph_hgsvc3-2024-02-23-mc-chm13.fa|2877baffcbdb725d538a3ee770039035010004d6651308eb8eef73360c5b1dd7	1	1	NA	NA	NO_EXACT_RETAINED_RECORD				NOT_ASSESSED_NO_EXACT_RETAINED_RECORD				NONCARRIER_SENTINEL_OBSERVATION	SAS			
HML-2_Xq21.33	HG03065_h2_HML-2_Xq21.33_technical_error	HML-2_Xq21.33	HG03065	h2	Validator_Script	HML-2_Xq21.33|HG03065|h2|none|historical_source/cluster/HML2_project_graph/extracted_sequences/hgsvc3-2024-02-23-mc-chm13/HML-2_Xq21.33/HG03065_h2_HML-2_Xq21.33_graph_hgsvc3-2024-02-23-mc-chm13.fa|5161ee6e5249912514d8e1bd516377b64664fee9c2eb7b0184450968e523e6b9	1	1	NA	NA	NO_EXACT_RETAINED_RECORD				NOT_ASSESSED_NO_EXACT_RETAINED_RECORD				NONCARRIER_SENTINEL_OBSERVATION	AFR			
HML-2_Xq21.33	HG03248_h2_HML-2_Xq21.33_technical_error	HML-2_Xq21.33	HG03248	h2	Validator_Script	HML-2_Xq21.33|HG03248|h2|none|historical_source/cluster/HML2_project_graph/extracted_sequences/hgsvc3-2024-02-23-mc-chm13/HML-2_Xq21.33/HG03248_h2_HML-2_Xq21.33_graph_hgsvc3-2024-02-23-mc-chm13.fa|77da0804ec81a045cc2adddc050708fdbaed0491edce49a993b4b97ac2712aca	1	1	NA	NA	NO_EXACT_RETAINED_RECORD				NOT_ASSESSED_NO_EXACT_RETAINED_RECORD				NONCARRIER_SENTINEL_OBSERVATION	AFR			
HML-2_Xq21.33	HG03371_h2_HML-2_Xq21.33_technical_error	HML-2_Xq21.33	HG03371	h2	Validator_Script	HML-2_Xq21.33|HG03371|h2|none|historical_source/cluster/HML2_project_graph/extracted_sequences/hgsvc3-2024-02-23-mc-chm13/HML-2_Xq21.33/HG03371_h2_HML-2_Xq21.33_graph_hgsvc3-2024-02-23-mc-chm13.fa|7617fa7f7630d7817a424fbe2f7a7bac8024a7b72e4c3233f61233ee2eef4414	1	1	NA	NA	NO_EXACT_RETAINED_RECORD				NOT_ASSESSED_NO_EXACT_RETAINED_RECORD				NONCARRIER_SENTINEL_OBSERVATION	AFR			
HML-2_Xq21.33	HG03452_h2_HML-2_Xq21.33_technical_error	HML-2_Xq21.33	HG03452	h2	Validator_Script	HML-2_Xq21.33|HG03452|h2|none|historical_source/cluster/HML2_project_graph/extracted_sequences/hgsvc3-2024-02-23-mc-chm13/HML-2_Xq21.33/HG03452_h2_HML-2_Xq21.33_graph_hgsvc3-2024-02-23-mc-chm13.fa|52de08111db18025f6c16338ac252e9beb96ef1bb639a346fbb16e0fef121155	1	1	NA	NA	NO_EXACT_RETAINED_RECORD				NOT_ASSESSED_NO_EXACT_RETAINED_RECORD				NONCARRIER_SENTINEL_OBSERVATION	AFR			
HML-2_Xq21.33	HG03456_h2_HML-2_Xq21.33_technical_error	HML-2_Xq21.33	HG03456	h2	Validator_Script	HML-2_Xq21.33|HG03456|h2|none|historical_source/cluster/HML2_project_graph/extracted_sequences/hgsvc3-2024-02-23-mc-chm13/HML-2_Xq21.33/HG03456_h2_HML-2_Xq21.33_graph_hgsvc3-2024-02-23-mc-chm13.fa|e307451b10b85437d5c13af6ba1ebae9c38238cca92d08409ac395fb18897f07	1	1	NA	NA	NO_EXACT_RETAINED_RECORD				NOT_ASSESSED_NO_EXACT_RETAINED_RECORD				NONCARRIER_SENTINEL_OBSERVATION	AFR			
HML-2_Xq21.33	HG03520_h2_HML-2_Xq21.33_technical_error	HML-2_Xq21.33	HG03520	h2	Validator_Script	HML-2_Xq21.33|HG03520|h2|none|historical_source/cluster/HML2_project_graph/extracted_sequences/hgsvc3-2024-02-23-mc-chm13/HML-2_Xq21.33/HG03520_h2_HML-2_Xq21.33_graph_hgsvc3-2024-02-23-mc-chm13.fa|7986ab4ce25a416201a2907c508f7139d3e9f118b2f4fc68123db5e0d4c81211	1	1	NA	NA	NO_EXACT_RETAINED_RECORD				NOT_ASSESSED_NO_EXACT_RETAINED_RECORD				NONCARRIER_SENTINEL_OBSERVATION	AFR			
HML-2_Xq21.33	HG03683_h2_HML-2_Xq21.33_technical_error	HML-2_Xq21.33	HG03683	h2	Validator_Script	HML-2_Xq21.33|HG03683|h2|none|historical_source/cluster/HML2_project_graph/extracted_sequences/hgsvc3-2024-02-23-mc-chm13/HML-2_Xq21.33/HG03683_h2_HML-2_Xq21.33_graph_hgsvc3-2024-02-23-mc-chm13.fa|a6d1414ec29ff76d9845d5fab90cb0e02314e114e444121e87b42cbdcfff1244	1	1	NA	NA	NO_EXACT_RETAINED_RECORD				NOT_ASSESSED_NO_EXACT_RETAINED_RECORD				NONCARRIER_SENTINEL_OBSERVATION	SAS			
HML-2_Xq21.33	HG03732_h2_HML-2_Xq21.33_technical_error	HML-2_Xq21.33	HG03732	h2	Validator_Script	HML-2_Xq21.33|HG03732|h2|none|historical_source/cluster/HML2_project_graph/extracted_sequences/hgsvc3-2024-02-23-mc-chm13/HML-2_Xq21.33/HG03732_h2_HML-2_Xq21.33_graph_hgsvc3-2024-02-23-mc-chm13.fa|c679758f394513bac3e37a758f0735b7365ec9bf240e9c3d29b17da1a5a9d86f	1	1	NA	NA	NO_EXACT_RETAINED_RECORD				NOT_ASSESSED_NO_EXACT_RETAINED_RECORD				NONCARRIER_SENTINEL_OBSERVATION	SAS			
HML-2_Xq21.33	HG03807_h2_HML-2_Xq21.33_technical_error	HML-2_Xq21.33	HG03807	h2	Validator_Script	HML-2_Xq21.33|HG03807|h2|none|historical_source/cluster/HML2_project_graph/extracted_sequences/hgsvc3-2024-02-23-mc-chm13/HML-2_Xq21.33/HG03807_h2_HML-2_Xq21.33_graph_hgsvc3-2024-02-23-mc-chm13.fa|8431c7c42bf183538cdc360eb2557436dc62c4327bb62c186995933347f76ed1	1	1	NA	NA	NO_EXACT_RETAINED_RECORD				NOT_ASSESSED_NO_EXACT_RETAINED_RECORD				NONCARRIER_SENTINEL_OBSERVATION	SAS			
HML-2_Xq21.33	HG04036_h2_HML-2_Xq21.33_technical_error	HML-2_Xq21.33	HG04036	h2	Validator_Script	HML-2_Xq21.33|HG04036|h2|none|historical_source/cluster/HML2_project_graph/extracted_sequences/hgsvc3-2024-02-23-mc-chm13/HML-2_Xq21.33/HG04036_h2_HML-2_Xq21.33_graph_hgsvc3-2024-02-23-mc-chm13.fa|41e5a098f881102e67d4dafb08fee422c5b38c89b28c905e0f3afeb94f178095	1	1	NA	NA	NO_EXACT_RETAINED_RECORD				NOT_ASSESSED_NO_EXACT_RETAINED_RECORD				NONCARRIER_SENTINEL_OBSERVATION	SAS			
HML-2_Xq21.33	HG04217_h2_HML-2_Xq21.33_technical_error	HML-2_Xq21.33	HG04217	h2	Validator_Script	HML-2_Xq21.33|HG04217|h2|none|historical_source/cluster/HML2_project_graph/extracted_sequences/hgsvc3-2024-02-23-mc-chm13/HML-2_Xq21.33/HG04217_h2_HML-2_Xq21.33_graph_hgsvc3-2024-02-23-mc-chm13.fa|1d465e4e32ab3ed2804211a857b162049002915804450278932fdd5ddeb842cd	1	1	NA	NA	NO_EXACT_RETAINED_RECORD				NOT_ASSESSED_NO_EXACT_RETAINED_RECORD				NONCARRIER_SENTINEL_OBSERVATION	SAS			
HML-2_Xq21.33	NA12329_h2_HML-2_Xq21.33_technical_error	HML-2_Xq21.33	NA12329	h2	Validator_Script	HML-2_Xq21.33|NA12329|h2|none|historical_source/cluster/HML2_project_graph/extracted_sequences/hgsvc3-2024-02-23-mc-chm13/HML-2_Xq21.33/NA12329_h2_HML-2_Xq21.33_graph_hgsvc3-2024-02-23-mc-chm13.fa|d02f9a8b789de76c6783070694efc2838e4e229e632a5ce4d491eec32759eb7e	1	1	NA	NA	NO_EXACT_RETAINED_RECORD				NOT_ASSESSED_NO_EXACT_RETAINED_RECORD				NONCARRIER_SENTINEL_OBSERVATION	EUR			
HML-2_Xq21.33	NA18534_h2_HML-2_Xq21.33_technical_error	HML-2_Xq21.33	NA18534	h2	Validator_Script	HML-2_Xq21.33|NA18534|h2|none|historical_source/cluster/HML2_project_graph/extracted_sequences/hgsvc3-2024-02-23-mc-chm13/HML-2_Xq21.33/NA18534_h2_HML-2_Xq21.33_graph_hgsvc3-2024-02-23-mc-chm13.fa|511de6fc167df4013d41e5d4d62c268e7a4e7e0ad3da146ef48a1c6ce2f38519	1	1	NA	NA	NO_EXACT_RETAINED_RECORD				NOT_ASSESSED_NO_EXACT_RETAINED_RECORD				NONCARRIER_SENTINEL_OBSERVATION	EAS			
HML-2_Xq21.33	NA18939_h2_HML-2_Xq21.33_technical_error	HML-2_Xq21.33	NA18939	h2	Validator_Script	HML-2_Xq21.33|NA18939|h2|none|historical_source/cluster/HML2_project_graph/extracted_sequences/hgsvc3-2024-02-23-mc-chm13/HML-2_Xq21.33/NA18939_h2_HML-2_Xq21.33_graph_hgsvc3-2024-02-23-mc-chm13.fa|22090547e5076e190908dc3c5af39d31b6f8fb8a6623c806b6b0da4830a1fafe	1	1	NA	NA	NO_EXACT_RETAINED_RECORD				NOT_ASSESSED_NO_EXACT_RETAINED_RECORD				NONCARRIER_SENTINEL_OBSERVATION	EAS			
HML-2_Xq21.33	NA18989_h2_HML-2_Xq21.33_technical_error	HML-2_Xq21.33	NA18989	h2	Validator_Script	HML-2_Xq21.33|NA18989|h2|none|historical_source/cluster/HML2_project_graph/extracted_sequences/hgsvc3-2024-02-23-mc-chm13/HML-2_Xq21.33/NA18989_h2_HML-2_Xq21.33_graph_hgsvc3-2024-02-23-mc-chm13.fa|f47c825438faa94df652fb21f3dd461c91a1cf6e4e8ac65bfc4dbab2470611e0	1	1	NA	NA	NO_EXACT_RETAINED_RECORD				NOT_ASSESSED_NO_EXACT_RETAINED_RECORD				NONCARRIER_SENTINEL_OBSERVATION	EAS			
HML-2_Xq21.33	NA19129_h2_HML-2_Xq21.33_technical_error	HML-2_Xq21.33	NA19129	h2	Validator_Script	HML-2_Xq21.33|NA19129|h2|none|historical_source/cluster/HML2_project_graph/extracted_sequences/hgsvc3-2024-02-23-mc-chm13/HML-2_Xq21.33/NA19129_h2_HML-2_Xq21.33_graph_hgsvc3-2024-02-23-mc-chm13.fa|86672707a0d50a78e083612985095d6e09196b94b9c9de22d4c570e316fd60f2	1	1	NA	NA	NO_EXACT_RETAINED_RECORD				NOT_ASSESSED_NO_EXACT_RETAINED_RECORD				NONCARRIER_SENTINEL_OBSERVATION	AFR			
HML-2_Xq21.33	NA19238_h2_HML-2_Xq21.33_technical_error	HML-2_Xq21.33	NA19238	h2	Validator_Script	HML-2_Xq21.33|NA19238|h2|none|historical_source/cluster/HML2_project_graph/extracted_sequences/hgsvc3-2024-02-23-mc-chm13/HML-2_Xq21.33/NA19238_h2_HML-2_Xq21.33_graph_hgsvc3-2024-02-23-mc-chm13.fa|dbcea4944817159bd4cea8f3d81fbabe4d9e8a6c0f0730a5a2eabc16b38caa72	1	1	NA	NA	NO_EXACT_RETAINED_RECORD				NOT_ASSESSED_NO_EXACT_RETAINED_RECORD				NONCARRIER_SENTINEL_OBSERVATION	AFR			
HML-2_Xq21.33	NA19239_h2_HML-2_Xq21.33_technical_error	HML-2_Xq21.33	NA19239	h2	Validator_Script	HML-2_Xq21.33|NA19239|h2|none|historical_source/cluster/HML2_project_graph/extracted_sequences/hgsvc3-2024-02-23-mc-chm13/HML-2_Xq21.33/NA19239_h2_HML-2_Xq21.33_graph_hgsvc3-2024-02-23-mc-chm13.fa|c90af26ff680e67de3caf94c76af73c9bb2d7187ff0c204e3b9ed9eac647c915	1	1	NA	NA	NO_EXACT_RETAINED_RECORD				NOT_ASSESSED_NO_EXACT_RETAINED_RECORD				NONCARRIER_SENTINEL_OBSERVATION	AFR			
HML-2_Xq21.33	NA19317_h2_HML-2_Xq21.33_technical_error	HML-2_Xq21.33	NA19317	h2	Validator_Script	HML-2_Xq21.33|NA19317|h2|none|historical_source/cluster/HML2_project_graph/extracted_sequences/hgsvc3-2024-02-23-mc-chm13/HML-2_Xq21.33/NA19317_h2_HML-2_Xq21.33_graph_hgsvc3-2024-02-23-mc-chm13.fa|6974305a015eaa9edd9c52b3b964abe387cd760dc48b71e62ffe21050cb15816	1	1	NA	NA	NO_EXACT_RETAINED_RECORD				NOT_ASSESSED_NO_EXACT_RETAINED_RECORD				NONCARRIER_SENTINEL_OBSERVATION	AFR			
HML-2_Xq21.33	NA19331_h2_HML-2_Xq21.33_technical_error	HML-2_Xq21.33	NA19331	h2	Validator_Script	HML-2_Xq21.33|NA19331|h2|none|historical_source/cluster/HML2_project_graph/extracted_sequences/hgsvc3-2024-02-23-mc-chm13/HML-2_Xq21.33/NA19331_h2_HML-2_Xq21.33_graph_hgsvc3-2024-02-23-mc-chm13.fa|2c425469940332c41b28e7235e5647f7e583021f76a7cef37609858f3335fa0f	1	1	NA	NA	NO_EXACT_RETAINED_RECORD				NOT_ASSESSED_NO_EXACT_RETAINED_RECORD				NONCARRIER_SENTINEL_OBSERVATION	AFR			
HML-2_Xq21.33	NA19347_h2_HML-2_Xq21.33_technical_error	HML-2_Xq21.33	NA19347	h2	Validator_Script	HML-2_Xq21.33|NA19347|h2|none|historical_source/cluster/HML2_project_graph/extracted_sequences/hgsvc3-2024-02-23-mc-chm13/HML-2_Xq21.33/NA19347_h2_HML-2_Xq21.33_graph_hgsvc3-2024-02-23-mc-chm13.fa|7fc8575a36d5647194b897cc0cf590725a5c66d9bea76986d7c92da5a4a2f954	1	1	NA	NA	NO_EXACT_RETAINED_RECORD				NOT_ASSESSED_NO_EXACT_RETAINED_RECORD				NONCARRIER_SENTINEL_OBSERVATION	AFR			
HML-2_Xq21.33	NA19384_h2_HML-2_Xq21.33_technical_error	HML-2_Xq21.33	NA19384	h2	Validator_Script	HML-2_Xq21.33|NA19384|h2|none|historical_source/cluster/HML2_project_graph/extracted_sequences/hgsvc3-2024-02-23-mc-chm13/HML-2_Xq21.33/NA19384_h2_HML-2_Xq21.33_graph_hgsvc3-2024-02-23-mc-chm13.fa|e92ff34d7d7bd019e9013d320c2755d96108110eac856f02eefbd2461cc92760	1	1	NA	NA	NO_EXACT_RETAINED_RECORD				NOT_ASSESSED_NO_EXACT_RETAINED_RECORD				NONCARRIER_SENTINEL_OBSERVATION	AFR			
HML-2_Xq21.33	NA19434_h2_HML-2_Xq21.33_technical_error	HML-2_Xq21.33	NA19434	h2	Validator_Script	HML-2_Xq21.33|NA19434|h2|none|historical_source/cluster/HML2_project_graph/extracted_sequences/hgsvc3-2024-02-23-mc-chm13/HML-2_Xq21.33/NA19434_h2_HML-2_Xq21.33_graph_hgsvc3-2024-02-23-mc-chm13.fa|07c1408d0390934364688b410361e6c381cdd665342f0f90692cccbf47718913	1	1	NA	NA	NO_EXACT_RETAINED_RECORD				NOT_ASSESSED_NO_EXACT_RETAINED_RECORD				NONCARRIER_SENTINEL_OBSERVATION	AFR			
HML-2_Xq21.33	NA19650_h2_HML-2_Xq21.33_technical_error	HML-2_Xq21.33	NA19650	h2	Validator_Script	HML-2_Xq21.33|NA19650|h2|none|historical_source/cluster/HML2_project_graph/extracted_sequences/hgsvc3-2024-02-23-mc-chm13/HML-2_Xq21.33/NA19650_h2_HML-2_Xq21.33_graph_hgsvc3-2024-02-23-mc-chm13.fa|cf1301976d9b6f29c57be96d2167f35a6f97855d80f6b305264dde86f975096f	1	1	NA	NA	NO_EXACT_RETAINED_RECORD				NOT_ASSESSED_NO_EXACT_RETAINED_RECORD				NONCARRIER_SENTINEL_OBSERVATION	AMR			
HML-2_Xq21.33	NA19705_h2_HML-2_Xq21.33_technical_error	HML-2_Xq21.33	NA19705	h2	Validator_Script	HML-2_Xq21.33|NA19705|h2|none|historical_source/cluster/HML2_project_graph/extracted_sequences/hgsvc3-2024-02-23-mc-chm13/HML-2_Xq21.33/NA19705_h2_HML-2_Xq21.33_graph_hgsvc3-2024-02-23-mc-chm13.fa|a5f61c68a7e91100a259f1906da161efbd800e9a21d6af370b25fe7904342858	1	1	NA	NA	NO_EXACT_RETAINED_RECORD				NOT_ASSESSED_NO_EXACT_RETAINED_RECORD				NONCARRIER_SENTINEL_OBSERVATION	AFR			
HML-2_Xq21.33	NA19836_h2_HML-2_Xq21.33_technical_error	HML-2_Xq21.33	NA19836	h2	Validator_Script	HML-2_Xq21.33|NA19836|h2|none|historical_source/cluster/HML2_project_graph/extracted_sequences/hgsvc3-2024-02-23-mc-chm13/HML-2_Xq21.33/NA19836_h2_HML-2_Xq21.33_graph_hgsvc3-2024-02-23-mc-chm13.fa|9c6e0a2b89946235b4598d32ad35f47905bb1ab72dc534991b0e989bee14d64f	1	1	NA	NA	NO_EXACT_RETAINED_RECORD				NOT_ASSESSED_NO_EXACT_RETAINED_RECORD				NONCARRIER_SENTINEL_OBSERVATION	AFR			
HML-2_Xq21.33	NA19983_h2_HML-2_Xq21.33_technical_error	HML-2_Xq21.33	NA19983	h2	Validator_Script	HML-2_Xq21.33|NA19983|h2|none|historical_source/cluster/HML2_project_graph/extracted_sequences/hgsvc3-2024-02-23-mc-chm13/HML-2_Xq21.33/NA19983_h2_HML-2_Xq21.33_graph_hgsvc3-2024-02-23-mc-chm13.fa|2a15105754f196226a0c488c955dfdadf0650f56186588c903222d4f7213a493	1	1	NA	NA	NO_EXACT_RETAINED_RECORD				NOT_ASSESSED_NO_EXACT_RETAINED_RECORD				NONCARRIER_SENTINEL_OBSERVATION	AFR			
HML-2_Xq21.33	NA20355_h2_HML-2_Xq21.33_technical_error	HML-2_Xq21.33	NA20355	h2	Validator_Script	HML-2_Xq21.33|NA20355|h2|none|historical_source/cluster/HML2_project_graph/extracted_sequences/hgsvc3-2024-02-23-mc-chm13/HML-2_Xq21.33/NA20355_h2_HML-2_Xq21.33_graph_hgsvc3-2024-02-23-mc-chm13.fa|5ee67595b6880e15607977e00579b845218f6be30aa7ab51cafdb0667c302a58	1	1	NA	NA	NO_EXACT_RETAINED_RECORD				NOT_ASSESSED_NO_EXACT_RETAINED_RECORD				NONCARRIER_SENTINEL_OBSERVATION	AFR			
HML-2_Xq21.33	NA20509_h2_HML-2_Xq21.33_technical_error	HML-2_Xq21.33	NA20509	h2	Validator_Script	HML-2_Xq21.33|NA20509|h2|none|historical_source/cluster/HML2_project_graph/extracted_sequences/hgsvc3-2024-02-23-mc-chm13/HML-2_Xq21.33/NA20509_h2_HML-2_Xq21.33_graph_hgsvc3-2024-02-23-mc-chm13.fa|05ec5b0d6a7da77a76ab67d1427fe9fefc46898e0e0e27277f05d0a1a91c2180	1	1	NA	NA	NO_EXACT_RETAINED_RECORD				NOT_ASSESSED_NO_EXACT_RETAINED_RECORD				NONCARRIER_SENTINEL_OBSERVATION	EUR			
HML-2_Xq21.33	NA20847_h2_HML-2_Xq21.33_technical_error	HML-2_Xq21.33	NA20847	h2	Validator_Script	HML-2_Xq21.33|NA20847|h2|none|historical_source/cluster/HML2_project_graph/extracted_sequences/hgsvc3-2024-02-23-mc-chm13/HML-2_Xq21.33/NA20847_h2_HML-2_Xq21.33_graph_hgsvc3-2024-02-23-mc-chm13.fa|4812f96a2742c0d2ac65472e54e3e650b1b0236c29765442a57be02f46632f61	1	1	NA	NA	NO_EXACT_RETAINED_RECORD				NOT_ASSESSED_NO_EXACT_RETAINED_RECORD				NONCARRIER_SENTINEL_OBSERVATION	SAS			
HML-2_Xq21.33	NA21487_h2_HML-2_Xq21.33_technical_error	HML-2_Xq21.33	NA21487	h2	Validator_Script	HML-2_Xq21.33|NA21487|h2|none|historical_source/cluster/HML2_project_graph/extracted_sequences/hgsvc3-2024-02-23-mc-chm13/HML-2_Xq21.33/NA21487_h2_HML-2_Xq21.33_graph_hgsvc3-2024-02-23-mc-chm13.fa|7a7045b42757e0d9d9bb66bec84a8c0e41a6a36e4b238859c78b828443b61f64	1	1	NA	NA	NO_EXACT_RETAINED_RECORD				NOT_ASSESSED_NO_EXACT_RETAINED_RECORD				NONCARRIER_SENTINEL_OBSERVATION	Unassigned			
HML-2_Xq28b	HG00096_h2_HML-2_Xq28b_technical_error	HML-2_Xq28b	HG00096	h2	Validator_Script	HML-2_Xq28b|HG00096|h2|none|historical_source/cluster/HML2_project_graph/extracted_sequences/hgsvc3-2024-02-23-mc-chm13/HML-2_Xq28b/HG00096_h2_HML-2_Xq28b_graph_hgsvc3-2024-02-23-mc-chm13.fa|6e41ccf36a4799932f02c3c74b6a4560ac0ce98f9f75d68aefb6c527523bf7dd	1	1	NA	NA	NO_EXACT_RETAINED_RECORD				NOT_ASSESSED_NO_EXACT_RETAINED_RECORD				NONCARRIER_SENTINEL_OBSERVATION	EUR			
HML-2_Xq28b	HG00171_h2_HML-2_Xq28b_technical_error	HML-2_Xq28b	HG00171	h2	Validator_Script	HML-2_Xq28b|HG00171|h2|none|historical_source/cluster/HML2_project_graph/extracted_sequences/hgsvc3-2024-02-23-mc-chm13/HML-2_Xq28b/HG00171_h2_HML-2_Xq28b_graph_hgsvc3-2024-02-23-mc-chm13.fa|6c65f815642dc20a07dfb0a9502e4caa412e46bc22614b25af3e3633dd9222c9	1	1	NA	NA	NO_EXACT_RETAINED_RECORD				NOT_ASSESSED_NO_EXACT_RETAINED_RECORD				NONCARRIER_SENTINEL_OBSERVATION	EUR			
HML-2_Xq28b	HG00268_h2_HML-2_Xq28b_technical_error	HML-2_Xq28b	HG00268	h2	Validator_Script	HML-2_Xq28b|HG00268|h2|none|historical_source/cluster/HML2_project_graph/extracted_sequences/hgsvc3-2024-02-23-mc-chm13/HML-2_Xq28b/HG00268_h2_HML-2_Xq28b_graph_hgsvc3-2024-02-23-mc-chm13.fa|028293f4f0521824761c49dc01480973eb699d150508c1ad8763dd43e5873620	1	1	NA	NA	NO_EXACT_RETAINED_RECORD				NOT_ASSESSED_NO_EXACT_RETAINED_RECORD				NONCARRIER_SENTINEL_OBSERVATION	EUR			
HML-2_Xq28b	HG00358_h2_HML-2_Xq28b_technical_error	HML-2_Xq28b	HG00358	h2	Validator_Script	HML-2_Xq28b|HG00358|h2|none|historical_source/cluster/HML2_project_graph/extracted_sequences/hgsvc3-2024-02-23-mc-chm13/HML-2_Xq28b/HG00358_h2_HML-2_Xq28b_graph_hgsvc3-2024-02-23-mc-chm13.fa|3c878a0ecaa7058982522f7a321b64e82fce48baac7bdb0a838038c24d7e9768	1	1	NA	NA	NO_EXACT_RETAINED_RECORD				NOT_ASSESSED_NO_EXACT_RETAINED_RECORD				NONCARRIER_SENTINEL_OBSERVATION	EUR			
HML-2_Xq28b	HG00512_h2_HML-2_Xq28b_technical_error	HML-2_Xq28b	HG00512	h2	Validator_Script	HML-2_Xq28b|HG00512|h2|none|historical_source/cluster/HML2_project_graph/extracted_sequences/hgsvc3-2024-02-23-mc-chm13/HML-2_Xq28b/HG00512_h2_HML-2_Xq28b_graph_hgsvc3-2024-02-23-mc-chm13.fa|431c0d839a107ff4c9c225172447895415e805869ac53da53c10a84ed7c196df	1	1	NA	NA	NO_EXACT_RETAINED_RECORD				NOT_ASSESSED_NO_EXACT_RETAINED_RECORD				NONCARRIER_SENTINEL_OBSERVATION	EAS			
HML-2_Xq28b	HG00513_h2_HML-2_Xq28b_technical_error	HML-2_Xq28b	HG00513	h2	Validator_Script	HML-2_Xq28b|HG00513|h2|none|historical_source/cluster/HML2_project_graph/extracted_sequences/hgsvc3-2024-02-23-mc-chm13/HML-2_Xq28b/HG00513_h2_HML-2_Xq28b_graph_hgsvc3-2024-02-23-mc-chm13.fa|37b44c0168f7dc32598149ce2ba57db7e3f4df37fd775a11a384802c9b5d9a69	1	1	NA	NA	NO_EXACT_RETAINED_RECORD				NOT_ASSESSED_NO_EXACT_RETAINED_RECORD				NONCARRIER_SENTINEL_OBSERVATION	EAS			
HML-2_Xq28b	HG00514_h2_HML-2_Xq28b_technical_error	HML-2_Xq28b	HG00514	h2	Validator_Script	HML-2_Xq28b|HG00514|h2|none|historical_source/cluster/HML2_project_graph/extracted_sequences/hgsvc3-2024-02-23-mc-chm13/HML-2_Xq28b/HG00514_h2_HML-2_Xq28b_graph_hgsvc3-2024-02-23-mc-chm13.fa|ededb1b616648cc359d48b2b600fbbf61ff0b677ef63e4fc8c19ada1d66ed1e8	1	1	NA	NA	NO_EXACT_RETAINED_RECORD				NOT_ASSESSED_NO_EXACT_RETAINED_RECORD				NONCARRIER_SENTINEL_OBSERVATION	EAS			
HML-2_Xq28b	HG00732_h2_HML-2_Xq28b_technical_error	HML-2_Xq28b	HG00732	h2	Validator_Script	HML-2_Xq28b|HG00732|h2|none|historical_source/cluster/HML2_project_graph/extracted_sequences/hgsvc3-2024-02-23-mc-chm13/HML-2_Xq28b/HG00732_h2_HML-2_Xq28b_graph_hgsvc3-2024-02-23-mc-chm13.fa|e85621b1c2d3ca0a2f7149cf782fca5e8054a74dbf0540527bb9c146b3186a2c	1	1	NA	NA	NO_EXACT_RETAINED_RECORD				NOT_ASSESSED_NO_EXACT_RETAINED_RECORD				NONCARRIER_SENTINEL_OBSERVATION	AMR			
HML-2_Xq28b	HG00864_h2_HML-2_Xq28b_technical_error	HML-2_Xq28b	HG00864	h2	Validator_Script	HML-2_Xq28b|HG00864|h2|none|historical_source/cluster/HML2_project_graph/extracted_sequences/hgsvc3-2024-02-23-mc-chm13/HML-2_Xq28b/HG00864_h2_HML-2_Xq28b_graph_hgsvc3-2024-02-23-mc-chm13.fa|770a7c136ad25cb0c4a12cc310f9aa636fb3a33c1ee10e88c9ff3e5086c59b07	1	1	NA	NA	NO_EXACT_RETAINED_RECORD				NOT_ASSESSED_NO_EXACT_RETAINED_RECORD				NONCARRIER_SENTINEL_OBSERVATION	EAS			
HML-2_Xq28b	HG01352_h2_HML-2_Xq28b_technical_error	HML-2_Xq28b	HG01352	h2	Validator_Script	HML-2_Xq28b|HG01352|h2|none|historical_source/cluster/HML2_project_graph/extracted_sequences/hgsvc3-2024-02-23-mc-chm13/HML-2_Xq28b/HG01352_h2_HML-2_Xq28b_graph_hgsvc3-2024-02-23-mc-chm13.fa|35eb723d6f63d54ad574f914e2b71bf9d78aadbaf4b3662871137f566a8b8436	1	1	NA	NA	NO_EXACT_RETAINED_RECORD				NOT_ASSESSED_NO_EXACT_RETAINED_RECORD				NONCARRIER_SENTINEL_OBSERVATION	AMR			
HML-2_Xq28b	HG01505_h2_HML-2_Xq28b_technical_error	HML-2_Xq28b	HG01505	h2	Validator_Script	HML-2_Xq28b|HG01505|h2|none|historical_source/cluster/HML2_project_graph/extracted_sequences/hgsvc3-2024-02-23-mc-chm13/HML-2_Xq28b/HG01505_h2_HML-2_Xq28b_graph_hgsvc3-2024-02-23-mc-chm13.fa|737e562e506757147285c3f00f4289b7fa6ea5f74fb9cad904c8fb1c0b972b6b	1	1	NA	NA	NO_EXACT_RETAINED_RECORD				NOT_ASSESSED_NO_EXACT_RETAINED_RECORD				NONCARRIER_SENTINEL_OBSERVATION	EUR			
HML-2_Xq28b	HG01573_h2_HML-2_Xq28b_technical_error	HML-2_Xq28b	HG01573	h2	Validator_Script	HML-2_Xq28b|HG01573|h2|none|historical_source/cluster/HML2_project_graph/extracted_sequences/hgsvc3-2024-02-23-mc-chm13/HML-2_Xq28b/HG01573_h2_HML-2_Xq28b_graph_hgsvc3-2024-02-23-mc-chm13.fa|32cacd12f524b9b37b6c467ab1f2d75faec3b0ab6e08b16a436cc8c33fd73063	1	1	NA	NA	NO_EXACT_RETAINED_RECORD				NOT_ASSESSED_NO_EXACT_RETAINED_RECORD				NONCARRIER_SENTINEL_OBSERVATION	AMR			
HML-2_Xq28b	HG01596_h2_HML-2_Xq28b_technical_error	HML-2_Xq28b	HG01596	h2	Validator_Script	HML-2_Xq28b|HG01596|h2|none|historical_source/cluster/HML2_project_graph/extracted_sequences/hgsvc3-2024-02-23-mc-chm13/HML-2_Xq28b/HG01596_h2_HML-2_Xq28b_graph_hgsvc3-2024-02-23-mc-chm13.fa|53b2c5f23c08fb53fedf492a775b1c5f048084bed14d77240e8056c4af3b7737	1	1	NA	NA	NO_EXACT_RETAINED_RECORD				NOT_ASSESSED_NO_EXACT_RETAINED_RECORD				NONCARRIER_SENTINEL_OBSERVATION	EAS			
HML-2_Xq28b	HG02011_h2_HML-2_Xq28b_technical_error	HML-2_Xq28b	HG02011	h2	Validator_Script	HML-2_Xq28b|HG02011|h2|none|historical_source/cluster/HML2_project_graph/extracted_sequences/hgsvc3-2024-02-23-mc-chm13/HML-2_Xq28b/HG02011_h2_HML-2_Xq28b_graph_hgsvc3-2024-02-23-mc-chm13.fa|44c026edd40a932922bc53dbc54468445adb905d0faa7225c3054e67f3c7e675	1	1	NA	NA	NO_EXACT_RETAINED_RECORD				NOT_ASSESSED_NO_EXACT_RETAINED_RECORD				NONCARRIER_SENTINEL_OBSERVATION	AFR			
HML-2_Xq28b	HG02018_h2_HML-2_Xq28b_technical_error	HML-2_Xq28b	HG02018	h2	Validator_Script	HML-2_Xq28b|HG02018|h2|none|historical_source/cluster/HML2_project_graph/extracted_sequences/hgsvc3-2024-02-23-mc-chm13/HML-2_Xq28b/HG02018_h2_HML-2_Xq28b_graph_hgsvc3-2024-02-23-mc-chm13.fa|0ef03bc92289bfc3cdbf8a699479ce0f2ae7d482fa7332a1e27df0879e1d418f	1	1	NA	NA	NO_EXACT_RETAINED_RECORD				NOT_ASSESSED_NO_EXACT_RETAINED_RECORD				NONCARRIER_SENTINEL_OBSERVATION	EAS			
HML-2_Xq28b	HG02059_h2_HML-2_Xq28b_technical_error	HML-2_Xq28b	HG02059	h2	Validator_Script	HML-2_Xq28b|HG02059|h2|none|historical_source/cluster/HML2_project_graph/extracted_sequences/hgsvc3-2024-02-23-mc-chm13/HML-2_Xq28b/HG02059_h2_HML-2_Xq28b_graph_hgsvc3-2024-02-23-mc-chm13.fa|01a5523bb98a9bc7cbe181378c5bcc60b4adab60c51cb492250151b1ff9aa38d	1	1	NA	NA	NO_EXACT_RETAINED_RECORD				NOT_ASSESSED_NO_EXACT_RETAINED_RECORD				NONCARRIER_SENTINEL_OBSERVATION	EAS			
HML-2_Xq28b	HG02106_h2_HML-2_Xq28b_technical_error	HML-2_Xq28b	HG02106	h2	Validator_Script	HML-2_Xq28b|HG02106|h2|none|historical_source/cluster/HML2_project_graph/extracted_sequences/hgsvc3-2024-02-23-mc-chm13/HML-2_Xq28b/HG02106_h2_HML-2_Xq28b_graph_hgsvc3-2024-02-23-mc-chm13.fa|07c966b4fa67a7d5c817329cf560d8fe43d6ff54e74416e0df1f0ddab288e90c	1	1	NA	NA	NO_EXACT_RETAINED_RECORD				NOT_ASSESSED_NO_EXACT_RETAINED_RECORD				NONCARRIER_SENTINEL_OBSERVATION	AMR			
HML-2_Xq28b	HG02282_h2_HML-2_Xq28b_technical_error	HML-2_Xq28b	HG02282	h2	Validator_Script	HML-2_Xq28b|HG02282|h2|none|historical_source/cluster/HML2_project_graph/extracted_sequences/hgsvc3-2024-02-23-mc-chm13/HML-2_Xq28b/HG02282_h2_HML-2_Xq28b_graph_hgsvc3-2024-02-23-mc-chm13.fa|a956bc31a70cd6c9eca3188dc3afdd512cadcbb8b0141b7a7cff2d326216952e	1	1	NA	NA	NO_EXACT_RETAINED_RECORD				NOT_ASSESSED_NO_EXACT_RETAINED_RECORD				NONCARRIER_SENTINEL_OBSERVATION	AFR			
HML-2_Xq28b	HG02492_h2_HML-2_Xq28b_technical_error	HML-2_Xq28b	HG02492	h2	Validator_Script	HML-2_Xq28b|HG02492|h2|none|historical_source/cluster/HML2_project_graph/extracted_sequences/hgsvc3-2024-02-23-mc-chm13/HML-2_Xq28b/HG02492_h2_HML-2_Xq28b_graph_hgsvc3-2024-02-23-mc-chm13.fa|5ed1e6d7422ba143de16779c4d0a076285e0fd4b97c9a7b667c41c57aaa322a3	1	1	NA	NA	NO_EXACT_RETAINED_RECORD				NOT_ASSESSED_NO_EXACT_RETAINED_RECORD				NONCARRIER_SENTINEL_OBSERVATION	SAS			
HML-2_Xq28b	HG02587_h2_HML-2_Xq28b_technical_error	HML-2_Xq28b	HG02587	h2	Validator_Script	HML-2_Xq28b|HG02587|h2|none|historical_source/cluster/HML2_project_graph/extracted_sequences/hgsvc3-2024-02-23-mc-chm13/HML-2_Xq28b/HG02587_h2_HML-2_Xq28b_graph_hgsvc3-2024-02-23-mc-chm13.fa|dbc8cf10250ec0b5bffdc6c78a15805f1ce77abcc852c3c19fd6b89151c42c19	1	1	NA	NA	NO_EXACT_RETAINED_RECORD				NOT_ASSESSED_NO_EXACT_RETAINED_RECORD				NONCARRIER_SENTINEL_OBSERVATION	AFR			
HML-2_Xq28b	HG02953_h2_HML-2_Xq28b_technical_error	HML-2_Xq28b	HG02953	h2	Validator_Script	HML-2_Xq28b|HG02953|h2|none|historical_source/cluster/HML2_project_graph/extracted_sequences/hgsvc3-2024-02-23-mc-chm13/HML-2_Xq28b/HG02953_h2_HML-2_Xq28b_graph_hgsvc3-2024-02-23-mc-chm13.fa|12568c3110a5a1831c9310a4f7abdc91ba2be42224ce82789b868e14e9cc3340	1	1	NA	NA	NO_EXACT_RETAINED_RECORD				NOT_ASSESSED_NO_EXACT_RETAINED_RECORD				NONCARRIER_SENTINEL_OBSERVATION	AFR			
HML-2_Xq28b	HG03009_h2_HML-2_Xq28b_technical_error	HML-2_Xq28b	HG03009	h2	Validator_Script	HML-2_Xq28b|HG03009|h2|none|historical_source/cluster/HML2_project_graph/extracted_sequences/hgsvc3-2024-02-23-mc-chm13/HML-2_Xq28b/HG03009_h2_HML-2_Xq28b_graph_hgsvc3-2024-02-23-mc-chm13.fa|f22da137b575cdb74b1627df728225a2d053dded21f3e4d8d71498fc0daff9f8	1	1	NA	NA	NO_EXACT_RETAINED_RECORD				NOT_ASSESSED_NO_EXACT_RETAINED_RECORD				NONCARRIER_SENTINEL_OBSERVATION	SAS			
HML-2_Xq28b	HG03065_h2_HML-2_Xq28b_technical_error	HML-2_Xq28b	HG03065	h2	Validator_Script	HML-2_Xq28b|HG03065|h2|none|historical_source/cluster/HML2_project_graph/extracted_sequences/hgsvc3-2024-02-23-mc-chm13/HML-2_Xq28b/HG03065_h2_HML-2_Xq28b_graph_hgsvc3-2024-02-23-mc-chm13.fa|ee6fcda023b19166cef13384cfecbfc67c14e1f2c6b30605e088eb67e16e539b	1	1	NA	NA	NO_EXACT_RETAINED_RECORD				NOT_ASSESSED_NO_EXACT_RETAINED_RECORD				NONCARRIER_SENTINEL_OBSERVATION	AFR			
HML-2_Xq28b	HG03248_h2_HML-2_Xq28b_technical_error	HML-2_Xq28b	HG03248	h2	Validator_Script	HML-2_Xq28b|HG03248|h2|none|historical_source/cluster/HML2_project_graph/extracted_sequences/hgsvc3-2024-02-23-mc-chm13/HML-2_Xq28b/HG03248_h2_HML-2_Xq28b_graph_hgsvc3-2024-02-23-mc-chm13.fa|169e289472d2425cf20d8fe97e823a06ef4066cd6f65236007507b9233584d3c	1	1	NA	NA	NO_EXACT_RETAINED_RECORD				NOT_ASSESSED_NO_EXACT_RETAINED_RECORD				NONCARRIER_SENTINEL_OBSERVATION	AFR			
HML-2_Xq28b	HG03371_h2_HML-2_Xq28b_technical_error	HML-2_Xq28b	HG03371	h2	Validator_Script	HML-2_Xq28b|HG03371|h2|none|historical_source/cluster/HML2_project_graph/extracted_sequences/hgsvc3-2024-02-23-mc-chm13/HML-2_Xq28b/HG03371_h2_HML-2_Xq28b_graph_hgsvc3-2024-02-23-mc-chm13.fa|dff15ccaf4f9a011f74c551e9549e107204189f4b6763b618fb0f6d71dfbbe82	1	1	NA	NA	NO_EXACT_RETAINED_RECORD				NOT_ASSESSED_NO_EXACT_RETAINED_RECORD				NONCARRIER_SENTINEL_OBSERVATION	AFR			
HML-2_Xq28b	HG03452_h2_HML-2_Xq28b_technical_error	HML-2_Xq28b	HG03452	h2	Validator_Script	HML-2_Xq28b|HG03452|h2|none|historical_source/cluster/HML2_project_graph/extracted_sequences/hgsvc3-2024-02-23-mc-chm13/HML-2_Xq28b/HG03452_h2_HML-2_Xq28b_graph_hgsvc3-2024-02-23-mc-chm13.fa|6e726f6fa762255c5b3b064e26cc74f682f5fdd524c347bbe3102fdb007167d2	1	1	NA	NA	NO_EXACT_RETAINED_RECORD				NOT_ASSESSED_NO_EXACT_RETAINED_RECORD				NONCARRIER_SENTINEL_OBSERVATION	AFR			
HML-2_Xq28b	HG03456_h2_HML-2_Xq28b_technical_error	HML-2_Xq28b	HG03456	h2	Validator_Script	HML-2_Xq28b|HG03456|h2|none|historical_source/cluster/HML2_project_graph/extracted_sequences/hgsvc3-2024-02-23-mc-chm13/HML-2_Xq28b/HG03456_h2_HML-2_Xq28b_graph_hgsvc3-2024-02-23-mc-chm13.fa|e43358b7d623e78b1f35796d9b0a92f25f4060ea5748078b8e69ef33e94c9b82	1	1	NA	NA	NO_EXACT_RETAINED_RECORD				NOT_ASSESSED_NO_EXACT_RETAINED_RECORD				NONCARRIER_SENTINEL_OBSERVATION	AFR			
HML-2_Xq28b	HG03520_h2_HML-2_Xq28b_technical_error	HML-2_Xq28b	HG03520	h2	Validator_Script	HML-2_Xq28b|HG03520|h2|none|historical_source/cluster/HML2_project_graph/extracted_sequences/hgsvc3-2024-02-23-mc-chm13/HML-2_Xq28b/HG03520_h2_HML-2_Xq28b_graph_hgsvc3-2024-02-23-mc-chm13.fa|e5bc0d5403578f81e03f0716bc91fc81b8e3aef8dd878ff1b3f26331e6bb25f9	1	1	NA	NA	NO_EXACT_RETAINED_RECORD				NOT_ASSESSED_NO_EXACT_RETAINED_RECORD				NONCARRIER_SENTINEL_OBSERVATION	AFR			
HML-2_Xq28b	HG03683_h2_HML-2_Xq28b_technical_error	HML-2_Xq28b	HG03683	h2	Validator_Script	HML-2_Xq28b|HG03683|h2|none|historical_source/cluster/HML2_project_graph/extracted_sequences/hgsvc3-2024-02-23-mc-chm13/HML-2_Xq28b/HG03683_h2_HML-2_Xq28b_graph_hgsvc3-2024-02-23-mc-chm13.fa|bbc6cb67803bb1638e7fa7f32662b30557ddee6410334296f0863f937d3ed5f0	1	1	NA	NA	NO_EXACT_RETAINED_RECORD				NOT_ASSESSED_NO_EXACT_RETAINED_RECORD				NONCARRIER_SENTINEL_OBSERVATION	SAS			
HML-2_Xq28b	HG03732_h2_HML-2_Xq28b_technical_error	HML-2_Xq28b	HG03732	h2	Validator_Script	HML-2_Xq28b|HG03732|h2|none|historical_source/cluster/HML2_project_graph/extracted_sequences/hgsvc3-2024-02-23-mc-chm13/HML-2_Xq28b/HG03732_h2_HML-2_Xq28b_graph_hgsvc3-2024-02-23-mc-chm13.fa|810ca55d6ed40d91a42d9a078a7f76d9136cc7550f27fd3f81ce161d52901c7b	1	1	NA	NA	NO_EXACT_RETAINED_RECORD				NOT_ASSESSED_NO_EXACT_RETAINED_RECORD				NONCARRIER_SENTINEL_OBSERVATION	SAS			
HML-2_Xq28b	HG03807_h2_HML-2_Xq28b_technical_error	HML-2_Xq28b	HG03807	h2	Validator_Script	HML-2_Xq28b|HG03807|h2|none|historical_source/cluster/HML2_project_graph/extracted_sequences/hgsvc3-2024-02-23-mc-chm13/HML-2_Xq28b/HG03807_h2_HML-2_Xq28b_graph_hgsvc3-2024-02-23-mc-chm13.fa|1ce9716cc07fec4a0f9afe1488644406596c79288d2f0c23f3d8596da7085c3e	1	1	NA	NA	NO_EXACT_RETAINED_RECORD				NOT_ASSESSED_NO_EXACT_RETAINED_RECORD				NONCARRIER_SENTINEL_OBSERVATION	SAS			
HML-2_Xq28b	HG04036_h2_HML-2_Xq28b_technical_error	HML-2_Xq28b	HG04036	h2	Validator_Script	HML-2_Xq28b|HG04036|h2|none|historical_source/cluster/HML2_project_graph/extracted_sequences/hgsvc3-2024-02-23-mc-chm13/HML-2_Xq28b/HG04036_h2_HML-2_Xq28b_graph_hgsvc3-2024-02-23-mc-chm13.fa|87ab4931422245aee98457ac480c4017d0babcadaf30bc4cfc1a8f354c4c8121	1	1	NA	NA	NO_EXACT_RETAINED_RECORD				NOT_ASSESSED_NO_EXACT_RETAINED_RECORD				NONCARRIER_SENTINEL_OBSERVATION	SAS			
HML-2_Xq28b	HG04217_h2_HML-2_Xq28b_technical_error	HML-2_Xq28b	HG04217	h2	Validator_Script	HML-2_Xq28b|HG04217|h2|none|historical_source/cluster/HML2_project_graph/extracted_sequences/hgsvc3-2024-02-23-mc-chm13/HML-2_Xq28b/HG04217_h2_HML-2_Xq28b_graph_hgsvc3-2024-02-23-mc-chm13.fa|f765bde3e3db0e2b50f64f9eaabc94819ee2dfaddbe065e43f1e5e4994825e49	1	1	NA	NA	NO_EXACT_RETAINED_RECORD				NOT_ASSESSED_NO_EXACT_RETAINED_RECORD				NONCARRIER_SENTINEL_OBSERVATION	SAS			
HML-2_Xq28b	NA12329_h2_HML-2_Xq28b_technical_error	HML-2_Xq28b	NA12329	h2	Validator_Script	HML-2_Xq28b|NA12329|h2|none|historical_source/cluster/HML2_project_graph/extracted_sequences/hgsvc3-2024-02-23-mc-chm13/HML-2_Xq28b/NA12329_h2_HML-2_Xq28b_graph_hgsvc3-2024-02-23-mc-chm13.fa|ea9b52620aff5b74a9adbb8ad33ea3e91d3260a8a433525c08b48e90903e1e4c	1	1	NA	NA	NO_EXACT_RETAINED_RECORD				NOT_ASSESSED_NO_EXACT_RETAINED_RECORD				NONCARRIER_SENTINEL_OBSERVATION	EUR			
HML-2_Xq28b	NA18534_h2_HML-2_Xq28b_technical_error	HML-2_Xq28b	NA18534	h2	Validator_Script	HML-2_Xq28b|NA18534|h2|none|historical_source/cluster/HML2_project_graph/extracted_sequences/hgsvc3-2024-02-23-mc-chm13/HML-2_Xq28b/NA18534_h2_HML-2_Xq28b_graph_hgsvc3-2024-02-23-mc-chm13.fa|86be95023cf204cfbf3ca6774280c6151fe05b7d6d9714166ae5ef600d6825b2	1	1	NA	NA	NO_EXACT_RETAINED_RECORD				NOT_ASSESSED_NO_EXACT_RETAINED_RECORD				NONCARRIER_SENTINEL_OBSERVATION	EAS			
HML-2_Xq28b	NA18939_h2_HML-2_Xq28b_technical_error	HML-2_Xq28b	NA18939	h2	Validator_Script	HML-2_Xq28b|NA18939|h2|none|historical_source/cluster/HML2_project_graph/extracted_sequences/hgsvc3-2024-02-23-mc-chm13/HML-2_Xq28b/NA18939_h2_HML-2_Xq28b_graph_hgsvc3-2024-02-23-mc-chm13.fa|960281830089a8e185bbb273d8aaa3d51524770e851c4b87211bd1a45eab5834	1	1	NA	NA	NO_EXACT_RETAINED_RECORD				NOT_ASSESSED_NO_EXACT_RETAINED_RECORD				NONCARRIER_SENTINEL_OBSERVATION	EAS			
HML-2_Xq28b	NA18989_h2_HML-2_Xq28b_technical_error	HML-2_Xq28b	NA18989	h2	Validator_Script	HML-2_Xq28b|NA18989|h2|none|historical_source/cluster/HML2_project_graph/extracted_sequences/hgsvc3-2024-02-23-mc-chm13/HML-2_Xq28b/NA18989_h2_HML-2_Xq28b_graph_hgsvc3-2024-02-23-mc-chm13.fa|3f6afedf457dd430cf1634a431735e0339b9e117b3eb2fc38feb1767dd348b3a	1	1	NA	NA	NO_EXACT_RETAINED_RECORD				NOT_ASSESSED_NO_EXACT_RETAINED_RECORD				NONCARRIER_SENTINEL_OBSERVATION	EAS			
HML-2_Xq28b	NA19129_h2_HML-2_Xq28b_technical_error	HML-2_Xq28b	NA19129	h2	Validator_Script	HML-2_Xq28b|NA19129|h2|none|historical_source/cluster/HML2_project_graph/extracted_sequences/hgsvc3-2024-02-23-mc-chm13/HML-2_Xq28b/NA19129_h2_HML-2_Xq28b_graph_hgsvc3-2024-02-23-mc-chm13.fa|73dc3717591c7a4cb452cb06c2a250c97bea1b47f6c37aa483d38afeb5d580b2	1	1	NA	NA	NO_EXACT_RETAINED_RECORD				NOT_ASSESSED_NO_EXACT_RETAINED_RECORD				NONCARRIER_SENTINEL_OBSERVATION	AFR			
HML-2_Xq28b	NA19238_h2_HML-2_Xq28b_technical_error	HML-2_Xq28b	NA19238	h2	Validator_Script	HML-2_Xq28b|NA19238|h2|none|historical_source/cluster/HML2_project_graph/extracted_sequences/hgsvc3-2024-02-23-mc-chm13/HML-2_Xq28b/NA19238_h2_HML-2_Xq28b_graph_hgsvc3-2024-02-23-mc-chm13.fa|5a6b7772df64d62c1c9dcd604580f76439e7c3c04088ae948b8a6cac1ff91b3d	1	1	NA	NA	NO_EXACT_RETAINED_RECORD				NOT_ASSESSED_NO_EXACT_RETAINED_RECORD				NONCARRIER_SENTINEL_OBSERVATION	AFR			
HML-2_Xq28b	NA19239_h2_HML-2_Xq28b_technical_error	HML-2_Xq28b	NA19239	h2	Validator_Script	HML-2_Xq28b|NA19239|h2|none|historical_source/cluster/HML2_project_graph/extracted_sequences/hgsvc3-2024-02-23-mc-chm13/HML-2_Xq28b/NA19239_h2_HML-2_Xq28b_graph_hgsvc3-2024-02-23-mc-chm13.fa|1f96296cae05a202e28afe2d3e96483a7190bf7b472dbe1ef5e01b92ad6f8531	1	1	NA	NA	NO_EXACT_RETAINED_RECORD				NOT_ASSESSED_NO_EXACT_RETAINED_RECORD				NONCARRIER_SENTINEL_OBSERVATION	AFR			
HML-2_Xq28b	NA19317_h2_HML-2_Xq28b_technical_error	HML-2_Xq28b	NA19317	h2	Validator_Script	HML-2_Xq28b|NA19317|h2|none|historical_source/cluster/HML2_project_graph/extracted_sequences/hgsvc3-2024-02-23-mc-chm13/HML-2_Xq28b/NA19317_h2_HML-2_Xq28b_graph_hgsvc3-2024-02-23-mc-chm13.fa|62dcb6f25a9257b5344f17637033e8da2c9de1672a3a30ec0aac036a1df2b570	1	1	NA	NA	NO_EXACT_RETAINED_RECORD				NOT_ASSESSED_NO_EXACT_RETAINED_RECORD				NONCARRIER_SENTINEL_OBSERVATION	AFR			
HML-2_Xq28b	NA19331_h2_HML-2_Xq28b_technical_error	HML-2_Xq28b	NA19331	h2	Validator_Script	HML-2_Xq28b|NA19331|h2|none|historical_source/cluster/HML2_project_graph/extracted_sequences/hgsvc3-2024-02-23-mc-chm13/HML-2_Xq28b/NA19331_h2_HML-2_Xq28b_graph_hgsvc3-2024-02-23-mc-chm13.fa|962e0828bb392fb5fa96a4be09d71e521aa5b08927401d7ee1aa4f208ae355ff	1	1	NA	NA	NO_EXACT_RETAINED_RECORD				NOT_ASSESSED_NO_EXACT_RETAINED_RECORD				NONCARRIER_SENTINEL_OBSERVATION	AFR			
HML-2_Xq28b	NA19347_h2_HML-2_Xq28b_technical_error	HML-2_Xq28b	NA19347	h2	Validator_Script	HML-2_Xq28b|NA19347|h2|none|historical_source/cluster/HML2_project_graph/extracted_sequences/hgsvc3-2024-02-23-mc-chm13/HML-2_Xq28b/NA19347_h2_HML-2_Xq28b_graph_hgsvc3-2024-02-23-mc-chm13.fa|45c45aaae1074addea2fc352eae1c4ccac24f5a7601f913710355264efc854d9	1	1	NA	NA	NO_EXACT_RETAINED_RECORD				NOT_ASSESSED_NO_EXACT_RETAINED_RECORD				NONCARRIER_SENTINEL_OBSERVATION	AFR			
HML-2_Xq28b	NA19384_h2_HML-2_Xq28b_technical_error	HML-2_Xq28b	NA19384	h2	Validator_Script	HML-2_Xq28b|NA19384|h2|none|historical_source/cluster/HML2_project_graph/extracted_sequences/hgsvc3-2024-02-23-mc-chm13/HML-2_Xq28b/NA19384_h2_HML-2_Xq28b_graph_hgsvc3-2024-02-23-mc-chm13.fa|01bbae8e5d22dd10f23d4e1a0c9afa7781fd449801a2af3f7ed09ad70c8cf198	1	1	NA	NA	NO_EXACT_RETAINED_RECORD				NOT_ASSESSED_NO_EXACT_RETAINED_RECORD				NONCARRIER_SENTINEL_OBSERVATION	AFR			
HML-2_Xq28b	NA19434_h2_HML-2_Xq28b_technical_error	HML-2_Xq28b	NA19434	h2	Validator_Script	HML-2_Xq28b|NA19434|h2|none|historical_source/cluster/HML2_project_graph/extracted_sequences/hgsvc3-2024-02-23-mc-chm13/HML-2_Xq28b/NA19434_h2_HML-2_Xq28b_graph_hgsvc3-2024-02-23-mc-chm13.fa|2bf663da99f653e817f6e8bf391e93f60e7920025a96bbb0dc3483decd61de97	1	1	NA	NA	NO_EXACT_RETAINED_RECORD				NOT_ASSESSED_NO_EXACT_RETAINED_RECORD				NONCARRIER_SENTINEL_OBSERVATION	AFR			
HML-2_Xq28b	NA19650_h2_HML-2_Xq28b_technical_error	HML-2_Xq28b	NA19650	h2	Validator_Script	HML-2_Xq28b|NA19650|h2|none|historical_source/cluster/HML2_project_graph/extracted_sequences/hgsvc3-2024-02-23-mc-chm13/HML-2_Xq28b/NA19650_h2_HML-2_Xq28b_graph_hgsvc3-2024-02-23-mc-chm13.fa|317f3b87e5be3c05e1307ef7aacbb129047848ea8e9aadfb4a57f0e648d2676a	1	1	NA	NA	NO_EXACT_RETAINED_RECORD				NOT_ASSESSED_NO_EXACT_RETAINED_RECORD				NONCARRIER_SENTINEL_OBSERVATION	AMR			
HML-2_Xq28b	NA19705_h2_HML-2_Xq28b_technical_error	HML-2_Xq28b	NA19705	h2	Validator_Script	HML-2_Xq28b|NA19705|h2|none|historical_source/cluster/HML2_project_graph/extracted_sequences/hgsvc3-2024-02-23-mc-chm13/HML-2_Xq28b/NA19705_h2_HML-2_Xq28b_graph_hgsvc3-2024-02-23-mc-chm13.fa|b004a57ccffa8a61da8ec7ee50d2acff8b6e57f2e9c16a163d9927d25497fb55	1	1	NA	NA	NO_EXACT_RETAINED_RECORD				NOT_ASSESSED_NO_EXACT_RETAINED_RECORD				NONCARRIER_SENTINEL_OBSERVATION	AFR			
HML-2_Xq28b	NA19836_h2_HML-2_Xq28b_technical_error	HML-2_Xq28b	NA19836	h2	Validator_Script	HML-2_Xq28b|NA19836|h2|none|historical_source/cluster/HML2_project_graph/extracted_sequences/hgsvc3-2024-02-23-mc-chm13/HML-2_Xq28b/NA19836_h2_HML-2_Xq28b_graph_hgsvc3-2024-02-23-mc-chm13.fa|46c6327e0add0ebb75d8666a4f3c5240597c040ed614cd88dcda90dfbbb5c38a	1	1	NA	NA	NO_EXACT_RETAINED_RECORD				NOT_ASSESSED_NO_EXACT_RETAINED_RECORD				NONCARRIER_SENTINEL_OBSERVATION	AFR			
HML-2_Xq28b	NA19983_h2_HML-2_Xq28b_technical_error	HML-2_Xq28b	NA19983	h2	Validator_Script	HML-2_Xq28b|NA19983|h2|none|historical_source/cluster/HML2_project_graph/extracted_sequences/hgsvc3-2024-02-23-mc-chm13/HML-2_Xq28b/NA19983_h2_HML-2_Xq28b_graph_hgsvc3-2024-02-23-mc-chm13.fa|034dd72ce0232972079e438a0c74041a1033c479c767309e988d16c433941044	1	1	NA	NA	NO_EXACT_RETAINED_RECORD				NOT_ASSESSED_NO_EXACT_RETAINED_RECORD				NONCARRIER_SENTINEL_OBSERVATION	AFR			
HML-2_Xq28b	NA20355_h2_HML-2_Xq28b_technical_error	HML-2_Xq28b	NA20355	h2	Validator_Script	HML-2_Xq28b|NA20355|h2|none|historical_source/cluster/HML2_project_graph/extracted_sequences/hgsvc3-2024-02-23-mc-chm13/HML-2_Xq28b/NA20355_h2_HML-2_Xq28b_graph_hgsvc3-2024-02-23-mc-chm13.fa|486f7be44d1687c01aa3f839d5d20108e52c8b80abe8a80c145542c36af09fed	1	1	NA	NA	NO_EXACT_RETAINED_RECORD				NOT_ASSESSED_NO_EXACT_RETAINED_RECORD				NONCARRIER_SENTINEL_OBSERVATION	AFR			
HML-2_Xq28b	NA20509_h2_HML-2_Xq28b_technical_error	HML-2_Xq28b	NA20509	h2	Validator_Script	HML-2_Xq28b|NA20509|h2|none|historical_source/cluster/HML2_project_graph/extracted_sequences/hgsvc3-2024-02-23-mc-chm13/HML-2_Xq28b/NA20509_h2_HML-2_Xq28b_graph_hgsvc3-2024-02-23-mc-chm13.fa|64d4b9c49511ce5ac31af54176fe51e20d6bd3cd95b0a215c2899f669abd4339	1	1	NA	NA	NO_EXACT_RETAINED_RECORD				NOT_ASSESSED_NO_EXACT_RETAINED_RECORD				NONCARRIER_SENTINEL_OBSERVATION	EUR			
HML-2_Xq28b	NA20847_h2_HML-2_Xq28b_technical_error	HML-2_Xq28b	NA20847	h2	Validator_Script	HML-2_Xq28b|NA20847|h2|none|historical_source/cluster/HML2_project_graph/extracted_sequences/hgsvc3-2024-02-23-mc-chm13/HML-2_Xq28b/NA20847_h2_HML-2_Xq28b_graph_hgsvc3-2024-02-23-mc-chm13.fa|0bee3457e9db3b2da268a2becdb441e126e23b3bbff350189443f4d756419731	1	1	NA	NA	NO_EXACT_RETAINED_RECORD				NOT_ASSESSED_NO_EXACT_RETAINED_RECORD				NONCARRIER_SENTINEL_OBSERVATION	SAS			
HML-2_Xq28b	NA21487_h2_HML-2_Xq28b_technical_error	HML-2_Xq28b	NA21487	h2	Validator_Script	HML-2_Xq28b|NA21487|h2|none|historical_source/cluster/HML2_project_graph/extracted_sequences/hgsvc3-2024-02-23-mc-chm13/HML-2_Xq28b/NA21487_h2_HML-2_Xq28b_graph_hgsvc3-2024-02-23-mc-chm13.fa|62d1cafbe2834bd343f4362b09350cd831fb43ca6bedccffcacd25b4cdac17d3	1	1	NA	NA	NO_EXACT_RETAINED_RECORD				NOT_ASSESSED_NO_EXACT_RETAINED_RECORD				NONCARRIER_SENTINEL_OBSERVATION	Unassigned			
HML-2_Yq11.23a	HG00096_h1_HML-2_Yq11.23a_technical_error	HML-2_Yq11.23a	HG00096	h1	Validator_Script	HML-2_Yq11.23a|HG00096|h1|none|NA|NA	1	1	NA	NA	NO_EXACT_RETAINED_RECORD				NOT_ASSESSED_NO_EXACT_RETAINED_RECORD				UNKNOWN_TECHNICAL	EUR			
HML-2_Yq11.23a	HG00096_h2_HML-2_Yq11.23a_technical_error	HML-2_Yq11.23a	HG00096	h2	Validator_Script	HML-2_Yq11.23a|HG00096|h2|none|NA|NA	1	1	NA	NA	NO_EXACT_RETAINED_RECORD				NOT_ASSESSED_NO_EXACT_RETAINED_RECORD				UNKNOWN_TECHNICAL	EUR			
HML-2_Yq11.23a	HG00171_h1_HML-2_Yq11.23a_technical_error	HML-2_Yq11.23a	HG00171	h1	Validator_Script	HML-2_Yq11.23a|HG00171|h1|none|NA|NA	1	1	NA	NA	NO_EXACT_RETAINED_RECORD				NOT_ASSESSED_NO_EXACT_RETAINED_RECORD				UNKNOWN_TECHNICAL	EUR			
HML-2_Yq11.23a	HG00171_h2_HML-2_Yq11.23a_technical_error	HML-2_Yq11.23a	HG00171	h2	Validator_Script	HML-2_Yq11.23a|HG00171|h2|none|NA|NA	1	1	NA	NA	NO_EXACT_RETAINED_RECORD				NOT_ASSESSED_NO_EXACT_RETAINED_RECORD				UNKNOWN_TECHNICAL	EUR			
HML-2_Yq11.23a	HG00268_h1_HML-2_Yq11.23a_technical_error	HML-2_Yq11.23a	HG00268	h1	Validator_Script	HML-2_Yq11.23a|HG00268|h1|none|NA|NA	1	1	NA	NA	NO_EXACT_RETAINED_RECORD				NOT_ASSESSED_NO_EXACT_RETAINED_RECORD				UNKNOWN_TECHNICAL	EUR			
HML-2_Yq11.23a	HG00268_h2_HML-2_Yq11.23a_technical_error	HML-2_Yq11.23a	HG00268	h2	Validator_Script	HML-2_Yq11.23a|HG00268|h2|none|NA|NA	1	1	NA	NA	NO_EXACT_RETAINED_RECORD				NOT_ASSESSED_NO_EXACT_RETAINED_RECORD				UNKNOWN_TECHNICAL	EUR			
HML-2_Yq11.23a	HG00358_h1_HML-2_Yq11.23a_technical_error	HML-2_Yq11.23a	HG00358	h1	Validator_Script	HML-2_Yq11.23a|HG00358|h1|none|NA|NA	1	1	NA	NA	NO_EXACT_RETAINED_RECORD				NOT_ASSESSED_NO_EXACT_RETAINED_RECORD				UNKNOWN_TECHNICAL	EUR			
HML-2_Yq11.23a	HG00358_h2_HML-2_Yq11.23a_technical_error	HML-2_Yq11.23a	HG00358	h2	Validator_Script	HML-2_Yq11.23a|HG00358|h2|none|NA|NA	1	1	NA	NA	NO_EXACT_RETAINED_RECORD				NOT_ASSESSED_NO_EXACT_RETAINED_RECORD				UNKNOWN_TECHNICAL	EUR			
HML-2_Yq11.23a	HG00512_h1_HML-2_Yq11.23a_technical_error	HML-2_Yq11.23a	HG00512	h1	Validator_Script	HML-2_Yq11.23a|HG00512|h1|none|NA|NA	1	1	NA	NA	NO_EXACT_RETAINED_RECORD				NOT_ASSESSED_NO_EXACT_RETAINED_RECORD				UNKNOWN_TECHNICAL	EAS			
HML-2_Yq11.23a	HG00512_h2_HML-2_Yq11.23a_technical_error	HML-2_Yq11.23a	HG00512	h2	Validator_Script	HML-2_Yq11.23a|HG00512|h2|none|NA|NA	1	1	NA	NA	NO_EXACT_RETAINED_RECORD				NOT_ASSESSED_NO_EXACT_RETAINED_RECORD				UNKNOWN_TECHNICAL	EAS			
HML-2_Yq11.23a	HG00513_h1_HML-2_Yq11.23a_technical_error	HML-2_Yq11.23a	HG00513	h1	Validator_Script	HML-2_Yq11.23a|HG00513|h1|none|NA|NA	1	1	NA	NA	NO_EXACT_RETAINED_RECORD				NOT_ASSESSED_NO_EXACT_RETAINED_RECORD				UNKNOWN_TECHNICAL	EAS			
HML-2_Yq11.23a	HG00513_h2_HML-2_Yq11.23a_technical_error	HML-2_Yq11.23a	HG00513	h2	Validator_Script	HML-2_Yq11.23a|HG00513|h2|none|NA|NA	1	1	NA	NA	NO_EXACT_RETAINED_RECORD				NOT_ASSESSED_NO_EXACT_RETAINED_RECORD				UNKNOWN_TECHNICAL	EAS			
HML-2_Yq11.23a	HG00514_h1_HML-2_Yq11.23a_technical_error	HML-2_Yq11.23a	HG00514	h1	Validator_Script	HML-2_Yq11.23a|HG00514|h1|none|NA|NA	1	1	NA	NA	NO_EXACT_RETAINED_RECORD				NOT_ASSESSED_NO_EXACT_RETAINED_RECORD				UNKNOWN_TECHNICAL	EAS			
HML-2_Yq11.23a	HG00514_h2_HML-2_Yq11.23a_technical_error	HML-2_Yq11.23a	HG00514	h2	Validator_Script	HML-2_Yq11.23a|HG00514|h2|none|NA|NA	1	1	NA	NA	NO_EXACT_RETAINED_RECORD				NOT_ASSESSED_NO_EXACT_RETAINED_RECORD				UNKNOWN_TECHNICAL	EAS			
HML-2_Yq11.23a	HG00731_h1_HML-2_Yq11.23a_technical_error	HML-2_Yq11.23a	HG00731	h1	Validator_Script	HML-2_Yq11.23a|HG00731|h1|none|NA|NA	1	1	NA	NA	NO_EXACT_RETAINED_RECORD				NOT_ASSESSED_NO_EXACT_RETAINED_RECORD				UNKNOWN_TECHNICAL	AMR			
HML-2_Yq11.23a	HG00731_h2_HML-2_Yq11.23a_technical_error	HML-2_Yq11.23a	HG00731	h2	Validator_Script	HML-2_Yq11.23a|HG00731|h2|none|NA|NA	1	1	NA	NA	NO_EXACT_RETAINED_RECORD				NOT_ASSESSED_NO_EXACT_RETAINED_RECORD				UNKNOWN_TECHNICAL	AMR			
HML-2_Yq11.23a	HG00732_h1_HML-2_Yq11.23a_technical_error	HML-2_Yq11.23a	HG00732	h1	Validator_Script	HML-2_Yq11.23a|HG00732|h1|none|NA|NA	1	1	NA	NA	NO_EXACT_RETAINED_RECORD				NOT_ASSESSED_NO_EXACT_RETAINED_RECORD				UNKNOWN_TECHNICAL	AMR			
HML-2_Yq11.23a	HG00732_h2_HML-2_Yq11.23a_technical_error	HML-2_Yq11.23a	HG00732	h2	Validator_Script	HML-2_Yq11.23a|HG00732|h2|none|NA|NA	1	1	NA	NA	NO_EXACT_RETAINED_RECORD				NOT_ASSESSED_NO_EXACT_RETAINED_RECORD				UNKNOWN_TECHNICAL	AMR			
HML-2_Yq11.23a	HG00864_h1_HML-2_Yq11.23a_technical_error	HML-2_Yq11.23a	HG00864	h1	Validator_Script	HML-2_Yq11.23a|HG00864|h1|none|NA|NA	1	1	NA	NA	NO_EXACT_RETAINED_RECORD				NOT_ASSESSED_NO_EXACT_RETAINED_RECORD				UNKNOWN_TECHNICAL	EAS			
HML-2_Yq11.23a	HG00864_h2_HML-2_Yq11.23a_technical_error	HML-2_Yq11.23a	HG00864	h2	Validator_Script	HML-2_Yq11.23a|HG00864|h2|none|NA|NA	1	1	NA	NA	NO_EXACT_RETAINED_RECORD				NOT_ASSESSED_NO_EXACT_RETAINED_RECORD				UNKNOWN_TECHNICAL	EAS			
HML-2_Yq11.23a	HG01114_h1_HML-2_Yq11.23a_technical_error	HML-2_Yq11.23a	HG01114	h1	Validator_Script	HML-2_Yq11.23a|HG01114|h1|none|NA|NA	1	1	NA	NA	NO_EXACT_RETAINED_RECORD				NOT_ASSESSED_NO_EXACT_RETAINED_RECORD				UNKNOWN_TECHNICAL	AMR			
HML-2_Yq11.23a	HG01114_h2_HML-2_Yq11.23a_technical_error	HML-2_Yq11.23a	HG01114	h2	Validator_Script	HML-2_Yq11.23a|HG01114|h2|none|NA|NA	1	1	NA	NA	NO_EXACT_RETAINED_RECORD				NOT_ASSESSED_NO_EXACT_RETAINED_RECORD				UNKNOWN_TECHNICAL	AMR			
HML-2_Yq11.23a	HG01352_h1_HML-2_Yq11.23a_technical_error	HML-2_Yq11.23a	HG01352	h1	Validator_Script	HML-2_Yq11.23a|HG01352|h1|none|NA|NA	1	1	NA	NA	NO_EXACT_RETAINED_RECORD				NOT_ASSESSED_NO_EXACT_RETAINED_RECORD				UNKNOWN_TECHNICAL	AMR			
HML-2_Yq11.23a	HG01352_h2_HML-2_Yq11.23a_technical_error	HML-2_Yq11.23a	HG01352	h2	Validator_Script	HML-2_Yq11.23a|HG01352|h2|none|NA|NA	1	1	NA	NA	NO_EXACT_RETAINED_RECORD				NOT_ASSESSED_NO_EXACT_RETAINED_RECORD				UNKNOWN_TECHNICAL	AMR			
HML-2_Yq11.23a	HG01457_h1_HML-2_Yq11.23a_technical_error	HML-2_Yq11.23a	HG01457	h1	Validator_Script	HML-2_Yq11.23a|HG01457|h1|none|NA|NA	1	1	NA	NA	NO_EXACT_RETAINED_RECORD				NOT_ASSESSED_NO_EXACT_RETAINED_RECORD				UNKNOWN_TECHNICAL	AMR			
HML-2_Yq11.23a	HG01457_h2_HML-2_Yq11.23a_technical_error	HML-2_Yq11.23a	HG01457	h2	Validator_Script	HML-2_Yq11.23a|HG01457|h2|none|NA|NA	1	1	NA	NA	NO_EXACT_RETAINED_RECORD				NOT_ASSESSED_NO_EXACT_RETAINED_RECORD				UNKNOWN_TECHNICAL	AMR			
HML-2_Yq11.23a	HG01505_h1_HML-2_Yq11.23a_technical_error	HML-2_Yq11.23a	HG01505	h1	Validator_Script	HML-2_Yq11.23a|HG01505|h1|none|NA|NA	1	1	NA	NA	NO_EXACT_RETAINED_RECORD				NOT_ASSESSED_NO_EXACT_RETAINED_RECORD				UNKNOWN_TECHNICAL	EUR			
HML-2_Yq11.23a	HG01505_h2_HML-2_Yq11.23a_technical_error	HML-2_Yq11.23a	HG01505	h2	Validator_Script	HML-2_Yq11.23a|HG01505|h2|none|NA|NA	1	1	NA	NA	NO_EXACT_RETAINED_RECORD				NOT_ASSESSED_NO_EXACT_RETAINED_RECORD				UNKNOWN_TECHNICAL	EUR			
HML-2_Yq11.23a	HG01573_h1_HML-2_Yq11.23a_technical_error	HML-2_Yq11.23a	HG01573	h1	Validator_Script	HML-2_Yq11.23a|HG01573|h1|none|NA|NA	1	1	NA	NA	NO_EXACT_RETAINED_RECORD				NOT_ASSESSED_NO_EXACT_RETAINED_RECORD				UNKNOWN_TECHNICAL	AMR			
HML-2_Yq11.23a	HG01573_h2_HML-2_Yq11.23a_technical_error	HML-2_Yq11.23a	HG01573	h2	Validator_Script	HML-2_Yq11.23a|HG01573|h2|none|NA|NA	1	1	NA	NA	NO_EXACT_RETAINED_RECORD				NOT_ASSESSED_NO_EXACT_RETAINED_RECORD				UNKNOWN_TECHNICAL	AMR			
HML-2_Yq11.23a	HG01596_h1_HML-2_Yq11.23a_technical_error	HML-2_Yq11.23a	HG01596	h1	Validator_Script	HML-2_Yq11.23a|HG01596|h1|none|NA|NA	1	1	NA	NA	NO_EXACT_RETAINED_RECORD				NOT_ASSESSED_NO_EXACT_RETAINED_RECORD				UNKNOWN_TECHNICAL	EAS			
HML-2_Yq11.23a	HG01596_h2_HML-2_Yq11.23a_technical_error	HML-2_Yq11.23a	HG01596	h2	Validator_Script	HML-2_Yq11.23a|HG01596|h2|none|NA|NA	1	1	NA	NA	NO_EXACT_RETAINED_RECORD				NOT_ASSESSED_NO_EXACT_RETAINED_RECORD				UNKNOWN_TECHNICAL	EAS			
HML-2_Yq11.23a	HG01890_h1_HML-2_Yq11.23a_technical_error	HML-2_Yq11.23a	HG01890	h1	Validator_Script	HML-2_Yq11.23a|HG01890|h1|none|NA|NA	1	1	NA	NA	NO_EXACT_RETAINED_RECORD				NOT_ASSESSED_NO_EXACT_RETAINED_RECORD				UNKNOWN_TECHNICAL	AFR			
HML-2_Yq11.23a	HG01890_h2_HML-2_Yq11.23a_technical_error	HML-2_Yq11.23a	HG01890	h2	Validator_Script	HML-2_Yq11.23a|HG01890|h2|none|NA|NA	1	1	NA	NA	NO_EXACT_RETAINED_RECORD				NOT_ASSESSED_NO_EXACT_RETAINED_RECORD				UNKNOWN_TECHNICAL	AFR			
HML-2_Yq11.23a	HG02011_h1_HML-2_Yq11.23a_technical_error	HML-2_Yq11.23a	HG02011	h1	Validator_Script	HML-2_Yq11.23a|HG02011|h1|none|NA|NA	1	1	NA	NA	NO_EXACT_RETAINED_RECORD				NOT_ASSESSED_NO_EXACT_RETAINED_RECORD				UNKNOWN_TECHNICAL	AFR			
HML-2_Yq11.23a	HG02011_h2_HML-2_Yq11.23a_technical_error	HML-2_Yq11.23a	HG02011	h2	Validator_Script	HML-2_Yq11.23a|HG02011|h2|none|NA|NA	1	1	NA	NA	NO_EXACT_RETAINED_RECORD				NOT_ASSESSED_NO_EXACT_RETAINED_RECORD				UNKNOWN_TECHNICAL	AFR			
HML-2_Yq11.23a	HG02018_h1_HML-2_Yq11.23a_technical_error	HML-2_Yq11.23a	HG02018	h1	Validator_Script	HML-2_Yq11.23a|HG02018|h1|none|NA|NA	1	1	NA	NA	NO_EXACT_RETAINED_RECORD				NOT_ASSESSED_NO_EXACT_RETAINED_RECORD				UNKNOWN_TECHNICAL	EAS			
HML-2_Yq11.23a	HG02018_h2_HML-2_Yq11.23a_technical_error	HML-2_Yq11.23a	HG02018	h2	Validator_Script	HML-2_Yq11.23a|HG02018|h2|none|NA|NA	1	1	NA	NA	NO_EXACT_RETAINED_RECORD				NOT_ASSESSED_NO_EXACT_RETAINED_RECORD				UNKNOWN_TECHNICAL	EAS			
HML-2_Yq11.23a	HG02059_h1_HML-2_Yq11.23a_technical_error	HML-2_Yq11.23a	HG02059	h1	Validator_Script	HML-2_Yq11.23a|HG02059|h1|none|NA|NA	1	1	NA	NA	NO_EXACT_RETAINED_RECORD				NOT_ASSESSED_NO_EXACT_RETAINED_RECORD				UNKNOWN_TECHNICAL	EAS			
HML-2_Yq11.23a	HG02059_h2_HML-2_Yq11.23a_technical_error	HML-2_Yq11.23a	HG02059	h2	Validator_Script	HML-2_Yq11.23a|HG02059|h2|none|NA|NA	1	1	NA	NA	NO_EXACT_RETAINED_RECORD				NOT_ASSESSED_NO_EXACT_RETAINED_RECORD				UNKNOWN_TECHNICAL	EAS			
HML-2_Yq11.23a	HG02106_h1_HML-2_Yq11.23a_technical_error	HML-2_Yq11.23a	HG02106	h1	Validator_Script	HML-2_Yq11.23a|HG02106|h1|none|NA|NA	1	1	NA	NA	NO_EXACT_RETAINED_RECORD				NOT_ASSESSED_NO_EXACT_RETAINED_RECORD				UNKNOWN_TECHNICAL	AMR			
HML-2_Yq11.23a	HG02106_h2_HML-2_Yq11.23a_technical_error	HML-2_Yq11.23a	HG02106	h2	Validator_Script	HML-2_Yq11.23a|HG02106|h2|none|NA|NA	1	1	NA	NA	NO_EXACT_RETAINED_RECORD				NOT_ASSESSED_NO_EXACT_RETAINED_RECORD				UNKNOWN_TECHNICAL	AMR			
HML-2_Yq11.23a	HG02282_h1_HML-2_Yq11.23a_technical_error	HML-2_Yq11.23a	HG02282	h1	Validator_Script	HML-2_Yq11.23a|HG02282|h1|none|NA|NA	1	1	NA	NA	NO_EXACT_RETAINED_RECORD				NOT_ASSESSED_NO_EXACT_RETAINED_RECORD				UNKNOWN_TECHNICAL	AFR			
HML-2_Yq11.23a	HG02282_h2_HML-2_Yq11.23a_technical_error	HML-2_Yq11.23a	HG02282	h2	Validator_Script	HML-2_Yq11.23a|HG02282|h2|none|NA|NA	1	1	NA	NA	NO_EXACT_RETAINED_RECORD				NOT_ASSESSED_NO_EXACT_RETAINED_RECORD				UNKNOWN_TECHNICAL	AFR			
HML-2_Yq11.23a	HG02492_h2_HML-2_Yq11.23a_technical_error	HML-2_Yq11.23a	HG02492	h2	Validator_Script	HML-2_Yq11.23a|HG02492|h2|none|NA|NA	1	1	NA	NA	NO_EXACT_RETAINED_RECORD				NOT_ASSESSED_NO_EXACT_RETAINED_RECORD				UNKNOWN_TECHNICAL	SAS			
HML-2_Yq11.23a	HG02554_h1_HML-2_Yq11.23a_technical_error	HML-2_Yq11.23a	HG02554	h1	Validator_Script	HML-2_Yq11.23a|HG02554|h1|none|NA|NA	1	1	NA	NA	NO_EXACT_RETAINED_RECORD				NOT_ASSESSED_NO_EXACT_RETAINED_RECORD				UNKNOWN_TECHNICAL	AFR			
HML-2_Yq11.23a	HG02554_h2_HML-2_Yq11.23a_technical_error	HML-2_Yq11.23a	HG02554	h2	Validator_Script	HML-2_Yq11.23a|HG02554|h2|none|NA|NA	1	1	NA	NA	NO_EXACT_RETAINED_RECORD				NOT_ASSESSED_NO_EXACT_RETAINED_RECORD				UNKNOWN_TECHNICAL	AFR			
HML-2_Yq11.23a	HG02587_h1_HML-2_Yq11.23a_technical_error	HML-2_Yq11.23a	HG02587	h1	Validator_Script	HML-2_Yq11.23a|HG02587|h1|none|NA|NA	1	1	NA	NA	NO_EXACT_RETAINED_RECORD				NOT_ASSESSED_NO_EXACT_RETAINED_RECORD				UNKNOWN_TECHNICAL	AFR			
HML-2_Yq11.23a	HG02587_h2_HML-2_Yq11.23a_technical_error	HML-2_Yq11.23a	HG02587	h2	Validator_Script	HML-2_Yq11.23a|HG02587|h2|none|NA|NA	1	1	NA	NA	NO_EXACT_RETAINED_RECORD				NOT_ASSESSED_NO_EXACT_RETAINED_RECORD				UNKNOWN_TECHNICAL	AFR			
HML-2_Yq11.23a	HG02666_h1_HML-2_Yq11.23a_technical_error	HML-2_Yq11.23a	HG02666	h1	Validator_Script	HML-2_Yq11.23a|HG02666|h1|none|NA|NA	1	1	NA	NA	NO_EXACT_RETAINED_RECORD				NOT_ASSESSED_NO_EXACT_RETAINED_RECORD				UNKNOWN_TECHNICAL	AFR			
HML-2_Yq11.23a	HG02666_h2_HML-2_Yq11.23a_technical_error	HML-2_Yq11.23a	HG02666	h2	Validator_Script	HML-2_Yq11.23a|HG02666|h2|none|NA|NA	1	1	NA	NA	NO_EXACT_RETAINED_RECORD				NOT_ASSESSED_NO_EXACT_RETAINED_RECORD				UNKNOWN_TECHNICAL	AFR			
HML-2_Yq11.23a	HG02769_h1_HML-2_Yq11.23a_technical_error	HML-2_Yq11.23a	HG02769	h1	Validator_Script	HML-2_Yq11.23a|HG02769|h1|none|NA|NA	1	1	NA	NA	NO_EXACT_RETAINED_RECORD				NOT_ASSESSED_NO_EXACT_RETAINED_RECORD				UNKNOWN_TECHNICAL	AFR			
HML-2_Yq11.23a	HG02769_h2_HML-2_Yq11.23a_technical_error	HML-2_Yq11.23a	HG02769	h2	Validator_Script	HML-2_Yq11.23a|HG02769|h2|none|NA|NA	1	1	NA	NA	NO_EXACT_RETAINED_RECORD				NOT_ASSESSED_NO_EXACT_RETAINED_RECORD				UNKNOWN_TECHNICAL	AFR			
HML-2_Yq11.23a	HG02953_h1_HML-2_Yq11.23a_technical_error	HML-2_Yq11.23a	HG02953	h1	Validator_Script	HML-2_Yq11.23a|HG02953|h1|none|NA|NA	1	1	NA	NA	NO_EXACT_RETAINED_RECORD				NOT_ASSESSED_NO_EXACT_RETAINED_RECORD				UNKNOWN_TECHNICAL	AFR			
HML-2_Yq11.23a	HG02953_h2_HML-2_Yq11.23a_technical_error	HML-2_Yq11.23a	HG02953	h2	Validator_Script	HML-2_Yq11.23a|HG02953|h2|none|NA|NA	1	1	NA	NA	NO_EXACT_RETAINED_RECORD				NOT_ASSESSED_NO_EXACT_RETAINED_RECORD				UNKNOWN_TECHNICAL	AFR			
HML-2_Yq11.23a	HG03009_h2_HML-2_Yq11.23a_technical_error	HML-2_Yq11.23a	HG03009	h2	Validator_Script	HML-2_Yq11.23a|HG03009|h2|none|NA|NA	1	1	NA	NA	NO_EXACT_RETAINED_RECORD				NOT_ASSESSED_NO_EXACT_RETAINED_RECORD				UNKNOWN_TECHNICAL	SAS			
HML-2_Yq11.23a	HG03065_h2_HML-2_Yq11.23a_technical_error	HML-2_Yq11.23a	HG03065	h2	Validator_Script	HML-2_Yq11.23a|HG03065|h2|none|NA|NA	1	1	NA	NA	NO_EXACT_RETAINED_RECORD				NOT_ASSESSED_NO_EXACT_RETAINED_RECORD				UNKNOWN_TECHNICAL	AFR			
HML-2_Yq11.23a	HG03248_h1_HML-2_Yq11.23a_technical_error	HML-2_Yq11.23a	HG03248	h1	Validator_Script	HML-2_Yq11.23a|HG03248|h1|none|NA|NA	1	1	NA	NA	NO_EXACT_RETAINED_RECORD				NOT_ASSESSED_NO_EXACT_RETAINED_RECORD				UNKNOWN_TECHNICAL	AFR			
HML-2_Yq11.23a	HG03248_h2_HML-2_Yq11.23a_technical_error	HML-2_Yq11.23a	HG03248	h2	Validator_Script	HML-2_Yq11.23a|HG03248|h2|none|NA|NA	1	1	NA	NA	NO_EXACT_RETAINED_RECORD				NOT_ASSESSED_NO_EXACT_RETAINED_RECORD				UNKNOWN_TECHNICAL	AFR			
HML-2_Yq11.23a	HG03371_h1_HML-2_Yq11.23a_technical_error	HML-2_Yq11.23a	HG03371	h1	Validator_Script	HML-2_Yq11.23a|HG03371|h1|none|NA|NA	1	1	NA	NA	NO_EXACT_RETAINED_RECORD				NOT_ASSESSED_NO_EXACT_RETAINED_RECORD				UNKNOWN_TECHNICAL	AFR			
HML-2_Yq11.23a	HG03371_h2_HML-2_Yq11.23a_technical_error	HML-2_Yq11.23a	HG03371	h2	Validator_Script	HML-2_Yq11.23a|HG03371|h2|none|NA|NA	1	1	NA	NA	NO_EXACT_RETAINED_RECORD				NOT_ASSESSED_NO_EXACT_RETAINED_RECORD				UNKNOWN_TECHNICAL	AFR			
HML-2_Yq11.23a	HG03452_h1_HML-2_Yq11.23a_technical_error	HML-2_Yq11.23a	HG03452	h1	Validator_Script	HML-2_Yq11.23a|HG03452|h1|none|NA|NA	1	1	NA	NA	NO_EXACT_RETAINED_RECORD				NOT_ASSESSED_NO_EXACT_RETAINED_RECORD				UNKNOWN_TECHNICAL	AFR			
HML-2_Yq11.23a	HG03452_h2_HML-2_Yq11.23a_technical_error	HML-2_Yq11.23a	HG03452	h2	Validator_Script	HML-2_Yq11.23a|HG03452|h2|none|NA|NA	1	1	NA	NA	NO_EXACT_RETAINED_RECORD				NOT_ASSESSED_NO_EXACT_RETAINED_RECORD				UNKNOWN_TECHNICAL	AFR			
HML-2_Yq11.23a	HG03456_h1_HML-2_Yq11.23a_technical_error	HML-2_Yq11.23a	HG03456	h1	Validator_Script	HML-2_Yq11.23a|HG03456|h1|none|NA|NA	1	1	NA	NA	NO_EXACT_RETAINED_RECORD				NOT_ASSESSED_NO_EXACT_RETAINED_RECORD				UNKNOWN_TECHNICAL	AFR			
HML-2_Yq11.23a	HG03456_h2_HML-2_Yq11.23a_technical_error	HML-2_Yq11.23a	HG03456	h2	Validator_Script	HML-2_Yq11.23a|HG03456|h2|none|NA|NA	1	1	NA	NA	NO_EXACT_RETAINED_RECORD				NOT_ASSESSED_NO_EXACT_RETAINED_RECORD				UNKNOWN_TECHNICAL	AFR			
HML-2_Yq11.23a	HG03520_h1_HML-2_Yq11.23a_technical_error	HML-2_Yq11.23a	HG03520	h1	Validator_Script	HML-2_Yq11.23a|HG03520|h1|none|NA|NA	1	1	NA	NA	NO_EXACT_RETAINED_RECORD				NOT_ASSESSED_NO_EXACT_RETAINED_RECORD				UNKNOWN_TECHNICAL	AFR			
HML-2_Yq11.23a	HG03520_h2_HML-2_Yq11.23a_technical_error	HML-2_Yq11.23a	HG03520	h2	Validator_Script	HML-2_Yq11.23a|HG03520|h2|none|NA|NA	1	1	NA	NA	NO_EXACT_RETAINED_RECORD				NOT_ASSESSED_NO_EXACT_RETAINED_RECORD				UNKNOWN_TECHNICAL	AFR			
HML-2_Yq11.23a	HG03683_h1_HML-2_Yq11.23a_technical_error	HML-2_Yq11.23a	HG03683	h1	Validator_Script	HML-2_Yq11.23a|HG03683|h1|none|NA|NA	1	1	NA	NA	NO_EXACT_RETAINED_RECORD				NOT_ASSESSED_NO_EXACT_RETAINED_RECORD				UNKNOWN_TECHNICAL	SAS			
HML-2_Yq11.23a	HG03683_h2_HML-2_Yq11.23a_technical_error	HML-2_Yq11.23a	HG03683	h2	Validator_Script	HML-2_Yq11.23a|HG03683|h2|none|NA|NA	1	1	NA	NA	NO_EXACT_RETAINED_RECORD				NOT_ASSESSED_NO_EXACT_RETAINED_RECORD				UNKNOWN_TECHNICAL	SAS			
HML-2_Yq11.23a	HG03732_h1_HML-2_Yq11.23a_technical_error	HML-2_Yq11.23a	HG03732	h1	Validator_Script	HML-2_Yq11.23a|HG03732|h1|none|NA|NA	1	1	NA	NA	NO_EXACT_RETAINED_RECORD				NOT_ASSESSED_NO_EXACT_RETAINED_RECORD				UNKNOWN_TECHNICAL	SAS			
HML-2_Yq11.23a	HG03732_h2_HML-2_Yq11.23a_technical_error	HML-2_Yq11.23a	HG03732	h2	Validator_Script	HML-2_Yq11.23a|HG03732|h2|none|NA|NA	1	1	NA	NA	NO_EXACT_RETAINED_RECORD				NOT_ASSESSED_NO_EXACT_RETAINED_RECORD				UNKNOWN_TECHNICAL	SAS			
HML-2_Yq11.23a	HG03807_h1_HML-2_Yq11.23a_technical_error	HML-2_Yq11.23a	HG03807	h1	Validator_Script	HML-2_Yq11.23a|HG03807|h1|none|NA|NA	1	1	NA	NA	NO_EXACT_RETAINED_RECORD				NOT_ASSESSED_NO_EXACT_RETAINED_RECORD				UNKNOWN_TECHNICAL	SAS			
HML-2_Yq11.23a	HG03807_h2_HML-2_Yq11.23a_technical_error	HML-2_Yq11.23a	HG03807	h2	Validator_Script	HML-2_Yq11.23a|HG03807|h2|none|NA|NA	1	1	NA	NA	NO_EXACT_RETAINED_RECORD				NOT_ASSESSED_NO_EXACT_RETAINED_RECORD				UNKNOWN_TECHNICAL	SAS			
HML-2_Yq11.23a	HG04036_h1_HML-2_Yq11.23a_technical_error	HML-2_Yq11.23a	HG04036	h1	Validator_Script	HML-2_Yq11.23a|HG04036|h1|none|NA|NA	1	1	NA	NA	NO_EXACT_RETAINED_RECORD				NOT_ASSESSED_NO_EXACT_RETAINED_RECORD				UNKNOWN_TECHNICAL	SAS			
HML-2_Yq11.23a	HG04036_h2_HML-2_Yq11.23a_technical_error	HML-2_Yq11.23a	HG04036	h2	Validator_Script	HML-2_Yq11.23a|HG04036|h2|none|NA|NA	1	1	NA	NA	NO_EXACT_RETAINED_RECORD				NOT_ASSESSED_NO_EXACT_RETAINED_RECORD				UNKNOWN_TECHNICAL	SAS			
HML-2_Yq11.23a	HG04217_h1_HML-2_Yq11.23a_technical_error	HML-2_Yq11.23a	HG04217	h1	Validator_Script	HML-2_Yq11.23a|HG04217|h1|none|NA|NA	1	1	NA	NA	NO_EXACT_RETAINED_RECORD				NOT_ASSESSED_NO_EXACT_RETAINED_RECORD				UNKNOWN_TECHNICAL	SAS			
HML-2_Yq11.23a	HG04217_h2_HML-2_Yq11.23a_technical_error	HML-2_Yq11.23a	HG04217	h2	Validator_Script	HML-2_Yq11.23a|HG04217|h2|none|NA|NA	1	1	NA	NA	NO_EXACT_RETAINED_RECORD				NOT_ASSESSED_NO_EXACT_RETAINED_RECORD				UNKNOWN_TECHNICAL	SAS			
HML-2_Yq11.23a	NA12329_h1_HML-2_Yq11.23a_technical_error	HML-2_Yq11.23a	NA12329	h1	Validator_Script	HML-2_Yq11.23a|NA12329|h1|none|NA|NA	1	1	NA	NA	NO_EXACT_RETAINED_RECORD				NOT_ASSESSED_NO_EXACT_RETAINED_RECORD				UNKNOWN_TECHNICAL	EUR			
HML-2_Yq11.23a	NA12329_h2_HML-2_Yq11.23a_technical_error	HML-2_Yq11.23a	NA12329	h2	Validator_Script	HML-2_Yq11.23a|NA12329|h2|none|NA|NA	1	1	NA	NA	NO_EXACT_RETAINED_RECORD				NOT_ASSESSED_NO_EXACT_RETAINED_RECORD				UNKNOWN_TECHNICAL	EUR			
HML-2_Yq11.23a	NA18534_h1_HML-2_Yq11.23a_technical_error	HML-2_Yq11.23a	NA18534	h1	Validator_Script	HML-2_Yq11.23a|NA18534|h1|none|NA|NA	1	1	NA	NA	NO_EXACT_RETAINED_RECORD				NOT_ASSESSED_NO_EXACT_RETAINED_RECORD				UNKNOWN_TECHNICAL	EAS			
HML-2_Yq11.23a	NA18534_h2_HML-2_Yq11.23a_technical_error	HML-2_Yq11.23a	NA18534	h2	Validator_Script	HML-2_Yq11.23a|NA18534|h2|none|NA|NA	1	1	NA	NA	NO_EXACT_RETAINED_RECORD				NOT_ASSESSED_NO_EXACT_RETAINED_RECORD				UNKNOWN_TECHNICAL	EAS			
HML-2_Yq11.23a	NA18939_h1_HML-2_Yq11.23a_technical_error	HML-2_Yq11.23a	NA18939	h1	Validator_Script	HML-2_Yq11.23a|NA18939|h1|none|NA|NA	1	1	NA	NA	NO_EXACT_RETAINED_RECORD				NOT_ASSESSED_NO_EXACT_RETAINED_RECORD				UNKNOWN_TECHNICAL	EAS			
HML-2_Yq11.23a	NA18939_h2_HML-2_Yq11.23a_technical_error	HML-2_Yq11.23a	NA18939	h2	Validator_Script	HML-2_Yq11.23a|NA18939|h2|none|NA|NA	1	1	NA	NA	NO_EXACT_RETAINED_RECORD				NOT_ASSESSED_NO_EXACT_RETAINED_RECORD				UNKNOWN_TECHNICAL	EAS			
HML-2_Yq11.23a	NA18989_h1_HML-2_Yq11.23a_technical_error	HML-2_Yq11.23a	NA18989	h1	Validator_Script	HML-2_Yq11.23a|NA18989|h1|none|NA|NA	1	1	NA	NA	NO_EXACT_RETAINED_RECORD				NOT_ASSESSED_NO_EXACT_RETAINED_RECORD				UNKNOWN_TECHNICAL	EAS			
HML-2_Yq11.23a	NA18989_h2_HML-2_Yq11.23a_technical_error	HML-2_Yq11.23a	NA18989	h2	Validator_Script	HML-2_Yq11.23a|NA18989|h2|none|NA|NA	1	1	NA	NA	NO_EXACT_RETAINED_RECORD				NOT_ASSESSED_NO_EXACT_RETAINED_RECORD				UNKNOWN_TECHNICAL	EAS			
HML-2_Yq11.23a	NA19129_h1_HML-2_Yq11.23a_technical_error	HML-2_Yq11.23a	NA19129	h1	Validator_Script	HML-2_Yq11.23a|NA19129|h1|none|NA|NA	1	1	NA	NA	NO_EXACT_RETAINED_RECORD				NOT_ASSESSED_NO_EXACT_RETAINED_RECORD				UNKNOWN_TECHNICAL	AFR			
HML-2_Yq11.23a	NA19129_h2_HML-2_Yq11.23a_technical_error	HML-2_Yq11.23a	NA19129	h2	Validator_Script	HML-2_Yq11.23a|NA19129|h2|none|NA|NA	1	1	NA	NA	NO_EXACT_RETAINED_RECORD				NOT_ASSESSED_NO_EXACT_RETAINED_RECORD				UNKNOWN_TECHNICAL	AFR			
HML-2_Yq11.23a	NA19238_h1_HML-2_Yq11.23a_technical_error	HML-2_Yq11.23a	NA19238	h1	Validator_Script	HML-2_Yq11.23a|NA19238|h1|none|NA|NA	1	1	NA	NA	NO_EXACT_RETAINED_RECORD				NOT_ASSESSED_NO_EXACT_RETAINED_RECORD				UNKNOWN_TECHNICAL	AFR			
HML-2_Yq11.23a	NA19238_h2_HML-2_Yq11.23a_technical_error	HML-2_Yq11.23a	NA19238	h2	Validator_Script	HML-2_Yq11.23a|NA19238|h2|none|NA|NA	1	1	NA	NA	NO_EXACT_RETAINED_RECORD				NOT_ASSESSED_NO_EXACT_RETAINED_RECORD				UNKNOWN_TECHNICAL	AFR			
HML-2_Yq11.23a	NA19239_h1_HML-2_Yq11.23a_technical_error	HML-2_Yq11.23a	NA19239	h1	Validator_Script	HML-2_Yq11.23a|NA19239|h1|none|NA|NA	1	1	NA	NA	NO_EXACT_RETAINED_RECORD				NOT_ASSESSED_NO_EXACT_RETAINED_RECORD				UNKNOWN_TECHNICAL	AFR			
HML-2_Yq11.23a	NA19239_h2_HML-2_Yq11.23a_technical_error	HML-2_Yq11.23a	NA19239	h2	Validator_Script	HML-2_Yq11.23a|NA19239|h2|none|NA|NA	1	1	NA	NA	NO_EXACT_RETAINED_RECORD				NOT_ASSESSED_NO_EXACT_RETAINED_RECORD				UNKNOWN_TECHNICAL	AFR			
HML-2_Yq11.23a	NA19317_h1_HML-2_Yq11.23a_technical_error	HML-2_Yq11.23a	NA19317	h1	Validator_Script	HML-2_Yq11.23a|NA19317|h1|none|NA|NA	1	1	NA	NA	NO_EXACT_RETAINED_RECORD				NOT_ASSESSED_NO_EXACT_RETAINED_RECORD				UNKNOWN_TECHNICAL	AFR			
HML-2_Yq11.23a	NA19317_h2_HML-2_Yq11.23a_technical_error	HML-2_Yq11.23a	NA19317	h2	Validator_Script	HML-2_Yq11.23a|NA19317|h2|none|NA|NA	1	1	NA	NA	NO_EXACT_RETAINED_RECORD				NOT_ASSESSED_NO_EXACT_RETAINED_RECORD				UNKNOWN_TECHNICAL	AFR			
HML-2_Yq11.23a	NA19331_h1_HML-2_Yq11.23a_technical_error	HML-2_Yq11.23a	NA19331	h1	Validator_Script	HML-2_Yq11.23a|NA19331|h1|none|NA|NA	1	1	NA	NA	NO_EXACT_RETAINED_RECORD				NOT_ASSESSED_NO_EXACT_RETAINED_RECORD				UNKNOWN_TECHNICAL	AFR			
HML-2_Yq11.23a	NA19331_h2_HML-2_Yq11.23a_technical_error	HML-2_Yq11.23a	NA19331	h2	Validator_Script	HML-2_Yq11.23a|NA19331|h2|none|NA|NA	1	1	NA	NA	NO_EXACT_RETAINED_RECORD				NOT_ASSESSED_NO_EXACT_RETAINED_RECORD				UNKNOWN_TECHNICAL	AFR			
HML-2_Yq11.23a	NA19347_h1_HML-2_Yq11.23a_technical_error	HML-2_Yq11.23a	NA19347	h1	Validator_Script	HML-2_Yq11.23a|NA19347|h1|none|NA|NA	1	1	NA	NA	NO_EXACT_RETAINED_RECORD				NOT_ASSESSED_NO_EXACT_RETAINED_RECORD				UNKNOWN_TECHNICAL	AFR			
HML-2_Yq11.23a	NA19347_h2_HML-2_Yq11.23a_technical_error	HML-2_Yq11.23a	NA19347	h2	Validator_Script	HML-2_Yq11.23a|NA19347|h2|none|NA|NA	1	1	NA	NA	NO_EXACT_RETAINED_RECORD				NOT_ASSESSED_NO_EXACT_RETAINED_RECORD				UNKNOWN_TECHNICAL	AFR			
HML-2_Yq11.23a	NA19384_h2_HML-2_Yq11.23a_technical_error	HML-2_Yq11.23a	NA19384	h2	Validator_Script	HML-2_Yq11.23a|NA19384|h2|none|NA|NA	1	1	NA	NA	NO_EXACT_RETAINED_RECORD				NOT_ASSESSED_NO_EXACT_RETAINED_RECORD				UNKNOWN_TECHNICAL	AFR			
HML-2_Yq11.23a	NA19434_h1_HML-2_Yq11.23a_technical_error	HML-2_Yq11.23a	NA19434	h1	Validator_Script	HML-2_Yq11.23a|NA19434|h1|none|NA|NA	1	1	NA	NA	NO_EXACT_RETAINED_RECORD				NOT_ASSESSED_NO_EXACT_RETAINED_RECORD				UNKNOWN_TECHNICAL	AFR			
HML-2_Yq11.23a	NA19434_h2_HML-2_Yq11.23a_technical_error	HML-2_Yq11.23a	NA19434	h2	Validator_Script	HML-2_Yq11.23a|NA19434|h2|none|NA|NA	1	1	NA	NA	NO_EXACT_RETAINED_RECORD				NOT_ASSESSED_NO_EXACT_RETAINED_RECORD				UNKNOWN_TECHNICAL	AFR			
HML-2_Yq11.23a	NA19650_h1_HML-2_Yq11.23a_technical_error	HML-2_Yq11.23a	NA19650	h1	Validator_Script	HML-2_Yq11.23a|NA19650|h1|none|NA|NA	1	1	NA	NA	NO_EXACT_RETAINED_RECORD				NOT_ASSESSED_NO_EXACT_RETAINED_RECORD				UNKNOWN_TECHNICAL	AMR			
HML-2_Yq11.23a	NA19650_h2_HML-2_Yq11.23a_technical_error	HML-2_Yq11.23a	NA19650	h2	Validator_Script	HML-2_Yq11.23a|NA19650|h2|none|NA|NA	1	1	NA	NA	NO_EXACT_RETAINED_RECORD				NOT_ASSESSED_NO_EXACT_RETAINED_RECORD				UNKNOWN_TECHNICAL	AMR			
HML-2_Yq11.23a	NA19705_h2_HML-2_Yq11.23a_technical_error	HML-2_Yq11.23a	NA19705	h2	Validator_Script	HML-2_Yq11.23a|NA19705|h2|none|NA|NA	1	1	NA	NA	NO_EXACT_RETAINED_RECORD				NOT_ASSESSED_NO_EXACT_RETAINED_RECORD				UNKNOWN_TECHNICAL	AFR			
HML-2_Yq11.23a	NA19836_h1_HML-2_Yq11.23a_technical_error	HML-2_Yq11.23a	NA19836	h1	Validator_Script	HML-2_Yq11.23a|NA19836|h1|none|NA|NA	1	1	NA	NA	NO_EXACT_RETAINED_RECORD				NOT_ASSESSED_NO_EXACT_RETAINED_RECORD				UNKNOWN_TECHNICAL	AFR			
HML-2_Yq11.23a	NA19836_h2_HML-2_Yq11.23a_technical_error	HML-2_Yq11.23a	NA19836	h2	Validator_Script	HML-2_Yq11.23a|NA19836|h2|none|NA|NA	1	1	NA	NA	NO_EXACT_RETAINED_RECORD				NOT_ASSESSED_NO_EXACT_RETAINED_RECORD				UNKNOWN_TECHNICAL	AFR			
HML-2_Yq11.23a	NA19983_h1_HML-2_Yq11.23a_technical_error	HML-2_Yq11.23a	NA19983	h1	Validator_Script	HML-2_Yq11.23a|NA19983|h1|none|NA|NA	1	1	NA	NA	NO_EXACT_RETAINED_RECORD				NOT_ASSESSED_NO_EXACT_RETAINED_RECORD				UNKNOWN_TECHNICAL	AFR			
HML-2_Yq11.23a	NA19983_h2_HML-2_Yq11.23a_technical_error	HML-2_Yq11.23a	NA19983	h2	Validator_Script	HML-2_Yq11.23a|NA19983|h2|none|NA|NA	1	1	NA	NA	NO_EXACT_RETAINED_RECORD				NOT_ASSESSED_NO_EXACT_RETAINED_RECORD				UNKNOWN_TECHNICAL	AFR			
HML-2_Yq11.23a	NA20355_h1_HML-2_Yq11.23a_technical_error	HML-2_Yq11.23a	NA20355	h1	Validator_Script	HML-2_Yq11.23a|NA20355|h1|none|NA|NA	1	1	NA	NA	NO_EXACT_RETAINED_RECORD				NOT_ASSESSED_NO_EXACT_RETAINED_RECORD				UNKNOWN_TECHNICAL	AFR			
HML-2_Yq11.23a	NA20355_h2_HML-2_Yq11.23a_technical_error	HML-2_Yq11.23a	NA20355	h2	Validator_Script	HML-2_Yq11.23a|NA20355|h2|none|NA|NA	1	1	NA	NA	NO_EXACT_RETAINED_RECORD				NOT_ASSESSED_NO_EXACT_RETAINED_RECORD				UNKNOWN_TECHNICAL	AFR			
HML-2_Yq11.23a	NA20509_h1_HML-2_Yq11.23a_technical_error	HML-2_Yq11.23a	NA20509	h1	Validator_Script	HML-2_Yq11.23a|NA20509|h1|none|NA|NA	1	1	NA	NA	NO_EXACT_RETAINED_RECORD				NOT_ASSESSED_NO_EXACT_RETAINED_RECORD				UNKNOWN_TECHNICAL	EUR			
HML-2_Yq11.23a	NA20509_h2_HML-2_Yq11.23a_technical_error	HML-2_Yq11.23a	NA20509	h2	Validator_Script	HML-2_Yq11.23a|NA20509|h2|none|NA|NA	1	1	NA	NA	NO_EXACT_RETAINED_RECORD				NOT_ASSESSED_NO_EXACT_RETAINED_RECORD				UNKNOWN_TECHNICAL	EUR			
HML-2_Yq11.23a	NA20847_h1_HML-2_Yq11.23a_technical_error	HML-2_Yq11.23a	NA20847	h1	Validator_Script	HML-2_Yq11.23a|NA20847|h1|none|NA|NA	1	1	NA	NA	NO_EXACT_RETAINED_RECORD				NOT_ASSESSED_NO_EXACT_RETAINED_RECORD				UNKNOWN_TECHNICAL	SAS			
HML-2_Yq11.23a	NA20847_h2_HML-2_Yq11.23a_technical_error	HML-2_Yq11.23a	NA20847	h2	Validator_Script	HML-2_Yq11.23a|NA20847|h2|none|NA|NA	1	1	NA	NA	NO_EXACT_RETAINED_RECORD				NOT_ASSESSED_NO_EXACT_RETAINED_RECORD				UNKNOWN_TECHNICAL	SAS			
HML-2_Yq11.23a	NA21487_h1_HML-2_Yq11.23a_technical_error	HML-2_Yq11.23a	NA21487	h1	Validator_Script	HML-2_Yq11.23a|NA21487|h1|none|NA|NA	1	1	NA	NA	NO_EXACT_RETAINED_RECORD				NOT_ASSESSED_NO_EXACT_RETAINED_RECORD				UNKNOWN_TECHNICAL	Unassigned			
HML-2_Yq11.23a	NA21487_h2_HML-2_Yq11.23a_technical_error	HML-2_Yq11.23a	NA21487	h2	Validator_Script	HML-2_Yq11.23a|NA21487|h2|none|NA|NA	1	1	NA	NA	NO_EXACT_RETAINED_RECORD				NOT_ASSESSED_NO_EXACT_RETAINED_RECORD				UNKNOWN_TECHNICAL	Unassigned			
HML-2_Yq11.23a	NA24385_h1_HML-2_Yq11.23a_technical_error	HML-2_Yq11.23a	NA24385	h1	Validator_Script	HML-2_Yq11.23a|NA24385|h1|none|NA|NA	1	1	NA	NA	NO_EXACT_RETAINED_RECORD				NOT_ASSESSED_NO_EXACT_RETAINED_RECORD				UNKNOWN_TECHNICAL	Unassigned			
HML-2_Yq11.23b	HG00096_h1_HML-2_Yq11.23b_technical_error	HML-2_Yq11.23b	HG00096	h1	Validator_Script	HML-2_Yq11.23b|HG00096|h1|none|NA|NA	1	1	NA	NA	NO_EXACT_RETAINED_RECORD				NOT_ASSESSED_NO_EXACT_RETAINED_RECORD				UNKNOWN_TECHNICAL	EUR			
HML-2_Yq11.23b	HG00096_h2_HML-2_Yq11.23b_technical_error	HML-2_Yq11.23b	HG00096	h2	Validator_Script	HML-2_Yq11.23b|HG00096|h2|none|NA|NA	1	1	NA	NA	NO_EXACT_RETAINED_RECORD				NOT_ASSESSED_NO_EXACT_RETAINED_RECORD				UNKNOWN_TECHNICAL	EUR			
HML-2_Yq11.23b	HG00171_h1_HML-2_Yq11.23b_technical_error	HML-2_Yq11.23b	HG00171	h1	Validator_Script	HML-2_Yq11.23b|HG00171|h1|none|NA|NA	1	1	NA	NA	NO_EXACT_RETAINED_RECORD				NOT_ASSESSED_NO_EXACT_RETAINED_RECORD				UNKNOWN_TECHNICAL	EUR			
HML-2_Yq11.23b	HG00171_h2_HML-2_Yq11.23b_technical_error	HML-2_Yq11.23b	HG00171	h2	Validator_Script	HML-2_Yq11.23b|HG00171|h2|none|NA|NA	1	1	NA	NA	NO_EXACT_RETAINED_RECORD				NOT_ASSESSED_NO_EXACT_RETAINED_RECORD				UNKNOWN_TECHNICAL	EUR			
HML-2_Yq11.23b	HG00268_h1_HML-2_Yq11.23b_technical_error	HML-2_Yq11.23b	HG00268	h1	Validator_Script	HML-2_Yq11.23b|HG00268|h1|none|NA|NA	1	1	NA	NA	NO_EXACT_RETAINED_RECORD				NOT_ASSESSED_NO_EXACT_RETAINED_RECORD				UNKNOWN_TECHNICAL	EUR			
HML-2_Yq11.23b	HG00268_h2_HML-2_Yq11.23b_technical_error	HML-2_Yq11.23b	HG00268	h2	Validator_Script	HML-2_Yq11.23b|HG00268|h2|none|NA|NA	1	1	NA	NA	NO_EXACT_RETAINED_RECORD				NOT_ASSESSED_NO_EXACT_RETAINED_RECORD				UNKNOWN_TECHNICAL	EUR			
HML-2_Yq11.23b	HG00358_h2_HML-2_Yq11.23b_technical_error	HML-2_Yq11.23b	HG00358	h2	Validator_Script	HML-2_Yq11.23b|HG00358|h2|none|NA|NA	1	1	NA	NA	NO_EXACT_RETAINED_RECORD				NOT_ASSESSED_NO_EXACT_RETAINED_RECORD				UNKNOWN_TECHNICAL	EUR			
HML-2_Yq11.23b	HG00512_h1_HML-2_Yq11.23b_technical_error	HML-2_Yq11.23b	HG00512	h1	Validator_Script	HML-2_Yq11.23b|HG00512|h1|none|NA|NA	1	1	NA	NA	NO_EXACT_RETAINED_RECORD				NOT_ASSESSED_NO_EXACT_RETAINED_RECORD				UNKNOWN_TECHNICAL	EAS			
HML-2_Yq11.23b	HG00512_h2_HML-2_Yq11.23b_technical_error	HML-2_Yq11.23b	HG00512	h2	Validator_Script	HML-2_Yq11.23b|HG00512|h2|none|NA|NA	1	1	NA	NA	NO_EXACT_RETAINED_RECORD				NOT_ASSESSED_NO_EXACT_RETAINED_RECORD				UNKNOWN_TECHNICAL	EAS			
HML-2_Yq11.23b	HG00513_h1_HML-2_Yq11.23b_technical_error	HML-2_Yq11.23b	HG00513	h1	Validator_Script	HML-2_Yq11.23b|HG00513|h1|none|NA|NA	1	1	NA	NA	NO_EXACT_RETAINED_RECORD				NOT_ASSESSED_NO_EXACT_RETAINED_RECORD				UNKNOWN_TECHNICAL	EAS			
HML-2_Yq11.23b	HG00513_h2_HML-2_Yq11.23b_technical_error	HML-2_Yq11.23b	HG00513	h2	Validator_Script	HML-2_Yq11.23b|HG00513|h2|none|NA|NA	1	1	NA	NA	NO_EXACT_RETAINED_RECORD				NOT_ASSESSED_NO_EXACT_RETAINED_RECORD				UNKNOWN_TECHNICAL	EAS			
HML-2_Yq11.23b	HG00514_h1_HML-2_Yq11.23b_technical_error	HML-2_Yq11.23b	HG00514	h1	Validator_Script	HML-2_Yq11.23b|HG00514|h1|none|NA|NA	1	1	NA	NA	NO_EXACT_RETAINED_RECORD				NOT_ASSESSED_NO_EXACT_RETAINED_RECORD				UNKNOWN_TECHNICAL	EAS			
HML-2_Yq11.23b	HG00514_h2_HML-2_Yq11.23b_technical_error	HML-2_Yq11.23b	HG00514	h2	Validator_Script	HML-2_Yq11.23b|HG00514|h2|none|NA|NA	1	1	NA	NA	NO_EXACT_RETAINED_RECORD				NOT_ASSESSED_NO_EXACT_RETAINED_RECORD				UNKNOWN_TECHNICAL	EAS			
HML-2_Yq11.23b	HG00731_h1_HML-2_Yq11.23b_technical_error	HML-2_Yq11.23b	HG00731	h1	Validator_Script	HML-2_Yq11.23b|HG00731|h1|none|NA|NA	1	1	NA	NA	NO_EXACT_RETAINED_RECORD				NOT_ASSESSED_NO_EXACT_RETAINED_RECORD				UNKNOWN_TECHNICAL	AMR			
HML-2_Yq11.23b	HG00731_h2_HML-2_Yq11.23b_technical_error	HML-2_Yq11.23b	HG00731	h2	Validator_Script	HML-2_Yq11.23b|HG00731|h2|none|NA|NA	1	1	NA	NA	NO_EXACT_RETAINED_RECORD				NOT_ASSESSED_NO_EXACT_RETAINED_RECORD				UNKNOWN_TECHNICAL	AMR			
HML-2_Yq11.23b	HG00732_h1_HML-2_Yq11.23b_technical_error	HML-2_Yq11.23b	HG00732	h1	Validator_Script	HML-2_Yq11.23b|HG00732|h1|none|NA|NA	1	1	NA	NA	NO_EXACT_RETAINED_RECORD				NOT_ASSESSED_NO_EXACT_RETAINED_RECORD				UNKNOWN_TECHNICAL	AMR			
HML-2_Yq11.23b	HG00732_h2_HML-2_Yq11.23b_technical_error	HML-2_Yq11.23b	HG00732	h2	Validator_Script	HML-2_Yq11.23b|HG00732|h2|none|NA|NA	1	1	NA	NA	NO_EXACT_RETAINED_RECORD				NOT_ASSESSED_NO_EXACT_RETAINED_RECORD				UNKNOWN_TECHNICAL	AMR			
HML-2_Yq11.23b	HG00864_h1_HML-2_Yq11.23b_technical_error	HML-2_Yq11.23b	HG00864	h1	Validator_Script	HML-2_Yq11.23b|HG00864|h1|none|NA|NA	1	1	NA	NA	NO_EXACT_RETAINED_RECORD				NOT_ASSESSED_NO_EXACT_RETAINED_RECORD				UNKNOWN_TECHNICAL	EAS			
HML-2_Yq11.23b	HG00864_h2_HML-2_Yq11.23b_technical_error	HML-2_Yq11.23b	HG00864	h2	Validator_Script	HML-2_Yq11.23b|HG00864|h2|none|NA|NA	1	1	NA	NA	NO_EXACT_RETAINED_RECORD				NOT_ASSESSED_NO_EXACT_RETAINED_RECORD				UNKNOWN_TECHNICAL	EAS			
HML-2_Yq11.23b	HG01114_h1_HML-2_Yq11.23b_technical_error	HML-2_Yq11.23b	HG01114	h1	Validator_Script	HML-2_Yq11.23b|HG01114|h1|none|NA|NA	1	1	NA	NA	NO_EXACT_RETAINED_RECORD				NOT_ASSESSED_NO_EXACT_RETAINED_RECORD				UNKNOWN_TECHNICAL	AMR			
HML-2_Yq11.23b	HG01114_h2_HML-2_Yq11.23b_technical_error	HML-2_Yq11.23b	HG01114	h2	Validator_Script	HML-2_Yq11.23b|HG01114|h2|none|NA|NA	1	1	NA	NA	NO_EXACT_RETAINED_RECORD				NOT_ASSESSED_NO_EXACT_RETAINED_RECORD				UNKNOWN_TECHNICAL	AMR			
HML-2_Yq11.23b	HG01352_h1_HML-2_Yq11.23b_technical_error	HML-2_Yq11.23b	HG01352	h1	Validator_Script	HML-2_Yq11.23b|HG01352|h1|none|NA|NA	1	1	NA	NA	NO_EXACT_RETAINED_RECORD				NOT_ASSESSED_NO_EXACT_RETAINED_RECORD				UNKNOWN_TECHNICAL	AMR			
HML-2_Yq11.23b	HG01352_h2_HML-2_Yq11.23b_technical_error	HML-2_Yq11.23b	HG01352	h2	Validator_Script	HML-2_Yq11.23b|HG01352|h2|none|NA|NA	1	1	NA	NA	NO_EXACT_RETAINED_RECORD				NOT_ASSESSED_NO_EXACT_RETAINED_RECORD				UNKNOWN_TECHNICAL	AMR			
HML-2_Yq11.23b	HG01457_h1_HML-2_Yq11.23b_technical_error	HML-2_Yq11.23b	HG01457	h1	Validator_Script	HML-2_Yq11.23b|HG01457|h1|none|NA|NA	1	1	NA	NA	NO_EXACT_RETAINED_RECORD				NOT_ASSESSED_NO_EXACT_RETAINED_RECORD				UNKNOWN_TECHNICAL	AMR			
HML-2_Yq11.23b	HG01457_h2_HML-2_Yq11.23b_technical_error	HML-2_Yq11.23b	HG01457	h2	Validator_Script	HML-2_Yq11.23b|HG01457|h2|none|NA|NA	1	1	NA	NA	NO_EXACT_RETAINED_RECORD				NOT_ASSESSED_NO_EXACT_RETAINED_RECORD				UNKNOWN_TECHNICAL	AMR			
HML-2_Yq11.23b	HG01505_h1_HML-2_Yq11.23b_technical_error	HML-2_Yq11.23b	HG01505	h1	Validator_Script	HML-2_Yq11.23b|HG01505|h1|none|NA|NA	1	1	NA	NA	NO_EXACT_RETAINED_RECORD				NOT_ASSESSED_NO_EXACT_RETAINED_RECORD				UNKNOWN_TECHNICAL	EUR			
HML-2_Yq11.23b	HG01505_h2_HML-2_Yq11.23b_technical_error	HML-2_Yq11.23b	HG01505	h2	Validator_Script	HML-2_Yq11.23b|HG01505|h2|none|NA|NA	1	1	NA	NA	NO_EXACT_RETAINED_RECORD				NOT_ASSESSED_NO_EXACT_RETAINED_RECORD				UNKNOWN_TECHNICAL	EUR			
HML-2_Yq11.23b	HG01573_h1_HML-2_Yq11.23b_technical_error	HML-2_Yq11.23b	HG01573	h1	Validator_Script	HML-2_Yq11.23b|HG01573|h1|none|NA|NA	1	1	NA	NA	NO_EXACT_RETAINED_RECORD				NOT_ASSESSED_NO_EXACT_RETAINED_RECORD				UNKNOWN_TECHNICAL	AMR			
HML-2_Yq11.23b	HG01573_h2_HML-2_Yq11.23b_technical_error	HML-2_Yq11.23b	HG01573	h2	Validator_Script	HML-2_Yq11.23b|HG01573|h2|none|NA|NA	1	1	NA	NA	NO_EXACT_RETAINED_RECORD				NOT_ASSESSED_NO_EXACT_RETAINED_RECORD				UNKNOWN_TECHNICAL	AMR			
HML-2_Yq11.23b	HG01596_h1_HML-2_Yq11.23b_technical_error	HML-2_Yq11.23b	HG01596	h1	Validator_Script	HML-2_Yq11.23b|HG01596|h1|none|NA|NA	1	1	NA	NA	NO_EXACT_RETAINED_RECORD				NOT_ASSESSED_NO_EXACT_RETAINED_RECORD				UNKNOWN_TECHNICAL	EAS			
HML-2_Yq11.23b	HG01596_h2_HML-2_Yq11.23b_technical_error	HML-2_Yq11.23b	HG01596	h2	Validator_Script	HML-2_Yq11.23b|HG01596|h2|none|NA|NA	1	1	NA	NA	NO_EXACT_RETAINED_RECORD				NOT_ASSESSED_NO_EXACT_RETAINED_RECORD				UNKNOWN_TECHNICAL	EAS			
HML-2_Yq11.23b	HG01890_h1_HML-2_Yq11.23b_technical_error	HML-2_Yq11.23b	HG01890	h1	Validator_Script	HML-2_Yq11.23b|HG01890|h1|none|NA|NA	1	1	NA	NA	NO_EXACT_RETAINED_RECORD				NOT_ASSESSED_NO_EXACT_RETAINED_RECORD				UNKNOWN_TECHNICAL	AFR			
HML-2_Yq11.23b	HG01890_h2_HML-2_Yq11.23b_technical_error	HML-2_Yq11.23b	HG01890	h2	Validator_Script	HML-2_Yq11.23b|HG01890|h2|none|NA|NA	1	1	NA	NA	NO_EXACT_RETAINED_RECORD				NOT_ASSESSED_NO_EXACT_RETAINED_RECORD				UNKNOWN_TECHNICAL	AFR			
HML-2_Yq11.23b	HG02011_h1_HML-2_Yq11.23b_technical_error	HML-2_Yq11.23b	HG02011	h1	Validator_Script	HML-2_Yq11.23b|HG02011|h1|none|NA|NA	1	1	NA	NA	NO_EXACT_RETAINED_RECORD				NOT_ASSESSED_NO_EXACT_RETAINED_RECORD				UNKNOWN_TECHNICAL	AFR			
HML-2_Yq11.23b	HG02011_h2_HML-2_Yq11.23b_technical_error	HML-2_Yq11.23b	HG02011	h2	Validator_Script	HML-2_Yq11.23b|HG02011|h2|none|NA|NA	1	1	NA	NA	NO_EXACT_RETAINED_RECORD				NOT_ASSESSED_NO_EXACT_RETAINED_RECORD				UNKNOWN_TECHNICAL	AFR			
HML-2_Yq11.23b	HG02018_h1_HML-2_Yq11.23b_technical_error	HML-2_Yq11.23b	HG02018	h1	Validator_Script	HML-2_Yq11.23b|HG02018|h1|none|NA|NA	1	1	NA	NA	NO_EXACT_RETAINED_RECORD				NOT_ASSESSED_NO_EXACT_RETAINED_RECORD				UNKNOWN_TECHNICAL	EAS			
HML-2_Yq11.23b	HG02018_h2_HML-2_Yq11.23b_technical_error	HML-2_Yq11.23b	HG02018	h2	Validator_Script	HML-2_Yq11.23b|HG02018|h2|none|NA|NA	1	1	NA	NA	NO_EXACT_RETAINED_RECORD				NOT_ASSESSED_NO_EXACT_RETAINED_RECORD				UNKNOWN_TECHNICAL	EAS			
HML-2_Yq11.23b	HG02059_h1_HML-2_Yq11.23b_technical_error	HML-2_Yq11.23b	HG02059	h1	Validator_Script	HML-2_Yq11.23b|HG02059|h1|none|NA|NA	1	1	NA	NA	NO_EXACT_RETAINED_RECORD				NOT_ASSESSED_NO_EXACT_RETAINED_RECORD				UNKNOWN_TECHNICAL	EAS			
HML-2_Yq11.23b	HG02059_h2_HML-2_Yq11.23b_technical_error	HML-2_Yq11.23b	HG02059	h2	Validator_Script	HML-2_Yq11.23b|HG02059|h2|none|NA|NA	1	1	NA	NA	NO_EXACT_RETAINED_RECORD				NOT_ASSESSED_NO_EXACT_RETAINED_RECORD				UNKNOWN_TECHNICAL	EAS			
HML-2_Yq11.23b	HG02106_h1_HML-2_Yq11.23b_technical_error	HML-2_Yq11.23b	HG02106	h1	Validator_Script	HML-2_Yq11.23b|HG02106|h1|none|NA|NA	1	1	NA	NA	NO_EXACT_RETAINED_RECORD				NOT_ASSESSED_NO_EXACT_RETAINED_RECORD				UNKNOWN_TECHNICAL	AMR			
HML-2_Yq11.23b	HG02106_h2_HML-2_Yq11.23b_technical_error	HML-2_Yq11.23b	HG02106	h2	Validator_Script	HML-2_Yq11.23b|HG02106|h2|none|NA|NA	1	1	NA	NA	NO_EXACT_RETAINED_RECORD				NOT_ASSESSED_NO_EXACT_RETAINED_RECORD				UNKNOWN_TECHNICAL	AMR			
HML-2_Yq11.23b	HG02282_h1_HML-2_Yq11.23b_technical_error	HML-2_Yq11.23b	HG02282	h1	Validator_Script	HML-2_Yq11.23b|HG02282|h1|none|NA|NA	1	1	NA	NA	NO_EXACT_RETAINED_RECORD				NOT_ASSESSED_NO_EXACT_RETAINED_RECORD				UNKNOWN_TECHNICAL	AFR			
HML-2_Yq11.23b	HG02282_h2_HML-2_Yq11.23b_technical_error	HML-2_Yq11.23b	HG02282	h2	Validator_Script	HML-2_Yq11.23b|HG02282|h2|none|NA|NA	1	1	NA	NA	NO_EXACT_RETAINED_RECORD				NOT_ASSESSED_NO_EXACT_RETAINED_RECORD				UNKNOWN_TECHNICAL	AFR			
HML-2_Yq11.23b	HG02492_h2_HML-2_Yq11.23b_technical_error	HML-2_Yq11.23b	HG02492	h2	Validator_Script	HML-2_Yq11.23b|HG02492|h2|none|NA|NA	1	1	NA	NA	NO_EXACT_RETAINED_RECORD				NOT_ASSESSED_NO_EXACT_RETAINED_RECORD				UNKNOWN_TECHNICAL	SAS			
HML-2_Yq11.23b	HG02554_h1_HML-2_Yq11.23b_technical_error	HML-2_Yq11.23b	HG02554	h1	Validator_Script	HML-2_Yq11.23b|HG02554|h1|none|NA|NA	1	1	NA	NA	NO_EXACT_RETAINED_RECORD				NOT_ASSESSED_NO_EXACT_RETAINED_RECORD				UNKNOWN_TECHNICAL	AFR			
HML-2_Yq11.23b	HG02554_h2_HML-2_Yq11.23b_technical_error	HML-2_Yq11.23b	HG02554	h2	Validator_Script	HML-2_Yq11.23b|HG02554|h2|none|NA|NA	1	1	NA	NA	NO_EXACT_RETAINED_RECORD				NOT_ASSESSED_NO_EXACT_RETAINED_RECORD				UNKNOWN_TECHNICAL	AFR			
HML-2_Yq11.23b	HG02587_h1_HML-2_Yq11.23b_technical_error	HML-2_Yq11.23b	HG02587	h1	Validator_Script	HML-2_Yq11.23b|HG02587|h1|none|NA|NA	1	1	NA	NA	NO_EXACT_RETAINED_RECORD				NOT_ASSESSED_NO_EXACT_RETAINED_RECORD				UNKNOWN_TECHNICAL	AFR			
HML-2_Yq11.23b	HG02587_h2_HML-2_Yq11.23b_technical_error	HML-2_Yq11.23b	HG02587	h2	Validator_Script	HML-2_Yq11.23b|HG02587|h2|none|NA|NA	1	1	NA	NA	NO_EXACT_RETAINED_RECORD				NOT_ASSESSED_NO_EXACT_RETAINED_RECORD				UNKNOWN_TECHNICAL	AFR			
HML-2_Yq11.23b	HG02666_h1_HML-2_Yq11.23b_technical_error	HML-2_Yq11.23b	HG02666	h1	Validator_Script	HML-2_Yq11.23b|HG02666|h1|none|NA|NA	1	1	NA	NA	NO_EXACT_RETAINED_RECORD				NOT_ASSESSED_NO_EXACT_RETAINED_RECORD				UNKNOWN_TECHNICAL	AFR			
HML-2_Yq11.23b	HG02769_h1_HML-2_Yq11.23b_technical_error	HML-2_Yq11.23b	HG02769	h1	Validator_Script	HML-2_Yq11.23b|HG02769|h1|none|NA|NA	1	1	NA	NA	NO_EXACT_RETAINED_RECORD				NOT_ASSESSED_NO_EXACT_RETAINED_RECORD				UNKNOWN_TECHNICAL	AFR			
HML-2_Yq11.23b	HG02769_h2_HML-2_Yq11.23b_technical_error	HML-2_Yq11.23b	HG02769	h2	Validator_Script	HML-2_Yq11.23b|HG02769|h2|none|NA|NA	1	1	NA	NA	NO_EXACT_RETAINED_RECORD				NOT_ASSESSED_NO_EXACT_RETAINED_RECORD				UNKNOWN_TECHNICAL	AFR			
HML-2_Yq11.23b	HG02953_h1_HML-2_Yq11.23b_technical_error	HML-2_Yq11.23b	HG02953	h1	Validator_Script	HML-2_Yq11.23b|HG02953|h1|none|NA|NA	1	1	NA	NA	NO_EXACT_RETAINED_RECORD				NOT_ASSESSED_NO_EXACT_RETAINED_RECORD				UNKNOWN_TECHNICAL	AFR			
HML-2_Yq11.23b	HG02953_h2_HML-2_Yq11.23b_technical_error	HML-2_Yq11.23b	HG02953	h2	Validator_Script	HML-2_Yq11.23b|HG02953|h2|none|NA|NA	1	1	NA	NA	NO_EXACT_RETAINED_RECORD				NOT_ASSESSED_NO_EXACT_RETAINED_RECORD				UNKNOWN_TECHNICAL	AFR			
HML-2_Yq11.23b	HG03009_h2_HML-2_Yq11.23b_technical_error	HML-2_Yq11.23b	HG03009	h2	Validator_Script	HML-2_Yq11.23b|HG03009|h2|none|NA|NA	1	1	NA	NA	NO_EXACT_RETAINED_RECORD				NOT_ASSESSED_NO_EXACT_RETAINED_RECORD				UNKNOWN_TECHNICAL	SAS			
HML-2_Yq11.23b	HG03065_h1_HML-2_Yq11.23b_technical_error	HML-2_Yq11.23b	HG03065	h1	Validator_Script	HML-2_Yq11.23b|HG03065|h1|none|NA|NA	1	1	NA	NA	NO_EXACT_RETAINED_RECORD				NOT_ASSESSED_NO_EXACT_RETAINED_RECORD				UNKNOWN_TECHNICAL	AFR			
HML-2_Yq11.23b	HG03065_h2_HML-2_Yq11.23b_technical_error	HML-2_Yq11.23b	HG03065	h2	Validator_Script	HML-2_Yq11.23b|HG03065|h2|none|NA|NA	1	1	NA	NA	NO_EXACT_RETAINED_RECORD				NOT_ASSESSED_NO_EXACT_RETAINED_RECORD				UNKNOWN_TECHNICAL	AFR			
HML-2_Yq11.23b	HG03248_h1_HML-2_Yq11.23b_technical_error	HML-2_Yq11.23b	HG03248	h1	Validator_Script	HML-2_Yq11.23b|HG03248|h1|none|NA|NA	1	1	NA	NA	NO_EXACT_RETAINED_RECORD				NOT_ASSESSED_NO_EXACT_RETAINED_RECORD				UNKNOWN_TECHNICAL	AFR			
HML-2_Yq11.23b	HG03248_h2_HML-2_Yq11.23b_technical_error	HML-2_Yq11.23b	HG03248	h2	Validator_Script	HML-2_Yq11.23b|HG03248|h2|none|NA|NA	1	1	NA	NA	NO_EXACT_RETAINED_RECORD				NOT_ASSESSED_NO_EXACT_RETAINED_RECORD				UNKNOWN_TECHNICAL	AFR			
HML-2_Yq11.23b	HG03371_h1_HML-2_Yq11.23b_technical_error	HML-2_Yq11.23b	HG03371	h1	Validator_Script	HML-2_Yq11.23b|HG03371|h1|none|NA|NA	1	1	NA	NA	NO_EXACT_RETAINED_RECORD				NOT_ASSESSED_NO_EXACT_RETAINED_RECORD				UNKNOWN_TECHNICAL	AFR			
HML-2_Yq11.23b	HG03371_h2_HML-2_Yq11.23b_technical_error	HML-2_Yq11.23b	HG03371	h2	Validator_Script	HML-2_Yq11.23b|HG03371|h2|none|NA|NA	1	1	NA	NA	NO_EXACT_RETAINED_RECORD				NOT_ASSESSED_NO_EXACT_RETAINED_RECORD				UNKNOWN_TECHNICAL	AFR			
HML-2_Yq11.23b	HG03452_h1_HML-2_Yq11.23b_technical_error	HML-2_Yq11.23b	HG03452	h1	Validator_Script	HML-2_Yq11.23b|HG03452|h1|none|NA|NA	1	1	NA	NA	NO_EXACT_RETAINED_RECORD				NOT_ASSESSED_NO_EXACT_RETAINED_RECORD				UNKNOWN_TECHNICAL	AFR			
HML-2_Yq11.23b	HG03452_h2_HML-2_Yq11.23b_technical_error	HML-2_Yq11.23b	HG03452	h2	Validator_Script	HML-2_Yq11.23b|HG03452|h2|none|NA|NA	1	1	NA	NA	NO_EXACT_RETAINED_RECORD				NOT_ASSESSED_NO_EXACT_RETAINED_RECORD				UNKNOWN_TECHNICAL	AFR			
HML-2_Yq11.23b	HG03456_h1_HML-2_Yq11.23b_technical_error	HML-2_Yq11.23b	HG03456	h1	Validator_Script	HML-2_Yq11.23b|HG03456|h1|none|NA|NA	1	1	NA	NA	NO_EXACT_RETAINED_RECORD				NOT_ASSESSED_NO_EXACT_RETAINED_RECORD				UNKNOWN_TECHNICAL	AFR			
HML-2_Yq11.23b	HG03456_h2_HML-2_Yq11.23b_technical_error	HML-2_Yq11.23b	HG03456	h2	Validator_Script	HML-2_Yq11.23b|HG03456|h2|none|NA|NA	1	1	NA	NA	NO_EXACT_RETAINED_RECORD				NOT_ASSESSED_NO_EXACT_RETAINED_RECORD				UNKNOWN_TECHNICAL	AFR			
HML-2_Yq11.23b	HG03520_h1_HML-2_Yq11.23b_technical_error	HML-2_Yq11.23b	HG03520	h1	Validator_Script	HML-2_Yq11.23b|HG03520|h1|none|NA|NA	1	1	NA	NA	NO_EXACT_RETAINED_RECORD				NOT_ASSESSED_NO_EXACT_RETAINED_RECORD				UNKNOWN_TECHNICAL	AFR			
HML-2_Yq11.23b	HG03520_h2_HML-2_Yq11.23b_technical_error	HML-2_Yq11.23b	HG03520	h2	Validator_Script	HML-2_Yq11.23b|HG03520|h2|none|NA|NA	1	1	NA	NA	NO_EXACT_RETAINED_RECORD				NOT_ASSESSED_NO_EXACT_RETAINED_RECORD				UNKNOWN_TECHNICAL	AFR			
HML-2_Yq11.23b	HG03683_h1_HML-2_Yq11.23b_technical_error	HML-2_Yq11.23b	HG03683	h1	Validator_Script	HML-2_Yq11.23b|HG03683|h1|none|NA|NA	1	1	NA	NA	NO_EXACT_RETAINED_RECORD				NOT_ASSESSED_NO_EXACT_RETAINED_RECORD				UNKNOWN_TECHNICAL	SAS			
HML-2_Yq11.23b	HG03683_h2_HML-2_Yq11.23b_technical_error	HML-2_Yq11.23b	HG03683	h2	Validator_Script	HML-2_Yq11.23b|HG03683|h2|none|NA|NA	1	1	NA	NA	NO_EXACT_RETAINED_RECORD				NOT_ASSESSED_NO_EXACT_RETAINED_RECORD				UNKNOWN_TECHNICAL	SAS			
HML-2_Yq11.23b	HG03732_h1_HML-2_Yq11.23b_technical_error	HML-2_Yq11.23b	HG03732	h1	Validator_Script	HML-2_Yq11.23b|HG03732|h1|none|NA|NA	1	1	NA	NA	NO_EXACT_RETAINED_RECORD				NOT_ASSESSED_NO_EXACT_RETAINED_RECORD				UNKNOWN_TECHNICAL	SAS			
HML-2_Yq11.23b	HG03732_h2_HML-2_Yq11.23b_technical_error	HML-2_Yq11.23b	HG03732	h2	Validator_Script	HML-2_Yq11.23b|HG03732|h2|none|NA|NA	1	1	NA	NA	NO_EXACT_RETAINED_RECORD				NOT_ASSESSED_NO_EXACT_RETAINED_RECORD				UNKNOWN_TECHNICAL	SAS			
HML-2_Yq11.23b	HG03807_h1_HML-2_Yq11.23b_technical_error	HML-2_Yq11.23b	HG03807	h1	Validator_Script	HML-2_Yq11.23b|HG03807|h1|none|NA|NA	1	1	NA	NA	NO_EXACT_RETAINED_RECORD				NOT_ASSESSED_NO_EXACT_RETAINED_RECORD				UNKNOWN_TECHNICAL	SAS			
HML-2_Yq11.23b	HG03807_h2_HML-2_Yq11.23b_technical_error	HML-2_Yq11.23b	HG03807	h2	Validator_Script	HML-2_Yq11.23b|HG03807|h2|none|NA|NA	1	1	NA	NA	NO_EXACT_RETAINED_RECORD				NOT_ASSESSED_NO_EXACT_RETAINED_RECORD				UNKNOWN_TECHNICAL	SAS			
HML-2_Yq11.23b	HG04036_h1_HML-2_Yq11.23b_technical_error	HML-2_Yq11.23b	HG04036	h1	Validator_Script	HML-2_Yq11.23b|HG04036|h1|none|NA|NA	1	1	NA	NA	NO_EXACT_RETAINED_RECORD				NOT_ASSESSED_NO_EXACT_RETAINED_RECORD				UNKNOWN_TECHNICAL	SAS			
HML-2_Yq11.23b	HG04036_h2_HML-2_Yq11.23b_technical_error	HML-2_Yq11.23b	HG04036	h2	Validator_Script	HML-2_Yq11.23b|HG04036|h2|none|NA|NA	1	1	NA	NA	NO_EXACT_RETAINED_RECORD				NOT_ASSESSED_NO_EXACT_RETAINED_RECORD				UNKNOWN_TECHNICAL	SAS			
HML-2_Yq11.23b	HG04217_h1_HML-2_Yq11.23b_technical_error	HML-2_Yq11.23b	HG04217	h1	Validator_Script	HML-2_Yq11.23b|HG04217|h1|none|NA|NA	1	1	NA	NA	NO_EXACT_RETAINED_RECORD				NOT_ASSESSED_NO_EXACT_RETAINED_RECORD				UNKNOWN_TECHNICAL	SAS			
HML-2_Yq11.23b	HG04217_h2_HML-2_Yq11.23b_technical_error	HML-2_Yq11.23b	HG04217	h2	Validator_Script	HML-2_Yq11.23b|HG04217|h2|none|NA|NA	1	1	NA	NA	NO_EXACT_RETAINED_RECORD				NOT_ASSESSED_NO_EXACT_RETAINED_RECORD				UNKNOWN_TECHNICAL	SAS			
HML-2_Yq11.23b	NA12329_h1_HML-2_Yq11.23b_technical_error	HML-2_Yq11.23b	NA12329	h1	Validator_Script	HML-2_Yq11.23b|NA12329|h1|none|NA|NA	1	1	NA	NA	NO_EXACT_RETAINED_RECORD				NOT_ASSESSED_NO_EXACT_RETAINED_RECORD				UNKNOWN_TECHNICAL	EUR			
HML-2_Yq11.23b	NA12329_h2_HML-2_Yq11.23b_technical_error	HML-2_Yq11.23b	NA12329	h2	Validator_Script	HML-2_Yq11.23b|NA12329|h2|none|NA|NA	1	1	NA	NA	NO_EXACT_RETAINED_RECORD				NOT_ASSESSED_NO_EXACT_RETAINED_RECORD				UNKNOWN_TECHNICAL	EUR			
HML-2_Yq11.23b	NA18534_h1_HML-2_Yq11.23b_technical_error	HML-2_Yq11.23b	NA18534	h1	Validator_Script	HML-2_Yq11.23b|NA18534|h1|none|NA|NA	1	1	NA	NA	NO_EXACT_RETAINED_RECORD				NOT_ASSESSED_NO_EXACT_RETAINED_RECORD				UNKNOWN_TECHNICAL	EAS			
HML-2_Yq11.23b	NA18534_h2_HML-2_Yq11.23b_technical_error	HML-2_Yq11.23b	NA18534	h2	Validator_Script	HML-2_Yq11.23b|NA18534|h2|none|NA|NA	1	1	NA	NA	NO_EXACT_RETAINED_RECORD				NOT_ASSESSED_NO_EXACT_RETAINED_RECORD				UNKNOWN_TECHNICAL	EAS			
HML-2_Yq11.23b	NA18939_h1_HML-2_Yq11.23b_technical_error	HML-2_Yq11.23b	NA18939	h1	Validator_Script	HML-2_Yq11.23b|NA18939|h1|none|NA|NA	1	1	NA	NA	NO_EXACT_RETAINED_RECORD				NOT_ASSESSED_NO_EXACT_RETAINED_RECORD				UNKNOWN_TECHNICAL	EAS			
HML-2_Yq11.23b	NA18939_h2_HML-2_Yq11.23b_technical_error	HML-2_Yq11.23b	NA18939	h2	Validator_Script	HML-2_Yq11.23b|NA18939|h2|none|NA|NA	1	1	NA	NA	NO_EXACT_RETAINED_RECORD				NOT_ASSESSED_NO_EXACT_RETAINED_RECORD				UNKNOWN_TECHNICAL	EAS			
HML-2_Yq11.23b	NA18989_h1_HML-2_Yq11.23b_technical_error	HML-2_Yq11.23b	NA18989	h1	Validator_Script	HML-2_Yq11.23b|NA18989|h1|none|NA|NA	1	1	NA	NA	NO_EXACT_RETAINED_RECORD				NOT_ASSESSED_NO_EXACT_RETAINED_RECORD				UNKNOWN_TECHNICAL	EAS			
HML-2_Yq11.23b	NA18989_h2_HML-2_Yq11.23b_technical_error	HML-2_Yq11.23b	NA18989	h2	Validator_Script	HML-2_Yq11.23b|NA18989|h2|none|NA|NA	1	1	NA	NA	NO_EXACT_RETAINED_RECORD				NOT_ASSESSED_NO_EXACT_RETAINED_RECORD				UNKNOWN_TECHNICAL	EAS			
HML-2_Yq11.23b	NA19129_h1_HML-2_Yq11.23b_technical_error	HML-2_Yq11.23b	NA19129	h1	Validator_Script	HML-2_Yq11.23b|NA19129|h1|none|NA|NA	1	1	NA	NA	NO_EXACT_RETAINED_RECORD				NOT_ASSESSED_NO_EXACT_RETAINED_RECORD				UNKNOWN_TECHNICAL	AFR			
HML-2_Yq11.23b	NA19129_h2_HML-2_Yq11.23b_technical_error	HML-2_Yq11.23b	NA19129	h2	Validator_Script	HML-2_Yq11.23b|NA19129|h2|none|NA|NA	1	1	NA	NA	NO_EXACT_RETAINED_RECORD				NOT_ASSESSED_NO_EXACT_RETAINED_RECORD				UNKNOWN_TECHNICAL	AFR			
HML-2_Yq11.23b	NA19238_h1_HML-2_Yq11.23b_technical_error	HML-2_Yq11.23b	NA19238	h1	Validator_Script	HML-2_Yq11.23b|NA19238|h1|none|NA|NA	1	1	NA	NA	NO_EXACT_RETAINED_RECORD				NOT_ASSESSED_NO_EXACT_RETAINED_RECORD				UNKNOWN_TECHNICAL	AFR			
HML-2_Yq11.23b	NA19238_h2_HML-2_Yq11.23b_technical_error	HML-2_Yq11.23b	NA19238	h2	Validator_Script	HML-2_Yq11.23b|NA19238|h2|none|NA|NA	1	1	NA	NA	NO_EXACT_RETAINED_RECORD				NOT_ASSESSED_NO_EXACT_RETAINED_RECORD				UNKNOWN_TECHNICAL	AFR			
HML-2_Yq11.23b	NA19239_h1_HML-2_Yq11.23b_technical_error	HML-2_Yq11.23b	NA19239	h1	Validator_Script	HML-2_Yq11.23b|NA19239|h1|none|NA|NA	1	1	NA	NA	NO_EXACT_RETAINED_RECORD				NOT_ASSESSED_NO_EXACT_RETAINED_RECORD				UNKNOWN_TECHNICAL	AFR			
HML-2_Yq11.23b	NA19239_h2_HML-2_Yq11.23b_technical_error	HML-2_Yq11.23b	NA19239	h2	Validator_Script	HML-2_Yq11.23b|NA19239|h2|none|NA|NA	1	1	NA	NA	NO_EXACT_RETAINED_RECORD				NOT_ASSESSED_NO_EXACT_RETAINED_RECORD				UNKNOWN_TECHNICAL	AFR			
HML-2_Yq11.23b	NA19317_h1_HML-2_Yq11.23b_technical_error	HML-2_Yq11.23b	NA19317	h1	Validator_Script	HML-2_Yq11.23b|NA19317|h1|none|NA|NA	1	1	NA	NA	NO_EXACT_RETAINED_RECORD				NOT_ASSESSED_NO_EXACT_RETAINED_RECORD				UNKNOWN_TECHNICAL	AFR			
HML-2_Yq11.23b	NA19317_h2_HML-2_Yq11.23b_technical_error	HML-2_Yq11.23b	NA19317	h2	Validator_Script	HML-2_Yq11.23b|NA19317|h2|none|NA|NA	1	1	NA	NA	NO_EXACT_RETAINED_RECORD				NOT_ASSESSED_NO_EXACT_RETAINED_RECORD				UNKNOWN_TECHNICAL	AFR			
HML-2_Yq11.23b	NA19331_h1_HML-2_Yq11.23b_technical_error	HML-2_Yq11.23b	NA19331	h1	Validator_Script	HML-2_Yq11.23b|NA19331|h1|none|NA|NA	1	1	NA	NA	NO_EXACT_RETAINED_RECORD				NOT_ASSESSED_NO_EXACT_RETAINED_RECORD				UNKNOWN_TECHNICAL	AFR			
HML-2_Yq11.23b	NA19331_h2_HML-2_Yq11.23b_technical_error	HML-2_Yq11.23b	NA19331	h2	Validator_Script	HML-2_Yq11.23b|NA19331|h2|none|NA|NA	1	1	NA	NA	NO_EXACT_RETAINED_RECORD				NOT_ASSESSED_NO_EXACT_RETAINED_RECORD				UNKNOWN_TECHNICAL	AFR			
HML-2_Yq11.23b	NA19347_h1_HML-2_Yq11.23b_technical_error	HML-2_Yq11.23b	NA19347	h1	Validator_Script	HML-2_Yq11.23b|NA19347|h1|none|NA|NA	1	1	NA	NA	NO_EXACT_RETAINED_RECORD				NOT_ASSESSED_NO_EXACT_RETAINED_RECORD				UNKNOWN_TECHNICAL	AFR			
HML-2_Yq11.23b	NA19347_h2_HML-2_Yq11.23b_technical_error	HML-2_Yq11.23b	NA19347	h2	Validator_Script	HML-2_Yq11.23b|NA19347|h2|none|NA|NA	1	1	NA	NA	NO_EXACT_RETAINED_RECORD				NOT_ASSESSED_NO_EXACT_RETAINED_RECORD				UNKNOWN_TECHNICAL	AFR			
HML-2_Yq11.23b	NA19384_h2_HML-2_Yq11.23b_technical_error	HML-2_Yq11.23b	NA19384	h2	Validator_Script	HML-2_Yq11.23b|NA19384|h2|none|NA|NA	1	1	NA	NA	NO_EXACT_RETAINED_RECORD				NOT_ASSESSED_NO_EXACT_RETAINED_RECORD				UNKNOWN_TECHNICAL	AFR			
HML-2_Yq11.23b	NA19434_h1_HML-2_Yq11.23b_technical_error	HML-2_Yq11.23b	NA19434	h1	Validator_Script	HML-2_Yq11.23b|NA19434|h1|none|NA|NA	1	1	NA	NA	NO_EXACT_RETAINED_RECORD				NOT_ASSESSED_NO_EXACT_RETAINED_RECORD				UNKNOWN_TECHNICAL	AFR			
HML-2_Yq11.23b	NA19434_h2_HML-2_Yq11.23b_technical_error	HML-2_Yq11.23b	NA19434	h2	Validator_Script	HML-2_Yq11.23b|NA19434|h2|none|NA|NA	1	1	NA	NA	NO_EXACT_RETAINED_RECORD				NOT_ASSESSED_NO_EXACT_RETAINED_RECORD				UNKNOWN_TECHNICAL	AFR			
HML-2_Yq11.23b	NA19650_h1_HML-2_Yq11.23b_technical_error	HML-2_Yq11.23b	NA19650	h1	Validator_Script	HML-2_Yq11.23b|NA19650|h1|none|NA|NA	1	1	NA	NA	NO_EXACT_RETAINED_RECORD				NOT_ASSESSED_NO_EXACT_RETAINED_RECORD				UNKNOWN_TECHNICAL	AMR			
HML-2_Yq11.23b	NA19650_h2_HML-2_Yq11.23b_technical_error	HML-2_Yq11.23b	NA19650	h2	Validator_Script	HML-2_Yq11.23b|NA19650|h2|none|NA|NA	1	1	NA	NA	NO_EXACT_RETAINED_RECORD				NOT_ASSESSED_NO_EXACT_RETAINED_RECORD				UNKNOWN_TECHNICAL	AMR			
HML-2_Yq11.23b	NA19705_h1_HML-2_Yq11.23b_technical_error	HML-2_Yq11.23b	NA19705	h1	Validator_Script	HML-2_Yq11.23b|NA19705|h1|none|NA|NA	1	1	NA	NA	NO_EXACT_RETAINED_RECORD				NOT_ASSESSED_NO_EXACT_RETAINED_RECORD				UNKNOWN_TECHNICAL	AFR			
HML-2_Yq11.23b	NA19705_h2_HML-2_Yq11.23b_technical_error	HML-2_Yq11.23b	NA19705	h2	Validator_Script	HML-2_Yq11.23b|NA19705|h2|none|NA|NA	1	1	NA	NA	NO_EXACT_RETAINED_RECORD				NOT_ASSESSED_NO_EXACT_RETAINED_RECORD				UNKNOWN_TECHNICAL	AFR			
HML-2_Yq11.23b	NA19836_h1_HML-2_Yq11.23b_technical_error	HML-2_Yq11.23b	NA19836	h1	Validator_Script	HML-2_Yq11.23b|NA19836|h1|none|NA|NA	1	1	NA	NA	NO_EXACT_RETAINED_RECORD				NOT_ASSESSED_NO_EXACT_RETAINED_RECORD				UNKNOWN_TECHNICAL	AFR			
HML-2_Yq11.23b	NA19836_h2_HML-2_Yq11.23b_technical_error	HML-2_Yq11.23b	NA19836	h2	Validator_Script	HML-2_Yq11.23b|NA19836|h2|none|NA|NA	1	1	NA	NA	NO_EXACT_RETAINED_RECORD				NOT_ASSESSED_NO_EXACT_RETAINED_RECORD				UNKNOWN_TECHNICAL	AFR			
HML-2_Yq11.23b	NA19983_h1_HML-2_Yq11.23b_technical_error	HML-2_Yq11.23b	NA19983	h1	Validator_Script	HML-2_Yq11.23b|NA19983|h1|none|NA|NA	1	1	NA	NA	NO_EXACT_RETAINED_RECORD				NOT_ASSESSED_NO_EXACT_RETAINED_RECORD				UNKNOWN_TECHNICAL	AFR			
HML-2_Yq11.23b	NA19983_h2_HML-2_Yq11.23b_technical_error	HML-2_Yq11.23b	NA19983	h2	Validator_Script	HML-2_Yq11.23b|NA19983|h2|none|NA|NA	1	1	NA	NA	NO_EXACT_RETAINED_RECORD				NOT_ASSESSED_NO_EXACT_RETAINED_RECORD				UNKNOWN_TECHNICAL	AFR			
HML-2_Yq11.23b	NA20355_h1_HML-2_Yq11.23b_technical_error	HML-2_Yq11.23b	NA20355	h1	Validator_Script	HML-2_Yq11.23b|NA20355|h1|none|NA|NA	1	1	NA	NA	NO_EXACT_RETAINED_RECORD				NOT_ASSESSED_NO_EXACT_RETAINED_RECORD				UNKNOWN_TECHNICAL	AFR			
HML-2_Yq11.23b	NA20355_h2_HML-2_Yq11.23b_technical_error	HML-2_Yq11.23b	NA20355	h2	Validator_Script	HML-2_Yq11.23b|NA20355|h2|none|NA|NA	1	1	NA	NA	NO_EXACT_RETAINED_RECORD				NOT_ASSESSED_NO_EXACT_RETAINED_RECORD				UNKNOWN_TECHNICAL	AFR			
HML-2_Yq11.23b	NA20509_h1_HML-2_Yq11.23b_technical_error	HML-2_Yq11.23b	NA20509	h1	Validator_Script	HML-2_Yq11.23b|NA20509|h1|none|NA|NA	1	1	NA	NA	NO_EXACT_RETAINED_RECORD				NOT_ASSESSED_NO_EXACT_RETAINED_RECORD				UNKNOWN_TECHNICAL	EUR			
HML-2_Yq11.23b	NA20509_h2_HML-2_Yq11.23b_technical_error	HML-2_Yq11.23b	NA20509	h2	Validator_Script	HML-2_Yq11.23b|NA20509|h2|none|NA|NA	1	1	NA	NA	NO_EXACT_RETAINED_RECORD				NOT_ASSESSED_NO_EXACT_RETAINED_RECORD				UNKNOWN_TECHNICAL	EUR			
HML-2_Yq11.23b	NA20847_h1_HML-2_Yq11.23b_technical_error	HML-2_Yq11.23b	NA20847	h1	Validator_Script	HML-2_Yq11.23b|NA20847|h1|none|NA|NA	1	1	NA	NA	NO_EXACT_RETAINED_RECORD				NOT_ASSESSED_NO_EXACT_RETAINED_RECORD				UNKNOWN_TECHNICAL	SAS			
HML-2_Yq11.23b	NA20847_h2_HML-2_Yq11.23b_technical_error	HML-2_Yq11.23b	NA20847	h2	Validator_Script	HML-2_Yq11.23b|NA20847|h2|none|NA|NA	1	1	NA	NA	NO_EXACT_RETAINED_RECORD				NOT_ASSESSED_NO_EXACT_RETAINED_RECORD				UNKNOWN_TECHNICAL	SAS			
HML-2_Yq11.23b	NA21487_h1_HML-2_Yq11.23b_technical_error	HML-2_Yq11.23b	NA21487	h1	Validator_Script	HML-2_Yq11.23b|NA21487|h1|none|NA|NA	1	1	NA	NA	NO_EXACT_RETAINED_RECORD				NOT_ASSESSED_NO_EXACT_RETAINED_RECORD				UNKNOWN_TECHNICAL	Unassigned			
HML-2_Yq11.23b	NA21487_h2_HML-2_Yq11.23b_technical_error	HML-2_Yq11.23b	NA21487	h2	Validator_Script	HML-2_Yq11.23b|NA21487|h2|none|NA|NA	1	1	NA	NA	NO_EXACT_RETAINED_RECORD				NOT_ASSESSED_NO_EXACT_RETAINED_RECORD				UNKNOWN_TECHNICAL	Unassigned			
HML-2_Yq11.23b	NA24385_h1_HML-2_Yq11.23b_technical_error	HML-2_Yq11.23b	NA24385	h1	Validator_Script	HML-2_Yq11.23b|NA24385|h1|none|NA|NA	1	1	NA	NA	NO_EXACT_RETAINED_RECORD				NOT_ASSESSED_NO_EXACT_RETAINED_RECORD				UNKNOWN_TECHNICAL	Unassigned			
